    Finished `test` profile [unoptimized + debuginfo] target(s) in 0.26s
     Running unittests src/lib.rs (target/debug/deps/zenoh-6b58e23279eb4691)

running 101 tests
test api::cancellation::test::concurrent_cancel ... ok
test api::cancellation::test::concurrent_cancel_async ... ok
test api::cancellation::test::concurrent_cancel_with_err ... ok
test api::config::tests::insert_remove_json5_array_item ... ok
test api::config::tests::runtime_try_insert_json5_array_item_rejects_non_plugin_keys ... ok
test api::encoding::tests::hash ... ok
test api::encoding::tests::test_default_encoding ... ok
test api::encoding::tests::test_from_str ... ok
test api::encoding::tests::test_schema ... ok
test api::encoding::tests::test_to_string ... ok
test api::info::tests::test_new_from_fields_equals_new_from_peer ... ok
test api::key_expr::size_of_KeyExpr ... ok
test api::publisher::tests::priority_from ... ok
test api::publisher::tests::sample_kind_integrity_in_publication ... ok
test api::publisher::tests::sample_kind_integrity_in_put_builder ... ok
test api::selector::selector_accessors ... ok
test net::protocol::network::tests::test_gossip_singlehop_linkstate_empty_links_not_overwritten ... ok
test net::routing::dispatcher::local_resources::tests::test_aggregate ... ok
test net::routing::dispatcher::local_resources::tests::test_simple ... ok
test net::routing::dispatcher::region::region_indexes ... ok
test net::tests::regions::adminspace::test_sourced_entities_and_interests::whatami_peer_expects ... ok
test net::tests::regions::adminspace::test_sourced_entities_and_interests::whatami_router_expects ... ok
test net::tests::regions::declare::test_against_invalid_token_propagation_to_source_north_router_region ... ok
test net::tests::regions::declare::test_against_invalid_token_propagation_to_source_south_router_region ... ok
test net::tests::regions::declare::test_client_token_repropagation ... ok
test net::tests::regions::declare::test_duplicate_queryable_undeclaration ... ok
test net::tests::regions::declare::test_multiple_gateways_r2r_token_propagation_downstream ... ok
test net::tests::regions::declare::test_multiple_gateways_r2r_token_propagation_upstream ... ok
test net::tests::regions::forwarding::test_c2c_inter_subregion_data_routing ... ok
test net::tests::regions::forwarding::test_c2c_inter_subregion_query_routing ... ok
test net::tests::regions::forwarding::test_complete_queryable_failover ... ok
test net::tests::regions::forwarding::test_multiple_gateways_data_routing_p2p_downstream ... ok
test net::tests::regions::forwarding::test_multiple_gateways_data_routing_p2p_upstream ... ok
test net::tests::regions::forwarding::test_multiple_gateways_data_routing_p2p_upstream_with_interest ... ok
test net::tests::regions::forwarding::test_multiple_gateways_data_routing_p2r_upstream ... ok
test net::tests::regions::forwarding::test_multiple_gateways_data_routing_p2r_upstream_with_interest ... ok
test net::tests::regions::forwarding::test_multiple_gateways_data_routing_r2p_downstream ... ok
test net::tests::regions::forwarding::test_multiple_gateways_data_routing_r2r_downstream ... ok
test net::tests::regions::forwarding::test_multiple_gateways_data_routing_r2r_upstream ... ok
test net::tests::regions::forwarding::test_multiple_gateways_data_routing_r2r_upstream_gateway_source ... ok
test net::tests::regions::forwarding::test_multiple_gateways_query_routing_p2p_downstream ... ok
test net::tests::regions::forwarding::test_multiple_gateways_query_routing_p2p_upstream ... ok
test net::tests::regions::forwarding::test_multiple_gateways_query_routing_p2p_upstream_with_interest ... ok
test net::tests::regions::forwarding::test_multiple_gateways_query_routing_p2r_upstream ... ok
test net::tests::regions::forwarding::test_multiple_gateways_query_routing_p2r_upstream_with_interest ... ok
test net::tests::regions::forwarding::test_multiple_gateways_query_routing_r2p_downstream ... ok
test net::tests::regions::forwarding::test_multiple_gateways_query_routing_r2r_downstream ... ok
test net::tests::regions::forwarding::test_multiple_gateways_query_routing_r2r_upstream ... ok
test net::tests::regions::forwarding::test_multiple_gateways_query_routing_r2r_upstream_gateway_source ... ok
test net::tests::regions::forwarding::test_p2p_inter_subregion_data_routing ... ok
test net::tests::regions::forwarding::test_p2p_inter_subregion_query_routing ... ok
test net::tests::regions::forwarding::test_push_message_consumption ... ok
test net::tests::regions::forwarding::test_r2r_inter_subregion_data_routing ... ok
test net::tests::regions::forwarding::test_r2r_inter_subregion_query_routing ... ok
test net::tests::regions::interest::test_concurrent_current_future_interests::whatami_client_whatami_client_expects ... ok
test net::tests::regions::interest::test_concurrent_current_future_interests::whatami_client_whatami_peer_expects ... ok
test net::tests::regions::interest::test_concurrent_current_future_interests::whatami_peer_whatami_client_expects ... ok
test net::tests::regions::interest::test_concurrent_current_future_interests::whatami_peer_whatami_peer_expects ... ok
test net::tests::regions::interest::test_current_future_interest_propagation_on_open::whatami_client_whatami_client_expects ... ok
test net::tests::regions::interest::test_current_future_interest_propagation_on_open::whatami_client_whatami_peer_expects ... ok
test net::tests::regions::interest::test_current_future_interest_propagation_on_open::whatami_peer_whatami_client_expects ... ok
test net::tests::regions::interest::test_current_future_interest_propagation_on_open::whatami_peer_whatami_peer_expects ... ok
test net::tests::regions::interest::test_current_interest_finalization::whatami_client_expects ... ok
test net::tests::regions::interest::test_current_interest_finalization::whatami_peer_expects ... ok
test net::tests::regions::interest::test_current_interest_finalization::whatami_router_expects ... ok
test net::tests::regions::interest::test_current_token_repropagation ... ok
test net::tests::regions::interest::test_p2p_interest_routing_with_finalized_initial_interests ... ok
test net::tests::regions::interest::test_p2p_interest_routing_with_unfinalized_initial_interests ... ok
test net::tests::regions::oam::test_peer_singlehop_gossip_linkstate_propagation ... ok
test net::tests::runtime::tests::test_state_weak_alive_with_runtime ... ok
test net::tests::runtime::tests::test_state_weak_dead_after_close_and_drop ... ok
test net::tests::runtime::tests::test_state_weak_dead_after_drop ... ok
test net::tests::runtime::tests::test_state_weak_still_alive_after_close ... ok
test net::tests::tables::base_test ... ok
test net::tests::tables::big_key_expr ... ok
test net::tests::tables::clean_test ... ok
test net::tests::tables::client_test ... ok
test net::tests::tables::get_best_key_test ... ok
test net::tests::tables::match_test ... ok
test net::tests::tables::multisub_test ... ok
test net::tests::tables::test_response_wireexpr ... ok
test tests::interceptor_cache::test_interceptors_cache_update_egress ... ok
test tests::interceptor_cache::test_interceptors_cache_update_egress_then_ingress ... ok
test tests::interceptor_cache::test_interceptors_cache_update_ingress ... ok
test tests::link_weights::test_link_weights_diamond ... [2m2026-09-14T10:40:44.236032Z[0m [31mERROR[0m [2mzenoh_task[0m[2m:[0m Failed to terminate the task
[2m2026-09-14T10:40:44.236001Z[0m [31mERROR[0m [2mzenoh_task[0m[2m:[0m Failed to terminate the task
[2m2026-09-14T10:40:44.236002Z[0m [31mERROR[0m [2mzenoh_task[0m[2m:[0m Failed to terminate the task
[2m2026-09-14T10:40:44.236002Z[0m [31mERROR[0m [2mzenoh_task[0m[2m:[0m Failed to terminate the task
[2m2026-09-14T10:40:50.259243Z[0m [31mERROR[0m [2mzenoh_task[0m[2m:[0m Failed to terminate the task
[2m2026-09-14T10:40:50.259256Z[0m [31mERROR[0m [2mzenoh_task[0m[2m:[0m Failed to terminate the task
[2m2026-09-14T10:40:50.261072Z[0m [31mERROR[0m [2mzenoh_task[0m[2m:[0m Failed to terminate the task
[2m2026-09-14T10:40:50.261092Z[0m [31mERROR[0m [2mzenoh_task[0m[2m:[0m Failed to terminate the task
ok
test tests::link_weights::test_link_weights_hexagon ... [2m2026-09-14T10:40:56.286554Z[0m [31mERROR[0m [2mzenoh_task[0m[2m:[0m Failed to terminate the task
[2m2026-09-14T10:40:56.286571Z[0m [31mERROR[0m [2mzenoh_task[0m[2m:[0m Failed to terminate the task
[2m2026-09-14T10:40:56.286758Z[0m [31mERROR[0m [2mzenoh_task[0m[2m:[0m Failed to terminate the task
[2m2026-09-14T10:40:56.286554Z[0m [31mERROR[0m [2mzenoh_task[0m[2m:[0m Failed to terminate the task
[2m2026-09-14T10:41:02.316216Z[0m [31mERROR[0m [2mzenoh_task[0m[2m:[0m Failed to terminate the task
[2m2026-09-14T10:41:02.316227Z[0m [31mERROR[0m [2mzenoh_task[0m[2m:[0m Failed to terminate the task
[2m2026-09-14T10:41:02.316216Z[0m [31mERROR[0m [2mzenoh_task[0m[2m:[0m Failed to terminate the task
[2m2026-09-14T10:41:02.316219Z[0m [31mERROR[0m [2mzenoh_task[0m[2m:[0m Failed to terminate the task
ok
test tests::link_weights::test_link_weights_info_diamond_routers ... [2m2026-09-14T10:41:09.853795Z[0m [31mERROR[0m [2mzenoh_task[0m[2m:[0m Failed to terminate the task
[2m2026-09-14T10:41:09.853833Z[0m [31mERROR[0m [2mzenoh_task[0m[2m:[0m Failed to terminate the task
[2m2026-09-14T10:41:09.853844Z[0m [31mERROR[0m [2mzenoh_task[0m[2m:[0m Failed to terminate the task
[2m2026-09-14T10:41:09.853792Z[0m [31mERROR[0m [2mzenoh_task[0m[2m:[0m Failed to terminate the task
[2m2026-09-14T10:41:09.853792Z[0m [31mERROR[0m [2mzenoh_task[0m[2m:[0m Failed to terminate the task
[2m2026-09-14T10:41:09.853796Z[0m [31mERROR[0m [2mzenoh_task[0m[2m:[0m Failed to terminate the task
[2m2026-09-14T10:41:09.853833Z[0m [31mERROR[0m [2mzenoh_task[0m[2m:[0m Failed to terminate the task
ok
test tests::link_weights::test_link_weights_triangle ... [2m2026-09-14T10:41:17.410206Z[0m [31mERROR[0m [2mzenoh_task[0m[2m:[0m Failed to terminate the task
[2m2026-09-14T10:41:17.410215Z[0m [31mERROR[0m [2mzenoh_task[0m[2m:[0m Failed to terminate the task
[2m2026-09-14T10:41:17.410201Z[0m [31mERROR[0m [2mzenoh_task[0m[2m:[0m Failed to terminate the task
[2m2026-09-14T10:41:17.410226Z[0m [31mERROR[0m [2mzenoh_task[0m[2m:[0m Failed to terminate the task
[2m2026-09-14T10:41:17.410228Z[0m [31mERROR[0m [2mzenoh_task[0m[2m:[0m Failed to terminate the task
[2m2026-09-14T10:41:17.410240Z[0m [31mERROR[0m [2mzenoh_task[0m[2m:[0m Failed to terminate the task
[2m2026-09-14T10:41:17.410238Z[0m [31mERROR[0m [2mzenoh_task[0m[2m:[0m Failed to terminate the task
[2m2026-09-14T10:41:20.446761Z[0m [31mERROR[0m [2mzenoh_task[0m[2m:[0m Failed to terminate the task
[2m2026-09-14T10:41:20.446761Z[0m [31mERROR[0m [2mzenoh_task[0m[2m:[0m Failed to terminate the task
[2m2026-09-14T10:41:20.446780Z[0m [31mERROR[0m [2mzenoh_task[0m[2m:[0m Failed to terminate the task
[2m2026-09-14T10:41:20.446784Z[0m [31mERROR[0m [2mzenoh_task[0m[2m:[0m Failed to terminate the task
[2m2026-09-14T10:41:25.989552Z[0m [31mERROR[0m [2mzenoh_task[0m[2m:[0m Failed to terminate the task
[2m2026-09-14T10:41:25.989552Z[0m [31mERROR[0m [2mzenoh_task[0m[2m:[0m Failed to terminate the task
[2m2026-09-14T10:41:25.989552Z[0m [31mERROR[0m [2mzenoh_task[0m[2m:[0m Failed to terminate the task
[2m2026-09-14T10:41:31.505929Z[0m [31mERROR[0m [2mzenoh_task[0m[2m:[0m Failed to terminate the task
[2m2026-09-14T10:41:31.505929Z[0m [31mERROR[0m [2mzenoh_task[0m[2m:[0m Failed to terminate the task
[2m2026-09-14T10:41:31.505929Z[0m [31mERROR[0m [2mzenoh_task[0m[2m:[0m Failed to terminate the task
[2m2026-09-14T10:41:37.023229Z[0m [31mERROR[0m [2mzenoh_task[0m[2m:[0m Failed to terminate the task
[2m2026-09-14T10:41:37.023229Z[0m [31mERROR[0m [2mzenoh_task[0m[2m:[0m Failed to terminate the task
[2m2026-09-14T10:41:37.023229Z[0m [31mERROR[0m [2mzenoh_task[0m[2m:[0m Failed to terminate the task
ok
test tests::link_weights::test_link_weights_update_diamond ... [2m2026-09-14T10:41:42.589222Z[0m [31mERROR[0m [2mzenoh_task[0m[2m:[0m Failed to terminate the task
[2m2026-09-14T10:41:42.589222Z[0m [31mERROR[0m [2mzenoh_task[0m[2m:[0m Failed to terminate the task
[2m2026-09-14T10:41:42.591121Z[0m [31mERROR[0m [2mzenoh_task[0m[2m:[0m Failed to terminate the task
[2m2026-09-14T10:41:48.118406Z[0m [31mERROR[0m [2mzenoh_task[0m[2m:[0m Failed to terminate the task
[2m2026-09-14T10:41:48.118404Z[0m [31mERROR[0m [2mzenoh_task[0m[2m:[0m Failed to terminate the task
[2m2026-09-14T10:41:48.119943Z[0m [31mERROR[0m [2mzenoh_task[0m[2m:[0m Failed to terminate the task
ok
test tests::link_weights::test_link_weights_update_hexagon ... [2m2026-09-14T10:42:00.167391Z[0m [31mERROR[0m [2mzenoh_task[0m[2m:[0m Failed to terminate the task
[2m2026-09-14T10:42:00.167393Z[0m [31mERROR[0m [2mzenoh_task[0m[2m:[0m Failed to terminate the task
[2m2026-09-14T10:42:00.167417Z[0m [31mERROR[0m [2mzenoh_task[0m[2m:[0m Failed to terminate the task
[2m2026-09-14T10:42:00.168962Z[0m [31mERROR[0m [2mzenoh_task[0m[2m:[0m Failed to terminate the task
ok
test tests::query_reply::test_reply_preserves_optimized_ke ... ok
test tests::session::runtime_state_weak_tests::alive_before_close::whatami_peer_false_expects ... ok
test tests::session::runtime_state_weak_tests::alive_before_close::whatami_peer_true_expects ... ok
test tests::session::runtime_state_weak_tests::dead_after_drop::whatami_peer_false_expects ... ok
test tests::session::runtime_state_weak_tests::dead_after_drop::whatami_peer_true_expects ... ok
test tests::session::runtime_state_weak_tests::dead_after_drop_many_times::whatami_peer_false_expects ... ok
test tests::session::runtime_state_weak_tests::dead_after_drop_many_times::whatami_peer_true_expects ... ok
test tests::session::runtime_state_weak_tests::multiple_sessions_independent::whatami_peer_false_expects ... ok
test tests::session::runtime_state_weak_tests::multiple_sessions_independent::whatami_peer_true_expects ... ok
test tests::session::runtime_state_weak_tests::still_alive_after_close::whatami_peer_false_expects ... ok
test tests::session::runtime_state_weak_tests::still_alive_after_close::whatami_peer_true_expects ... ok

test result: ok. 101 passed; 0 failed; 0 ignored; 0 measured; 0 filtered out; finished in 133.16s

     Running tests/adminspace.rs (target/debug/deps/adminspace-92b90aac86731471)

running 5 tests
test test_adminspace_ronly ... [2m2026-09-14T10:42:01.961137Z[0m [31mERROR[0m test_adminspace_ronly ThreadId(02) [2mzenoh::net::runtime::adminspace[0m[2m:[0m Received PUT on '@/ae00e0c0134f45aca60ea6ce52f1ed5d/router/config/zid' but adminspace.permissions.write=false in configuration
[2m2026-09-14T10:42:01.961273Z[0m [31mERROR[0m test_adminspace_ronly ThreadId(02) [2mzenoh::net::runtime::adminspace[0m[2m:[0m Received PUT on '@/ae00e0c0134f45aca60ea6ce52f1ed5d/router/config/zid' but adminspace.permissions.write=false in configuration
ok
test test_adminspace_transports_and_links ... ok
test test_adminspace_wonly ... [2m2026-09-14T10:42:04.199008Z[0m [31mERROR[0m test_adminspace_wonly ThreadId(20) [2mzenoh::net::runtime::adminspace[0m[2m:[0m Received GET on '@/7a7b32021672d5a401b933f3f18743b4/router' but adminspace.permissions.read=false in configuration
ok
test test_adminspace_write ... [2m2026-09-14T10:42:04.737670Z[0m [31mERROR[0m test_adminspace_write ThreadId(25) [2mzenoh::net::runtime::adminspace[0m[2m:[0m Error inserting conf value @/10fa8d7f354e33a2303578d8270d4e61/router/config/zid : 1 - Error inserting conf value zid : updating config is only supported for keys starting with `plugins/` at zenoh/src/api/config.rs:181.
[2m2026-09-14T10:42:04.740991Z[0m [31mERROR[0m test_adminspace_write ThreadId(25) [2mzenoh::net::runtime::adminspace[0m[2m:[0m Error deleting conf value @/10fa8d7f354e33a2303578d8270d4e61/router/config/zid : Removal of values from Config is only supported for keys starting with `plugins/` at commons/zenoh-config/src/lib.rs:1397.
ok
test test_adminspace_write_with_zid_and_mode_wildcards ... ok

test result: ok. 5 passed; 0 failed; 0 ignored; 0 measured; 1 filtered out; finished in 3.88s

     Running tests/attachments.rs (target/debug/deps/attachments-405fe9918896e09f)

running 2 tests
test attachment_pubsub ... ok
test attachment_queries ... ok

test result: ok. 2 passed; 0 failed; 0 ignored; 0 measured; 0 filtered out; finished in 1.05s

     Running tests/matching.rs (target/debug/deps/matching-8a111b4eaba41156)

running 24 tests
test zenoh_matching_listener_drop_deadlock ... ok
test zenoh_publisher_matching_status ... ok
test zenoh_querier_matching_status::locality_any_testtype_clientpeer_expects ... ok
test zenoh_querier_matching_status::locality_any_testtype_clientrouterclient_expects ... ok
test zenoh_querier_matching_status::locality_any_testtype_peerclient_expects ... ok
test zenoh_querier_matching_status::locality_any_testtype_peerpeer_expects ... ok
test zenoh_querier_matching_status::locality_any_testtype_routerclient_expects ... ok
test zenoh_querier_matching_status::locality_any_testtype_routerrouter_expects ... ok
test zenoh_querier_matching_status::locality_any_testtype_samesession_expects ... ok
test zenoh_querier_matching_status::locality_remote_testtype_clientpeer_expects ... ok
test zenoh_querier_matching_status::locality_remote_testtype_clientrouterclient_expects ... ok
test zenoh_querier_matching_status::locality_remote_testtype_peerclient_expects ... ok
test zenoh_querier_matching_status::locality_remote_testtype_peerpeer_expects ... ok
test zenoh_querier_matching_status::locality_remote_testtype_routerclient_expects ... ok
test zenoh_querier_matching_status::locality_remote_testtype_routerrouter_expects ... ok
test zenoh_querier_matching_status::locality_remote_testtype_samesession_expects ... ok
test zenoh_querier_matching_status::locality_sessionlocal_testtype_clientpeer_expects ... ok
test zenoh_querier_matching_status::locality_sessionlocal_testtype_clientrouterclient_expects ... ok
test zenoh_querier_matching_status::locality_sessionlocal_testtype_peerclient_expects ... ok
test zenoh_querier_matching_status::locality_sessionlocal_testtype_peerpeer_expects ... ok
test zenoh_querier_matching_status::locality_sessionlocal_testtype_routerclient_expects ... ok
test zenoh_querier_matching_status::locality_sessionlocal_testtype_routerrouter_expects ... ok
test zenoh_querier_matching_status::locality_sessionlocal_testtype_samesession_expects ... ok
test zenoh_querier_matching_status_session_drop ... ok

test result: ok. 24 passed; 0 failed; 0 ignored; 0 measured; 0 filtered out; finished in 196.36s

     Running tests/qos.rs (target/debug/deps/qos-b04945ea34ccca1d)

running 0 tests

test result: ok. 0 passed; 0 failed; 0 ignored; 0 measured; 2 filtered out; finished in 0.00s

     Running tests/queryable.rs (target/debug/deps/queryable-93aa6d64b7b6379f)

running 1 test
test test_queryable_same_session ... ok

test result: ok. 1 passed; 0 failed; 0 ignored; 0 measured; 2 filtered out; finished in 1.59s

     Running tests/routing.rs (target/debug/deps/routing-eda43f1265016c2c)

running 8 tests
test gossip_regression_1 ... ok
test gossip_regression_2 ... ok
test gossip_regression_3 ... ok
test router_linkstate ... [2m2026-09-14T10:45:50.818404Z[0m [31mERROR[0m rx-1 ThreadId(14) [2mzenoh::net::routing::hat::router::token[0m[2m:[0m Network graph doesn't contain destination node [3mnode_id[0m[2m=[0m2
[2m2026-09-14T10:45:50.818565Z[0m [31mERROR[0m rx-1 ThreadId(14) [2mzenoh::net::routing::hat::router::token[0m[2m:[0m Network graph doesn't contain destination node [3mnode_id[0m[2m=[0m2
[2m2026-09-14T10:45:50.818584Z[0m [31mERROR[0m rx-1 ThreadId(14) [2mzenoh::net::routing::hat::router::token[0m[2m:[0m Network graph doesn't contain destination node [3mnode_id[0m[2m=[0m2
[2m2026-09-14T10:45:50.818598Z[0m [31mERROR[0m rx-1 ThreadId(14) [2mzenoh::net::routing::hat::router::token[0m[2m:[0m Network graph doesn't contain destination node [3mnode_id[0m[2m=[0m2
[2m2026-09-14T10:45:50.818611Z[0m [31mERROR[0m rx-1 ThreadId(14) [2mzenoh::net::routing::hat::router::token[0m[2m:[0m Network graph doesn't contain destination node [3mnode_id[0m[2m=[0m2
[2m2026-09-14T10:45:50.818661Z[0m [31mERROR[0m rx-1 ThreadId(14) [2mzenoh::net::routing::hat::router::token[0m[2m:[0m Network graph doesn't contain destination node [3mnode_id[0m[2m=[0m2
[2m2026-09-14T10:45:50.818674Z[0m [31mERROR[0m rx-1 ThreadId(14) [2mzenoh::net::routing::hat::router::token[0m[2m:[0m Network graph doesn't contain destination node [3mnode_id[0m[2m=[0m2
[2m2026-09-14T10:45:50.818686Z[0m [31mERROR[0m rx-1 ThreadId(14) [2mzenoh::net::routing::hat::router::token[0m[2m:[0m Network graph doesn't contain destination node [3mnode_id[0m[2m=[0m2
[2m2026-09-14T10:45:50.818698Z[0m [31mERROR[0m rx-1 ThreadId(14) [2mzenoh::net::routing::hat::router::token[0m[2m:[0m Network graph doesn't contain destination node [3mnode_id[0m[2m=[0m2
[2m2026-09-14T10:45:50.818709Z[0m [31mERROR[0m rx-1 ThreadId(14) [2mzenoh::net::routing::hat::router::token[0m[2m:[0m Network graph doesn't contain destination node [3mnode_id[0m[2m=[0m2
[2m2026-09-14T10:45:50.818720Z[0m [31mERROR[0m rx-1 ThreadId(14) [2mzenoh::net::routing::hat::router::token[0m[2m:[0m Network graph doesn't contain destination node [3mnode_id[0m[2m=[0m2
[2m2026-09-14T10:45:50.818732Z[0m [31mERROR[0m rx-1 ThreadId(14) [2mzenoh::net::routing::hat::router::token[0m[2m:[0m Network graph doesn't contain destination node [3mnode_id[0m[2m=[0m2
[2m2026-09-14T10:45:50.818744Z[0m [31mERROR[0m rx-1 ThreadId(14) [2mzenoh::net::routing::hat::router::token[0m[2m:[0m Network graph doesn't contain destination node [3mnode_id[0m[2m=[0m2
[2m2026-09-14T10:45:50.818755Z[0m [31mERROR[0m rx-1 ThreadId(14) [2mzenoh::net::routing::hat::router::token[0m[2m:[0m Network graph doesn't contain destination node [3mnode_id[0m[2m=[0m2
[2m2026-09-14T10:45:50.818766Z[0m [31mERROR[0m rx-1 ThreadId(14) [2mzenoh::net::routing::hat::router::token[0m[2m:[0m Network graph doesn't contain destination node [3mnode_id[0m[2m=[0m2
[2m2026-09-14T10:45:50.818777Z[0m [31mERROR[0m rx-1 ThreadId(14) [2mzenoh::net::routing::hat::router::token[0m[2m:[0m Network graph doesn't contain destination node [3mnode_id[0m[2m=[0m2
[2m2026-09-14T10:45:50.818788Z[0m [31mERROR[0m rx-1 ThreadId(14) [2mzenoh::net::routing::hat::router::token[0m[2m:[0m Network graph doesn't contain destination node [3mnode_id[0m[2m=[0m2
[2m2026-09-14T10:45:50.818799Z[0m [31mERROR[0m rx-1 ThreadId(14) [2mzenoh::net::routing::hat::router::token[0m[2m:[0m Network graph doesn't contain destination node [3mnode_id[0m[2m=[0m2
[2m2026-09-14T10:45:50.818810Z[0m [31mERROR[0m rx-1 ThreadId(14) [2mzenoh::net::routing::hat::router::token[0m[2m:[0m Network graph doesn't contain destination node [3mnode_id[0m[2m=[0m2
[2m2026-09-14T10:45:50.818821Z[0m [31mERROR[0m rx-1 ThreadId(14) [2mzenoh::net::routing::hat::router::token[0m[2m:[0m Network graph doesn't contain destination node [3mnode_id[0m[2m=[0m2
[2m2026-09-14T10:45:50.818833Z[0m [31mERROR[0m rx-1 ThreadId(14) [2mzenoh::net::routing::hat::router::token[0m[2m:[0m Network graph doesn't contain destination node [3mnode_id[0m[2m=[0m2
[2m2026-09-14T10:45:50.818844Z[0m [31mERROR[0m rx-1 ThreadId(14) [2mzenoh::net::routing::hat::router::token[0m[2m:[0m Network graph doesn't contain destination node [3mnode_id[0m[2m=[0m2
[2m2026-09-14T10:45:50.818855Z[0m [31mERROR[0m rx-1 ThreadId(14) [2mzenoh::net::routing::hat::router::token[0m[2m:[0m Network graph doesn't contain destination node [3mnode_id[0m[2m=[0m2
[2m2026-09-14T10:45:50.818866Z[0m [31mERROR[0m rx-1 ThreadId(14) [2mzenoh::net::routing::hat::router::token[0m[2m:[0m Network graph doesn't contain destination node [3mnode_id[0m[2m=[0m2
[2m2026-09-14T10:45:50.818878Z[0m [31mERROR[0m rx-1 ThreadId(14) [2mzenoh::net::routing::hat::router::token[0m[2m:[0m Network graph doesn't contain destination node [3mnode_id[0m[2m=[0m2
[2m2026-09-14T10:45:50.818889Z[0m [31mERROR[0m rx-1 ThreadId(14) [2mzenoh::net::routing::hat::router::token[0m[2m:[0m Network graph doesn't contain destination node [3mnode_id[0m[2m=[0m2
[2m2026-09-14T10:45:50.818901Z[0m [31mERROR[0m rx-1 ThreadId(14) [2mzenoh::net::routing::hat::router::token[0m[2m:[0m Network graph doesn't contain destination node [3mnode_id[0m[2m=[0m2
[2m2026-09-14T10:45:50.818913Z[0m [31mERROR[0m rx-1 ThreadId(14) [2mzenoh::net::routing::hat::router::token[0m[2m:[0m Network graph doesn't contain destination node [3mnode_id[0m[2m=[0m2
[2m2026-09-14T10:45:50.818924Z[0m [31mERROR[0m rx-1 ThreadId(14) [2mzenoh::net::routing::hat::router::token[0m[2m:[0m Network graph doesn't contain destination node [3mnode_id[0m[2m=[0m2
[2m2026-09-14T10:45:50.818935Z[0m [31mERROR[0m rx-1 ThreadId(14) [2mzenoh::net::routing::hat::router::token[0m[2m:[0m Network graph doesn't contain destination node [3mnode_id[0m[2m=[0m2
[2m2026-09-14T10:45:50.818947Z[0m [31mERROR[0m rx-1 ThreadId(14) [2mzenoh::net::routing::hat::router::token[0m[2m:[0m Network graph doesn't contain destination node [3mnode_id[0m[2m=[0m2
[2m2026-09-14T10:45:50.818958Z[0m [31mERROR[0m rx-1 ThreadId(14) [2mzenoh::net::routing::hat::router::token[0m[2m:[0m Network graph doesn't contain destination node [3mnode_id[0m[2m=[0m2
[2m2026-09-14T10:45:50.818969Z[0m [31mERROR[0m rx-1 ThreadId(14) [2mzenoh::net::routing::hat::router::token[0m[2m:[0m Network graph doesn't contain destination node [3mnode_id[0m[2m=[0m2
[2m2026-09-14T10:45:50.818980Z[0m [31mERROR[0m rx-1 ThreadId(14) [2mzenoh::net::routing::hat::router::token[0m[2m:[0m Network graph doesn't contain destination node [3mnode_id[0m[2m=[0m2
[2m2026-09-14T10:45:50.818991Z[0m [31mERROR[0m rx-1 ThreadId(14) [2mzenoh::net::routing::hat::router::token[0m[2m:[0m Network graph doesn't contain destination node [3mnode_id[0m[2m=[0m2
[2m2026-09-14T10:45:50.819003Z[0m [31mERROR[0m rx-1 ThreadId(14) [2mzenoh::net::routing::hat::router::token[0m[2m:[0m Network graph doesn't contain destination node [3mnode_id[0m[2m=[0m2
[2m2026-09-14T10:45:50.819014Z[0m [31mERROR[0m rx-1 ThreadId(14) [2mzenoh::net::routing::hat::router::token[0m[2m:[0m Network graph doesn't contain destination node [3mnode_id[0m[2m=[0m2
[2m2026-09-14T10:45:50.819025Z[0m [31mERROR[0m rx-1 ThreadId(14) [2mzenoh::net::routing::hat::router::token[0m[2m:[0m Network graph doesn't contain destination node [3mnode_id[0m[2m=[0m2
[2m2026-09-14T10:45:50.819036Z[0m [31mERROR[0m rx-1 ThreadId(14) [2mzenoh::net::routing::hat::router::token[0m[2m:[0m Network graph doesn't contain destination node [3mnode_id[0m[2m=[0m2
[2m2026-09-14T10:45:50.819047Z[0m [31mERROR[0m rx-1 ThreadId(14) [2mzenoh::net::routing::hat::router::token[0m[2m:[0m Network graph doesn't contain destination node [3mnode_id[0m[2m=[0m2
[2m2026-09-14T10:45:50.819058Z[0m [31mERROR[0m rx-1 ThreadId(14) [2mzenoh::net::routing::hat::router::token[0m[2m:[0m Network graph doesn't contain destination node [3mnode_id[0m[2m=[0m2
[2m2026-09-14T10:45:50.819069Z[0m [31mERROR[0m rx-1 ThreadId(14) [2mzenoh::net::routing::hat::router::token[0m[2m:[0m Network graph doesn't contain destination node [3mnode_id[0m[2m=[0m2
[2m2026-09-14T10:45:50.819080Z[0m [31mERROR[0m rx-1 ThreadId(14) [2mzenoh::net::routing::hat::router::token[0m[2m:[0m Network graph doesn't contain destination node [3mnode_id[0m[2m=[0m2
[2m2026-09-14T10:45:50.819091Z[0m [31mERROR[0m rx-1 ThreadId(14) [2mzenoh::net::routing::hat::router::token[0m[2m:[0m Network graph doesn't contain destination node [3mnode_id[0m[2m=[0m2
[2m2026-09-14T10:45:50.819102Z[0m [31mERROR[0m rx-1 ThreadId(14) [2mzenoh::net::routing::hat::router::token[0m[2m:[0m Network graph doesn't contain destination node [3mnode_id[0m[2m=[0m2
[2m2026-09-14T10:45:50.819114Z[0m [31mERROR[0m rx-1 ThreadId(14) [2mzenoh::net::routing::hat::router::token[0m[2m:[0m Network graph doesn't contain destination node [3mnode_id[0m[2m=[0m2
[2m2026-09-14T10:45:50.819126Z[0m [31mERROR[0m rx-1 ThreadId(14) [2mzenoh::net::routing::hat::router::token[0m[2m:[0m Network graph doesn't contain destination node [3mnode_id[0m[2m=[0m2
[2m2026-09-14T10:45:50.819137Z[0m [31mERROR[0m rx-1 ThreadId(14) [2mzenoh::net::routing::hat::router::token[0m[2m:[0m Network graph doesn't contain destination node [3mnode_id[0m[2m=[0m2
[2m2026-09-14T10:45:50.819148Z[0m [31mERROR[0m rx-1 ThreadId(14) [2mzenoh::net::routing::hat::router::token[0m[2m:[0m Network graph doesn't contain destination node [3mnode_id[0m[2m=[0m2
[2m2026-09-14T10:45:50.819159Z[0m [31mERROR[0m rx-1 ThreadId(14) [2mzenoh::net::routing::hat::router::token[0m[2m:[0m Network graph doesn't contain destination node [3mnode_id[0m[2m=[0m2
[2m2026-09-14T10:45:50.819170Z[0m [31mERROR[0m rx-1 ThreadId(14) [2mzenoh::net::routing::hat::router::token[0m[2m:[0m Network graph doesn't contain destination node [3mnode_id[0m[2m=[0m2
[2m2026-09-14T10:45:50.819181Z[0m [31mERROR[0m rx-1 ThreadId(14) [2mzenoh::net::routing::hat::router::token[0m[2m:[0m Network graph doesn't contain destination node [3mnode_id[0m[2m=[0m2
[2m2026-09-14T10:45:50.819193Z[0m [31mERROR[0m rx-1 ThreadId(14) [2mzenoh::net::routing::hat::router::token[0m[2m:[0m Network graph doesn't contain destination node [3mnode_id[0m[2m=[0m2
[2m2026-09-14T10:45:50.819204Z[0m [31mERROR[0m rx-1 ThreadId(14) [2mzenoh::net::routing::hat::router::token[0m[2m:[0m Network graph doesn't contain destination node [3mnode_id[0m[2m=[0m2
[2m2026-09-14T10:45:50.819215Z[0m [31mERROR[0m rx-1 ThreadId(14) [2mzenoh::net::routing::hat::router::token[0m[2m:[0m Network graph doesn't contain destination node [3mnode_id[0m[2m=[0m2
[2m2026-09-14T10:45:50.819226Z[0m [31mERROR[0m rx-1 ThreadId(14) [2mzenoh::net::routing::hat::router::token[0m[2m:[0m Network graph doesn't contain destination node [3mnode_id[0m[2m=[0m2
[2m2026-09-14T10:45:50.819237Z[0m [31mERROR[0m rx-1 ThreadId(14) [2mzenoh::net::routing::hat::router::token[0m[2m:[0m Network graph doesn't contain destination node [3mnode_id[0m[2m=[0m2
[2m2026-09-14T10:45:50.819247Z[0m [31mERROR[0m rx-1 ThreadId(14) [2mzenoh::net::routing::hat::router::token[0m[2m:[0m Network graph doesn't contain destination node [3mnode_id[0m[2m=[0m2
[2m2026-09-14T10:45:50.819258Z[0m [31mERROR[0m rx-1 ThreadId(14) [2mzenoh::net::routing::hat::router::token[0m[2m:[0m Network graph doesn't contain destination node [3mnode_id[0m[2m=[0m2
[2m2026-09-14T10:45:50.819269Z[0m [31mERROR[0m rx-1 ThreadId(14) [2mzenoh::net::routing::hat::router::token[0m[2m:[0m Network graph doesn't contain destination node [3mnode_id[0m[2m=[0m2
[2m2026-09-14T10:45:50.819280Z[0m [31mERROR[0m rx-1 ThreadId(14) [2mzenoh::net::routing::hat::router::token[0m[2m:[0m Network graph doesn't contain destination node [3mnode_id[0m[2m=[0m2
[2m2026-09-14T10:45:50.819292Z[0m [31mERROR[0m rx-1 ThreadId(14) [2mzenoh::net::routing::hat::router::token[0m[2m:[0m Network graph doesn't contain destination node [3mnode_id[0m[2m=[0m2
[2m2026-09-14T10:45:50.819303Z[0m [31mERROR[0m rx-1 ThreadId(14) [2mzenoh::net::routing::hat::router::token[0m[2m:[0m Network graph doesn't contain destination node [3mnode_id[0m[2m=[0m2
[2m2026-09-14T10:45:50.819314Z[0m [31mERROR[0m rx-1 ThreadId(14) [2mzenoh::net::routing::hat::router::token[0m[2m:[0m Network graph doesn't contain destination node [3mnode_id[0m[2m=[0m2
[2m2026-09-14T10:45:50.819325Z[0m [31mERROR[0m rx-1 ThreadId(14) [2mzenoh::net::routing::hat::router::token[0m[2m:[0m Network graph doesn't contain destination node [3mnode_id[0m[2m=[0m2
[2m2026-09-14T10:45:50.819336Z[0m [31mERROR[0m rx-1 ThreadId(14) [2mzenoh::net::routing::hat::router::token[0m[2m:[0m Network graph doesn't contain destination node [3mnode_id[0m[2m=[0m2
[2m2026-09-14T10:45:50.819347Z[0m [31mERROR[0m rx-1 ThreadId(14) [2mzenoh::net::routing::hat::router::token[0m[2m:[0m Network graph doesn't contain destination node [3mnode_id[0m[2m=[0m2
[2m2026-09-14T10:45:50.819360Z[0m [31mERROR[0m rx-1 ThreadId(14) [2mzenoh::net::routing::hat::router::token[0m[2m:[0m Network graph doesn't contain destination node [3mnode_id[0m[2m=[0m2
[2m2026-09-14T10:45:50.819371Z[0m [31mERROR[0m rx-1 ThreadId(14) [2mzenoh::net::routing::hat::router::token[0m[2m:[0m Network graph doesn't contain destination node [3mnode_id[0m[2m=[0m2
[2m2026-09-14T10:45:50.819382Z[0m [31mERROR[0m rx-1 ThreadId(14) [2mzenoh::net::routing::hat::router::token[0m[2m:[0m Network graph doesn't contain destination node [3mnode_id[0m[2m=[0m2
[2m2026-09-14T10:45:50.819392Z[0m [31mERROR[0m rx-1 ThreadId(14) [2mzenoh::net::routing::hat::router::token[0m[2m:[0m Network graph doesn't contain destination node [3mnode_id[0m[2m=[0m2
[2m2026-09-14T10:45:50.819403Z[0m [31mERROR[0m rx-1 ThreadId(14) [2mzenoh::net::routing::hat::router::token[0m[2m:[0m Network graph doesn't contain destination node [3mnode_id[0m[2m=[0m2
[2m2026-09-14T10:45:50.819415Z[0m [31mERROR[0m rx-1 ThreadId(14) [2mzenoh::net::routing::hat::router::token[0m[2m:[0m Network graph doesn't contain destination node [3mnode_id[0m[2m=[0m2
[2m2026-09-14T10:45:50.819425Z[0m [31mERROR[0m rx-1 ThreadId(14) [2mzenoh::net::routing::hat::router::token[0m[2m:[0m Network graph doesn't contain destination node [3mnode_id[0m[2m=[0m2
[2m2026-09-14T10:45:50.819436Z[0m [31mERROR[0m rx-1 ThreadId(14) [2mzenoh::net::routing::hat::router::token[0m[2m:[0m Network graph doesn't contain destination node [3mnode_id[0m[2m=[0m2
[2m2026-09-14T10:45:50.819447Z[0m [31mERROR[0m rx-1 ThreadId(14) [2mzenoh::net::routing::hat::router::token[0m[2m:[0m Network graph doesn't contain destination node [3mnode_id[0m[2m=[0m2
[2m2026-09-14T10:45:50.819458Z[0m [31mERROR[0m rx-1 ThreadId(14) [2mzenoh::net::routing::hat::router::token[0m[2m:[0m Network graph doesn't contain destination node [3mnode_id[0m[2m=[0m2
[2m2026-09-14T10:45:50.819470Z[0m [31mERROR[0m rx-1 ThreadId(14) [2mzenoh::net::routing::hat::router::token[0m[2m:[0m Network graph doesn't contain destination node [3mnode_id[0m[2m=[0m2
[2m2026-09-14T10:45:50.819481Z[0m [31mERROR[0m rx-1 ThreadId(14) [2mzenoh::net::routing::hat::router::token[0m[2m:[0m Network graph doesn't contain destination node [3mnode_id[0m[2m=[0m2
[2m2026-09-14T10:45:50.819503Z[0m [31mERROR[0m rx-1 ThreadId(14) [2mzenoh::net::routing::hat::router::token[0m[2m:[0m Network graph doesn't contain destination node [3mnode_id[0m[2m=[0m2
[2m2026-09-14T10:45:50.819518Z[0m [31mERROR[0m rx-1 ThreadId(14) [2mzenoh::net::routing::hat::router::token[0m[2m:[0m Network graph doesn't contain destination node [3mnode_id[0m[2m=[0m2
[2m2026-09-14T10:45:50.819532Z[0m [31mERROR[0m rx-1 ThreadId(14) [2mzenoh::net::routing::hat::router::token[0m[2m:[0m Network graph doesn't contain destination node [3mnode_id[0m[2m=[0m2
[2m2026-09-14T10:45:50.819544Z[0m [31mERROR[0m rx-1 ThreadId(14) [2mzenoh::net::routing::hat::router::token[0m[2m:[0m Network graph doesn't contain destination node [3mnode_id[0m[2m=[0m2
[2m2026-09-14T10:45:50.819555Z[0m [31mERROR[0m rx-1 ThreadId(14) [2mzenoh::net::routing::hat::router::token[0m[2m:[0m Network graph doesn't contain destination node [3mnode_id[0m[2m=[0m2
[2m2026-09-14T10:45:50.819566Z[0m [31mERROR[0m rx-1 ThreadId(14) [2mzenoh::net::routing::hat::router::token[0m[2m:[0m Network graph doesn't contain destination node [3mnode_id[0m[2m=[0m2
[2m2026-09-14T10:45:50.819577Z[0m [31mERROR[0m rx-1 ThreadId(14) [2mzenoh::net::routing::hat::router::token[0m[2m:[0m Network graph doesn't contain destination node [3mnode_id[0m[2m=[0m2
[2m2026-09-14T10:45:50.819588Z[0m [31mERROR[0m rx-1 ThreadId(14) [2mzenoh::net::routing::hat::router::token[0m[2m:[0m Network graph doesn't contain destination node [3mnode_id[0m[2m=[0m2
[2m2026-09-14T10:45:50.819599Z[0m [31mERROR[0m rx-1 ThreadId(14) [2mzenoh::net::routing::hat::router::token[0m[2m:[0m Network graph doesn't contain destination node [3mnode_id[0m[2m=[0m2
[2m2026-09-14T10:45:50.819611Z[0m [31mERROR[0m rx-1 ThreadId(14) [2mzenoh::net::routing::hat::router::token[0m[2m:[0m Network graph doesn't contain destination node [3mnode_id[0m[2m=[0m2
[2m2026-09-14T10:45:50.819622Z[0m [31mERROR[0m rx-1 ThreadId(14) [2mzenoh::net::routing::hat::router::token[0m[2m:[0m Network graph doesn't contain destination node [3mnode_id[0m[2m=[0m2
[2m2026-09-14T10:45:50.819633Z[0m [31mERROR[0m rx-1 ThreadId(14) [2mzenoh::net::routing::hat::router::token[0m[2m:[0m Network graph doesn't contain destination node [3mnode_id[0m[2m=[0m2
[2m2026-09-14T10:45:50.819644Z[0m [31mERROR[0m rx-1 ThreadId(14) [2mzenoh::net::routing::hat::router::token[0m[2m:[0m Network graph doesn't contain destination node [3mnode_id[0m[2m=[0m2
[2m2026-09-14T10:45:50.819655Z[0m [31mERROR[0m rx-1 ThreadId(14) [2mzenoh::net::routing::hat::router::token[0m[2m:[0m Network graph doesn't contain destination node [3mnode_id[0m[2m=[0m2
[2m2026-09-14T10:45:50.819667Z[0m [31mERROR[0m rx-1 ThreadId(14) [2mzenoh::net::routing::hat::router::token[0m[2m:[0m Network graph doesn't contain destination node [3mnode_id[0m[2m=[0m2
[2m2026-09-14T10:45:50.819678Z[0m [31mERROR[0m rx-1 ThreadId(14) [2mzenoh::net::routing::hat::router::token[0m[2m:[0m Network graph doesn't contain destination node [3mnode_id[0m[2m=[0m2
[2m2026-09-14T10:45:50.819689Z[0m [31mERROR[0m rx-1 ThreadId(14) [2mzenoh::net::routing::hat::router::token[0m[2m:[0m Network graph doesn't contain destination node [3mnode_id[0m[2m=[0m2
[2m2026-09-14T10:45:50.819700Z[0m [31mERROR[0m rx-1 ThreadId(14) [2mzenoh::net::routing::hat::router::token[0m[2m:[0m Network graph doesn't contain destination node [3mnode_id[0m[2m=[0m2
[2m2026-09-14T10:45:50.819710Z[0m [31mERROR[0m rx-1 ThreadId(14) [2mzenoh::net::routing::hat::router::token[0m[2m:[0m Network graph doesn't contain destination node [3mnode_id[0m[2m=[0m2
[2m2026-09-14T10:45:50.819721Z[0m [31mERROR[0m rx-1 ThreadId(14) [2mzenoh::net::routing::hat::router::token[0m[2m:[0m Network graph doesn't contain destination node [3mnode_id[0m[2m=[0m2
[2m2026-09-14T10:45:50.819732Z[0m [31mERROR[0m rx-1 ThreadId(14) [2mzenoh::net::routing::hat::router::token[0m[2m:[0m Network graph doesn't contain destination node [3mnode_id[0m[2m=[0m2
[2m2026-09-14T10:45:50.819744Z[0m [31mERROR[0m rx-1 ThreadId(14) [2mzenoh::net::routing::hat::router::token[0m[2m:[0m Network graph doesn't contain destination node [3mnode_id[0m[2m=[0m2
[2m2026-09-14T10:45:50.819754Z[0m [31mERROR[0m rx-1 ThreadId(14) [2mzenoh::net::routing::hat::router::token[0m[2m:[0m Network graph doesn't contain destination node [3mnode_id[0m[2m=[0m2
[2m2026-09-14T10:45:50.819765Z[0m [31mERROR[0m rx-1 ThreadId(14) [2mzenoh::net::routing::hat::router::token[0m[2m:[0m Network graph doesn't contain destination node [3mnode_id[0m[2m=[0m2
[2m2026-09-14T10:45:50.819776Z[0m [31mERROR[0m rx-1 ThreadId(14) [2mzenoh::net::routing::hat::router::token[0m[2m:[0m Network graph doesn't contain destination node [3mnode_id[0m[2m=[0m2
[2m2026-09-14T10:45:50.819787Z[0m [31mERROR[0m rx-1 ThreadId(14) [2mzenoh::net::routing::hat::router::token[0m[2m:[0m Network graph doesn't contain destination node [3mnode_id[0m[2m=[0m2
[2m2026-09-14T10:45:50.819798Z[0m [31mERROR[0m rx-1 ThreadId(14) [2mzenoh::net::routing::hat::router::token[0m[2m:[0m Network graph doesn't contain destination node [3mnode_id[0m[2m=[0m2
[2m2026-09-14T10:45:50.819808Z[0m [31mERROR[0m rx-1 ThreadId(14) [2mzenoh::net::routing::hat::router::token[0m[2m:[0m Network graph doesn't contain destination node [3mnode_id[0m[2m=[0m2
[2m2026-09-14T10:45:50.819819Z[0m [31mERROR[0m rx-1 ThreadId(14) [2mzenoh::net::routing::hat::router::token[0m[2m:[0m Network graph doesn't contain destination node [3mnode_id[0m[2m=[0m2
[2m2026-09-14T10:45:50.819831Z[0m [31mERROR[0m rx-1 ThreadId(14) [2mzenoh::net::routing::hat::router::token[0m[2m:[0m Network graph doesn't contain destination node [3mnode_id[0m[2m=[0m2
[2m2026-09-14T10:45:50.819843Z[0m [31mERROR[0m rx-1 ThreadId(14) [2mzenoh::net::routing::hat::router::token[0m[2m:[0m Network graph doesn't contain destination node [3mnode_id[0m[2m=[0m2
[2m2026-09-14T10:45:50.819855Z[0m [31mERROR[0m rx-1 ThreadId(14) [2mzenoh::net::routing::hat::router::token[0m[2m:[0m Network graph doesn't contain destination node [3mnode_id[0m[2m=[0m2
[2m2026-09-14T10:45:50.819866Z[0m [31mERROR[0m rx-1 ThreadId(14) [2mzenoh::net::routing::hat::router::token[0m[2m:[0m Network graph doesn't contain destination node [3mnode_id[0m[2m=[0m2
[2m2026-09-14T10:45:50.819876Z[0m [31mERROR[0m rx-1 ThreadId(14) [2mzenoh::net::routing::hat::router::token[0m[2m:[0m Network graph doesn't contain destination node [3mnode_id[0m[2m=[0m2
[2m2026-09-14T10:45:50.819888Z[0m [31mERROR[0m rx-1 ThreadId(14) [2mzenoh::net::routing::hat::router::token[0m[2m:[0m Network graph doesn't contain destination node [3mnode_id[0m[2m=[0m2
[2m2026-09-14T10:45:50.819899Z[0m [31mERROR[0m rx-1 ThreadId(14) [2mzenoh::net::routing::hat::router::token[0m[2m:[0m Network graph doesn't contain destination node [3mnode_id[0m[2m=[0m2
[2m2026-09-14T10:45:50.819910Z[0m [31mERROR[0m rx-1 ThreadId(14) [2mzenoh::net::routing::hat::router::token[0m[2m:[0m Network graph doesn't contain destination node [3mnode_id[0m[2m=[0m2
[2m2026-09-14T10:45:50.819921Z[0m [31mERROR[0m rx-1 ThreadId(14) [2mzenoh::net::routing::hat::router::token[0m[2m:[0m Network graph doesn't contain destination node [3mnode_id[0m[2m=[0m2
[2m2026-09-14T10:45:50.819932Z[0m [31mERROR[0m rx-1 ThreadId(14) [2mzenoh::net::routing::hat::router::token[0m[2m:[0m Network graph doesn't contain destination node [3mnode_id[0m[2m=[0m2
[2m2026-09-14T10:45:50.819943Z[0m [31mERROR[0m rx-1 ThreadId(14) [2mzenoh::net::routing::hat::router::token[0m[2m:[0m Network graph doesn't contain destination node [3mnode_id[0m[2m=[0m2
[2m2026-09-14T10:45:50.819956Z[0m [31mERROR[0m rx-1 ThreadId(14) [2mzenoh::net::routing::hat::router::token[0m[2m:[0m Network graph doesn't contain destination node [3mnode_id[0m[2m=[0m2
[2m2026-09-14T10:45:50.819967Z[0m [31mERROR[0m rx-1 ThreadId(14) [2mzenoh::net::routing::hat::router::token[0m[2m:[0m Network graph doesn't contain destination node [3mnode_id[0m[2m=[0m2
[2m2026-09-14T10:45:50.819979Z[0m [31mERROR[0m rx-1 ThreadId(14) [2mzenoh::net::routing::hat::router::token[0m[2m:[0m Network graph doesn't contain destination node [3mnode_id[0m[2m=[0m2
[2m2026-09-14T10:45:50.819989Z[0m [31mERROR[0m rx-1 ThreadId(14) [2mzenoh::net::routing::hat::router::token[0m[2m:[0m Network graph doesn't contain destination node [3mnode_id[0m[2m=[0m2
[2m2026-09-14T10:45:50.820001Z[0m [31mERROR[0m rx-1 ThreadId(14) [2mzenoh::net::routing::hat::router::token[0m[2m:[0m Network graph doesn't contain destination node [3mnode_id[0m[2m=[0m2
[2m2026-09-14T10:45:50.820011Z[0m [31mERROR[0m rx-1 ThreadId(14) [2mzenoh::net::routing::hat::router::token[0m[2m:[0m Network graph doesn't contain destination node [3mnode_id[0m[2m=[0m2
[2m2026-09-14T10:45:50.820023Z[0m [31mERROR[0m rx-1 ThreadId(14) [2mzenoh::net::routing::hat::router::token[0m[2m:[0m Network graph doesn't contain destination node [3mnode_id[0m[2m=[0m2
[2m2026-09-14T10:45:50.820034Z[0m [31mERROR[0m rx-1 ThreadId(14) [2mzenoh::net::routing::hat::router::token[0m[2m:[0m Network graph doesn't contain destination node [3mnode_id[0m[2m=[0m2
[2m2026-09-14T10:45:50.820044Z[0m [31mERROR[0m rx-1 ThreadId(14) [2mzenoh::net::routing::hat::router::token[0m[2m:[0m Network graph doesn't contain destination node [3mnode_id[0m[2m=[0m2
[2m2026-09-14T10:45:50.820055Z[0m [31mERROR[0m rx-1 ThreadId(14) [2mzenoh::net::routing::hat::router::token[0m[2m:[0m Network graph doesn't contain destination node [3mnode_id[0m[2m=[0m2
[2m2026-09-14T10:45:50.820067Z[0m [31mERROR[0m rx-1 ThreadId(14) [2mzenoh::net::routing::hat::router::token[0m[2m:[0m Network graph doesn't contain destination node [3mnode_id[0m[2m=[0m2
[2m2026-09-14T10:45:50.820078Z[0m [31mERROR[0m rx-1 ThreadId(14) [2mzenoh::net::routing::hat::router::token[0m[2m:[0m Network graph doesn't contain destination node [3mnode_id[0m[2m=[0m2
[2m2026-09-14T10:45:50.820090Z[0m [31mERROR[0m rx-1 ThreadId(14) [2mzenoh::net::routing::hat::router::token[0m[2m:[0m Network graph doesn't contain destination node [3mnode_id[0m[2m=[0m2
[2m2026-09-14T10:45:50.820100Z[0m [31mERROR[0m rx-1 ThreadId(14) [2mzenoh::net::routing::hat::router::token[0m[2m:[0m Network graph doesn't contain destination node [3mnode_id[0m[2m=[0m2
[2m2026-09-14T10:45:50.820111Z[0m [31mERROR[0m rx-1 ThreadId(14) [2mzenoh::net::routing::hat::router::token[0m[2m:[0m Network graph doesn't contain destination node [3mnode_id[0m[2m=[0m2
[2m2026-09-14T10:45:50.820122Z[0m [31mERROR[0m rx-1 ThreadId(14) [2mzenoh::net::routing::hat::router::token[0m[2m:[0m Network graph doesn't contain destination node [3mnode_id[0m[2m=[0m2
[2m2026-09-14T10:45:50.820133Z[0m [31mERROR[0m rx-1 ThreadId(14) [2mzenoh::net::routing::hat::router::token[0m[2m:[0m Network graph doesn't contain destination node [3mnode_id[0m[2m=[0m2
[2m2026-09-14T10:45:50.820144Z[0m [31mERROR[0m rx-1 ThreadId(14) [2mzenoh::net::routing::hat::router::token[0m[2m:[0m Network graph doesn't contain destination node [3mnode_id[0m[2m=[0m2
[2m2026-09-14T10:45:50.820154Z[0m [31mERROR[0m rx-1 ThreadId(14) [2mzenoh::net::routing::hat::router::token[0m[2m:[0m Network graph doesn't contain destination node [3mnode_id[0m[2m=[0m2
[2m2026-09-14T10:45:50.820165Z[0m [31mERROR[0m rx-1 ThreadId(14) [2mzenoh::net::routing::hat::router::token[0m[2m:[0m Network graph doesn't contain destination node [3mnode_id[0m[2m=[0m2
[2m2026-09-14T10:45:50.820176Z[0m [31mERROR[0m rx-1 ThreadId(14) [2mzenoh::net::routing::hat::router::token[0m[2m:[0m Network graph doesn't contain destination node [3mnode_id[0m[2m=[0m2
[2m2026-09-14T10:45:50.820187Z[0m [31mERROR[0m rx-1 ThreadId(14) [2mzenoh::net::routing::hat::router::token[0m[2m:[0m Network graph doesn't contain destination node [3mnode_id[0m[2m=[0m2
[2m2026-09-14T10:45:50.820198Z[0m [31mERROR[0m rx-1 ThreadId(14) [2mzenoh::net::routing::hat::router::token[0m[2m:[0m Network graph doesn't contain destination node [3mnode_id[0m[2m=[0m2
[2m2026-09-14T10:45:50.820209Z[0m [31mERROR[0m rx-1 ThreadId(14) [2mzenoh::net::routing::hat::router::token[0m[2m:[0m Network graph doesn't contain destination node [3mnode_id[0m[2m=[0m2
[2m2026-09-14T10:45:50.820220Z[0m [31mERROR[0m rx-1 ThreadId(14) [2mzenoh::net::routing::hat::router::token[0m[2m:[0m Network graph doesn't contain destination node [3mnode_id[0m[2m=[0m2
[2m2026-09-14T10:45:50.820231Z[0m [31mERROR[0m rx-1 ThreadId(14) [2mzenoh::net::routing::hat::router::token[0m[2m:[0m Network graph doesn't contain destination node [3mnode_id[0m[2m=[0m2
[2m2026-09-14T10:45:50.820241Z[0m [31mERROR[0m rx-1 ThreadId(14) [2mzenoh::net::routing::hat::router::token[0m[2m:[0m Network graph doesn't contain destination node [3mnode_id[0m[2m=[0m2
[2m2026-09-14T10:45:50.820252Z[0m [31mERROR[0m rx-1 ThreadId(14) [2mzenoh::net::routing::hat::router::token[0m[2m:[0m Network graph doesn't contain destination node [3mnode_id[0m[2m=[0m2
[2m2026-09-14T10:45:50.820263Z[0m [31mERROR[0m rx-1 ThreadId(14) [2mzenoh::net::routing::hat::router::token[0m[2m:[0m Network graph doesn't contain destination node [3mnode_id[0m[2m=[0m2
[2m2026-09-14T10:45:50.820274Z[0m [31mERROR[0m rx-1 ThreadId(14) [2mzenoh::net::routing::hat::router::token[0m[2m:[0m Network graph doesn't contain destination node [3mnode_id[0m[2m=[0m2
[2m2026-09-14T10:45:50.820286Z[0m [31mERROR[0m rx-1 ThreadId(14) [2mzenoh::net::routing::hat::router::token[0m[2m:[0m Network graph doesn't contain destination node [3mnode_id[0m[2m=[0m2
[2m2026-09-14T10:45:50.820297Z[0m [31mERROR[0m rx-1 ThreadId(14) [2mzenoh::net::routing::hat::router::token[0m[2m:[0m Network graph doesn't contain destination node [3mnode_id[0m[2m=[0m2
[2m2026-09-14T10:45:50.820307Z[0m [31mERROR[0m rx-1 ThreadId(14) [2mzenoh::net::routing::hat::router::token[0m[2m:[0m Network graph doesn't contain destination node [3mnode_id[0m[2m=[0m2
[2m2026-09-14T10:45:50.820318Z[0m [31mERROR[0m rx-1 ThreadId(14) [2mzenoh::net::routing::hat::router::token[0m[2m:[0m Network graph doesn't contain destination node [3mnode_id[0m[2m=[0m2
[2m2026-09-14T10:45:50.820329Z[0m [31mERROR[0m rx-1 ThreadId(14) [2mzenoh::net::routing::hat::router::token[0m[2m:[0m Network graph doesn't contain destination node [3mnode_id[0m[2m=[0m2
[2m2026-09-14T10:45:50.820340Z[0m [31mERROR[0m rx-1 ThreadId(14) [2mzenoh::net::routing::hat::router::token[0m[2m:[0m Network graph doesn't contain destination node [3mnode_id[0m[2m=[0m2
[2m2026-09-14T10:45:50.820351Z[0m [31mERROR[0m rx-1 ThreadId(14) [2mzenoh::net::routing::hat::router::token[0m[2m:[0m Network graph doesn't contain destination node [3mnode_id[0m[2m=[0m2
[2m2026-09-14T10:45:50.820362Z[0m [31mERROR[0m rx-1 ThreadId(14) [2mzenoh::net::routing::hat::router::token[0m[2m:[0m Network graph doesn't contain destination node [3mnode_id[0m[2m=[0m2
[2m2026-09-14T10:45:50.820373Z[0m [31mERROR[0m rx-1 ThreadId(14) [2mzenoh::net::routing::hat::router::token[0m[2m:[0m Network graph doesn't contain destination node [3mnode_id[0m[2m=[0m2
[2m2026-09-14T10:45:50.820383Z[0m [31mERROR[0m rx-1 ThreadId(14) [2mzenoh::net::routing::hat::router::token[0m[2m:[0m Network graph doesn't contain destination node [3mnode_id[0m[2m=[0m2
[2m2026-09-14T10:45:50.820394Z[0m [31mERROR[0m rx-1 ThreadId(14) [2mzenoh::net::routing::hat::router::token[0m[2m:[0m Network graph doesn't contain destination node [3mnode_id[0m[2m=[0m2
[2m2026-09-14T10:45:50.820405Z[0m [31mERROR[0m rx-1 ThreadId(14) [2mzenoh::net::routing::hat::router::token[0m[2m:[0m Network graph doesn't contain destination node [3mnode_id[0m[2m=[0m2
[2m2026-09-14T10:45:50.820415Z[0m [31mERROR[0m rx-1 ThreadId(14) [2mzenoh::net::routing::hat::router::token[0m[2m:[0m Network graph doesn't contain destination node [3mnode_id[0m[2m=[0m2
[2m2026-09-14T10:45:50.820427Z[0m [31mERROR[0m rx-1 ThreadId(14) [2mzenoh::net::routing::hat::router::token[0m[2m:[0m Network graph doesn't contain destination node [3mnode_id[0m[2m=[0m2
[2m2026-09-14T10:45:50.820438Z[0m [31mERROR[0m rx-1 ThreadId(14) [2mzenoh::net::routing::hat::router::token[0m[2m:[0m Network graph doesn't contain destination node [3mnode_id[0m[2m=[0m2
[2m2026-09-14T10:45:50.820448Z[0m [31mERROR[0m rx-1 ThreadId(14) [2mzenoh::net::routing::hat::router::token[0m[2m:[0m Network graph doesn't contain destination node [3mnode_id[0m[2m=[0m2
[2m2026-09-14T10:45:50.820459Z[0m [31mERROR[0m rx-1 ThreadId(14) [2mzenoh::net::routing::hat::router::token[0m[2m:[0m Network graph doesn't contain destination node [3mnode_id[0m[2m=[0m2
[2m2026-09-14T10:45:50.820470Z[0m [31mERROR[0m rx-1 ThreadId(14) [2mzenoh::net::routing::hat::router::token[0m[2m:[0m Network graph doesn't contain destination node [3mnode_id[0m[2m=[0m2
[2m2026-09-14T10:45:50.820480Z[0m [31mERROR[0m rx-1 ThreadId(14) [2mzenoh::net::routing::hat::router::token[0m[2m:[0m Network graph doesn't contain destination node [3mnode_id[0m[2m=[0m2
[2m2026-09-14T10:45:50.820500Z[0m [31mERROR[0m rx-1 ThreadId(14) [2mzenoh::net::routing::hat::router::token[0m[2m:[0m Network graph doesn't contain destination node [3mnode_id[0m[2m=[0m2
[2m2026-09-14T10:45:50.820512Z[0m [31mERROR[0m rx-1 ThreadId(14) [2mzenoh::net::routing::hat::router::token[0m[2m:[0m Network graph doesn't contain destination node [3mnode_id[0m[2m=[0m2
[2m2026-09-14T10:45:50.820524Z[0m [31mERROR[0m rx-1 ThreadId(14) [2mzenoh::net::routing::hat::router::token[0m[2m:[0m Network graph doesn't contain destination node [3mnode_id[0m[2m=[0m2
[2m2026-09-14T10:45:50.820535Z[0m [31mERROR[0m rx-1 ThreadId(14) [2mzenoh::net::routing::hat::router::token[0m[2m:[0m Network graph doesn't contain destination node [3mnode_id[0m[2m=[0m2
[2m2026-09-14T10:45:50.820547Z[0m [31mERROR[0m rx-1 ThreadId(14) [2mzenoh::net::routing::hat::router::token[0m[2m:[0m Network graph doesn't contain destination node [3mnode_id[0m[2m=[0m2
[2m2026-09-14T10:45:50.820558Z[0m [31mERROR[0m rx-1 ThreadId(14) [2mzenoh::net::routing::hat::router::token[0m[2m:[0m Network graph doesn't contain destination node [3mnode_id[0m[2m=[0m2
[2m2026-09-14T10:45:50.820569Z[0m [31mERROR[0m rx-1 ThreadId(14) [2mzenoh::net::routing::hat::router::token[0m[2m:[0m Network graph doesn't contain destination node [3mnode_id[0m[2m=[0m2
[2m2026-09-14T10:45:50.820579Z[0m [31mERROR[0m rx-1 ThreadId(14) [2mzenoh::net::routing::hat::router::token[0m[2m:[0m Network graph doesn't contain destination node [3mnode_id[0m[2m=[0m2
[2m2026-09-14T10:45:50.820590Z[0m [31mERROR[0m rx-1 ThreadId(14) [2mzenoh::net::routing::hat::router::token[0m[2m:[0m Network graph doesn't contain destination node [3mnode_id[0m[2m=[0m2
[2m2026-09-14T10:45:50.820601Z[0m [31mERROR[0m rx-1 ThreadId(14) [2mzenoh::net::routing::hat::router::token[0m[2m:[0m Network graph doesn't contain destination node [3mnode_id[0m[2m=[0m2
[2m2026-09-14T10:45:50.820612Z[0m [31mERROR[0m rx-1 ThreadId(14) [2mzenoh::net::routing::hat::router::token[0m[2m:[0m Network graph doesn't contain destination node [3mnode_id[0m[2m=[0m2
[2m2026-09-14T10:45:50.820623Z[0m [31mERROR[0m rx-1 ThreadId(14) [2mzenoh::net::routing::hat::router::token[0m[2m:[0m Network graph doesn't contain destination node [3mnode_id[0m[2m=[0m2
[2m2026-09-14T10:45:50.820634Z[0m [31mERROR[0m rx-1 ThreadId(14) [2mzenoh::net::routing::hat::router::token[0m[2m:[0m Network graph doesn't contain destination node [3mnode_id[0m[2m=[0m2
[2m2026-09-14T10:45:50.820645Z[0m [31mERROR[0m rx-1 ThreadId(14) [2mzenoh::net::routing::hat::router::token[0m[2m:[0m Network graph doesn't contain destination node [3mnode_id[0m[2m=[0m2
[2m2026-09-14T10:45:50.820655Z[0m [31mERROR[0m rx-1 ThreadId(14) [2mzenoh::net::routing::hat::router::token[0m[2m:[0m Network graph doesn't contain destination node [3mnode_id[0m[2m=[0m2
[2m2026-09-14T10:45:50.820666Z[0m [31mERROR[0m rx-1 ThreadId(14) [2mzenoh::net::routing::hat::router::token[0m[2m:[0m Network graph doesn't contain destination node [3mnode_id[0m[2m=[0m2
[2m2026-09-14T10:45:50.820677Z[0m [31mERROR[0m rx-1 ThreadId(14) [2mzenoh::net::routing::hat::router::token[0m[2m:[0m Network graph doesn't contain destination node [3mnode_id[0m[2m=[0m2
[2m2026-09-14T10:45:50.820687Z[0m [31mERROR[0m rx-1 ThreadId(14) [2mzenoh::net::routing::hat::router::token[0m[2m:[0m Network graph doesn't contain destination node [3mnode_id[0m[2m=[0m2
[2m2026-09-14T10:45:50.820698Z[0m [31mERROR[0m rx-1 ThreadId(14) [2mzenoh::net::routing::hat::router::token[0m[2m:[0m Network graph doesn't contain destination node [3mnode_id[0m[2m=[0m2
[2m2026-09-14T10:45:50.820710Z[0m [31mERROR[0m rx-1 ThreadId(14) [2mzenoh::net::routing::hat::router::token[0m[2m:[0m Network graph doesn't contain destination node [3mnode_id[0m[2m=[0m2
[2m2026-09-14T10:45:50.820720Z[0m [31mERROR[0m rx-1 ThreadId(14) [2mzenoh::net::routing::hat::router::token[0m[2m:[0m Network graph doesn't contain destination node [3mnode_id[0m[2m=[0m2
[2m2026-09-14T10:45:50.820731Z[0m [31mERROR[0m rx-1 ThreadId(14) [2mzenoh::net::routing::hat::router::token[0m[2m:[0m Network graph doesn't contain destination node [3mnode_id[0m[2m=[0m2
[2m2026-09-14T10:45:50.820742Z[0m [31mERROR[0m rx-1 ThreadId(14) [2mzenoh::net::routing::hat::router::token[0m[2m:[0m Network graph doesn't contain destination node [3mnode_id[0m[2m=[0m2
[2m2026-09-14T10:45:50.820753Z[0m [31mERROR[0m rx-1 ThreadId(14) [2mzenoh::net::routing::hat::router::token[0m[2m:[0m Network graph doesn't contain destination node [3mnode_id[0m[2m=[0m2
[2m2026-09-14T10:45:50.820764Z[0m [31mERROR[0m rx-1 ThreadId(14) [2mzenoh::net::routing::hat::router::token[0m[2m:[0m Network graph doesn't contain destination node [3mnode_id[0m[2m=[0m2
[2m2026-09-14T10:45:50.820775Z[0m [31mERROR[0m rx-1 ThreadId(14) [2mzenoh::net::routing::hat::router::token[0m[2m:[0m Network graph doesn't contain destination node [3mnode_id[0m[2m=[0m2
[2m2026-09-14T10:45:50.820786Z[0m [31mERROR[0m rx-1 ThreadId(14) [2mzenoh::net::routing::hat::router::token[0m[2m:[0m Network graph doesn't contain destination node [3mnode_id[0m[2m=[0m2
[2m2026-09-14T10:45:50.820796Z[0m [31mERROR[0m rx-1 ThreadId(14) [2mzenoh::net::routing::hat::router::token[0m[2m:[0m Network graph doesn't contain destination node [3mnode_id[0m[2m=[0m2
[2m2026-09-14T10:45:50.820807Z[0m [31mERROR[0m rx-1 ThreadId(14) [2mzenoh::net::routing::hat::router::token[0m[2m:[0m Network graph doesn't contain destination node [3mnode_id[0m[2m=[0m2
[2m2026-09-14T10:45:50.820818Z[0m [31mERROR[0m rx-1 ThreadId(14) [2mzenoh::net::routing::hat::router::token[0m[2m:[0m Network graph doesn't contain destination node [3mnode_id[0m[2m=[0m2
[2m2026-09-14T10:45:50.820828Z[0m [31mERROR[0m rx-1 ThreadId(14) [2mzenoh::net::routing::hat::router::token[0m[2m:[0m Network graph doesn't contain destination node [3mnode_id[0m[2m=[0m2
[2m2026-09-14T10:45:50.820839Z[0m [31mERROR[0m rx-1 ThreadId(14) [2mzenoh::net::routing::hat::router::token[0m[2m:[0m Network graph doesn't contain destination node [3mnode_id[0m[2m=[0m2
[2m2026-09-14T10:45:50.820850Z[0m [31mERROR[0m rx-1 ThreadId(14) [2mzenoh::net::routing::hat::router::token[0m[2m:[0m Network graph doesn't contain destination node [3mnode_id[0m[2m=[0m2
[2m2026-09-14T10:45:50.820860Z[0m [31mERROR[0m rx-1 ThreadId(14) [2mzenoh::net::routing::hat::router::token[0m[2m:[0m Network graph doesn't contain destination node [3mnode_id[0m[2m=[0m2
[2m2026-09-14T10:45:50.820871Z[0m [31mERROR[0m rx-1 ThreadId(14) [2mzenoh::net::routing::hat::router::token[0m[2m:[0m Network graph doesn't contain destination node [3mnode_id[0m[2m=[0m2
[2m2026-09-14T10:45:50.820882Z[0m [31mERROR[0m rx-1 ThreadId(14) [2mzenoh::net::routing::hat::router::token[0m[2m:[0m Network graph doesn't contain destination node [3mnode_id[0m[2m=[0m2
[2m2026-09-14T10:45:50.820892Z[0m [31mERROR[0m rx-1 ThreadId(14) [2mzenoh::net::routing::hat::router::token[0m[2m:[0m Network graph doesn't contain destination node [3mnode_id[0m[2m=[0m2
[2m2026-09-14T10:45:50.820903Z[0m [31mERROR[0m rx-1 ThreadId(14) [2mzenoh::net::routing::hat::router::token[0m[2m:[0m Network graph doesn't contain destination node [3mnode_id[0m[2m=[0m2
[2m2026-09-14T10:45:50.820914Z[0m [31mERROR[0m rx-1 ThreadId(14) [2mzenoh::net::routing::hat::router::token[0m[2m:[0m Network graph doesn't contain destination node [3mnode_id[0m[2m=[0m2
[2m2026-09-14T10:45:50.820924Z[0m [31mERROR[0m rx-1 ThreadId(14) [2mzenoh::net::routing::hat::router::token[0m[2m:[0m Network graph doesn't contain destination node [3mnode_id[0m[2m=[0m2
[2m2026-09-14T10:45:50.820935Z[0m [31mERROR[0m rx-1 ThreadId(14) [2mzenoh::net::routing::hat::router::token[0m[2m:[0m Network graph doesn't contain destination node [3mnode_id[0m[2m=[0m2
[2m2026-09-14T10:45:50.820946Z[0m [31mERROR[0m rx-1 ThreadId(14) [2mzenoh::net::routing::hat::router::token[0m[2m:[0m Network graph doesn't contain destination node [3mnode_id[0m[2m=[0m2
[2m2026-09-14T10:45:50.820956Z[0m [31mERROR[0m rx-1 ThreadId(14) [2mzenoh::net::routing::hat::router::token[0m[2m:[0m Network graph doesn't contain destination node [3mnode_id[0m[2m=[0m2
[2m2026-09-14T10:45:50.820968Z[0m [31mERROR[0m rx-1 ThreadId(14) [2mzenoh::net::routing::hat::router::token[0m[2m:[0m Network graph doesn't contain destination node [3mnode_id[0m[2m=[0m2
[2m2026-09-14T10:45:50.820979Z[0m [31mERROR[0m rx-1 ThreadId(14) [2mzenoh::net::routing::hat::router::token[0m[2m:[0m Network graph doesn't contain destination node [3mnode_id[0m[2m=[0m2
[2m2026-09-14T10:45:50.820990Z[0m [31mERROR[0m rx-1 ThreadId(14) [2mzenoh::net::routing::hat::router::token[0m[2m:[0m Network graph doesn't contain destination node [3mnode_id[0m[2m=[0m2
[2m2026-09-14T10:45:50.821000Z[0m [31mERROR[0m rx-1 ThreadId(14) [2mzenoh::net::routing::hat::router::token[0m[2m:[0m Network graph doesn't contain destination node [3mnode_id[0m[2m=[0m2
[2m2026-09-14T10:45:50.821011Z[0m [31mERROR[0m rx-1 ThreadId(14) [2mzenoh::net::routing::hat::router::token[0m[2m:[0m Network graph doesn't contain destination node [3mnode_id[0m[2m=[0m2
[2m2026-09-14T10:45:50.821022Z[0m [31mERROR[0m rx-1 ThreadId(14) [2mzenoh::net::routing::hat::router::token[0m[2m:[0m Network graph doesn't contain destination node [3mnode_id[0m[2m=[0m2
[2m2026-09-14T10:45:50.821032Z[0m [31mERROR[0m rx-1 ThreadId(14) [2mzenoh::net::routing::hat::router::token[0m[2m:[0m Network graph doesn't contain destination node [3mnode_id[0m[2m=[0m2
[2m2026-09-14T10:45:50.821043Z[0m [31mERROR[0m rx-1 ThreadId(14) [2mzenoh::net::routing::hat::router::token[0m[2m:[0m Network graph doesn't contain destination node [3mnode_id[0m[2m=[0m2
[2m2026-09-14T10:45:50.821054Z[0m [31mERROR[0m rx-1 ThreadId(14) [2mzenoh::net::routing::hat::router::token[0m[2m:[0m Network graph doesn't contain destination node [3mnode_id[0m[2m=[0m2
[2m2026-09-14T10:45:50.821064Z[0m [31mERROR[0m rx-1 ThreadId(14) [2mzenoh::net::routing::hat::router::token[0m[2m:[0m Network graph doesn't contain destination node [3mnode_id[0m[2m=[0m2
[2m2026-09-14T10:45:50.821075Z[0m [31mERROR[0m rx-1 ThreadId(14) [2mzenoh::net::routing::hat::router::token[0m[2m:[0m Network graph doesn't contain destination node [3mnode_id[0m[2m=[0m2
[2m2026-09-14T10:45:50.821086Z[0m [31mERROR[0m rx-1 ThreadId(14) [2mzenoh::net::routing::hat::router::token[0m[2m:[0m Network graph doesn't contain destination node [3mnode_id[0m[2m=[0m2
[2m2026-09-14T10:45:50.821096Z[0m [31mERROR[0m rx-1 ThreadId(14) [2mzenoh::net::routing::hat::router::token[0m[2m:[0m Network graph doesn't contain destination node [3mnode_id[0m[2m=[0m2
[2m2026-09-14T10:45:50.821107Z[0m [31mERROR[0m rx-1 ThreadId(14) [2mzenoh::net::routing::hat::router::token[0m[2m:[0m Network graph doesn't contain destination node [3mnode_id[0m[2m=[0m2
[2m2026-09-14T10:45:50.821118Z[0m [31mERROR[0m rx-1 ThreadId(14) [2mzenoh::net::routing::hat::router::token[0m[2m:[0m Network graph doesn't contain destination node [3mnode_id[0m[2m=[0m2
[2m2026-09-14T10:45:52.708588Z[0m [31mERROR[0m net-1 ThreadId(12) [2mzenoh_task[0m[2m:[0m Failed to terminate the task
[2m2026-09-14T10:45:52.708590Z[0m [31mERROR[0m net-2 ThreadId(40) [2mzenoh_task[0m[2m:[0m Failed to terminate the task
[2m2026-09-14T10:45:55.242640Z[0m [31mERROR[0m net-0 ThreadId(08) [2mzenoh_task[0m[2m:[0m Failed to terminate the task
[2m2026-09-14T10:45:58.400729Z[0m [31mERROR[0m net-3 ThreadId(41) [2mzenoh_task[0m[2m:[0m Failed to terminate the task
[2m2026-09-14T10:46:00.922735Z[0m [31mERROR[0m net-5 ThreadId(43) [2mzenoh_task[0m[2m:[0m Failed to terminate the task
[2m2026-09-14T10:46:08.051301Z[0m [31mERROR[0m net-4 ThreadId(42) [2mzenoh_task[0m[2m:[0m Failed to terminate the task
[2m2026-09-14T10:46:15.028454Z[0m [31mERROR[0m net-5 ThreadId(43) [2mzenoh_task[0m[2m:[0m Failed to terminate the task
[2m2026-09-14T10:46:18.077352Z[0m [31mERROR[0m net-6 ThreadId(45) [2mzenoh_task[0m[2m:[0m Failed to terminate the task
[2m2026-09-14T10:46:18.077544Z[0m [31mERROR[0m net-0 ThreadId(08) [2mzenoh_task[0m[2m:[0m Failed to terminate the task
[2m2026-09-14T10:46:20.018394Z[0m [31mERROR[0m net-1 ThreadId(12) [2mzenoh_task[0m[2m:[0m Failed to terminate the task
[2m2026-09-14T10:46:26.022204Z[0m [31mERROR[0m net-2 ThreadId(40) [2mzenoh_task[0m[2m:[0m Failed to terminate the task
[2m2026-09-14T10:46:29.158268Z[0m [31mERROR[0m net-4 ThreadId(42) [2mzenoh_task[0m[2m:[0m Failed to terminate the task
[2m2026-09-14T10:46:31.686450Z[0m [31mERROR[0m net-6 ThreadId(45) [2mzenoh_task[0m[2m:[0m Failed to terminate the task
[2m2026-09-14T10:46:39.898511Z[0m [31mERROR[0m net-5 ThreadId(43) [2mzenoh_task[0m[2m:[0m Failed to terminate the task
[2m2026-09-14T10:46:39.898512Z[0m [31mERROR[0m net-1 ThreadId(12) [2mzenoh_task[0m[2m:[0m Failed to terminate the task
[2m2026-09-14T10:46:39.898511Z[0m [31mERROR[0m net-2 ThreadId(40) [2mzenoh_task[0m[2m:[0m Failed to terminate the task
[2m2026-09-14T10:46:45.570692Z[0m [31mERROR[0m net-0 ThreadId(08) [2mzenoh_task[0m[2m:[0m Failed to terminate the task
[2m2026-09-14T10:46:45.570692Z[0m [31mERROR[0m net-3 ThreadId(41) [2mzenoh_task[0m[2m:[0m Failed to terminate the task
[2m2026-09-14T10:46:45.572246Z[0m [31mERROR[0m net-4 ThreadId(42) [2mzenoh_task[0m[2m:[0m Failed to terminate the task
[2m2026-09-14T10:46:45.628976Z[0m [31mERROR[0m  rx-1 ThreadId(14) [2mzenoh::net::routing::hat::router::token[0m[2m:[0m Network graph doesn't contain destination node [3mnode_id[0m[2m=[0m1
[2m2026-09-14T10:46:45.629095Z[0m [31mERROR[0m  rx-1 ThreadId(14) [2mzenoh::net::routing::hat::router::token[0m[2m:[0m Network graph doesn't contain destination node [3mnode_id[0m[2m=[0m1
[2m2026-09-14T10:46:45.629133Z[0m [31mERROR[0m  rx-1 ThreadId(14) [2mzenoh::net::routing::hat::router::token[0m[2m:[0m Network graph doesn't contain destination node [3mnode_id[0m[2m=[0m1
[2m2026-09-14T10:46:45.629163Z[0m [31mERROR[0m  rx-1 ThreadId(14) [2mzenoh::net::routing::hat::router::token[0m[2m:[0m Network graph doesn't contain destination node [3mnode_id[0m[2m=[0m1
[2m2026-09-14T10:46:45.629193Z[0m [31mERROR[0m  rx-1 ThreadId(14) [2mzenoh::net::routing::hat::router::token[0m[2m:[0m Network graph doesn't contain destination node [3mnode_id[0m[2m=[0m1
[2m2026-09-14T10:46:45.629220Z[0m [31mERROR[0m  rx-1 ThreadId(14) [2mzenoh::net::routing::hat::router::token[0m[2m:[0m Network graph doesn't contain destination node [3mnode_id[0m[2m=[0m1
[2m2026-09-14T10:46:45.629344Z[0m [31mERROR[0m  rx-1 ThreadId(14) [2mzenoh::net::routing::hat::router::token[0m[2m:[0m Network graph doesn't contain destination node [3mnode_id[0m[2m=[0m1
[2m2026-09-14T10:46:45.629400Z[0m [31mERROR[0m  rx-1 ThreadId(14) [2mzenoh::net::routing::hat::router::token[0m[2m:[0m Network graph doesn't contain destination node [3mnode_id[0m[2m=[0m1
[2m2026-09-14T10:46:45.629608Z[0m [31mERROR[0m  rx-1 ThreadId(14) [2mzenoh::net::routing::hat::router::token[0m[2m:[0m Network graph doesn't contain destination node [3mnode_id[0m[2m=[0m1
[2m2026-09-14T10:46:45.629643Z[0m [31mERROR[0m  rx-1 ThreadId(14) [2mzenoh::net::routing::hat::router::token[0m[2m:[0m Network graph doesn't contain destination node [3mnode_id[0m[2m=[0m2
[2m2026-09-14T10:46:45.629736Z[0m [31mERROR[0m  rx-1 ThreadId(14) [2mzenoh::net::routing::hat::router::token[0m[2m:[0m Network graph doesn't contain destination node [3mnode_id[0m[2m=[0m1
[2m2026-09-14T10:46:45.629749Z[0m [31mERROR[0m  rx-1 ThreadId(14) [2mzenoh::net::routing::hat::router::token[0m[2m:[0m Network graph doesn't contain destination node [3mnode_id[0m[2m=[0m2
[2m2026-09-14T10:46:45.629804Z[0m [31mERROR[0m  rx-1 ThreadId(14) [2mzenoh::net::routing::hat::router::token[0m[2m:[0m Network graph doesn't contain destination node [3mnode_id[0m[2m=[0m1
[2m2026-09-14T10:46:45.629818Z[0m [31mERROR[0m  rx-1 ThreadId(14) [2mzenoh::net::routing::hat::router::token[0m[2m:[0m Network graph doesn't contain destination node [3mnode_id[0m[2m=[0m2
[2m2026-09-14T10:46:45.629872Z[0m [31mERROR[0m  rx-1 ThreadId(14) [2mzenoh::net::routing::hat::router::token[0m[2m:[0m Network graph doesn't contain destination node [3mnode_id[0m[2m=[0m1
[2m2026-09-14T10:46:45.629879Z[0m [31mERROR[0m  rx-1 ThreadId(14) [2mzenoh::net::routing::hat::router::token[0m[2m:[0m Network graph doesn't contain destination node [3mnode_id[0m[2m=[0m2
[2m2026-09-14T10:46:45.629964Z[0m [31mERROR[0m  rx-1 ThreadId(14) [2mzenoh::net::routing::hat::router::token[0m[2m:[0m Network graph doesn't contain destination node [3mnode_id[0m[2m=[0m1
[2m2026-09-14T10:46:45.629971Z[0m [31mERROR[0m  rx-1 ThreadId(14) [2mzenoh::net::routing::hat::router::token[0m[2m:[0m Network graph doesn't contain destination node [3mnode_id[0m[2m=[0m2
[2m2026-09-14T10:46:45.630084Z[0m [31mERROR[0m  rx-1 ThreadId(14) [2mzenoh::net::routing::hat::router::token[0m[2m:[0m Network graph doesn't contain destination node [3mnode_id[0m[2m=[0m1
[2m2026-09-14T10:46:45.630095Z[0m [31mERROR[0m  rx-1 ThreadId(14) [2mzenoh::net::routing::hat::router::token[0m[2m:[0m Network graph doesn't contain destination node [3mnode_id[0m[2m=[0m2
[2m2026-09-14T10:46:45.630141Z[0m [31mERROR[0m  rx-1 ThreadId(14) [2mzenoh::net::routing::hat::router::token[0m[2m:[0m Network graph doesn't contain destination node [3mnode_id[0m[2m=[0m1
[2m2026-09-14T10:46:45.630150Z[0m [31mERROR[0m  rx-1 ThreadId(14) [2mzenoh::net::routing::hat::router::token[0m[2m:[0m Network graph doesn't contain destination node [3mnode_id[0m[2m=[0m2
[2m2026-09-14T10:46:45.630211Z[0m [31mERROR[0m  rx-1 ThreadId(14) [2mzenoh::net::routing::hat::router::token[0m[2m:[0m Network graph doesn't contain destination node [3mnode_id[0m[2m=[0m1
[2m2026-09-14T10:46:45.630223Z[0m [31mERROR[0m  rx-1 ThreadId(14) [2mzenoh::net::routing::hat::router::token[0m[2m:[0m Network graph doesn't contain destination node [3mnode_id[0m[2m=[0m2
[2m2026-09-14T10:46:45.630262Z[0m [31mERROR[0m  rx-1 ThreadId(14) [2mzenoh::net::routing::hat::router::token[0m[2m:[0m Network graph doesn't contain destination node [3mnode_id[0m[2m=[0m1
[2m2026-09-14T10:46:45.630268Z[0m [31mERROR[0m  rx-1 ThreadId(14) [2mzenoh::net::routing::hat::router::token[0m[2m:[0m Network graph doesn't contain destination node [3mnode_id[0m[2m=[0m2
[2m2026-09-14T10:46:45.630329Z[0m [31mERROR[0m  rx-1 ThreadId(14) [2mzenoh::net::routing::hat::router::token[0m[2m:[0m Network graph doesn't contain destination node [3mnode_id[0m[2m=[0m1
[2m2026-09-14T10:46:45.630339Z[0m [31mERROR[0m  rx-1 ThreadId(14) [2mzenoh::net::routing::hat::router::token[0m[2m:[0m Network graph doesn't contain destination node [3mnode_id[0m[2m=[0m2
[2m2026-09-14T10:46:45.630357Z[0m [31mERROR[0m  rx-1 ThreadId(14) [2mzenoh::net::routing::hat::router::token[0m[2m:[0m Network graph doesn't contain destination node [3mnode_id[0m[2m=[0m1
[2m2026-09-14T10:46:45.630394Z[0m [31mERROR[0m  rx-1 ThreadId(14) [2mzenoh::net::routing::hat::router::token[0m[2m:[0m Network graph doesn't contain destination node [3mnode_id[0m[2m=[0m2
[2m2026-09-14T10:46:45.630461Z[0m [31mERROR[0m  rx-1 ThreadId(14) [2mzenoh::net::routing::hat::router::token[0m[2m:[0m Network graph doesn't contain destination node [3mnode_id[0m[2m=[0m1
[2m2026-09-14T10:46:45.630470Z[0m [31mERROR[0m  rx-1 ThreadId(14) [2mzenoh::net::routing::hat::router::token[0m[2m:[0m Network graph doesn't contain destination node [3mnode_id[0m[2m=[0m2
[2m2026-09-14T10:46:45.630506Z[0m [31mERROR[0m  rx-1 ThreadId(14) [2mzenoh::net::routing::hat::router::token[0m[2m:[0m Network graph doesn't contain destination node [3mnode_id[0m[2m=[0m1
[2m2026-09-14T10:46:45.630512Z[0m [31mERROR[0m  rx-1 ThreadId(14) [2mzenoh::net::routing::hat::router::token[0m[2m:[0m Network graph doesn't contain destination node [3mnode_id[0m[2m=[0m2
[2m2026-09-14T10:46:45.630559Z[0m [31mERROR[0m  rx-1 ThreadId(14) [2mzenoh::net::routing::hat::router::token[0m[2m:[0m Network graph doesn't contain destination node [3mnode_id[0m[2m=[0m1
[2m2026-09-14T10:46:45.630579Z[0m [31mERROR[0m  rx-1 ThreadId(14) [2mzenoh::net::routing::hat::router::token[0m[2m:[0m Network graph doesn't contain destination node [3mnode_id[0m[2m=[0m2
[2m2026-09-14T10:46:45.630618Z[0m [31mERROR[0m  rx-1 ThreadId(14) [2mzenoh::net::routing::hat::router::token[0m[2m:[0m Network graph doesn't contain destination node [3mnode_id[0m[2m=[0m1
[2m2026-09-14T10:46:45.630624Z[0m [31mERROR[0m  rx-1 ThreadId(14) [2mzenoh::net::routing::hat::router::token[0m[2m:[0m Network graph doesn't contain destination node [3mnode_id[0m[2m=[0m2
[2m2026-09-14T10:46:45.630666Z[0m [31mERROR[0m  rx-1 ThreadId(14) [2mzenoh::net::routing::hat::router::token[0m[2m:[0m Network graph doesn't contain destination node [3mnode_id[0m[2m=[0m1
[2m2026-09-14T10:46:45.630672Z[0m [31mERROR[0m  rx-1 ThreadId(14) [2mzenoh::net::routing::hat::router::token[0m[2m:[0m Network graph doesn't contain destination node [3mnode_id[0m[2m=[0m2
[2m2026-09-14T10:46:45.630782Z[0m [31mERROR[0m  rx-1 ThreadId(14) [2mzenoh::net::routing::hat::router::token[0m[2m:[0m Network graph doesn't contain destination node [3mnode_id[0m[2m=[0m1
[2m2026-09-14T10:46:45.630817Z[0m [31mERROR[0m  rx-1 ThreadId(14) [2mzenoh::net::routing::hat::router::token[0m[2m:[0m Network graph doesn't contain destination node [3mnode_id[0m[2m=[0m2
[2m2026-09-14T10:46:45.630860Z[0m [31mERROR[0m  rx-1 ThreadId(14) [2mzenoh::net::routing::hat::router::token[0m[2m:[0m Network graph doesn't contain destination node [3mnode_id[0m[2m=[0m1
[2m2026-09-14T10:46:45.630865Z[0m [31mERROR[0m  rx-1 ThreadId(14) [2mzenoh::net::routing::hat::router::token[0m[2m:[0m Network graph doesn't contain destination node [3mnode_id[0m[2m=[0m2
[2m2026-09-14T10:46:45.630894Z[0m [31mERROR[0m  rx-1 ThreadId(14) [2mzenoh::net::routing::hat::router::token[0m[2m:[0m Network graph doesn't contain destination node [3mnode_id[0m[2m=[0m1
[2m2026-09-14T10:46:45.630900Z[0m [31mERROR[0m  rx-1 ThreadId(14) [2mzenoh::net::routing::hat::router::token[0m[2m:[0m Network graph doesn't contain destination node [3mnode_id[0m[2m=[0m2
[2m2026-09-14T10:46:45.630930Z[0m [31mERROR[0m  rx-1 ThreadId(14) [2mzenoh::net::routing::hat::router::token[0m[2m:[0m Network graph doesn't contain destination node [3mnode_id[0m[2m=[0m1
[2m2026-09-14T10:46:45.630936Z[0m [31mERROR[0m  rx-1 ThreadId(14) [2mzenoh::net::routing::hat::router::token[0m[2m:[0m Network graph doesn't contain destination node [3mnode_id[0m[2m=[0m2
[2m2026-09-14T10:46:45.630949Z[0m [31mERROR[0m  rx-1 ThreadId(14) [2mzenoh::net::routing::hat::router::token[0m[2m:[0m Network graph doesn't contain destination node [3mnode_id[0m[2m=[0m1
[2m2026-09-14T10:46:45.630956Z[0m [31mERROR[0m  rx-1 ThreadId(14) [2mzenoh::net::routing::hat::router::token[0m[2m:[0m Network graph doesn't contain destination node [3mnode_id[0m[2m=[0m2
[2m2026-09-14T10:46:45.631012Z[0m [31mERROR[0m  rx-1 ThreadId(14) [2mzenoh::net::routing::hat::router::token[0m[2m:[0m Network graph doesn't contain destination node [3mnode_id[0m[2m=[0m1
[2m2026-09-14T10:46:45.631025Z[0m [31mERROR[0m  rx-1 ThreadId(14) [2mzenoh::net::routing::hat::router::token[0m[2m:[0m Network graph doesn't contain destination node [3mnode_id[0m[2m=[0m2
[2m2026-09-14T10:46:45.631074Z[0m [31mERROR[0m  rx-1 ThreadId(14) [2mzenoh::net::routing::hat::router::token[0m[2m:[0m Network graph doesn't contain destination node [3mnode_id[0m[2m=[0m1
[2m2026-09-14T10:46:45.631084Z[0m [31mERROR[0m  rx-1 ThreadId(14) [2mzenoh::net::routing::hat::router::token[0m[2m:[0m Network graph doesn't contain destination node [3mnode_id[0m[2m=[0m2
[2m2026-09-14T10:46:45.631118Z[0m [31mERROR[0m  rx-1 ThreadId(14) [2mzenoh::net::routing::hat::router::token[0m[2m:[0m Network graph doesn't contain destination node [3mnode_id[0m[2m=[0m1
[2m2026-09-14T10:46:45.631136Z[0m [31mERROR[0m  rx-1 ThreadId(14) [2mzenoh::net::routing::hat::router::token[0m[2m:[0m Network graph doesn't contain destination node [3mnode_id[0m[2m=[0m2
[2m2026-09-14T10:46:45.631177Z[0m [31mERROR[0m  rx-1 ThreadId(14) [2mzenoh::net::routing::hat::router::token[0m[2m:[0m Network graph doesn't contain destination node [3mnode_id[0m[2m=[0m1
[2m2026-09-14T10:46:45.631184Z[0m [31mERROR[0m  rx-1 ThreadId(14) [2mzenoh::net::routing::hat::router::token[0m[2m:[0m Network graph doesn't contain destination node [3mnode_id[0m[2m=[0m2
[2m2026-09-14T10:46:45.631237Z[0m [31mERROR[0m  rx-1 ThreadId(14) [2mzenoh::net::routing::hat::router::token[0m[2m:[0m Network graph doesn't contain destination node [3mnode_id[0m[2m=[0m1
[2m2026-09-14T10:46:45.631246Z[0m [31mERROR[0m  rx-1 ThreadId(14) [2mzenoh::net::routing::hat::router::token[0m[2m:[0m Network graph doesn't contain destination node [3mnode_id[0m[2m=[0m2
[2m2026-09-14T10:46:45.631267Z[0m [31mERROR[0m  rx-1 ThreadId(14) [2mzenoh::net::routing::hat::router::token[0m[2m:[0m Network graph doesn't contain destination node [3mnode_id[0m[2m=[0m1
[2m2026-09-14T10:46:45.631270Z[0m [31mERROR[0m  rx-1 ThreadId(14) [2mzenoh::net::routing::hat::router::token[0m[2m:[0m Network graph doesn't contain destination node [3mnode_id[0m[2m=[0m2
[2m2026-09-14T10:46:45.631291Z[0m [31mERROR[0m  rx-1 ThreadId(14) [2mzenoh::net::routing::hat::router::token[0m[2m:[0m Network graph doesn't contain destination node [3mnode_id[0m[2m=[0m1
[2m2026-09-14T10:46:45.631295Z[0m [31mERROR[0m  rx-1 ThreadId(14) [2mzenoh::net::routing::hat::router::token[0m[2m:[0m Network graph doesn't contain destination node [3mnode_id[0m[2m=[0m2
[2m2026-09-14T10:46:45.631337Z[0m [31mERROR[0m  rx-1 ThreadId(14) [2mzenoh::net::routing::hat::router::token[0m[2m:[0m Network graph doesn't contain destination node [3mnode_id[0m[2m=[0m1
[2m2026-09-14T10:46:45.631341Z[0m [31mERROR[0m  rx-1 ThreadId(14) [2mzenoh::net::routing::hat::router::token[0m[2m:[0m Network graph doesn't contain destination node [3mnode_id[0m[2m=[0m2
[2m2026-09-14T10:46:45.631393Z[0m [31mERROR[0m  rx-1 ThreadId(14) [2mzenoh::net::routing::hat::router::token[0m[2m:[0m Network graph doesn't contain destination node [3mnode_id[0m[2m=[0m1
[2m2026-09-14T10:46:45.631405Z[0m [31mERROR[0m  rx-1 ThreadId(14) [2mzenoh::net::routing::hat::router::token[0m[2m:[0m Network graph doesn't contain destination node [3mnode_id[0m[2m=[0m2
[2m2026-09-14T10:46:45.631445Z[0m [31mERROR[0m  rx-1 ThreadId(14) [2mzenoh::net::routing::hat::router::token[0m[2m:[0m Network graph doesn't contain destination node [3mnode_id[0m[2m=[0m1
[2m2026-09-14T10:46:45.631450Z[0m [31mERROR[0m  rx-1 ThreadId(14) [2mzenoh::net::routing::hat::router::token[0m[2m:[0m Network graph doesn't contain destination node [3mnode_id[0m[2m=[0m2
[2m2026-09-14T10:46:45.631480Z[0m [31mERROR[0m  rx-1 ThreadId(14) [2mzenoh::net::routing::hat::router::token[0m[2m:[0m Network graph doesn't contain destination node [3mnode_id[0m[2m=[0m1
[2m2026-09-14T10:46:45.631488Z[0m [31mERROR[0m  rx-1 ThreadId(14) [2mzenoh::net::routing::hat::router::token[0m[2m:[0m Network graph doesn't contain destination node [3mnode_id[0m[2m=[0m2
[2m2026-09-14T10:46:45.631514Z[0m [31mERROR[0m  rx-1 ThreadId(14) [2mzenoh::net::routing::hat::router::token[0m[2m:[0m Network graph doesn't contain destination node [3mnode_id[0m[2m=[0m1
[2m2026-09-14T10:46:45.631519Z[0m [31mERROR[0m  rx-1 ThreadId(14) [2mzenoh::net::routing::hat::router::token[0m[2m:[0m Network graph doesn't contain destination node [3mnode_id[0m[2m=[0m2
[2m2026-09-14T10:46:45.631534Z[0m [31mERROR[0m  rx-1 ThreadId(14) [2mzenoh::net::routing::hat::router::token[0m[2m:[0m Network graph doesn't contain destination node [3mnode_id[0m[2m=[0m1
[2m2026-09-14T10:46:45.631552Z[0m [31mERROR[0m  rx-1 ThreadId(14) [2mzenoh::net::routing::hat::router::token[0m[2m:[0m Network graph doesn't contain destination node [3mnode_id[0m[2m=[0m2
[2m2026-09-14T10:46:45.631572Z[0m [31mERROR[0m  rx-1 ThreadId(14) [2mzenoh::net::routing::hat::router::token[0m[2m:[0m Network graph doesn't contain destination node [3mnode_id[0m[2m=[0m1
[2m2026-09-14T10:46:45.631580Z[0m [31mERROR[0m  rx-1 ThreadId(14) [2mzenoh::net::routing::hat::router::token[0m[2m:[0m Network graph doesn't contain destination node [3mnode_id[0m[2m=[0m2
[2m2026-09-14T10:46:45.631636Z[0m [31mERROR[0m  rx-1 ThreadId(14) [2mzenoh::net::routing::hat::router::token[0m[2m:[0m Network graph doesn't contain destination node [3mnode_id[0m[2m=[0m1
[2m2026-09-14T10:46:45.631664Z[0m [31mERROR[0m  rx-1 ThreadId(14) [2mzenoh::net::routing::hat::router::token[0m[2m:[0m Network graph doesn't contain destination node [3mnode_id[0m[2m=[0m2
[2m2026-09-14T10:46:45.631732Z[0m [31mERROR[0m  rx-1 ThreadId(14) [2mzenoh::net::routing::hat::router::token[0m[2m:[0m Network graph doesn't contain destination node [3mnode_id[0m[2m=[0m1
[2m2026-09-14T10:46:45.631745Z[0m [31mERROR[0m  rx-1 ThreadId(14) [2mzenoh::net::routing::hat::router::token[0m[2m:[0m Network graph doesn't contain destination node [3mnode_id[0m[2m=[0m2
[2m2026-09-14T10:46:45.631794Z[0m [31mERROR[0m  rx-1 ThreadId(14) [2mzenoh::net::routing::hat::router::token[0m[2m:[0m Network graph doesn't contain destination node [3mnode_id[0m[2m=[0m1
[2m2026-09-14T10:46:45.631808Z[0m [31mERROR[0m  rx-1 ThreadId(14) [2mzenoh::net::routing::hat::router::token[0m[2m:[0m Network graph doesn't contain destination node [3mnode_id[0m[2m=[0m2
[2m2026-09-14T10:46:45.631831Z[0m [31mERROR[0m  rx-1 ThreadId(14) [2mzenoh::net::routing::hat::router::token[0m[2m:[0m Network graph doesn't contain destination node [3mnode_id[0m[2m=[0m1
[2m2026-09-14T10:46:45.631842Z[0m [31mERROR[0m  rx-1 ThreadId(14) [2mzenoh::net::routing::hat::router::token[0m[2m:[0m Network graph doesn't contain destination node [3mnode_id[0m[2m=[0m2
[2m2026-09-14T10:46:45.631869Z[0m [31mERROR[0m  rx-1 ThreadId(14) [2mzenoh::net::routing::hat::router::token[0m[2m:[0m Network graph doesn't contain destination node [3mnode_id[0m[2m=[0m1
[2m2026-09-14T10:46:45.631880Z[0m [31mERROR[0m  rx-1 ThreadId(14) [2mzenoh::net::routing::hat::router::token[0m[2m:[0m Network graph doesn't contain destination node [3mnode_id[0m[2m=[0m2
[2m2026-09-14T10:46:45.631940Z[0m [31mERROR[0m  rx-1 ThreadId(14) [2mzenoh::net::routing::hat::router::token[0m[2m:[0m Network graph doesn't contain destination node [3mnode_id[0m[2m=[0m1
[2m2026-09-14T10:46:45.631961Z[0m [31mERROR[0m  rx-1 ThreadId(14) [2mzenoh::net::routing::hat::router::token[0m[2m:[0m Network graph doesn't contain destination node [3mnode_id[0m[2m=[0m2
[2m2026-09-14T10:46:45.631997Z[0m [31mERROR[0m  rx-1 ThreadId(14) [2mzenoh::net::routing::hat::router::token[0m[2m:[0m Network graph doesn't contain destination node [3mnode_id[0m[2m=[0m1
[2m2026-09-14T10:46:45.632011Z[0m [31mERROR[0m  rx-1 ThreadId(14) [2mzenoh::net::routing::hat::router::token[0m[2m:[0m Network graph doesn't contain destination node [3mnode_id[0m[2m=[0m2
[2m2026-09-14T10:46:45.632043Z[0m [31mERROR[0m  rx-1 ThreadId(14) [2mzenoh::net::routing::hat::router::token[0m[2m:[0m Network graph doesn't contain destination node [3mnode_id[0m[2m=[0m1
[2m2026-09-14T10:46:45.632051Z[0m [31mERROR[0m  rx-1 ThreadId(14) [2mzenoh::net::routing::hat::router::token[0m[2m:[0m Network graph doesn't contain destination node [3mnode_id[0m[2m=[0m2
[2m2026-09-14T10:46:45.632086Z[0m [31mERROR[0m  rx-1 ThreadId(14) [2mzenoh::net::routing::hat::router::token[0m[2m:[0m Network graph doesn't contain destination node [3mnode_id[0m[2m=[0m1
[2m2026-09-14T10:46:45.632091Z[0m [31mERROR[0m  rx-1 ThreadId(14) [2mzenoh::net::routing::hat::router::token[0m[2m:[0m Network graph doesn't contain destination node [3mnode_id[0m[2m=[0m2
[2m2026-09-14T10:46:45.632149Z[0m [31mERROR[0m  rx-1 ThreadId(14) [2mzenoh::net::routing::hat::router::token[0m[2m:[0m Network graph doesn't contain destination node [3mnode_id[0m[2m=[0m1
[2m2026-09-14T10:46:45.632156Z[0m [31mERROR[0m  rx-1 ThreadId(14) [2mzenoh::net::routing::hat::router::token[0m[2m:[0m Network graph doesn't contain destination node [3mnode_id[0m[2m=[0m2
[2m2026-09-14T10:46:45.632189Z[0m [31mERROR[0m  rx-1 ThreadId(14) [2mzenoh::net::routing::hat::router::token[0m[2m:[0m Network graph doesn't contain destination node [3mnode_id[0m[2m=[0m1
[2m2026-09-14T10:46:45.632195Z[0m [31mERROR[0m  rx-1 ThreadId(14) [2mzenoh::net::routing::hat::router::token[0m[2m:[0m Network graph doesn't contain destination node [3mnode_id[0m[2m=[0m2
[2m2026-09-14T10:46:45.632227Z[0m [31mERROR[0m  rx-1 ThreadId(14) [2mzenoh::net::routing::hat::router::token[0m[2m:[0m Network graph doesn't contain destination node [3mnode_id[0m[2m=[0m1
[2m2026-09-14T10:46:45.632233Z[0m [31mERROR[0m  rx-1 ThreadId(14) [2mzenoh::net::routing::hat::router::token[0m[2m:[0m Network graph doesn't contain destination node [3mnode_id[0m[2m=[0m2
[2m2026-09-14T10:46:45.632261Z[0m [31mERROR[0m  rx-1 ThreadId(14) [2mzenoh::net::routing::hat::router::token[0m[2m:[0m Network graph doesn't contain destination node [3mnode_id[0m[2m=[0m1
[2m2026-09-14T10:46:45.632267Z[0m [31mERROR[0m  rx-1 ThreadId(14) [2mzenoh::net::routing::hat::router::token[0m[2m:[0m Network graph doesn't contain destination node [3mnode_id[0m[2m=[0m2
[2m2026-09-14T10:46:45.632326Z[0m [31mERROR[0m  rx-1 ThreadId(14) [2mzenoh::net::routing::hat::router::token[0m[2m:[0m Network graph doesn't contain destination node [3mnode_id[0m[2m=[0m1
[2m2026-09-14T10:46:45.632333Z[0m [31mERROR[0m  rx-1 ThreadId(14) [2mzenoh::net::routing::hat::router::token[0m[2m:[0m Network graph doesn't contain destination node [3mnode_id[0m[2m=[0m2
[2m2026-09-14T10:46:45.632374Z[0m [31mERROR[0m  rx-1 ThreadId(14) [2mzenoh::net::routing::hat::router::token[0m[2m:[0m Network graph doesn't contain destination node [3mnode_id[0m[2m=[0m1
[2m2026-09-14T10:46:45.632380Z[0m [31mERROR[0m  rx-1 ThreadId(14) [2mzenoh::net::routing::hat::router::token[0m[2m:[0m Network graph doesn't contain destination node [3mnode_id[0m[2m=[0m2
[2m2026-09-14T10:46:45.632419Z[0m [31mERROR[0m  rx-1 ThreadId(14) [2mzenoh::net::routing::hat::router::token[0m[2m:[0m Network graph doesn't contain destination node [3mnode_id[0m[2m=[0m1
[2m2026-09-14T10:46:45.632427Z[0m [31mERROR[0m  rx-1 ThreadId(14) [2mzenoh::net::routing::hat::router::token[0m[2m:[0m Network graph doesn't contain destination node [3mnode_id[0m[2m=[0m2
[2m2026-09-14T10:46:45.632470Z[0m [31mERROR[0m  rx-1 ThreadId(14) [2mzenoh::net::routing::hat::router::token[0m[2m:[0m Network graph doesn't contain destination node [3mnode_id[0m[2m=[0m1
[2m2026-09-14T10:46:45.632476Z[0m [31mERROR[0m  rx-1 ThreadId(14) [2mzenoh::net::routing::hat::router::token[0m[2m:[0m Network graph doesn't contain destination node [3mnode_id[0m[2m=[0m2
[2m2026-09-14T10:46:45.632521Z[0m [31mERROR[0m  rx-1 ThreadId(14) [2mzenoh::net::routing::hat::router::token[0m[2m:[0m Network graph doesn't contain destination node [3mnode_id[0m[2m=[0m1
[2m2026-09-14T10:46:45.632534Z[0m [31mERROR[0m  rx-1 ThreadId(14) [2mzenoh::net::routing::hat::router::token[0m[2m:[0m Network graph doesn't contain destination node [3mnode_id[0m[2m=[0m2
[2m2026-09-14T10:46:45.632555Z[0m [31mERROR[0m  rx-1 ThreadId(14) [2mzenoh::net::routing::hat::router::token[0m[2m:[0m Network graph doesn't contain destination node [3mnode_id[0m[2m=[0m1
[2m2026-09-14T10:46:45.632565Z[0m [31mERROR[0m  rx-1 ThreadId(14) [2mzenoh::net::routing::hat::router::token[0m[2m:[0m Network graph doesn't contain destination node [3mnode_id[0m[2m=[0m2
[2m2026-09-14T10:46:45.632619Z[0m [31mERROR[0m  rx-1 ThreadId(14) [2mzenoh::net::routing::hat::router::token[0m[2m:[0m Network graph doesn't contain destination node [3mnode_id[0m[2m=[0m1
[2m2026-09-14T10:46:45.632627Z[0m [31mERROR[0m  rx-1 ThreadId(14) [2mzenoh::net::routing::hat::router::token[0m[2m:[0m Network graph doesn't contain destination node [3mnode_id[0m[2m=[0m2
[2m2026-09-14T10:46:45.632656Z[0m [31mERROR[0m  rx-1 ThreadId(14) [2mzenoh::net::routing::hat::router::token[0m[2m:[0m Network graph doesn't contain destination node [3mnode_id[0m[2m=[0m1
[2m2026-09-14T10:46:45.632664Z[0m [31mERROR[0m  rx-1 ThreadId(14) [2mzenoh::net::routing::hat::router::token[0m[2m:[0m Network graph doesn't contain destination node [3mnode_id[0m[2m=[0m2
[2m2026-09-14T10:46:45.632710Z[0m [31mERROR[0m  rx-1 ThreadId(14) [2mzenoh::net::routing::hat::router::token[0m[2m:[0m Network graph doesn't contain destination node [3mnode_id[0m[2m=[0m1
[2m2026-09-14T10:46:45.632716Z[0m [31mERROR[0m  rx-1 ThreadId(14) [2mzenoh::net::routing::hat::router::token[0m[2m:[0m Network graph doesn't contain destination node [3mnode_id[0m[2m=[0m2
[2m2026-09-14T10:46:45.632745Z[0m [31mERROR[0m  rx-1 ThreadId(14) [2mzenoh::net::routing::hat::router::token[0m[2m:[0m Network graph doesn't contain destination node [3mnode_id[0m[2m=[0m1
[2m2026-09-14T10:46:45.632750Z[0m [31mERROR[0m  rx-1 ThreadId(14) [2mzenoh::net::routing::hat::router::token[0m[2m:[0m Network graph doesn't contain destination node [3mnode_id[0m[2m=[0m2
[2m2026-09-14T10:46:45.632787Z[0m [31mERROR[0m  rx-1 ThreadId(14) [2mzenoh::net::routing::hat::router::token[0m[2m:[0m Network graph doesn't contain destination node [3mnode_id[0m[2m=[0m1
[2m2026-09-14T10:46:45.632792Z[0m [31mERROR[0m  rx-1 ThreadId(14) [2mzenoh::net::routing::hat::router::token[0m[2m:[0m Network graph doesn't contain destination node [3mnode_id[0m[2m=[0m2
[2m2026-09-14T10:46:45.632808Z[0m [31mERROR[0m  rx-1 ThreadId(14) [2mzenoh::net::routing::hat::router::token[0m[2m:[0m Network graph doesn't contain destination node [3mnode_id[0m[2m=[0m1
[2m2026-09-14T10:46:45.632818Z[0m [31mERROR[0m  rx-1 ThreadId(14) [2mzenoh::net::routing::hat::router::token[0m[2m:[0m Network graph doesn't contain destination node [3mnode_id[0m[2m=[0m2
[2m2026-09-14T10:46:45.632843Z[0m [31mERROR[0m  rx-1 ThreadId(14) [2mzenoh::net::routing::hat::router::token[0m[2m:[0m Network graph doesn't contain destination node [3mnode_id[0m[2m=[0m1
[2m2026-09-14T10:46:45.632853Z[0m [31mERROR[0m  rx-1 ThreadId(14) [2mzenoh::net::routing::hat::router::token[0m[2m:[0m Network graph doesn't contain destination node [3mnode_id[0m[2m=[0m2
[2m2026-09-14T10:46:45.632885Z[0m [31mERROR[0m  rx-1 ThreadId(14) [2mzenoh::net::routing::hat::router::token[0m[2m:[0m Network graph doesn't contain destination node [3mnode_id[0m[2m=[0m1
[2m2026-09-14T10:46:45.632896Z[0m [31mERROR[0m  rx-1 ThreadId(14) [2mzenoh::net::routing::hat::router::token[0m[2m:[0m Network graph doesn't contain destination node [3mnode_id[0m[2m=[0m2
[2m2026-09-14T10:46:45.632946Z[0m [31mERROR[0m  rx-1 ThreadId(14) [2mzenoh::net::routing::hat::router::token[0m[2m:[0m Network graph doesn't contain destination node [3mnode_id[0m[2m=[0m1
[2m2026-09-14T10:46:45.632956Z[0m [31mERROR[0m  rx-1 ThreadId(14) [2mzenoh::net::routing::hat::router::token[0m[2m:[0m Network graph doesn't contain destination node [3mnode_id[0m[2m=[0m2
[2m2026-09-14T10:46:45.632990Z[0m [31mERROR[0m  rx-1 ThreadId(14) [2mzenoh::net::routing::hat::router::token[0m[2m:[0m Network graph doesn't contain destination node [3mnode_id[0m[2m=[0m1
[2m2026-09-14T10:46:45.632996Z[0m [31mERROR[0m  rx-1 ThreadId(14) [2mzenoh::net::routing::hat::router::token[0m[2m:[0m Network graph doesn't contain destination node [3mnode_id[0m[2m=[0m2
[2m2026-09-14T10:46:45.633116Z[0m [31mERROR[0m  rx-1 ThreadId(14) [2mzenoh::net::routing::hat::router::token[0m[2m:[0m Network graph doesn't contain destination node [3mnode_id[0m[2m=[0m1
[2m2026-09-14T10:46:45.633134Z[0m [31mERROR[0m  rx-1 ThreadId(14) [2mzenoh::net::routing::hat::router::token[0m[2m:[0m Network graph doesn't contain destination node [3mnode_id[0m[2m=[0m2
[2m2026-09-14T10:46:45.633176Z[0m [31mERROR[0m  rx-1 ThreadId(14) [2mzenoh::net::routing::hat::router::token[0m[2m:[0m Network graph doesn't contain destination node [3mnode_id[0m[2m=[0m1
[2m2026-09-14T10:46:45.633181Z[0m [31mERROR[0m  rx-1 ThreadId(14) [2mzenoh::net::routing::hat::router::token[0m[2m:[0m Network graph doesn't contain destination node [3mnode_id[0m[2m=[0m2
[2m2026-09-14T10:46:45.633211Z[0m [31mERROR[0m  rx-1 ThreadId(14) [2mzenoh::net::routing::hat::router::token[0m[2m:[0m Network graph doesn't contain destination node [3mnode_id[0m[2m=[0m1
[2m2026-09-14T10:46:45.633216Z[0m [31mERROR[0m  rx-1 ThreadId(14) [2mzenoh::net::routing::hat::router::token[0m[2m:[0m Network graph doesn't contain destination node [3mnode_id[0m[2m=[0m2
[2m2026-09-14T10:46:45.633255Z[0m [31mERROR[0m  rx-1 ThreadId(14) [2mzenoh::net::routing::hat::router::token[0m[2m:[0m Network graph doesn't contain destination node [3mnode_id[0m[2m=[0m1
[2m2026-09-14T10:46:45.633268Z[0m [31mERROR[0m  rx-1 ThreadId(14) [2mzenoh::net::routing::hat::router::token[0m[2m:[0m Network graph doesn't contain destination node [3mnode_id[0m[2m=[0m2
[2m2026-09-14T10:46:45.633305Z[0m [31mERROR[0m  rx-1 ThreadId(14) [2mzenoh::net::routing::hat::router::token[0m[2m:[0m Network graph doesn't contain destination node [3mnode_id[0m[2m=[0m1
[2m2026-09-14T10:46:45.633316Z[0m [31mERROR[0m  rx-1 ThreadId(14) [2mzenoh::net::routing::hat::router::token[0m[2m:[0m Network graph doesn't contain destination node [3mnode_id[0m[2m=[0m2
[2m2026-09-14T10:46:45.633352Z[0m [31mERROR[0m  rx-1 ThreadId(14) [2mzenoh::net::routing::hat::router::token[0m[2m:[0m Network graph doesn't contain destination node [3mnode_id[0m[2m=[0m1
[2m2026-09-14T10:46:45.633362Z[0m [31mERROR[0m  rx-1 ThreadId(14) [2mzenoh::net::routing::hat::router::token[0m[2m:[0m Network graph doesn't contain destination node [3mnode_id[0m[2m=[0m2
[2m2026-09-14T10:46:45.633396Z[0m [31mERROR[0m  rx-1 ThreadId(14) [2mzenoh::net::routing::hat::router::token[0m[2m:[0m Network graph doesn't contain destination node [3mnode_id[0m[2m=[0m1
[2m2026-09-14T10:46:45.633402Z[0m [31mERROR[0m  rx-1 ThreadId(14) [2mzenoh::net::routing::hat::router::token[0m[2m:[0m Network graph doesn't contain destination node [3mnode_id[0m[2m=[0m2
[2m2026-09-14T10:46:45.633432Z[0m [31mERROR[0m  rx-1 ThreadId(14) [2mzenoh::net::routing::hat::router::token[0m[2m:[0m Network graph doesn't contain destination node [3mnode_id[0m[2m=[0m1
[2m2026-09-14T10:46:45.633438Z[0m [31mERROR[0m  rx-1 ThreadId(14) [2mzenoh::net::routing::hat::router::token[0m[2m:[0m Network graph doesn't contain destination node [3mnode_id[0m[2m=[0m2
[2m2026-09-14T10:46:45.633453Z[0m [31mERROR[0m  rx-1 ThreadId(14) [2mzenoh::net::routing::hat::router::token[0m[2m:[0m Network graph doesn't contain destination node [3mnode_id[0m[2m=[0m1
[2m2026-09-14T10:46:45.633458Z[0m [31mERROR[0m  rx-1 ThreadId(14) [2mzenoh::net::routing::hat::router::token[0m[2m:[0m Network graph doesn't contain destination node [3mnode_id[0m[2m=[0m2
[2m2026-09-14T10:46:45.633488Z[0m [31mERROR[0m  rx-1 ThreadId(14) [2mzenoh::net::routing::hat::router::token[0m[2m:[0m Network graph doesn't contain destination node [3mnode_id[0m[2m=[0m1
[2m2026-09-14T10:46:45.633494Z[0m [31mERROR[0m  rx-1 ThreadId(14) [2mzenoh::net::routing::hat::router::token[0m[2m:[0m Network graph doesn't contain destination node [3mnode_id[0m[2m=[0m2
[2m2026-09-14T10:46:45.633528Z[0m [31mERROR[0m  rx-1 ThreadId(14) [2mzenoh::net::routing::hat::router::token[0m[2m:[0m Network graph doesn't contain destination node [3mnode_id[0m[2m=[0m1
[2m2026-09-14T10:46:45.633543Z[0m [31mERROR[0m  rx-1 ThreadId(14) [2mzenoh::net::routing::hat::router::token[0m[2m:[0m Network graph doesn't contain destination node [3mnode_id[0m[2m=[0m2
[2m2026-09-14T10:46:45.633588Z[0m [31mERROR[0m  rx-1 ThreadId(14) [2mzenoh::net::routing::hat::router::token[0m[2m:[0m Network graph doesn't contain destination node [3mnode_id[0m[2m=[0m1
[2m2026-09-14T10:46:45.633593Z[0m [31mERROR[0m  rx-1 ThreadId(14) [2mzenoh::net::routing::hat::router::token[0m[2m:[0m Network graph doesn't contain destination node [3mnode_id[0m[2m=[0m2
[2m2026-09-14T10:46:45.633626Z[0m [31mERROR[0m  rx-1 ThreadId(14) [2mzenoh::net::routing::hat::router::token[0m[2m:[0m Network graph doesn't contain destination node [3mnode_id[0m[2m=[0m1
[2m2026-09-14T10:46:45.633633Z[0m [31mERROR[0m  rx-1 ThreadId(14) [2mzenoh::net::routing::hat::router::token[0m[2m:[0m Network graph doesn't contain destination node [3mnode_id[0m[2m=[0m2
[2m2026-09-14T10:46:45.633668Z[0m [31mERROR[0m  rx-1 ThreadId(14) [2mzenoh::net::routing::hat::router::token[0m[2m:[0m Network graph doesn't contain destination node [3mnode_id[0m[2m=[0m1
[2m2026-09-14T10:46:45.633673Z[0m [31mERROR[0m  rx-1 ThreadId(14) [2mzenoh::net::routing::hat::router::token[0m[2m:[0m Network graph doesn't contain destination node [3mnode_id[0m[2m=[0m2
[2m2026-09-14T10:46:45.633705Z[0m [31mERROR[0m  rx-1 ThreadId(14) [2mzenoh::net::routing::hat::router::token[0m[2m:[0m Network graph doesn't contain destination node [3mnode_id[0m[2m=[0m1
[2m2026-09-14T10:46:45.633710Z[0m [31mERROR[0m  rx-1 ThreadId(14) [2mzenoh::net::routing::hat::router::token[0m[2m:[0m Network graph doesn't contain destination node [3mnode_id[0m[2m=[0m2
[2m2026-09-14T10:46:45.633728Z[0m [31mERROR[0m  rx-1 ThreadId(14) [2mzenoh::net::routing::hat::router::token[0m[2m:[0m Network graph doesn't contain destination node [3mnode_id[0m[2m=[0m1
[2m2026-09-14T10:46:45.633736Z[0m [31mERROR[0m  rx-1 ThreadId(14) [2mzenoh::net::routing::hat::router::token[0m[2m:[0m Network graph doesn't contain destination node [3mnode_id[0m[2m=[0m2
[2m2026-09-14T10:46:45.633770Z[0m [31mERROR[0m  rx-1 ThreadId(14) [2mzenoh::net::routing::hat::router::token[0m[2m:[0m Network graph doesn't contain destination node [3mnode_id[0m[2m=[0m1
[2m2026-09-14T10:46:45.633775Z[0m [31mERROR[0m  rx-1 ThreadId(14) [2mzenoh::net::routing::hat::router::token[0m[2m:[0m Network graph doesn't contain destination node [3mnode_id[0m[2m=[0m2
[2m2026-09-14T10:46:45.633818Z[0m [31mERROR[0m  rx-1 ThreadId(14) [2mzenoh::net::routing::hat::router::token[0m[2m:[0m Network graph doesn't contain destination node [3mnode_id[0m[2m=[0m1
[2m2026-09-14T10:46:45.633824Z[0m [31mERROR[0m  rx-1 ThreadId(14) [2mzenoh::net::routing::hat::router::token[0m[2m:[0m Network graph doesn't contain destination node [3mnode_id[0m[2m=[0m2
[2m2026-09-14T10:46:45.633848Z[0m [31mERROR[0m  rx-1 ThreadId(14) [2mzenoh::net::routing::hat::router::token[0m[2m:[0m Network graph doesn't contain destination node [3mnode_id[0m[2m=[0m1
[2m2026-09-14T10:46:45.633857Z[0m [31mERROR[0m  rx-1 ThreadId(14) [2mzenoh::net::routing::hat::router::token[0m[2m:[0m Network graph doesn't contain destination node [3mnode_id[0m[2m=[0m2
[2m2026-09-14T10:46:45.633886Z[0m [31mERROR[0m  rx-1 ThreadId(14) [2mzenoh::net::routing::hat::router::token[0m[2m:[0m Network graph doesn't contain destination node [3mnode_id[0m[2m=[0m1
[2m2026-09-14T10:46:45.633892Z[0m [31mERROR[0m  rx-1 ThreadId(14) [2mzenoh::net::routing::hat::router::token[0m[2m:[0m Network graph doesn't contain destination node [3mnode_id[0m[2m=[0m2
[2m2026-09-14T10:46:45.633936Z[0m [31mERROR[0m  rx-1 ThreadId(14) [2mzenoh::net::routing::hat::router::token[0m[2m:[0m Network graph doesn't contain destination node [3mnode_id[0m[2m=[0m1
[2m2026-09-14T10:46:45.633945Z[0m [31mERROR[0m  rx-1 ThreadId(14) [2mzenoh::net::routing::hat::router::token[0m[2m:[0m Network graph doesn't contain destination node [3mnode_id[0m[2m=[0m2
[2m2026-09-14T10:46:45.633992Z[0m [31mERROR[0m  rx-1 ThreadId(14) [2mzenoh::net::routing::hat::router::token[0m[2m:[0m Network graph doesn't contain destination node [3mnode_id[0m[2m=[0m1
[2m2026-09-14T10:46:45.634000Z[0m [31mERROR[0m  rx-1 ThreadId(14) [2mzenoh::net::routing::hat::router::token[0m[2m:[0m Network graph doesn't contain destination node [3mnode_id[0m[2m=[0m2
[2m2026-09-14T10:46:45.634037Z[0m [31mERROR[0m  rx-1 ThreadId(14) [2mzenoh::net::routing::hat::router::token[0m[2m:[0m Network graph doesn't contain destination node [3mnode_id[0m[2m=[0m1
[2m2026-09-14T10:46:45.634042Z[0m [31mERROR[0m  rx-1 ThreadId(14) [2mzenoh::net::routing::hat::router::token[0m[2m:[0m Network graph doesn't contain destination node [3mnode_id[0m[2m=[0m2
[2m2026-09-14T10:46:45.634082Z[0m [31mERROR[0m  rx-1 ThreadId(14) [2mzenoh::net::routing::hat::router::token[0m[2m:[0m Network graph doesn't contain destination node [3mnode_id[0m[2m=[0m1
[2m2026-09-14T10:46:45.634087Z[0m [31mERROR[0m  rx-1 ThreadId(14) [2mzenoh::net::routing::hat::router::token[0m[2m:[0m Network graph doesn't contain destination node [3mnode_id[0m[2m=[0m2
[2m2026-09-14T10:46:45.634118Z[0m [31mERROR[0m  rx-1 ThreadId(14) [2mzenoh::net::routing::hat::router::token[0m[2m:[0m Network graph doesn't contain destination node [3mnode_id[0m[2m=[0m1
[2m2026-09-14T10:46:45.634125Z[0m [31mERROR[0m  rx-1 ThreadId(14) [2mzenoh::net::routing::hat::router::token[0m[2m:[0m Network graph doesn't contain destination node [3mnode_id[0m[2m=[0m2
[2m2026-09-14T10:46:45.634154Z[0m [31mERROR[0m  rx-1 ThreadId(14) [2mzenoh::net::routing::hat::router::token[0m[2m:[0m Network graph doesn't contain destination node [3mnode_id[0m[2m=[0m1
[2m2026-09-14T10:46:45.634160Z[0m [31mERROR[0m  rx-1 ThreadId(14) [2mzenoh::net::routing::hat::router::token[0m[2m:[0m Network graph doesn't contain destination node [3mnode_id[0m[2m=[0m2
[2m2026-09-14T10:46:45.634193Z[0m [31mERROR[0m  rx-1 ThreadId(14) [2mzenoh::net::routing::hat::router::token[0m[2m:[0m Network graph doesn't contain destination node [3mnode_id[0m[2m=[0m1
[2m2026-09-14T10:46:45.634198Z[0m [31mERROR[0m  rx-1 ThreadId(14) [2mzenoh::net::routing::hat::router::token[0m[2m:[0m Network graph doesn't contain destination node [3mnode_id[0m[2m=[0m2
[2m2026-09-14T10:46:45.634239Z[0m [31mERROR[0m  rx-1 ThreadId(14) [2mzenoh::net::routing::hat::router::token[0m[2m:[0m Network graph doesn't contain destination node [3mnode_id[0m[2m=[0m1
[2m2026-09-14T10:46:45.634247Z[0m [31mERROR[0m  rx-1 ThreadId(14) [2mzenoh::net::routing::hat::router::token[0m[2m:[0m Network graph doesn't contain destination node [3mnode_id[0m[2m=[0m2
[2m2026-09-14T10:46:45.634296Z[0m [31mERROR[0m  rx-1 ThreadId(14) [2mzenoh::net::routing::hat::router::token[0m[2m:[0m Network graph doesn't contain destination node [3mnode_id[0m[2m=[0m1
[2m2026-09-14T10:46:45.634305Z[0m [31mERROR[0m  rx-1 ThreadId(14) [2mzenoh::net::routing::hat::router::token[0m[2m:[0m Network graph doesn't contain destination node [3mnode_id[0m[2m=[0m2
[2m2026-09-14T10:46:45.634328Z[0m [31mERROR[0m  rx-1 ThreadId(14) [2mzenoh::net::routing::hat::router::token[0m[2m:[0m Network graph doesn't contain destination node [3mnode_id[0m[2m=[0m1
[2m2026-09-14T10:46:45.634332Z[0m [31mERROR[0m  rx-1 ThreadId(14) [2mzenoh::net::routing::hat::router::token[0m[2m:[0m Network graph doesn't contain destination node [3mnode_id[0m[2m=[0m2
ok
test scouting_delay_regression ... ok
test static_failover_brokering ... ignored, https://github.com/eclipse-zenoh/zenoh/issues/2224
test three_node_combination_multicast ... ignored, This is a flaky test
test two_node_combination ... [2m2026-09-14T10:46:48.183565Z[0m [31mERROR[0m tokio-rt-worker ThreadId(75) [2mrouting[0m[2m:[0m Failed to open session [3mnode[0m[2m=[0m"Get client" [3merr[0m[2m=[0mUnable to connect to any of [Single(tcp/127.0.0.1:42377)]!  at zenoh/src/net/runtime/orchestrator.rs:419.
[2m2026-09-14T10:46:48.183654Z[0m [31mERROR[0m tokio-rt-worker ThreadId(69) [2mrouting[0m[2m:[0m Failed to open session [3mnode[0m[2m=[0m"Queryable client" [3merr[0m[2m=[0mUnable to connect to any of [Single(tcp/127.0.0.1:39425)]!  at zenoh/src/net/runtime/orchestrator.rs:419.
[2m2026-09-14T10:46:48.264138Z[0m [31mERROR[0m tokio-rt-worker ThreadId(68) [2mrouting[0m[2m:[0m Failed to open session [3mnode[0m[2m=[0m"Liveliness client" [3merr[0m[2m=[0mUnable to connect to any of [Single(tcp/127.0.0.1:42931)]!  at zenoh/src/net/runtime/orchestrator.rs:419.
[2m2026-09-14T10:46:48.694224Z[0m [31mERROR[0m           net-6 ThreadId(45) [2mzenoh_task[0m[2m:[0m Failed to terminate the task
[2m2026-09-14T10:46:49.244023Z[0m [31mERROR[0m tokio-rt-worker ThreadId(66) [2mrouting[0m[2m:[0m Failed to open session [3mnode[0m[2m=[0m"LivelinessGet client" [3merr[0m[2m=[0mUnable to connect to any of [Single(tcp/127.0.0.1:42377)]!  at zenoh/src/net/runtime/orchestrator.rs:419.
[2m2026-09-14T10:46:49.334812Z[0m [31mERROR[0m tokio-rt-worker ThreadId(72) [2mrouting[0m[2m:[0m Failed to open session [3mnode[0m[2m=[0m"Liveliness client" [3merr[0m[2m=[0mUnable to connect to any of [Single(tcp/127.0.0.1:39425)]!  at zenoh/src/net/runtime/orchestrator.rs:419.
[2m2026-09-14T10:46:50.874816Z[0m [31mERROR[0m            rx-1 ThreadId(14) [2mzenoh::net::routing::hat::client::token[0m[2m:[0m Unknown token [3mid[0m[2m=[0m0
[2m2026-09-14T10:46:50.967650Z[0m [31mERROR[0m tokio-rt-worker ThreadId(66) [2mrouting[0m[2m:[0m Failed to open session [3mnode[0m[2m=[0m"LivelinessLoop client" [3merr[0m[2m=[0mUnable to connect to any of [Single(tcp/127.0.0.1:39425)]!  at zenoh/src/net/runtime/orchestrator.rs:419.
ok

test result: ok. 6 passed; 0 failed; 2 ignored; 0 measured; 2 filtered out; finished in 88.33s

     Running tests/session.rs (target/debug/deps/session-7aa3e77888ea414b)

running 8 tests
test test_querier_drop_pending_query_completion_callback_reentrancy ... ok
test test_session_from_cloned_config ... ok
test test_undeclare_subscribers_same_keyexpr ... ok
test zenoh_2sessions_1runtime_init ... ok
test zenoh_session_close ... ok
test zenoh_session_close_in_background_async ... ok
test zenoh_session_close_in_background_sync ... ok
test zenoh_session_unicast ... ok

test result: ok. 8 passed; 0 failed; 0 ignored; 0 measured; 1 filtered out; finished in 37.10s

     Running tests/source_info.rs (target/debug/deps/source_info-43ba225c0dee72ed)

running 4 tests
test test_source_info_pub_sub ... ok
test test_source_info_pub_sub_no_source_info ... ok
test test_source_info_query_reply ... ok
test test_source_info_query_reply_no_source_info ... ok

test result: ok. 4 passed; 0 failed; 0 ignored; 0 measured; 0 filtered out; finished in 4.11s

     Running tests/unicity.rs (target/debug/deps/unicity-4e640255455bd691)

running 2 tests
test zenoh_unicity_brokered ... ok
test zenoh_unicity_p2p ... ok

test result: ok. 2 passed; 0 failed; 0 ignored; 0 measured; 0 filtered out; finished in 24.78s

     Running unittests src/lib.rs (target/debug/deps/zenoh_codec-3e01f29e98a497b4)

running 0 tests

test result: ok. 0 passed; 0 failed; 0 ignored; 0 measured; 0 filtered out; finished in 0.00s

     Running tests/codec.rs (target/debug/deps/codec-76bfd8dfa56ebfc1)

running 53 tests
test codec_close ... ok
test codec_declare ... ok
test codec_declare_body ... ok
test codec_declare_keyexpr ... ok
test codec_declare_queryable ... ok
test codec_declare_subscriber ... ok
test codec_declare_token ... ok
test codec_del ... ok
test codec_encoding ... ok
test codec_err ... ok
test codec_extension ... [2m2026-09-14T10:47:58.891804Z[0m [31mERROR[0m codec_extension ThreadId(12) [2mzenoh_codec::common::extension[0m[2m:[0m Unknown Test ext: ZExtUnknown { Id: 0, Mandatory: true, Encoding: "Unit" }
[2m2026-09-14T10:47:58.891826Z[0m [31mERROR[0m codec_extension ThreadId(12) [2mzenoh_codec::common::extension[0m[2m:[0m Unknown Test ext: ZExtUnknown { Id: 0, Mandatory: true, Encoding: "Unit" }
[2m2026-09-14T10:47:58.891835Z[0m [31mERROR[0m codec_extension ThreadId(12) [2mzenoh_codec::common::extension[0m[2m:[0m Unknown Test ext: ZExtUnknown { Id: 0, Mandatory: true, Encoding: "Unit" }
[2m2026-09-14T10:47:58.891838Z[0m [31mERROR[0m codec_extension ThreadId(12) [2mzenoh_codec::common::extension[0m[2m:[0m Unknown Test ext: ZExtUnknown { Id: 0, Mandatory: true, Encoding: "Unit" }
[2m2026-09-14T10:47:58.891841Z[0m [31mERROR[0m codec_extension ThreadId(12) [2mzenoh_codec::common::extension[0m[2m:[0m Unknown Test ext: ZExtUnknown { Id: 0, Mandatory: true, Encoding: "Unit" }
[2m2026-09-14T10:47:58.891844Z[0m [31mERROR[0m codec_extension ThreadId(12) [2mzenoh_codec::common::extension[0m[2m:[0m Unknown Test ext: ZExtUnknown { Id: 0, Mandatory: true, Encoding: "Unit" }
[2m2026-09-14T10:47:58.891847Z[0m [31mERROR[0m codec_extension ThreadId(12) [2mzenoh_codec::common::extension[0m[2m:[0m Unknown Test ext: ZExtUnknown { Id: 0, Mandatory: true, Encoding: "Unit" }
[2m2026-09-14T10:47:58.891850Z[0m [31mERROR[0m codec_extension ThreadId(12) [2mzenoh_codec::common::extension[0m[2m:[0m Unknown Test ext: ZExtUnknown { Id: 0, Mandatory: true, Encoding: "Unit" }
[2m2026-09-14T10:47:58.891853Z[0m [31mERROR[0m codec_extension ThreadId(12) [2mzenoh_codec::common::extension[0m[2m:[0m Unknown Test ext: ZExtUnknown { Id: 0, Mandatory: true, Encoding: "Unit" }
[2m2026-09-14T10:47:58.891855Z[0m [31mERROR[0m codec_extension ThreadId(12) [2mzenoh_codec::common::extension[0m[2m:[0m Unknown Test ext: ZExtUnknown { Id: 0, Mandatory: true, Encoding: "Unit" }
[2m2026-09-14T10:47:58.891858Z[0m [31mERROR[0m codec_extension ThreadId(12) [2mzenoh_codec::common::extension[0m[2m:[0m Unknown Test ext: ZExtUnknown { Id: 0, Mandatory: true, Encoding: "Unit" }
[2m2026-09-14T10:47:58.891861Z[0m [31mERROR[0m codec_extension ThreadId(12) [2mzenoh_codec::common::extension[0m[2m:[0m Unknown Test ext: ZExtUnknown { Id: 0, Mandatory: true, Encoding: "Unit" }
[2m2026-09-14T10:47:58.891864Z[0m [31mERROR[0m codec_extension ThreadId(12) [2mzenoh_codec::common::extension[0m[2m:[0m Unknown Test ext: ZExtUnknown { Id: 0, Mandatory: true, Encoding: "Unit" }
[2m2026-09-14T10:47:58.891867Z[0m [31mERROR[0m codec_extension ThreadId(12) [2mzenoh_codec::common::extension[0m[2m:[0m Unknown Test ext: ZExtUnknown { Id: 0, Mandatory: true, Encoding: "Unit" }
[2m2026-09-14T10:47:58.891869Z[0m [31mERROR[0m codec_extension ThreadId(12) [2mzenoh_codec::common::extension[0m[2m:[0m Unknown Test ext: ZExtUnknown { Id: 0, Mandatory: true, Encoding: "Unit" }
[2m2026-09-14T10:47:58.891872Z[0m [31mERROR[0m codec_extension ThreadId(12) [2mzenoh_codec::common::extension[0m[2m:[0m Unknown Test ext: ZExtUnknown { Id: 0, Mandatory: true, Encoding: "Unit" }
[2m2026-09-14T10:47:58.891875Z[0m [31mERROR[0m codec_extension ThreadId(12) [2mzenoh_codec::common::extension[0m[2m:[0m Unknown Test ext: ZExtUnknown { Id: 0, Mandatory: true, Encoding: "Unit" }
[2m2026-09-14T10:47:58.891878Z[0m [31mERROR[0m codec_extension ThreadId(12) [2mzenoh_codec::common::extension[0m[2m:[0m Unknown Test ext: ZExtUnknown { Id: 0, Mandatory: true, Encoding: "Unit" }
[2m2026-09-14T10:47:58.891881Z[0m [31mERROR[0m codec_extension ThreadId(12) [2mzenoh_codec::common::extension[0m[2m:[0m Unknown Test ext: ZExtUnknown { Id: 0, Mandatory: true, Encoding: "Unit" }
[2m2026-09-14T10:47:58.891884Z[0m [31mERROR[0m codec_extension ThreadId(12) [2mzenoh_codec::common::extension[0m[2m:[0m Unknown Test ext: ZExtUnknown { Id: 0, Mandatory: true, Encoding: "Unit" }
[2m2026-09-14T10:47:58.891886Z[0m [31mERROR[0m codec_extension ThreadId(12) [2mzenoh_codec::common::extension[0m[2m:[0m Unknown Test ext: ZExtUnknown { Id: 0, Mandatory: true, Encoding: "Unit" }
[2m2026-09-14T10:47:58.891889Z[0m [31mERROR[0m codec_extension ThreadId(12) [2mzenoh_codec::common::extension[0m[2m:[0m Unknown Test ext: ZExtUnknown { Id: 0, Mandatory: true, Encoding: "Unit" }
[2m2026-09-14T10:47:58.891893Z[0m [31mERROR[0m codec_extension ThreadId(12) [2mzenoh_codec::common::extension[0m[2m:[0m Unknown Test ext: ZExtUnknown { Id: 0, Mandatory: true, Encoding: "Unit" }
[2m2026-09-14T10:47:58.891896Z[0m [31mERROR[0m codec_extension ThreadId(12) [2mzenoh_codec::common::extension[0m[2m:[0m Unknown Test ext: ZExtUnknown { Id: 0, Mandatory: true, Encoding: "Unit" }
[2m2026-09-14T10:47:58.891898Z[0m [31mERROR[0m codec_extension ThreadId(12) [2mzenoh_codec::common::extension[0m[2m:[0m Unknown Test ext: ZExtUnknown { Id: 0, Mandatory: true, Encoding: "Unit" }
[2m2026-09-14T10:47:58.891901Z[0m [31mERROR[0m codec_extension ThreadId(12) [2mzenoh_codec::common::extension[0m[2m:[0m Unknown Test ext: ZExtUnknown { Id: 0, Mandatory: true, Encoding: "Unit" }
[2m2026-09-14T10:47:58.891904Z[0m [31mERROR[0m codec_extension ThreadId(12) [2mzenoh_codec::common::extension[0m[2m:[0m Unknown Test ext: ZExtUnknown { Id: 0, Mandatory: true, Encoding: "Unit" }
[2m2026-09-14T10:47:58.891906Z[0m [31mERROR[0m codec_extension ThreadId(12) [2mzenoh_codec::common::extension[0m[2m:[0m Unknown Test ext: ZExtUnknown { Id: 0, Mandatory: true, Encoding: "Unit" }
[2m2026-09-14T10:47:58.891909Z[0m [31mERROR[0m codec_extension ThreadId(12) [2mzenoh_codec::common::extension[0m[2m:[0m Unknown Test ext: ZExtUnknown { Id: 0, Mandatory: true, Encoding: "Unit" }
[2m2026-09-14T10:47:58.891912Z[0m [31mERROR[0m codec_extension ThreadId(12) [2mzenoh_codec::common::extension[0m[2m:[0m Unknown Test ext: ZExtUnknown { Id: 0, Mandatory: true, Encoding: "Unit" }
[2m2026-09-14T10:47:58.891915Z[0m [31mERROR[0m codec_extension ThreadId(12) [2mzenoh_codec::common::extension[0m[2m:[0m Unknown Test ext: ZExtUnknown { Id: 0, Mandatory: true, Encoding: "Unit" }
[2m2026-09-14T10:47:58.891917Z[0m [31mERROR[0m codec_extension ThreadId(12) [2mzenoh_codec::common::extension[0m[2m:[0m Unknown Test ext: ZExtUnknown { Id: 0, Mandatory: true, Encoding: "Unit" }
[2m2026-09-14T10:47:58.891920Z[0m [31mERROR[0m codec_extension ThreadId(12) [2mzenoh_codec::common::extension[0m[2m:[0m Unknown Test ext: ZExtUnknown { Id: 0, Mandatory: true, Encoding: "Unit" }
[2m2026-09-14T10:47:58.891923Z[0m [31mERROR[0m codec_extension ThreadId(12) [2mzenoh_codec::common::extension[0m[2m:[0m Unknown Test ext: ZExtUnknown { Id: 0, Mandatory: true, Encoding: "Unit" }
[2m2026-09-14T10:47:58.891925Z[0m [31mERROR[0m codec_extension ThreadId(12) [2mzenoh_codec::common::extension[0m[2m:[0m Unknown Test ext: ZExtUnknown { Id: 0, Mandatory: true, Encoding: "Unit" }
[2m2026-09-14T10:47:58.891928Z[0m [31mERROR[0m codec_extension ThreadId(12) [2mzenoh_codec::common::extension[0m[2m:[0m Unknown Test ext: ZExtUnknown { Id: 0, Mandatory: true, Encoding: "Unit" }
[2m2026-09-14T10:47:58.891931Z[0m [31mERROR[0m codec_extension ThreadId(12) [2mzenoh_codec::common::extension[0m[2m:[0m Unknown Test ext: ZExtUnknown { Id: 0, Mandatory: true, Encoding: "Unit" }
[2m2026-09-14T10:47:58.891934Z[0m [31mERROR[0m codec_extension ThreadId(12) [2mzenoh_codec::common::extension[0m[2m:[0m Unknown Test ext: ZExtUnknown { Id: 0, Mandatory: true, Encoding: "Unit" }
[2m2026-09-14T10:47:58.891937Z[0m [31mERROR[0m codec_extension ThreadId(12) [2mzenoh_codec::common::extension[0m[2m:[0m Unknown Test ext: ZExtUnknown { Id: 0, Mandatory: true, Encoding: "Unit" }
[2m2026-09-14T10:47:58.891939Z[0m [31mERROR[0m codec_extension ThreadId(12) [2mzenoh_codec::common::extension[0m[2m:[0m Unknown Test ext: ZExtUnknown { Id: 0, Mandatory: true, Encoding: "Unit" }
[2m2026-09-14T10:47:58.891942Z[0m [31mERROR[0m codec_extension ThreadId(12) [2mzenoh_codec::common::extension[0m[2m:[0m Unknown Test ext: ZExtUnknown { Id: 0, Mandatory: true, Encoding: "Unit" }
[2m2026-09-14T10:47:58.891945Z[0m [31mERROR[0m codec_extension ThreadId(12) [2mzenoh_codec::common::extension[0m[2m:[0m Unknown Test ext: ZExtUnknown { Id: 0, Mandatory: true, Encoding: "Unit" }
[2m2026-09-14T10:47:58.891949Z[0m [31mERROR[0m codec_extension ThreadId(12) [2mzenoh_codec::common::extension[0m[2m:[0m Unknown Test ext: ZExtUnknown { Id: 0, Mandatory: true, Encoding: "Unit" }
[2m2026-09-14T10:47:58.891951Z[0m [31mERROR[0m codec_extension ThreadId(12) [2mzenoh_codec::common::extension[0m[2m:[0m Unknown Test ext: ZExtUnknown { Id: 0, Mandatory: true, Encoding: "Unit" }
[2m2026-09-14T10:47:58.891954Z[0m [31mERROR[0m codec_extension ThreadId(12) [2mzenoh_codec::common::extension[0m[2m:[0m Unknown Test ext: ZExtUnknown { Id: 0, Mandatory: true, Encoding: "Unit" }
[2m2026-09-14T10:47:58.891957Z[0m [31mERROR[0m codec_extension ThreadId(12) [2mzenoh_codec::common::extension[0m[2m:[0m Unknown Test ext: ZExtUnknown { Id: 0, Mandatory: true, Encoding: "Unit" }
[2m2026-09-14T10:47:58.891959Z[0m [31mERROR[0m codec_extension ThreadId(12) [2mzenoh_codec::common::extension[0m[2m:[0m Unknown Test ext: ZExtUnknown { Id: 0, Mandatory: true, Encoding: "Unit" }
[2m2026-09-14T10:47:58.891962Z[0m [31mERROR[0m codec_extension ThreadId(12) [2mzenoh_codec::common::extension[0m[2m:[0m Unknown Test ext: ZExtUnknown { Id: 0, Mandatory: true, Encoding: "Unit" }
[2m2026-09-14T10:47:58.891965Z[0m [31mERROR[0m codec_extension ThreadId(12) [2mzenoh_codec::common::extension[0m[2m:[0m Unknown Test ext: ZExtUnknown { Id: 0, Mandatory: true, Encoding: "Unit" }
[2m2026-09-14T10:47:58.891968Z[0m [31mERROR[0m codec_extension ThreadId(12) [2mzenoh_codec::common::extension[0m[2m:[0m Unknown Test ext: ZExtUnknown { Id: 0, Mandatory: true, Encoding: "Unit" }
[2m2026-09-14T10:47:58.891971Z[0m [31mERROR[0m codec_extension ThreadId(12) [2mzenoh_codec::common::extension[0m[2m:[0m Unknown Test ext: ZExtUnknown { Id: 0, Mandatory: true, Encoding: "Unit" }
[2m2026-09-14T10:47:58.891974Z[0m [31mERROR[0m codec_extension ThreadId(12) [2mzenoh_codec::common::extension[0m[2m:[0m Unknown Test ext: ZExtUnknown { Id: 0, Mandatory: true, Encoding: "Unit" }
[2m2026-09-14T10:47:58.891976Z[0m [31mERROR[0m codec_extension ThreadId(12) [2mzenoh_codec::common::extension[0m[2m:[0m Unknown Test ext: ZExtUnknown { Id: 0, Mandatory: true, Encoding: "Unit" }
[2m2026-09-14T10:47:58.891979Z[0m [31mERROR[0m codec_extension ThreadId(12) [2mzenoh_codec::common::extension[0m[2m:[0m Unknown Test ext: ZExtUnknown { Id: 0, Mandatory: true, Encoding: "Unit" }
[2m2026-09-14T10:47:58.891982Z[0m [31mERROR[0m codec_extension ThreadId(12) [2mzenoh_codec::common::extension[0m[2m:[0m Unknown Test ext: ZExtUnknown { Id: 0, Mandatory: true, Encoding: "Unit" }
[2m2026-09-14T10:47:58.891984Z[0m [31mERROR[0m codec_extension ThreadId(12) [2mzenoh_codec::common::extension[0m[2m:[0m Unknown Test ext: ZExtUnknown { Id: 0, Mandatory: true, Encoding: "Unit" }
[2m2026-09-14T10:47:58.891987Z[0m [31mERROR[0m codec_extension ThreadId(12) [2mzenoh_codec::common::extension[0m[2m:[0m Unknown Test ext: ZExtUnknown { Id: 0, Mandatory: true, Encoding: "Unit" }
[2m2026-09-14T10:47:58.891990Z[0m [31mERROR[0m codec_extension ThreadId(12) [2mzenoh_codec::common::extension[0m[2m:[0m Unknown Test ext: ZExtUnknown { Id: 0, Mandatory: true, Encoding: "Unit" }
[2m2026-09-14T10:47:58.891992Z[0m [31mERROR[0m codec_extension ThreadId(12) [2mzenoh_codec::common::extension[0m[2m:[0m Unknown Test ext: ZExtUnknown { Id: 0, Mandatory: true, Encoding: "Unit" }
[2m2026-09-14T10:47:58.891995Z[0m [31mERROR[0m codec_extension ThreadId(12) [2mzenoh_codec::common::extension[0m[2m:[0m Unknown Test ext: ZExtUnknown { Id: 0, Mandatory: true, Encoding: "Unit" }
[2m2026-09-14T10:47:58.891998Z[0m [31mERROR[0m codec_extension ThreadId(12) [2mzenoh_codec::common::extension[0m[2m:[0m Unknown Test ext: ZExtUnknown { Id: 0, Mandatory: true, Encoding: "Unit" }
[2m2026-09-14T10:47:58.892000Z[0m [31mERROR[0m codec_extension ThreadId(12) [2mzenoh_codec::common::extension[0m[2m:[0m Unknown Test ext: ZExtUnknown { Id: 0, Mandatory: true, Encoding: "Unit" }
[2m2026-09-14T10:47:58.892004Z[0m [31mERROR[0m codec_extension ThreadId(12) [2mzenoh_codec::common::extension[0m[2m:[0m Unknown Test ext: ZExtUnknown { Id: 0, Mandatory: true, Encoding: "Unit" }
[2m2026-09-14T10:47:58.892007Z[0m [31mERROR[0m codec_extension ThreadId(12) [2mzenoh_codec::common::extension[0m[2m:[0m Unknown Test ext: ZExtUnknown { Id: 0, Mandatory: true, Encoding: "Unit" }
[2m2026-09-14T10:47:58.892024Z[0m [31mERROR[0m codec_extension ThreadId(12) [2mzenoh_codec::common::extension[0m[2m:[0m Unknown Test ext: ZExtUnknown { Id: 0, Mandatory: true, Encoding: "Unit" }
[2m2026-09-14T10:47:58.892028Z[0m [31mERROR[0m codec_extension ThreadId(12) [2mzenoh_codec::common::extension[0m[2m:[0m Unknown Test ext: ZExtUnknown { Id: 0, Mandatory: true, Encoding: "Unit" }
[2m2026-09-14T10:47:58.892030Z[0m [31mERROR[0m codec_extension ThreadId(12) [2mzenoh_codec::common::extension[0m[2m:[0m Unknown Test ext: ZExtUnknown { Id: 0, Mandatory: true, Encoding: "Unit" }
[2m2026-09-14T10:47:58.892033Z[0m [31mERROR[0m codec_extension ThreadId(12) [2mzenoh_codec::common::extension[0m[2m:[0m Unknown Test ext: ZExtUnknown { Id: 0, Mandatory: true, Encoding: "Unit" }
[2m2026-09-14T10:47:58.892036Z[0m [31mERROR[0m codec_extension ThreadId(12) [2mzenoh_codec::common::extension[0m[2m:[0m Unknown Test ext: ZExtUnknown { Id: 0, Mandatory: true, Encoding: "Unit" }
[2m2026-09-14T10:47:58.892039Z[0m [31mERROR[0m codec_extension ThreadId(12) [2mzenoh_codec::common::extension[0m[2m:[0m Unknown Test ext: ZExtUnknown { Id: 0, Mandatory: true, Encoding: "Unit" }
[2m2026-09-14T10:47:58.892041Z[0m [31mERROR[0m codec_extension ThreadId(12) [2mzenoh_codec::common::extension[0m[2m:[0m Unknown Test ext: ZExtUnknown { Id: 0, Mandatory: true, Encoding: "Unit" }
[2m2026-09-14T10:47:58.892044Z[0m [31mERROR[0m codec_extension ThreadId(12) [2mzenoh_codec::common::extension[0m[2m:[0m Unknown Test ext: ZExtUnknown { Id: 0, Mandatory: true, Encoding: "Unit" }
[2m2026-09-14T10:47:58.892047Z[0m [31mERROR[0m codec_extension ThreadId(12) [2mzenoh_codec::common::extension[0m[2m:[0m Unknown Test ext: ZExtUnknown { Id: 0, Mandatory: true, Encoding: "Unit" }
[2m2026-09-14T10:47:58.892049Z[0m [31mERROR[0m codec_extension ThreadId(12) [2mzenoh_codec::common::extension[0m[2m:[0m Unknown Test ext: ZExtUnknown { Id: 0, Mandatory: true, Encoding: "Unit" }
[2m2026-09-14T10:47:58.892052Z[0m [31mERROR[0m codec_extension ThreadId(12) [2mzenoh_codec::common::extension[0m[2m:[0m Unknown Test ext: ZExtUnknown { Id: 0, Mandatory: true, Encoding: "Unit" }
[2m2026-09-14T10:47:58.892055Z[0m [31mERROR[0m codec_extension ThreadId(12) [2mzenoh_codec::common::extension[0m[2m:[0m Unknown Test ext: ZExtUnknown { Id: 0, Mandatory: true, Encoding: "Unit" }
[2m2026-09-14T10:47:58.892058Z[0m [31mERROR[0m codec_extension ThreadId(12) [2mzenoh_codec::common::extension[0m[2m:[0m Unknown Test ext: ZExtUnknown { Id: 0, Mandatory: true, Encoding: "Unit" }
[2m2026-09-14T10:47:58.892061Z[0m [31mERROR[0m codec_extension ThreadId(12) [2mzenoh_codec::common::extension[0m[2m:[0m Unknown Test ext: ZExtUnknown { Id: 0, Mandatory: true, Encoding: "Unit" }
[2m2026-09-14T10:47:58.892064Z[0m [31mERROR[0m codec_extension ThreadId(12) [2mzenoh_codec::common::extension[0m[2m:[0m Unknown Test ext: ZExtUnknown { Id: 0, Mandatory: true, Encoding: "Unit" }
[2m2026-09-14T10:47:58.892066Z[0m [31mERROR[0m codec_extension ThreadId(12) [2mzenoh_codec::common::extension[0m[2m:[0m Unknown Test ext: ZExtUnknown { Id: 0, Mandatory: true, Encoding: "Unit" }
[2m2026-09-14T10:47:58.892069Z[0m [31mERROR[0m codec_extension ThreadId(12) [2mzenoh_codec::common::extension[0m[2m:[0m Unknown Test ext: ZExtUnknown { Id: 0, Mandatory: true, Encoding: "Unit" }
[2m2026-09-14T10:47:58.892072Z[0m [31mERROR[0m codec_extension ThreadId(12) [2mzenoh_codec::common::extension[0m[2m:[0m Unknown Test ext: ZExtUnknown { Id: 0, Mandatory: true, Encoding: "Unit" }
[2m2026-09-14T10:47:58.892075Z[0m [31mERROR[0m codec_extension ThreadId(12) [2mzenoh_codec::common::extension[0m[2m:[0m Unknown Test ext: ZExtUnknown { Id: 0, Mandatory: true, Encoding: "Unit" }
[2m2026-09-14T10:47:58.892078Z[0m [31mERROR[0m codec_extension ThreadId(12) [2mzenoh_codec::common::extension[0m[2m:[0m Unknown Test ext: ZExtUnknown { Id: 0, Mandatory: true, Encoding: "Unit" }
[2m2026-09-14T10:47:58.892081Z[0m [31mERROR[0m codec_extension ThreadId(12) [2mzenoh_codec::common::extension[0m[2m:[0m Unknown Test ext: ZExtUnknown { Id: 0, Mandatory: true, Encoding: "Unit" }
[2m2026-09-14T10:47:58.892083Z[0m [31mERROR[0m codec_extension ThreadId(12) [2mzenoh_codec::common::extension[0m[2m:[0m Unknown Test ext: ZExtUnknown { Id: 0, Mandatory: true, Encoding: "Unit" }
[2m2026-09-14T10:47:58.892086Z[0m [31mERROR[0m codec_extension ThreadId(12) [2mzenoh_codec::common::extension[0m[2m:[0m Unknown Test ext: ZExtUnknown { Id: 0, Mandatory: true, Encoding: "Unit" }
[2m2026-09-14T10:47:58.892089Z[0m [31mERROR[0m codec_extension ThreadId(12) [2mzenoh_codec::common::extension[0m[2m:[0m Unknown Test ext: ZExtUnknown { Id: 0, Mandatory: true, Encoding: "Unit" }
[2m2026-09-14T10:47:58.892092Z[0m [31mERROR[0m codec_extension ThreadId(12) [2mzenoh_codec::common::extension[0m[2m:[0m Unknown Test ext: ZExtUnknown { Id: 0, Mandatory: true, Encoding: "Unit" }
[2m2026-09-14T10:47:58.892094Z[0m [31mERROR[0m codec_extension ThreadId(12) [2mzenoh_codec::common::extension[0m[2m:[0m Unknown Test ext: ZExtUnknown { Id: 0, Mandatory: true, Encoding: "Unit" }
[2m2026-09-14T10:47:58.892097Z[0m [31mERROR[0m codec_extension ThreadId(12) [2mzenoh_codec::common::extension[0m[2m:[0m Unknown Test ext: ZExtUnknown { Id: 0, Mandatory: true, Encoding: "Unit" }
[2m2026-09-14T10:47:58.892100Z[0m [31mERROR[0m codec_extension ThreadId(12) [2mzenoh_codec::common::extension[0m[2m:[0m Unknown Test ext: ZExtUnknown { Id: 0, Mandatory: true, Encoding: "Unit" }
[2m2026-09-14T10:47:58.892102Z[0m [31mERROR[0m codec_extension ThreadId(12) [2mzenoh_codec::common::extension[0m[2m:[0m Unknown Test ext: ZExtUnknown { Id: 0, Mandatory: true, Encoding: "Unit" }
[2m2026-09-14T10:47:58.892105Z[0m [31mERROR[0m codec_extension ThreadId(12) [2mzenoh_codec::common::extension[0m[2m:[0m Unknown Test ext: ZExtUnknown { Id: 0, Mandatory: true, Encoding: "Unit" }
[2m2026-09-14T10:47:58.892108Z[0m [31mERROR[0m codec_extension ThreadId(12) [2mzenoh_codec::common::extension[0m[2m:[0m Unknown Test ext: ZExtUnknown { Id: 0, Mandatory: true, Encoding: "Unit" }
[2m2026-09-14T10:47:58.892110Z[0m [31mERROR[0m codec_extension ThreadId(12) [2mzenoh_codec::common::extension[0m[2m:[0m Unknown Test ext: ZExtUnknown { Id: 0, Mandatory: true, Encoding: "Unit" }
[2m2026-09-14T10:47:58.892113Z[0m [31mERROR[0m codec_extension ThreadId(12) [2mzenoh_codec::common::extension[0m[2m:[0m Unknown Test ext: ZExtUnknown { Id: 0, Mandatory: true, Encoding: "Unit" }
[2m2026-09-14T10:47:58.892116Z[0m [31mERROR[0m codec_extension ThreadId(12) [2mzenoh_codec::common::extension[0m[2m:[0m Unknown Test ext: ZExtUnknown { Id: 0, Mandatory: true, Encoding: "Unit" }
[2m2026-09-14T10:47:58.892118Z[0m [31mERROR[0m codec_extension ThreadId(12) [2mzenoh_codec::common::extension[0m[2m:[0m Unknown Test ext: ZExtUnknown { Id: 0, Mandatory: true, Encoding: "Unit" }
[2m2026-09-14T10:47:58.892121Z[0m [31mERROR[0m codec_extension ThreadId(12) [2mzenoh_codec::common::extension[0m[2m:[0m Unknown Test ext: ZExtUnknown { Id: 0, Mandatory: true, Encoding: "Unit" }
[2m2026-09-14T10:47:58.892125Z[0m [31mERROR[0m codec_extension ThreadId(12) [2mzenoh_codec::common::extension[0m[2m:[0m Unknown Test ext: ZExtUnknown { Id: 0, Mandatory: true, Encoding: "Unit" }
[2m2026-09-14T10:47:58.892128Z[0m [31mERROR[0m codec_extension ThreadId(12) [2mzenoh_codec::common::extension[0m[2m:[0m Unknown Test ext: ZExtUnknown { Id: 0, Mandatory: true, Encoding: "Unit" }
[2m2026-09-14T10:47:58.892131Z[0m [31mERROR[0m codec_extension ThreadId(12) [2mzenoh_codec::common::extension[0m[2m:[0m Unknown Test ext: ZExtUnknown { Id: 0, Mandatory: true, Encoding: "Unit" }
[2m2026-09-14T10:47:58.892134Z[0m [31mERROR[0m codec_extension ThreadId(12) [2mzenoh_codec::common::extension[0m[2m:[0m Unknown Test ext: ZExtUnknown { Id: 0, Mandatory: true, Encoding: "Unit" }
[2m2026-09-14T10:47:58.892137Z[0m [31mERROR[0m codec_extension ThreadId(12) [2mzenoh_codec::common::extension[0m[2m:[0m Unknown Test ext: ZExtUnknown { Id: 0, Mandatory: true, Encoding: "Unit" }
[2m2026-09-14T10:47:58.892141Z[0m [31mERROR[0m codec_extension ThreadId(12) [2mzenoh_codec::common::extension[0m[2m:[0m Unknown Test ext: ZExtUnknown { Id: 0, Mandatory: true, Encoding: "Unit" }
[2m2026-09-14T10:47:58.892144Z[0m [31mERROR[0m codec_extension ThreadId(12) [2mzenoh_codec::common::extension[0m[2m:[0m Unknown Test ext: ZExtUnknown { Id: 0, Mandatory: true, Encoding: "Unit" }
[2m2026-09-14T10:47:58.892146Z[0m [31mERROR[0m codec_extension ThreadId(12) [2mzenoh_codec::common::extension[0m[2m:[0m Unknown Test ext: ZExtUnknown { Id: 0, Mandatory: true, Encoding: "Unit" }
[2m2026-09-14T10:47:58.892149Z[0m [31mERROR[0m codec_extension ThreadId(12) [2mzenoh_codec::common::extension[0m[2m:[0m Unknown Test ext: ZExtUnknown { Id: 0, Mandatory: true, Encoding: "Unit" }
[2m2026-09-14T10:47:58.892152Z[0m [31mERROR[0m codec_extension ThreadId(12) [2mzenoh_codec::common::extension[0m[2m:[0m Unknown Test ext: ZExtUnknown { Id: 0, Mandatory: true, Encoding: "Unit" }
[2m2026-09-14T10:47:58.892154Z[0m [31mERROR[0m codec_extension ThreadId(12) [2mzenoh_codec::common::extension[0m[2m:[0m Unknown Test ext: ZExtUnknown { Id: 0, Mandatory: true, Encoding: "Unit" }
[2m2026-09-14T10:47:58.892157Z[0m [31mERROR[0m codec_extension ThreadId(12) [2mzenoh_codec::common::extension[0m[2m:[0m Unknown Test ext: ZExtUnknown { Id: 0, Mandatory: true, Encoding: "Unit" }
[2m2026-09-14T10:47:58.892160Z[0m [31mERROR[0m codec_extension ThreadId(12) [2mzenoh_codec::common::extension[0m[2m:[0m Unknown Test ext: ZExtUnknown { Id: 0, Mandatory: true, Encoding: "Unit" }
[2m2026-09-14T10:47:58.892163Z[0m [31mERROR[0m codec_extension ThreadId(12) [2mzenoh_codec::common::extension[0m[2m:[0m Unknown Test ext: ZExtUnknown { Id: 0, Mandatory: true, Encoding: "Unit" }
[2m2026-09-14T10:47:58.892165Z[0m [31mERROR[0m codec_extension ThreadId(12) [2mzenoh_codec::common::extension[0m[2m:[0m Unknown Test ext: ZExtUnknown { Id: 0, Mandatory: true, Encoding: "Unit" }
[2m2026-09-14T10:47:58.892168Z[0m [31mERROR[0m codec_extension ThreadId(12) [2mzenoh_codec::common::extension[0m[2m:[0m Unknown Test ext: ZExtUnknown { Id: 0, Mandatory: true, Encoding: "Unit" }
[2m2026-09-14T10:47:58.892171Z[0m [31mERROR[0m codec_extension ThreadId(12) [2mzenoh_codec::common::extension[0m[2m:[0m Unknown Test ext: ZExtUnknown { Id: 0, Mandatory: true, Encoding: "Unit" }
[2m2026-09-14T10:47:58.892173Z[0m [31mERROR[0m codec_extension ThreadId(12) [2mzenoh_codec::common::extension[0m[2m:[0m Unknown Test ext: ZExtUnknown { Id: 0, Mandatory: true, Encoding: "Unit" }
[2m2026-09-14T10:47:58.892176Z[0m [31mERROR[0m codec_extension ThreadId(12) [2mzenoh_codec::common::extension[0m[2m:[0m Unknown Test ext: ZExtUnknown { Id: 0, Mandatory: true, Encoding: "Unit" }
[2m2026-09-14T10:47:58.892179Z[0m [31mERROR[0m codec_extension ThreadId(12) [2mzenoh_codec::common::extension[0m[2m:[0m Unknown Test ext: ZExtUnknown { Id: 0, Mandatory: true, Encoding: "Unit" }
[2m2026-09-14T10:47:58.892182Z[0m [31mERROR[0m codec_extension ThreadId(12) [2mzenoh_codec::common::extension[0m[2m:[0m Unknown Test ext: ZExtUnknown { Id: 0, Mandatory: true, Encoding: "Unit" }
[2m2026-09-14T10:47:58.892184Z[0m [31mERROR[0m codec_extension ThreadId(12) [2mzenoh_codec::common::extension[0m[2m:[0m Unknown Test ext: ZExtUnknown { Id: 0, Mandatory: true, Encoding: "Unit" }
[2m2026-09-14T10:47:58.892187Z[0m [31mERROR[0m codec_extension ThreadId(12) [2mzenoh_codec::common::extension[0m[2m:[0m Unknown Test ext: ZExtUnknown { Id: 0, Mandatory: true, Encoding: "Unit" }
[2m2026-09-14T10:47:58.892192Z[0m [31mERROR[0m codec_extension ThreadId(12) [2mzenoh_codec::common::extension[0m[2m:[0m Unknown Test ext: ZExtUnknown { Id: 0, Mandatory: true, Encoding: "Unit" }
[2m2026-09-14T10:47:58.892194Z[0m [31mERROR[0m codec_extension ThreadId(12) [2mzenoh_codec::common::extension[0m[2m:[0m Unknown Test ext: ZExtUnknown { Id: 0, Mandatory: true, Encoding: "Unit" }
[2m2026-09-14T10:47:58.892197Z[0m [31mERROR[0m codec_extension ThreadId(12) [2mzenoh_codec::common::extension[0m[2m:[0m Unknown Test ext: ZExtUnknown { Id: 0, Mandatory: true, Encoding: "Unit" }
[2m2026-09-14T10:47:58.892200Z[0m [31mERROR[0m codec_extension ThreadId(12) [2mzenoh_codec::common::extension[0m[2m:[0m Unknown Test ext: ZExtUnknown { Id: 0, Mandatory: true, Encoding: "Unit" }
[2m2026-09-14T10:47:58.892203Z[0m [31mERROR[0m codec_extension ThreadId(12) [2mzenoh_codec::common::extension[0m[2m:[0m Unknown Test ext: ZExtUnknown { Id: 0, Mandatory: true, Encoding: "Unit" }
[2m2026-09-14T10:47:58.892219Z[0m [31mERROR[0m codec_extension ThreadId(12) [2mzenoh_codec::common::extension[0m[2m:[0m Unknown Test ext: ZExtUnknown { Id: 0, Mandatory: true, Encoding: "Unit" }
[2m2026-09-14T10:47:58.892222Z[0m [31mERROR[0m codec_extension ThreadId(12) [2mzenoh_codec::common::extension[0m[2m:[0m Unknown Test ext: ZExtUnknown { Id: 0, Mandatory: true, Encoding: "Unit" }
[2m2026-09-14T10:47:58.892225Z[0m [31mERROR[0m codec_extension ThreadId(12) [2mzenoh_codec::common::extension[0m[2m:[0m Unknown Test ext: ZExtUnknown { Id: 0, Mandatory: true, Encoding: "Unit" }
[2m2026-09-14T10:47:58.892228Z[0m [31mERROR[0m codec_extension ThreadId(12) [2mzenoh_codec::common::extension[0m[2m:[0m Unknown Test ext: ZExtUnknown { Id: 0, Mandatory: true, Encoding: "Unit" }
[2m2026-09-14T10:47:58.892231Z[0m [31mERROR[0m codec_extension ThreadId(12) [2mzenoh_codec::common::extension[0m[2m:[0m Unknown Test ext: ZExtUnknown { Id: 0, Mandatory: true, Encoding: "Unit" }
[2m2026-09-14T10:47:58.892233Z[0m [31mERROR[0m codec_extension ThreadId(12) [2mzenoh_codec::common::extension[0m[2m:[0m Unknown Test ext: ZExtUnknown { Id: 0, Mandatory: true, Encoding: "Unit" }
[2m2026-09-14T10:47:58.892236Z[0m [31mERROR[0m codec_extension ThreadId(12) [2mzenoh_codec::common::extension[0m[2m:[0m Unknown Test ext: ZExtUnknown { Id: 0, Mandatory: true, Encoding: "Unit" }
[2m2026-09-14T10:47:58.892240Z[0m [31mERROR[0m codec_extension ThreadId(12) [2mzenoh_codec::common::extension[0m[2m:[0m Unknown Test ext: ZExtUnknown { Id: 0, Mandatory: true, Encoding: "Unit" }
[2m2026-09-14T10:47:58.892242Z[0m [31mERROR[0m codec_extension ThreadId(12) [2mzenoh_codec::common::extension[0m[2m:[0m Unknown Test ext: ZExtUnknown { Id: 0, Mandatory: true, Encoding: "Unit" }
[2m2026-09-14T10:47:58.892245Z[0m [31mERROR[0m codec_extension ThreadId(12) [2mzenoh_codec::common::extension[0m[2m:[0m Unknown Test ext: ZExtUnknown { Id: 0, Mandatory: true, Encoding: "Unit" }
[2m2026-09-14T10:47:58.892248Z[0m [31mERROR[0m codec_extension ThreadId(12) [2mzenoh_codec::common::extension[0m[2m:[0m Unknown Test ext: ZExtUnknown { Id: 0, Mandatory: true, Encoding: "Unit" }
[2m2026-09-14T10:47:58.892251Z[0m [31mERROR[0m codec_extension ThreadId(12) [2mzenoh_codec::common::extension[0m[2m:[0m Unknown Test ext: ZExtUnknown { Id: 0, Mandatory: true, Encoding: "Unit" }
[2m2026-09-14T10:47:58.892253Z[0m [31mERROR[0m codec_extension ThreadId(12) [2mzenoh_codec::common::extension[0m[2m:[0m Unknown Test ext: ZExtUnknown { Id: 0, Mandatory: true, Encoding: "Unit" }
[2m2026-09-14T10:47:58.892256Z[0m [31mERROR[0m codec_extension ThreadId(12) [2mzenoh_codec::common::extension[0m[2m:[0m Unknown Test ext: ZExtUnknown { Id: 0, Mandatory: true, Encoding: "Unit" }
[2m2026-09-14T10:47:58.892259Z[0m [31mERROR[0m codec_extension ThreadId(12) [2mzenoh_codec::common::extension[0m[2m:[0m Unknown Test ext: ZExtUnknown { Id: 0, Mandatory: true, Encoding: "Unit" }
[2m2026-09-14T10:47:58.892263Z[0m [31mERROR[0m codec_extension ThreadId(12) [2mzenoh_codec::common::extension[0m[2m:[0m Unknown Test ext: ZExtUnknown { Id: 0, Mandatory: true, Encoding: "Unit" }
[2m2026-09-14T10:47:58.892265Z[0m [31mERROR[0m codec_extension ThreadId(12) [2mzenoh_codec::common::extension[0m[2m:[0m Unknown Test ext: ZExtUnknown { Id: 0, Mandatory: true, Encoding: "Unit" }
[2m2026-09-14T10:47:58.892268Z[0m [31mERROR[0m codec_extension ThreadId(12) [2mzenoh_codec::common::extension[0m[2m:[0m Unknown Test ext: ZExtUnknown { Id: 0, Mandatory: true, Encoding: "Unit" }
[2m2026-09-14T10:47:58.892271Z[0m [31mERROR[0m codec_extension ThreadId(12) [2mzenoh_codec::common::extension[0m[2m:[0m Unknown Test ext: ZExtUnknown { Id: 0, Mandatory: true, Encoding: "Unit" }
[2m2026-09-14T10:47:58.892273Z[0m [31mERROR[0m codec_extension ThreadId(12) [2mzenoh_codec::common::extension[0m[2m:[0m Unknown Test ext: ZExtUnknown { Id: 0, Mandatory: true, Encoding: "Unit" }
[2m2026-09-14T10:47:58.892276Z[0m [31mERROR[0m codec_extension ThreadId(12) [2mzenoh_codec::common::extension[0m[2m:[0m Unknown Test ext: ZExtUnknown { Id: 0, Mandatory: true, Encoding: "Unit" }
[2m2026-09-14T10:47:58.892279Z[0m [31mERROR[0m codec_extension ThreadId(12) [2mzenoh_codec::common::extension[0m[2m:[0m Unknown Test ext: ZExtUnknown { Id: 0, Mandatory: true, Encoding: "Unit" }
[2m2026-09-14T10:47:58.892282Z[0m [31mERROR[0m codec_extension ThreadId(12) [2mzenoh_codec::common::extension[0m[2m:[0m Unknown Test ext: ZExtUnknown { Id: 0, Mandatory: true, Encoding: "Unit" }
[2m2026-09-14T10:47:58.892284Z[0m [31mERROR[0m codec_extension ThreadId(12) [2mzenoh_codec::common::extension[0m[2m:[0m Unknown Test ext: ZExtUnknown { Id: 0, Mandatory: true, Encoding: "Unit" }
[2m2026-09-14T10:47:58.892287Z[0m [31mERROR[0m codec_extension ThreadId(12) [2mzenoh_codec::common::extension[0m[2m:[0m Unknown Test ext: ZExtUnknown { Id: 0, Mandatory: true, Encoding: "Unit" }
[2m2026-09-14T10:47:58.892290Z[0m [31mERROR[0m codec_extension ThreadId(12) [2mzenoh_codec::common::extension[0m[2m:[0m Unknown Test ext: ZExtUnknown { Id: 0, Mandatory: true, Encoding: "Unit" }
[2m2026-09-14T10:47:58.892292Z[0m [31mERROR[0m codec_extension ThreadId(12) [2mzenoh_codec::common::extension[0m[2m:[0m Unknown Test ext: ZExtUnknown { Id: 0, Mandatory: true, Encoding: "Unit" }
[2m2026-09-14T10:47:58.892295Z[0m [31mERROR[0m codec_extension ThreadId(12) [2mzenoh_codec::common::extension[0m[2m:[0m Unknown Test ext: ZExtUnknown { Id: 0, Mandatory: true, Encoding: "Unit" }
[2m2026-09-14T10:47:58.892298Z[0m [31mERROR[0m codec_extension ThreadId(12) [2mzenoh_codec::common::extension[0m[2m:[0m Unknown Test ext: ZExtUnknown { Id: 0, Mandatory: true, Encoding: "Unit" }
[2m2026-09-14T10:47:58.892301Z[0m [31mERROR[0m codec_extension ThreadId(12) [2mzenoh_codec::common::extension[0m[2m:[0m Unknown Test ext: ZExtUnknown { Id: 0, Mandatory: true, Encoding: "Unit" }
[2m2026-09-14T10:47:58.892303Z[0m [31mERROR[0m codec_extension ThreadId(12) [2mzenoh_codec::common::extension[0m[2m:[0m Unknown Test ext: ZExtUnknown { Id: 0, Mandatory: true, Encoding: "Unit" }
[2m2026-09-14T10:47:58.892306Z[0m [31mERROR[0m codec_extension ThreadId(12) [2mzenoh_codec::common::extension[0m[2m:[0m Unknown Test ext: ZExtUnknown { Id: 0, Mandatory: true, Encoding: "Unit" }
[2m2026-09-14T10:47:58.892309Z[0m [31mERROR[0m codec_extension ThreadId(12) [2mzenoh_codec::common::extension[0m[2m:[0m Unknown Test ext: ZExtUnknown { Id: 0, Mandatory: true, Encoding: "Unit" }
[2m2026-09-14T10:47:58.892312Z[0m [31mERROR[0m codec_extension ThreadId(12) [2mzenoh_codec::common::extension[0m[2m:[0m Unknown Test ext: ZExtUnknown { Id: 0, Mandatory: true, Encoding: "Unit" }
[2m2026-09-14T10:47:58.892314Z[0m [31mERROR[0m codec_extension ThreadId(12) [2mzenoh_codec::common::extension[0m[2m:[0m Unknown Test ext: ZExtUnknown { Id: 0, Mandatory: true, Encoding: "Unit" }
[2m2026-09-14T10:47:58.892318Z[0m [31mERROR[0m codec_extension ThreadId(12) [2mzenoh_codec::common::extension[0m[2m:[0m Unknown Test ext: ZExtUnknown { Id: 0, Mandatory: true, Encoding: "Unit" }
[2m2026-09-14T10:47:58.892321Z[0m [31mERROR[0m codec_extension ThreadId(12) [2mzenoh_codec::common::extension[0m[2m:[0m Unknown Test ext: ZExtUnknown { Id: 0, Mandatory: true, Encoding: "Unit" }
[2m2026-09-14T10:47:58.892324Z[0m [31mERROR[0m codec_extension ThreadId(12) [2mzenoh_codec::common::extension[0m[2m:[0m Unknown Test ext: ZExtUnknown { Id: 0, Mandatory: true, Encoding: "Unit" }
[2m2026-09-14T10:47:58.892327Z[0m [31mERROR[0m codec_extension ThreadId(12) [2mzenoh_codec::common::extension[0m[2m:[0m Unknown Test ext: ZExtUnknown { Id: 0, Mandatory: true, Encoding: "Unit" }
[2m2026-09-14T10:47:58.892330Z[0m [31mERROR[0m codec_extension ThreadId(12) [2mzenoh_codec::common::extension[0m[2m:[0m Unknown Test ext: ZExtUnknown { Id: 0, Mandatory: true, Encoding: "Unit" }
[2m2026-09-14T10:47:58.892332Z[0m [31mERROR[0m codec_extension ThreadId(12) [2mzenoh_codec::common::extension[0m[2m:[0m Unknown Test ext: ZExtUnknown { Id: 0, Mandatory: true, Encoding: "Unit" }
[2m2026-09-14T10:47:58.892335Z[0m [31mERROR[0m codec_extension ThreadId(12) [2mzenoh_codec::common::extension[0m[2m:[0m Unknown Test ext: ZExtUnknown { Id: 0, Mandatory: true, Encoding: "Unit" }
[2m2026-09-14T10:47:58.892338Z[0m [31mERROR[0m codec_extension ThreadId(12) [2mzenoh_codec::common::extension[0m[2m:[0m Unknown Test ext: ZExtUnknown { Id: 0, Mandatory: true, Encoding: "Unit" }
[2m2026-09-14T10:47:58.892341Z[0m [31mERROR[0m codec_extension ThreadId(12) [2mzenoh_codec::common::extension[0m[2m:[0m Unknown Test ext: ZExtUnknown { Id: 0, Mandatory: true, Encoding: "Unit" }
[2m2026-09-14T10:47:58.892343Z[0m [31mERROR[0m codec_extension ThreadId(12) [2mzenoh_codec::common::extension[0m[2m:[0m Unknown Test ext: ZExtUnknown { Id: 0, Mandatory: true, Encoding: "Unit" }
[2m2026-09-14T10:47:58.892346Z[0m [31mERROR[0m codec_extension ThreadId(12) [2mzenoh_codec::common::extension[0m[2m:[0m Unknown Test ext: ZExtUnknown { Id: 0, Mandatory: true, Encoding: "Unit" }
[2m2026-09-14T10:47:58.892349Z[0m [31mERROR[0m codec_extension ThreadId(12) [2mzenoh_codec::common::extension[0m[2m:[0m Unknown Test ext: ZExtUnknown { Id: 0, Mandatory: true, Encoding: "Unit" }
[2m2026-09-14T10:47:58.892351Z[0m [31mERROR[0m codec_extension ThreadId(12) [2mzenoh_codec::common::extension[0m[2m:[0m Unknown Test ext: ZExtUnknown { Id: 0, Mandatory: true, Encoding: "Unit" }
[2m2026-09-14T10:47:58.892354Z[0m [31mERROR[0m codec_extension ThreadId(12) [2mzenoh_codec::common::extension[0m[2m:[0m Unknown Test ext: ZExtUnknown { Id: 0, Mandatory: true, Encoding: "Unit" }
[2m2026-09-14T10:47:58.892357Z[0m [31mERROR[0m codec_extension ThreadId(12) [2mzenoh_codec::common::extension[0m[2m:[0m Unknown Test ext: ZExtUnknown { Id: 0, Mandatory: true, Encoding: "Unit" }
[2m2026-09-14T10:47:58.892360Z[0m [31mERROR[0m codec_extension ThreadId(12) [2mzenoh_codec::common::extension[0m[2m:[0m Unknown Test ext: ZExtUnknown { Id: 0, Mandatory: true, Encoding: "Unit" }
[2m2026-09-14T10:47:58.892362Z[0m [31mERROR[0m codec_extension ThreadId(12) [2mzenoh_codec::common::extension[0m[2m:[0m Unknown Test ext: ZExtUnknown { Id: 0, Mandatory: true, Encoding: "Unit" }
[2m2026-09-14T10:47:58.892365Z[0m [31mERROR[0m codec_extension ThreadId(12) [2mzenoh_codec::common::extension[0m[2m:[0m Unknown Test ext: ZExtUnknown { Id: 0, Mandatory: true, Encoding: "Unit" }
[2m2026-09-14T10:47:58.892368Z[0m [31mERROR[0m codec_extension ThreadId(12) [2mzenoh_codec::common::extension[0m[2m:[0m Unknown Test ext: ZExtUnknown { Id: 0, Mandatory: true, Encoding: "Unit" }
[2m2026-09-14T10:47:58.892371Z[0m [31mERROR[0m codec_extension ThreadId(12) [2mzenoh_codec::common::extension[0m[2m:[0m Unknown Test ext: ZExtUnknown { Id: 0, Mandatory: true, Encoding: "Unit" }
[2m2026-09-14T10:47:58.892375Z[0m [31mERROR[0m codec_extension ThreadId(12) [2mzenoh_codec::common::extension[0m[2m:[0m Unknown Test ext: ZExtUnknown { Id: 0, Mandatory: true, Encoding: "Unit" }
[2m2026-09-14T10:47:58.892377Z[0m [31mERROR[0m codec_extension ThreadId(12) [2mzenoh_codec::common::extension[0m[2m:[0m Unknown Test ext: ZExtUnknown { Id: 0, Mandatory: true, Encoding: "Unit" }
[2m2026-09-14T10:47:58.892380Z[0m [31mERROR[0m codec_extension ThreadId(12) [2mzenoh_codec::common::extension[0m[2m:[0m Unknown Test ext: ZExtUnknown { Id: 0, Mandatory: true, Encoding: "Unit" }
[2m2026-09-14T10:47:58.892383Z[0m [31mERROR[0m codec_extension ThreadId(12) [2mzenoh_codec::common::extension[0m[2m:[0m Unknown Test ext: ZExtUnknown { Id: 0, Mandatory: true, Encoding: "Unit" }
[2m2026-09-14T10:47:58.892386Z[0m [31mERROR[0m codec_extension ThreadId(12) [2mzenoh_codec::common::extension[0m[2m:[0m Unknown Test ext: ZExtUnknown { Id: 0, Mandatory: true, Encoding: "Unit" }
[2m2026-09-14T10:47:58.892388Z[0m [31mERROR[0m codec_extension ThreadId(12) [2mzenoh_codec::common::extension[0m[2m:[0m Unknown Test ext: ZExtUnknown { Id: 0, Mandatory: true, Encoding: "Unit" }
[2m2026-09-14T10:47:58.892391Z[0m [31mERROR[0m codec_extension ThreadId(12) [2mzenoh_codec::common::extension[0m[2m:[0m Unknown Test ext: ZExtUnknown { Id: 0, Mandatory: true, Encoding: "Unit" }
[2m2026-09-14T10:47:58.892394Z[0m [31mERROR[0m codec_extension ThreadId(12) [2mzenoh_codec::common::extension[0m[2m:[0m Unknown Test ext: ZExtUnknown { Id: 0, Mandatory: true, Encoding: "Unit" }
[2m2026-09-14T10:47:58.892397Z[0m [31mERROR[0m codec_extension ThreadId(12) [2mzenoh_codec::common::extension[0m[2m:[0m Unknown Test ext: ZExtUnknown { Id: 0, Mandatory: true, Encoding: "Unit" }
[2m2026-09-14T10:47:58.892414Z[0m [31mERROR[0m codec_extension ThreadId(12) [2mzenoh_codec::common::extension[0m[2m:[0m Unknown Test ext: ZExtUnknown { Id: 0, Mandatory: true, Encoding: "Unit" }
[2m2026-09-14T10:47:58.892417Z[0m [31mERROR[0m codec_extension ThreadId(12) [2mzenoh_codec::common::extension[0m[2m:[0m Unknown Test ext: ZExtUnknown { Id: 0, Mandatory: true, Encoding: "Unit" }
[2m2026-09-14T10:47:58.892420Z[0m [31mERROR[0m codec_extension ThreadId(12) [2mzenoh_codec::common::extension[0m[2m:[0m Unknown Test ext: ZExtUnknown { Id: 0, Mandatory: true, Encoding: "Unit" }
[2m2026-09-14T10:47:58.892423Z[0m [31mERROR[0m codec_extension ThreadId(12) [2mzenoh_codec::common::extension[0m[2m:[0m Unknown Test ext: ZExtUnknown { Id: 0, Mandatory: true, Encoding: "Unit" }
[2m2026-09-14T10:47:58.892426Z[0m [31mERROR[0m codec_extension ThreadId(12) [2mzenoh_codec::common::extension[0m[2m:[0m Unknown Test ext: ZExtUnknown { Id: 0, Mandatory: true, Encoding: "Unit" }
[2m2026-09-14T10:47:58.892428Z[0m [31mERROR[0m codec_extension ThreadId(12) [2mzenoh_codec::common::extension[0m[2m:[0m Unknown Test ext: ZExtUnknown { Id: 0, Mandatory: true, Encoding: "Unit" }
[2m2026-09-14T10:47:58.892431Z[0m [31mERROR[0m codec_extension ThreadId(12) [2mzenoh_codec::common::extension[0m[2m:[0m Unknown Test ext: ZExtUnknown { Id: 0, Mandatory: true, Encoding: "Unit" }
[2m2026-09-14T10:47:58.892434Z[0m [31mERROR[0m codec_extension ThreadId(12) [2mzenoh_codec::common::extension[0m[2m:[0m Unknown Test ext: ZExtUnknown { Id: 0, Mandatory: true, Encoding: "Unit" }
[2m2026-09-14T10:47:58.892439Z[0m [31mERROR[0m codec_extension ThreadId(12) [2mzenoh_codec::common::extension[0m[2m:[0m Unknown Test ext: ZExtUnknown { Id: 0, Mandatory: true, Encoding: "Unit" }
[2m2026-09-14T10:47:58.892442Z[0m [31mERROR[0m codec_extension ThreadId(12) [2mzenoh_codec::common::extension[0m[2m:[0m Unknown Test ext: ZExtUnknown { Id: 0, Mandatory: true, Encoding: "Unit" }
[2m2026-09-14T10:47:58.892445Z[0m [31mERROR[0m codec_extension ThreadId(12) [2mzenoh_codec::common::extension[0m[2m:[0m Unknown Test ext: ZExtUnknown { Id: 0, Mandatory: true, Encoding: "Unit" }
[2m2026-09-14T10:47:58.892449Z[0m [31mERROR[0m codec_extension ThreadId(12) [2mzenoh_codec::common::extension[0m[2m:[0m Unknown Test ext: ZExtUnknown { Id: 0, Mandatory: true, Encoding: "Unit" }
[2m2026-09-14T10:47:58.892452Z[0m [31mERROR[0m codec_extension ThreadId(12) [2mzenoh_codec::common::extension[0m[2m:[0m Unknown Test ext: ZExtUnknown { Id: 0, Mandatory: true, Encoding: "Unit" }
[2m2026-09-14T10:47:58.892455Z[0m [31mERROR[0m codec_extension ThreadId(12) [2mzenoh_codec::common::extension[0m[2m:[0m Unknown Test ext: ZExtUnknown { Id: 0, Mandatory: true, Encoding: "Unit" }
[2m2026-09-14T10:47:58.892458Z[0m [31mERROR[0m codec_extension ThreadId(12) [2mzenoh_codec::common::extension[0m[2m:[0m Unknown Test ext: ZExtUnknown { Id: 0, Mandatory: true, Encoding: "Unit" }
[2m2026-09-14T10:47:58.892461Z[0m [31mERROR[0m codec_extension ThreadId(12) [2mzenoh_codec::common::extension[0m[2m:[0m Unknown Test ext: ZExtUnknown { Id: 0, Mandatory: true, Encoding: "Unit" }
[2m2026-09-14T10:47:58.892464Z[0m [31mERROR[0m codec_extension ThreadId(12) [2mzenoh_codec::common::extension[0m[2m:[0m Unknown Test ext: ZExtUnknown { Id: 0, Mandatory: true, Encoding: "Unit" }
[2m2026-09-14T10:47:58.892467Z[0m [31mERROR[0m codec_extension ThreadId(12) [2mzenoh_codec::common::extension[0m[2m:[0m Unknown Test ext: ZExtUnknown { Id: 0, Mandatory: true, Encoding: "Unit" }
[2m2026-09-14T10:47:58.892470Z[0m [31mERROR[0m codec_extension ThreadId(12) [2mzenoh_codec::common::extension[0m[2m:[0m Unknown Test ext: ZExtUnknown { Id: 0, Mandatory: true, Encoding: "Unit" }
[2m2026-09-14T10:47:58.892472Z[0m [31mERROR[0m codec_extension ThreadId(12) [2mzenoh_codec::common::extension[0m[2m:[0m Unknown Test ext: ZExtUnknown { Id: 0, Mandatory: true, Encoding: "Unit" }
[2m2026-09-14T10:47:58.892475Z[0m [31mERROR[0m codec_extension ThreadId(12) [2mzenoh_codec::common::extension[0m[2m:[0m Unknown Test ext: ZExtUnknown { Id: 0, Mandatory: true, Encoding: "Unit" }
[2m2026-09-14T10:47:58.892478Z[0m [31mERROR[0m codec_extension ThreadId(12) [2mzenoh_codec::common::extension[0m[2m:[0m Unknown Test ext: ZExtUnknown { Id: 0, Mandatory: true, Encoding: "Unit" }
[2m2026-09-14T10:47:58.892481Z[0m [31mERROR[0m codec_extension ThreadId(12) [2mzenoh_codec::common::extension[0m[2m:[0m Unknown Test ext: ZExtUnknown { Id: 0, Mandatory: true, Encoding: "Unit" }
[2m2026-09-14T10:47:58.892484Z[0m [31mERROR[0m codec_extension ThreadId(12) [2mzenoh_codec::common::extension[0m[2m:[0m Unknown Test ext: ZExtUnknown { Id: 0, Mandatory: true, Encoding: "Unit" }
[2m2026-09-14T10:47:58.892487Z[0m [31mERROR[0m codec_extension ThreadId(12) [2mzenoh_codec::common::extension[0m[2m:[0m Unknown Test ext: ZExtUnknown { Id: 0, Mandatory: true, Encoding: "Unit" }
[2m2026-09-14T10:47:58.892490Z[0m [31mERROR[0m codec_extension ThreadId(12) [2mzenoh_codec::common::extension[0m[2m:[0m Unknown Test ext: ZExtUnknown { Id: 0, Mandatory: true, Encoding: "Unit" }
[2m2026-09-14T10:47:58.892493Z[0m [31mERROR[0m codec_extension ThreadId(12) [2mzenoh_codec::common::extension[0m[2m:[0m Unknown Test ext: ZExtUnknown { Id: 0, Mandatory: true, Encoding: "Unit" }
[2m2026-09-14T10:47:58.892496Z[0m [31mERROR[0m codec_extension ThreadId(12) [2mzenoh_codec::common::extension[0m[2m:[0m Unknown Test ext: ZExtUnknown { Id: 0, Mandatory: true, Encoding: "Unit" }
[2m2026-09-14T10:47:58.892499Z[0m [31mERROR[0m codec_extension ThreadId(12) [2mzenoh_codec::common::extension[0m[2m:[0m Unknown Test ext: ZExtUnknown { Id: 0, Mandatory: true, Encoding: "Unit" }
[2m2026-09-14T10:47:58.892501Z[0m [31mERROR[0m codec_extension ThreadId(12) [2mzenoh_codec::common::extension[0m[2m:[0m Unknown Test ext: ZExtUnknown { Id: 0, Mandatory: true, Encoding: "Unit" }
[2m2026-09-14T10:47:58.892504Z[0m [31mERROR[0m codec_extension ThreadId(12) [2mzenoh_codec::common::extension[0m[2m:[0m Unknown Test ext: ZExtUnknown { Id: 0, Mandatory: true, Encoding: "Unit" }
[2m2026-09-14T10:47:58.892507Z[0m [31mERROR[0m codec_extension ThreadId(12) [2mzenoh_codec::common::extension[0m[2m:[0m Unknown Test ext: ZExtUnknown { Id: 0, Mandatory: true, Encoding: "Unit" }
[2m2026-09-14T10:47:58.892512Z[0m [31mERROR[0m codec_extension ThreadId(12) [2mzenoh_codec::common::extension[0m[2m:[0m Unknown Test ext: ZExtUnknown { Id: 0, Mandatory: true, Encoding: "Unit" }
[2m2026-09-14T10:47:58.892515Z[0m [31mERROR[0m codec_extension ThreadId(12) [2mzenoh_codec::common::extension[0m[2m:[0m Unknown Test ext: ZExtUnknown { Id: 0, Mandatory: true, Encoding: "Unit" }
[2m2026-09-14T10:47:58.892518Z[0m [31mERROR[0m codec_extension ThreadId(12) [2mzenoh_codec::common::extension[0m[2m:[0m Unknown Test ext: ZExtUnknown { Id: 0, Mandatory: true, Encoding: "Unit" }
[2m2026-09-14T10:47:58.892521Z[0m [31mERROR[0m codec_extension ThreadId(12) [2mzenoh_codec::common::extension[0m[2m:[0m Unknown Test ext: ZExtUnknown { Id: 0, Mandatory: true, Encoding: "Unit" }
[2m2026-09-14T10:47:58.892523Z[0m [31mERROR[0m codec_extension ThreadId(12) [2mzenoh_codec::common::extension[0m[2m:[0m Unknown Test ext: ZExtUnknown { Id: 0, Mandatory: true, Encoding: "Unit" }
[2m2026-09-14T10:47:58.892526Z[0m [31mERROR[0m codec_extension ThreadId(12) [2mzenoh_codec::common::extension[0m[2m:[0m Unknown Test ext: ZExtUnknown { Id: 0, Mandatory: true, Encoding: "Unit" }
[2m2026-09-14T10:47:58.892529Z[0m [31mERROR[0m codec_extension ThreadId(12) [2mzenoh_codec::common::extension[0m[2m:[0m Unknown Test ext: ZExtUnknown { Id: 0, Mandatory: true, Encoding: "Unit" }
[2m2026-09-14T10:47:58.892532Z[0m [31mERROR[0m codec_extension ThreadId(12) [2mzenoh_codec::common::extension[0m[2m:[0m Unknown Test ext: ZExtUnknown { Id: 0, Mandatory: true, Encoding: "Unit" }
[2m2026-09-14T10:47:58.892535Z[0m [31mERROR[0m codec_extension ThreadId(12) [2mzenoh_codec::common::extension[0m[2m:[0m Unknown Test ext: ZExtUnknown { Id: 0, Mandatory: true, Encoding: "Unit" }
[2m2026-09-14T10:47:58.892538Z[0m [31mERROR[0m codec_extension ThreadId(12) [2mzenoh_codec::common::extension[0m[2m:[0m Unknown Test ext: ZExtUnknown { Id: 0, Mandatory: true, Encoding: "Unit" }
[2m2026-09-14T10:47:58.892541Z[0m [31mERROR[0m codec_extension ThreadId(12) [2mzenoh_codec::common::extension[0m[2m:[0m Unknown Test ext: ZExtUnknown { Id: 0, Mandatory: true, Encoding: "Unit" }
[2m2026-09-14T10:47:58.892544Z[0m [31mERROR[0m codec_extension ThreadId(12) [2mzenoh_codec::common::extension[0m[2m:[0m Unknown Test ext: ZExtUnknown { Id: 0, Mandatory: true, Encoding: "Unit" }
[2m2026-09-14T10:47:58.892546Z[0m [31mERROR[0m codec_extension ThreadId(12) [2mzenoh_codec::common::extension[0m[2m:[0m Unknown Test ext: ZExtUnknown { Id: 0, Mandatory: true, Encoding: "Unit" }
[2m2026-09-14T10:47:58.892549Z[0m [31mERROR[0m codec_extension ThreadId(12) [2mzenoh_codec::common::extension[0m[2m:[0m Unknown Test ext: ZExtUnknown { Id: 0, Mandatory: true, Encoding: "Unit" }
[2m2026-09-14T10:47:58.892552Z[0m [31mERROR[0m codec_extension ThreadId(12) [2mzenoh_codec::common::extension[0m[2m:[0m Unknown Test ext: ZExtUnknown { Id: 0, Mandatory: true, Encoding: "Unit" }
[2m2026-09-14T10:47:58.892555Z[0m [31mERROR[0m codec_extension ThreadId(12) [2mzenoh_codec::common::extension[0m[2m:[0m Unknown Test ext: ZExtUnknown { Id: 0, Mandatory: true, Encoding: "Unit" }
[2m2026-09-14T10:47:58.892558Z[0m [31mERROR[0m codec_extension ThreadId(12) [2mzenoh_codec::common::extension[0m[2m:[0m Unknown Test ext: ZExtUnknown { Id: 0, Mandatory: true, Encoding: "Unit" }
[2m2026-09-14T10:47:58.892561Z[0m [31mERROR[0m codec_extension ThreadId(12) [2mzenoh_codec::common::extension[0m[2m:[0m Unknown Test ext: ZExtUnknown { Id: 0, Mandatory: true, Encoding: "Unit" }
[2m2026-09-14T10:47:58.892563Z[0m [31mERROR[0m codec_extension ThreadId(12) [2mzenoh_codec::common::extension[0m[2m:[0m Unknown Test ext: ZExtUnknown { Id: 0, Mandatory: true, Encoding: "Unit" }
[2m2026-09-14T10:47:58.892566Z[0m [31mERROR[0m codec_extension ThreadId(12) [2mzenoh_codec::common::extension[0m[2m:[0m Unknown Test ext: ZExtUnknown { Id: 0, Mandatory: true, Encoding: "Unit" }
[2m2026-09-14T10:47:58.892571Z[0m [31mERROR[0m codec_extension ThreadId(12) [2mzenoh_codec::common::extension[0m[2m:[0m Unknown Test ext: ZExtUnknown { Id: 0, Mandatory: true, Encoding: "Unit" }
[2m2026-09-14T10:47:58.892574Z[0m [31mERROR[0m codec_extension ThreadId(12) [2mzenoh_codec::common::extension[0m[2m:[0m Unknown Test ext: ZExtUnknown { Id: 0, Mandatory: true, Encoding: "Unit" }
[2m2026-09-14T10:47:58.892577Z[0m [31mERROR[0m codec_extension ThreadId(12) [2mzenoh_codec::common::extension[0m[2m:[0m Unknown Test ext: ZExtUnknown { Id: 0, Mandatory: true, Encoding: "Unit" }
[2m2026-09-14T10:47:58.892580Z[0m [31mERROR[0m codec_extension ThreadId(12) [2mzenoh_codec::common::extension[0m[2m:[0m Unknown Test ext: ZExtUnknown { Id: 0, Mandatory: true, Encoding: "Unit" }
[2m2026-09-14T10:47:58.892582Z[0m [31mERROR[0m codec_extension ThreadId(12) [2mzenoh_codec::common::extension[0m[2m:[0m Unknown Test ext: ZExtUnknown { Id: 0, Mandatory: true, Encoding: "Unit" }
[2m2026-09-14T10:47:58.892585Z[0m [31mERROR[0m codec_extension ThreadId(12) [2mzenoh_codec::common::extension[0m[2m:[0m Unknown Test ext: ZExtUnknown { Id: 0, Mandatory: true, Encoding: "Unit" }
[2m2026-09-14T10:47:58.892588Z[0m [31mERROR[0m codec_extension ThreadId(12) [2mzenoh_codec::common::extension[0m[2m:[0m Unknown Test ext: ZExtUnknown { Id: 0, Mandatory: true, Encoding: "Unit" }
[2m2026-09-14T10:47:58.892591Z[0m [31mERROR[0m codec_extension ThreadId(12) [2mzenoh_codec::common::extension[0m[2m:[0m Unknown Test ext: ZExtUnknown { Id: 0, Mandatory: true, Encoding: "Unit" }
[2m2026-09-14T10:47:58.892594Z[0m [31mERROR[0m codec_extension ThreadId(12) [2mzenoh_codec::common::extension[0m[2m:[0m Unknown Test ext: ZExtUnknown { Id: 0, Mandatory: true, Encoding: "Unit" }
[2m2026-09-14T10:47:58.892597Z[0m [31mERROR[0m codec_extension ThreadId(12) [2mzenoh_codec::common::extension[0m[2m:[0m Unknown Test ext: ZExtUnknown { Id: 0, Mandatory: true, Encoding: "Unit" }
[2m2026-09-14T10:47:58.892600Z[0m [31mERROR[0m codec_extension ThreadId(12) [2mzenoh_codec::common::extension[0m[2m:[0m Unknown Test ext: ZExtUnknown { Id: 0, Mandatory: true, Encoding: "Unit" }
[2m2026-09-14T10:47:58.892603Z[0m [31mERROR[0m codec_extension ThreadId(12) [2mzenoh_codec::common::extension[0m[2m:[0m Unknown Test ext: ZExtUnknown { Id: 0, Mandatory: true, Encoding: "Unit" }
[2m2026-09-14T10:47:58.892620Z[0m [31mERROR[0m codec_extension ThreadId(12) [2mzenoh_codec::common::extension[0m[2m:[0m Unknown Test ext: ZExtUnknown { Id: 0, Mandatory: true, Encoding: "Unit" }
[2m2026-09-14T10:47:58.892623Z[0m [31mERROR[0m codec_extension ThreadId(12) [2mzenoh_codec::common::extension[0m[2m:[0m Unknown Test ext: ZExtUnknown { Id: 0, Mandatory: true, Encoding: "Unit" }
[2m2026-09-14T10:47:58.892626Z[0m [31mERROR[0m codec_extension ThreadId(12) [2mzenoh_codec::common::extension[0m[2m:[0m Unknown Test ext: ZExtUnknown { Id: 0, Mandatory: true, Encoding: "Unit" }
[2m2026-09-14T10:47:58.892636Z[0m [31mERROR[0m codec_extension ThreadId(12) [2mzenoh_codec::common::extension[0m[2m:[0m Unknown Test ext: ZExtUnknown { Id: 0, Mandatory: true, Encoding: "Unit" }
[2m2026-09-14T10:47:58.892639Z[0m [31mERROR[0m codec_extension ThreadId(12) [2mzenoh_codec::common::extension[0m[2m:[0m Unknown Test ext: ZExtUnknown { Id: 0, Mandatory: true, Encoding: "Unit" }
[2m2026-09-14T10:47:58.892642Z[0m [31mERROR[0m codec_extension ThreadId(12) [2mzenoh_codec::common::extension[0m[2m:[0m Unknown Test ext: ZExtUnknown { Id: 0, Mandatory: true, Encoding: "Unit" }
[2m2026-09-14T10:47:58.892645Z[0m [31mERROR[0m codec_extension ThreadId(12) [2mzenoh_codec::common::extension[0m[2m:[0m Unknown Test ext: ZExtUnknown { Id: 0, Mandatory: true, Encoding: "Unit" }
[2m2026-09-14T10:47:58.892648Z[0m [31mERROR[0m codec_extension ThreadId(12) [2mzenoh_codec::common::extension[0m[2m:[0m Unknown Test ext: ZExtUnknown { Id: 0, Mandatory: true, Encoding: "Unit" }
[2m2026-09-14T10:47:58.892652Z[0m [31mERROR[0m codec_extension ThreadId(12) [2mzenoh_codec::common::extension[0m[2m:[0m Unknown Test ext: ZExtUnknown { Id: 0, Mandatory: true, Encoding: "Unit" }
[2m2026-09-14T10:47:58.892655Z[0m [31mERROR[0m codec_extension ThreadId(12) [2mzenoh_codec::common::extension[0m[2m:[0m Unknown Test ext: ZExtUnknown { Id: 0, Mandatory: true, Encoding: "Unit" }
[2m2026-09-14T10:47:58.892658Z[0m [31mERROR[0m codec_extension ThreadId(12) [2mzenoh_codec::common::extension[0m[2m:[0m Unknown Test ext: ZExtUnknown { Id: 0, Mandatory: true, Encoding: "Unit" }
[2m2026-09-14T10:47:58.892661Z[0m [31mERROR[0m codec_extension ThreadId(12) [2mzenoh_codec::common::extension[0m[2m:[0m Unknown Test ext: ZExtUnknown { Id: 0, Mandatory: true, Encoding: "Unit" }
[2m2026-09-14T10:47:58.892664Z[0m [31mERROR[0m codec_extension ThreadId(12) [2mzenoh_codec::common::extension[0m[2m:[0m Unknown Test ext: ZExtUnknown { Id: 0, Mandatory: true, Encoding: "Unit" }
[2m2026-09-14T10:47:58.892667Z[0m [31mERROR[0m codec_extension ThreadId(12) [2mzenoh_codec::common::extension[0m[2m:[0m Unknown Test ext: ZExtUnknown { Id: 0, Mandatory: true, Encoding: "Unit" }
[2m2026-09-14T10:47:58.892669Z[0m [31mERROR[0m codec_extension ThreadId(12) [2mzenoh_codec::common::extension[0m[2m:[0m Unknown Test ext: ZExtUnknown { Id: 0, Mandatory: true, Encoding: "Unit" }
[2m2026-09-14T10:47:58.892672Z[0m [31mERROR[0m codec_extension ThreadId(12) [2mzenoh_codec::common::extension[0m[2m:[0m Unknown Test ext: ZExtUnknown { Id: 0, Mandatory: true, Encoding: "Unit" }
[2m2026-09-14T10:47:58.892675Z[0m [31mERROR[0m codec_extension ThreadId(12) [2mzenoh_codec::common::extension[0m[2m:[0m Unknown Test ext: ZExtUnknown { Id: 0, Mandatory: true, Encoding: "Unit" }
[2m2026-09-14T10:47:58.892678Z[0m [31mERROR[0m codec_extension ThreadId(12) [2mzenoh_codec::common::extension[0m[2m:[0m Unknown Test ext: ZExtUnknown { Id: 0, Mandatory: true, Encoding: "Unit" }
[2m2026-09-14T10:47:58.892681Z[0m [31mERROR[0m codec_extension ThreadId(12) [2mzenoh_codec::common::extension[0m[2m:[0m Unknown Test ext: ZExtUnknown { Id: 0, Mandatory: true, Encoding: "Unit" }
[2m2026-09-14T10:47:58.892684Z[0m [31mERROR[0m codec_extension ThreadId(12) [2mzenoh_codec::common::extension[0m[2m:[0m Unknown Test ext: ZExtUnknown { Id: 0, Mandatory: true, Encoding: "Unit" }
[2m2026-09-14T10:47:58.892687Z[0m [31mERROR[0m codec_extension ThreadId(12) [2mzenoh_codec::common::extension[0m[2m:[0m Unknown Test ext: ZExtUnknown { Id: 0, Mandatory: true, Encoding: "Unit" }
[2m2026-09-14T10:47:58.892690Z[0m [31mERROR[0m codec_extension ThreadId(12) [2mzenoh_codec::common::extension[0m[2m:[0m Unknown Test ext: ZExtUnknown { Id: 0, Mandatory: true, Encoding: "Unit" }
[2m2026-09-14T10:47:58.892693Z[0m [31mERROR[0m codec_extension ThreadId(12) [2mzenoh_codec::common::extension[0m[2m:[0m Unknown Test ext: ZExtUnknown { Id: 0, Mandatory: true, Encoding: "Unit" }
[2m2026-09-14T10:47:58.892696Z[0m [31mERROR[0m codec_extension ThreadId(12) [2mzenoh_codec::common::extension[0m[2m:[0m Unknown Test ext: ZExtUnknown { Id: 0, Mandatory: true, Encoding: "Unit" }
[2m2026-09-14T10:47:58.892699Z[0m [31mERROR[0m codec_extension ThreadId(12) [2mzenoh_codec::common::extension[0m[2m:[0m Unknown Test ext: ZExtUnknown { Id: 0, Mandatory: true, Encoding: "Unit" }
[2m2026-09-14T10:47:58.892701Z[0m [31mERROR[0m codec_extension ThreadId(12) [2mzenoh_codec::common::extension[0m[2m:[0m Unknown Test ext: ZExtUnknown { Id: 0, Mandatory: true, Encoding: "Unit" }
[2m2026-09-14T10:47:58.892704Z[0m [31mERROR[0m codec_extension ThreadId(12) [2mzenoh_codec::common::extension[0m[2m:[0m Unknown Test ext: ZExtUnknown { Id: 0, Mandatory: true, Encoding: "Unit" }
[2m2026-09-14T10:47:58.892707Z[0m [31mERROR[0m codec_extension ThreadId(12) [2mzenoh_codec::common::extension[0m[2m:[0m Unknown Test ext: ZExtUnknown { Id: 0, Mandatory: true, Encoding: "Unit" }
[2m2026-09-14T10:47:58.892711Z[0m [31mERROR[0m codec_extension ThreadId(12) [2mzenoh_codec::common::extension[0m[2m:[0m Unknown Test ext: ZExtUnknown { Id: 0, Mandatory: true, Encoding: "Unit" }
[2m2026-09-14T10:47:58.892714Z[0m [31mERROR[0m codec_extension ThreadId(12) [2mzenoh_codec::common::extension[0m[2m:[0m Unknown Test ext: ZExtUnknown { Id: 0, Mandatory: true, Encoding: "Unit" }
[2m2026-09-14T10:47:58.892716Z[0m [31mERROR[0m codec_extension ThreadId(12) [2mzenoh_codec::common::extension[0m[2m:[0m Unknown Test ext: ZExtUnknown { Id: 0, Mandatory: true, Encoding: "Unit" }
[2m2026-09-14T10:47:58.892719Z[0m [31mERROR[0m codec_extension ThreadId(12) [2mzenoh_codec::common::extension[0m[2m:[0m Unknown Test ext: ZExtUnknown { Id: 0, Mandatory: true, Encoding: "Unit" }
[2m2026-09-14T10:47:58.892722Z[0m [31mERROR[0m codec_extension ThreadId(12) [2mzenoh_codec::common::extension[0m[2m:[0m Unknown Test ext: ZExtUnknown { Id: 0, Mandatory: true, Encoding: "Unit" }
[2m2026-09-14T10:47:58.892725Z[0m [31mERROR[0m codec_extension ThreadId(12) [2mzenoh_codec::common::extension[0m[2m:[0m Unknown Test ext: ZExtUnknown { Id: 0, Mandatory: true, Encoding: "Unit" }
[2m2026-09-14T10:47:58.892728Z[0m [31mERROR[0m codec_extension ThreadId(12) [2mzenoh_codec::common::extension[0m[2m:[0m Unknown Test ext: ZExtUnknown { Id: 0, Mandatory: true, Encoding: "Unit" }
[2m2026-09-14T10:47:58.892731Z[0m [31mERROR[0m codec_extension ThreadId(12) [2mzenoh_codec::common::extension[0m[2m:[0m Unknown Test ext: ZExtUnknown { Id: 0, Mandatory: true, Encoding: "Unit" }
[2m2026-09-14T10:47:58.892733Z[0m [31mERROR[0m codec_extension ThreadId(12) [2mzenoh_codec::common::extension[0m[2m:[0m Unknown Test ext: ZExtUnknown { Id: 0, Mandatory: true, Encoding: "Unit" }
[2m2026-09-14T10:47:58.892736Z[0m [31mERROR[0m codec_extension ThreadId(12) [2mzenoh_codec::common::extension[0m[2m:[0m Unknown Test ext: ZExtUnknown { Id: 0, Mandatory: true, Encoding: "Unit" }
[2m2026-09-14T10:47:58.892739Z[0m [31mERROR[0m codec_extension ThreadId(12) [2mzenoh_codec::common::extension[0m[2m:[0m Unknown Test ext: ZExtUnknown { Id: 0, Mandatory: true, Encoding: "Unit" }
[2m2026-09-14T10:47:58.892742Z[0m [31mERROR[0m codec_extension ThreadId(12) [2mzenoh_codec::common::extension[0m[2m:[0m Unknown Test ext: ZExtUnknown { Id: 0, Mandatory: true, Encoding: "Unit" }
[2m2026-09-14T10:47:58.892744Z[0m [31mERROR[0m codec_extension ThreadId(12) [2mzenoh_codec::common::extension[0m[2m:[0m Unknown Test ext: ZExtUnknown { Id: 0, Mandatory: true, Encoding: "Unit" }
[2m2026-09-14T10:47:58.892747Z[0m [31mERROR[0m codec_extension ThreadId(12) [2mzenoh_codec::common::extension[0m[2m:[0m Unknown Test ext: ZExtUnknown { Id: 0, Mandatory: true, Encoding: "Unit" }
[2m2026-09-14T10:47:58.892750Z[0m [31mERROR[0m codec_extension ThreadId(12) [2mzenoh_codec::common::extension[0m[2m:[0m Unknown Test ext: ZExtUnknown { Id: 0, Mandatory: true, Encoding: "Unit" }
[2m2026-09-14T10:47:58.892753Z[0m [31mERROR[0m codec_extension ThreadId(12) [2mzenoh_codec::common::extension[0m[2m:[0m Unknown Test ext: ZExtUnknown { Id: 0, Mandatory: true, Encoding: "Unit" }
[2m2026-09-14T10:47:58.892887Z[0m [31mERROR[0m codec_extension ThreadId(12) [2mzenoh_codec::common::extension[0m[2m:[0m Unknown Test ext: ZExtUnknown { Id: 1, Mandatory: true, Encoding: "Z64", Value: 6192270471114661683 }
[2m2026-09-14T10:47:58.892891Z[0m [31mERROR[0m codec_extension ThreadId(12) [2mzenoh_codec::common::extension[0m[2m:[0m Unknown Test ext: ZExtUnknown { Id: 1, Mandatory: true, Encoding: "Z64", Value: 9658615728545867154 }
[2m2026-09-14T10:47:58.892895Z[0m [31mERROR[0m codec_extension ThreadId(12) [2mzenoh_codec::common::extension[0m[2m:[0m Unknown Test ext: ZExtUnknown { Id: 1, Mandatory: true, Encoding: "Z64", Value: 5779246580460381810 }
[2m2026-09-14T10:47:58.892899Z[0m [31mERROR[0m codec_extension ThreadId(12) [2mzenoh_codec::common::extension[0m[2m:[0m Unknown Test ext: ZExtUnknown { Id: 1, Mandatory: true, Encoding: "Z64", Value: 11374833227460902588 }
[2m2026-09-14T10:47:58.892903Z[0m [31mERROR[0m codec_extension ThreadId(12) [2mzenoh_codec::common::extension[0m[2m:[0m Unknown Test ext: ZExtUnknown { Id: 1, Mandatory: true, Encoding: "Z64", Value: 13520136036881842779 }
[2m2026-09-14T10:47:58.892907Z[0m [31mERROR[0m codec_extension ThreadId(12) [2mzenoh_codec::common::extension[0m[2m:[0m Unknown Test ext: ZExtUnknown { Id: 1, Mandatory: true, Encoding: "Z64", Value: 4142816434340990502 }
[2m2026-09-14T10:47:58.892911Z[0m [31mERROR[0m codec_extension ThreadId(12) [2mzenoh_codec::common::extension[0m[2m:[0m Unknown Test ext: ZExtUnknown { Id: 1, Mandatory: true, Encoding: "Z64", Value: 11189544915573905799 }
[2m2026-09-14T10:47:58.892914Z[0m [31mERROR[0m codec_extension ThreadId(12) [2mzenoh_codec::common::extension[0m[2m:[0m Unknown Test ext: ZExtUnknown { Id: 1, Mandatory: true, Encoding: "Z64", Value: 18261046936076319228 }
[2m2026-09-14T10:47:58.892918Z[0m [31mERROR[0m codec_extension ThreadId(12) [2mzenoh_codec::common::extension[0m[2m:[0m Unknown Test ext: ZExtUnknown { Id: 1, Mandatory: true, Encoding: "Z64", Value: 6317810736003166702 }
[2m2026-09-14T10:47:58.892922Z[0m [31mERROR[0m codec_extension ThreadId(12) [2mzenoh_codec::common::extension[0m[2m:[0m Unknown Test ext: ZExtUnknown { Id: 1, Mandatory: true, Encoding: "Z64", Value: 7584871436030873633 }
[2m2026-09-14T10:47:58.892925Z[0m [31mERROR[0m codec_extension ThreadId(12) [2mzenoh_codec::common::extension[0m[2m:[0m Unknown Test ext: ZExtUnknown { Id: 1, Mandatory: true, Encoding: "Z64", Value: 9252643650512093012 }
[2m2026-09-14T10:47:58.892929Z[0m [31mERROR[0m codec_extension ThreadId(12) [2mzenoh_codec::common::extension[0m[2m:[0m Unknown Test ext: ZExtUnknown { Id: 1, Mandatory: true, Encoding: "Z64", Value: 9488888171752861910 }
[2m2026-09-14T10:47:58.892932Z[0m [31mERROR[0m codec_extension ThreadId(12) [2mzenoh_codec::common::extension[0m[2m:[0m Unknown Test ext: ZExtUnknown { Id: 1, Mandatory: true, Encoding: "Z64", Value: 13219146893324280399 }
[2m2026-09-14T10:47:58.892950Z[0m [31mERROR[0m codec_extension ThreadId(12) [2mzenoh_codec::common::extension[0m[2m:[0m Unknown Test ext: ZExtUnknown { Id: 1, Mandatory: true, Encoding: "Z64", Value: 11976543284001571441 }
[2m2026-09-14T10:47:58.892954Z[0m [31mERROR[0m codec_extension ThreadId(12) [2mzenoh_codec::common::extension[0m[2m:[0m Unknown Test ext: ZExtUnknown { Id: 1, Mandatory: true, Encoding: "Z64", Value: 10582947021288233586 }
[2m2026-09-14T10:47:58.892957Z[0m [31mERROR[0m codec_extension ThreadId(12) [2mzenoh_codec::common::extension[0m[2m:[0m Unknown Test ext: ZExtUnknown { Id: 1, Mandatory: true, Encoding: "Z64", Value: 4830177147702891838 }
[2m2026-09-14T10:47:58.892961Z[0m [31mERROR[0m codec_extension ThreadId(12) [2mzenoh_codec::common::extension[0m[2m:[0m Unknown Test ext: ZExtUnknown { Id: 1, Mandatory: true, Encoding: "Z64", Value: 1524019622735750642 }
[2m2026-09-14T10:47:58.892964Z[0m [31mERROR[0m codec_extension ThreadId(12) [2mzenoh_codec::common::extension[0m[2m:[0m Unknown Test ext: ZExtUnknown { Id: 1, Mandatory: true, Encoding: "Z64", Value: 3211661285067227247 }
[2m2026-09-14T10:47:58.892968Z[0m [31mERROR[0m codec_extension ThreadId(12) [2mzenoh_codec::common::extension[0m[2m:[0m Unknown Test ext: ZExtUnknown { Id: 1, Mandatory: true, Encoding: "Z64", Value: 12986397460878408322 }
[2m2026-09-14T10:47:58.892971Z[0m [31mERROR[0m codec_extension ThreadId(12) [2mzenoh_codec::common::extension[0m[2m:[0m Unknown Test ext: ZExtUnknown { Id: 1, Mandatory: true, Encoding: "Z64", Value: 17491975390148132205 }
[2m2026-09-14T10:47:58.892975Z[0m [31mERROR[0m codec_extension ThreadId(12) [2mzenoh_codec::common::extension[0m[2m:[0m Unknown Test ext: ZExtUnknown { Id: 1, Mandatory: true, Encoding: "Z64", Value: 13072797682814868149 }
[2m2026-09-14T10:47:58.892979Z[0m [31mERROR[0m codec_extension ThreadId(12) [2mzenoh_codec::common::extension[0m[2m:[0m Unknown Test ext: ZExtUnknown { Id: 1, Mandatory: true, Encoding: "Z64", Value: 8889841326345565482 }
[2m2026-09-14T10:47:58.892983Z[0m [31mERROR[0m codec_extension ThreadId(12) [2mzenoh_codec::common::extension[0m[2m:[0m Unknown Test ext: ZExtUnknown { Id: 1, Mandatory: true, Encoding: "Z64", Value: 17979133222832767548 }
[2m2026-09-14T10:47:58.892987Z[0m [31mERROR[0m codec_extension ThreadId(12) [2mzenoh_codec::common::extension[0m[2m:[0m Unknown Test ext: ZExtUnknown { Id: 1, Mandatory: true, Encoding: "Z64", Value: 58350989017852023 }
[2m2026-09-14T10:47:58.892990Z[0m [31mERROR[0m codec_extension ThreadId(12) [2mzenoh_codec::common::extension[0m[2m:[0m Unknown Test ext: ZExtUnknown { Id: 1, Mandatory: true, Encoding: "Z64", Value: 7963944183281322372 }
[2m2026-09-14T10:47:58.892994Z[0m [31mERROR[0m codec_extension ThreadId(12) [2mzenoh_codec::common::extension[0m[2m:[0m Unknown Test ext: ZExtUnknown { Id: 1, Mandatory: true, Encoding: "Z64", Value: 8336553578410586317 }
[2m2026-09-14T10:47:58.892997Z[0m [31mERROR[0m codec_extension ThreadId(12) [2mzenoh_codec::common::extension[0m[2m:[0m Unknown Test ext: ZExtUnknown { Id: 1, Mandatory: true, Encoding: "Z64", Value: 9108236358988706533 }
[2m2026-09-14T10:47:58.893001Z[0m [31mERROR[0m codec_extension ThreadId(12) [2mzenoh_codec::common::extension[0m[2m:[0m Unknown Test ext: ZExtUnknown { Id: 1, Mandatory: true, Encoding: "Z64", Value: 4459134226504498786 }
[2m2026-09-14T10:47:58.893004Z[0m [31mERROR[0m codec_extension ThreadId(12) [2mzenoh_codec::common::extension[0m[2m:[0m Unknown Test ext: ZExtUnknown { Id: 1, Mandatory: true, Encoding: "Z64", Value: 16734282329429395018 }
[2m2026-09-14T10:47:58.893008Z[0m [31mERROR[0m codec_extension ThreadId(12) [2mzenoh_codec::common::extension[0m[2m:[0m Unknown Test ext: ZExtUnknown { Id: 1, Mandatory: true, Encoding: "Z64", Value: 6095624049197395061 }
[2m2026-09-14T10:47:58.893012Z[0m [31mERROR[0m codec_extension ThreadId(12) [2mzenoh_codec::common::extension[0m[2m:[0m Unknown Test ext: ZExtUnknown { Id: 1, Mandatory: true, Encoding: "Z64", Value: 16127010367090134737 }
[2m2026-09-14T10:47:58.893015Z[0m [31mERROR[0m codec_extension ThreadId(12) [2mzenoh_codec::common::extension[0m[2m:[0m Unknown Test ext: ZExtUnknown { Id: 1, Mandatory: true, Encoding: "Z64", Value: 14252594791149933195 }
[2m2026-09-14T10:47:58.893019Z[0m [31mERROR[0m codec_extension ThreadId(12) [2mzenoh_codec::common::extension[0m[2m:[0m Unknown Test ext: ZExtUnknown { Id: 1, Mandatory: true, Encoding: "Z64", Value: 1599985855783451548 }
[2m2026-09-14T10:47:58.893022Z[0m [31mERROR[0m codec_extension ThreadId(12) [2mzenoh_codec::common::extension[0m[2m:[0m Unknown Test ext: ZExtUnknown { Id: 1, Mandatory: true, Encoding: "Z64", Value: 4537283519334370782 }
[2m2026-09-14T10:47:58.893041Z[0m [31mERROR[0m codec_extension ThreadId(12) [2mzenoh_codec::common::extension[0m[2m:[0m Unknown Test ext: ZExtUnknown { Id: 1, Mandatory: true, Encoding: "Z64", Value: 963262455348891450 }
[2m2026-09-14T10:47:58.893045Z[0m [31mERROR[0m codec_extension ThreadId(12) [2mzenoh_codec::common::extension[0m[2m:[0m Unknown Test ext: ZExtUnknown { Id: 1, Mandatory: true, Encoding: "Z64", Value: 8305559540663629729 }
[2m2026-09-14T10:47:58.893048Z[0m [31mERROR[0m codec_extension ThreadId(12) [2mzenoh_codec::common::extension[0m[2m:[0m Unknown Test ext: ZExtUnknown { Id: 1, Mandatory: true, Encoding: "Z64", Value: 14319871766854949005 }
[2m2026-09-14T10:47:58.893052Z[0m [31mERROR[0m codec_extension ThreadId(12) [2mzenoh_codec::common::extension[0m[2m:[0m Unknown Test ext: ZExtUnknown { Id: 1, Mandatory: true, Encoding: "Z64", Value: 1626177405432131599 }
[2m2026-09-14T10:47:58.893055Z[0m [31mERROR[0m codec_extension ThreadId(12) [2mzenoh_codec::common::extension[0m[2m:[0m Unknown Test ext: ZExtUnknown { Id: 1, Mandatory: true, Encoding: "Z64", Value: 4174000008814274769 }
[2m2026-09-14T10:47:58.893060Z[0m [31mERROR[0m codec_extension ThreadId(12) [2mzenoh_codec::common::extension[0m[2m:[0m Unknown Test ext: ZExtUnknown { Id: 1, Mandatory: true, Encoding: "Z64", Value: 15143628355200647097 }
[2m2026-09-14T10:47:58.893064Z[0m [31mERROR[0m codec_extension ThreadId(12) [2mzenoh_codec::common::extension[0m[2m:[0m Unknown Test ext: ZExtUnknown { Id: 1, Mandatory: true, Encoding: "Z64", Value: 695307675611796787 }
[2m2026-09-14T10:47:58.893067Z[0m [31mERROR[0m codec_extension ThreadId(12) [2mzenoh_codec::common::extension[0m[2m:[0m Unknown Test ext: ZExtUnknown { Id: 1, Mandatory: true, Encoding: "Z64", Value: 16157306358867808216 }
[2m2026-09-14T10:47:58.893071Z[0m [31mERROR[0m codec_extension ThreadId(12) [2mzenoh_codec::common::extension[0m[2m:[0m Unknown Test ext: ZExtUnknown { Id: 1, Mandatory: true, Encoding: "Z64", Value: 12266820613751442739 }
[2m2026-09-14T10:47:58.893074Z[0m [31mERROR[0m codec_extension ThreadId(12) [2mzenoh_codec::common::extension[0m[2m:[0m Unknown Test ext: ZExtUnknown { Id: 1, Mandatory: true, Encoding: "Z64", Value: 12079763071967361927 }
[2m2026-09-14T10:47:58.893078Z[0m [31mERROR[0m codec_extension ThreadId(12) [2mzenoh_codec::common::extension[0m[2m:[0m Unknown Test ext: ZExtUnknown { Id: 1, Mandatory: true, Encoding: "Z64", Value: 4790495966868045509 }
[2m2026-09-14T10:47:58.893082Z[0m [31mERROR[0m codec_extension ThreadId(12) [2mzenoh_codec::common::extension[0m[2m:[0m Unknown Test ext: ZExtUnknown { Id: 1, Mandatory: true, Encoding: "Z64", Value: 15310697732111486807 }
[2m2026-09-14T10:47:58.893085Z[0m [31mERROR[0m codec_extension ThreadId(12) [2mzenoh_codec::common::extension[0m[2m:[0m Unknown Test ext: ZExtUnknown { Id: 1, Mandatory: true, Encoding: "Z64", Value: 14416116942628006891 }
[2m2026-09-14T10:47:58.893089Z[0m [31mERROR[0m codec_extension ThreadId(12) [2mzenoh_codec::common::extension[0m[2m:[0m Unknown Test ext: ZExtUnknown { Id: 1, Mandatory: true, Encoding: "Z64", Value: 13753827367465386697 }
[2m2026-09-14T10:47:58.893092Z[0m [31mERROR[0m codec_extension ThreadId(12) [2mzenoh_codec::common::extension[0m[2m:[0m Unknown Test ext: ZExtUnknown { Id: 1, Mandatory: true, Encoding: "Z64", Value: 12698925142045728624 }
[2m2026-09-14T10:47:58.893096Z[0m [31mERROR[0m codec_extension ThreadId(12) [2mzenoh_codec::common::extension[0m[2m:[0m Unknown Test ext: ZExtUnknown { Id: 1, Mandatory: true, Encoding: "Z64", Value: 18347240020856011370 }
[2m2026-09-14T10:47:58.893099Z[0m [31mERROR[0m codec_extension ThreadId(12) [2mzenoh_codec::common::extension[0m[2m:[0m Unknown Test ext: ZExtUnknown { Id: 1, Mandatory: true, Encoding: "Z64", Value: 1610932680746848929 }
[2m2026-09-14T10:47:58.893103Z[0m [31mERROR[0m codec_extension ThreadId(12) [2mzenoh_codec::common::extension[0m[2m:[0m Unknown Test ext: ZExtUnknown { Id: 1, Mandatory: true, Encoding: "Z64", Value: 14907414157057116799 }
[2m2026-09-14T10:47:58.893107Z[0m [31mERROR[0m codec_extension ThreadId(12) [2mzenoh_codec::common::extension[0m[2m:[0m Unknown Test ext: ZExtUnknown { Id: 1, Mandatory: true, Encoding: "Z64", Value: 10398804544770389499 }
[2m2026-09-14T10:47:58.893110Z[0m [31mERROR[0m codec_extension ThreadId(12) [2mzenoh_codec::common::extension[0m[2m:[0m Unknown Test ext: ZExtUnknown { Id: 1, Mandatory: true, Encoding: "Z64", Value: 14598000886716080331 }
[2m2026-09-14T10:47:58.893114Z[0m [31mERROR[0m codec_extension ThreadId(12) [2mzenoh_codec::common::extension[0m[2m:[0m Unknown Test ext: ZExtUnknown { Id: 1, Mandatory: true, Encoding: "Z64", Value: 2277871740550243954 }
[2m2026-09-14T10:47:58.893117Z[0m [31mERROR[0m codec_extension ThreadId(12) [2mzenoh_codec::common::extension[0m[2m:[0m Unknown Test ext: ZExtUnknown { Id: 1, Mandatory: true, Encoding: "Z64", Value: 5036270669731745699 }
[2m2026-09-14T10:47:58.893135Z[0m [31mERROR[0m codec_extension ThreadId(12) [2mzenoh_codec::common::extension[0m[2m:[0m Unknown Test ext: ZExtUnknown { Id: 1, Mandatory: true, Encoding: "Z64", Value: 14390259912417670851 }
[2m2026-09-14T10:47:58.893139Z[0m [31mERROR[0m codec_extension ThreadId(12) [2mzenoh_codec::common::extension[0m[2m:[0m Unknown Test ext: ZExtUnknown { Id: 1, Mandatory: true, Encoding: "Z64", Value: 18376975091275194466 }
[2m2026-09-14T10:47:58.893143Z[0m [31mERROR[0m codec_extension ThreadId(12) [2mzenoh_codec::common::extension[0m[2m:[0m Unknown Test ext: ZExtUnknown { Id: 1, Mandatory: true, Encoding: "Z64", Value: 8962475782529488826 }
[2m2026-09-14T10:47:58.893147Z[0m [31mERROR[0m codec_extension ThreadId(12) [2mzenoh_codec::common::extension[0m[2m:[0m Unknown Test ext: ZExtUnknown { Id: 1, Mandatory: true, Encoding: "Z64", Value: 1638411255014846299 }
[2m2026-09-14T10:47:58.893150Z[0m [31mERROR[0m codec_extension ThreadId(12) [2mzenoh_codec::common::extension[0m[2m:[0m Unknown Test ext: ZExtUnknown { Id: 1, Mandatory: true, Encoding: "Z64", Value: 6211198543142588340 }
[2m2026-09-14T10:47:58.893154Z[0m [31mERROR[0m codec_extension ThreadId(12) [2mzenoh_codec::common::extension[0m[2m:[0m Unknown Test ext: ZExtUnknown { Id: 1, Mandatory: true, Encoding: "Z64", Value: 1362761234129275285 }
[2m2026-09-14T10:47:58.893157Z[0m [31mERROR[0m codec_extension ThreadId(12) [2mzenoh_codec::common::extension[0m[2m:[0m Unknown Test ext: ZExtUnknown { Id: 1, Mandatory: true, Encoding: "Z64", Value: 1273319731669150006 }
[2m2026-09-14T10:47:58.893161Z[0m [31mERROR[0m codec_extension ThreadId(12) [2mzenoh_codec::common::extension[0m[2m:[0m Unknown Test ext: ZExtUnknown { Id: 1, Mandatory: true, Encoding: "Z64", Value: 11486863321761532822 }
[2m2026-09-14T10:47:58.893164Z[0m [31mERROR[0m codec_extension ThreadId(12) [2mzenoh_codec::common::extension[0m[2m:[0m Unknown Test ext: ZExtUnknown { Id: 1, Mandatory: true, Encoding: "Z64", Value: 772039858009777315 }
[2m2026-09-14T10:47:58.893168Z[0m [31mERROR[0m codec_extension ThreadId(12) [2mzenoh_codec::common::extension[0m[2m:[0m Unknown Test ext: ZExtUnknown { Id: 1, Mandatory: true, Encoding: "Z64", Value: 8406896904003905581 }
[2m2026-09-14T10:47:58.893171Z[0m [31mERROR[0m codec_extension ThreadId(12) [2mzenoh_codec::common::extension[0m[2m:[0m Unknown Test ext: ZExtUnknown { Id: 1, Mandatory: true, Encoding: "Z64", Value: 7828897416720637704 }
[2m2026-09-14T10:47:58.893175Z[0m [31mERROR[0m codec_extension ThreadId(12) [2mzenoh_codec::common::extension[0m[2m:[0m Unknown Test ext: ZExtUnknown { Id: 1, Mandatory: true, Encoding: "Z64", Value: 2828829719368612379 }
[2m2026-09-14T10:47:58.893178Z[0m [31mERROR[0m codec_extension ThreadId(12) [2mzenoh_codec::common::extension[0m[2m:[0m Unknown Test ext: ZExtUnknown { Id: 1, Mandatory: true, Encoding: "Z64", Value: 15677124742878851394 }
[2m2026-09-14T10:47:58.893182Z[0m [31mERROR[0m codec_extension ThreadId(12) [2mzenoh_codec::common::extension[0m[2m:[0m Unknown Test ext: ZExtUnknown { Id: 1, Mandatory: true, Encoding: "Z64", Value: 17420366436605035852 }
[2m2026-09-14T10:47:58.893186Z[0m [31mERROR[0m codec_extension ThreadId(12) [2mzenoh_codec::common::extension[0m[2m:[0m Unknown Test ext: ZExtUnknown { Id: 1, Mandatory: true, Encoding: "Z64", Value: 1204746765133616680 }
[2m2026-09-14T10:47:58.893189Z[0m [31mERROR[0m codec_extension ThreadId(12) [2mzenoh_codec::common::extension[0m[2m:[0m Unknown Test ext: ZExtUnknown { Id: 1, Mandatory: true, Encoding: "Z64", Value: 2283388820420409721 }
[2m2026-09-14T10:47:58.893193Z[0m [31mERROR[0m codec_extension ThreadId(12) [2mzenoh_codec::common::extension[0m[2m:[0m Unknown Test ext: ZExtUnknown { Id: 1, Mandatory: true, Encoding: "Z64", Value: 12644367268696490330 }
[2m2026-09-14T10:47:58.893196Z[0m [31mERROR[0m codec_extension ThreadId(12) [2mzenoh_codec::common::extension[0m[2m:[0m Unknown Test ext: ZExtUnknown { Id: 1, Mandatory: true, Encoding: "Z64", Value: 1505359111872012289 }
[2m2026-09-14T10:47:58.893200Z[0m [31mERROR[0m codec_extension ThreadId(12) [2mzenoh_codec::common::extension[0m[2m:[0m Unknown Test ext: ZExtUnknown { Id: 1, Mandatory: true, Encoding: "Z64", Value: 15905960014327862403 }
[2m2026-09-14T10:47:58.893204Z[0m [31mERROR[0m codec_extension ThreadId(12) [2mzenoh_codec::common::extension[0m[2m:[0m Unknown Test ext: ZExtUnknown { Id: 1, Mandatory: true, Encoding: "Z64", Value: 11155675645148869726 }
[2m2026-09-14T10:47:58.893208Z[0m [31mERROR[0m codec_extension ThreadId(12) [2mzenoh_codec::common::extension[0m[2m:[0m Unknown Test ext: ZExtUnknown { Id: 1, Mandatory: true, Encoding: "Z64", Value: 1936832372904994269 }
[2m2026-09-14T10:47:58.893226Z[0m [31mERROR[0m codec_extension ThreadId(12) [2mzenoh_codec::common::extension[0m[2m:[0m Unknown Test ext: ZExtUnknown { Id: 1, Mandatory: true, Encoding: "Z64", Value: 4557346750775064762 }
[2m2026-09-14T10:47:58.893229Z[0m [31mERROR[0m codec_extension ThreadId(12) [2mzenoh_codec::common::extension[0m[2m:[0m Unknown Test ext: ZExtUnknown { Id: 1, Mandatory: true, Encoding: "Z64", Value: 14474220287659462012 }
[2m2026-09-14T10:47:58.893233Z[0m [31mERROR[0m codec_extension ThreadId(12) [2mzenoh_codec::common::extension[0m[2m:[0m Unknown Test ext: ZExtUnknown { Id: 1, Mandatory: true, Encoding: "Z64", Value: 9119743486769953090 }
[2m2026-09-14T10:47:58.893236Z[0m [31mERROR[0m codec_extension ThreadId(12) [2mzenoh_codec::common::extension[0m[2m:[0m Unknown Test ext: ZExtUnknown { Id: 1, Mandatory: true, Encoding: "Z64", Value: 1674117575794554813 }
[2m2026-09-14T10:47:58.893240Z[0m [31mERROR[0m codec_extension ThreadId(12) [2mzenoh_codec::common::extension[0m[2m:[0m Unknown Test ext: ZExtUnknown { Id: 1, Mandatory: true, Encoding: "Z64", Value: 15661751873783820536 }
[2m2026-09-14T10:47:58.893243Z[0m [31mERROR[0m codec_extension ThreadId(12) [2mzenoh_codec::common::extension[0m[2m:[0m Unknown Test ext: ZExtUnknown { Id: 1, Mandatory: true, Encoding: "Z64", Value: 7491961157531197602 }
[2m2026-09-14T10:47:58.893247Z[0m [31mERROR[0m codec_extension ThreadId(12) [2mzenoh_codec::common::extension[0m[2m:[0m Unknown Test ext: ZExtUnknown { Id: 1, Mandatory: true, Encoding: "Z64", Value: 11281305833402703002 }
[2m2026-09-14T10:47:58.893250Z[0m [31mERROR[0m codec_extension ThreadId(12) [2mzenoh_codec::common::extension[0m[2m:[0m Unknown Test ext: ZExtUnknown { Id: 1, Mandatory: true, Encoding: "Z64", Value: 10179464759862913930 }
[2m2026-09-14T10:47:58.893254Z[0m [31mERROR[0m codec_extension ThreadId(12) [2mzenoh_codec::common::extension[0m[2m:[0m Unknown Test ext: ZExtUnknown { Id: 1, Mandatory: true, Encoding: "Z64", Value: 2985280051086709491 }
[2m2026-09-14T10:47:58.893258Z[0m [31mERROR[0m codec_extension ThreadId(12) [2mzenoh_codec::common::extension[0m[2m:[0m Unknown Test ext: ZExtUnknown { Id: 1, Mandatory: true, Encoding: "Z64", Value: 9404040617264309336 }
[2m2026-09-14T10:47:58.893261Z[0m [31mERROR[0m codec_extension ThreadId(12) [2mzenoh_codec::common::extension[0m[2m:[0m Unknown Test ext: ZExtUnknown { Id: 1, Mandatory: true, Encoding: "Z64", Value: 12289106653676926821 }
[2m2026-09-14T10:47:58.893265Z[0m [31mERROR[0m codec_extension ThreadId(12) [2mzenoh_codec::common::extension[0m[2m:[0m Unknown Test ext: ZExtUnknown { Id: 1, Mandatory: true, Encoding: "Z64", Value: 10033371978282648721 }
[2m2026-09-14T10:47:58.893268Z[0m [31mERROR[0m codec_extension ThreadId(12) [2mzenoh_codec::common::extension[0m[2m:[0m Unknown Test ext: ZExtUnknown { Id: 1, Mandatory: true, Encoding: "Z64", Value: 10636091142673308573 }
[2m2026-09-14T10:47:58.893272Z[0m [31mERROR[0m codec_extension ThreadId(12) [2mzenoh_codec::common::extension[0m[2m:[0m Unknown Test ext: ZExtUnknown { Id: 1, Mandatory: true, Encoding: "Z64", Value: 8736213161432991620 }
[2m2026-09-14T10:47:58.893275Z[0m [31mERROR[0m codec_extension ThreadId(12) [2mzenoh_codec::common::extension[0m[2m:[0m Unknown Test ext: ZExtUnknown { Id: 1, Mandatory: true, Encoding: "Z64", Value: 11106037583325769701 }
[2m2026-09-14T10:47:58.893279Z[0m [31mERROR[0m codec_extension ThreadId(12) [2mzenoh_codec::common::extension[0m[2m:[0m Unknown Test ext: ZExtUnknown { Id: 1, Mandatory: true, Encoding: "Z64", Value: 3161778532285331655 }
[2m2026-09-14T10:47:58.893283Z[0m [31mERROR[0m codec_extension ThreadId(12) [2mzenoh_codec::common::extension[0m[2m:[0m Unknown Test ext: ZExtUnknown { Id: 1, Mandatory: true, Encoding: "Z64", Value: 9800371886093616823 }
[2m2026-09-14T10:47:58.893286Z[0m [31mERROR[0m codec_extension ThreadId(12) [2mzenoh_codec::common::extension[0m[2m:[0m Unknown Test ext: ZExtUnknown { Id: 1, Mandatory: true, Encoding: "Z64", Value: 17640263650738313332 }
[2m2026-09-14T10:47:58.893290Z[0m [31mERROR[0m codec_extension ThreadId(12) [2mzenoh_codec::common::extension[0m[2m:[0m Unknown Test ext: ZExtUnknown { Id: 1, Mandatory: true, Encoding: "Z64", Value: 6809244965552630536 }
[2m2026-09-14T10:47:58.893293Z[0m [31mERROR[0m codec_extension ThreadId(12) [2mzenoh_codec::common::extension[0m[2m:[0m Unknown Test ext: ZExtUnknown { Id: 1, Mandatory: true, Encoding: "Z64", Value: 2635854476232477314 }
[2m2026-09-14T10:47:58.893297Z[0m [31mERROR[0m codec_extension ThreadId(12) [2mzenoh_codec::common::extension[0m[2m:[0m Unknown Test ext: ZExtUnknown { Id: 1, Mandatory: true, Encoding: "Z64", Value: 13075538174083015496 }
[2m2026-09-14T10:47:58.893315Z[0m [31mERROR[0m codec_extension ThreadId(12) [2mzenoh_codec::common::extension[0m[2m:[0m Unknown Test ext: ZExtUnknown { Id: 1, Mandatory: true, Encoding: "Z64", Value: 13805215852231571083 }
[2m2026-09-14T10:47:58.893318Z[0m [31mERROR[0m codec_extension ThreadId(12) [2mzenoh_codec::common::extension[0m[2m:[0m Unknown Test ext: ZExtUnknown { Id: 1, Mandatory: true, Encoding: "Z64", Value: 1053682367002225767 }
[2m2026-09-14T10:47:58.893323Z[0m [31mERROR[0m codec_extension ThreadId(12) [2mzenoh_codec::common::extension[0m[2m:[0m Unknown Test ext: ZExtUnknown { Id: 1, Mandatory: true, Encoding: "Z64", Value: 6083086062888347894 }
[2m2026-09-14T10:47:58.893326Z[0m [31mERROR[0m codec_extension ThreadId(12) [2mzenoh_codec::common::extension[0m[2m:[0m Unknown Test ext: ZExtUnknown { Id: 1, Mandatory: true, Encoding: "Z64", Value: 9816168783192092997 }
[2m2026-09-14T10:47:58.893330Z[0m [31mERROR[0m codec_extension ThreadId(12) [2mzenoh_codec::common::extension[0m[2m:[0m Unknown Test ext: ZExtUnknown { Id: 1, Mandatory: true, Encoding: "Z64", Value: 4844766842337547386 }
[2m2026-09-14T10:47:58.893333Z[0m [31mERROR[0m codec_extension ThreadId(12) [2mzenoh_codec::common::extension[0m[2m:[0m Unknown Test ext: ZExtUnknown { Id: 1, Mandatory: true, Encoding: "Z64", Value: 12275111774794832829 }
[2m2026-09-14T10:47:58.893337Z[0m [31mERROR[0m codec_extension ThreadId(12) [2mzenoh_codec::common::extension[0m[2m:[0m Unknown Test ext: ZExtUnknown { Id: 1, Mandatory: true, Encoding: "Z64", Value: 4880125602701842861 }
[2m2026-09-14T10:47:58.893340Z[0m [31mERROR[0m codec_extension ThreadId(12) [2mzenoh_codec::common::extension[0m[2m:[0m Unknown Test ext: ZExtUnknown { Id: 1, Mandatory: true, Encoding: "Z64", Value: 2949317524389123385 }
[2m2026-09-14T10:47:58.893344Z[0m [31mERROR[0m codec_extension ThreadId(12) [2mzenoh_codec::common::extension[0m[2m:[0m Unknown Test ext: ZExtUnknown { Id: 1, Mandatory: true, Encoding: "Z64", Value: 10096507085133679995 }
[2m2026-09-14T10:47:58.893347Z[0m [31mERROR[0m codec_extension ThreadId(12) [2mzenoh_codec::common::extension[0m[2m:[0m Unknown Test ext: ZExtUnknown { Id: 1, Mandatory: true, Encoding: "Z64", Value: 2925952158536509952 }
[2m2026-09-14T10:47:58.893351Z[0m [31mERROR[0m codec_extension ThreadId(12) [2mzenoh_codec::common::extension[0m[2m:[0m Unknown Test ext: ZExtUnknown { Id: 1, Mandatory: true, Encoding: "Z64", Value: 8205023014910583425 }
[2m2026-09-14T10:47:58.893355Z[0m [31mERROR[0m codec_extension ThreadId(12) [2mzenoh_codec::common::extension[0m[2m:[0m Unknown Test ext: ZExtUnknown { Id: 1, Mandatory: true, Encoding: "Z64", Value: 434891372027811917 }
[2m2026-09-14T10:47:58.893358Z[0m [31mERROR[0m codec_extension ThreadId(12) [2mzenoh_codec::common::extension[0m[2m:[0m Unknown Test ext: ZExtUnknown { Id: 1, Mandatory: true, Encoding: "Z64", Value: 533115659218858060 }
[2m2026-09-14T10:47:58.893363Z[0m [31mERROR[0m codec_extension ThreadId(12) [2mzenoh_codec::common::extension[0m[2m:[0m Unknown Test ext: ZExtUnknown { Id: 1, Mandatory: true, Encoding: "Z64", Value: 9890539004064006687 }
[2m2026-09-14T10:47:58.893366Z[0m [31mERROR[0m codec_extension ThreadId(12) [2mzenoh_codec::common::extension[0m[2m:[0m Unknown Test ext: ZExtUnknown { Id: 1, Mandatory: true, Encoding: "Z64", Value: 3537608629353293111 }
[2m2026-09-14T10:47:58.893370Z[0m [31mERROR[0m codec_extension ThreadId(12) [2mzenoh_codec::common::extension[0m[2m:[0m Unknown Test ext: ZExtUnknown { Id: 1, Mandatory: true, Encoding: "Z64", Value: 6981024794775958641 }
[2m2026-09-14T10:47:58.893373Z[0m [31mERROR[0m codec_extension ThreadId(12) [2mzenoh_codec::common::extension[0m[2m:[0m Unknown Test ext: ZExtUnknown { Id: 1, Mandatory: true, Encoding: "Z64", Value: 14741011010140302684 }
[2m2026-09-14T10:47:58.893377Z[0m [31mERROR[0m codec_extension ThreadId(12) [2mzenoh_codec::common::extension[0m[2m:[0m Unknown Test ext: ZExtUnknown { Id: 1, Mandatory: true, Encoding: "Z64", Value: 16158026384539877040 }
[2m2026-09-14T10:47:58.893380Z[0m [31mERROR[0m codec_extension ThreadId(12) [2mzenoh_codec::common::extension[0m[2m:[0m Unknown Test ext: ZExtUnknown { Id: 1, Mandatory: true, Encoding: "Z64", Value: 9923557395001206514 }
[2m2026-09-14T10:47:58.893384Z[0m [31mERROR[0m codec_extension ThreadId(12) [2mzenoh_codec::common::extension[0m[2m:[0m Unknown Test ext: ZExtUnknown { Id: 1, Mandatory: true, Encoding: "Z64", Value: 17318423449859320550 }
[2m2026-09-14T10:47:58.893388Z[0m [31mERROR[0m codec_extension ThreadId(12) [2mzenoh_codec::common::extension[0m[2m:[0m Unknown Test ext: ZExtUnknown { Id: 1, Mandatory: true, Encoding: "Z64", Value: 3848888189266974178 }
[2m2026-09-14T10:47:58.893391Z[0m [31mERROR[0m codec_extension ThreadId(12) [2mzenoh_codec::common::extension[0m[2m:[0m Unknown Test ext: ZExtUnknown { Id: 1, Mandatory: true, Encoding: "Z64", Value: 8221111248917995993 }
[2m2026-09-14T10:47:58.893409Z[0m [31mERROR[0m codec_extension ThreadId(12) [2mzenoh_codec::common::extension[0m[2m:[0m Unknown Test ext: ZExtUnknown { Id: 1, Mandatory: true, Encoding: "Z64", Value: 2363521657880980168 }
[2m2026-09-14T10:47:58.893413Z[0m [31mERROR[0m codec_extension ThreadId(12) [2mzenoh_codec::common::extension[0m[2m:[0m Unknown Test ext: ZExtUnknown { Id: 1, Mandatory: true, Encoding: "Z64", Value: 16370647405332296841 }
[2m2026-09-14T10:47:58.893416Z[0m [31mERROR[0m codec_extension ThreadId(12) [2mzenoh_codec::common::extension[0m[2m:[0m Unknown Test ext: ZExtUnknown { Id: 1, Mandatory: true, Encoding: "Z64", Value: 2150297818647524582 }
[2m2026-09-14T10:47:58.893420Z[0m [31mERROR[0m codec_extension ThreadId(12) [2mzenoh_codec::common::extension[0m[2m:[0m Unknown Test ext: ZExtUnknown { Id: 1, Mandatory: true, Encoding: "Z64", Value: 5989059216965089826 }
[2m2026-09-14T10:47:58.893423Z[0m [31mERROR[0m codec_extension ThreadId(12) [2mzenoh_codec::common::extension[0m[2m:[0m Unknown Test ext: ZExtUnknown { Id: 1, Mandatory: true, Encoding: "Z64", Value: 17274176550720108102 }
[2m2026-09-14T10:47:58.893427Z[0m [31mERROR[0m codec_extension ThreadId(12) [2mzenoh_codec::common::extension[0m[2m:[0m Unknown Test ext: ZExtUnknown { Id: 1, Mandatory: true, Encoding: "Z64", Value: 6425748307952005117 }
[2m2026-09-14T10:47:58.893431Z[0m [31mERROR[0m codec_extension ThreadId(12) [2mzenoh_codec::common::extension[0m[2m:[0m Unknown Test ext: ZExtUnknown { Id: 1, Mandatory: true, Encoding: "Z64", Value: 11932534435214506929 }
[2m2026-09-14T10:47:58.893434Z[0m [31mERROR[0m codec_extension ThreadId(12) [2mzenoh_codec::common::extension[0m[2m:[0m Unknown Test ext: ZExtUnknown { Id: 1, Mandatory: true, Encoding: "Z64", Value: 1300634481903298705 }
[2m2026-09-14T10:47:58.893439Z[0m [31mERROR[0m codec_extension ThreadId(12) [2mzenoh_codec::common::extension[0m[2m:[0m Unknown Test ext: ZExtUnknown { Id: 1, Mandatory: true, Encoding: "Z64", Value: 3513940762964662365 }
[2m2026-09-14T10:47:58.893442Z[0m [31mERROR[0m codec_extension ThreadId(12) [2mzenoh_codec::common::extension[0m[2m:[0m Unknown Test ext: ZExtUnknown { Id: 1, Mandatory: true, Encoding: "Z64", Value: 17193904387174253404 }
[2m2026-09-14T10:47:58.893446Z[0m [31mERROR[0m codec_extension ThreadId(12) [2mzenoh_codec::common::extension[0m[2m:[0m Unknown Test ext: ZExtUnknown { Id: 1, Mandatory: true, Encoding: "Z64", Value: 12215806741733364342 }
[2m2026-09-14T10:47:58.893450Z[0m [31mERROR[0m codec_extension ThreadId(12) [2mzenoh_codec::common::extension[0m[2m:[0m Unknown Test ext: ZExtUnknown { Id: 1, Mandatory: true, Encoding: "Z64", Value: 9729965873368320867 }
[2m2026-09-14T10:47:58.893453Z[0m [31mERROR[0m codec_extension ThreadId(12) [2mzenoh_codec::common::extension[0m[2m:[0m Unknown Test ext: ZExtUnknown { Id: 1, Mandatory: true, Encoding: "Z64", Value: 3393019277068912742 }
[2m2026-09-14T10:47:58.893457Z[0m [31mERROR[0m codec_extension ThreadId(12) [2mzenoh_codec::common::extension[0m[2m:[0m Unknown Test ext: ZExtUnknown { Id: 1, Mandatory: true, Encoding: "Z64", Value: 7643324353120564621 }
[2m2026-09-14T10:47:58.893460Z[0m [31mERROR[0m codec_extension ThreadId(12) [2mzenoh_codec::common::extension[0m[2m:[0m Unknown Test ext: ZExtUnknown { Id: 1, Mandatory: true, Encoding: "Z64", Value: 18373631346023041822 }
[2m2026-09-14T10:47:58.893465Z[0m [31mERROR[0m codec_extension ThreadId(12) [2mzenoh_codec::common::extension[0m[2m:[0m Unknown Test ext: ZExtUnknown { Id: 1, Mandatory: true, Encoding: "Z64", Value: 2892747466111612959 }
[2m2026-09-14T10:47:58.893470Z[0m [31mERROR[0m codec_extension ThreadId(12) [2mzenoh_codec::common::extension[0m[2m:[0m Unknown Test ext: ZExtUnknown { Id: 1, Mandatory: true, Encoding: "Z64", Value: 3983889556712623455 }
[2m2026-09-14T10:47:58.893474Z[0m [31mERROR[0m codec_extension ThreadId(12) [2mzenoh_codec::common::extension[0m[2m:[0m Unknown Test ext: ZExtUnknown { Id: 1, Mandatory: true, Encoding: "Z64", Value: 532502236740182709 }
[2m2026-09-14T10:47:58.893477Z[0m [31mERROR[0m codec_extension ThreadId(12) [2mzenoh_codec::common::extension[0m[2m:[0m Unknown Test ext: ZExtUnknown { Id: 1, Mandatory: true, Encoding: "Z64", Value: 6743811472932297086 }
[2m2026-09-14T10:47:58.893481Z[0m [31mERROR[0m codec_extension ThreadId(12) [2mzenoh_codec::common::extension[0m[2m:[0m Unknown Test ext: ZExtUnknown { Id: 1, Mandatory: true, Encoding: "Z64", Value: 10804978335153113769 }
[2m2026-09-14T10:47:58.893487Z[0m [31mERROR[0m codec_extension ThreadId(12) [2mzenoh_codec::common::extension[0m[2m:[0m Unknown Test ext: ZExtUnknown { Id: 1, Mandatory: true, Encoding: "Z64", Value: 14303167306959261700 }
[2m2026-09-14T10:47:58.893506Z[0m [31mERROR[0m codec_extension ThreadId(12) [2mzenoh_codec::common::extension[0m[2m:[0m Unknown Test ext: ZExtUnknown { Id: 1, Mandatory: true, Encoding: "Z64", Value: 13735063841391905021 }
[2m2026-09-14T10:47:58.893511Z[0m [31mERROR[0m codec_extension ThreadId(12) [2mzenoh_codec::common::extension[0m[2m:[0m Unknown Test ext: ZExtUnknown { Id: 1, Mandatory: true, Encoding: "Z64", Value: 9220974873439233727 }
[2m2026-09-14T10:47:58.893514Z[0m [31mERROR[0m codec_extension ThreadId(12) [2mzenoh_codec::common::extension[0m[2m:[0m Unknown Test ext: ZExtUnknown { Id: 1, Mandatory: true, Encoding: "Z64", Value: 16853791524433875143 }
[2m2026-09-14T10:47:58.893518Z[0m [31mERROR[0m codec_extension ThreadId(12) [2mzenoh_codec::common::extension[0m[2m:[0m Unknown Test ext: ZExtUnknown { Id: 1, Mandatory: true, Encoding: "Z64", Value: 10075859313136349918 }
[2m2026-09-14T10:47:58.893524Z[0m [31mERROR[0m codec_extension ThreadId(12) [2mzenoh_codec::common::extension[0m[2m:[0m Unknown Test ext: ZExtUnknown { Id: 1, Mandatory: true, Encoding: "Z64", Value: 7788377073774662803 }
[2m2026-09-14T10:47:58.893531Z[0m [31mERROR[0m codec_extension ThreadId(12) [2mzenoh_codec::common::extension[0m[2m:[0m Unknown Test ext: ZExtUnknown { Id: 1, Mandatory: true, Encoding: "Z64", Value: 5711594973335472305 }
[2m2026-09-14T10:47:58.893536Z[0m [31mERROR[0m codec_extension ThreadId(12) [2mzenoh_codec::common::extension[0m[2m:[0m Unknown Test ext: ZExtUnknown { Id: 1, Mandatory: true, Encoding: "Z64", Value: 15387468928627074932 }
[2m2026-09-14T10:47:58.893543Z[0m [31mERROR[0m codec_extension ThreadId(12) [2mzenoh_codec::common::extension[0m[2m:[0m Unknown Test ext: ZExtUnknown { Id: 1, Mandatory: true, Encoding: "Z64", Value: 6073989105429669235 }
[2m2026-09-14T10:47:58.893546Z[0m [31mERROR[0m codec_extension ThreadId(12) [2mzenoh_codec::common::extension[0m[2m:[0m Unknown Test ext: ZExtUnknown { Id: 1, Mandatory: true, Encoding: "Z64", Value: 16396528991050080990 }
[2m2026-09-14T10:47:58.893552Z[0m [31mERROR[0m codec_extension ThreadId(12) [2mzenoh_codec::common::extension[0m[2m:[0m Unknown Test ext: ZExtUnknown { Id: 1, Mandatory: true, Encoding: "Z64", Value: 8360423846492485593 }
[2m2026-09-14T10:47:58.893556Z[0m [31mERROR[0m codec_extension ThreadId(12) [2mzenoh_codec::common::extension[0m[2m:[0m Unknown Test ext: ZExtUnknown { Id: 1, Mandatory: true, Encoding: "Z64", Value: 7010600220072549669 }
[2m2026-09-14T10:47:58.893563Z[0m [31mERROR[0m codec_extension ThreadId(12) [2mzenoh_codec::common::extension[0m[2m:[0m Unknown Test ext: ZExtUnknown { Id: 1, Mandatory: true, Encoding: "Z64", Value: 13741623281913668635 }
[2m2026-09-14T10:47:58.893567Z[0m [31mERROR[0m codec_extension ThreadId(12) [2mzenoh_codec::common::extension[0m[2m:[0m Unknown Test ext: ZExtUnknown { Id: 1, Mandatory: true, Encoding: "Z64", Value: 13153814122512181914 }
[2m2026-09-14T10:47:58.893573Z[0m [31mERROR[0m codec_extension ThreadId(12) [2mzenoh_codec::common::extension[0m[2m:[0m Unknown Test ext: ZExtUnknown { Id: 1, Mandatory: true, Encoding: "Z64", Value: 13569954138817323593 }
[2m2026-09-14T10:47:58.893577Z[0m [31mERROR[0m codec_extension ThreadId(12) [2mzenoh_codec::common::extension[0m[2m:[0m Unknown Test ext: ZExtUnknown { Id: 1, Mandatory: true, Encoding: "Z64", Value: 422099843199067472 }
[2m2026-09-14T10:47:58.893580Z[0m [31mERROR[0m codec_extension ThreadId(12) [2mzenoh_codec::common::extension[0m[2m:[0m Unknown Test ext: ZExtUnknown { Id: 1, Mandatory: true, Encoding: "Z64", Value: 17069967406540864566 }
[2m2026-09-14T10:47:58.893584Z[0m [31mERROR[0m codec_extension ThreadId(12) [2mzenoh_codec::common::extension[0m[2m:[0m Unknown Test ext: ZExtUnknown { Id: 1, Mandatory: true, Encoding: "Z64", Value: 14042970010548888479 }
[2m2026-09-14T10:47:58.893587Z[0m [31mERROR[0m codec_extension ThreadId(12) [2mzenoh_codec::common::extension[0m[2m:[0m Unknown Test ext: ZExtUnknown { Id: 1, Mandatory: true, Encoding: "Z64", Value: 6562201443221947211 }
[2m2026-09-14T10:47:58.893591Z[0m [31mERROR[0m codec_extension ThreadId(12) [2mzenoh_codec::common::extension[0m[2m:[0m Unknown Test ext: ZExtUnknown { Id: 1, Mandatory: true, Encoding: "Z64", Value: 4740406110572234294 }
[2m2026-09-14T10:47:58.893595Z[0m [31mERROR[0m codec_extension ThreadId(12) [2mzenoh_codec::common::extension[0m[2m:[0m Unknown Test ext: ZExtUnknown { Id: 1, Mandatory: true, Encoding: "Z64", Value: 16245471306885986756 }
[2m2026-09-14T10:47:58.893598Z[0m [31mERROR[0m codec_extension ThreadId(12) [2mzenoh_codec::common::extension[0m[2m:[0m Unknown Test ext: ZExtUnknown { Id: 1, Mandatory: true, Encoding: "Z64", Value: 12729938401135540531 }
[2m2026-09-14T10:47:58.893617Z[0m [31mERROR[0m codec_extension ThreadId(12) [2mzenoh_codec::common::extension[0m[2m:[0m Unknown Test ext: ZExtUnknown { Id: 1, Mandatory: true, Encoding: "Z64", Value: 7125225149329741872 }
[2m2026-09-14T10:47:58.893622Z[0m [31mERROR[0m codec_extension ThreadId(12) [2mzenoh_codec::common::extension[0m[2m:[0m Unknown Test ext: ZExtUnknown { Id: 1, Mandatory: true, Encoding: "Z64", Value: 6034138267711947267 }
[2m2026-09-14T10:47:58.893635Z[0m [31mERROR[0m codec_extension ThreadId(12) [2mzenoh_codec::common::extension[0m[2m:[0m Unknown Test ext: ZExtUnknown { Id: 1, Mandatory: true, Encoding: "Z64", Value: 2052429938797638769 }
[2m2026-09-14T10:47:58.893640Z[0m [31mERROR[0m codec_extension ThreadId(12) [2mzenoh_codec::common::extension[0m[2m:[0m Unknown Test ext: ZExtUnknown { Id: 1, Mandatory: true, Encoding: "Z64", Value: 12490009059061481910 }
[2m2026-09-14T10:47:58.893644Z[0m [31mERROR[0m codec_extension ThreadId(12) [2mzenoh_codec::common::extension[0m[2m:[0m Unknown Test ext: ZExtUnknown { Id: 1, Mandatory: true, Encoding: "Z64", Value: 1594679322254616525 }
[2m2026-09-14T10:47:58.893648Z[0m [31mERROR[0m codec_extension ThreadId(12) [2mzenoh_codec::common::extension[0m[2m:[0m Unknown Test ext: ZExtUnknown { Id: 1, Mandatory: true, Encoding: "Z64", Value: 14238635507846776849 }
[2m2026-09-14T10:47:58.893651Z[0m [31mERROR[0m codec_extension ThreadId(12) [2mzenoh_codec::common::extension[0m[2m:[0m Unknown Test ext: ZExtUnknown { Id: 1, Mandatory: true, Encoding: "Z64", Value: 4024911542238859401 }
[2m2026-09-14T10:47:58.893655Z[0m [31mERROR[0m codec_extension ThreadId(12) [2mzenoh_codec::common::extension[0m[2m:[0m Unknown Test ext: ZExtUnknown { Id: 1, Mandatory: true, Encoding: "Z64", Value: 2841792786434943852 }
[2m2026-09-14T10:47:58.893659Z[0m [31mERROR[0m codec_extension ThreadId(12) [2mzenoh_codec::common::extension[0m[2m:[0m Unknown Test ext: ZExtUnknown { Id: 1, Mandatory: true, Encoding: "Z64", Value: 13187715303709793681 }
[2m2026-09-14T10:47:58.893663Z[0m [31mERROR[0m codec_extension ThreadId(12) [2mzenoh_codec::common::extension[0m[2m:[0m Unknown Test ext: ZExtUnknown { Id: 1, Mandatory: true, Encoding: "Z64", Value: 7657454490429736668 }
[2m2026-09-14T10:47:58.893666Z[0m [31mERROR[0m codec_extension ThreadId(12) [2mzenoh_codec::common::extension[0m[2m:[0m Unknown Test ext: ZExtUnknown { Id: 1, Mandatory: true, Encoding: "Z64", Value: 10597313998122246373 }
[2m2026-09-14T10:47:58.893670Z[0m [31mERROR[0m codec_extension ThreadId(12) [2mzenoh_codec::common::extension[0m[2m:[0m Unknown Test ext: ZExtUnknown { Id: 1, Mandatory: true, Encoding: "Z64", Value: 1962051336978866927 }
[2m2026-09-14T10:47:58.893673Z[0m [31mERROR[0m codec_extension ThreadId(12) [2mzenoh_codec::common::extension[0m[2m:[0m Unknown Test ext: ZExtUnknown { Id: 1, Mandatory: true, Encoding: "Z64", Value: 2145932603108231499 }
[2m2026-09-14T10:47:58.893678Z[0m [31mERROR[0m codec_extension ThreadId(12) [2mzenoh_codec::common::extension[0m[2m:[0m Unknown Test ext: ZExtUnknown { Id: 1, Mandatory: true, Encoding: "Z64", Value: 1603786956430957232 }
[2m2026-09-14T10:47:58.893681Z[0m [31mERROR[0m codec_extension ThreadId(12) [2mzenoh_codec::common::extension[0m[2m:[0m Unknown Test ext: ZExtUnknown { Id: 1, Mandatory: true, Encoding: "Z64", Value: 13261696129328273758 }
[2m2026-09-14T10:47:58.893686Z[0m [31mERROR[0m codec_extension ThreadId(12) [2mzenoh_codec::common::extension[0m[2m:[0m Unknown Test ext: ZExtUnknown { Id: 1, Mandatory: true, Encoding: "Z64", Value: 8730317363596224860 }
[2m2026-09-14T10:47:58.893691Z[0m [31mERROR[0m codec_extension ThreadId(12) [2mzenoh_codec::common::extension[0m[2m:[0m Unknown Test ext: ZExtUnknown { Id: 1, Mandatory: true, Encoding: "Z64", Value: 4501815389997642953 }
[2m2026-09-14T10:47:58.893697Z[0m [31mERROR[0m codec_extension ThreadId(12) [2mzenoh_codec::common::extension[0m[2m:[0m Unknown Test ext: ZExtUnknown { Id: 1, Mandatory: true, Encoding: "Z64", Value: 11828900523481654475 }
[2m2026-09-14T10:47:58.893701Z[0m [31mERROR[0m codec_extension ThreadId(12) [2mzenoh_codec::common::extension[0m[2m:[0m Unknown Test ext: ZExtUnknown { Id: 1, Mandatory: true, Encoding: "Z64", Value: 14067686990805732243 }
[2m2026-09-14T10:47:58.893707Z[0m [31mERROR[0m codec_extension ThreadId(12) [2mzenoh_codec::common::extension[0m[2m:[0m Unknown Test ext: ZExtUnknown { Id: 1, Mandatory: true, Encoding: "Z64", Value: 1147572051457607370 }
[2m2026-09-14T10:47:58.893711Z[0m [31mERROR[0m codec_extension ThreadId(12) [2mzenoh_codec::common::extension[0m[2m:[0m Unknown Test ext: ZExtUnknown { Id: 1, Mandatory: true, Encoding: "Z64", Value: 7760132911822216636 }
[2m2026-09-14T10:47:58.893715Z[0m [31mERROR[0m codec_extension ThreadId(12) [2mzenoh_codec::common::extension[0m[2m:[0m Unknown Test ext: ZExtUnknown { Id: 1, Mandatory: true, Encoding: "Z64", Value: 11865715751536154320 }
[2m2026-09-14T10:47:58.893733Z[0m [31mERROR[0m codec_extension ThreadId(12) [2mzenoh_codec::common::extension[0m[2m:[0m Unknown Test ext: ZExtUnknown { Id: 1, Mandatory: true, Encoding: "Z64", Value: 8198481586954281436 }
[2m2026-09-14T10:47:58.893737Z[0m [31mERROR[0m codec_extension ThreadId(12) [2mzenoh_codec::common::extension[0m[2m:[0m Unknown Test ext: ZExtUnknown { Id: 1, Mandatory: true, Encoding: "Z64", Value: 5600335831165839836 }
[2m2026-09-14T10:47:58.893740Z[0m [31mERROR[0m codec_extension ThreadId(12) [2mzenoh_codec::common::extension[0m[2m:[0m Unknown Test ext: ZExtUnknown { Id: 1, Mandatory: true, Encoding: "Z64", Value: 9065438517029295698 }
[2m2026-09-14T10:47:58.893744Z[0m [31mERROR[0m codec_extension ThreadId(12) [2mzenoh_codec::common::extension[0m[2m:[0m Unknown Test ext: ZExtUnknown { Id: 1, Mandatory: true, Encoding: "Z64", Value: 16703881398077153213 }
[2m2026-09-14T10:47:58.893747Z[0m [31mERROR[0m codec_extension ThreadId(12) [2mzenoh_codec::common::extension[0m[2m:[0m Unknown Test ext: ZExtUnknown { Id: 1, Mandatory: true, Encoding: "Z64", Value: 4186689353024267267 }
[2m2026-09-14T10:47:58.893751Z[0m [31mERROR[0m codec_extension ThreadId(12) [2mzenoh_codec::common::extension[0m[2m:[0m Unknown Test ext: ZExtUnknown { Id: 1, Mandatory: true, Encoding: "Z64", Value: 3461871332750043463 }
[2m2026-09-14T10:47:58.893754Z[0m [31mERROR[0m codec_extension ThreadId(12) [2mzenoh_codec::common::extension[0m[2m:[0m Unknown Test ext: ZExtUnknown { Id: 1, Mandatory: true, Encoding: "Z64", Value: 14426004297876803018 }
[2m2026-09-14T10:47:58.893758Z[0m [31mERROR[0m codec_extension ThreadId(12) [2mzenoh_codec::common::extension[0m[2m:[0m Unknown Test ext: ZExtUnknown { Id: 1, Mandatory: true, Encoding: "Z64", Value: 15304698720480786822 }
[2m2026-09-14T10:47:58.893762Z[0m [31mERROR[0m codec_extension ThreadId(12) [2mzenoh_codec::common::extension[0m[2m:[0m Unknown Test ext: ZExtUnknown { Id: 1, Mandatory: true, Encoding: "Z64", Value: 17848375414423425753 }
[2m2026-09-14T10:47:58.893768Z[0m [31mERROR[0m codec_extension ThreadId(12) [2mzenoh_codec::common::extension[0m[2m:[0m Unknown Test ext: ZExtUnknown { Id: 1, Mandatory: true, Encoding: "Z64", Value: 1079004579523696135 }
[2m2026-09-14T10:47:58.893771Z[0m [31mERROR[0m codec_extension ThreadId(12) [2mzenoh_codec::common::extension[0m[2m:[0m Unknown Test ext: ZExtUnknown { Id: 1, Mandatory: true, Encoding: "Z64", Value: 13916495505491154782 }
[2m2026-09-14T10:47:58.893775Z[0m [31mERROR[0m codec_extension ThreadId(12) [2mzenoh_codec::common::extension[0m[2m:[0m Unknown Test ext: ZExtUnknown { Id: 1, Mandatory: true, Encoding: "Z64", Value: 10483796666972789451 }
[2m2026-09-14T10:47:58.893778Z[0m [31mERROR[0m codec_extension ThreadId(12) [2mzenoh_codec::common::extension[0m[2m:[0m Unknown Test ext: ZExtUnknown { Id: 1, Mandatory: true, Encoding: "Z64", Value: 14155944072149981343 }
[2m2026-09-14T10:47:58.893782Z[0m [31mERROR[0m codec_extension ThreadId(12) [2mzenoh_codec::common::extension[0m[2m:[0m Unknown Test ext: ZExtUnknown { Id: 1, Mandatory: true, Encoding: "Z64", Value: 15713429589486295591 }
[2m2026-09-14T10:47:58.893786Z[0m [31mERROR[0m codec_extension ThreadId(12) [2mzenoh_codec::common::extension[0m[2m:[0m Unknown Test ext: ZExtUnknown { Id: 1, Mandatory: true, Encoding: "Z64", Value: 2210056799555237921 }
[2m2026-09-14T10:47:58.893790Z[0m [31mERROR[0m codec_extension ThreadId(12) [2mzenoh_codec::common::extension[0m[2m:[0m Unknown Test ext: ZExtUnknown { Id: 1, Mandatory: true, Encoding: "Z64", Value: 7960290623866212320 }
[2m2026-09-14T10:47:58.893796Z[0m [31mERROR[0m codec_extension ThreadId(12) [2mzenoh_codec::common::extension[0m[2m:[0m Unknown Test ext: ZExtUnknown { Id: 1, Mandatory: true, Encoding: "Z64", Value: 13781942178760243995 }
[2m2026-09-14T10:47:58.893800Z[0m [31mERROR[0m codec_extension ThreadId(12) [2mzenoh_codec::common::extension[0m[2m:[0m Unknown Test ext: ZExtUnknown { Id: 1, Mandatory: true, Encoding: "Z64", Value: 12221282645371149282 }
[2m2026-09-14T10:47:58.893806Z[0m [31mERROR[0m codec_extension ThreadId(12) [2mzenoh_codec::common::extension[0m[2m:[0m Unknown Test ext: ZExtUnknown { Id: 1, Mandatory: true, Encoding: "Z64", Value: 3311720171490010732 }
[2m2026-09-14T10:47:58.893810Z[0m [31mERROR[0m codec_extension ThreadId(12) [2mzenoh_codec::common::extension[0m[2m:[0m Unknown Test ext: ZExtUnknown { Id: 1, Mandatory: true, Encoding: "Z64", Value: 11221079949757012449 }
[2m2026-09-14T10:47:58.893816Z[0m [31mERROR[0m codec_extension ThreadId(12) [2mzenoh_codec::common::extension[0m[2m:[0m Unknown Test ext: ZExtUnknown { Id: 1, Mandatory: true, Encoding: "Z64", Value: 11589412901191202707 }
[2m2026-09-14T10:47:58.893834Z[0m [31mERROR[0m codec_extension ThreadId(12) [2mzenoh_codec::common::extension[0m[2m:[0m Unknown Test ext: ZExtUnknown { Id: 1, Mandatory: true, Encoding: "Z64", Value: 2867881506600532897 }
[2m2026-09-14T10:47:58.893839Z[0m [31mERROR[0m codec_extension ThreadId(12) [2mzenoh_codec::common::extension[0m[2m:[0m Unknown Test ext: ZExtUnknown { Id: 1, Mandatory: true, Encoding: "Z64", Value: 4030284629831217258 }
[2m2026-09-14T10:47:58.893843Z[0m [31mERROR[0m codec_extension ThreadId(12) [2mzenoh_codec::common::extension[0m[2m:[0m Unknown Test ext: ZExtUnknown { Id: 1, Mandatory: true, Encoding: "Z64", Value: 15170661688093367250 }
[2m2026-09-14T10:47:58.893846Z[0m [31mERROR[0m codec_extension ThreadId(12) [2mzenoh_codec::common::extension[0m[2m:[0m Unknown Test ext: ZExtUnknown { Id: 1, Mandatory: true, Encoding: "Z64", Value: 15401933697507410817 }
[2m2026-09-14T10:47:58.893850Z[0m [31mERROR[0m codec_extension ThreadId(12) [2mzenoh_codec::common::extension[0m[2m:[0m Unknown Test ext: ZExtUnknown { Id: 1, Mandatory: true, Encoding: "Z64", Value: 12443683704028102725 }
[2m2026-09-14T10:47:58.893855Z[0m [31mERROR[0m codec_extension ThreadId(12) [2mzenoh_codec::common::extension[0m[2m:[0m Unknown Test ext: ZExtUnknown { Id: 1, Mandatory: true, Encoding: "Z64", Value: 17228167790786844537 }
[2m2026-09-14T10:47:58.893860Z[0m [31mERROR[0m codec_extension ThreadId(12) [2mzenoh_codec::common::extension[0m[2m:[0m Unknown Test ext: ZExtUnknown { Id: 1, Mandatory: true, Encoding: "Z64", Value: 4823178187979620926 }
[2m2026-09-14T10:47:58.893866Z[0m [31mERROR[0m codec_extension ThreadId(12) [2mzenoh_codec::common::extension[0m[2m:[0m Unknown Test ext: ZExtUnknown { Id: 1, Mandatory: true, Encoding: "Z64", Value: 5130808869303457058 }
[2m2026-09-14T10:47:58.893870Z[0m [31mERROR[0m codec_extension ThreadId(12) [2mzenoh_codec::common::extension[0m[2m:[0m Unknown Test ext: ZExtUnknown { Id: 1, Mandatory: true, Encoding: "Z64", Value: 17818678740915966597 }
[2m2026-09-14T10:47:58.893875Z[0m [31mERROR[0m codec_extension ThreadId(12) [2mzenoh_codec::common::extension[0m[2m:[0m Unknown Test ext: ZExtUnknown { Id: 1, Mandatory: true, Encoding: "Z64", Value: 7051591146589758542 }
[2m2026-09-14T10:47:58.893879Z[0m [31mERROR[0m codec_extension ThreadId(12) [2mzenoh_codec::common::extension[0m[2m:[0m Unknown Test ext: ZExtUnknown { Id: 1, Mandatory: true, Encoding: "Z64", Value: 17511191944535627316 }
[2m2026-09-14T10:47:58.893885Z[0m [31mERROR[0m codec_extension ThreadId(12) [2mzenoh_codec::common::extension[0m[2m:[0m Unknown Test ext: ZExtUnknown { Id: 1, Mandatory: true, Encoding: "Z64", Value: 4972121503212190758 }
[2m2026-09-14T10:47:58.893889Z[0m [31mERROR[0m codec_extension ThreadId(12) [2mzenoh_codec::common::extension[0m[2m:[0m Unknown Test ext: ZExtUnknown { Id: 1, Mandatory: true, Encoding: "Z64", Value: 18266956962378828055 }
[2m2026-09-14T10:47:58.893893Z[0m [31mERROR[0m codec_extension ThreadId(12) [2mzenoh_codec::common::extension[0m[2m:[0m Unknown Test ext: ZExtUnknown { Id: 1, Mandatory: true, Encoding: "Z64", Value: 9441689912680380391 }
[2m2026-09-14T10:47:58.893897Z[0m [31mERROR[0m codec_extension ThreadId(12) [2mzenoh_codec::common::extension[0m[2m:[0m Unknown Test ext: ZExtUnknown { Id: 1, Mandatory: true, Encoding: "Z64", Value: 3535859841102103596 }
[2m2026-09-14T10:47:58.893900Z[0m [31mERROR[0m codec_extension ThreadId(12) [2mzenoh_codec::common::extension[0m[2m:[0m Unknown Test ext: ZExtUnknown { Id: 1, Mandatory: true, Encoding: "Z64", Value: 17556317820542978748 }
[2m2026-09-14T10:47:58.893904Z[0m [31mERROR[0m codec_extension ThreadId(12) [2mzenoh_codec::common::extension[0m[2m:[0m Unknown Test ext: ZExtUnknown { Id: 1, Mandatory: true, Encoding: "Z64", Value: 16849022324928726477 }
[2m2026-09-14T10:47:58.893907Z[0m [31mERROR[0m codec_extension ThreadId(12) [2mzenoh_codec::common::extension[0m[2m:[0m Unknown Test ext: ZExtUnknown { Id: 1, Mandatory: true, Encoding: "Z64", Value: 10018497770349100726 }
[2m2026-09-14T10:47:58.893911Z[0m [31mERROR[0m codec_extension ThreadId(12) [2mzenoh_codec::common::extension[0m[2m:[0m Unknown Test ext: ZExtUnknown { Id: 1, Mandatory: true, Encoding: "Z64", Value: 3384538766590010029 }
[2m2026-09-14T10:47:58.893914Z[0m [31mERROR[0m codec_extension ThreadId(12) [2mzenoh_codec::common::extension[0m[2m:[0m Unknown Test ext: ZExtUnknown { Id: 1, Mandatory: true, Encoding: "Z64", Value: 12739532561274787842 }
[2m2026-09-14T10:47:58.893918Z[0m [31mERROR[0m codec_extension ThreadId(12) [2mzenoh_codec::common::extension[0m[2m:[0m Unknown Test ext: ZExtUnknown { Id: 1, Mandatory: true, Encoding: "Z64", Value: 9472980174850835671 }
[2m2026-09-14T10:47:58.893935Z[0m [31mERROR[0m codec_extension ThreadId(12) [2mzenoh_codec::common::extension[0m[2m:[0m Unknown Test ext: ZExtUnknown { Id: 1, Mandatory: true, Encoding: "Z64", Value: 6709354212949681978 }
[2m2026-09-14T10:47:58.893939Z[0m [31mERROR[0m codec_extension ThreadId(12) [2mzenoh_codec::common::extension[0m[2m:[0m Unknown Test ext: ZExtUnknown { Id: 1, Mandatory: true, Encoding: "Z64", Value: 1694135201775278927 }
[2m2026-09-14T10:47:58.893942Z[0m [31mERROR[0m codec_extension ThreadId(12) [2mzenoh_codec::common::extension[0m[2m:[0m Unknown Test ext: ZExtUnknown { Id: 1, Mandatory: true, Encoding: "Z64", Value: 12822923103523435694 }
[2m2026-09-14T10:47:58.893946Z[0m [31mERROR[0m codec_extension ThreadId(12) [2mzenoh_codec::common::extension[0m[2m:[0m Unknown Test ext: ZExtUnknown { Id: 1, Mandatory: true, Encoding: "Z64", Value: 6227953707367690677 }
[2m2026-09-14T10:47:58.893950Z[0m [31mERROR[0m codec_extension ThreadId(12) [2mzenoh_codec::common::extension[0m[2m:[0m Unknown Test ext: ZExtUnknown { Id: 1, Mandatory: true, Encoding: "Z64", Value: 9427096131980599099 }
[2m2026-09-14T10:47:58.893953Z[0m [31mERROR[0m codec_extension ThreadId(12) [2mzenoh_codec::common::extension[0m[2m:[0m Unknown Test ext: ZExtUnknown { Id: 1, Mandatory: true, Encoding: "Z64", Value: 15700192173413999129 }
[2m2026-09-14T10:47:58.893957Z[0m [31mERROR[0m codec_extension ThreadId(12) [2mzenoh_codec::common::extension[0m[2m:[0m Unknown Test ext: ZExtUnknown { Id: 1, Mandatory: true, Encoding: "Z64", Value: 16503464673025776134 }
[2m2026-09-14T10:47:58.893960Z[0m [31mERROR[0m codec_extension ThreadId(12) [2mzenoh_codec::common::extension[0m[2m:[0m Unknown Test ext: ZExtUnknown { Id: 1, Mandatory: true, Encoding: "Z64", Value: 5489305816621561942 }
[2m2026-09-14T10:47:58.893964Z[0m [31mERROR[0m codec_extension ThreadId(12) [2mzenoh_codec::common::extension[0m[2m:[0m Unknown Test ext: ZExtUnknown { Id: 1, Mandatory: true, Encoding: "Z64", Value: 2122288293721759087 }
[2m2026-09-14T10:47:58.893968Z[0m [31mERROR[0m codec_extension ThreadId(12) [2mzenoh_codec::common::extension[0m[2m:[0m Unknown Test ext: ZExtUnknown { Id: 1, Mandatory: true, Encoding: "Z64", Value: 16306141978938934411 }
[2m2026-09-14T10:47:58.893972Z[0m [31mERROR[0m codec_extension ThreadId(12) [2mzenoh_codec::common::extension[0m[2m:[0m Unknown Test ext: ZExtUnknown { Id: 1, Mandatory: true, Encoding: "Z64", Value: 5665708403606411122 }
[2m2026-09-14T10:47:58.893978Z[0m [31mERROR[0m codec_extension ThreadId(12) [2mzenoh_codec::common::extension[0m[2m:[0m Unknown Test ext: ZExtUnknown { Id: 1, Mandatory: true, Encoding: "Z64", Value: 946295123452896254 }
[2m2026-09-14T10:47:58.893982Z[0m [31mERROR[0m codec_extension ThreadId(12) [2mzenoh_codec::common::extension[0m[2m:[0m Unknown Test ext: ZExtUnknown { Id: 1, Mandatory: true, Encoding: "Z64", Value: 607434819334302014 }
[2m2026-09-14T10:47:58.893985Z[0m [31mERROR[0m codec_extension ThreadId(12) [2mzenoh_codec::common::extension[0m[2m:[0m Unknown Test ext: ZExtUnknown { Id: 1, Mandatory: true, Encoding: "Z64", Value: 14831766478901113183 }
[2m2026-09-14T10:47:58.893988Z[0m [31mERROR[0m codec_extension ThreadId(12) [2mzenoh_codec::common::extension[0m[2m:[0m Unknown Test ext: ZExtUnknown { Id: 1, Mandatory: true, Encoding: "Z64", Value: 2030420374491898643 }
[2m2026-09-14T10:47:58.893993Z[0m [31mERROR[0m codec_extension ThreadId(12) [2mzenoh_codec::common::extension[0m[2m:[0m Unknown Test ext: ZExtUnknown { Id: 1, Mandatory: true, Encoding: "Z64", Value: 5999052573423036358 }
[2m2026-09-14T10:47:58.893998Z[0m [31mERROR[0m codec_extension ThreadId(12) [2mzenoh_codec::common::extension[0m[2m:[0m Unknown Test ext: ZExtUnknown { Id: 1, Mandatory: true, Encoding: "Z64", Value: 7267890754790686360 }
[2m2026-09-14T10:47:58.894001Z[0m [31mERROR[0m codec_extension ThreadId(12) [2mzenoh_codec::common::extension[0m[2m:[0m Unknown Test ext: ZExtUnknown { Id: 1, Mandatory: true, Encoding: "Z64", Value: 15586757397333096680 }
[2m2026-09-14T10:47:58.894005Z[0m [31mERROR[0m codec_extension ThreadId(12) [2mzenoh_codec::common::extension[0m[2m:[0m Unknown Test ext: ZExtUnknown { Id: 1, Mandatory: true, Encoding: "Z64", Value: 5171501351347573926 }
[2m2026-09-14T10:47:58.894009Z[0m [31mERROR[0m codec_extension ThreadId(12) [2mzenoh_codec::common::extension[0m[2m:[0m Unknown Test ext: ZExtUnknown { Id: 1, Mandatory: true, Encoding: "Z64", Value: 7474383927539836984 }
[2m2026-09-14T10:47:58.894012Z[0m [31mERROR[0m codec_extension ThreadId(12) [2mzenoh_codec::common::extension[0m[2m:[0m Unknown Test ext: ZExtUnknown { Id: 1, Mandatory: true, Encoding: "Z64", Value: 5419995813838319050 }
[2m2026-09-14T10:47:58.894016Z[0m [31mERROR[0m codec_extension ThreadId(12) [2mzenoh_codec::common::extension[0m[2m:[0m Unknown Test ext: ZExtUnknown { Id: 1, Mandatory: true, Encoding: "Z64", Value: 12127110649195115415 }
[2m2026-09-14T10:47:58.894033Z[0m [31mERROR[0m codec_extension ThreadId(12) [2mzenoh_codec::common::extension[0m[2m:[0m Unknown Test ext: ZExtUnknown { Id: 1, Mandatory: true, Encoding: "Z64", Value: 10657996562582449723 }
[2m2026-09-14T10:47:58.894037Z[0m [31mERROR[0m codec_extension ThreadId(12) [2mzenoh_codec::common::extension[0m[2m:[0m Unknown Test ext: ZExtUnknown { Id: 1, Mandatory: true, Encoding: "Z64", Value: 6046547263700092774 }
[2m2026-09-14T10:47:58.894040Z[0m [31mERROR[0m codec_extension ThreadId(12) [2mzenoh_codec::common::extension[0m[2m:[0m Unknown Test ext: ZExtUnknown { Id: 1, Mandatory: true, Encoding: "Z64", Value: 17378617900134091971 }
[2m2026-09-14T10:47:58.894044Z[0m [31mERROR[0m codec_extension ThreadId(12) [2mzenoh_codec::common::extension[0m[2m:[0m Unknown Test ext: ZExtUnknown { Id: 1, Mandatory: true, Encoding: "Z64", Value: 7311303726200147331 }
[2m2026-09-14T10:47:58.894050Z[0m [31mERROR[0m codec_extension ThreadId(12) [2mzenoh_codec::common::extension[0m[2m:[0m Unknown Test ext: ZExtUnknown { Id: 1, Mandatory: true, Encoding: "Z64", Value: 12912794203899813411 }
[2m2026-09-14T10:47:58.894057Z[0m [31mERROR[0m codec_extension ThreadId(12) [2mzenoh_codec::common::extension[0m[2m:[0m Unknown Test ext: ZExtUnknown { Id: 1, Mandatory: true, Encoding: "Z64", Value: 4686695059486289624 }
[2m2026-09-14T10:47:58.894061Z[0m [31mERROR[0m codec_extension ThreadId(12) [2mzenoh_codec::common::extension[0m[2m:[0m Unknown Test ext: ZExtUnknown { Id: 1, Mandatory: true, Encoding: "Z64", Value: 9441290939216098028 }
[2m2026-09-14T10:47:58.894064Z[0m [31mERROR[0m codec_extension ThreadId(12) [2mzenoh_codec::common::extension[0m[2m:[0m Unknown Test ext: ZExtUnknown { Id: 1, Mandatory: true, Encoding: "Z64", Value: 180729754794106041 }
[2m2026-09-14T10:47:58.894068Z[0m [31mERROR[0m codec_extension ThreadId(12) [2mzenoh_codec::common::extension[0m[2m:[0m Unknown Test ext: ZExtUnknown { Id: 1, Mandatory: true, Encoding: "Z64", Value: 4470829244242440879 }
[2m2026-09-14T10:47:58.894071Z[0m [31mERROR[0m codec_extension ThreadId(12) [2mzenoh_codec::common::extension[0m[2m:[0m Unknown Test ext: ZExtUnknown { Id: 1, Mandatory: true, Encoding: "Z64", Value: 2189549610325227514 }
[2m2026-09-14T10:47:58.894075Z[0m [31mERROR[0m codec_extension ThreadId(12) [2mzenoh_codec::common::extension[0m[2m:[0m Unknown Test ext: ZExtUnknown { Id: 1, Mandatory: true, Encoding: "Z64", Value: 16678408296509970174 }
[2m2026-09-14T10:47:58.894078Z[0m [31mERROR[0m codec_extension ThreadId(12) [2mzenoh_codec::common::extension[0m[2m:[0m Unknown Test ext: ZExtUnknown { Id: 1, Mandatory: true, Encoding: "Z64", Value: 134339924937537722 }
[2m2026-09-14T10:47:58.894082Z[0m [31mERROR[0m codec_extension ThreadId(12) [2mzenoh_codec::common::extension[0m[2m:[0m Unknown Test ext: ZExtUnknown { Id: 1, Mandatory: true, Encoding: "Z64", Value: 5714918201349113953 }
[2m2026-09-14T10:47:58.894085Z[0m [31mERROR[0m codec_extension ThreadId(12) [2mzenoh_codec::common::extension[0m[2m:[0m Unknown Test ext: ZExtUnknown { Id: 1, Mandatory: true, Encoding: "Z64", Value: 2095468199754643826 }
[2m2026-09-14T10:47:58.894089Z[0m [31mERROR[0m codec_extension ThreadId(12) [2mzenoh_codec::common::extension[0m[2m:[0m Unknown Test ext: ZExtUnknown { Id: 1, Mandatory: true, Encoding: "Z64", Value: 8451400580493493898 }
[2m2026-09-14T10:47:58.894092Z[0m [31mERROR[0m codec_extension ThreadId(12) [2mzenoh_codec::common::extension[0m[2m:[0m Unknown Test ext: ZExtUnknown { Id: 1, Mandatory: true, Encoding: "Z64", Value: 7619628026301626168 }
[2m2026-09-14T10:47:58.894096Z[0m [31mERROR[0m codec_extension ThreadId(12) [2mzenoh_codec::common::extension[0m[2m:[0m Unknown Test ext: ZExtUnknown { Id: 1, Mandatory: true, Encoding: "Z64", Value: 6395072502057172889 }
[2m2026-09-14T10:47:58.894099Z[0m [31mERROR[0m codec_extension ThreadId(12) [2mzenoh_codec::common::extension[0m[2m:[0m Unknown Test ext: ZExtUnknown { Id: 1, Mandatory: true, Encoding: "Z64", Value: 15024849399364798202 }
[2m2026-09-14T10:47:58.894103Z[0m [31mERROR[0m codec_extension ThreadId(12) [2mzenoh_codec::common::extension[0m[2m:[0m Unknown Test ext: ZExtUnknown { Id: 1, Mandatory: true, Encoding: "Z64", Value: 1471790958378943128 }
[2m2026-09-14T10:47:58.894106Z[0m [31mERROR[0m codec_extension ThreadId(12) [2mzenoh_codec::common::extension[0m[2m:[0m Unknown Test ext: ZExtUnknown { Id: 1, Mandatory: true, Encoding: "Z64", Value: 16307073327216546481 }
[2m2026-09-14T10:47:58.894110Z[0m [31mERROR[0m codec_extension ThreadId(12) [2mzenoh_codec::common::extension[0m[2m:[0m Unknown Test ext: ZExtUnknown { Id: 1, Mandatory: true, Encoding: "Z64", Value: 14933712128644905655 }
[2m2026-09-14T10:47:58.894129Z[0m [31mERROR[0m codec_extension ThreadId(12) [2mzenoh_codec::common::extension[0m[2m:[0m Unknown Test ext: ZExtUnknown { Id: 1, Mandatory: true, Encoding: "Z64", Value: 766417684750704636 }
[2m2026-09-14T10:47:58.894135Z[0m [31mERROR[0m codec_extension ThreadId(12) [2mzenoh_codec::common::extension[0m[2m:[0m Unknown Test ext: ZExtUnknown { Id: 1, Mandatory: true, Encoding: "Z64", Value: 13107171447234593594 }
[2m2026-09-14T10:47:58.894140Z[0m [31mERROR[0m codec_extension ThreadId(12) [2mzenoh_codec::common::extension[0m[2m:[0m Unknown Test ext: ZExtUnknown { Id: 1, Mandatory: true, Encoding: "Z64", Value: 1906962450422483493 }
[2m2026-09-14T10:47:58.894145Z[0m [31mERROR[0m codec_extension ThreadId(12) [2mzenoh_codec::common::extension[0m[2m:[0m Unknown Test ext: ZExtUnknown { Id: 1, Mandatory: true, Encoding: "Z64", Value: 16283379252800376212 }
[2m2026-09-14T10:47:58.894150Z[0m [31mERROR[0m codec_extension ThreadId(12) [2mzenoh_codec::common::extension[0m[2m:[0m Unknown Test ext: ZExtUnknown { Id: 1, Mandatory: true, Encoding: "Z64", Value: 4112848000077977094 }
[2m2026-09-14T10:47:58.894156Z[0m [31mERROR[0m codec_extension ThreadId(12) [2mzenoh_codec::common::extension[0m[2m:[0m Unknown Test ext: ZExtUnknown { Id: 1, Mandatory: true, Encoding: "Z64", Value: 1939622703279546098 }
[2m2026-09-14T10:47:58.894159Z[0m [31mERROR[0m codec_extension ThreadId(12) [2mzenoh_codec::common::extension[0m[2m:[0m Unknown Test ext: ZExtUnknown { Id: 1, Mandatory: true, Encoding: "Z64", Value: 17235628562760234856 }
[2m2026-09-14T10:47:58.894163Z[0m [31mERROR[0m codec_extension ThreadId(12) [2mzenoh_codec::common::extension[0m[2m:[0m Unknown Test ext: ZExtUnknown { Id: 1, Mandatory: true, Encoding: "Z64", Value: 13703803874507991976 }
[2m2026-09-14T10:47:58.894166Z[0m [31mERROR[0m codec_extension ThreadId(12) [2mzenoh_codec::common::extension[0m[2m:[0m Unknown Test ext: ZExtUnknown { Id: 1, Mandatory: true, Encoding: "Z64", Value: 830053938781731096 }
[2m2026-09-14T10:47:58.894169Z[0m [31mERROR[0m codec_extension ThreadId(12) [2mzenoh_codec::common::extension[0m[2m:[0m Unknown Test ext: ZExtUnknown { Id: 1, Mandatory: true, Encoding: "Z64", Value: 18286464353532615265 }
[2m2026-09-14T10:47:58.894173Z[0m [31mERROR[0m codec_extension ThreadId(12) [2mzenoh_codec::common::extension[0m[2m:[0m Unknown Test ext: ZExtUnknown { Id: 1, Mandatory: true, Encoding: "Z64", Value: 13873556492246088610 }
[2m2026-09-14T10:47:58.894176Z[0m [31mERROR[0m codec_extension ThreadId(12) [2mzenoh_codec::common::extension[0m[2m:[0m Unknown Test ext: ZExtUnknown { Id: 1, Mandatory: true, Encoding: "Z64", Value: 129206416996795926 }
[2m2026-09-14T10:47:58.894180Z[0m [31mERROR[0m codec_extension ThreadId(12) [2mzenoh_codec::common::extension[0m[2m:[0m Unknown Test ext: ZExtUnknown { Id: 1, Mandatory: true, Encoding: "Z64", Value: 17338901676402421950 }
[2m2026-09-14T10:47:58.894186Z[0m [31mERROR[0m codec_extension ThreadId(12) [2mzenoh_codec::common::extension[0m[2m:[0m Unknown Test ext: ZExtUnknown { Id: 1, Mandatory: true, Encoding: "Z64", Value: 17011847969961903443 }
[2m2026-09-14T10:47:58.894189Z[0m [31mERROR[0m codec_extension ThreadId(12) [2mzenoh_codec::common::extension[0m[2m:[0m Unknown Test ext: ZExtUnknown { Id: 1, Mandatory: true, Encoding: "Z64", Value: 14852792900629071556 }
[2m2026-09-14T10:47:58.894193Z[0m [31mERROR[0m codec_extension ThreadId(12) [2mzenoh_codec::common::extension[0m[2m:[0m Unknown Test ext: ZExtUnknown { Id: 1, Mandatory: true, Encoding: "Z64", Value: 3418032653603154372 }
[2m2026-09-14T10:47:58.894200Z[0m [31mERROR[0m codec_extension ThreadId(12) [2mzenoh_codec::common::extension[0m[2m:[0m Unknown Test ext: ZExtUnknown { Id: 1, Mandatory: true, Encoding: "Z64", Value: 162799281377369429 }
[2m2026-09-14T10:47:58.894206Z[0m [31mERROR[0m codec_extension ThreadId(12) [2mzenoh_codec::common::extension[0m[2m:[0m Unknown Test ext: ZExtUnknown { Id: 1, Mandatory: true, Encoding: "Z64", Value: 12538637426150104594 }
[2m2026-09-14T10:47:58.894212Z[0m [31mERROR[0m codec_extension ThreadId(12) [2mzenoh_codec::common::extension[0m[2m:[0m Unknown Test ext: ZExtUnknown { Id: 1, Mandatory: true, Encoding: "Z64", Value: 8964573299127313870 }
[2m2026-09-14T10:47:58.894216Z[0m [31mERROR[0m codec_extension ThreadId(12) [2mzenoh_codec::common::extension[0m[2m:[0m Unknown Test ext: ZExtUnknown { Id: 1, Mandatory: true, Encoding: "Z64", Value: 9026638466277558989 }
[2m2026-09-14T10:47:58.894220Z[0m [31mERROR[0m codec_extension ThreadId(12) [2mzenoh_codec::common::extension[0m[2m:[0m Unknown Test ext: ZExtUnknown { Id: 1, Mandatory: true, Encoding: "Z64", Value: 5463747156969470478 }
[2m2026-09-14T10:47:58.894239Z[0m [31mERROR[0m codec_extension ThreadId(12) [2mzenoh_codec::common::extension[0m[2m:[0m Unknown Test ext: ZExtUnknown { Id: 1, Mandatory: true, Encoding: "Z64", Value: 13578128968610718793 }
[2m2026-09-14T10:47:58.894244Z[0m [31mERROR[0m codec_extension ThreadId(12) [2mzenoh_codec::common::extension[0m[2m:[0m Unknown Test ext: ZExtUnknown { Id: 1, Mandatory: true, Encoding: "Z64", Value: 9312641421291139361 }
[2m2026-09-14T10:47:58.894247Z[0m [31mERROR[0m codec_extension ThreadId(12) [2mzenoh_codec::common::extension[0m[2m:[0m Unknown Test ext: ZExtUnknown { Id: 1, Mandatory: true, Encoding: "Z64", Value: 9226656086182547841 }
[2m2026-09-14T10:47:58.894254Z[0m [31mERROR[0m codec_extension ThreadId(12) [2mzenoh_codec::common::extension[0m[2m:[0m Unknown Test ext: ZExtUnknown { Id: 1, Mandatory: true, Encoding: "Z64", Value: 14362074344327103702 }
[2m2026-09-14T10:47:58.894260Z[0m [31mERROR[0m codec_extension ThreadId(12) [2mzenoh_codec::common::extension[0m[2m:[0m Unknown Test ext: ZExtUnknown { Id: 1, Mandatory: true, Encoding: "Z64", Value: 8462315989964533543 }
[2m2026-09-14T10:47:58.894263Z[0m [31mERROR[0m codec_extension ThreadId(12) [2mzenoh_codec::common::extension[0m[2m:[0m Unknown Test ext: ZExtUnknown { Id: 1, Mandatory: true, Encoding: "Z64", Value: 16037003674776253432 }
[2m2026-09-14T10:47:58.894267Z[0m [31mERROR[0m codec_extension ThreadId(12) [2mzenoh_codec::common::extension[0m[2m:[0m Unknown Test ext: ZExtUnknown { Id: 1, Mandatory: true, Encoding: "Z64", Value: 8271514079342535660 }
[2m2026-09-14T10:47:58.894270Z[0m [31mERROR[0m codec_extension ThreadId(12) [2mzenoh_codec::common::extension[0m[2m:[0m Unknown Test ext: ZExtUnknown { Id: 1, Mandatory: true, Encoding: "Z64", Value: 949221036293149665 }
[2m2026-09-14T10:47:58.894277Z[0m [31mERROR[0m codec_extension ThreadId(12) [2mzenoh_codec::common::extension[0m[2m:[0m Unknown Test ext: ZExtUnknown { Id: 1, Mandatory: true, Encoding: "Z64", Value: 8165741732369953079 }
[2m2026-09-14T10:47:58.894282Z[0m [31mERROR[0m codec_extension ThreadId(12) [2mzenoh_codec::common::extension[0m[2m:[0m Unknown Test ext: ZExtUnknown { Id: 1, Mandatory: true, Encoding: "Z64", Value: 8014152722011762674 }
[2m2026-09-14T10:47:58.894753Z[0m [31mERROR[0m codec_extension ThreadId(12) [2mzenoh_codec::common::extension[0m[2m:[0m Unknown Test ext: ZExtUnknown { Id: 2, Mandatory: true, Encoding: "ZBuf", Value: ZBuf { slices: [[d5, 25, 9f, 65, ed, cd, 79, 4e, a9, da, a5, 44, c3, be, fb, 2c, 36, 34, d3, c2, 1a, d0, e0, 7d, c0, 96, d1, 02, 23, cc, de, 9b, ff, 22, 65, cf, ba, 1e, b0]] } }
[2m2026-09-14T10:47:58.894764Z[0m [31mERROR[0m codec_extension ThreadId(12) [2mzenoh_codec::common::extension[0m[2m:[0m Unknown Test ext: ZExtUnknown { Id: 2, Mandatory: true, Encoding: "ZBuf", Value: ZBuf { slices: [[87, 57, 59, d3, 1f, d3, 0a, 67, f2, b5, 44, 84, 40, 9b, 4c, 19, 5e, c9, f5, 40, f6, 9f, c6, a4, f8, 7f, 30, 37, e9, 06, 2d, 13, 3a, 1b, fe, f9, 05, d0]] } }
[2m2026-09-14T10:47:58.894787Z[0m [31mERROR[0m codec_extension ThreadId(12) [2mzenoh_codec::common::extension[0m[2m:[0m Unknown Test ext: ZExtUnknown { Id: 2, Mandatory: true, Encoding: "ZBuf", Value: ZBuf { slices: [[9c, 26, f5, 3a, ad, f6, bb, 95, 27, 2e, 8a, 0b, 1b, 02, df, 5b, d1, a2, ed, aa, a5, 1b, 61, 51, f0, 8a, 06, 84, 19, 52, 40, 31, c6, 03, 55, cb, 3a, 70, 22]] } }
[2m2026-09-14T10:47:58.894793Z[0m [31mERROR[0m codec_extension ThreadId(12) [2mzenoh_codec::common::extension[0m[2m:[0m Unknown Test ext: ZExtUnknown { Id: 2, Mandatory: true, Encoding: "ZBuf", Value: ZBuf { slices: [[5d, 99, b2, 45, a1, 7f, 87, a1, ae, 69, 40, f4, 4a, 4a, 43, be, a4, 5a]] } }
[2m2026-09-14T10:47:58.894814Z[0m [31mERROR[0m codec_extension ThreadId(12) [2mzenoh_codec::common::extension[0m[2m:[0m Unknown Test ext: ZExtUnknown { Id: 2, Mandatory: true, Encoding: "ZBuf", Value: ZBuf { slices: [[df, 31, f8, ce, fe, 96, 5f, ad, 54, 61, 9e, 22, db, c8, fb, 6a, 55, f5, 48, 36, 70, 30, 4d, c8, 1a, d2, 80, 45, 48, 2a, b8, 58, f1, 2f, b6, 3b, 55, 31, 70, b8, 96]] } }
[2m2026-09-14T10:47:58.894820Z[0m [31mERROR[0m codec_extension ThreadId(12) [2mzenoh_codec::common::extension[0m[2m:[0m Unknown Test ext: ZExtUnknown { Id: 2, Mandatory: true, Encoding: "ZBuf", Value: ZBuf { slices: [[13, 85, ab, 79, 4c, 24, 47, 5f, d1, d4, 95, 03, 76, 60, 7a, 63, da, a5, b7, b4, 2f, b7, c7, 01, 6c, a7, f9, 9e, 3d, 0f]] } }
[2m2026-09-14T10:47:58.894840Z[0m [31mERROR[0m codec_extension ThreadId(12) [2mzenoh_codec::common::extension[0m[2m:[0m Unknown Test ext: ZExtUnknown { Id: 2, Mandatory: true, Encoding: "ZBuf", Value: ZBuf { slices: [[71, e3, 42, 2f, 0e, 9e, 84, 00, 9d, 4b, 05, 87, e6, 50, 11, 40, 5d, 60, 5e, c8, a3, b7, a0, ae, e1, 32, d3, 30, a4, 8a, a7, 33, 84, 54, 51, 1b, d4, 3d, 22, 42, fd, 46, a2, e6, 97, 6c, 3a, 6f, af, c0, 5d]] } }
[2m2026-09-14T10:47:58.894861Z[0m [31mERROR[0m codec_extension ThreadId(12) [2mzenoh_codec::common::extension[0m[2m:[0m Unknown Test ext: ZExtUnknown { Id: 2, Mandatory: true, Encoding: "ZBuf", Value: ZBuf { slices: [[50, 78, 27, 10, ac, 69, 22, a2, 4f, 32, f3, 9a, d0, 89, 5a, c0, 92, c5, ca, 7e, 83, c5, 99, f5, 1b, 63, 84, 42, 32, 77, f8, 83, 13, 2d, cb, 9a, 0b, 2c, 80, fc, 33, ef, 8f, 2d, 98, a2, a2, c1, f6, f0, 67, 2f, 3c, 1e]] } }
[2m2026-09-14T10:47:58.894881Z[0m [31mERROR[0m codec_extension ThreadId(12) [2mzenoh_codec::common::extension[0m[2m:[0m Unknown Test ext: ZExtUnknown { Id: 2, Mandatory: true, Encoding: "ZBuf", Value: ZBuf { slices: [[c2, 8e, c7, 72, a0, 06, fc, 80, 83, 67, d0, d6, 18, 4d, 0d, e2]] } }
[2m2026-09-14T10:47:58.894886Z[0m [31mERROR[0m codec_extension ThreadId(12) [2mzenoh_codec::common::extension[0m[2m:[0m Unknown Test ext: ZExtUnknown { Id: 2, Mandatory: true, Encoding: "ZBuf", Value: ZBuf { slices: [[ca, e4, 5f, 32, be, 6e, 12, 02, 83, 30, 89, ae, f0, 33, 6a, 08, c9, 5e, 93, 42, 0d, b4, 93, 5f, 02, 41, 35, 2e, 2a, b1, 4b, 04, c1, 0a, 4c, ea, 05, d6, b2, 9e, 02, 3e, b6, 2b, f9, b5, 22, 78, e1, 01, 5f, 1e]] } }
[2m2026-09-14T10:47:58.894907Z[0m [31mERROR[0m codec_extension ThreadId(12) [2mzenoh_codec::common::extension[0m[2m:[0m Unknown Test ext: ZExtUnknown { Id: 2, Mandatory: true, Encoding: "ZBuf", Value: ZBuf { slices: [[b8, 72, 21, 26, 40, 5c, df, 7a, 07, 30, e2, 7e, 5a, 49, 0d, 54, cc, 4b, 72, 9d, 3a, d2, 77, b1, d0, 91, fa, f1, 1a, 17, 0a, d0, 05, b4, 21, bb, c4, d7, a0, a7, d2, 30, 5e, 85, 62, 70, 47, 98, 4c, 06, 22, 17, 1a, 5c, ee, a1, f0, e5]] } }
[2m2026-09-14T10:47:58.894929Z[0m [31mERROR[0m codec_extension ThreadId(12) [2mzenoh_codec::common::extension[0m[2m:[0m Unknown Test ext: ZExtUnknown { Id: 2, Mandatory: true, Encoding: "ZBuf", Value: ZBuf { slices: [[07, 0d, d4, d6, 44, ac, 38, 6d, 2a, 36, 6c, de, 5e, 55, e7, a3, 7b, dd, 14, 21, 86, 35, eb, e3, f0, a8, 2c, 7b, 41, 2f, 4f, 26, 7e, ec, 53, 5c, 4f, 5f, e3, 78, b8, ce, ee, a9, cf, 76, 23, 87, 40, a1, 3d, 0f, e0, 8c, c2, ce, 48, 31, 61, 80, e7, 53, 5b, c6]] } }
[2m2026-09-14T10:47:58.894951Z[0m [31mERROR[0m codec_extension ThreadId(12) [2mzenoh_codec::common::extension[0m[2m:[0m Unknown Test ext: ZExtUnknown { Id: 2, Mandatory: true, Encoding: "ZBuf", Value: ZBuf { slices: [[da, 34, d3, 3b, 7c, 33, 40, c0, 7d, 6f, 88, d0, 62, b5, 1d, 47]] } }
[2m2026-09-14T10:47:58.894957Z[0m [31mERROR[0m codec_extension ThreadId(12) [2mzenoh_codec::common::extension[0m[2m:[0m Unknown Test ext: ZExtUnknown { Id: 2, Mandatory: true, Encoding: "ZBuf", Value: ZBuf { slices: [[e8, 64, 82, 6e, a4, bb, c3, bc, 2c, dd, 08, bb, 9b, 62, e3, 47, 45, 48, 91, d2, f1]] } }
[2m2026-09-14T10:47:58.894976Z[0m [31mERROR[0m codec_extension ThreadId(12) [2mzenoh_codec::common::extension[0m[2m:[0m Unknown Test ext: ZExtUnknown { Id: 2, Mandatory: true, Encoding: "ZBuf", Value: ZBuf { slices: [[fe, 70, 0e, 56, 65, 16, 83, 22, 52, c5, 5e, 42, cb, ea, 6d, 04, 76, 23, c6, 89, 59, b6, d9, f2, 53, 97, 37, 09, 47, 55, 20, 69, fd, fb, ee, 7e, 4c, 72]] } }
[2m2026-09-14T10:47:58.894983Z[0m [31mERROR[0m codec_extension ThreadId(12) [2mzenoh_codec::common::extension[0m[2m:[0m Unknown Test ext: ZExtUnknown { Id: 2, Mandatory: true, Encoding: "ZBuf", Value: ZBuf { slices: [[d5, d8, e5, 1a, 7b, 88, cc, f8, f9, ff, 93, f3, 08, 93, a5, a3, bf, 57, 66, fd, 11, 02, 0c, 77, f3, 41, 93, 3c, 54, ea, 80, 68, 5f, 58, 31]] } }
[2m2026-09-14T10:47:58.895004Z[0m [31mERROR[0m codec_extension ThreadId(12) [2mzenoh_codec::common::extension[0m[2m:[0m Unknown Test ext: ZExtUnknown { Id: 2, Mandatory: true, Encoding: "ZBuf", Value: ZBuf { slices: [[1d, 56, 9f, f0, 66, a3, c1, a7, 95, d6, 54, 3f, ba, c5, ce, 71, 52, 69]] } }
[2m2026-09-14T10:47:58.895010Z[0m [31mERROR[0m codec_extension ThreadId(12) [2mzenoh_codec::common::extension[0m[2m:[0m Unknown Test ext: ZExtUnknown { Id: 2, Mandatory: true, Encoding: "ZBuf", Value: ZBuf { slices: [[ff, 9a, b3, 25, f9, 1a, 61, b9, 4a, b9, e5, ca, 37, 62, 7b, 9b, cd, f9, 95, 75, 8c, 8d, 6c, 77, 49, f1, ee, a9, c4, a1, 90, 49, f3, bc, 0a, d2, f2, b8, 42, 06, 78, 98, e0, 94, e2, 58, ff, 99, 9f, 56, a3]] } }
[2m2026-09-14T10:47:58.895030Z[0m [31mERROR[0m codec_extension ThreadId(12) [2mzenoh_codec::common::extension[0m[2m:[0m Unknown Test ext: ZExtUnknown { Id: 2, Mandatory: true, Encoding: "ZBuf", Value: ZBuf { slices: [[a2, 07, 97, c8, 3d, f7, e3, 6f, 41, cf, db, bd, 1a, f2, f7]] } }
[2m2026-09-14T10:47:58.895035Z[0m [31mERROR[0m codec_extension ThreadId(12) [2mzenoh_codec::common::extension[0m[2m:[0m Unknown Test ext: ZExtUnknown { Id: 2, Mandatory: true, Encoding: "ZBuf", Value: ZBuf { slices: [[e3, 1c, ba, 80, 93, 0a, fc, 1d, 44, e9, 51, 5e, 30, b3, 89, e2, d7, 33, 09, 7e, c4, 45, 44, ff, e5, da, 68, 31, ff, 4d, 1c, 9d, e8, 62, f9, 2f, d0, 8e, 2e, e4, 98, 45, c7, a6, cd]] } }
[2m2026-09-14T10:47:58.895055Z[0m [31mERROR[0m codec_extension ThreadId(12) [2mzenoh_codec::common::extension[0m[2m:[0m Unknown Test ext: ZExtUnknown { Id: 2, Mandatory: true, Encoding: "ZBuf", Value: ZBuf { slices: [[af, eb, f9, d3, c5, 43, 9a, 97, 93, 18, 1f, c0, 5e, 86, fb, 27, 41, 14, c2, f8, a8, b6, fc, c7, ab, 74, a9, cf, 48, d9, 04, 85, c9, 23, 1a, 88, d0, 8b, 5b, 41, ca, 14, 92, 36, c6, 8d, 79, e7, df, eb, 82, ec, 46, 7c]] } }
[2m2026-09-14T10:47:58.895078Z[0m [31mERROR[0m codec_extension ThreadId(12) [2mzenoh_codec::common::extension[0m[2m:[0m Unknown Test ext: ZExtUnknown { Id: 2, Mandatory: true, Encoding: "ZBuf", Value: ZBuf { slices: [[93, 54, fb, 10, ea, 10, bf, 35, b3, 1f, df, f2, d9, 2b, d8, 24, de, 24, e0, f9, 6f, 80, 3f, 91, 58, 03, 2c, 30, d4, 17, ab, eb, b0, a2]] } }
[2m2026-09-14T10:47:58.895084Z[0m [31mERROR[0m codec_extension ThreadId(12) [2mzenoh_codec::common::extension[0m[2m:[0m Unknown Test ext: ZExtUnknown { Id: 2, Mandatory: true, Encoding: "ZBuf", Value: ZBuf { slices: [[b8, 91, ed, ec, 5f, 16, 57, 11, 35]] } }
[2m2026-09-14T10:47:58.895088Z[0m [31mERROR[0m codec_extension ThreadId(12) [2mzenoh_codec::common::extension[0m[2m:[0m Unknown Test ext: ZExtUnknown { Id: 2, Mandatory: true, Encoding: "ZBuf", Value: ZBuf { slices: [[1c, 3f, da, 08, 98, 83, 29, 2f, 6c, 15, c0]] } }
[2m2026-09-14T10:47:58.895108Z[0m [31mERROR[0m codec_extension ThreadId(12) [2mzenoh_codec::common::extension[0m[2m:[0m Unknown Test ext: ZExtUnknown { Id: 2, Mandatory: true, Encoding: "ZBuf", Value: ZBuf { slices: [[ca, 22, 27, 0b, f2, 56, 7f, 4d, 6f, fa, a1, c2, 77]] } }
[2m2026-09-14T10:47:58.895113Z[0m [31mERROR[0m codec_extension ThreadId(12) [2mzenoh_codec::common::extension[0m[2m:[0m Unknown Test ext: ZExtUnknown { Id: 2, Mandatory: true, Encoding: "ZBuf", Value: ZBuf { slices: [[5e, 9d, af, 59, d4, dd, 3d, 2e, 5f, 5f, 6e, fa, 7f, 62, 49, a6, 6a, be, f3]] } }
[2m2026-09-14T10:47:58.895133Z[0m [31mERROR[0m codec_extension ThreadId(12) [2mzenoh_codec::common::extension[0m[2m:[0m Unknown Test ext: ZExtUnknown { Id: 2, Mandatory: true, Encoding: "ZBuf", Value: ZBuf { slices: [[42, 60, 1b, 12, d5, bf, c2, 25, 25, f7, f6, 86, 7b, b3, 28, 87, 2c, 08, 01, ca, 08, 6c, 88, 22, 4b, a8, 98, 7c, c1, a8, 22, 7a, 8e, 07, 79, c4, de, d6, d8, be, d7, 6f]] } }
[2m2026-09-14T10:47:58.895139Z[0m [31mERROR[0m codec_extension ThreadId(12) [2mzenoh_codec::common::extension[0m[2m:[0m Unknown Test ext: ZExtUnknown { Id: 2, Mandatory: true, Encoding: "ZBuf", Value: ZBuf { slices: [[bd, a9, f6, d8, 79, c7, 47, 84, 4a, 76, dd, 44, bc, e6, 77, 58, 4f, b9, 8b, bd, d6, 37, 6a, c5, 57, 8d, 40, 8c, a9, 5e, b9, da, 76, b4, 31, ca]] } }
[2m2026-09-14T10:47:58.895160Z[0m [31mERROR[0m codec_extension ThreadId(12) [2mzenoh_codec::common::extension[0m[2m:[0m Unknown Test ext: ZExtUnknown { Id: 2, Mandatory: true, Encoding: "ZBuf", Value: ZBuf { slices: [[f5, cf, a7, cf, d8, fa, c6, 0a, 67, c9, 0f, 3f, 17, 19, c8, 65, 38]] } }
[2m2026-09-14T10:47:58.895166Z[0m [31mERROR[0m codec_extension ThreadId(12) [2mzenoh_codec::common::extension[0m[2m:[0m Unknown Test ext: ZExtUnknown { Id: 2, Mandatory: true, Encoding: "ZBuf", Value: ZBuf { slices: [[4f, 2f, 4e, 72, 96, 6e, 05, 4f, 45, e6]] } }
[2m2026-09-14T10:47:58.895170Z[0m [31mERROR[0m codec_extension ThreadId(12) [2mzenoh_codec::common::extension[0m[2m:[0m Unknown Test ext: ZExtUnknown { Id: 2, Mandatory: true, Encoding: "ZBuf", Value: ZBuf { slices: [[8b, 9a, b2, 2c, 4a, 25, ad, 22, a1, 1d, b5, b7, e1, 7b, 23, 49, 3e, a4, d2, 7d]] } }
[2m2026-09-14T10:47:58.895190Z[0m [31mERROR[0m codec_extension ThreadId(12) [2mzenoh_codec::common::extension[0m[2m:[0m Unknown Test ext: ZExtUnknown { Id: 2, Mandatory: true, Encoding: "ZBuf", Value: ZBuf { slices: [[c1, 85, 5f, b8, a0, cf, 63, 0c, 65, e2, e0, a0, 41, 5f, 0b, 9c, 94, 80, 00, 77, 57, 67, 10, 83, 0f, 1b, 96, 8c, d7, a2, ed, de, bc, 3c, a2, 1e, 31, 96, 94, d3, 52, c5, 6d, 0b, bf, 70, 1c, 0e, be, 55, 75, 3c, 03, b4, 19]] } }
[2m2026-09-14T10:47:58.895211Z[0m [31mERROR[0m codec_extension ThreadId(12) [2mzenoh_codec::common::extension[0m[2m:[0m Unknown Test ext: ZExtUnknown { Id: 2, Mandatory: true, Encoding: "ZBuf", Value: ZBuf { slices: [[99, de, cd, a2, 0d, 9a, e8, e1, be, 4e, 48, 9b, e6, 60, b8, bb, 66, e1, 97, d5, f4, be, 38, 2d, 97, 18, e3, 46, 10, 77, 3a, ed, 7d, 05, f7, eb, 70, 8c, eb, ac, ca, 4b, 92, e0, da, 6a, 4f, 33, 78, b7, ea, 84, ba, be, d1, c1, a3, a9]] } }
[2m2026-09-14T10:47:58.895218Z[0m [31mERROR[0m codec_extension ThreadId(12) [2mzenoh_codec::common::extension[0m[2m:[0m Unknown Test ext: ZExtUnknown { Id: 2, Mandatory: true, Encoding: "ZBuf", Value: ZBuf { slices: [[40, 27, 2b, 99, 9d, 1f, 16, 30, ee, 87, c1, 3f, f4, 20, b2]] } }
[2m2026-09-14T10:47:58.895238Z[0m [31mERROR[0m codec_extension ThreadId(12) [2mzenoh_codec::common::extension[0m[2m:[0m Unknown Test ext: ZExtUnknown { Id: 2, Mandatory: true, Encoding: "ZBuf", Value: ZBuf { slices: [[a7, de, de, 01, 37, 72, 8b, c4, 00]] } }
[2m2026-09-14T10:47:58.895244Z[0m [31mERROR[0m codec_extension ThreadId(12) [2mzenoh_codec::common::extension[0m[2m:[0m Unknown Test ext: ZExtUnknown { Id: 2, Mandatory: true, Encoding: "ZBuf", Value: ZBuf { slices: [[6f, f8, 8c, 35, 81, 2e, 46, 11, 49, b3, 9b, 01, 24, bd, 24, b2, a3, dd, 2e, e5, 45, bb, ab, ba, a3, 10, 35, 81, 16, e4, 5b, 76, ac, 84, 19, b4, 6d, b1, 25, aa, cf, 5b, 12, 0e, dc, c5]] } }
[2m2026-09-14T10:47:58.895264Z[0m [31mERROR[0m codec_extension ThreadId(12) [2mzenoh_codec::common::extension[0m[2m:[0m Unknown Test ext: ZExtUnknown { Id: 2, Mandatory: true, Encoding: "ZBuf", Value: ZBuf { slices: [[36, f4, 07, bd, b7, d0, b5, e0, fe, d5, 93, 07, d8, 91, 61, e6, d3, 13, 4a, 8f, f4, f1, 41, 6d, 05, b1, 54, 63, bd, 23, 69, dc, 1e, fc, f0, ca, 5e, 05, c7, 29, 90, 60, d2, a9, 5d, 40, c8, 09, 3e, 16, ac]] } }
[2m2026-09-14T10:47:58.895287Z[0m [31mERROR[0m codec_extension ThreadId(12) [2mzenoh_codec::common::extension[0m[2m:[0m Unknown Test ext: ZExtUnknown { Id: 2, Mandatory: true, Encoding: "ZBuf", Value: ZBuf { slices: [[60, 60, 51, 74, 3f, 3d, f9, 5e, 28, f5, 5a, b4, a8, c2, ca, c0, ff, 3b, 6b, 87, 66, 21, 9c, c6, dc, dc, f8, 1c, 8a, 10, 0a, 5a, 60, 8a, a3, 6d, b1, fd, 19, e1, 48, a7, 01, 87, 45, e1, 9d, b2, 92, 77, b9, a0]] } }
[2m2026-09-14T10:47:58.895295Z[0m [31mERROR[0m codec_extension ThreadId(12) [2mzenoh_codec::common::extension[0m[2m:[0m Unknown Test ext: ZExtUnknown { Id: 2, Mandatory: true, Encoding: "ZBuf", Value: ZBuf { slices: [[39, 74, aa, 76, b8, 5f, a5, ae, ff, 51, 87, 54, be]] } }
[2m2026-09-14T10:47:58.895315Z[0m [31mERROR[0m codec_extension ThreadId(12) [2mzenoh_codec::common::extension[0m[2m:[0m Unknown Test ext: ZExtUnknown { Id: 2, Mandatory: true, Encoding: "ZBuf", Value: ZBuf { slices: [[ee, fb, 80, ee, a2, c3, 0c, ec, e5, 65, 64, b9, f7, 23, 23, 99, 16, 24, 60, 3a, 17, 0e, b7, 4e, 5a, b2, 61, ff, 3f, a4, 37, 51, 9e, f0, 4e, 78, 55, a6, 28, 21, 46, b6, cd, 32]] } }
[2m2026-09-14T10:47:58.895337Z[0m [31mERROR[0m codec_extension ThreadId(12) [2mzenoh_codec::common::extension[0m[2m:[0m Unknown Test ext: ZExtUnknown { Id: 2, Mandatory: true, Encoding: "ZBuf", Value: ZBuf { slices: [[72, c5, d9, 5b, 05, 83, 95, cf, a1, 28, c5, fd, 27, 4d, b6, 72, 0d, cc, 43, 19, 57, 62, 75, be, 09, 15, 20, 81, 85, 9a, f6, 2c, 87, 5e, 04, 81, 28, ed, b3, 0b, cb, 8a, 71, b1, 3b]] } }
[2m2026-09-14T10:47:58.895358Z[0m [31mERROR[0m codec_extension ThreadId(12) [2mzenoh_codec::common::extension[0m[2m:[0m Unknown Test ext: ZExtUnknown { Id: 2, Mandatory: true, Encoding: "ZBuf", Value: ZBuf { slices: [[02, ce, ae, ec, ee, 83, ef, 78, ce, 79, 89, 78, c5, d6, 3a, 89, 5c, 71, 16, 75, 20, fd, 2e, fb, 32, 98, a4, 00, 77, 81, 49, 0b, f8, f6, bf, 1b, 57, 01, 36, b0, 22, f6, f5, 43, 83, 93, 62, 14, 5d, 8e, b3, 22, 4a, 52, 40, dd, 62, f7, 1c, 35]] } }
[2m2026-09-14T10:47:58.895379Z[0m [31mERROR[0m codec_extension ThreadId(12) [2mzenoh_codec::common::extension[0m[2m:[0m Unknown Test ext: ZExtUnknown { Id: 2, Mandatory: true, Encoding: "ZBuf", Value: ZBuf { slices: [[af, c5, 26, 91, 85, 6d, 0e, 46, c7, cf, 37, d6, 82, 59, cc, 5f, 76, c3, d3, 87, 6a, 08, e6, cb, dd, 08, 09, e6, 8e, a5, f6, 7f, 25, 5d, 9f, f4, 91, 31, a5, c2, 0e, 00, e9, 7b, 80, c4, 90]] } }
[2m2026-09-14T10:47:58.895385Z[0m [31mERROR[0m codec_extension ThreadId(12) [2mzenoh_codec::common::extension[0m[2m:[0m Unknown Test ext: ZExtUnknown { Id: 2, Mandatory: true, Encoding: "ZBuf", Value: ZBuf { slices: [[f0, 54, a9, 7b, 04, dc, ea, ff, b1, 23]] } }
[2m2026-09-14T10:47:58.895404Z[0m [31mERROR[0m codec_extension ThreadId(12) [2mzenoh_codec::common::extension[0m[2m:[0m Unknown Test ext: ZExtUnknown { Id: 2, Mandatory: true, Encoding: "ZBuf", Value: ZBuf { slices: [[fe, 7d, b3, 64, 38, 36, 16, da, 99, ea, 4f, 6c, 6b, 25, 95, 32, 02, 09, 04, 37, 52, 57, e9, d6, d5, a5, 74, b9, ff, a8, 8e, 51, 69, 12, 74, 09, c6, 43, 6a, 32, 31, 57, 0e, fe, da, d5, b4, 0b, cb, cc]] } }
[2m2026-09-14T10:47:58.895424Z[0m [31mERROR[0m codec_extension ThreadId(12) [2mzenoh_codec::common::extension[0m[2m:[0m Unknown Test ext: ZExtUnknown { Id: 2, Mandatory: true, Encoding: "ZBuf", Value: ZBuf { slices: [[1d, 53, a2, 4e, 16, 28, 9d, 8d, e3, b4, 95, 90, 1b, 20, 41, 46, 6c, 54, f8, 04, f6, 42, 60, bf, f6, f2, f4, 1d, fa, e1, 8b, 94, 4c, 8a, 63, 51, aa, 06, 21, 52, 9a, d6, 3d, 13, 8e, ca, a1, 23, 2b, 8f, 5d, 6c, ec, 6e, d5, 34, 11, 60, 9e, 79]] } }
[2m2026-09-14T10:47:58.895431Z[0m [31mERROR[0m codec_extension ThreadId(12) [2mzenoh_codec::common::extension[0m[2m:[0m Unknown Test ext: ZExtUnknown { Id: 2, Mandatory: true, Encoding: "ZBuf", Value: ZBuf { slices: [[e8, f6, ea, 44, b0, 49, cf, 78, 4e, 59, bd, 40, db, af, be, 53, 95, 9f, 5a, b7, aa, 6f, 6e, fa]] } }
[2m2026-09-14T10:47:58.895436Z[0m [31mERROR[0m codec_extension ThreadId(12) [2mzenoh_codec::common::extension[0m[2m:[0m Unknown Test ext: ZExtUnknown { Id: 2, Mandatory: true, Encoding: "ZBuf", Value: ZBuf { slices: [[10, af, 87, b1, bf, 76, 12, 7d, b9]] } }
[2m2026-09-14T10:47:58.895457Z[0m [31mERROR[0m codec_extension ThreadId(12) [2mzenoh_codec::common::extension[0m[2m:[0m Unknown Test ext: ZExtUnknown { Id: 2, Mandatory: true, Encoding: "ZBuf", Value: ZBuf { slices: [[9a, 9e, 90, 5b, 00, be, b6, a8, b8, 77, 7a, 24, 99, 5c, 29, b4, fb, 4e, 04, 64, da, 59, 64, 98, cb, ab, a7, bb, 58, bf, a6, 28, df, 0f, 8c, d1, 1c, 8d, 26, 2e, ae, 3d, fc, d0, f4, ba, 3b, f0, f1, ba, 81, ea, 06, 51, 9d]] } }
[2m2026-09-14T10:47:58.895479Z[0m [31mERROR[0m codec_extension ThreadId(12) [2mzenoh_codec::common::extension[0m[2m:[0m Unknown Test ext: ZExtUnknown { Id: 2, Mandatory: true, Encoding: "ZBuf", Value: ZBuf { slices: [[b8, 30, be, c1, a3, f1, 80, 97, bc, e7, 36, 96, 43, 58, 6e, c7, b4, 4d, d0, 8c, 8c, a8, 28, 30, f0, f0, cc, b2, 51, ab, 05, b0, ed, 2a, 12, 6a, a7, a7, 28, 33, a2, 63, 03, 2a, 44, 57, b6, 23, 54, 50, 16, 03, b0, 4b, 15, 45, 06, 83, 50]] } }
[2m2026-09-14T10:47:58.895486Z[0m [31mERROR[0m codec_extension ThreadId(12) [2mzenoh_codec::common::extension[0m[2m:[0m Unknown Test ext: ZExtUnknown { Id: 2, Mandatory: true, Encoding: "ZBuf", Value: ZBuf { slices: [[75, e1, 4a, c1, 3d, be, 3d, 4f, 0b, 7f, a1, 5b, 3e, 27, ca, 15, ab, 75, 91, 0c, b0, bb, 6f, 04]] } }
[2m2026-09-14T10:47:58.895507Z[0m [31mERROR[0m codec_extension ThreadId(12) [2mzenoh_codec::common::extension[0m[2m:[0m Unknown Test ext: ZExtUnknown { Id: 2, Mandatory: true, Encoding: "ZBuf", Value: ZBuf { slices: [[cb, a1, 17, bf, 70, 02, d8, 32, b4, e9, 6b, ec, d8, 43, f9, d8, 14, 26, 38, 70, ec, 26, 5c, 11, 01, be, 50]] } }
[2m2026-09-14T10:47:58.895513Z[0m [31mERROR[0m codec_extension ThreadId(12) [2mzenoh_codec::common::extension[0m[2m:[0m Unknown Test ext: ZExtUnknown { Id: 2, Mandatory: true, Encoding: "ZBuf", Value: ZBuf { slices: [[4f, 9f, 73, 66, b0, 86, 3d, db, 30, 3d, 60, d6, 8b, 6b, be, fc, f0, 0b]] } }
[2m2026-09-14T10:47:58.895532Z[0m [31mERROR[0m codec_extension ThreadId(12) [2mzenoh_codec::common::extension[0m[2m:[0m Unknown Test ext: ZExtUnknown { Id: 2, Mandatory: true, Encoding: "ZBuf", Value: ZBuf { slices: [[6c, 00, be, 6d, db, 76, 20, df, 17, c9, 1e, eb, 3c, 36, 95, 22, 3e, 8f, 64, 75, 6b, 87, 25, f3, 83, ea, 79, 5e, bd, 91, 10, be, 24, a8, b1, 45, 85, 14, a5, c3, 4f, 36, f1, 7f, 11, a2, 12]] } }
[2m2026-09-14T10:47:58.895538Z[0m [31mERROR[0m codec_extension ThreadId(12) [2mzenoh_codec::common::extension[0m[2m:[0m Unknown Test ext: ZExtUnknown { Id: 2, Mandatory: true, Encoding: "ZBuf", Value: ZBuf { slices: [[f4, f8, 32, 48, 2f, 7c, d1, 8c, 6b, 51, db, 5a, 20, ba, 7c]] } }
[2m2026-09-14T10:47:58.895557Z[0m [31mERROR[0m codec_extension ThreadId(12) [2mzenoh_codec::common::extension[0m[2m:[0m Unknown Test ext: ZExtUnknown { Id: 2, Mandatory: true, Encoding: "ZBuf", Value: ZBuf { slices: [[29, 2e, af, da, 14, f6, e2, d7, 4b, 28, 13, 24, 9c, 3d, fc, 80, 12, 25, f8, 71, dc, 3c, 5d, c1, 91, 82, 18, a9, 55, 34, 81, 71, a0, 9c, 07, 3c, f3, 03, 3b, 12, 24, 95, 85, 72, 4e, 14, dd, 85, 88, b1, 20]] } }
[2m2026-09-14T10:47:58.895578Z[0m [31mERROR[0m codec_extension ThreadId(12) [2mzenoh_codec::common::extension[0m[2m:[0m Unknown Test ext: ZExtUnknown { Id: 2, Mandatory: true, Encoding: "ZBuf", Value: ZBuf { slices: [[68, 1d, 04, 3c, 16, 8b, 9a, d7, 5d, 00, 55, b7, 08, 90, 89, 2f, b4, 1d, 38, ce, 2f, 89, 7e, 5d, ed, 56, cd, 45, 8b, 78, 4a, 8d, 74, 99, 45, 27, dc, 0d, e7, d5, 87, 1a, b4, 26]] } }
[2m2026-09-14T10:47:58.895585Z[0m [31mERROR[0m codec_extension ThreadId(12) [2mzenoh_codec::common::extension[0m[2m:[0m Unknown Test ext: ZExtUnknown { Id: 2, Mandatory: true, Encoding: "ZBuf", Value: ZBuf { slices: [[ac, 17, 06, 5a, 60, 08, 19, dc, ea, f4, 20, e2, 8e, ae, b4, d7, 3e, ca, 67, 98, 8d, b2, f0, 7d]] } }
[2m2026-09-14T10:47:58.895608Z[0m [31mERROR[0m codec_extension ThreadId(12) [2mzenoh_codec::common::extension[0m[2m:[0m Unknown Test ext: ZExtUnknown { Id: 2, Mandatory: true, Encoding: "ZBuf", Value: ZBuf { slices: [[c6, 7e, 35, be, 78, b9, fc, e4, 4f, 10, d4, 8d, 1e, 69, 0e, f3, 6f, 06, fa, 7e, e5, b6, ca, 18, f5, 46, d1, e2, 65, 14, d9, 3c, cc, e3, f8, f1, 6a, ea, 3b, 17, 2f, d6, f9, a5, e5, 27, de, 0c, 10, cf, 7a, 41, 74, 82, fa, b6, b8, 79, 40, e5]] } }
[2m2026-09-14T10:47:58.895644Z[0m [31mERROR[0m codec_extension ThreadId(12) [2mzenoh_codec::common::extension[0m[2m:[0m Unknown Test ext: ZExtUnknown { Id: 2, Mandatory: true, Encoding: "ZBuf", Value: ZBuf { slices: [[3b, 02, 45, 2d, 71, fe, 80, ff, 53, b8, 29, 70, 4e, 78, 28, c5, 62, c9, 94, d2, 6b, d3, a6, 43, 43, 99, 1f, 5d, 81, a1, d4, 23, 06, 06, ab, 90, 66, 22, ba, 54, 55, 55, 42, 82, 57, 4f]] } }
[2m2026-09-14T10:47:58.895652Z[0m [31mERROR[0m codec_extension ThreadId(12) [2mzenoh_codec::common::extension[0m[2m:[0m Unknown Test ext: ZExtUnknown { Id: 2, Mandatory: true, Encoding: "ZBuf", Value: ZBuf { slices: [[90, e5, db, bc, ee, 7a, b0, cf, 5f, bb, b1, fa, 47, f2, 6a, ea, cb]] } }
[2m2026-09-14T10:47:58.895672Z[0m [31mERROR[0m codec_extension ThreadId(12) [2mzenoh_codec::common::extension[0m[2m:[0m Unknown Test ext: ZExtUnknown { Id: 2, Mandatory: true, Encoding: "ZBuf", Value: ZBuf { slices: [[43, c7, 35, 41, 5a, ea, 13, 4d, 4e, 8b, 1c, 28, 61, 34, 18, 10, b0, 7c, 9f, 1c, 4d, bc, 5e, 20, e6, b6, 65, a3, 11, 92, 9a, 29, 59, e3, a0, 8a]] } }
[2m2026-09-14T10:47:58.895692Z[0m [31mERROR[0m codec_extension ThreadId(12) [2mzenoh_codec::common::extension[0m[2m:[0m Unknown Test ext: ZExtUnknown { Id: 2, Mandatory: true, Encoding: "ZBuf", Value: ZBuf { slices: [[d0, 52, a6, 97, 4b, fd, 28, 84, cd, c4, b7, 8e, 9c, 40, 7e, 2c, 8a, 6f, a5, c5, 41, 8b, 61, 07, bd, c6, 19, b7, 1a, 03, cb, 2c, 68, 07, 86, 7a]] } }
[2m2026-09-14T10:47:58.895698Z[0m [31mERROR[0m codec_extension ThreadId(12) [2mzenoh_codec::common::extension[0m[2m:[0m Unknown Test ext: ZExtUnknown { Id: 2, Mandatory: true, Encoding: "ZBuf", Value: ZBuf { slices: [[6a, d3, 73, e9, 7e, 81, 47, 71]] } }
[2m2026-09-14T10:47:58.895718Z[0m [31mERROR[0m codec_extension ThreadId(12) [2mzenoh_codec::common::extension[0m[2m:[0m Unknown Test ext: ZExtUnknown { Id: 2, Mandatory: true, Encoding: "ZBuf", Value: ZBuf { slices: [[e7, 4f, 9b, 97, 4f, 0e, 74, 6b, ca, 4e, 44, ec, 9c, 18, 5d, c4, 9f, 25, 6d, ff, 33, ca, 37, a8, e2, c6, 69, bd, 68, ae, 2e, 52, 64, dd, 15, 3f, c3, 2a, 65, 7e, bb, c9, 4f, 9c, 17, 75, 9c, d1, fa]] } }
[2m2026-09-14T10:47:58.895727Z[0m [31mERROR[0m codec_extension ThreadId(12) [2mzenoh_codec::common::extension[0m[2m:[0m Unknown Test ext: ZExtUnknown { Id: 2, Mandatory: true, Encoding: "ZBuf", Value: ZBuf { slices: [[26, 0c, e0, 3c, 29, 06, 63, 94, 7e, 2b, cd, e2, 6d]] } }
[2m2026-09-14T10:47:58.895734Z[0m [31mERROR[0m codec_extension ThreadId(12) [2mzenoh_codec::common::extension[0m[2m:[0m Unknown Test ext: ZExtUnknown { Id: 2, Mandatory: true, Encoding: "ZBuf", Value: ZBuf { slices: [[fd, ad, 20, bf, ac, f0, ef, d2, c6, a4, eb]] } }
[2m2026-09-14T10:47:58.895752Z[0m [31mERROR[0m codec_extension ThreadId(12) [2mzenoh_codec::common::extension[0m[2m:[0m Unknown Test ext: ZExtUnknown { Id: 2, Mandatory: true, Encoding: "ZBuf", Value: ZBuf { slices: [[0f, 6f, 73, a2, 25, d7, 45, 87, 97, f4, ba, d0, 73, d4, 02, 3e, ae, f1, 86, 7d, 8f, e2, 53, eb, 07, d9, 29, d3, c4, 44, d6, 2a, 36, 48, ba]] } }
[2m2026-09-14T10:47:58.895758Z[0m [31mERROR[0m codec_extension ThreadId(12) [2mzenoh_codec::common::extension[0m[2m:[0m Unknown Test ext: ZExtUnknown { Id: 2, Mandatory: true, Encoding: "ZBuf", Value: ZBuf { slices: [[8b, 8a, ab, a8, 66, 7c, d8, 41, 94, 98, 3f]] } }
[2m2026-09-14T10:47:58.895776Z[0m [31mERROR[0m codec_extension ThreadId(12) [2mzenoh_codec::common::extension[0m[2m:[0m Unknown Test ext: ZExtUnknown { Id: 2, Mandatory: true, Encoding: "ZBuf", Value: ZBuf { slices: [[2f, 15, 89, 95, 8c, e7, 91, 15, 1d, 0a, 15, ac, b0, 0a, bb, 54, d8, 67, e7, a2, 90, 50, 8f, 0d, 9d, e7, 99, 44, cc, e0, ab, 77, 40, f2]] } }
[2m2026-09-14T10:47:58.895782Z[0m [31mERROR[0m codec_extension ThreadId(12) [2mzenoh_codec::common::extension[0m[2m:[0m Unknown Test ext: ZExtUnknown { Id: 2, Mandatory: true, Encoding: "ZBuf", Value: ZBuf { slices: [[3b, 7d, 5f, 08, 2c, 4f, 11, c1, 44, 5f, 53, 66, fe, f3, d3, 17, 33, 9c, 0d, c0, 3e, 3c, 49, f2, 12, 0f, f2, 5c]] } }
[2m2026-09-14T10:47:58.895802Z[0m [31mERROR[0m codec_extension ThreadId(12) [2mzenoh_codec::common::extension[0m[2m:[0m Unknown Test ext: ZExtUnknown { Id: 2, Mandatory: true, Encoding: "ZBuf", Value: ZBuf { slices: [[41, 49, 8c, 8e, 66, f6, ea, 67, 99, 3a, 81, 22, cc, 11, 7c, c3, fb, 74, 21, 6b, ce, 82, b8, de, 2b, 97, 2f, 15, 08, 06, 89, d0, 41, 4c, f8, 16, 33, ab]] } }
[2m2026-09-14T10:47:58.895808Z[0m [31mERROR[0m codec_extension ThreadId(12) [2mzenoh_codec::common::extension[0m[2m:[0m Unknown Test ext: ZExtUnknown { Id: 2, Mandatory: true, Encoding: "ZBuf", Value: ZBuf { slices: [[5f, 26, 60, 8d, cd, 05, 71, 16, ed, 36, ef, dc, 48, 41, 0c, 60, 2f, cc, 61, 67, 83, 08, 4b, 54, eb, e6, 35, 54, b3, a4, a2, 55, 6b, a6, 84, ba, 75, 4e, 8c, 58, cf, b1, 2d, 9e, 1b, 1f, 4e, 88, 0b]] } }
[2m2026-09-14T10:47:58.895831Z[0m [31mERROR[0m codec_extension ThreadId(12) [2mzenoh_codec::common::extension[0m[2m:[0m Unknown Test ext: ZExtUnknown { Id: 2, Mandatory: true, Encoding: "ZBuf", Value: ZBuf { slices: [[a5, 09, 52, c0, eb, 49, c6, a9, c1, 32, 5d, 36, 24, 0a, 74, ba, a0, 27, 3a, 29, fd, a3, 39, 42, c2, 06]] } }
[2m2026-09-14T10:47:58.895853Z[0m [31mERROR[0m codec_extension ThreadId(12) [2mzenoh_codec::common::extension[0m[2m:[0m Unknown Test ext: ZExtUnknown { Id: 2, Mandatory: true, Encoding: "ZBuf", Value: ZBuf { slices: [[93, e8, 30, 82, f4, ae, f7, e8, 4e, bf, 92, 41, 79, 48, ac, f3, 33, 8f, f6, 67, 24, c6, 88, 91, ba, b0, fb, 5a, 80, b0, fe, 19, 02, 1d, fe, e1, 2b, 48, 59, f2, 95]] } }
[2m2026-09-14T10:47:58.895860Z[0m [31mERROR[0m codec_extension ThreadId(12) [2mzenoh_codec::common::extension[0m[2m:[0m Unknown Test ext: ZExtUnknown { Id: 2, Mandatory: true, Encoding: "ZBuf", Value: ZBuf { slices: [[0d, 4f, 1f, 00, 3b, fb, ff, 17, 1e, 1e, 0e, cb, ee, f2, 24, 23, 29, f5, 13, 68, a6, 59, 9a, d2]] } }
[2m2026-09-14T10:47:58.895883Z[0m [31mERROR[0m codec_extension ThreadId(12) [2mzenoh_codec::common::extension[0m[2m:[0m Unknown Test ext: ZExtUnknown { Id: 2, Mandatory: true, Encoding: "ZBuf", Value: ZBuf { slices: [[af, df, aa, bf, fe, d3, d4, c2, 39, 05, 84, e2, 7c, ac, 11, 7d, d6, ca, 70, 3e, b4, 8f, 39, ab, c0, 23, 2a, 11, 83, c3, 27, 9a, 05, 35, 7d, 31, 2d, f6, bd, fe, 4f, db, 43, 67, 38, b2, 92, 9c, 71, 2d, 18, 92, f9, 88, 4e, dc, e6, ae, 84, 8a]] } }
[2m2026-09-14T10:47:58.895904Z[0m [31mERROR[0m codec_extension ThreadId(12) [2mzenoh_codec::common::extension[0m[2m:[0m Unknown Test ext: ZExtUnknown { Id: 2, Mandatory: true, Encoding: "ZBuf", Value: ZBuf { slices: [[4a, 29, d8, 8e, a8, 50, 78, 3b, 3c, fe, bb, d3, 26, c4, 14, 08, 05, 16, 69, 12, 5f, 1d, fa, c3, a4, b8, 47, 7e, 01, e1, 4a, 8f]] } }
[2m2026-09-14T10:47:58.895912Z[0m [31mERROR[0m codec_extension ThreadId(12) [2mzenoh_codec::common::extension[0m[2m:[0m Unknown Test ext: ZExtUnknown { Id: 2, Mandatory: true, Encoding: "ZBuf", Value: ZBuf { slices: [[1a, 21, 39, 07, 1d, 2d, 29, 8c, ef, aa, 57, f0, 96, 8d, 47, 2c, dd, db, c9, 16, 19, a3, cf, a4, d2, 76, 92, 07, 14, 13]] } }
[2m2026-09-14T10:47:58.895931Z[0m [31mERROR[0m codec_extension ThreadId(12) [2mzenoh_codec::common::extension[0m[2m:[0m Unknown Test ext: ZExtUnknown { Id: 2, Mandatory: true, Encoding: "ZBuf", Value: ZBuf { slices: [[cd, 62, fc, 6c, fb, 7f, 42, 0c, 68, e6, 81, 4a, 8b, b9, 01, 17, e8, 90, 30, 38, 16, c4, 3e, 0c, a8, b2, 3e, eb, 2e, 89, 37, 86, f9, 77, 23, e3, 09, 7f, bd, ee, 37, 6e, df, c4, 94, c3, 7b]] } }
[2m2026-09-14T10:47:58.895952Z[0m [31mERROR[0m codec_extension ThreadId(12) [2mzenoh_codec::common::extension[0m[2m:[0m Unknown Test ext: ZExtUnknown { Id: 2, Mandatory: true, Encoding: "ZBuf", Value: ZBuf { slices: [[98, 25, 80, 7f, 5a, 7d, 70, 75, 02, 29, c0, 33, 0e, 6c, 87, d3, bb, 6b, a0, f5, 6e, f4, f8, 15, 41, 1c, 9e, d2, d8, a7, e4, 62, a6, 6b, 3e, 5b, 5c, 79, f8, 1b, 60, 13, a5, ff, b7, 48, ba, 5c, f9, a6, e4, 25, 29, 98, 34, 55, 4b, fd, 79, 36, d3, d3, 9b, db]] } }
[2m2026-09-14T10:47:58.895977Z[0m [31mERROR[0m codec_extension ThreadId(12) [2mzenoh_codec::common::extension[0m[2m:[0m Unknown Test ext: ZExtUnknown { Id: 2, Mandatory: true, Encoding: "ZBuf", Value: ZBuf { slices: [[42, 4c, 67, c8, d2, 91, 96, 54, a2, c7, e1, 60, 59, 6d, fc, f9, 99, 75, c5, a9, 6c, 16, 4e, 04, e3, 2a, b4, c8, f7, ed, 55, 8d, 6a, b7, 49, c2, 10, 7e, 76]] } }
[2m2026-09-14T10:47:58.895986Z[0m [31mERROR[0m codec_extension ThreadId(12) [2mzenoh_codec::common::extension[0m[2m:[0m Unknown Test ext: ZExtUnknown { Id: 2, Mandatory: true, Encoding: "ZBuf", Value: ZBuf { slices: [[fd, a2, a0, 9d, 2c, f3, 90, a5, 4a, a1]] } }
[2m2026-09-14T10:47:58.896006Z[0m [31mERROR[0m codec_extension ThreadId(12) [2mzenoh_codec::common::extension[0m[2m:[0m Unknown Test ext: ZExtUnknown { Id: 2, Mandatory: true, Encoding: "ZBuf", Value: ZBuf { slices: [[3b, 9b, ab, d8, 55, 2b, 4c, 46, 9b, 19, 7a, 5a, d1, 55, 2e, 5d, 43, d4, 1b, 65, c4, 7a, fb, 64, ea, de, 54, 2e, c6, 53, 39, f4, cf, 67, c2, 1d, 35, ad, fe, 15, 9b, fa, a2, d5, e0, 60, 15]] } }
[2m2026-09-14T10:47:58.896013Z[0m [31mERROR[0m codec_extension ThreadId(12) [2mzenoh_codec::common::extension[0m[2m:[0m Unknown Test ext: ZExtUnknown { Id: 2, Mandatory: true, Encoding: "ZBuf", Value: ZBuf { slices: [[59, bd, 6d, 4d, da, 9b, c2, 59, ea, c0, 67, ed, fe, 66]] } }
[2m2026-09-14T10:47:58.896032Z[0m [31mERROR[0m codec_extension ThreadId(12) [2mzenoh_codec::common::extension[0m[2m:[0m Unknown Test ext: ZExtUnknown { Id: 2, Mandatory: true, Encoding: "ZBuf", Value: ZBuf { slices: [[db, 4f, 43, 70, 8b, 87, b4, 2e, 3a, 90, 17, ad, 1b, ac, f8, 9c, c8, 0f, 8f, 85, 26, 25, 61, 4a, 73, cf, 72, 1c, 0b, 1e, cc, 81, 70, b5, d4, e7, f2, 3e, 9b, 2c, 43, a3, cf, e4, 94, 3e, 77, 0e, 99, f3, 89, 18, 2c, 21, f7, 07, 57, 5a, 1e, c1]] } }
[2m2026-09-14T10:47:58.896039Z[0m [31mERROR[0m codec_extension ThreadId(12) [2mzenoh_codec::common::extension[0m[2m:[0m Unknown Test ext: ZExtUnknown { Id: 2, Mandatory: true, Encoding: "ZBuf", Value: ZBuf { slices: [[04, 7f, f7, 25, c3, 11, 3a, 0d, 70, 8f, 3f, 35, bd, 99, e9, 8e, 11, 27, ce, af]] } }
[2m2026-09-14T10:47:58.896058Z[0m [31mERROR[0m codec_extension ThreadId(12) [2mzenoh_codec::common::extension[0m[2m:[0m Unknown Test ext: ZExtUnknown { Id: 2, Mandatory: true, Encoding: "ZBuf", Value: ZBuf { slices: [[64, 23, 03, bc, c5, c9, eb, e0, 3c, 56, 30, 05, 78, aa, eb, 2f, cc, ac, 1c, 8c, cf, c8, df, 48, d8, a3, cf, 12, 90, b8, b4, bf, 59, 32, 3d]] } }
[2m2026-09-14T10:47:58.896064Z[0m [31mERROR[0m codec_extension ThreadId(12) [2mzenoh_codec::common::extension[0m[2m:[0m Unknown Test ext: ZExtUnknown { Id: 2, Mandatory: true, Encoding: "ZBuf", Value: ZBuf { slices: [[a2, 8f, ef, 7b, 7f, 38, de, d9, e6, f5, d9, 39, a1, 10, 19, 1b, b4, 30, f3, a8, 48, b8, c8, 13, e5, ad, d3, 6c, ed, 04, d3, c6, 85, 61, 5d]] } }
[2m2026-09-14T10:47:58.896082Z[0m [31mERROR[0m codec_extension ThreadId(12) [2mzenoh_codec::common::extension[0m[2m:[0m Unknown Test ext: ZExtUnknown { Id: 2, Mandatory: true, Encoding: "ZBuf", Value: ZBuf { slices: [[c3, 71, f8, d3, 32, ef, f8, 06, 18, 89, 38]] } }
[2m2026-09-14T10:47:58.896087Z[0m [31mERROR[0m codec_extension ThreadId(12) [2mzenoh_codec::common::extension[0m[2m:[0m Unknown Test ext: ZExtUnknown { Id: 2, Mandatory: true, Encoding: "ZBuf", Value: ZBuf { slices: [[08, 46, 80, ac, 0c, 78, ef, 5b, 36, bc, 6e, 82, f7, 35, 35, eb, 09, 8d, 5d, a9, ea, 0b, 85, 44, dc, c0, 4d, 47, 8a, cf, 0f, cb, 9a, c1, 58, ac, cb, f8, b5]] } }
[2m2026-09-14T10:47:58.896107Z[0m [31mERROR[0m codec_extension ThreadId(12) [2mzenoh_codec::common::extension[0m[2m:[0m Unknown Test ext: ZExtUnknown { Id: 2, Mandatory: true, Encoding: "ZBuf", Value: ZBuf { slices: [[fe, 25, fa, f3, 6b, ac, 37, 1e, 9c, 28, 6b, de, fc, ac, 7b, a5, e0, fd, 63, be, 05, 89, bf, 42, 42, b4, fe, 75, 84, fd, 47, db, 3b, 85, 0e, b0, c0, b9, 19, 41, 81, 79]] } }
[2m2026-09-14T10:47:58.896127Z[0m [31mERROR[0m codec_extension ThreadId(12) [2mzenoh_codec::common::extension[0m[2m:[0m Unknown Test ext: ZExtUnknown { Id: 2, Mandatory: true, Encoding: "ZBuf", Value: ZBuf { slices: [[9f, cd, c0, ad, 1d, a4, ca, 3f, ac, e4, c8, aa, 36, 00, 4c, 76, c8, 95, 03, 19, fb, b1, 68, bb, 09, 6c, 1d, 82, ce, 6c, 89, 66, 5f, aa, 30, a6, 52, f6, df, 45, c0, 0f, c7, 91, 95, 0c, a5, 4c, 08, c3, 82, 07, d4, 3b, 74, 74, f3, 4c, 37, b6, 56]] } }
[2m2026-09-14T10:47:58.896148Z[0m [31mERROR[0m codec_extension ThreadId(12) [2mzenoh_codec::common::extension[0m[2m:[0m Unknown Test ext: ZExtUnknown { Id: 2, Mandatory: true, Encoding: "ZBuf", Value: ZBuf { slices: [[2c, b4, 26, b3, 13, 52, 36, 93, 30, da, 7b, 1c, 4d, 19, b7, a6, 88, 88, 66, 08, b9, 58, cf, df, c5, d6, 29, 99, ad, 48, b6, 07, 06, 49, 3d, 1f, 84, 27, f2, e3, c8, 90, 5b, 5f, dd, 1b, 7b, a6, de, a8, 5a, 69, d2, 33, 53, 98, a8, 6d, 75, e7, 2e]] } }
[2m2026-09-14T10:47:58.896169Z[0m [31mERROR[0m codec_extension ThreadId(12) [2mzenoh_codec::common::extension[0m[2m:[0m Unknown Test ext: ZExtUnknown { Id: 2, Mandatory: true, Encoding: "ZBuf", Value: ZBuf { slices: [[86, 83, 17, 97, 9c, ba, 5f, 1a, 49, ee, fd, 1a, 16, 72, 52, dd, 6f, 23, 49, d1, 09, 3f, 9e, e3, 4f, 02, 8c, b6, 41, ac, 4e, fc, bd, 48, 14, 6d, f5, d8, 5d, d6, 94, 49, 0d, 40, e5, 70, ba, f3, 9c, 0a, ea, b1, 8e, d7, 20, 6e, 39, c1, b6, 69]] } }
[2m2026-09-14T10:47:58.896189Z[0m [31mERROR[0m codec_extension ThreadId(12) [2mzenoh_codec::common::extension[0m[2m:[0m Unknown Test ext: ZExtUnknown { Id: 2, Mandatory: true, Encoding: "ZBuf", Value: ZBuf { slices: [[ad, c3, 5b, 9e, 6a, ff, 57, c6, 91, f4, e4, 90, 18, c2, 1f, 5f, 2c, 00, ec, b8, c2, 53, 2f, 65, 41, 4c, b3, 60, 40, bb, 87, ac, 03, 00, 69, 63, 96]] } }
[2m2026-09-14T10:47:58.896195Z[0m [31mERROR[0m codec_extension ThreadId(12) [2mzenoh_codec::common::extension[0m[2m:[0m Unknown Test ext: ZExtUnknown { Id: 2, Mandatory: true, Encoding: "ZBuf", Value: ZBuf { slices: [[67, 54, d1, 45, 61, 74, 2d, 5e, be, 4a, bb, a6, 5c, ca, fe, 1b, c9, 4a, 54, 2a, 71]] } }
[2m2026-09-14T10:47:58.896216Z[0m [31mERROR[0m codec_extension ThreadId(12) [2mzenoh_codec::common::extension[0m[2m:[0m Unknown Test ext: ZExtUnknown { Id: 2, Mandatory: true, Encoding: "ZBuf", Value: ZBuf { slices: [[46, bb, 69, d5, 39, 98, 38, b9, cf, 69, 6b, 03, 53, dc, b4, 55, be, df, 04, 74, 01, 6c, 05, 04, fd, 6c, 79, 9e, eb, 28, db, 6b, 5f, ae, 66, db, c1, 5e, 0d, f8, 51, e8, 31, cf, 7d, 59, 07, 72, 1b, 3a, f8, d8, 7e, d6, b7, 9d, 97, 3d, 33, dd, 6c, ee]] } }
[2m2026-09-14T10:47:58.896225Z[0m [31mERROR[0m codec_extension ThreadId(12) [2mzenoh_codec::common::extension[0m[2m:[0m Unknown Test ext: ZExtUnknown { Id: 2, Mandatory: true, Encoding: "ZBuf", Value: ZBuf { slices: [[ca, 55, 35, f2, 7e, 84, aa, ef, 81, 5f, d2, 58, ff, a9, de, 5b, e7, 57, 72, f2, ff, f4, 4a, 69, 58, 06]] } }
[2m2026-09-14T10:47:58.896244Z[0m [31mERROR[0m codec_extension ThreadId(12) [2mzenoh_codec::common::extension[0m[2m:[0m Unknown Test ext: ZExtUnknown { Id: 2, Mandatory: true, Encoding: "ZBuf", Value: ZBuf { slices: [[68, 3c, d3, 32, f8, f4, 90, 08, de, 9a, 2b, 2c, 8f, 63, 53, 47, e5, 8d, 2b, 45, 49, 11, c0, e9, 26]] } }
[2m2026-09-14T10:47:58.896255Z[0m [31mERROR[0m codec_extension ThreadId(12) [2mzenoh_codec::common::extension[0m[2m:[0m Unknown Test ext: ZExtUnknown { Id: 2, Mandatory: true, Encoding: "ZBuf", Value: ZBuf { slices: [[8b, b6, e3, 27, 14, 15, 5b, cf, 00, bc, 16, d9, 78, 31]] } }
[2m2026-09-14T10:47:58.896274Z[0m [31mERROR[0m codec_extension ThreadId(12) [2mzenoh_codec::common::extension[0m[2m:[0m Unknown Test ext: ZExtUnknown { Id: 2, Mandatory: true, Encoding: "ZBuf", Value: ZBuf { slices: [[86, 62, 13, bb, e0, 2a, de, 4f, 77, f5, ae, 62, 71, bf, 4b, 9d, 54, bc, 64, bd, 47, bd]] } }
[2m2026-09-14T10:47:58.896293Z[0m [31mERROR[0m codec_extension ThreadId(12) [2mzenoh_codec::common::extension[0m[2m:[0m Unknown Test ext: ZExtUnknown { Id: 2, Mandatory: true, Encoding: "ZBuf", Value: ZBuf { slices: [[fe, af, 95, 17, 6d, 69, 41, b9, b2, fd, a5, c3, 3e, af, 64, e4, b0, d5, a2, 00, ad, c5, e4, 35, ed, 58, 96, 8f, a7, 1e, 66, 75, ca, b9, 6b, 4a, c3, f2, 8b, 86, 69, 02, 60, c3, a0, da, 79, a9, dc, 07, 6a, 1b, ad, aa, 48, ea, a1, 20, 0e, 02]] } }
[2m2026-09-14T10:47:58.896316Z[0m [31mERROR[0m codec_extension ThreadId(12) [2mzenoh_codec::common::extension[0m[2m:[0m Unknown Test ext: ZExtUnknown { Id: 2, Mandatory: true, Encoding: "ZBuf", Value: ZBuf { slices: [[b4, 4c, ac, e1, 63, eb, f1, da, c5, 7f, 21, e2, 08, b6, a8, 00, 0a, ed, a4, 78, 3b, 0e, 42, b7, 0f, e1, 36, 56, 7c, 3a, d6, 4b, 67, 8e, 2e, 81, ce, 12, 03, a7, 76, 2f, 05, 8c, 96, eb, 87, 13, 46, 7f, 24, d9, 57, 69, e4, 7d, b9, 0d]] } }
[2m2026-09-14T10:47:58.896324Z[0m [31mERROR[0m codec_extension ThreadId(12) [2mzenoh_codec::common::extension[0m[2m:[0m Unknown Test ext: ZExtUnknown { Id: 2, Mandatory: true, Encoding: "ZBuf", Value: ZBuf { slices: [[58, 25, be, 2e, b1, f1, 82, ff, aa, 0f, 27, 7e, aa, 73, 11, de, dd, c2, 20, 90, df, d3, aa, 37, 85, 86, 2b, 1c, f0, 3d, f2, f7, ba, 4d, 6f, a8, b7, bc, 78]] } }
[2m2026-09-14T10:47:58.896344Z[0m [31mERROR[0m codec_extension ThreadId(12) [2mzenoh_codec::common::extension[0m[2m:[0m Unknown Test ext: ZExtUnknown { Id: 2, Mandatory: true, Encoding: "ZBuf", Value: ZBuf { slices: [[d5, c9, 80, 02, e6, aa, 5e, ce, 9b, 96, 52, 4b, d0, d7, be, dc, 8b, db, eb, 17, 43, 65, 59, 47, 71, f6, ae, e9, 37, 2b, e0, c8, 05, 62, 23, 8f, fc, 6a, db, eb, 92, 25, ce, f7, c0, 4a, 9b, d9, bc, e0, d5, 0f, dc, 97, 00, 4d, e7]] } }
[2m2026-09-14T10:47:58.896365Z[0m [31mERROR[0m codec_extension ThreadId(12) [2mzenoh_codec::common::extension[0m[2m:[0m Unknown Test ext: ZExtUnknown { Id: 2, Mandatory: true, Encoding: "ZBuf", Value: ZBuf { slices: [[61, 5d, 09, 88, d1, 09, 3a, 37, a1, cf, 9c, 6e, b1, 50, 2f, 18, 9d, 71, 85, 58, 23, 20, 21, 27, 78, af, 80, c7, 51, db, dd, 45, cd, c3, 48, 5f, fd, 03, 75, 54, 7c, 5a, 53, 5c, 98, 7d, 66, af, 12, 34, 0e, 92, 9b, be]] } }
[2m2026-09-14T10:47:58.896372Z[0m [31mERROR[0m codec_extension ThreadId(12) [2mzenoh_codec::common::extension[0m[2m:[0m Unknown Test ext: ZExtUnknown { Id: 2, Mandatory: true, Encoding: "ZBuf", Value: ZBuf { slices: [[c2, d8, 47, 37, e7, 53, f7, 65, cc, f6, ac, ca, e0, 09, 52, b2, ef, 9d, 9c, 6c]] } }
[2m2026-09-14T10:47:58.896391Z[0m [31mERROR[0m codec_extension ThreadId(12) [2mzenoh_codec::common::extension[0m[2m:[0m Unknown Test ext: ZExtUnknown { Id: 2, Mandatory: true, Encoding: "ZBuf", Value: ZBuf { slices: [[d8, 56, b0, 01, 94, dd, ca, b0, e7, 7b, fe, ba, 96, 21, c6, e9, 03, 81, 22, ac, 39, 56, 14, 51, 80, a5, aa, 5a, df, cb, 6d, 47, 7a, 2b, 75, 90, 23, 6b, f1, 19, 8f, 06, b6, 27, 04, a4, b1, 22, e8, 00, 98, 87, eb, c5, bf, 8d, b6, bf, af]] } }
[2m2026-09-14T10:47:58.896412Z[0m [31mERROR[0m codec_extension ThreadId(12) [2mzenoh_codec::common::extension[0m[2m:[0m Unknown Test ext: ZExtUnknown { Id: 2, Mandatory: true, Encoding: "ZBuf", Value: ZBuf { slices: [[59, b9, 24, 57, 69, e2, f0, 49, ba, 6f, 42, 80, a1, eb, 3a, 8a, 54, fe, 43, f4, e1, a8, d6, 3e, be, 39, 59, ba, 17, b0, 41, 30, 5e, 95, 16, 66, 1d, dc, 70, bd, 2c, a7, 42]] } }
[2m2026-09-14T10:47:58.896433Z[0m [31mERROR[0m codec_extension ThreadId(12) [2mzenoh_codec::common::extension[0m[2m:[0m Unknown Test ext: ZExtUnknown { Id: 2, Mandatory: true, Encoding: "ZBuf", Value: ZBuf { slices: [[d6, 35, 6e, 82, 75, 2b, 88, 7e, 9e, a5, ca, 44, 38, 43, 52, 57, 01, 82]] } }
[2m2026-09-14T10:47:58.896441Z[0m [31mERROR[0m codec_extension ThreadId(12) [2mzenoh_codec::common::extension[0m[2m:[0m Unknown Test ext: ZExtUnknown { Id: 2, Mandatory: true, Encoding: "ZBuf", Value: ZBuf { slices: [[40, 91, f5, f4, f1, b1, 9f, 7e, dd, 89]] } }
[2m2026-09-14T10:47:58.896445Z[0m [31mERROR[0m codec_extension ThreadId(12) [2mzenoh_codec::common::extension[0m[2m:[0m Unknown Test ext: ZExtUnknown { Id: 2, Mandatory: true, Encoding: "ZBuf", Value: ZBuf { slices: [[dc, 03, 80, 35, 9a, 14, f0, 12, 91, b5, 01, 2c, da, b8, 07, 82, 47, 23, 9a, 4a]] } }
[2m2026-09-14T10:47:58.896450Z[0m [31mERROR[0m codec_extension ThreadId(12) [2mzenoh_codec::common::extension[0m[2m:[0m Unknown Test ext: ZExtUnknown { Id: 2, Mandatory: true, Encoding: "ZBuf", Value: ZBuf { slices: [[54, c9, 10, 02, 7f, 1a, 03, 18, 06, b6, 70, 3b, 6e, cc, d3, ed, 8b, 59, 60, 03, a7, a0]] } }
[2m2026-09-14T10:47:58.896470Z[0m [31mERROR[0m codec_extension ThreadId(12) [2mzenoh_codec::common::extension[0m[2m:[0m Unknown Test ext: ZExtUnknown { Id: 2, Mandatory: true, Encoding: "ZBuf", Value: ZBuf { slices: [[2d, f8, a9, e8, ed, 97, b1, ac, 1f, fb, fc, c9, c7, a5, e5, 67, a8, cf, 6d, 66, a1, 20, a5, e8, 7b, 13, aa, bd, 40, 62, 09, 09, 54, 95, 75, 88, c4, b3, d5, 13, 58, c7, ee, 16, df, db, 9b, 3d, f7, 58, e3, 48, b0, 60, 72, 6c]] } }
[2m2026-09-14T10:47:58.896492Z[0m [31mERROR[0m codec_extension ThreadId(12) [2mzenoh_codec::common::extension[0m[2m:[0m Unknown Test ext: ZExtUnknown { Id: 2, Mandatory: true, Encoding: "ZBuf", Value: ZBuf { slices: [[a6, bf, 5e, e3, b2, 0e, fb, 81, 29, 02, f8, 4e, 84, 6e, 02, df, 30, 38, 18, 4b, 67, 87, 1d, 5e, 9f, 13, 5a]] } }
[2m2026-09-14T10:47:58.896498Z[0m [31mERROR[0m codec_extension ThreadId(12) [2mzenoh_codec::common::extension[0m[2m:[0m Unknown Test ext: ZExtUnknown { Id: 2, Mandatory: true, Encoding: "ZBuf", Value: ZBuf { slices: [[32, c6, 00, de, 88, d0, a9, fe, 48, 0f, c9, 40, 56, 5b, 20]] } }
[2m2026-09-14T10:47:58.896518Z[0m [31mERROR[0m codec_extension ThreadId(12) [2mzenoh_codec::common::extension[0m[2m:[0m Unknown Test ext: ZExtUnknown { Id: 2, Mandatory: true, Encoding: "ZBuf", Value: ZBuf { slices: [[2d, 69, 1e, a0, 58, a4, b2, a5, aa, a6, 1a, ad, 18, c2, 73, 66, d8, e8, d6, 0c, b5, bf, 28, 70, 43, 09, 74, bf, ff, a5, f6, d2, b2, a5, d9, bd]] } }
[2m2026-09-14T10:47:58.896540Z[0m [31mERROR[0m codec_extension ThreadId(12) [2mzenoh_codec::common::extension[0m[2m:[0m Unknown Test ext: ZExtUnknown { Id: 2, Mandatory: true, Encoding: "ZBuf", Value: ZBuf { slices: [[35, 13, d4, a4, d9, 8d, 65, ef, 7a, 20, a8, 18, fe, 19, f7, 68, 79, 9c, 42, a2, f3, e5, 0b, 7e, da, 8f, a1, 17, db, aa, 16, 02, 5e, a3, bd, ff, b3, 52, 52, 6a, 70, be, 18, d5, 2f, 7d, 49, f8, d7, 0f]] } }
[2m2026-09-14T10:47:58.896549Z[0m [31mERROR[0m codec_extension ThreadId(12) [2mzenoh_codec::common::extension[0m[2m:[0m Unknown Test ext: ZExtUnknown { Id: 2, Mandatory: true, Encoding: "ZBuf", Value: ZBuf { slices: [[d2, e7, 1d, ac, c6, e6, 9f, c1, bf, c6, 8c, 90, 56, cd, 80, bd, fe, 32, 0c, af, d5, 14, 14, f2, 15, 7f, 2f, 5d, 38, d8, a5, c5, 02, 2b, d0, 72, eb, b6, 51, 6e]] } }
[2m2026-09-14T10:47:58.896570Z[0m [31mERROR[0m codec_extension ThreadId(12) [2mzenoh_codec::common::extension[0m[2m:[0m Unknown Test ext: ZExtUnknown { Id: 2, Mandatory: true, Encoding: "ZBuf", Value: ZBuf { slices: [[78, 99, 7b, 94, be, a4, f5, bd, d8, dc, fe, 3e, 25, 5c, 40, 71, 78, 6d, c7, 4a, b2, 19, 16, 54, 0d, d5, 00, 85, 1d, 2f, 18, b1]] } }
[2m2026-09-14T10:47:58.896577Z[0m [31mERROR[0m codec_extension ThreadId(12) [2mzenoh_codec::common::extension[0m[2m:[0m Unknown Test ext: ZExtUnknown { Id: 2, Mandatory: true, Encoding: "ZBuf", Value: ZBuf { slices: [[6f, a3, 0b, 39, fb, 2b, 6c, c6, db, 44, 0f, 98, e2, cf, 4f, 7e, d3, e6, af, fd, 2c, 3f, 7b, ac, d4, ef, 9f, 47, fb, 12, 62, d8, 69, 6e, 62]] } }
[2m2026-09-14T10:47:58.896596Z[0m [31mERROR[0m codec_extension ThreadId(12) [2mzenoh_codec::common::extension[0m[2m:[0m Unknown Test ext: ZExtUnknown { Id: 2, Mandatory: true, Encoding: "ZBuf", Value: ZBuf { slices: [[6b, 17, c4, ac, 22, 6f, 13, 9c, 37, 24, a9, c2, 25, 30, 18, 60, 0d, 9f, a7, 93, e7, d0, 89, a9]] } }
[2m2026-09-14T10:47:58.896601Z[0m [31mERROR[0m codec_extension ThreadId(12) [2mzenoh_codec::common::extension[0m[2m:[0m Unknown Test ext: ZExtUnknown { Id: 2, Mandatory: true, Encoding: "ZBuf", Value: ZBuf { slices: [[f3, 21, 3d, 58, c6, 74, cc, e2, 7e, 4c, 4e, 93, 68, dc, 3e, 9c, cf, 56, 67, 04]] } }
[2m2026-09-14T10:47:58.896623Z[0m [31mERROR[0m codec_extension ThreadId(12) [2mzenoh_codec::common::extension[0m[2m:[0m Unknown Test ext: ZExtUnknown { Id: 2, Mandatory: true, Encoding: "ZBuf", Value: ZBuf { slices: [[56, e5, c6, a6, c6, 58, 78, 36, 41, c1, e7, 46, 88, 4b, 9c, 46, 39, 51, 59, 1f, 3c, 5d, cc, 46, 5f]] } }
[2m2026-09-14T10:47:58.896637Z[0m [31mERROR[0m codec_extension ThreadId(12) [2mzenoh_codec::common::extension[0m[2m:[0m Unknown Test ext: ZExtUnknown { Id: 2, Mandatory: true, Encoding: "ZBuf", Value: ZBuf { slices: [[bb, 7a, 11, 7a, 98, 1c, 13, 15, 55, c6, 38, 1d, 69, b4, 1a, 23, 80, c3, 6f, 97, 26, 1c, ba, cc, e2, 3f, f2]] } }
[2m2026-09-14T10:47:58.896644Z[0m [31mERROR[0m codec_extension ThreadId(12) [2mzenoh_codec::common::extension[0m[2m:[0m Unknown Test ext: ZExtUnknown { Id: 2, Mandatory: true, Encoding: "ZBuf", Value: ZBuf { slices: [[a2, 67, fd, 00, 7f, 00, 96, cc, f9, 43, ab, 17, 41, c2, 30, 3a, da, a3, f4, db]] } }
[2m2026-09-14T10:47:58.896663Z[0m [31mERROR[0m codec_extension ThreadId(12) [2mzenoh_codec::common::extension[0m[2m:[0m Unknown Test ext: ZExtUnknown { Id: 2, Mandatory: true, Encoding: "ZBuf", Value: ZBuf { slices: [[33, 76, 6e, c8, ee, 73, e3, 98, 71, 28, a7, 5e, cb, 61, f0, 19, e1, 68, d4, b6, e7, de, 6e, 7a, dd, f1]] } }
[2m2026-09-14T10:47:58.896686Z[0m [31mERROR[0m codec_extension ThreadId(12) [2mzenoh_codec::common::extension[0m[2m:[0m Unknown Test ext: ZExtUnknown { Id: 2, Mandatory: true, Encoding: "ZBuf", Value: ZBuf { slices: [[ea, dd, cf, cf, 68, 00, f1, 29, 01, bf, 98, bd, f1, db, f1, 44, 11, ab, 8a, 78, 60, 27, 7b, 87, 3b, 98, 04, db, 44, 53, 90, 1e, ba, 5b, 75, 7b, fa, d5, ee, 1a, 1b, b2, 15, 35, a6, 20, df, 5e, 1f, 8f, 6c, 02, cd, 8c, 55, dd, e5, bf, 33, 4a, 39]] } }
[2m2026-09-14T10:47:58.896711Z[0m [31mERROR[0m codec_extension ThreadId(12) [2mzenoh_codec::common::extension[0m[2m:[0m Unknown Test ext: ZExtUnknown { Id: 2, Mandatory: true, Encoding: "ZBuf", Value: ZBuf { slices: [[21, 7b, 60, 68, 2f, c7, 21, 17, 14, 08, dc, 01, d9, 9a, 2c, 75, 4f, 59, 92, 78, 5c, 59, 58, b8, 91, c0, 79, 37, 03, 97, 0d, 06, 95, f4, 32, 0d, 7b, 35, a1, bc, 69, 18, eb, 39, b8, c5, df, 35, b2, b2, 22, 54, a9, ba, be]] } }
[2m2026-09-14T10:47:58.896720Z[0m [31mERROR[0m codec_extension ThreadId(12) [2mzenoh_codec::common::extension[0m[2m:[0m Unknown Test ext: ZExtUnknown { Id: 2, Mandatory: true, Encoding: "ZBuf", Value: ZBuf { slices: [[36, 5a, aa, 65, 03, 1f, 58, 35, a8, 7b, bb, 67, d7, db, d3, 9e, b2, c1, 2c, 99, 4f, 1c, dc, 61, 09, 61, 9d, d5, a7, 89, 19, ac, c3, af, df, da, 78, c6, 9e, a1, 32]] } }
[2m2026-09-14T10:47:58.896742Z[0m [31mERROR[0m codec_extension ThreadId(12) [2mzenoh_codec::common::extension[0m[2m:[0m Unknown Test ext: ZExtUnknown { Id: 2, Mandatory: true, Encoding: "ZBuf", Value: ZBuf { slices: [[70, c9, b6, 36, 58, a8, 28, a4, c2, 8f, fc, f7, 7b, 23, c0]] } }
[2m2026-09-14T10:47:58.896749Z[0m [31mERROR[0m codec_extension ThreadId(12) [2mzenoh_codec::common::extension[0m[2m:[0m Unknown Test ext: ZExtUnknown { Id: 2, Mandatory: true, Encoding: "ZBuf", Value: ZBuf { slices: [[a9, 4b, 89, ac, 7f, 21, 21, e1, 24, 0c, 0d, 09, 9a, 04, 94, 70, e1, 55, 84, 15, 1a, 97, 77, 8b]] } }
[2m2026-09-14T10:47:58.896769Z[0m [31mERROR[0m codec_extension ThreadId(12) [2mzenoh_codec::common::extension[0m[2m:[0m Unknown Test ext: ZExtUnknown { Id: 2, Mandatory: true, Encoding: "ZBuf", Value: ZBuf { slices: [[77, 6b, 10, c6, 56, 41, c2, 3c, 59, f0, 03, fb, e6, 78, 2d, e8, c4, 60, 0d, ab, 60, 0c, 65, 6c, 35, 3d, eb, 03, 0e, 7f, 39, 31, 31, 9e, 51, a7, 2d, 43, c8, fb, 4d, ad, 87, d6, bb, e7, 9b, 97, e6, f7, ab, c8, 59, 04]] } }
[2m2026-09-14T10:47:58.896775Z[0m [31mERROR[0m codec_extension ThreadId(12) [2mzenoh_codec::common::extension[0m[2m:[0m Unknown Test ext: ZExtUnknown { Id: 2, Mandatory: true, Encoding: "ZBuf", Value: ZBuf { slices: [[05, 5b, 71, 48, d8, 1c, 39, 9c, b4, 4e, aa]] } }
[2m2026-09-14T10:47:58.896794Z[0m [31mERROR[0m codec_extension ThreadId(12) [2mzenoh_codec::common::extension[0m[2m:[0m Unknown Test ext: ZExtUnknown { Id: 2, Mandatory: true, Encoding: "ZBuf", Value: ZBuf { slices: [[b3, f2, 25, e7, a8, ca, 52, 2b, e8, 44, c5, 9a, a4, c2, 78]] } }
[2m2026-09-14T10:47:58.896798Z[0m [31mERROR[0m codec_extension ThreadId(12) [2mzenoh_codec::common::extension[0m[2m:[0m Unknown Test ext: ZExtUnknown { Id: 2, Mandatory: true, Encoding: "ZBuf", Value: ZBuf { slices: [[59, 67, 08, 94, c8, f0, 62, f5, b3, e8, dc, 8b, eb, a6, 25, db, f0, a1, e9]] } }
[2m2026-09-14T10:47:58.896820Z[0m [31mERROR[0m codec_extension ThreadId(12) [2mzenoh_codec::common::extension[0m[2m:[0m Unknown Test ext: ZExtUnknown { Id: 2, Mandatory: true, Encoding: "ZBuf", Value: ZBuf { slices: [[8a, 75, bb, 14, 58, 5a, a0, 30, 14, 65, 96, 30, d7, d5, 81, b0, 1b, 0b, c5, c1, 26, e4, 43, f2, 76, ed, 73, c1, 4e, 2a, c3, e4, 69, 22, 68, 71, e0, c3, 91]] } }
[2m2026-09-14T10:47:58.896827Z[0m [31mERROR[0m codec_extension ThreadId(12) [2mzenoh_codec::common::extension[0m[2m:[0m Unknown Test ext: ZExtUnknown { Id: 2, Mandatory: true, Encoding: "ZBuf", Value: ZBuf { slices: [[32, 67, cc, 1b, ba, 3b, 4f, 60, fa, 40, 56, 03, f1, ca, 5a, 57, e5, fa, 30, 3a, 79, 86, d6, a2, 36, ad, 1f, 18, 50]] } }
[2m2026-09-14T10:47:58.896832Z[0m [31mERROR[0m codec_extension ThreadId(12) [2mzenoh_codec::common::extension[0m[2m:[0m Unknown Test ext: ZExtUnknown { Id: 2, Mandatory: true, Encoding: "ZBuf", Value: ZBuf { slices: [[6a, 78, 11, 93, 9b, cd, c9, c1, 55, b2, 48, 53, ce, c7, b2, 85]] } }
[2m2026-09-14T10:47:58.896851Z[0m [31mERROR[0m codec_extension ThreadId(12) [2mzenoh_codec::common::extension[0m[2m:[0m Unknown Test ext: ZExtUnknown { Id: 2, Mandatory: true, Encoding: "ZBuf", Value: ZBuf { slices: [[a5, 6f, 8c, fe, b2, 3b, 6d, 5c, c4, c2, 37, 06, ac, 7b, 18, 38, d7]] } }
[2m2026-09-14T10:47:58.896856Z[0m [31mERROR[0m codec_extension ThreadId(12) [2mzenoh_codec::common::extension[0m[2m:[0m Unknown Test ext: ZExtUnknown { Id: 2, Mandatory: true, Encoding: "ZBuf", Value: ZBuf { slices: [[b7, 8c, 2a, 37, 9f, cb, cf, d6, 94, a7, 9d, 05, 8d, 22, 5a, 51, 21, 46, 75]] } }
[2m2026-09-14T10:47:58.896875Z[0m [31mERROR[0m codec_extension ThreadId(12) [2mzenoh_codec::common::extension[0m[2m:[0m Unknown Test ext: ZExtUnknown { Id: 2, Mandatory: true, Encoding: "ZBuf", Value: ZBuf { slices: [[b7, 67, 1d, 63, 4c, ad, 11, 08, 1e, 30, fa, 6b, ed, 51, f8, 27, 01, 3c, 6a, 25, f9, fc, c7, df, b2, 62, d8, 6a, 53, a1, f7, ff, eb, 5d, 25, 7c, 70, 61, ad, bc, 28, 92, 5d, 20, 8d, 0d, a6, d3, c2, 11, 28, e4, 39, 90, 09, 87, c8, 91, 72, 74]] } }
[2m2026-09-14T10:47:58.896882Z[0m [31mERROR[0m codec_extension ThreadId(12) [2mzenoh_codec::common::extension[0m[2m:[0m Unknown Test ext: ZExtUnknown { Id: 2, Mandatory: true, Encoding: "ZBuf", Value: ZBuf { slices: [[10, 12, dd, 5f, aa, e8, 80, ed, 68, 99, 49, bd, 9e, 5c, 7d, 8b, 7b, b4, 37, fb, 66, 8e, 2f, fb]] } }
[2m2026-09-14T10:47:58.896901Z[0m [31mERROR[0m codec_extension ThreadId(12) [2mzenoh_codec::common::extension[0m[2m:[0m Unknown Test ext: ZExtUnknown { Id: 2, Mandatory: true, Encoding: "ZBuf", Value: ZBuf { slices: [[52, aa, ab, 03, 90, fb, 76, e5, 8c, fb, d4, ec, 49, 7a, f3, 21, a4, 9c, 93, d0, a7, 67, 27, 25, 77, 38, 26, 12, 33, 19, cb, ce, 59, 3b, e1, cd, 02, eb, 3a, 0d, a8, fc, 35, d8, 88, 73, 97, 54, c6, ed, 1a, 40, 0e, e4, 4e]] } }
[2m2026-09-14T10:47:58.896922Z[0m [31mERROR[0m codec_extension ThreadId(12) [2mzenoh_codec::common::extension[0m[2m:[0m Unknown Test ext: ZExtUnknown { Id: 2, Mandatory: true, Encoding: "ZBuf", Value: ZBuf { slices: [[04, 8f, 33, fa, 26, 3e, 7f, 3c, 94, 8f, db, 57, e2, bc, d2, 19, 3d, cd, 0f, be, 6c, b3, bd, d0, c9, ad, 6a, 55, a8, 68, e8, 65, 19, 57, de, bc, e1, 4b, c0, 44, 29, f1, a6, 0a, b9, a7, ec, 32, 5b, a0, 75, 5b, 46, 43, f5, a2]] } }
[2m2026-09-14T10:47:58.896942Z[0m [31mERROR[0m codec_extension ThreadId(12) [2mzenoh_codec::common::extension[0m[2m:[0m Unknown Test ext: ZExtUnknown { Id: 2, Mandatory: true, Encoding: "ZBuf", Value: ZBuf { slices: [[eb, d3, d9, 96, 9f, 1e, 74, c1, 2b, 4c, 56, bf, 3a, 9c, cb, 94, 7b, d3]] } }
[2m2026-09-14T10:47:58.896947Z[0m [31mERROR[0m codec_extension ThreadId(12) [2mzenoh_codec::common::extension[0m[2m:[0m Unknown Test ext: ZExtUnknown { Id: 2, Mandatory: true, Encoding: "ZBuf", Value: ZBuf { slices: [[57, c4, db, 19, fb, fc, 41, 14, 48, 69, dc, 2c, f9, 93, c7, d4, e2, 20, af, 7f, 93, cc, fa, 43, a1, bd, 07, 73, 9f, f2, bf, 89, ac, 7a, 6c, 97, fb, 3d, 10, 72, b7, 75, 00, 82, 8e, 3a, d7]] } }
[2m2026-09-14T10:47:58.896972Z[0m [31mERROR[0m codec_extension ThreadId(12) [2mzenoh_codec::common::extension[0m[2m:[0m Unknown Test ext: ZExtUnknown { Id: 2, Mandatory: true, Encoding: "ZBuf", Value: ZBuf { slices: [[2b, 6e, 32, a3, 54, a8, 71, ba, ba, e2, 14, 31, 77, ff, 1e, d6, 40, 90, 24, 60, d2, ef, b6, c0, da, 8a, ad, 0f, cf, ec, ee, c9, 04, 7f, e7, ab, 54, f2, d2, d4, 8f, ee, 4d, ec, e0, 86, eb, 18, 18, 3e, 4b, b2, 97, 0e, 81, 17, b6, 0d, cc, 90, 21]] } }
[2m2026-09-14T10:47:58.896997Z[0m [31mERROR[0m codec_extension ThreadId(12) [2mzenoh_codec::common::extension[0m[2m:[0m Unknown Test ext: ZExtUnknown { Id: 2, Mandatory: true, Encoding: "ZBuf", Value: ZBuf { slices: [[de, 2a, 4f, 42, 81, cd, 8b, e1, 6b]] } }
[2m2026-09-14T10:47:58.897018Z[0m [31mERROR[0m codec_extension ThreadId(12) [2mzenoh_codec::common::extension[0m[2m:[0m Unknown Test ext: ZExtUnknown { Id: 2, Mandatory: true, Encoding: "ZBuf", Value: ZBuf { slices: [[0c, 2c, 80, 50, 3a, 1d, 6d, 20, d6, 78, 69, 3f, 20, 3a, ea, 8d, f3, c5, 4c, 09, c3, 5d, 0e, 2f, 41, af, 4b, cb, c1, 63, 75, 36, fd, 5b, c6, e1, cb, 42, 14, 86, d9, af, 23, 64, 7d, e6, 51, a6, 83, 62, 75, de, fb, d7, ba, dc, 78, 28, 46, a7, 9b, 12, 1c]] } }
[2m2026-09-14T10:47:58.897026Z[0m [31mERROR[0m codec_extension ThreadId(12) [2mzenoh_codec::common::extension[0m[2m:[0m Unknown Test ext: ZExtUnknown { Id: 2, Mandatory: true, Encoding: "ZBuf", Value: ZBuf { slices: [[95, b1, e8, db, 96, ac, 85, 15, f2, 58, 25, a6]] } }
[2m2026-09-14T10:47:58.897031Z[0m [31mERROR[0m codec_extension ThreadId(12) [2mzenoh_codec::common::extension[0m[2m:[0m Unknown Test ext: ZExtUnknown { Id: 2, Mandatory: true, Encoding: "ZBuf", Value: ZBuf { slices: [[ec, 6d, e2, b5, 37, f1, e6, 00, 8b, 52, a5, e7, 26, d5, 17, a8, 96, d7, 00, 93]] } }
[2m2026-09-14T10:47:58.897035Z[0m [31mERROR[0m codec_extension ThreadId(12) [2mzenoh_codec::common::extension[0m[2m:[0m Unknown Test ext: ZExtUnknown { Id: 2, Mandatory: true, Encoding: "ZBuf", Value: ZBuf { slices: [[9b, 70, bd, d0, 42, 60, 3a, 00]] } }
[2m2026-09-14T10:47:58.897055Z[0m [31mERROR[0m codec_extension ThreadId(12) [2mzenoh_codec::common::extension[0m[2m:[0m Unknown Test ext: ZExtUnknown { Id: 2, Mandatory: true, Encoding: "ZBuf", Value: ZBuf { slices: [[27, 1c, 59, 7c, a7, 46, b4, 7b, a5, 1a, e2]] } }
[2m2026-09-14T10:47:58.897061Z[0m [31mERROR[0m codec_extension ThreadId(12) [2mzenoh_codec::common::extension[0m[2m:[0m Unknown Test ext: ZExtUnknown { Id: 2, Mandatory: true, Encoding: "ZBuf", Value: ZBuf { slices: [[d9, 77, 4b, ad, b3, 93, e0, c4, b2, 5f, 5b, 29, 8e, f7, 6c, c7, 8b, 2a, e7, d3, c8, a4, fa, 66, 09]] } }
[2m2026-09-14T10:47:58.897066Z[0m [31mERROR[0m codec_extension ThreadId(12) [2mzenoh_codec::common::extension[0m[2m:[0m Unknown Test ext: ZExtUnknown { Id: 2, Mandatory: true, Encoding: "ZBuf", Value: ZBuf { slices: [[09, b8, 52, a2, 7a, 68, 22, 13, d4, c1, 46, be, 66, b8, f8, b9, 42, 69, a1, a5, 9e, dc, b7, 8f, 60]] } }
[2m2026-09-14T10:47:58.897085Z[0m [31mERROR[0m codec_extension ThreadId(12) [2mzenoh_codec::common::extension[0m[2m:[0m Unknown Test ext: ZExtUnknown { Id: 2, Mandatory: true, Encoding: "ZBuf", Value: ZBuf { slices: [[9b, fd, 7f, c0, 33, 68, e9, aa, 83, da, fa, b2, 4f, 86, 9c, 82, 55, d2, 54, 71, 60, e5, 7d, 97, 1c, 80, 96, cf, 40, 78, ae, ec, db, 22, f1, ab, bd, 8a, 10, d2, fe, 9c, 2b, a9, 0c, f3, 99, 5b, 6b, 1c, 41, 16, 60, 5d, 33, 37, e8]] } }
[2m2026-09-14T10:47:58.897106Z[0m [31mERROR[0m codec_extension ThreadId(12) [2mzenoh_codec::common::extension[0m[2m:[0m Unknown Test ext: ZExtUnknown { Id: 2, Mandatory: true, Encoding: "ZBuf", Value: ZBuf { slices: [[de, b5, 1a, 93, 03, 13, 26, 55, 08, 37, 25, 93, cd, c9, 4f, 96, 60, ba, 91, 4c, c7, fc, d8, 94, 44, 13, 67, 7f, 80, 8a, 97, 2b, e0, dd, 9d, 9c, d1, a9, 46, 7f]] } }
[2m2026-09-14T10:47:58.897114Z[0m [31mERROR[0m codec_extension ThreadId(12) [2mzenoh_codec::common::extension[0m[2m:[0m Unknown Test ext: ZExtUnknown { Id: 2, Mandatory: true, Encoding: "ZBuf", Value: ZBuf { slices: [[4b, 2e, b6, 45, f1, 76, 94, fd, ef, a9, 37, c7, d8, 88, 8f, 49]] } }
[2m2026-09-14T10:47:58.897135Z[0m [31mERROR[0m codec_extension ThreadId(12) [2mzenoh_codec::common::extension[0m[2m:[0m Unknown Test ext: ZExtUnknown { Id: 2, Mandatory: true, Encoding: "ZBuf", Value: ZBuf { slices: [[29, 72, 5f, 82, 97, 9d, 54, 80, 95, d8, ff, fe, 12, 7f, 1a, 0e, cc, 4e, 9a, 7e, f9, 0c, a2, c6, 2e, 77, 35, bf, 92, 6d, d2, 5b, d7, 7d, d8, a6, 1a, de, 51, cf, 8c, 5c, 54]] } }
[2m2026-09-14T10:47:58.897143Z[0m [31mERROR[0m codec_extension ThreadId(12) [2mzenoh_codec::common::extension[0m[2m:[0m Unknown Test ext: ZExtUnknown { Id: 2, Mandatory: true, Encoding: "ZBuf", Value: ZBuf { slices: [[2a, 52, 7b, fb, b3, 62, 79, 6c, 61, ce, bf, c1, 29, 03, 0f, f1]] } }
[2m2026-09-14T10:47:58.897164Z[0m [31mERROR[0m codec_extension ThreadId(12) [2mzenoh_codec::common::extension[0m[2m:[0m Unknown Test ext: ZExtUnknown { Id: 2, Mandatory: true, Encoding: "ZBuf", Value: ZBuf { slices: [[75, e8, 67, 90, 40, 64, 3a, 1e, 43, df, 23, b0, 17, 64, b5, 46, ca, 74, bd, ee]] } }
[2m2026-09-14T10:47:58.897170Z[0m [31mERROR[0m codec_extension ThreadId(12) [2mzenoh_codec::common::extension[0m[2m:[0m Unknown Test ext: ZExtUnknown { Id: 2, Mandatory: true, Encoding: "ZBuf", Value: ZBuf { slices: [[e7, d3, b3, 36, 41, f2, 22, 93, d3, ee, 5b, a0, 19, e7, 16, 67, ce, 00, 9e, dd, db, ae, e6, b5, a7, d4, f3, 1c, fd, 6d, 4f, ed, 64, d3, 70, fe, c4, 9e, 27]] } }
[2m2026-09-14T10:47:58.897189Z[0m [31mERROR[0m codec_extension ThreadId(12) [2mzenoh_codec::common::extension[0m[2m:[0m Unknown Test ext: ZExtUnknown { Id: 2, Mandatory: true, Encoding: "ZBuf", Value: ZBuf { slices: [[74, 71, f6, 08, ef, 20, 3b, c1, 8d, cb, c5, 9a, 02, e6, 81, 81]] } }
[2m2026-09-14T10:47:58.897208Z[0m [31mERROR[0m codec_extension ThreadId(12) [2mzenoh_codec::common::extension[0m[2m:[0m Unknown Test ext: ZExtUnknown { Id: 2, Mandatory: true, Encoding: "ZBuf", Value: ZBuf { slices: [[83, 57, 41, cb, 57, c3, ed, 21, bf, 24, e7, 32, ea, 77, 1f, 5f, 2f, 2f, 6a, 0f, e0, 16, 5b, 92, a6, 16, 91, 39, 81, 71, c6, 81, 2a, 49, 91, 47, 64, 3e, 48, 38, 09, 34, 10, b2, 1c, ac, b5, be, a9, 9b, 0f, a0, b7, fb, e6, c2, 79, 51]] } }
[2m2026-09-14T10:47:58.897215Z[0m [31mERROR[0m codec_extension ThreadId(12) [2mzenoh_codec::common::extension[0m[2m:[0m Unknown Test ext: ZExtUnknown { Id: 2, Mandatory: true, Encoding: "ZBuf", Value: ZBuf { slices: [[00, 5c, d5, 38, 41, 71, b4, 98, f8]] } }
[2m2026-09-14T10:47:58.897221Z[0m [31mERROR[0m codec_extension ThreadId(12) [2mzenoh_codec::common::extension[0m[2m:[0m Unknown Test ext: ZExtUnknown { Id: 2, Mandatory: true, Encoding: "ZBuf", Value: ZBuf { slices: [[17, 2d, 1b, 89, 31, d0, b5, 3c, ac, d7, 05]] } }
[2m2026-09-14T10:47:58.897241Z[0m [31mERROR[0m codec_extension ThreadId(12) [2mzenoh_codec::common::extension[0m[2m:[0m Unknown Test ext: ZExtUnknown { Id: 2, Mandatory: true, Encoding: "ZBuf", Value: ZBuf { slices: [[7f, fe, d8, f9, 22, aa, 61, 01, 6e, 89, 36, c5, be, 05, 39, 44, b7, 03, 12, 73, d7, 70, 1a, 15, b1, f6, 0f, 96, c3, db, 07, 40, 47, 69, 1d, 4f, 59, 53, 10, a7, 0f, cf, c2, c4, be]] } }
[2m2026-09-14T10:47:58.897248Z[0m [31mERROR[0m codec_extension ThreadId(12) [2mzenoh_codec::common::extension[0m[2m:[0m Unknown Test ext: ZExtUnknown { Id: 2, Mandatory: true, Encoding: "ZBuf", Value: ZBuf { slices: [[62, 5e, 45, f8, 57, 09, a2, b6, 48, 10, 79, 4b, 53, 6a, 87, 6b, 63, f9, e4, 5f, c9, 23, d9, 75, a2, 0c]] } }
[2m2026-09-14T10:47:58.897267Z[0m [31mERROR[0m codec_extension ThreadId(12) [2mzenoh_codec::common::extension[0m[2m:[0m Unknown Test ext: ZExtUnknown { Id: 2, Mandatory: true, Encoding: "ZBuf", Value: ZBuf { slices: [[4f, e7, 2f, 2c, 1c, ed, 2d, 7d, 09, 42, 4c, 25, 73, 31, aa, ae, b1, 9e, 1c]] } }
[2m2026-09-14T10:47:58.897274Z[0m [31mERROR[0m codec_extension ThreadId(12) [2mzenoh_codec::common::extension[0m[2m:[0m Unknown Test ext: ZExtUnknown { Id: 2, Mandatory: true, Encoding: "ZBuf", Value: ZBuf { slices: [[26, 6a, 2d, 15, e8, 6d, c4, 7e, f9, 1e, ad, 78, f9, ef, 9a, 9f, f1, cb, 81, a4]] } }
[2m2026-09-14T10:47:58.897284Z[0m [31mERROR[0m codec_extension ThreadId(12) [2mzenoh_codec::common::extension[0m[2m:[0m Unknown Test ext: ZExtUnknown { Id: 2, Mandatory: true, Encoding: "ZBuf", Value: ZBuf { slices: [[1e, d8, 14, 4d, ba, bb, 04, c5, fa, d9, 5d, 29, d6, d9, c8, 3a, a3, 6d, 58, 52]] } }
[2m2026-09-14T10:47:58.897303Z[0m [31mERROR[0m codec_extension ThreadId(12) [2mzenoh_codec::common::extension[0m[2m:[0m Unknown Test ext: ZExtUnknown { Id: 2, Mandatory: true, Encoding: "ZBuf", Value: ZBuf { slices: [[3b, ab, d6, 1c, f5, ea, 7f, d8, 00, 1e, 44, d1, aa, 55, 21, 39, 4c, e1, 97, 5e]] } }
[2m2026-09-14T10:47:58.897308Z[0m [31mERROR[0m codec_extension ThreadId(12) [2mzenoh_codec::common::extension[0m[2m:[0m Unknown Test ext: ZExtUnknown { Id: 2, Mandatory: true, Encoding: "ZBuf", Value: ZBuf { slices: [[10, 94, aa, 4f, e8, 7b, 3b, 99, 03, b1, e9, fa, 02, fa, e1, a9, f8, 87, 86, f1, 41, c1, 98, b2, 2c, db, c9, e8, 3b, 5d, 84, 3a, af, 72, a4, a2, e9, ae, d1, 4e, 8d]] } }
[2m2026-09-14T10:47:58.897327Z[0m [31mERROR[0m codec_extension ThreadId(12) [2mzenoh_codec::common::extension[0m[2m:[0m Unknown Test ext: ZExtUnknown { Id: 2, Mandatory: true, Encoding: "ZBuf", Value: ZBuf { slices: [[59, 5b, 86, a4, fb, bd, a5, e0, 0b, 9e, 4a, e0, c7, 85, 26, a3]] } }
[2m2026-09-14T10:47:58.897347Z[0m [31mERROR[0m codec_extension ThreadId(12) [2mzenoh_codec::common::extension[0m[2m:[0m Unknown Test ext: ZExtUnknown { Id: 2, Mandatory: true, Encoding: "ZBuf", Value: ZBuf { slices: [[f1, af, f1, 65, 45, 2a, be, d3, f4, 12, c0, c1, b4, 57, 1f, c6, 5b, bf, b6, d1, bc, 5e, f5, 92, 5c, 40, cb, da, e5, eb, 79, b5, b6, e6, 1f, 7f, 2b, f2, eb, 5c, 43, 01, 7f, e1, a5, 84, 70, 2e, 45, 8a, b8, 3c, ae, bf, a1, ca, 69, 0e, 66]] } }
[2m2026-09-14T10:47:58.897355Z[0m [31mERROR[0m codec_extension ThreadId(12) [2mzenoh_codec::common::extension[0m[2m:[0m Unknown Test ext: ZExtUnknown { Id: 2, Mandatory: true, Encoding: "ZBuf", Value: ZBuf { slices: [[0c, 84, 9d, c9, 35, ab, 44, b7, 04, cc, 85, 7c, c1, 60, 5d, c7, 7a, e2, da, b1, 1c, 70, 60, 8c, 59, 70, 7c, d6, 21, 6a, 93, 0d, 56, b1, dd, 95, 34, f3, 27, 4e, 02, c7, 3e]] } }
[2m2026-09-14T10:47:58.897375Z[0m [31mERROR[0m codec_extension ThreadId(12) [2mzenoh_codec::common::extension[0m[2m:[0m Unknown Test ext: ZExtUnknown { Id: 2, Mandatory: true, Encoding: "ZBuf", Value: ZBuf { slices: [[95, 68, 32, 8c, f8, 11, 42, b1, 91]] } }
[2m2026-09-14T10:47:58.897380Z[0m [31mERROR[0m codec_extension ThreadId(12) [2mzenoh_codec::common::extension[0m[2m:[0m Unknown Test ext: ZExtUnknown { Id: 2, Mandatory: true, Encoding: "ZBuf", Value: ZBuf { slices: [[37, 78, d3, 3e, 6c, 5c, 0f, 59, 70, f3, e9, d8, be, 63, 40, 70, 79, d7, 22, 3f, c3, 04, f5, c4, 47, 27, 27, 5c, 44, 33, 99, 52, 7f, 98, 79, 77]] } }
[2m2026-09-14T10:47:58.897400Z[0m [31mERROR[0m codec_extension ThreadId(12) [2mzenoh_codec::common::extension[0m[2m:[0m Unknown Test ext: ZExtUnknown { Id: 2, Mandatory: true, Encoding: "ZBuf", Value: ZBuf { slices: [[76, 5c, 4b, aa, 1c, 5f, e9, 8c, 67, 29, ba, 6e, 97, bb, 1b, 0a, 1a, da, e7, ca, d6, fd, 5c, 29, 7e, e7, 4d]] } }
[2m2026-09-14T10:47:58.897407Z[0m [31mERROR[0m codec_extension ThreadId(12) [2mzenoh_codec::common::extension[0m[2m:[0m Unknown Test ext: ZExtUnknown { Id: 2, Mandatory: true, Encoding: "ZBuf", Value: ZBuf { slices: [[e5, b6, a6, e8, 63, 69, dc, 2d, 90, 42, 12, 4c, a8, 08, 4f, 9a, b0, bc, 33, d5, 9f, b9, 90, 6d, 59, a4, 12, 20, 54, 13, 45, 5a, 9c, d0, aa, e4]] } }
[2m2026-09-14T10:47:58.897426Z[0m [31mERROR[0m codec_extension ThreadId(12) [2mzenoh_codec::common::extension[0m[2m:[0m Unknown Test ext: ZExtUnknown { Id: 2, Mandatory: true, Encoding: "ZBuf", Value: ZBuf { slices: [[04, 4a, c2, 4e, 6c, 78, 21, c9, f3, 19, 25, f7, 14, bd, c7, ca]] } }
[2m2026-09-14T10:47:58.897431Z[0m [31mERROR[0m codec_extension ThreadId(12) [2mzenoh_codec::common::extension[0m[2m:[0m Unknown Test ext: ZExtUnknown { Id: 2, Mandatory: true, Encoding: "ZBuf", Value: ZBuf { slices: [[92, f3, db, 05, ae, 26, 31, da, 0e, 38, 1c, 92, cc, 03, 78, 25, 57, f0, d7, 6a, f9, 2c, 24, 17, 2e, 6d, 64, 56, a3, c2, ea, de, 1c, 95, f4, be, 9f]] } }
[2m2026-09-14T10:47:58.897438Z[0m [31mERROR[0m codec_extension ThreadId(12) [2mzenoh_codec::common::extension[0m[2m:[0m Unknown Test ext: ZExtUnknown { Id: 2, Mandatory: true, Encoding: "ZBuf", Value: ZBuf { slices: [[d7, 13, 97, db, 5a, 32, 4d, dd, da, d4]] } }
[2m2026-09-14T10:47:58.897456Z[0m [31mERROR[0m codec_extension ThreadId(12) [2mzenoh_codec::common::extension[0m[2m:[0m Unknown Test ext: ZExtUnknown { Id: 2, Mandatory: true, Encoding: "ZBuf", Value: ZBuf { slices: [[69, ee, 8c, 82, 6f, a1, 4f, 9d, 05, 9b, 79, 56, d0, 67, 48, 36, 21, e4, 7a, 9e, 2a, d9, 92, c4, e2, 53, 93, ca]] } }
[2m2026-09-14T10:47:58.897464Z[0m [31mERROR[0m codec_extension ThreadId(12) [2mzenoh_codec::common::extension[0m[2m:[0m Unknown Test ext: ZExtUnknown { Id: 2, Mandatory: true, Encoding: "ZBuf", Value: ZBuf { slices: [[b3, 6c, 40, 26, 3e, 62, 54, 77, 3c, e2, fc, fd, fe, ba, 91, 5f, 78, a4, 3c, 02, 9f, c9, e0, 65, bb, 28, 9a, 25, de]] } }
[2m2026-09-14T10:47:58.897485Z[0m [31mERROR[0m codec_extension ThreadId(12) [2mzenoh_codec::common::extension[0m[2m:[0m Unknown Test ext: ZExtUnknown { Id: 2, Mandatory: true, Encoding: "ZBuf", Value: ZBuf { slices: [[6a, 3f, 34, be, b0, 97, b3, 4f, 59, d1, fd, 9f, db, 3f, 53, 5e, ca, 84, bb, 44, 7d, 87, b1, c6, 4c, e0, a6, 2d, 1e, 67, ad, 6d, 0e, 4e, 90, 99, 9e, 96, 5e, 32, 44, 77, 4c, 96, 07, 42, fe, 06, 9e, 01, 9d, e9, 67, 42, 1a]] } }
[2m2026-09-14T10:47:58.897509Z[0m [31mERROR[0m codec_extension ThreadId(12) [2mzenoh_codec::common::extension[0m[2m:[0m Unknown Test ext: ZExtUnknown { Id: 2, Mandatory: true, Encoding: "ZBuf", Value: ZBuf { slices: [[cc, e4, e6, df, a8, e2, 8c, 76, eb, 84, 10, 3c, d7, 02, 06, a9, 23, ca, 21, 2b, df, 31, 53, 30, d4, db]] } }
[2m2026-09-14T10:47:58.897515Z[0m [31mERROR[0m codec_extension ThreadId(12) [2mzenoh_codec::common::extension[0m[2m:[0m Unknown Test ext: ZExtUnknown { Id: 2, Mandatory: true, Encoding: "ZBuf", Value: ZBuf { slices: [[c5, f1, 6a, ea, 1f, b9, 23, 83, 86, 2b]] } }
[2m2026-09-14T10:47:58.897537Z[0m [31mERROR[0m codec_extension ThreadId(12) [2mzenoh_codec::common::extension[0m[2m:[0m Unknown Test ext: ZExtUnknown { Id: 2, Mandatory: true, Encoding: "ZBuf", Value: ZBuf { slices: [[14, 09, 9a, 51, c4, a8, f8, 8c, e0, d3, 16, 81, 03, 65, 20, 43, 07, 17, 5c, 04, 00, 97, 5a, 87, b6, 4f, c8, 60, a4, 4d, 8e, dc, fc, 34, cc, 95, 9d]] } }
[2m2026-09-14T10:47:58.897546Z[0m [31mERROR[0m codec_extension ThreadId(12) [2mzenoh_codec::common::extension[0m[2m:[0m Unknown Test ext: ZExtUnknown { Id: 2, Mandatory: true, Encoding: "ZBuf", Value: ZBuf { slices: [[db, 74, 9c, 45, 1f, b9, 7c, 27, 28, 3f, 91, 5e, e5, 39]] } }
[2m2026-09-14T10:47:58.897555Z[0m [31mERROR[0m codec_extension ThreadId(12) [2mzenoh_codec::common::extension[0m[2m:[0m Unknown Test ext: ZExtUnknown { Id: 2, Mandatory: true, Encoding: "ZBuf", Value: ZBuf { slices: [[af, 95, b8, fa, 92, a9, 55, a4, 0c, cc, f3, 29, 97, 60, 6f, d1, 43, b7, fb, fd, 1a, 6d, ef, ba, 4f, ad, 17]] } }
[2m2026-09-14T10:47:58.897576Z[0m [31mERROR[0m codec_extension ThreadId(12) [2mzenoh_codec::common::extension[0m[2m:[0m Unknown Test ext: ZExtUnknown { Id: 2, Mandatory: true, Encoding: "ZBuf", Value: ZBuf { slices: [[3e, 47, e0, 15, 4a, fc, e5, 13, 5f, a2, 32, d6, 89, f8]] } }
[2m2026-09-14T10:47:58.897583Z[0m [31mERROR[0m codec_extension ThreadId(12) [2mzenoh_codec::common::extension[0m[2m:[0m Unknown Test ext: ZExtUnknown { Id: 2, Mandatory: true, Encoding: "ZBuf", Value: ZBuf { slices: [[dd, ca, 99, 2d, f3, 89, f0, 0c, 5b, 24, 84, 84, cd, 01, fb, 58, 7e, 2e, 24, 26, 21, d5, 83, 83, 37, 59, d9, 57, 73, 99, 30, 7a, a0, 88, bf, 3d, 07, 84, d0, 05, 8d, 27]] } }
[2m2026-09-14T10:47:58.897604Z[0m [31mERROR[0m codec_extension ThreadId(12) [2mzenoh_codec::common::extension[0m[2m:[0m Unknown Test ext: ZExtUnknown { Id: 2, Mandatory: true, Encoding: "ZBuf", Value: ZBuf { slices: [[f8, bf, 10, 2c, 3c, 8c, ed, e5, 52, 3c, 00, 30, 6f, 31, b1, cc, 40, 79, 88, d6, c1, 84, ef, 95, 69, 80, 95, ee, 52, 69, ef, ff, 00, ba, bf, 22, 51, ca, 4c]] } }
[2m2026-09-14T10:47:58.897612Z[0m [31mERROR[0m codec_extension ThreadId(12) [2mzenoh_codec::common::extension[0m[2m:[0m Unknown Test ext: ZExtUnknown { Id: 2, Mandatory: true, Encoding: "ZBuf", Value: ZBuf { slices: [[29, 44, ea, f0, ba, e3, 89, 98, 92, 0d, df, a1, 62, 47, a8, 9a, 20]] } }
[2m2026-09-14T10:47:58.897639Z[0m [31mERROR[0m codec_extension ThreadId(12) [2mzenoh_codec::common::extension[0m[2m:[0m Unknown Test ext: ZExtUnknown { Id: 2, Mandatory: true, Encoding: "ZBuf", Value: ZBuf { slices: [[bf, bd, 40, f8, 90, e2, 2a, 6a, a2, 01, fc, 3c, 2c, 6a, 98, 3a, 3a, 4a, 4c, 89, e2, 46, 8a, bb, c6, c7, 9d, 12, 7b, 2f, 66, 2c, 38, 1d, 2e, ba, 89, c5, 51, e9, de, 24, 7a, 51, b5, 42, d9, 82, 14, 44, 4c, 18, 97]] } }
[2m2026-09-14T10:47:58.897647Z[0m [31mERROR[0m codec_extension ThreadId(12) [2mzenoh_codec::common::extension[0m[2m:[0m Unknown Test ext: ZExtUnknown { Id: 2, Mandatory: true, Encoding: "ZBuf", Value: ZBuf { slices: [[c0, ad, f0, 9f, 30, 1b, ec, 94, ba, f7, 88]] } }
[2m2026-09-14T10:47:58.897668Z[0m [31mERROR[0m codec_extension ThreadId(12) [2mzenoh_codec::common::extension[0m[2m:[0m Unknown Test ext: ZExtUnknown { Id: 2, Mandatory: true, Encoding: "ZBuf", Value: ZBuf { slices: [[f8, 9a, b2, 0f, 07, 8f, b9, 85, 14, e8, 48, 68, 90, e7, 4f, d5, 00, 84, 87, 88, c8, 7c, cf, c6, 7e, b5, ab, 99, 85, a1, 57, fe, 9b, 6f, 63, 6f, f2, fe, 51, 5a, ff, 4c, cd, 2c, e1, 6b, a9, 74, 15, 4f, e6, 31, ef, 19, 4f, 5b, 69, 0a, db, 57]] } }
[2m2026-09-14T10:47:58.897692Z[0m [31mERROR[0m codec_extension ThreadId(12) [2mzenoh_codec::common::extension[0m[2m:[0m Unknown Test ext: ZExtUnknown { Id: 2, Mandatory: true, Encoding: "ZBuf", Value: ZBuf { slices: [[32, a9, 36, a8, 8e, b3, e2, 82, 94, 02, 0f, b3, 85, e1]] } }
[2m2026-09-14T10:47:58.897697Z[0m [31mERROR[0m codec_extension ThreadId(12) [2mzenoh_codec::common::extension[0m[2m:[0m Unknown Test ext: ZExtUnknown { Id: 2, Mandatory: true, Encoding: "ZBuf", Value: ZBuf { slices: [[57, 28, 8d, e8, b2, dc, 6d, bb, 53, 61, 98, 81, 65, 46, eb]] } }
[2m2026-09-14T10:47:58.897717Z[0m [31mERROR[0m codec_extension ThreadId(12) [2mzenoh_codec::common::extension[0m[2m:[0m Unknown Test ext: ZExtUnknown { Id: 2, Mandatory: true, Encoding: "ZBuf", Value: ZBuf { slices: [[f8, a5, aa, 63, 41, ad, 13, 41, 39, f1, 01, bd, 72, e8, 7e, b7, fc, e3, 8e, 3a, 88, e6, a8, e9, 0a, dd, 34, ca, 29, c7, a1, ce, 88, b7, 77, 9a]] } }
[2m2026-09-14T10:47:58.897725Z[0m [31mERROR[0m codec_extension ThreadId(12) [2mzenoh_codec::common::extension[0m[2m:[0m Unknown Test ext: ZExtUnknown { Id: 2, Mandatory: true, Encoding: "ZBuf", Value: ZBuf { slices: [[24, e9, 53, 6b, 94, 9b, d4, 7a, de, 00, 27, 66, 80, 84, 5d, 1d, 11, a5, 35, 99, e2, 86, 90, 71, c6, f3, 79, 91, ff, 8f, 93, 83, a2, fd, 8f, 86, d3, 3b, 68, d5, a0, fe, 23, 58, 15, af, 93, d7, 5d, 5f, 6d, 8d, 10]] } }
[2m2026-09-14T10:47:58.897746Z[0m [31mERROR[0m codec_extension ThreadId(12) [2mzenoh_codec::common::extension[0m[2m:[0m Unknown Test ext: ZExtUnknown { Id: 2, Mandatory: true, Encoding: "ZBuf", Value: ZBuf { slices: [[e5, a4, 17, c1, 8f, 1a, d1, 0b, db]] } }
[2m2026-09-14T10:47:58.897752Z[0m [31mERROR[0m codec_extension ThreadId(12) [2mzenoh_codec::common::extension[0m[2m:[0m Unknown Test ext: ZExtUnknown { Id: 2, Mandatory: true, Encoding: "ZBuf", Value: ZBuf { slices: [[db, 34, 6b, c2, 4b, 0e, e7, 19, a4, dd, 1e, 56, a4, ec, 6d, 7d, a4, 01, ff, 50, 62, 6f, a3, 13, a3, 28, 7a, 8c, ad, 9a, 95, 80, 7b, 2b, ff, 54, 79, c7, f4, 9d, 8d, e8, 25, c5, f2, 6a, 78, bd, 1a, 53, df, 7b]] } }
[2m2026-09-14T10:47:58.897772Z[0m [31mERROR[0m codec_extension ThreadId(12) [2mzenoh_codec::common::extension[0m[2m:[0m Unknown Test ext: ZExtUnknown { Id: 2, Mandatory: true, Encoding: "ZBuf", Value: ZBuf { slices: [[08, 62, 69, 3e, b4, ad, 8e, a7, a6, 8d, a4, 0e, 45, 90, 58, 6f, bd, 04, e2, cd, 9d, d7, 38, 7f, f7, 7f, e9, 86, 6f, a6, 91, fa, a9, b7, 7b, a8, ea, 11, c7, 80, 31]] } }
[2m2026-09-14T10:47:58.897793Z[0m [31mERROR[0m codec_extension ThreadId(12) [2mzenoh_codec::common::extension[0m[2m:[0m Unknown Test ext: ZExtUnknown { Id: 2, Mandatory: true, Encoding: "ZBuf", Value: ZBuf { slices: [[40, 4b, 49, 61, 5f, 29, f4, 75, 48, dc, 76, e4, dd, 08, 03, b5, f1, b9, 35, 31, 0f, 68, 28, ea, 19, 18, 9d, e6, 1c, 09, 44, 28, 70, 42, 65, ce, bf, 4f, 03]] } }
[2m2026-09-14T10:47:58.897801Z[0m [31mERROR[0m codec_extension ThreadId(12) [2mzenoh_codec::common::extension[0m[2m:[0m Unknown Test ext: ZExtUnknown { Id: 2, Mandatory: true, Encoding: "ZBuf", Value: ZBuf { slices: [[71, 50, 3c, 48, d4, da, 3c, 28, c4, f2, b1]] } }
[2m2026-09-14T10:47:58.897805Z[0m [31mERROR[0m codec_extension ThreadId(12) [2mzenoh_codec::common::extension[0m[2m:[0m Unknown Test ext: ZExtUnknown { Id: 2, Mandatory: true, Encoding: "ZBuf", Value: ZBuf { slices: [[fc, 68, 89, 3b, c2, 2d, 68, c8, a3, a8, a6, 0e, 64, 4a]] } }
[2m2026-09-14T10:47:58.897825Z[0m [31mERROR[0m codec_extension ThreadId(12) [2mzenoh_codec::common::extension[0m[2m:[0m Unknown Test ext: ZExtUnknown { Id: 2, Mandatory: true, Encoding: "ZBuf", Value: ZBuf { slices: [[70, 63, 92, 45, b1, b2, 2a, 7e, cb, 09, 4c, ad, be, df, d0, 80, ef, c2, 99, a2, c2, 5a, 64, 0e, 79]] } }
[2m2026-09-14T10:47:58.897831Z[0m [31mERROR[0m codec_extension ThreadId(12) [2mzenoh_codec::common::extension[0m[2m:[0m Unknown Test ext: ZExtUnknown { Id: 2, Mandatory: true, Encoding: "ZBuf", Value: ZBuf { slices: [[fe, d5, c1, f9, 0f, c8, 58, a4, b5, d2, 9a, ff, d3, 74, 74, 13, c2, 85, a4, db, ce, e0, 18, 76, 95, b8]] } }
[2m2026-09-14T10:47:58.897854Z[0m [31mERROR[0m codec_extension ThreadId(12) [2mzenoh_codec::common::extension[0m[2m:[0m Unknown Test ext: ZExtUnknown { Id: 2, Mandatory: true, Encoding: "ZBuf", Value: ZBuf { slices: [[cf, 8f, 2c, 8e, a4, a2, cc, c1, b8, 68, 99, ef, 58, 2f, ce, cf, 42, 31, 24, 44, 4a, 5c, 46, f7, 24, 64, 3f, b9, 00, 1b, f7, ab, 8b, 00, 4c, 29, 45, 68]] } }
[2m2026-09-14T10:47:58.897876Z[0m [31mERROR[0m codec_extension ThreadId(12) [2mzenoh_codec::common::extension[0m[2m:[0m Unknown Test ext: ZExtUnknown { Id: 2, Mandatory: true, Encoding: "ZBuf", Value: ZBuf { slices: [[02, ab, 0d, c8, 16, 06, 0e, 23, e5, c5, 1c, 85, b0, 4e, 7a, a5, 85, 68, 0f, e4, 81, 11, d2, df, 2d, 69, 50, 8b, 22, 6c, 7e, 55, c7, 13, 59, 0c, d1, 40, d8, 2b, 1a, e1, b9, 3c, 3b, 4d, 3a, 6c, e3, 1a, 8c, fb, 5c, 47, 69, 0f, 11, 01, 4e, 1d, 7a]] } }
[2m2026-09-14T10:47:58.897884Z[0m [31mERROR[0m codec_extension ThreadId(12) [2mzenoh_codec::common::extension[0m[2m:[0m Unknown Test ext: ZExtUnknown { Id: 2, Mandatory: true, Encoding: "ZBuf", Value: ZBuf { slices: [[72, 6c, 46, 4e, 25, bd, 53, eb, a2, 54, 42, 14]] } }
[2m2026-09-14T10:47:58.897902Z[0m [31mERROR[0m codec_extension ThreadId(12) [2mzenoh_codec::common::extension[0m[2m:[0m Unknown Test ext: ZExtUnknown { Id: 2, Mandatory: true, Encoding: "ZBuf", Value: ZBuf { slices: [[f6, 4e, 0a, c6, a7, 6e, e2, e0, 32, aa, dd, 20, 1c, 20, 2a, e1, 53, 66, 54, 7d, 98, 50, 3e, 3f, ee, 72, d1, 95, f5, 2e, f3, 45, 4f, bb, 42, 58, 85, 50, 46, 40, 3f, cd, 18, a4, 97, 2d, 7a, 9c, f5, c6, 1f, 9a]] } }
[2m2026-09-14T10:47:58.897922Z[0m [31mERROR[0m codec_extension ThreadId(12) [2mzenoh_codec::common::extension[0m[2m:[0m Unknown Test ext: ZExtUnknown { Id: 2, Mandatory: true, Encoding: "ZBuf", Value: ZBuf { slices: [[e3, 21, ea, 7c, 84, 50, 74, 02, f3, 40, 12, 98, 0d, 15, c2, 07, 59, de, ad, 30, 7d, e8, b9, bd, 4f, 7a, e0, 60, 08, 99, 19, c7]] } }
[2m2026-09-14T10:47:58.897945Z[0m [31mERROR[0m codec_extension ThreadId(12) [2mzenoh_codec::common::extension[0m[2m:[0m Unknown Test ext: ZExtUnknown { Id: 2, Mandatory: true, Encoding: "ZBuf", Value: ZBuf { slices: [[b3, 2e, d8, a0, 5d, 4c, 70, 3d, fb, 5c, 14, 75, 97, 40, a0, 8d, fe, 10, 71, be, 00, d1, ff, 23, 7b, 75, 64, e4, 56, 70, 04, 47, 8b, f1, 40, 02, a6, ae, 07, 47, 2f, 03, 48, dc, 03, 99, 4a, 58, 8a, 32, b8, 29, c7, 33, a4, 7c, 02, c0, 71, 93]] } }
[2m2026-09-14T10:47:58.897955Z[0m [31mERROR[0m codec_extension ThreadId(12) [2mzenoh_codec::common::extension[0m[2m:[0m Unknown Test ext: ZExtUnknown { Id: 2, Mandatory: true, Encoding: "ZBuf", Value: ZBuf { slices: [[fd, db, 77, dc, ce, 5d, 0d, b1, d2, db, eb, 21, 36, 5e, bd, a7, 71, d5, c6, 1c, 3c, a5, e6, eb, 8a, db, 66, 57, e7, b3, b4, 03, b5, f6, 6d, b5, dd, ba, 7f, ca, 99, 59, 9a, 05, dc, e0, 94, 9c, a4, e4, 75, 63, 05, d4, e7, 40, 64, 62, af]] } }
[2m2026-09-14T10:47:58.897975Z[0m [31mERROR[0m codec_extension ThreadId(12) [2mzenoh_codec::common::extension[0m[2m:[0m Unknown Test ext: ZExtUnknown { Id: 2, Mandatory: true, Encoding: "ZBuf", Value: ZBuf { slices: [[f8, 4f, ae, 12, e4, d8, e0, 5f, f4, 50, 92, f6, 5c, 6b, 18, 70, f3, b9, 31, 15, ac]] } }
[2m2026-09-14T10:47:58.897980Z[0m [31mERROR[0m codec_extension ThreadId(12) [2mzenoh_codec::common::extension[0m[2m:[0m Unknown Test ext: ZExtUnknown { Id: 2, Mandatory: true, Encoding: "ZBuf", Value: ZBuf { slices: [[1b, 79, 37, 0d, 9d, d6, 28, 23, 8d, 3c, 2e, 2d, 06, f7, 03, 16, 41, 33, b0, ce, fd]] } }
[2m2026-09-14T10:47:58.897999Z[0m [31mERROR[0m codec_extension ThreadId(12) [2mzenoh_codec::common::extension[0m[2m:[0m Unknown Test ext: ZExtUnknown { Id: 2, Mandatory: true, Encoding: "ZBuf", Value: ZBuf { slices: [[cd, a6, 91, 23, 9f, 67, ed, 26, 8e, 51, 9f, 31, d7, 43, 25, 43, 3b, 0b, 1a, 30, 54, 45, ed, 33, 1d, 62, d4, 7a, 2e, 08, 0c, 7a, d6, 1a, c8, ed, 0f, 06, e2, 75, a6, aa, 2e, 6b, d9, 2c, 07, 3d, 64, 58]] } }
[2m2026-09-14T10:47:58.898020Z[0m [31mERROR[0m codec_extension ThreadId(12) [2mzenoh_codec::common::extension[0m[2m:[0m Unknown Test ext: ZExtUnknown { Id: 2, Mandatory: true, Encoding: "ZBuf", Value: ZBuf { slices: [[50, e5, b4, e5, 5f, 5c, 00, 1b, 59, e1, 62, 21, f6, f4, 3e, 86, 2a, 5b, 3f, ba, 5a, bc, 8c, 7a, 67, df, 49, b5, 97]] } }
[2m2026-09-14T10:47:58.898025Z[0m [31mERROR[0m codec_extension ThreadId(12) [2mzenoh_codec::common::extension[0m[2m:[0m Unknown Test ext: ZExtUnknown { Id: 2, Mandatory: true, Encoding: "ZBuf", Value: ZBuf { slices: [[c9, 1c, 45, c0, 59, 41, f0, 73, 96, 82, 89, fb, 8c, c0, 33, ab, 9b, 06, bf, 6e, b7, e7, d8, df]] } }
[2m2026-09-14T10:47:58.898046Z[0m [31mERROR[0m codec_extension ThreadId(12) [2mzenoh_codec::common::extension[0m[2m:[0m Unknown Test ext: ZExtUnknown { Id: 2, Mandatory: true, Encoding: "ZBuf", Value: ZBuf { slices: [[7a, 41, 12, 37, 97, 2a, f3, 18, 2d, 8e, 8a, 35, e2, 86, dd, 4e, 33, c3, af, a3, 14, a0, c1, 07, f9, 82, 66, 4f, 0c, dc, 58, ea, f8, 8c, 6b, fe, 09, 4c, 18, e0, 21, 43, 71, 9b, 67, 15, 40, 71, ba, 5b, 4d, f5, 76, bb, dd, 58, 55]] } }
[2m2026-09-14T10:47:58.898056Z[0m [31mERROR[0m codec_extension ThreadId(12) [2mzenoh_codec::common::extension[0m[2m:[0m Unknown Test ext: ZExtUnknown { Id: 2, Mandatory: true, Encoding: "ZBuf", Value: ZBuf { slices: [[c8, 14, f9, 9a, 3e, 63, a2, 2a, 2f, 72, 80, 3f, 51, 09, 85, 6d, 9e, b0, e6, 4c, 19, ef, 6d, 74, 4b, 43, b9, 24, 69, f9, a4, 2d]] } }
[2m2026-09-14T10:47:58.898091Z[0m [31mERROR[0m codec_extension ThreadId(12) [2mzenoh_codec::common::extension[0m[2m:[0m Unknown Test ext: ZExtUnknown { Id: 2, Mandatory: true, Encoding: "ZBuf", Value: ZBuf { slices: [[3a, ab, cc, 6c, 3e, 62, 62, 30, 2e, 98, da, 3b, d8, b9, 8a, d4, 2a, b1, 0f, cb, 27, 3e, d5, 03, a2, cd, 21, 95, a9, 2c, 12, 5f, f0, a8, fc, 56, bc, 12, 87, 4a, c9, fe, 05, 0c, 0c, 82, 7a, 08, e9, fe, 33, 4c, 41, ee, 7d, a1, 6d, 55, 8c, 85, e4, ca, 62, 5c]] } }
[2m2026-09-14T10:47:58.898099Z[0m [31mERROR[0m codec_extension ThreadId(12) [2mzenoh_codec::common::extension[0m[2m:[0m Unknown Test ext: ZExtUnknown { Id: 2, Mandatory: true, Encoding: "ZBuf", Value: ZBuf { slices: [[30, af, 57, 09, c2, ec, 55, b4, d0, 67, e1, 8f, 26, 31, 11, 72, 88, 25, 2c, e5, 42, 73, 73, 52, 42, 57, 20, 96, b0, 24, 87, 9c, e5, f0, 3a, e7, 97, b9, 65, 66, e0, a2, b8, 5c, 87]] } }
[2m2026-09-14T10:47:58.898120Z[0m [31mERROR[0m codec_extension ThreadId(12) [2mzenoh_codec::common::extension[0m[2m:[0m Unknown Test ext: ZExtUnknown { Id: 2, Mandatory: true, Encoding: "ZBuf", Value: ZBuf { slices: [[33, f5, 96, 55, 51, 68, e4, 98, 3e, 19, 83, 11, 8a, 35, e0, d9, ad, 52, e0, 66, 44, 09, 66, 19, 3c, b2, 33, 51, 8c, 3a, 3c, 07, d4]] } }
[2m2026-09-14T10:47:58.898142Z[0m [31mERROR[0m codec_extension ThreadId(12) [2mzenoh_codec::common::extension[0m[2m:[0m Unknown Test ext: ZExtUnknown { Id: 2, Mandatory: true, Encoding: "ZBuf", Value: ZBuf { slices: [[0a, d4, f3, 4a, da, 39, b2, 4a, 1a, 8b, ca, cb, 6b, e3, 5b, 9e, 83, fe, ec, 8e, 6e, 7b, e0, a7, 5d, 27, 44, 65, 55, 8a, 73, 56, 24, 36, 2a, 56, db, 06, 7f, ab, 21, 7b, 31, 1d, 83, d0, 74]] } }
[2m2026-09-14T10:47:58.898149Z[0m [31mERROR[0m codec_extension ThreadId(12) [2mzenoh_codec::common::extension[0m[2m:[0m Unknown Test ext: ZExtUnknown { Id: 2, Mandatory: true, Encoding: "ZBuf", Value: ZBuf { slices: [[17, 0a, eb, 3a, 64, 41, 49, 10, bc, da, 3c, 79, 1a, 13, bd, d9, 21, db, ad, a6, b7, 36, 95, 74, 3e, dd, ca, 28, 24, 81, 40, f2, ed, 86, 46, 98, 1b, c6, 70, 5d, a5, 65, f4, 5f, 9c, cf, 1d, 3f, 48, 76, 93]] } }
[2m2026-09-14T10:47:58.898173Z[0m [31mERROR[0m codec_extension ThreadId(12) [2mzenoh_codec::common::extension[0m[2m:[0m Unknown Test ext: ZExtUnknown { Id: 2, Mandatory: true, Encoding: "ZBuf", Value: ZBuf { slices: [[61, 0c, d7, 5b, e6, 90, a4, 77, 10, a4, 12, 9c, 53, d4, 6f, 4c, 22, 05, 16, c9, 71, 7f, 26, 24, 35, a3, 15]] } }
[2m2026-09-14T10:47:58.898195Z[0m [31mERROR[0m codec_extension ThreadId(12) [2mzenoh_codec::common::extension[0m[2m:[0m Unknown Test ext: ZExtUnknown { Id: 2, Mandatory: true, Encoding: "ZBuf", Value: ZBuf { slices: [[3a, 15, 39, c8, c0, bf, 19, a5, a3, 22, d9, 4d, 25, d1, a0, 44, c9, cb, 0d, 72, 44, b1, f8, fb, 09, 95, db, 46, f9, 05, 96, f8, 1e, 6e, 0a, 80, e9, b1, bc, 4a, 64, b0, e0, 5a, 3f, 4b, de, f9, fd, 97, a9, 7b, 6f, 0d, 77, c0, 7e, 90, 13, cc, b3, f0, fe]] } }
[2m2026-09-14T10:47:58.898203Z[0m [31mERROR[0m codec_extension ThreadId(12) [2mzenoh_codec::common::extension[0m[2m:[0m Unknown Test ext: ZExtUnknown { Id: 2, Mandatory: true, Encoding: "ZBuf", Value: ZBuf { slices: [[ee, f0, cc, 83, 33, f7, 28, d1, 1f, 20, ff, ef, 74, 49, 3c, ba, eb, 34, c3, 86, 19, fc, 2f, 3f, e6]] } }
[2m2026-09-14T10:47:58.898225Z[0m [31mERROR[0m codec_extension ThreadId(12) [2mzenoh_codec::common::extension[0m[2m:[0m Unknown Test ext: ZExtUnknown { Id: 2, Mandatory: true, Encoding: "ZBuf", Value: ZBuf { slices: [[1d, 3c, 1f, 3d, 7a, 23, fa, 0d, f4, 2e, 04, a6, 81, 3f, 85, 78, fd, 4c, fd, ac, 2f, bd, bd, a5, 95, 3f, 94, cf, 0d, e8, 5f, 51, 22, 85, 83, 3e, 52, 01, 95, 48, ec, 0a, 3a, 7b, 8c, 72, 18, dc, 16, f4, f9, db]] } }
[2m2026-09-14T10:47:58.898247Z[0m [31mERROR[0m codec_extension ThreadId(12) [2mzenoh_codec::common::extension[0m[2m:[0m Unknown Test ext: ZExtUnknown { Id: 2, Mandatory: true, Encoding: "ZBuf", Value: ZBuf { slices: [[d4, 45, a6, 7d, bc, 49, ac, f7, 01, 32, 7f, d7, cb, 1a, c4, 15, 42, 4a, 79, 27, a6, 98, 82, 8a]] } }
[2m2026-09-14T10:47:58.898253Z[0m [31mERROR[0m codec_extension ThreadId(12) [2mzenoh_codec::common::extension[0m[2m:[0m Unknown Test ext: ZExtUnknown { Id: 2, Mandatory: true, Encoding: "ZBuf", Value: ZBuf { slices: [[04, 2b, 39, 10, 27, 9f, a4, 93, 67, bf, 76, 1f, ab, b0, 21, 0f]] } }
[2m2026-09-14T10:47:58.898273Z[0m [31mERROR[0m codec_extension ThreadId(12) [2mzenoh_codec::common::extension[0m[2m:[0m Unknown Test ext: ZExtUnknown { Id: 2, Mandatory: true, Encoding: "ZBuf", Value: ZBuf { slices: [[8b, d5, 9e, b6, 2e, 6b, e5, 8a, df, 8a, 1d, 2d, bb, 9c, 35, ff, 41, 35, 0c, 1c, 95, 01, b1, 05, e1, a3, ca, 83, 61, a9, f5, c1, c8, 61, 0d, 93, 29, 13, 98, 63]] } }
[2m2026-09-14T10:47:58.898295Z[0m [31mERROR[0m codec_extension ThreadId(12) [2mzenoh_codec::common::extension[0m[2m:[0m Unknown Test ext: ZExtUnknown { Id: 2, Mandatory: true, Encoding: "ZBuf", Value: ZBuf { slices: [[96, 2c, 3d, 90, b4, f2, b0, 63, df, 30, 30, 93, b5, 12, 04, dd, bd, dc, cc, 18, ac, cc, 49, 58, 1b, 7b, f9, 91, f3, 7d, 4c, 46, 7c, 46, 53, ab, 8f, 8c, 26, f4, 5e, 30, 6e, c0, 2b, 2d, fa, 4c, 81, 8e, a5, 21, 98, 4f, af]] } }
[2m2026-09-14T10:47:58.898305Z[0m [31mERROR[0m codec_extension ThreadId(12) [2mzenoh_codec::common::extension[0m[2m:[0m Unknown Test ext: ZExtUnknown { Id: 2, Mandatory: true, Encoding: "ZBuf", Value: ZBuf { slices: [[f4, 8d, 9d, 93, b4, 6e, 6d, 5f, 8d, 3a, ff, 76]] } }
[2m2026-09-14T10:47:58.898310Z[0m [31mERROR[0m codec_extension ThreadId(12) [2mzenoh_codec::common::extension[0m[2m:[0m Unknown Test ext: ZExtUnknown { Id: 2, Mandatory: true, Encoding: "ZBuf", Value: ZBuf { slices: [[6f, fd, f0, 50, 79, 95, 7f, 97, 57, e6]] } }
[2m2026-09-14T10:47:58.898330Z[0m [31mERROR[0m codec_extension ThreadId(12) [2mzenoh_codec::common::extension[0m[2m:[0m Unknown Test ext: ZExtUnknown { Id: 2, Mandatory: true, Encoding: "ZBuf", Value: ZBuf { slices: [[aa, ba, 5a, 28, 17, c1, 15, 32, 8a, bd, c8, c7, d6, 22, c3, 5a, 34, 2d, af, 43, 92, f9, 7c, 41, 91, 25, 55, 9e, e3, 36, e7, 1f, 4b, ff, f6, 6a, ba, 24, aa, 8c, 22, 73, bb, 75, f2, b5, 58, dd, 2c, 72, 86, 37, 42, 4d, 6c, 37, 83, e8, a5, e9, ea, b0, ff, 99]] } }
[2m2026-09-14T10:47:58.898352Z[0m [31mERROR[0m codec_extension ThreadId(12) [2mzenoh_codec::common::extension[0m[2m:[0m Unknown Test ext: ZExtUnknown { Id: 2, Mandatory: true, Encoding: "ZBuf", Value: ZBuf { slices: [[86, 54, 73, 8c, 9d, 23, 03, ee, e4, f2, ae, d3, ba, d4, 38, 23, fb, c8, f9, c0, 4d, 2a, be, 40, 50, 0d, 95, 9a, fb, 41, e9, 07, aa, 83, cf, 96, 5d, 40, ce, d9, 3c, 43, 8b, e0, e9]] } }
[2m2026-09-14T10:47:58.898363Z[0m [31mERROR[0m codec_extension ThreadId(12) [2mzenoh_codec::common::extension[0m[2m:[0m Unknown Test ext: ZExtUnknown { Id: 2, Mandatory: true, Encoding: "ZBuf", Value: ZBuf { slices: [[54, aa, 4c, 70, 9b, 96, 57, 1f, 07, e4, a0, 44, 3e, 7b]] } }
[2m2026-09-14T10:47:58.898382Z[0m [31mERROR[0m codec_extension ThreadId(12) [2mzenoh_codec::common::extension[0m[2m:[0m Unknown Test ext: ZExtUnknown { Id: 2, Mandatory: true, Encoding: "ZBuf", Value: ZBuf { slices: [[70, a7, d5, f7, 7e, 82, c8, d8, 09, a8, 9a, eb, 80, 6e, 3d, 73, b9, e9, 44, 35, e0, dd, 7d, 11, da, 73, 93, c6, c1, 58, 24, 95, 4a, a4, 22, 5e, 04, 76, b8, c9, ae, 75, ba, 02, 66, 8d, d3, 82, 65, 56, 09, 80, 6d]] } }
[2m2026-09-14T10:47:58.898404Z[0m [31mERROR[0m codec_extension ThreadId(12) [2mzenoh_codec::common::extension[0m[2m:[0m Unknown Test ext: ZExtUnknown { Id: 2, Mandatory: true, Encoding: "ZBuf", Value: ZBuf { slices: [[88, 24, d8, 59, b9, 67, 00, a9, 1f, 4a, 8e, a5, 73, fa, 71, d8, 0f, c4, fe, 85, b1, ad, 21, 17, 24, 51, 5b, ba, e4, 7c, b8, 8e, cf, c7, ba, c2, 5a, 8f, d4]] } }
[2m2026-09-14T10:47:58.898413Z[0m [31mERROR[0m codec_extension ThreadId(12) [2mzenoh_codec::common::extension[0m[2m:[0m Unknown Test ext: ZExtUnknown { Id: 2, Mandatory: true, Encoding: "ZBuf", Value: ZBuf { slices: [[77, 86, 43, c3, 8f, 99, e3, 19, 5d, 48, 6d, 27, 9e, ba, 0b, d7, 53, 91, 04, 38, 40, c1, 28, 33, 86, b5, 9e, 61, 04]] } }
[2m2026-09-14T10:47:58.898434Z[0m [31mERROR[0m codec_extension ThreadId(12) [2mzenoh_codec::common::extension[0m[2m:[0m Unknown Test ext: ZExtUnknown { Id: 2, Mandatory: true, Encoding: "ZBuf", Value: ZBuf { slices: [[98, 03, 58, 20, 81, bd, 42, b2, 47, d2, 7c, 88, a7, c8, a1, f3, 71, a3, cb, 52, 7d, 48, 6d, 3a, a7, a9, 91, d7, d5, 03, 6c, 16, 6e, e4, e7, c0, a4, 57, e3, 4a]] } }
[2m2026-09-14T10:47:58.898454Z[0m [31mERROR[0m codec_extension ThreadId(12) [2mzenoh_codec::common::extension[0m[2m:[0m Unknown Test ext: ZExtUnknown { Id: 2, Mandatory: true, Encoding: "ZBuf", Value: ZBuf { slices: [[10, 84, a6, d9, 1e, 43, e2, 34, ad, 8d, 0d, 3b, 99, 51, 82, bc, bb, a7, 2e, 0a, 0d, 0f, a2, 75, ba, f5, b4, b9, 07, fe, 50, e0, ce, 86, 86, 76, d3, 07, 74, 7d, 23, 4c, 3e, 6f, 15, 0d, 76, 79, da, 8c, 16, c1, bc, 45, e3, 6e, e7, 78, 19, 79]] } }
[2m2026-09-14T10:47:58.898476Z[0m [31mERROR[0m codec_extension ThreadId(12) [2mzenoh_codec::common::extension[0m[2m:[0m Unknown Test ext: ZExtUnknown { Id: 2, Mandatory: true, Encoding: "ZBuf", Value: ZBuf { slices: [[8d, 8d, 5d, 94, 37, 02, ca, 7e, 69, 3d, 57, 32, c4, b3, c5, 86, 1a, c0, 85, 43, c9, 33, b1, 69, 4b, a1, 41, e6, 42, 61, f6, d6, fb, 73, ee, f7, 57, e0, c2, e5, 12, 6a, 50, 47, a5, 03, e7, ae, 08, a1, 3e, 78, b9, 25, a1, 43, 93, 5d]] } }
[2m2026-09-14T10:47:58.898483Z[0m [31mERROR[0m codec_extension ThreadId(12) [2mzenoh_codec::common::extension[0m[2m:[0m Unknown Test ext: ZExtUnknown { Id: 2, Mandatory: true, Encoding: "ZBuf", Value: ZBuf { slices: [[07, 09, 60, a5, 99, 24, e7, d5, f0, 12, fa, 48, ee, ec]] } }
[2m2026-09-14T10:47:58.898488Z[0m [31mERROR[0m codec_extension ThreadId(12) [2mzenoh_codec::common::extension[0m[2m:[0m Unknown Test ext: ZExtUnknown { Id: 2, Mandatory: true, Encoding: "ZBuf", Value: ZBuf { slices: [[7f, 8c, f6, 2e, 29, 8d, 88, a5, b8, a5, 3f, eb, b9, 1d, 28, 53, 5b, cb, de]] } }
[2m2026-09-14T10:47:58.898508Z[0m [31mERROR[0m codec_extension ThreadId(12) [2mzenoh_codec::common::extension[0m[2m:[0m Unknown Test ext: ZExtUnknown { Id: 2, Mandatory: true, Encoding: "ZBuf", Value: ZBuf { slices: [[c3, 27, 69, 02, 41, 84, ed, 21, 64, 0d, 75, e7, 18, 63, f4]] } }
[2m2026-09-14T10:47:58.898517Z[0m [31mERROR[0m codec_extension ThreadId(12) [2mzenoh_codec::common::extension[0m[2m:[0m Unknown Test ext: ZExtUnknown { Id: 2, Mandatory: true, Encoding: "ZBuf", Value: ZBuf { slices: [[8d, 56, 7d, a6, 1c, be, eb, 82, e5, 46, 44, 2a, 99, 23, 59, ff, 92, b5, 27, 0f, 9e, d8, f4, 8c, 73, 00, af, cb, 07, 40, b2]] } }
[2m2026-09-14T10:47:58.898538Z[0m [31mERROR[0m codec_extension ThreadId(12) [2mzenoh_codec::common::extension[0m[2m:[0m Unknown Test ext: ZExtUnknown { Id: 2, Mandatory: true, Encoding: "ZBuf", Value: ZBuf { slices: [[5c, 75, b3, aa, 68, 0c, 35, ad, 20, 30, 94, 9c, 80, f7, ea, a5, c9, f6, c0, 47, 5c, e2]] } }
[2m2026-09-14T10:47:58.898557Z[0m [31mERROR[0m codec_extension ThreadId(12) [2mzenoh_codec::common::extension[0m[2m:[0m Unknown Test ext: ZExtUnknown { Id: 2, Mandatory: true, Encoding: "ZBuf", Value: ZBuf { slices: [[2e, 9f, c9, 26, 80, d2, d2, a5, 7a, c9, 61, 74, 36, 39, f3, f6, 9a, 18, 87, bb, c5, 9c, f8, 3f, 34, c2, a8, 03, 6e, ca, f7, 01, 17, 36, 9f, 8f, f1, 72, 91, 4f, 94, c2, 0c, f9, 9c, 87, 2a, 60, 5d, 99, 3c, 4d, a8, 8d, 2e, 99, 38, 96, a2, 64]] } }
[2m2026-09-14T10:47:58.898579Z[0m [31mERROR[0m codec_extension ThreadId(12) [2mzenoh_codec::common::extension[0m[2m:[0m Unknown Test ext: ZExtUnknown { Id: 2, Mandatory: true, Encoding: "ZBuf", Value: ZBuf { slices: [[d0, 69, 3a, 1a, bc, ab, 73, a3, ed, 95, 63, f0, c4, b6, b1, 01, 7a, 58, 42, 7b, 5c, 6f, 29, 12, 44, 13, 0d, 3d, 5f, 37, 99, 1e, 4b, b2, 67, dc, c0, c7, b7, e3, ce, f9, cf, 10, 7f, bf, c2, b4, a8, 76, 85, 3d, 3e, 44, 73, 03, 72, 20, 88, b5, b5, cc]] } }
[2m2026-09-14T10:47:58.898590Z[0m [31mERROR[0m codec_extension ThreadId(12) [2mzenoh_codec::common::extension[0m[2m:[0m Unknown Test ext: ZExtUnknown { Id: 2, Mandatory: true, Encoding: "ZBuf", Value: ZBuf { slices: [[73, 9f, fd, cd, 36, 03, 3e, c5, c8, 7f, 97, a8, 1c, 6c, 6a, 23, 3b, 1a, 92, f1, 2e, 65, b7, b6, 40, 8e, 71, ab, 19, b8, e5, 22, 94, 43, 24, 36, a9, 98, 5d, 88, a1, f6]] } }
[2m2026-09-14T10:47:58.898611Z[0m [31mERROR[0m codec_extension ThreadId(12) [2mzenoh_codec::common::extension[0m[2m:[0m Unknown Test ext: ZExtUnknown { Id: 2, Mandatory: true, Encoding: "ZBuf", Value: ZBuf { slices: [[5d, cb, 47, a8, dd, b2, 63, fc, 5c, fc, 86, 99, f6]] } }
[2m2026-09-14T10:47:58.898616Z[0m [31mERROR[0m codec_extension ThreadId(12) [2mzenoh_codec::common::extension[0m[2m:[0m Unknown Test ext: ZExtUnknown { Id: 2, Mandatory: true, Encoding: "ZBuf", Value: ZBuf { slices: [[21, 96, 7e, bc, da, cf, 54, d6, c1, 92, 5c, ff, bb, d3, f0, 9e, 23, 70, 16, 71]] } }
[2m2026-09-14T10:47:58.898644Z[0m [31mERROR[0m codec_extension ThreadId(12) [2mzenoh_codec::common::extension[0m[2m:[0m Unknown Test ext: ZExtUnknown { Id: 2, Mandatory: true, Encoding: "ZBuf", Value: ZBuf { slices: [[72, 5d, d7, b9, fb, 03, 01, 58, dc, 8d, b6, c6, 7b, a2, 87, 73, 27, 24, e2, 25, 26, a1, b3, 56, dc, 84, 37, 86, a3, 9b, 9f, 8f, 83, 1b, 56, 17, 7d, 45, 6e, e9, 21, c2, 43, 4c, a1, c6, 4a, 6c, f8, f8, a2, ba, 9c, ad, 1b, 6e, 88, c8, ac, 1b, 3d, ce, 71, d4]] } }
[2m2026-09-14T10:47:58.898655Z[0m [31mERROR[0m codec_extension ThreadId(12) [2mzenoh_codec::common::extension[0m[2m:[0m Unknown Test ext: ZExtUnknown { Id: 2, Mandatory: true, Encoding: "ZBuf", Value: ZBuf { slices: [[eb, 43, 1f, 6c, 7a, ba, 2d, 71, 09, bf, 45, 3a, aa, f5, e4, 5a, 9a, ab, 0f, 80, 11, 48, 95, c0, 67, c1, 5f, bc, 1f, ec, e8]] } }
[2m2026-09-14T10:47:58.898678Z[0m [31mERROR[0m codec_extension ThreadId(12) [2mzenoh_codec::common::extension[0m[2m:[0m Unknown Test ext: ZExtUnknown { Id: 2, Mandatory: true, Encoding: "ZBuf", Value: ZBuf { slices: [[dd, 5d, 04, 47, 78, fc, 07, 26, db, 8d, fb, 4a, a1, f6, d1, 81, 96, 8e, c5, 10, 83, f4, 71, 63, f4, f4, fa, f8, 83, 6c, f0, 23, f1, 3e, d1]] } }
[2m2026-09-14T10:47:58.898685Z[0m [31mERROR[0m codec_extension ThreadId(12) [2mzenoh_codec::common::extension[0m[2m:[0m Unknown Test ext: ZExtUnknown { Id: 2, Mandatory: true, Encoding: "ZBuf", Value: ZBuf { slices: [[90, 25, e5, a3, 64, 8a, f7, f9, 58, c6, 6e, bc, be, 3e, 15, 8a, 3e, 8d, 9b, 6c, 4c, 95, a2, e2]] } }
[2m2026-09-14T10:47:58.898706Z[0m [31mERROR[0m codec_extension ThreadId(12) [2mzenoh_codec::common::extension[0m[2m:[0m Unknown Test ext: ZExtUnknown { Id: 2, Mandatory: true, Encoding: "ZBuf", Value: ZBuf { slices: [[22, 45, 9a, 05, 71, a6, 6c, 68, 9d, a0, 40, 9d, 58, f0, a9, 13, f8, 8b, 16, bc]] } }
[2m2026-09-14T10:47:58.898726Z[0m [31mERROR[0m codec_extension ThreadId(12) [2mzenoh_codec::common::extension[0m[2m:[0m Unknown Test ext: ZExtUnknown { Id: 2, Mandatory: true, Encoding: "ZBuf", Value: ZBuf { slices: [[51, 89, a0, f4, 00, 8e, 25, e9, 87, 35, 53, 08, b7, ea, 1a, 76, 28, 7f, d2, f4, b6, ef, a1, 03, 8c, aa, 20, 8f, d9, 2e, 4b, 82, c1, f5, 82, 57, 32, 7e, 53, e3]] } }
[2m2026-09-14T10:47:58.898733Z[0m [31mERROR[0m codec_extension ThreadId(12) [2mzenoh_codec::common::extension[0m[2m:[0m Unknown Test ext: ZExtUnknown { Id: 2, Mandatory: true, Encoding: "ZBuf", Value: ZBuf { slices: [[f0, 12, a0, 67, ea, 1c, f8, f9, 0e, 35, 16, 95, 78, a7, e7, 30, ad, 0d, 24, 65, b4, 4c, f3, d1, 00, 30, e1, 2f, 67, 7c]] } }
[2m2026-09-14T10:47:58.898753Z[0m [31mERROR[0m codec_extension ThreadId(12) [2mzenoh_codec::common::extension[0m[2m:[0m Unknown Test ext: ZExtUnknown { Id: 2, Mandatory: true, Encoding: "ZBuf", Value: ZBuf { slices: [[78, 19, 83, 15, fd, 2f, 3b, ab, a2, fd, 82, 2d, 48, c4, 76, 03, 11, e3, 0c, 6e, f4, 7a, 7a, 84, 14, e9, 6e, 93]] } }
[2m2026-09-14T10:47:58.898758Z[0m [31mERROR[0m codec_extension ThreadId(12) [2mzenoh_codec::common::extension[0m[2m:[0m Unknown Test ext: ZExtUnknown { Id: 2, Mandatory: true, Encoding: "ZBuf", Value: ZBuf { slices: [[c0, 40, 0a, c6, d9, db, 20, f7, 0a, 58, 5c, f8, 26, 1e, 47, 20, d6, a0, 75, cd, 76, e8, c7, a6, 25, 46, 63, c6]] } }
[2m2026-09-14T10:47:58.898763Z[0m [31mERROR[0m codec_extension ThreadId(12) [2mzenoh_codec::common::extension[0m[2m:[0m Unknown Test ext: ZExtUnknown { Id: 2, Mandatory: true, Encoding: "ZBuf", Value: ZBuf { slices: [[67, 00, 5f, 2b, bb, 55, 5e, d7, df, 57, 05, 5e, fe, 59, ae, 99, ac, 65, 90, 09, 23, 1d, 7f, b7, 00]] } }
[2m2026-09-14T10:47:58.898782Z[0m [31mERROR[0m codec_extension ThreadId(12) [2mzenoh_codec::common::extension[0m[2m:[0m Unknown Test ext: ZExtUnknown { Id: 2, Mandatory: true, Encoding: "ZBuf", Value: ZBuf { slices: [[c3, 98, 7c, 10, 3e, 4c, de, 8e, e6, 0a, ab, f2, 40, 56, 4f, a5, 17, 84, 4f, bb, bc, 47, ec, e3]] } }
[2m2026-09-14T10:47:58.898801Z[0m [31mERROR[0m codec_extension ThreadId(12) [2mzenoh_codec::common::extension[0m[2m:[0m Unknown Test ext: ZExtUnknown { Id: 2, Mandatory: true, Encoding: "ZBuf", Value: ZBuf { slices: [[dd, ac, fa, 71, 70, 65, ff, 75, 0e, 18, 6b, 60, 17, 66, 98, 69, 77, 40, d9, 1b, b7, f8, d6, 82, 53, 4d, 57, 51, 19, d6, 74, 13, 84, df, 08, b0, 6a, 1c, 99, 8a, c0, 51, 1d, 61, 5b, ad, 80, 71, 43, a3]] } }
[2m2026-09-14T10:47:58.898808Z[0m [31mERROR[0m codec_extension ThreadId(12) [2mzenoh_codec::common::extension[0m[2m:[0m Unknown Test ext: ZExtUnknown { Id: 2, Mandatory: true, Encoding: "ZBuf", Value: ZBuf { slices: [[6d, 9c, 34, b9, 35, 6b, e1, c1, 57, be, 45, 08, 2f, f4, fa, b9, 64, eb, 0d, 2f, 85]] } }
[2m2026-09-14T10:47:58.898829Z[0m [31mERROR[0m codec_extension ThreadId(12) [2mzenoh_codec::common::extension[0m[2m:[0m Unknown Test ext: ZExtUnknown { Id: 2, Mandatory: true, Encoding: "ZBuf", Value: ZBuf { slices: [[7d, c3, fb, b1, 8b, 4b, 59, f2, 5f, d0, 1d, 22, aa, 0f, df, 27, 6f, 1f, a1, 3f, a7, e1, f0, 98, 2d, 2d, a2, 53, 7d, c0, 1a, 95, c1, 44, 9d, ad, 29, 6b, 25, c2, 76, f7, 0a, 0f, 03, 54, 86, 66, 1d, 26, df, 04, 98, 0e, 0a, 2a, a3, a2, 04]] } }
[2m2026-09-14T10:47:58.898836Z[0m [31mERROR[0m codec_extension ThreadId(12) [2mzenoh_codec::common::extension[0m[2m:[0m Unknown Test ext: ZExtUnknown { Id: 2, Mandatory: true, Encoding: "ZBuf", Value: ZBuf { slices: [[2e, 06, 78, b5, fb, c1, 23, 46]] } }
[2m2026-09-14T10:47:58.898854Z[0m [31mERROR[0m codec_extension ThreadId(12) [2mzenoh_codec::common::extension[0m[2m:[0m Unknown Test ext: ZExtUnknown { Id: 2, Mandatory: true, Encoding: "ZBuf", Value: ZBuf { slices: [[d4, 7d, 17, 64, b6, fc, 63, 45, e7, d0, 27, 4b, 09, a6, 4b, b9, 38, 70, 30, 7e, e6, e3, 87, 8d, b3, e9, 66, ee, 78, 8e, a7, da, 4a, c2, 38, b8, b6, 82]] } }
[2m2026-09-14T10:47:58.898860Z[0m [31mERROR[0m codec_extension ThreadId(12) [2mzenoh_codec::common::extension[0m[2m:[0m Unknown Test ext: ZExtUnknown { Id: 2, Mandatory: true, Encoding: "ZBuf", Value: ZBuf { slices: [[c3, 9f, 14, 5d, 6d, 69, 93, 1f, d3, b4, ff, a1, 49]] } }
[2m2026-09-14T10:47:58.898879Z[0m [31mERROR[0m codec_extension ThreadId(12) [2mzenoh_codec::common::extension[0m[2m:[0m Unknown Test ext: ZExtUnknown { Id: 2, Mandatory: true, Encoding: "ZBuf", Value: ZBuf { slices: [[62, 75, bd, 69, b2, 63, 2e, a3, 37, a2, 51, 41, bb, e2, b3, 1f, 36, fb, 70, 54, 4a, c8, 63, f4, 84, 48, d5, 94, 14, b3, 5a, 2c, 46]] } }
[2m2026-09-14T10:47:58.898886Z[0m [31mERROR[0m codec_extension ThreadId(12) [2mzenoh_codec::common::extension[0m[2m:[0m Unknown Test ext: ZExtUnknown { Id: 2, Mandatory: true, Encoding: "ZBuf", Value: ZBuf { slices: [[d0, 65, 40, 63, 89, ea, 4b, 66, 5c, 82, 0d, 25, 10, 2f, 33, 4a, 1c, 25, bb, 38, 22, 69, cc, e1, 80, 2e, 07, cc, 89, 0d, 73, 82, f5, 4e, 41, d9, 2e, 7f, c3, c0, ec, 57, dc, 09, 9c]] } }
[2m2026-09-14T10:47:58.898906Z[0m [31mERROR[0m codec_extension ThreadId(12) [2mzenoh_codec::common::extension[0m[2m:[0m Unknown Test ext: ZExtUnknown { Id: 2, Mandatory: true, Encoding: "ZBuf", Value: ZBuf { slices: [[65, 14, 01, 38, 3c, 82, fd, e3, 8d, 3b, 0f, 82, 99, 81, 67, 80, 91, d8, 18, 1b, 2b, aa, 8f, 14, 49, 9b, 70, c0, 8f, 3e, 1a, 4b, 8c, d0, db, bb, f9, d5, b0, ec, 19, 01]] } }
[2m2026-09-14T10:47:58.898930Z[0m [31mERROR[0m codec_extension ThreadId(12) [2mzenoh_codec::common::extension[0m[2m:[0m Unknown Test ext: ZExtUnknown { Id: 2, Mandatory: true, Encoding: "ZBuf", Value: ZBuf { slices: [[bb, 0d, 23, 3c, 4a, b3, 68, cb, 88, 59, db, 8a, da, ac, 85, 09, f7, 18, b7, ac, b8, 63, d2, 41, 28, 6c, c4, 40, f8, 11, 04, ac, 1a, 2a, 0d, 7b, b8, fa, 6d, 6f, f9]] } }
[2m2026-09-14T10:47:58.898937Z[0m [31mERROR[0m codec_extension ThreadId(12) [2mzenoh_codec::common::extension[0m[2m:[0m Unknown Test ext: ZExtUnknown { Id: 2, Mandatory: true, Encoding: "ZBuf", Value: ZBuf { slices: [[ab, a0, c2, 48, 87, 86, 64, 43, 21, 9b, c3, 46, fd, 3a, 39, 9d, ac, cb, 1a, 2f, 3c, 5c, b1]] } }
[2m2026-09-14T10:47:58.898956Z[0m [31mERROR[0m codec_extension ThreadId(12) [2mzenoh_codec::common::extension[0m[2m:[0m Unknown Test ext: ZExtUnknown { Id: 2, Mandatory: true, Encoding: "ZBuf", Value: ZBuf { slices: [[2c, be, a8, b6, 9d, bd, 53, 60, 72, e0, 4e, a5, a2, 97, 3c, 23, af, bb, 19, 50, da, c7, 56, d9, f5, f5, 32, 79, 41, 2a, db, 2c, e4, c1, e1, 28, 35, a2, 9c, df, 83, fd, e8]] } }
[2m2026-09-14T10:47:58.898962Z[0m [31mERROR[0m codec_extension ThreadId(12) [2mzenoh_codec::common::extension[0m[2m:[0m Unknown Test ext: ZExtUnknown { Id: 2, Mandatory: true, Encoding: "ZBuf", Value: ZBuf { slices: [[a6, b4, aa, a8, 6e, 46, e5, 4c, ab, 1a, a7, 78, 0b, 94, d9, 7c, 2a, d8, a1, c2, f0, 3d, 96, 0b, 92, 25]] } }
[2m2026-09-14T10:47:58.898983Z[0m [31mERROR[0m codec_extension ThreadId(12) [2mzenoh_codec::common::extension[0m[2m:[0m Unknown Test ext: ZExtUnknown { Id: 2, Mandatory: true, Encoding: "ZBuf", Value: ZBuf { slices: [[7c, 8a, 45, f0, 26, 98, 33, a7, bf, 0e, 9b, ab, a5, ba, 54, 7a, 53, 99, e2, 52, 74, dc, b5, 2a, ad, e7, bb, 2a, 76, 29, 06, 86]] } }
[2m2026-09-14T10:47:58.899002Z[0m [31mERROR[0m codec_extension ThreadId(12) [2mzenoh_codec::common::extension[0m[2m:[0m Unknown Test ext: ZExtUnknown { Id: 2, Mandatory: true, Encoding: "ZBuf", Value: ZBuf { slices: [[c4, 9e, ed, c2, 26, 99, fc, 8f, 53, 27, 8f, e1, 3d, f0, a5, 1f, 92, b5, 00, 82, 2a, 31, bb, d4, f8, 18, 5d, 1c, c2, e1, af, 3d, c5, 6b, 5b, db, 2d, 2b, f2, dd, 15, 80, c4, ce, 42, 2f, ac]] } }
[2m2026-09-14T10:47:58.899009Z[0m [31mERROR[0m codec_extension ThreadId(12) [2mzenoh_codec::common::extension[0m[2m:[0m Unknown Test ext: ZExtUnknown { Id: 2, Mandatory: true, Encoding: "ZBuf", Value: ZBuf { slices: [[f3, 00, ea, 48, b9, df, 47, 00]] } }
[2m2026-09-14T10:47:58.899014Z[0m [31mERROR[0m codec_extension ThreadId(12) [2mzenoh_codec::common::extension[0m[2m:[0m Unknown Test ext: ZExtUnknown { Id: 2, Mandatory: true, Encoding: "ZBuf", Value: ZBuf { slices: [[d7, 34, 97, b3, da, 25, 24, d8, 3d, 18, 6a, 91, 2e, 8d, 7e, 0c, 45, 4e, ed, fb, 01, b9]] } }
[2m2026-09-14T10:47:58.899036Z[0m [31mERROR[0m codec_extension ThreadId(12) [2mzenoh_codec::common::extension[0m[2m:[0m Unknown Test ext: ZExtUnknown { Id: 2, Mandatory: true, Encoding: "ZBuf", Value: ZBuf { slices: [[fb, 7b, 6b, ef, b5, 03, e9, ec, a1, a3, 8e, 39, 46, 63, 12, 6e, a3, ac]] } }
[2m2026-09-14T10:47:58.899045Z[0m [31mERROR[0m codec_extension ThreadId(12) [2mzenoh_codec::common::extension[0m[2m:[0m Unknown Test ext: ZExtUnknown { Id: 2, Mandatory: true, Encoding: "ZBuf", Value: ZBuf { slices: [[03, 76, 17, d3, 32, 15, 13, b1, fb, 13, 3e, d6, a2, 3c, 33, 70, 23, 9f, 18, 79, 13, 62, 93, 56, e3, a2, 87, 49, a0, 3a]] } }
[2m2026-09-14T10:47:58.899064Z[0m [31mERROR[0m codec_extension ThreadId(12) [2mzenoh_codec::common::extension[0m[2m:[0m Unknown Test ext: ZExtUnknown { Id: 2, Mandatory: true, Encoding: "ZBuf", Value: ZBuf { slices: [[ec, c2, 76, d2, a3, 42, 2a, 7e, 2c, 89, 67, 08, 55, ba, 02, 5a, 96, 04, 6a, 97, e9, 4b, 97, 15, 64, 88, 64, 62, ed, ea, 75, 68, 42, 63, 80, 91, 78, 7f, f3]] } }
[2m2026-09-14T10:47:58.899088Z[0m [31mERROR[0m codec_extension ThreadId(12) [2mzenoh_codec::common::extension[0m[2m:[0m Unknown Test ext: ZExtUnknown { Id: 2, Mandatory: true, Encoding: "ZBuf", Value: ZBuf { slices: [[27, e2, a5, 0b, c7, 77, 08, d6, 0d, 27, 83, 30, bb, 03, c4, e0, a1, b7, f0, b2, fd, 50, 1b, 60, 83, 5a, d7, ba, b3, cb, 49, 3a, 89, a7, 28, ce, 6c, 42, 4f, 4f, 48, 84, d7, ef, fc, 75]] } }
[2m2026-09-14T10:47:58.899096Z[0m [31mERROR[0m codec_extension ThreadId(12) [2mzenoh_codec::common::extension[0m[2m:[0m Unknown Test ext: ZExtUnknown { Id: 2, Mandatory: true, Encoding: "ZBuf", Value: ZBuf { slices: [[dc, 0a, d9, 9d, 4c, 20, bb, 4a, ac, 9d, 57, 56, ab, d4, 40, ea, 1c, 0e, a9, ae, 43, 85, 16, 4b, df, c6, 36, 7d, f8, 26, 25, 5f, 55, 98, fb]] } }
[2m2026-09-14T10:47:58.899119Z[0m [31mERROR[0m codec_extension ThreadId(12) [2mzenoh_codec::common::extension[0m[2m:[0m Unknown Test ext: ZExtUnknown { Id: 2, Mandatory: true, Encoding: "ZBuf", Value: ZBuf { slices: [[fb, 49, c6, 59, d5, 18, 6c, cc, a9, 0d, da, 31, 49, e2, 43, 5b, 69, 79, bf, b9, 87, ff, 3e, f6, 01, 6f, 45, e3, 93, 21, 8a, 8e, 6e, b8, 85, 8b, 2c, d6]] } }
[2m2026-09-14T10:47:58.899128Z[0m [31mERROR[0m codec_extension ThreadId(12) [2mzenoh_codec::common::extension[0m[2m:[0m Unknown Test ext: ZExtUnknown { Id: 2, Mandatory: true, Encoding: "ZBuf", Value: ZBuf { slices: [[7f, a9, e0, 4a, a8, 49, 2e, 77, 8c, 40, 53, cb, 6e, 93, 5c, 99, 9d, 65, ee, 11, 28, 33, 7f, 16]] } }
[2m2026-09-14T10:47:58.899150Z[0m [31mERROR[0m codec_extension ThreadId(12) [2mzenoh_codec::common::extension[0m[2m:[0m Unknown Test ext: ZExtUnknown { Id: 2, Mandatory: true, Encoding: "ZBuf", Value: ZBuf { slices: [[f7, 75, 1e, c6, cf, e4, 6d, 5e, 08, eb, f2, e1, 70, 2a, 32, 6b, 68, 95, 7b, 1c, c6, e5, f2, 97, 00, 53, 13, 1f, 89]] } }
[2m2026-09-14T10:47:58.899174Z[0m [31mERROR[0m codec_extension ThreadId(12) [2mzenoh_codec::common::extension[0m[2m:[0m Unknown Test ext: ZExtUnknown { Id: 2, Mandatory: true, Encoding: "ZBuf", Value: ZBuf { slices: [[bb, cc, ba, 22, f4, b7, 59, 8e, 2b, 4b, c9, 55, b8, fc, 9b, a7, 5e, 82, 8a, 12, 32, 1c, 98, 52, 6e, 1f, 5c, 36, fa, 3c, 9e, fe, 24, 9e, 69, 20, 7e, ac, 77, 03, 48, 37, 51, e0]] } }
[2m2026-09-14T10:47:58.899181Z[0m [31mERROR[0m codec_extension ThreadId(12) [2mzenoh_codec::common::extension[0m[2m:[0m Unknown Test ext: ZExtUnknown { Id: 2, Mandatory: true, Encoding: "ZBuf", Value: ZBuf { slices: [[ca, cd, e4, ed, 23, f0, eb, e7, 6a, e6, c9, 0f, 98, 0d, ce, cc, a6, 8e, 29, 80, 1b, d2, a9, 48, 85, d4, b9, 18, 84, bb, 38, df, 5c, e1, cf, 18, 61, c9, 04, 65, 40, 3b, fe, 45, 45, 39]] } }
[2m2026-09-14T10:47:58.899205Z[0m [31mERROR[0m codec_extension ThreadId(12) [2mzenoh_codec::common::extension[0m[2m:[0m Unknown Test ext: ZExtUnknown { Id: 2, Mandatory: true, Encoding: "ZBuf", Value: ZBuf { slices: [[fd, 0c, 45, 28, 9f, 62, 86, bc, 10, af, 6a, 97, 0c, f2, 39, c0, 01, da, 49, 34, 23, 94, f7, 4f, ff, 81, 60, c3, e5, 85, cb, 1f, 76, 9c, 6e, a1, 87, 0a]] } }
[2m2026-09-14T10:47:58.899212Z[0m [31mERROR[0m codec_extension ThreadId(12) [2mzenoh_codec::common::extension[0m[2m:[0m Unknown Test ext: ZExtUnknown { Id: 2, Mandatory: true, Encoding: "ZBuf", Value: ZBuf { slices: [[ef, e6, 3a, 87, fa, a0, f6, a7, 92, 27, 4f]] } }
[2m2026-09-14T10:47:58.902249Z[0m [31mERROR[0m codec_extension ThreadId(12) [2mzenoh_codec::common::extension[0m[2m:[0m Unknown Test ext: ZExtUnknown { Id: 1, Mandatory: true, Encoding: "Z64", Value: 8652398761281650774 }
[2m2026-09-14T10:47:58.902269Z[0m [31mERROR[0m codec_extension ThreadId(12) [2mzenoh_codec::common::extension[0m[2m:[0m Unknown Test ext: ZExtUnknown { Id: 11, Mandatory: true, Encoding: "Unit" }
[2m2026-09-14T10:47:58.902302Z[0m [31mERROR[0m codec_extension ThreadId(12) [2mzenoh_codec::common::extension[0m[2m:[0m Unknown Test ext: ZExtUnknown { Id: 8, Mandatory: true, Encoding: "Unit" }
[2m2026-09-14T10:47:58.902305Z[0m [31mERROR[0m codec_extension ThreadId(12) [2mzenoh_codec::common::extension[0m[2m:[0m Unknown Test ext: ZExtUnknown { Id: 4, Mandatory: true, Encoding: "Unit" }
[2m2026-09-14T10:47:58.902353Z[0m [31mERROR[0m codec_extension ThreadId(12) [2mzenoh_codec::common::extension[0m[2m:[0m Unknown Test ext: ZExtUnknown { Id: 13, Mandatory: true, Encoding: "ZBuf", Value: ZBuf { slices: [[8c, c7, b9, d5, 0d, c5, fc, 0d, 59, 79, 1d, 0c, 62, f2, f2, bd, 55, 82, bd, 2d, 01, d2, 05, b2, 82, 0d, a1, b8, 44, 0c, 4a, f5, b1, 12, 91, a2, 1a, 92, 5c, aa, bf, 7e, 61, 13, 87, 66, 10, 43, ac, 22, 0b, 3f, 0e, 42, 69, 72, 9c, 06, e8, 34, 19, a9, e3, 18]] } }
[2m2026-09-14T10:47:58.902392Z[0m [31mERROR[0m codec_extension ThreadId(12) [2mzenoh_codec::common::extension[0m[2m:[0m Unknown Test ext: ZExtUnknown { Id: 3, Mandatory: true, Encoding: "Unit" }
[2m2026-09-14T10:47:58.902425Z[0m [31mERROR[0m codec_extension ThreadId(12) [2mzenoh_codec::common::extension[0m[2m:[0m Unknown Test ext: ZExtUnknown { Id: 7, Mandatory: true, Encoding: "Unit" }
[2m2026-09-14T10:47:58.902443Z[0m [31mERROR[0m codec_extension ThreadId(12) [2mzenoh_codec::common::extension[0m[2m:[0m Unknown Test ext: ZExtUnknown { Id: 6, Mandatory: true, Encoding: "ZBuf", Value: ZBuf { slices: [[75, 9c, 52, 50, f3, 52, b7, 54, df, 1e, c6, 1e, 73, bc, 3b, c4, 1c, ac, d5, ab, 3b, d7, 23, 72, 81, 0e]] } }
[2m2026-09-14T10:47:58.902448Z[0m [31mERROR[0m codec_extension ThreadId(12) [2mzenoh_codec::common::extension[0m[2m:[0m Unknown Test ext: ZExtUnknown { Id: 1, Mandatory: true, Encoding: "ZBuf", Value: ZBuf { slices: [[57, a3, 69, 79, 6e, 06, 57, d8, b5, 6f, 65, 10, c4, 11, 3a, 76, 97, 99, 5d, f8, 85, dd]] } }
[2m2026-09-14T10:47:58.902498Z[0m [31mERROR[0m codec_extension ThreadId(12) [2mzenoh_codec::common::extension[0m[2m:[0m Unknown Test ext: ZExtUnknown { Id: 8, Mandatory: true, Encoding: "Z64", Value: 865630500913120399 }
[2m2026-09-14T10:47:58.902530Z[0m [31mERROR[0m codec_extension ThreadId(12) [2mzenoh_codec::common::extension[0m[2m:[0m Unknown Test ext: ZExtUnknown { Id: 11, Mandatory: true, Encoding: "Unit" }
[2m2026-09-14T10:47:58.902534Z[0m [31mERROR[0m codec_extension ThreadId(12) [2mzenoh_codec::common::extension[0m[2m:[0m Unknown Test ext: ZExtUnknown { Id: 7, Mandatory: true, Encoding: "Z64", Value: 14782199312918794229 }
[2m2026-09-14T10:47:58.902552Z[0m [31mERROR[0m codec_extension ThreadId(12) [2mzenoh_codec::common::extension[0m[2m:[0m Unknown Test ext: ZExtUnknown { Id: 13, Mandatory: true, Encoding: "Unit" }
[2m2026-09-14T10:47:58.902555Z[0m [31mERROR[0m codec_extension ThreadId(12) [2mzenoh_codec::common::extension[0m[2m:[0m Unknown Test ext: ZExtUnknown { Id: 15, Mandatory: true, Encoding: "Unit" }
[2m2026-09-14T10:47:58.902588Z[0m [31mERROR[0m codec_extension ThreadId(12) [2mzenoh_codec::common::extension[0m[2m:[0m Unknown Test ext: ZExtUnknown { Id: 13, Mandatory: true, Encoding: "ZBuf", Value: ZBuf { slices: [[ff, 3a, e9, 50, ba, 8d, 21, 60, f3, 32, e4, be, 33, 49, 01, 1a, f0, 3d, 23, 29, 8f, 67, bc, 81, 2b, 30, 18, 68, 54, 61, 3c, 42, 2c, a5, 33, b9, a5, 46, 7e, 37, e8, a4, 21, ef, 48]] } }
[2m2026-09-14T10:47:58.902594Z[0m [31mERROR[0m codec_extension ThreadId(12) [2mzenoh_codec::common::extension[0m[2m:[0m Unknown Test ext: ZExtUnknown { Id: 12, Mandatory: true, Encoding: "Unit" }
[2m2026-09-14T10:47:58.902651Z[0m [31mERROR[0m codec_extension ThreadId(12) [2mzenoh_codec::common::extension[0m[2m:[0m Unknown Test ext: ZExtUnknown { Id: 7, Mandatory: true, Encoding: "ZBuf", Value: ZBuf { slices: [[b9, 5a, 76, ec, 66, 60, 33, 49, 7f, 61, bc, 09, 31, f8, db, c3, 4c, 0e, 94, 24, 14, 9e, 75, 38, 0b, 00, 41, 97, fc, d2, b2, ef, 91, 3b]] } }
[2m2026-09-14T10:47:58.902671Z[0m [31mERROR[0m codec_extension ThreadId(12) [2mzenoh_codec::common::extension[0m[2m:[0m Unknown Test ext: ZExtUnknown { Id: 11, Mandatory: true, Encoding: "Z64", Value: 1052280344966673175 }
[2m2026-09-14T10:47:58.902689Z[0m [31mERROR[0m codec_extension ThreadId(12) [2mzenoh_codec::common::extension[0m[2m:[0m Unknown Test ext: ZExtUnknown { Id: 4, Mandatory: true, Encoding: "Unit" }
[2m2026-09-14T10:47:58.902692Z[0m [31mERROR[0m codec_extension ThreadId(12) [2mzenoh_codec::common::extension[0m[2m:[0m Unknown Test ext: ZExtUnknown { Id: 7, Mandatory: true, Encoding: "Unit" }
[2m2026-09-14T10:47:58.902710Z[0m [31mERROR[0m codec_extension ThreadId(12) [2mzenoh_codec::common::extension[0m[2m:[0m Unknown Test ext: ZExtUnknown { Id: 1, Mandatory: true, Encoding: "ZBuf", Value: ZBuf { slices: [[84, 66, 04, 31, de, e0, b1, c2, 2f, 16, e3, 1d, 83, e6, b6, 34, 7d, 34, b0, a8, 21, 93, 90, 4f, 00, 23, 6f, c1, 8e, 95, ed, 63, b5, 84, 0e, 7b, 09, d0, 9e]] } }
[2m2026-09-14T10:47:58.902730Z[0m [31mERROR[0m codec_extension ThreadId(12) [2mzenoh_codec::common::extension[0m[2m:[0m Unknown Test ext: ZExtUnknown { Id: 2, Mandatory: true, Encoding: "ZBuf", Value: ZBuf { slices: [[dd, 61, 4b, 16, 1e, 3f, 16, b7, e3, 11, 08, 6d, e2, fb, 63, e9, 82, 1a, cb, 8f, f5, 4c, 85, 40, bb, 50, db, 3f, 7f, 2e, 24, b6, 9f, a8, 9e, ae, 82, d8, a2, 36, 33, f7, 5f, c4, e5, c9, 22, 59, f2, 16, 39, 17]] } }
[2m2026-09-14T10:47:58.902750Z[0m [31mERROR[0m codec_extension ThreadId(12) [2mzenoh_codec::common::extension[0m[2m:[0m Unknown Test ext: ZExtUnknown { Id: 3, Mandatory: true, Encoding: "ZBuf", Value: ZBuf { slices: [[f4, 3f, 01, 9c, 1d, 8d, 19, 54, b9, 8b, 71, e6, cb, 71, d8, 30, 9d, cc, 74, 25, 7c, e1, 13, 7c, d1, 6b, 76, 35, 46, 4e, 8d]] } }
[2m2026-09-14T10:47:58.902771Z[0m [31mERROR[0m codec_extension ThreadId(12) [2mzenoh_codec::common::extension[0m[2m:[0m Unknown Test ext: ZExtUnknown { Id: 4, Mandatory: true, Encoding: "Unit" }
[2m2026-09-14T10:47:58.902803Z[0m [31mERROR[0m codec_extension ThreadId(12) [2mzenoh_codec::common::extension[0m[2m:[0m Unknown Test ext: ZExtUnknown { Id: 15, Mandatory: true, Encoding: "ZBuf", Value: ZBuf { slices: [[15, 66, 80, 10, 17, 53, be, b7, 9b, 08, 6f, 39, 9b, 06, 41, 99, 89, 0a, db, 30, 4b, 3c, 7b, 55, 60, 27, eb, 67, b7, b7, c5, da, 95, 20, 09, 1f, 72, cc, 0a, 0b, 17, 29, 3e]] } }
[2m2026-09-14T10:47:58.902823Z[0m [31mERROR[0m codec_extension ThreadId(12) [2mzenoh_codec::common::extension[0m[2m:[0m Unknown Test ext: ZExtUnknown { Id: 7, Mandatory: true, Encoding: "Unit" }
[2m2026-09-14T10:47:58.902856Z[0m [31mERROR[0m codec_extension ThreadId(12) [2mzenoh_codec::common::extension[0m[2m:[0m Unknown Test ext: ZExtUnknown { Id: 4, Mandatory: true, Encoding: "Z64", Value: 14039288124271955568 }
[2m2026-09-14T10:47:58.902889Z[0m [31mERROR[0m codec_extension ThreadId(12) [2mzenoh_codec::common::extension[0m[2m:[0m Unknown Test ext: ZExtUnknown { Id: 0, Mandatory: true, Encoding: "Unit" }
[2m2026-09-14T10:47:58.902906Z[0m [31mERROR[0m codec_extension ThreadId(12) [2mzenoh_codec::common::extension[0m[2m:[0m Unknown Test ext: ZExtUnknown { Id: 6, Mandatory: true, Encoding: "ZBuf", Value: ZBuf { slices: [[e5, 89, bd, a2, f5, 6a, c4, 15, 2c, 4f, e5, 64, b5, 31, 25, 51, 09, 3f, 3a, 2c]] } }
[2m2026-09-14T10:47:58.902941Z[0m [31mERROR[0m codec_extension ThreadId(12) [2mzenoh_codec::common::extension[0m[2m:[0m Unknown Test ext: ZExtUnknown { Id: 15, Mandatory: true, Encoding: "Z64", Value: 15981053427798267558 }
[2m2026-09-14T10:47:58.902974Z[0m [31mERROR[0m codec_extension ThreadId(12) [2mzenoh_codec::common::extension[0m[2m:[0m Unknown Test ext: ZExtUnknown { Id: 14, Mandatory: true, Encoding: "Unit" }
[2m2026-09-14T10:47:58.902977Z[0m [31mERROR[0m codec_extension ThreadId(12) [2mzenoh_codec::common::extension[0m[2m:[0m Unknown Test ext: ZExtUnknown { Id: 9, Mandatory: true, Encoding: "Z64", Value: 10575685465426422013 }
[2m2026-09-14T10:47:58.903025Z[0m [31mERROR[0m codec_extension ThreadId(12) [2mzenoh_codec::common::extension[0m[2m:[0m Unknown Test ext: ZExtUnknown { Id: 14, Mandatory: true, Encoding: "ZBuf", Value: ZBuf { slices: [[59, 80, 14, d2, 81, c0, 1d, 40, 78, 9c, c2, 18]] } }
[2m2026-09-14T10:47:58.903043Z[0m [31mERROR[0m codec_extension ThreadId(12) [2mzenoh_codec::common::extension[0m[2m:[0m Unknown Test ext: ZExtUnknown { Id: 0, Mandatory: true, Encoding: "Unit" }
[2m2026-09-14T10:47:58.903062Z[0m [31mERROR[0m codec_extension ThreadId(12) [2mzenoh_codec::common::extension[0m[2m:[0m Unknown Test ext: ZExtUnknown { Id: 10, Mandatory: true, Encoding: "ZBuf", Value: ZBuf { slices: [[ff, 02, 89, 44, 46, f9, eb, a6, 28, f1, 89, 1b, d4, bb, 19, 4b, 28, 68, 1f, a3, 5d, 0a]] } }
[2m2026-09-14T10:47:58.903067Z[0m [31mERROR[0m codec_extension ThreadId(12) [2mzenoh_codec::common::extension[0m[2m:[0m Unknown Test ext: ZExtUnknown { Id: 13, Mandatory: true, Encoding: "Z64", Value: 6768910165154618304 }
[2m2026-09-14T10:47:58.903084Z[0m [31mERROR[0m codec_extension ThreadId(12) [2mzenoh_codec::common::extension[0m[2m:[0m Unknown Test ext: ZExtUnknown { Id: 15, Mandatory: true, Encoding: "Unit" }
[2m2026-09-14T10:47:58.903102Z[0m [31mERROR[0m codec_extension ThreadId(12) [2mzenoh_codec::common::extension[0m[2m:[0m Unknown Test ext: ZExtUnknown { Id: 1, Mandatory: true, Encoding: "Unit" }
[2m2026-09-14T10:47:58.903105Z[0m [31mERROR[0m codec_extension ThreadId(12) [2mzenoh_codec::common::extension[0m[2m:[0m Unknown Test ext: ZExtUnknown { Id: 5, Mandatory: true, Encoding: "Unit" }
[2m2026-09-14T10:47:58.903122Z[0m [31mERROR[0m codec_extension ThreadId(12) [2mzenoh_codec::common::extension[0m[2m:[0m Unknown Test ext: ZExtUnknown { Id: 3, Mandatory: true, Encoding: "Unit" }
[2m2026-09-14T10:47:58.903140Z[0m [31mERROR[0m codec_extension ThreadId(12) [2mzenoh_codec::common::extension[0m[2m:[0m Unknown Test ext: ZExtUnknown { Id: 6, Mandatory: true, Encoding: "ZBuf", Value: ZBuf { slices: [[23, a7, 97, ea, be, ff, a2, e7, 44, c8, db, 50, 1d, 3e, 2e, e2, 67, 2c, ce, 93, 37, d1, 44, ff, ed, 2e, 5d, 00, 01, 30, f6, 25, df, 84, 3f, c3, 25, a5, 98, 13, 56, b3, a2, a4, 7c, 48, ca, e6, a2, c2, 93, 0b, 3e, 5b, 9d, c9, de]] } }
[2m2026-09-14T10:47:58.903163Z[0m [31mERROR[0m codec_extension ThreadId(12) [2mzenoh_codec::common::extension[0m[2m:[0m Unknown Test ext: ZExtUnknown { Id: 5, Mandatory: true, Encoding: "Z64", Value: 11668820093167100746 }
[2m2026-09-14T10:47:58.903182Z[0m [31mERROR[0m codec_extension ThreadId(12) [2mzenoh_codec::common::extension[0m[2m:[0m Unknown Test ext: ZExtUnknown { Id: 6, Mandatory: true, Encoding: "Z64", Value: 7179225706665501841 }
[2m2026-09-14T10:47:58.903199Z[0m [31mERROR[0m codec_extension ThreadId(12) [2mzenoh_codec::common::extension[0m[2m:[0m Unknown Test ext: ZExtUnknown { Id: 13, Mandatory: true, Encoding: "Unit" }
[2m2026-09-14T10:47:58.903219Z[0m [31mERROR[0m codec_extension ThreadId(12) [2mzenoh_codec::common::extension[0m[2m:[0m Unknown Test ext: ZExtUnknown { Id: 2, Mandatory: true, Encoding: "Z64", Value: 8778593589798124239 }
[2m2026-09-14T10:47:58.903252Z[0m [31mERROR[0m codec_extension ThreadId(12) [2mzenoh_codec::common::extension[0m[2m:[0m Unknown Test ext: ZExtUnknown { Id: 3, Mandatory: true, Encoding: "Unit" }
[2m2026-09-14T10:47:58.903284Z[0m [31mERROR[0m codec_extension ThreadId(12) [2mzenoh_codec::common::extension[0m[2m:[0m Unknown Test ext: ZExtUnknown { Id: 13, Mandatory: true, Encoding: "Z64", Value: 14158383560294752941 }
[2m2026-09-14T10:47:58.903302Z[0m [31mERROR[0m codec_extension ThreadId(12) [2mzenoh_codec::common::extension[0m[2m:[0m Unknown Test ext: ZExtUnknown { Id: 9, Mandatory: true, Encoding: "Unit" }
[2m2026-09-14T10:47:58.903321Z[0m [31mERROR[0m codec_extension ThreadId(12) [2mzenoh_codec::common::extension[0m[2m:[0m Unknown Test ext: ZExtUnknown { Id: 9, Mandatory: true, Encoding: "ZBuf", Value: ZBuf { slices: [[45, 46, 14, 93, af, 14, 57, e3, c8, ef, 39, 08, dd, 4f, d3, 81, 51, e2, 2b, 3f, e4, e0, 9e, 25, b8, b0]] } }
[2m2026-09-14T10:47:58.903326Z[0m [31mERROR[0m codec_extension ThreadId(12) [2mzenoh_codec::common::extension[0m[2m:[0m Unknown Test ext: ZExtUnknown { Id: 5, Mandatory: true, Encoding: "Unit" }
[2m2026-09-14T10:47:58.903343Z[0m [31mERROR[0m codec_extension ThreadId(12) [2mzenoh_codec::common::extension[0m[2m:[0m Unknown Test ext: ZExtUnknown { Id: 4, Mandatory: true, Encoding: "Unit" }
[2m2026-09-14T10:47:58.903376Z[0m [31mERROR[0m codec_extension ThreadId(12) [2mzenoh_codec::common::extension[0m[2m:[0m Unknown Test ext: ZExtUnknown { Id: 4, Mandatory: true, Encoding: "Unit" }
[2m2026-09-14T10:47:58.903393Z[0m [31mERROR[0m codec_extension ThreadId(12) [2mzenoh_codec::common::extension[0m[2m:[0m Unknown Test ext: ZExtUnknown { Id: 12, Mandatory: true, Encoding: "ZBuf", Value: ZBuf { slices: [[57, f3, 67, ca, 45, 53, 0d, 48, 1a, c5, d2, 5b, c5, 16, 3b, 30, f9, d3, d2, a0, dc, dd, ea, 4b, 79, ad, ab, 42, 87, ed, 65, ee, 98, 2a, 18, 4a, bf, 53, 9c, d9, e4, d7, 88, 94]] } }
[2m2026-09-14T10:47:58.903442Z[0m [31mERROR[0m codec_extension ThreadId(12) [2mzenoh_codec::common::extension[0m[2m:[0m Unknown Test ext: ZExtUnknown { Id: 7, Mandatory: true, Encoding: "Z64", Value: 3670057820316024571 }
[2m2026-09-14T10:47:58.903446Z[0m [31mERROR[0m codec_extension ThreadId(12) [2mzenoh_codec::common::extension[0m[2m:[0m Unknown Test ext: ZExtUnknown { Id: 4, Mandatory: true, Encoding: "ZBuf", Value: ZBuf { slices: [[9f, 11, 12, 06, e0, 98, 20, 1e, 3d, 86, 20, 8b, 34, e2, 72, fe, 7d, 66, 8c, 14, f2, 10, 6e, 83, ce, ee, d1, 32, f7]] } }
[2m2026-09-14T10:47:58.903465Z[0m [31mERROR[0m codec_extension ThreadId(12) [2mzenoh_codec::common::extension[0m[2m:[0m Unknown Test ext: ZExtUnknown { Id: 7, Mandatory: true, Encoding: "Unit" }
[2m2026-09-14T10:47:58.903482Z[0m [31mERROR[0m codec_extension ThreadId(12) [2mzenoh_codec::common::extension[0m[2m:[0m Unknown Test ext: ZExtUnknown { Id: 6, Mandatory: true, Encoding: "ZBuf", Value: ZBuf { slices: [[2f, 36, f1, a7, a0, 61, 45, 11, 00, 6f, c6, b1, aa, ab, 8b, 3a, 49, 29, 08, cb, b7, b4, a8, 10, 37, 49, e0, b3, 00, f5, cb, 98, 1b]] } }
[2m2026-09-14T10:47:58.903489Z[0m [31mERROR[0m codec_extension ThreadId(12) [2mzenoh_codec::common::extension[0m[2m:[0m Unknown Test ext: ZExtUnknown { Id: 3, Mandatory: true, Encoding: "Unit" }
[2m2026-09-14T10:47:58.903525Z[0m [31mERROR[0m codec_extension ThreadId(12) [2mzenoh_codec::common::extension[0m[2m:[0m Unknown Test ext: ZExtUnknown { Id: 12, Mandatory: true, Encoding: "Z64", Value: 549814943645270966 }
[2m2026-09-14T10:47:58.903586Z[0m [31mERROR[0m codec_extension ThreadId(12) [2mzenoh_codec::common::extension[0m[2m:[0m Unknown Test ext: ZExtUnknown { Id: 5, Mandatory: true, Encoding: "Unit" }
[2m2026-09-14T10:47:58.903590Z[0m [31mERROR[0m codec_extension ThreadId(12) [2mzenoh_codec::common::extension[0m[2m:[0m Unknown Test ext: ZExtUnknown { Id: 13, Mandatory: true, Encoding: "Unit" }
[2m2026-09-14T10:47:58.903607Z[0m [31mERROR[0m codec_extension ThreadId(12) [2mzenoh_codec::common::extension[0m[2m:[0m Unknown Test ext: ZExtUnknown { Id: 10, Mandatory: true, Encoding: "Z64", Value: 12618165777504978858 }
[2m2026-09-14T10:47:58.903626Z[0m [31mERROR[0m codec_extension ThreadId(12) [2mzenoh_codec::common::extension[0m[2m:[0m Unknown Test ext: ZExtUnknown { Id: 1, Mandatory: true, Encoding: "Unit" }
[2m2026-09-14T10:47:58.903654Z[0m [31mERROR[0m codec_extension ThreadId(12) [2mzenoh_codec::common::extension[0m[2m:[0m Unknown Test ext: ZExtUnknown { Id: 2, Mandatory: true, Encoding: "Z64", Value: 17956000190452600808 }
[2m2026-09-14T10:47:58.903688Z[0m [31mERROR[0m codec_extension ThreadId(12) [2mzenoh_codec::common::extension[0m[2m:[0m Unknown Test ext: ZExtUnknown { Id: 7, Mandatory: true, Encoding: "Unit" }
[2m2026-09-14T10:47:58.903720Z[0m [31mERROR[0m codec_extension ThreadId(12) [2mzenoh_codec::common::extension[0m[2m:[0m Unknown Test ext: ZExtUnknown { Id: 0, Mandatory: true, Encoding: "ZBuf", Value: ZBuf { slices: [[47, 96, 31, 5b, c8, b1, 98, 7e, 37, 21, 46, a9, 16, e2, af, f6, 84, 4a, 74, 4f, b1, d3, 40, 92, 62, 38, 87, 2a, 34, 7f, 65, 13, ff, 3e, e3]] } }
[2m2026-09-14T10:47:58.903785Z[0m [31mERROR[0m codec_extension ThreadId(12) [2mzenoh_codec::common::extension[0m[2m:[0m Unknown Test ext: ZExtUnknown { Id: 5, Mandatory: true, Encoding: "Z64", Value: 11752195333763905474 }
[2m2026-09-14T10:47:58.903818Z[0m [31mERROR[0m codec_extension ThreadId(12) [2mzenoh_codec::common::extension[0m[2m:[0m Unknown Test ext: ZExtUnknown { Id: 13, Mandatory: true, Encoding: "Unit" }
[2m2026-09-14T10:47:58.903850Z[0m [31mERROR[0m codec_extension ThreadId(12) [2mzenoh_codec::common::extension[0m[2m:[0m Unknown Test ext: ZExtUnknown { Id: 10, Mandatory: true, Encoding: "Unit" }
[2m2026-09-14T10:47:58.903868Z[0m [31mERROR[0m codec_extension ThreadId(12) [2mzenoh_codec::common::extension[0m[2m:[0m Unknown Test ext: ZExtUnknown { Id: 15, Mandatory: true, Encoding: "ZBuf", Value: ZBuf { slices: [[da, 6f, 4b, 17, a5, 62, 6c, 30, 85, 40, 77, 10, 77, c6, 5f, a8, 9c, af, 6e, ba, 7c, 12, 51, b0, 50, bc, d8, 47, 58, 25, 57, 03, 89, a4, e0, 9a, 43, 89, 7a, 17, b8, e6, 02, 2b, 11, cd, ea, 62, 5d, 8f, 1f, 48]] } }
[2m2026-09-14T10:47:58.903874Z[0m [31mERROR[0m codec_extension ThreadId(12) [2mzenoh_codec::common::extension[0m[2m:[0m Unknown Test ext: ZExtUnknown { Id: 14, Mandatory: true, Encoding: "Unit" }
[2m2026-09-14T10:47:58.903905Z[0m [31mERROR[0m codec_extension ThreadId(12) [2mzenoh_codec::common::extension[0m[2m:[0m Unknown Test ext: ZExtUnknown { Id: 9, Mandatory: true, Encoding: "Z64", Value: 8734536625922635741 }
[2m2026-09-14T10:47:58.903924Z[0m [31mERROR[0m codec_extension ThreadId(12) [2mzenoh_codec::common::extension[0m[2m:[0m Unknown Test ext: ZExtUnknown { Id: 12, Mandatory: true, Encoding: "ZBuf", Value: ZBuf { slices: [[14, 87, 92, 2f, de, b5, 3a, 23]] } }
[2m2026-09-14T10:47:58.903942Z[0m [31mERROR[0m codec_extension ThreadId(12) [2mzenoh_codec::common::extension[0m[2m:[0m Unknown Test ext: ZExtUnknown { Id: 10, Mandatory: true, Encoding: "Unit" }
[2m2026-09-14T10:47:58.903975Z[0m [31mERROR[0m codec_extension ThreadId(12) [2mzenoh_codec::common::extension[0m[2m:[0m Unknown Test ext: ZExtUnknown { Id: 3, Mandatory: true, Encoding: "ZBuf", Value: ZBuf { slices: [[c5, c2, 99, 01, ac, 18, 23, ca, e5, a5, 9c, 27, da, aa, 78, 0e, bf, 80, f9, f4, e7, 2e, 19, 0d, 0f, dd, 33, 47, e6, b8, 8e, ac, 15, f4, c1, 40, b3, 99, d3, 5a, 96, 93, ff, 5e, 59, 04, 75, 84, 67, bf, 8f, 1d, 63, c4, 7b, d0, 02, 08, 42, 3d, 47, f0, 59, 99]] } }
[2m2026-09-14T10:47:58.903996Z[0m [31mERROR[0m codec_extension ThreadId(12) [2mzenoh_codec::common::extension[0m[2m:[0m Unknown Test ext: ZExtUnknown { Id: 14, Mandatory: true, Encoding: "Unit" }
[2m2026-09-14T10:47:58.903999Z[0m [31mERROR[0m codec_extension ThreadId(12) [2mzenoh_codec::common::extension[0m[2m:[0m Unknown Test ext: ZExtUnknown { Id: 3, Mandatory: true, Encoding: "Unit" }
[2m2026-09-14T10:47:58.904017Z[0m [31mERROR[0m codec_extension ThreadId(12) [2mzenoh_codec::common::extension[0m[2m:[0m Unknown Test ext: ZExtUnknown { Id: 7, Mandatory: true, Encoding: "Z64", Value: 6421354851743938010 }
[2m2026-09-14T10:47:58.904035Z[0m [31mERROR[0m codec_extension ThreadId(12) [2mzenoh_codec::common::extension[0m[2m:[0m Unknown Test ext: ZExtUnknown { Id: 10, Mandatory: true, Encoding: "Z64", Value: 4392686581964555225 }
[2m2026-09-14T10:47:58.904039Z[0m [31mERROR[0m codec_extension ThreadId(12) [2mzenoh_codec::common::extension[0m[2m:[0m Unknown Test ext: ZExtUnknown { Id: 6, Mandatory: true, Encoding: "ZBuf", Value: ZBuf { slices: [[ec, 06, d1, c4, 53, a0, 7d, fa, 5c, fc, d6, f1, 00]] } }
[2m2026-09-14T10:47:58.904057Z[0m [31mERROR[0m codec_extension ThreadId(12) [2mzenoh_codec::common::extension[0m[2m:[0m Unknown Test ext: ZExtUnknown { Id: 11, Mandatory: true, Encoding: "Unit" }
[2m2026-09-14T10:47:58.904060Z[0m [31mERROR[0m codec_extension ThreadId(12) [2mzenoh_codec::common::extension[0m[2m:[0m Unknown Test ext: ZExtUnknown { Id: 5, Mandatory: true, Encoding: "Unit" }
[2m2026-09-14T10:47:58.904079Z[0m [31mERROR[0m codec_extension ThreadId(12) [2mzenoh_codec::common::extension[0m[2m:[0m Unknown Test ext: ZExtUnknown { Id: 1, Mandatory: true, Encoding: "ZBuf", Value: ZBuf { slices: [[77, 64, 1f, 57, d8, 2b, 5e, 61, 5d, 49, cb, 61, 0c, e0, ba, 25, 4c, 62, a6, cc, 65, 9e, 10, 0a, 8a, 84, 8b, ad, 65, ac, 24, da, 38, 80, 05, f3, cd, 37, 83, 7f, a9, 52, 27, 31, 09, 10, 5d, 06, d6, 83, 7b, 55, c3, ee, 36]] } }
[2m2026-09-14T10:47:58.904100Z[0m [31mERROR[0m codec_extension ThreadId(12) [2mzenoh_codec::common::extension[0m[2m:[0m Unknown Test ext: ZExtUnknown { Id: 11, Mandatory: true, Encoding: "ZBuf", Value: ZBuf { slices: [[15, a5, aa, d8, 8b, 84, 45, 69, 9e, d4, 40, f7, 08, f4, 68, 49, 52, 30, 0c, ed, de, fb, c9, d7, 39, fd, 4f, 28, da, d2, 11, 83, 8f, 78, cc, ea, 51, 84, e3]] } }
[2m2026-09-14T10:47:58.904164Z[0m [31mERROR[0m codec_extension ThreadId(12) [2mzenoh_codec::common::extension[0m[2m:[0m Unknown Test ext: ZExtUnknown { Id: 13, Mandatory: true, Encoding: "Z64", Value: 6303925540484746781 }
[2m2026-09-14T10:47:58.904197Z[0m [31mERROR[0m codec_extension ThreadId(12) [2mzenoh_codec::common::extension[0m[2m:[0m Unknown Test ext: ZExtUnknown { Id: 8, Mandatory: true, Encoding: "ZBuf", Value: ZBuf { slices: [[81, 8e, f9, 16, 1b, b6, 74, 61, 66, 09, 0b, e3, a6, 06, 8e, 91, 61, 7d, ea, 67, 44, 22, 4a, eb, 0d]] } }
[2m2026-09-14T10:47:58.904202Z[0m [31mERROR[0m codec_extension ThreadId(12) [2mzenoh_codec::common::extension[0m[2m:[0m Unknown Test ext: ZExtUnknown { Id: 2, Mandatory: true, Encoding: "ZBuf", Value: ZBuf { slices: [[2f, 18, 35, 9e, d0, b2, a8, 80, d0, b8, 6b, ca, 7e, d2, f5, 8e, 8e, a0, d6, 84, 57, c3, 0d, 39, 13, de, 3c, 25, c4, 89, a0, 30]] } }
[2m2026-09-14T10:47:58.904236Z[0m [31mERROR[0m codec_extension ThreadId(12) [2mzenoh_codec::common::extension[0m[2m:[0m Unknown Test ext: ZExtUnknown { Id: 5, Mandatory: true, Encoding: "ZBuf", Value: ZBuf { slices: [[14, a5, 4c, 63, bc, 2d, 84, 14, 70, e3, c0, a9, 18, f0, 3e, 83, 2f, 3d, 40, 8f, 11, b5, 4a, 62, 24, fb, 7f, 13, cb, 1c, 55, 5f, a6, bc, f9, 7f, 2d, 5d, 7f, fe, ce]] } }
[2m2026-09-14T10:47:58.904258Z[0m [31mERROR[0m codec_extension ThreadId(12) [2mzenoh_codec::common::extension[0m[2m:[0m Unknown Test ext: ZExtUnknown { Id: 4, Mandatory: true, Encoding: "Z64", Value: 6449412787740273407 }
[2m2026-09-14T10:47:58.904291Z[0m [31mERROR[0m codec_extension ThreadId(12) [2mzenoh_codec::common::extension[0m[2m:[0m Unknown Test ext: ZExtUnknown { Id: 2, Mandatory: true, Encoding: "ZBuf", Value: ZBuf { slices: [[d3, 74, 5c, 9e, fb, 7a, bd, dc, 5d, 25, 29, 36, f9, a9, fd, 8c, 95, 9a, 1c, 7d, 9b, d0, 9a, 38, fb, 42, 02, ce, 92, 57, ad, 81, dd, 97, a7, 4e, 35, c0, 7e, 12, 1e, 16]] } }
[2m2026-09-14T10:47:58.904314Z[0m [31mERROR[0m codec_extension ThreadId(12) [2mzenoh_codec::common::extension[0m[2m:[0m Unknown Test ext: ZExtUnknown { Id: 1, Mandatory: true, Encoding: "Z64", Value: 4612433037631995760 }
[2m2026-09-14T10:47:58.904333Z[0m [31mERROR[0m codec_extension ThreadId(12) [2mzenoh_codec::common::extension[0m[2m:[0m Unknown Test ext: ZExtUnknown { Id: 8, Mandatory: true, Encoding: "ZBuf", Value: ZBuf { slices: [[ea, 2b, 38, 46, f9, 38, 0d, ce, c9, 42]] } }
[2m2026-09-14T10:47:58.904352Z[0m [31mERROR[0m codec_extension ThreadId(12) [2mzenoh_codec::common::extension[0m[2m:[0m Unknown Test ext: ZExtUnknown { Id: 13, Mandatory: true, Encoding: "ZBuf", Value: ZBuf { slices: [[61, 23, 5d, b4, 8e, 15, 8f, e5, 35, 33, 8b, 25, 6a, ec, a1, 85, 93, c7, eb, a9]] } }
[2m2026-09-14T10:47:58.904402Z[0m [31mERROR[0m codec_extension ThreadId(12) [2mzenoh_codec::common::extension[0m[2m:[0m Unknown Test ext: ZExtUnknown { Id: 10, Mandatory: true, Encoding: "Unit" }
[2m2026-09-14T10:47:58.904419Z[0m [31mERROR[0m codec_extension ThreadId(12) [2mzenoh_codec::common::extension[0m[2m:[0m Unknown Test ext: ZExtUnknown { Id: 11, Mandatory: true, Encoding: "ZBuf", Value: ZBuf { slices: [[5a, f0, dd, 3b, 18, d4, 32, e7, 08, e0, 80, bb, ad, af, 8c, 4f, a0, 66, f7, 40, ad, ac, 23, 99, 98, e0, 4d, 2b, fd, 87, 53, 49, 36]] } }
[2m2026-09-14T10:47:58.904439Z[0m [31mERROR[0m codec_extension ThreadId(12) [2mzenoh_codec::common::extension[0m[2m:[0m Unknown Test ext: ZExtUnknown { Id: 2, Mandatory: true, Encoding: "ZBuf", Value: ZBuf { slices: [[04, 2e, 32, 6f, 25, 13, 82, ce, 0b, 20, 9c, 3b, 33, f5, 7a, 30, ad, 64, d4, 25, 58, 63, 2f, 3a, 16, 28, 3d, a0, 7f, 83, 54, 79, ad, 0f, 1c, 6e, 03, 55]] } }
[2m2026-09-14T10:47:58.904459Z[0m [31mERROR[0m codec_extension ThreadId(12) [2mzenoh_codec::common::extension[0m[2m:[0m Unknown Test ext: ZExtUnknown { Id: 14, Mandatory: true, Encoding: "ZBuf", Value: ZBuf { slices: [[f5, 5f, 00, 46, 39, 90, 99, bf, 84, cc, 21, d8, 06, 84, d8, 43, 5d, fe, 05, 0f, d0, 53, c4, 80, 92, 0b, 12, 6b, bf, 0d, c2, 99, f0, b1, 5b, 67, bb, ba, 88, 6e, 0f, c4, d0, 3d, e6, 2b, 37, 40, af, 96, d0, a0, e1, da, 97, 54, d2, 3e, 0e, 26]] } }
[2m2026-09-14T10:47:58.904495Z[0m [31mERROR[0m codec_extension ThreadId(12) [2mzenoh_codec::common::extension[0m[2m:[0m Unknown Test ext: ZExtUnknown { Id: 3, Mandatory: true, Encoding: "Unit" }
[2m2026-09-14T10:47:58.904543Z[0m [31mERROR[0m codec_extension ThreadId(12) [2mzenoh_codec::common::extension[0m[2m:[0m Unknown Test ext: ZExtUnknown { Id: 4, Mandatory: true, Encoding: "Unit" }
[2m2026-09-14T10:47:58.904562Z[0m [31mERROR[0m codec_extension ThreadId(12) [2mzenoh_codec::common::extension[0m[2m:[0m Unknown Test ext: ZExtUnknown { Id: 3, Mandatory: true, Encoding: "Z64", Value: 13648356387684936075 }
[2m2026-09-14T10:47:58.904581Z[0m [31mERROR[0m codec_extension ThreadId(12) [2mzenoh_codec::common::extension[0m[2m:[0m Unknown Test ext: ZExtUnknown { Id: 2, Mandatory: true, Encoding: "ZBuf", Value: ZBuf { slices: [[90, 74, 4b, 90, 26, 35, 3b, 83, f3, f8, af, 1d, 5f, 33, 97, 71, a3, a0, d9, dd, c1, 87]] } }
[2m2026-09-14T10:47:58.904601Z[0m [31mERROR[0m codec_extension ThreadId(12) [2mzenoh_codec::common::extension[0m[2m:[0m Unknown Test ext: ZExtUnknown { Id: 6, Mandatory: true, Encoding: "ZBuf", Value: ZBuf { slices: [[0b, f8, c8, d2, 86, fc, 20, 6b, a2, 62, af, a3, 8b, f7, 44, 51, d1, b3, 27, e2, 64, 58, 20, 1b, 38, f7, 1e, 0b]] } }
[2m2026-09-14T10:47:58.904622Z[0m [31mERROR[0m codec_extension ThreadId(12) [2mzenoh_codec::common::extension[0m[2m:[0m Unknown Test ext: ZExtUnknown { Id: 11, Mandatory: true, Encoding: "Unit" }
[2m2026-09-14T10:47:58.904625Z[0m [31mERROR[0m codec_extension ThreadId(12) [2mzenoh_codec::common::extension[0m[2m:[0m Unknown Test ext: ZExtUnknown { Id: 1, Mandatory: true, Encoding: "Unit" }
[2m2026-09-14T10:47:58.904664Z[0m [31mERROR[0m codec_extension ThreadId(12) [2mzenoh_codec::common::extension[0m[2m:[0m Unknown Test ext: ZExtUnknown { Id: 9, Mandatory: true, Encoding: "Z64", Value: 6036304083715378737 }
[2m2026-09-14T10:47:58.904668Z[0m [31mERROR[0m codec_extension ThreadId(12) [2mzenoh_codec::common::extension[0m[2m:[0m Unknown Test ext: ZExtUnknown { Id: 6, Mandatory: true, Encoding: "Unit" }
[2m2026-09-14T10:47:58.904686Z[0m [31mERROR[0m codec_extension ThreadId(12) [2mzenoh_codec::common::extension[0m[2m:[0m Unknown Test ext: ZExtUnknown { Id: 8, Mandatory: true, Encoding: "Z64", Value: 2638758877745571230 }
[2m2026-09-14T10:47:58.904704Z[0m [31mERROR[0m codec_extension ThreadId(12) [2mzenoh_codec::common::extension[0m[2m:[0m Unknown Test ext: ZExtUnknown { Id: 5, Mandatory: true, Encoding: "Z64", Value: 1197359026488193624 }
[2m2026-09-14T10:47:58.904736Z[0m [31mERROR[0m codec_extension ThreadId(12) [2mzenoh_codec::common::extension[0m[2m:[0m Unknown Test ext: ZExtUnknown { Id: 8, Mandatory: true, Encoding: "Z64", Value: 11334900423906035789 }
[2m2026-09-14T10:47:58.904771Z[0m [31mERROR[0m codec_extension ThreadId(12) [2mzenoh_codec::common::extension[0m[2m:[0m Unknown Test ext: ZExtUnknown { Id: 8, Mandatory: true, Encoding: "Z64", Value: 8685519867094125580 }
[2m2026-09-14T10:47:58.904820Z[0m [31mERROR[0m codec_extension ThreadId(12) [2mzenoh_codec::common::extension[0m[2m:[0m Unknown Test ext: ZExtUnknown { Id: 4, Mandatory: true, Encoding: "ZBuf", Value: ZBuf { slices: [[e8, 73, 8f, 72, be, f2, 66, 18, 10, f0, d0, 6b, 7d, 2f, c1, 7d, e9, 87, fe, 42, b7, 32, 7b, 67, b9, cd, 00, 2d, 8d, 46, c4, 34, 73, d2, 21, de, 26, af, 58, 64, 54, 93, 7e, 6b, e3, fe, 72, 97, f1, 5e, 6c, c8, 86, 05, c2, d4, bb, 05, ec, 6b, 9d, f7]] } }
[2m2026-09-14T10:47:58.904858Z[0m [31mERROR[0m codec_extension ThreadId(12) [2mzenoh_codec::common::extension[0m[2m:[0m Unknown Test ext: ZExtUnknown { Id: 0, Mandatory: true, Encoding: "ZBuf", Value: ZBuf { slices: [[ce, 7e, 19, 8d, 09, 87, 23, 15, 66, d6]] } }
[2m2026-09-14T10:47:58.904862Z[0m [31mERROR[0m codec_extension ThreadId(12) [2mzenoh_codec::common::extension[0m[2m:[0m Unknown Test ext: ZExtUnknown { Id: 8, Mandatory: true, Encoding: "ZBuf", Value: ZBuf { slices: [[cf, 23, 91, 56, 73, f7, d7, f6, 28, 1d, ea, fd, be, 6b, 5c, 77, 0e, d9, 08, 7a, c0, 70, da, 05, 46, b8]] } }
[2m2026-09-14T10:47:58.904914Z[0m [31mERROR[0m codec_extension ThreadId(12) [2mzenoh_codec::common::extension[0m[2m:[0m Unknown Test ext: ZExtUnknown { Id: 6, Mandatory: true, Encoding: "Z64", Value: 2763387591906773633 }
[2m2026-09-14T10:47:58.904932Z[0m [31mERROR[0m codec_extension ThreadId(12) [2mzenoh_codec::common::extension[0m[2m:[0m Unknown Test ext: ZExtUnknown { Id: 11, Mandatory: true, Encoding: "Z64", Value: 1546545295058673094 }
[2m2026-09-14T10:47:58.904950Z[0m [31mERROR[0m codec_extension ThreadId(12) [2mzenoh_codec::common::extension[0m[2m:[0m Unknown Test ext: ZExtUnknown { Id: 10, Mandatory: true, Encoding: "Unit" }
[2m2026-09-14T10:47:58.904969Z[0m [31mERROR[0m codec_extension ThreadId(12) [2mzenoh_codec::common::extension[0m[2m:[0m Unknown Test ext: ZExtUnknown { Id: 9, Mandatory: true, Encoding: "ZBuf", Value: ZBuf { slices: [[26, 43, 26, a2, 1b, 8f, 7d, 4e, 4e, 66, ab, 06, ec, 5b, 7e, f3]] } }
[2m2026-09-14T10:47:58.905004Z[0m [31mERROR[0m codec_extension ThreadId(12) [2mzenoh_codec::common::extension[0m[2m:[0m Unknown Test ext: ZExtUnknown { Id: 2, Mandatory: true, Encoding: "Z64", Value: 14387208752384861898 }
[2m2026-09-14T10:47:58.905022Z[0m [31mERROR[0m codec_extension ThreadId(12) [2mzenoh_codec::common::extension[0m[2m:[0m Unknown Test ext: ZExtUnknown { Id: 11, Mandatory: true, Encoding: "Z64", Value: 11791799816782736314 }
[2m2026-09-14T10:47:58.905040Z[0m [31mERROR[0m codec_extension ThreadId(12) [2mzenoh_codec::common::extension[0m[2m:[0m Unknown Test ext: ZExtUnknown { Id: 7, Mandatory: true, Encoding: "ZBuf", Value: ZBuf { slices: [[85, 5d, 32, 68, 63, e8, ac, ce, ea, 8d, 74, 0b, d7, 99, 66, 23, c0, 50, 52, cf, db, 1c, 53, fb, e3, 84, e1, 46, 6c, c5, c1, 96, df, 80, be, 8d, b8, e8, 34, 2d, 9b, be, 6c, 02, 4b, f3, d9, c2, b5, fe, 24, 20, 9a, a0, 94, 85, a4, a4, c0, d6, ee, 30, ca, ea]] } }
[2m2026-09-14T10:47:58.905077Z[0m [31mERROR[0m codec_extension ThreadId(12) [2mzenoh_codec::common::extension[0m[2m:[0m Unknown Test ext: ZExtUnknown { Id: 5, Mandatory: true, Encoding: "Z64", Value: 13419200863356744919 }
[2m2026-09-14T10:47:58.905110Z[0m [31mERROR[0m codec_extension ThreadId(12) [2mzenoh_codec::common::extension[0m[2m:[0m Unknown Test ext: ZExtUnknown { Id: 4, Mandatory: true, Encoding: "Unit" }
[2m2026-09-14T10:47:58.905114Z[0m [31mERROR[0m codec_extension ThreadId(12) [2mzenoh_codec::common::extension[0m[2m:[0m Unknown Test ext: ZExtUnknown { Id: 3, Mandatory: true, Encoding: "Unit" }
[2m2026-09-14T10:47:58.905131Z[0m [31mERROR[0m codec_extension ThreadId(12) [2mzenoh_codec::common::extension[0m[2m:[0m Unknown Test ext: ZExtUnknown { Id: 14, Mandatory: true, Encoding: "ZBuf", Value: ZBuf { slices: [[bd, 33, 7f, 23, 34, 31, 84, 8e, 1c, ac, 0e]] } }
[2m2026-09-14T10:47:58.905150Z[0m [31mERROR[0m codec_extension ThreadId(12) [2mzenoh_codec::common::extension[0m[2m:[0m Unknown Test ext: ZExtUnknown { Id: 2, Mandatory: true, Encoding: "Z64", Value: 13693691527277159667 }
[2m2026-09-14T10:47:58.905154Z[0m [31mERROR[0m codec_extension ThreadId(12) [2mzenoh_codec::common::extension[0m[2m:[0m Unknown Test ext: ZExtUnknown { Id: 11, Mandatory: true, Encoding: "ZBuf", Value: ZBuf { slices: [[3e, 97, ce, 4b, 21, d5, 61, 95, c2, 5a, d9, a2, 7a, f6, fb, e2, 90, e7, 1e, 92, 8e, a6, f0, 82, 10, 6d, 40, cd, 94, 2a, d2, 30, 57]] } }
[2m2026-09-14T10:47:58.905188Z[0m [31mERROR[0m codec_extension ThreadId(12) [2mzenoh_codec::common::extension[0m[2m:[0m Unknown Test ext: ZExtUnknown { Id: 8, Mandatory: true, Encoding: "ZBuf", Value: ZBuf { slices: [[98, 2c, 63, c5, 50, f4, 5c, 92, 9a, 33, ac, cd, 77, 51, 5d, a4, 8f, 73, d7, f8, 6c, 6b, 47, 43, 01, 66, 42, 0a, 4e, d5, b4, 4e, 8e, b6, a4, 01, 29, c7, a9, b2, 37, db, f8, 73, d6, 54, cd, 15, 1a, fb, 46, bf, 76, dc, 7f, 0f, 2e, 2a, 14, f3, 7e, d8]] } }
[2m2026-09-14T10:47:58.905195Z[0m [31mERROR[0m codec_extension ThreadId(12) [2mzenoh_codec::common::extension[0m[2m:[0m Unknown Test ext: ZExtUnknown { Id: 12, Mandatory: true, Encoding: "ZBuf", Value: ZBuf { slices: [[c4, 0f, 57, c8, 3d, ee, 7b, f1, b0, 1a, bc, 5b]] } }
[2m2026-09-14T10:47:58.905259Z[0m [31mERROR[0m codec_extension ThreadId(12) [2mzenoh_codec::common::extension[0m[2m:[0m Unknown Test ext: ZExtUnknown { Id: 6, Mandatory: true, Encoding: "Unit" }
[2m2026-09-14T10:47:58.905263Z[0m [31mERROR[0m codec_extension ThreadId(12) [2mzenoh_codec::common::extension[0m[2m:[0m Unknown Test ext: ZExtUnknown { Id: 3, Mandatory: true, Encoding: "ZBuf", Value: ZBuf { slices: [[8f, 25, 70, b1, 26, 15, 73, 91, 12, 93]] } }
[2m2026-09-14T10:47:58.905297Z[0m [31mERROR[0m codec_extension ThreadId(12) [2mzenoh_codec::common::extension[0m[2m:[0m Unknown Test ext: ZExtUnknown { Id: 14, Mandatory: true, Encoding: "Z64", Value: 4294402268500733061 }
[2m2026-09-14T10:47:58.905316Z[0m [31mERROR[0m codec_extension ThreadId(12) [2mzenoh_codec::common::extension[0m[2m:[0m Unknown Test ext: ZExtUnknown { Id: 6, Mandatory: true, Encoding: "ZBuf", Value: ZBuf { slices: [[63, ca, e8, 32, e8, 5b, 12, c7, 4c, ba, 63, d9, 7d, ae, 99, f5, b5, 57, 81, 3f, ef, ab, 37, f2, 92, 9b, ba, 9d, 75, fd, 03, a4, 13, 81, b7, 11]] } }
[2m2026-09-14T10:47:58.905337Z[0m [31mERROR[0m codec_extension ThreadId(12) [2mzenoh_codec::common::extension[0m[2m:[0m Unknown Test ext: ZExtUnknown { Id: 9, Mandatory: true, Encoding: "Z64", Value: 16740605270968662590 }
[2m2026-09-14T10:47:58.905356Z[0m [31mERROR[0m codec_extension ThreadId(12) [2mzenoh_codec::common::extension[0m[2m:[0m Unknown Test ext: ZExtUnknown { Id: 10, Mandatory: true, Encoding: "Z64", Value: 10902294569446936822 }
[2m2026-09-14T10:47:58.905375Z[0m [31mERROR[0m codec_extension ThreadId(12) [2mzenoh_codec::common::extension[0m[2m:[0m Unknown Test ext: ZExtUnknown { Id: 12, Mandatory: true, Encoding: "ZBuf", Value: ZBuf { slices: [[6e, 58, 0e, 90, 23, 07, 81, 79, 0f, 1c, 6f, 72, d2]] } }
[2m2026-09-14T10:47:58.905394Z[0m [31mERROR[0m codec_extension ThreadId(12) [2mzenoh_codec::common::extension[0m[2m:[0m Unknown Test ext: ZExtUnknown { Id: 7, Mandatory: true, Encoding: "ZBuf", Value: ZBuf { slices: [[26, aa, b7, f1, 78, a3, d6, aa, 43, 38, d0, 23, 5d, b7, 27, 98, 24, 41, 73, 73, 31, 9c, d6, 45, 1f, 88, b1, 80, 85, 0f, dd, 06, 34, 08, 23, e6, 63, fe, 7d, 49, 88, 2d, 38, 0d, cf, 3a, 5c, ec, a4, 29, 65, 0d, d8, 84, 54, a1, aa, de, 29, 5e, 8b]] } }
[2m2026-09-14T10:47:58.905414Z[0m [31mERROR[0m codec_extension ThreadId(12) [2mzenoh_codec::common::extension[0m[2m:[0m Unknown Test ext: ZExtUnknown { Id: 10, Mandatory: true, Encoding: "Unit" }
[2m2026-09-14T10:47:58.905464Z[0m [31mERROR[0m codec_extension ThreadId(12) [2mzenoh_codec::common::extension[0m[2m:[0m Unknown Test ext: ZExtUnknown { Id: 4, Mandatory: true, Encoding: "Z64", Value: 5304815016341277040 }
[2m2026-09-14T10:47:58.905483Z[0m [31mERROR[0m codec_extension ThreadId(12) [2mzenoh_codec::common::extension[0m[2m:[0m Unknown Test ext: ZExtUnknown { Id: 3, Mandatory: true, Encoding: "Z64", Value: 12223891349960756919 }
[2m2026-09-14T10:47:58.905516Z[0m [31mERROR[0m codec_extension ThreadId(12) [2mzenoh_codec::common::extension[0m[2m:[0m Unknown Test ext: ZExtUnknown { Id: 11, Mandatory: true, Encoding: "Z64", Value: 1792003398293122627 }
[2m2026-09-14T10:47:58.905519Z[0m [31mERROR[0m codec_extension ThreadId(12) [2mzenoh_codec::common::extension[0m[2m:[0m Unknown Test ext: ZExtUnknown { Id: 15, Mandatory: true, Encoding: "Unit" }
[2m2026-09-14T10:47:58.905537Z[0m [31mERROR[0m codec_extension ThreadId(12) [2mzenoh_codec::common::extension[0m[2m:[0m Unknown Test ext: ZExtUnknown { Id: 9, Mandatory: true, Encoding: "Z64", Value: 12277665679525921368 }
[2m2026-09-14T10:47:58.905555Z[0m [31mERROR[0m codec_extension ThreadId(12) [2mzenoh_codec::common::extension[0m[2m:[0m Unknown Test ext: ZExtUnknown { Id: 12, Mandatory: true, Encoding: "Unit" }
[2m2026-09-14T10:47:58.905603Z[0m [31mERROR[0m codec_extension ThreadId(12) [2mzenoh_codec::common::extension[0m[2m:[0m Unknown Test ext: ZExtUnknown { Id: 13, Mandatory: true, Encoding: "Unit" }
[2m2026-09-14T10:47:58.905607Z[0m [31mERROR[0m codec_extension ThreadId(12) [2mzenoh_codec::common::extension[0m[2m:[0m Unknown Test ext: ZExtUnknown { Id: 6, Mandatory: true, Encoding: "ZBuf", Value: ZBuf { slices: [[04, 82, 4b, fa, 2a, ce, 61, 13, d0, c6, 0b, 5a, e1, 55, 1e, 75, 47, 4f, 16, b3, a1]] } }
[2m2026-09-14T10:47:58.905634Z[0m [31mERROR[0m codec_extension ThreadId(12) [2mzenoh_codec::common::extension[0m[2m:[0m Unknown Test ext: ZExtUnknown { Id: 9, Mandatory: true, Encoding: "Z64", Value: 1981770233725033551 }
[2m2026-09-14T10:47:58.905653Z[0m [31mERROR[0m codec_extension ThreadId(12) [2mzenoh_codec::common::extension[0m[2m:[0m Unknown Test ext: ZExtUnknown { Id: 2, Mandatory: true, Encoding: "Unit" }
[2m2026-09-14T10:47:58.905671Z[0m [31mERROR[0m codec_extension ThreadId(12) [2mzenoh_codec::common::extension[0m[2m:[0m Unknown Test ext: ZExtUnknown { Id: 13, Mandatory: true, Encoding: "Unit" }
[2m2026-09-14T10:47:58.905721Z[0m [31mERROR[0m codec_extension ThreadId(12) [2mzenoh_codec::common::extension[0m[2m:[0m Unknown Test ext: ZExtUnknown { Id: 11, Mandatory: true, Encoding: "ZBuf", Value: ZBuf { slices: [[14, 01, bb, 25, c7, 1b, 8a, 10, 38, ca, 94, df, de, 12, c7, d2, ae, 75, e9, 44, ea, af, 1c, 74, 2a, 9c, 89, 31, ae, 8d, f1, 36, c3, e8, d5, 08, 0a, fe, 87, 93, cb, 9a, 1d]] } }
[2m2026-09-14T10:47:58.905742Z[0m [31mERROR[0m codec_extension ThreadId(12) [2mzenoh_codec::common::extension[0m[2m:[0m Unknown Test ext: ZExtUnknown { Id: 5, Mandatory: true, Encoding: "Z64", Value: 1588237935983576372 }
[2m2026-09-14T10:47:58.905760Z[0m [31mERROR[0m codec_extension ThreadId(12) [2mzenoh_codec::common::extension[0m[2m:[0m Unknown Test ext: ZExtUnknown { Id: 2, Mandatory: true, Encoding: "Z64", Value: 8933511960288238660 }
[2m2026-09-14T10:47:58.905839Z[0m [31mERROR[0m codec_extension ThreadId(12) [2mzenoh_codec::common::extension[0m[2m:[0m Unknown Test ext: ZExtUnknown { Id: 13, Mandatory: true, Encoding: "Unit" }
[2m2026-09-14T10:47:58.905843Z[0m [31mERROR[0m codec_extension ThreadId(12) [2mzenoh_codec::common::extension[0m[2m:[0m Unknown Test ext: ZExtUnknown { Id: 12, Mandatory: true, Encoding: "Z64", Value: 10448903464812523336 }
[2m2026-09-14T10:47:58.905862Z[0m [31mERROR[0m codec_extension ThreadId(12) [2mzenoh_codec::common::extension[0m[2m:[0m Unknown Test ext: ZExtUnknown { Id: 14, Mandatory: true, Encoding: "ZBuf", Value: ZBuf { slices: [[fb, 87, 82, 7b, 19, cc, ef, b7, 3e, 3b, a9, 61, 70, 3b, 85, 41, 99, 2a, f7, fe, 21, 4d, b6, e4, 22, 62, 9e, 12, 58, 88, 30, 2f, 43, 31, 05, e6, b5, 5a, 2b, 88, 71, 68, f4, 38, dd, 82, b4, b2, cc, c7, 79, 9a, 00]] } }
[2m2026-09-14T10:47:58.905898Z[0m [31mERROR[0m codec_extension ThreadId(12) [2mzenoh_codec::common::extension[0m[2m:[0m Unknown Test ext: ZExtUnknown { Id: 9, Mandatory: true, Encoding: "Unit" }
[2m2026-09-14T10:47:58.905916Z[0m [31mERROR[0m codec_extension ThreadId(12) [2mzenoh_codec::common::extension[0m[2m:[0m Unknown Test ext: ZExtUnknown { Id: 9, Mandatory: true, Encoding: "Unit" }
[2m2026-09-14T10:47:58.905962Z[0m [31mERROR[0m codec_extension ThreadId(12) [2mzenoh_codec::common::extension[0m[2m:[0m Unknown Test ext: ZExtUnknown { Id: 12, Mandatory: true, Encoding: "ZBuf", Value: ZBuf { slices: [[ee, 24, 87, 26, 89, 04, 5a, 2f, 1d, 47, ab, db, 70, 9c, 57, 6a, 7a, ae, e0, 66, 44, e3, 9a, 36, 93, dc, 6e, b7, 1d, 8c, 8e, b4, 6b, d4, f5, 15, 85, b9, c0, 31, fc, a5, b6, 56, 7e, a4, a1, d2, 50, b8, de, 62, 3b, 75, a9]] } }
[2m2026-09-14T10:47:58.905985Z[0m [31mERROR[0m codec_extension ThreadId(12) [2mzenoh_codec::common::extension[0m[2m:[0m Unknown Test ext: ZExtUnknown { Id: 10, Mandatory: true, Encoding: "ZBuf", Value: ZBuf { slices: [[5a, ff, 7c, 41, 43, 45, 21, 0b, fb, 28, d7, 4c, 0c, 66, 1f, 9e, e2, 9a, b8, 0e, ef]] } }
[2m2026-09-14T10:47:58.906020Z[0m [31mERROR[0m codec_extension ThreadId(12) [2mzenoh_codec::common::extension[0m[2m:[0m Unknown Test ext: ZExtUnknown { Id: 14, Mandatory: true, Encoding: "Unit" }
[2m2026-09-14T10:47:58.906068Z[0m [31mERROR[0m codec_extension ThreadId(12) [2mzenoh_codec::common::extension[0m[2m:[0m Unknown Test ext: ZExtUnknown { Id: 8, Mandatory: true, Encoding: "Unit" }
[2m2026-09-14T10:47:58.906072Z[0m [31mERROR[0m codec_extension ThreadId(12) [2mzenoh_codec::common::extension[0m[2m:[0m Unknown Test ext: ZExtUnknown { Id: 4, Mandatory: true, Encoding: "ZBuf", Value: ZBuf { slices: [[8a, 2a, da, b8, 85, b5, 7d, 9c, 3a, 37, 55, a1, fd, 0a, cf, 19, 4f, 8c, e5, 9d, 7a, d3, cf, b1, 69, a5, 23, 1b, 62, e1, 5e]] } }
[2m2026-09-14T10:47:58.906091Z[0m [31mERROR[0m codec_extension ThreadId(12) [2mzenoh_codec::common::extension[0m[2m:[0m Unknown Test ext: ZExtUnknown { Id: 3, Mandatory: true, Encoding: "ZBuf", Value: ZBuf { slices: [[64, a0, fa, 6b, 59, a4, ab, eb, fc, 4d, 8f, 7f, 44, 11, ea, fb, ca, fc, 00, 83, 54, e2, dd, 78, 17, 9b, 97, 7f, 12, 0d, cb, ca, e0, 85, fb, 3b, d7, 73, 65, f8, fe, 4c, 53, b9, ce, 75, 98, ed]] } }
ok
test codec_fragment ... ok
test codec_fragment_header ... ok
test codec_frame ... ok
test codec_frame_header ... ok
test codec_hello ... ok
test codec_init_ack ... ok
test codec_init_syn ... ok
test codec_interest ... ok
test codec_join ... ok
test codec_keep_alive ... ok
test codec_locator ... ok
test codec_network ... ok
test codec_network_oam ... ok
test codec_open_ack ... ok
test codec_open_syn ... ok
test codec_push ... ok
test codec_put ... ok
test codec_query ... ok
test codec_reply ... ok
test codec_request ... ok
test codec_response ... ok
test codec_response_final ... ok
test codec_scout ... ok
test codec_scouting ... ok
test codec_string ... ok
test codec_string_bounded ... ok
test codec_timestamp ... ok
test codec_transport ... ok
test codec_transport_oam ... ok
test codec_undeclare_keyexpr ... ok
test codec_undeclare_queryable ... ok
test codec_undeclare_subscriber ... ok
test codec_undeclare_token ... ok
test codec_zbuf ... ok
test codec_zbuf_bounded ... ok
test codec_zid ... ok
test codec_zint ... ok
test codec_zint_bounded ... ok
test codec_zint_len ... ok
test codec_zslice ... ok
test codec_zslice_bounded ... ok
test zbuf_test ... ok

test result: ok. 53 passed; 0 failed; 0 ignored; 0 measured; 0 filtered out; finished in 1.01s

