    Finished `test` profile [unoptimized + debuginfo] target(s) in 0.33s
     Running unittests src/lib.rs (target/debug/deps/zenoh-6b58e23279eb4691)

running 101 tests
test api::cancellation::test::concurrent_cancel ... ok
test api::cancellation::test::concurrent_cancel_async ... ok
test api::cancellation::test::concurrent_cancel_with_err ... ok
test api::config::tests::insert_remove_json5_array_item ... ok
test api::config::tests::runtime_try_insert_json5_array_item_rejects_non_plugin_keys ... ok
test api::encoding::tests::hash ... ok
test api::encoding::tests::test_default_encoding ... ok
test api::encoding::tests::test_from_str ... ok
test api::encoding::tests::test_schema ... ok
test api::encoding::tests::test_to_string ... ok
test api::info::tests::test_new_from_fields_equals_new_from_peer ... ok
test api::key_expr::size_of_KeyExpr ... ok
test api::publisher::tests::priority_from ... ok
test api::publisher::tests::sample_kind_integrity_in_publication ... ok
test api::publisher::tests::sample_kind_integrity_in_put_builder ... ok
test api::selector::selector_accessors ... ok
test net::protocol::network::tests::test_gossip_singlehop_linkstate_empty_links_not_overwritten ... ok
test net::routing::dispatcher::local_resources::tests::test_aggregate ... ok
test net::routing::dispatcher::local_resources::tests::test_simple ... ok
test net::routing::dispatcher::region::region_indexes ... ok
test net::tests::regions::adminspace::test_sourced_entities_and_interests::whatami_peer_expects ... ok
test net::tests::regions::adminspace::test_sourced_entities_and_interests::whatami_router_expects ... ok
test net::tests::regions::declare::test_against_invalid_token_propagation_to_source_north_router_region ... ok
test net::tests::regions::declare::test_against_invalid_token_propagation_to_source_south_router_region ... ok
test net::tests::regions::declare::test_client_token_repropagation ... ok
test net::tests::regions::declare::test_duplicate_queryable_undeclaration ... ok
test net::tests::regions::declare::test_multiple_gateways_r2r_token_propagation_downstream ... ok
test net::tests::regions::declare::test_multiple_gateways_r2r_token_propagation_upstream ... ok
test net::tests::regions::forwarding::test_c2c_inter_subregion_data_routing ... ok
test net::tests::regions::forwarding::test_c2c_inter_subregion_query_routing ... ok
test net::tests::regions::forwarding::test_complete_queryable_failover ... ok
test net::tests::regions::forwarding::test_multiple_gateways_data_routing_p2p_downstream ... ok
test net::tests::regions::forwarding::test_multiple_gateways_data_routing_p2p_upstream ... ok
test net::tests::regions::forwarding::test_multiple_gateways_data_routing_p2p_upstream_with_interest ... ok
test net::tests::regions::forwarding::test_multiple_gateways_data_routing_p2r_upstream ... ok
test net::tests::regions::forwarding::test_multiple_gateways_data_routing_p2r_upstream_with_interest ... ok
test net::tests::regions::forwarding::test_multiple_gateways_data_routing_r2p_downstream ... ok
test net::tests::regions::forwarding::test_multiple_gateways_data_routing_r2r_downstream ... ok
test net::tests::regions::forwarding::test_multiple_gateways_data_routing_r2r_upstream ... ok
test net::tests::regions::forwarding::test_multiple_gateways_data_routing_r2r_upstream_gateway_source ... ok
test net::tests::regions::forwarding::test_multiple_gateways_query_routing_p2p_downstream ... ok
test net::tests::regions::forwarding::test_multiple_gateways_query_routing_p2p_upstream ... ok
test net::tests::regions::forwarding::test_multiple_gateways_query_routing_p2p_upstream_with_interest ... ok
test net::tests::regions::forwarding::test_multiple_gateways_query_routing_p2r_upstream ... ok
test net::tests::regions::forwarding::test_multiple_gateways_query_routing_p2r_upstream_with_interest ... ok
test net::tests::regions::forwarding::test_multiple_gateways_query_routing_r2p_downstream ... ok
test net::tests::regions::forwarding::test_multiple_gateways_query_routing_r2r_downstream ... ok
test net::tests::regions::forwarding::test_multiple_gateways_query_routing_r2r_upstream ... ok
test net::tests::regions::forwarding::test_multiple_gateways_query_routing_r2r_upstream_gateway_source ... ok
test net::tests::regions::forwarding::test_p2p_inter_subregion_data_routing ... ok
test net::tests::regions::forwarding::test_p2p_inter_subregion_query_routing ... ok
test net::tests::regions::forwarding::test_push_message_consumption ... ok
test net::tests::regions::forwarding::test_r2r_inter_subregion_data_routing ... ok
test net::tests::regions::forwarding::test_r2r_inter_subregion_query_routing ... ok
test net::tests::regions::interest::test_concurrent_current_future_interests::whatami_client_whatami_client_expects ... ok
test net::tests::regions::interest::test_concurrent_current_future_interests::whatami_client_whatami_peer_expects ... ok
test net::tests::regions::interest::test_concurrent_current_future_interests::whatami_peer_whatami_client_expects ... ok
test net::tests::regions::interest::test_concurrent_current_future_interests::whatami_peer_whatami_peer_expects ... ok
test net::tests::regions::interest::test_current_future_interest_propagation_on_open::whatami_client_whatami_client_expects ... ok
test net::tests::regions::interest::test_current_future_interest_propagation_on_open::whatami_client_whatami_peer_expects ... ok
test net::tests::regions::interest::test_current_future_interest_propagation_on_open::whatami_peer_whatami_client_expects ... ok
test net::tests::regions::interest::test_current_future_interest_propagation_on_open::whatami_peer_whatami_peer_expects ... ok
test net::tests::regions::interest::test_current_interest_finalization::whatami_client_expects ... ok
test net::tests::regions::interest::test_current_interest_finalization::whatami_peer_expects ... ok
test net::tests::regions::interest::test_current_interest_finalization::whatami_router_expects ... ok
test net::tests::regions::interest::test_current_token_repropagation ... ok
test net::tests::regions::interest::test_p2p_interest_routing_with_finalized_initial_interests ... ok
test net::tests::regions::interest::test_p2p_interest_routing_with_unfinalized_initial_interests ... ok
test net::tests::regions::oam::test_peer_singlehop_gossip_linkstate_propagation ... ok
test net::tests::runtime::tests::test_state_weak_alive_with_runtime ... ok
test net::tests::runtime::tests::test_state_weak_dead_after_close_and_drop ... ok
test net::tests::runtime::tests::test_state_weak_dead_after_drop ... ok
test net::tests::runtime::tests::test_state_weak_still_alive_after_close ... ok
test net::tests::tables::base_test ... ok
test net::tests::tables::big_key_expr ... ok
test net::tests::tables::clean_test ... ok
test net::tests::tables::client_test ... ok
test net::tests::tables::get_best_key_test ... ok
test net::tests::tables::match_test ... ok
test net::tests::tables::multisub_test ... ok
test net::tests::tables::test_response_wireexpr ... ok
test tests::interceptor_cache::test_interceptors_cache_update_egress ... ok
test tests::interceptor_cache::test_interceptors_cache_update_egress_then_ingress ... ok
test tests::interceptor_cache::test_interceptors_cache_update_ingress ... ok
test tests::link_weights::test_link_weights_diamond ... [2m2026-09-14T12:14:31.849683Z[0m [31mERROR[0m [2mzenoh_task[0m[2m:[0m Failed to terminate the task
[2m2026-09-14T12:14:31.849683Z[0m [31mERROR[0m [2mzenoh_task[0m[2m:[0m Failed to terminate the task
[2m2026-09-14T12:14:31.849686Z[0m [31mERROR[0m [2mzenoh_task[0m[2m:[0m Failed to terminate the task
[2m2026-09-14T12:14:31.849686Z[0m [31mERROR[0m [2mzenoh_task[0m[2m:[0m Failed to terminate the task
[2m2026-09-14T12:14:37.877804Z[0m [31mERROR[0m [2mzenoh_task[0m[2m:[0m Failed to terminate the task
[2m2026-09-14T12:14:37.877831Z[0m [31mERROR[0m [2mzenoh_task[0m[2m:[0m Failed to terminate the task
[2m2026-09-14T12:14:37.877921Z[0m [31mERROR[0m [2mzenoh_task[0m[2m:[0m Failed to terminate the task
[2m2026-09-14T12:14:37.877844Z[0m [31mERROR[0m [2mzenoh_task[0m[2m:[0m Failed to terminate the task
ok
test tests::link_weights::test_link_weights_hexagon ... [2m2026-09-14T12:14:43.905676Z[0m [31mERROR[0m [2mzenoh_task[0m[2m:[0m Failed to terminate the task
[2m2026-09-14T12:14:43.905653Z[0m [31mERROR[0m [2mzenoh_task[0m[2m:[0m Failed to terminate the task
[2m2026-09-14T12:14:43.905666Z[0m [31mERROR[0m [2mzenoh_task[0m[2m:[0m Failed to terminate the task
[2m2026-09-14T12:14:43.905695Z[0m [31mERROR[0m [2mzenoh_task[0m[2m:[0m Failed to terminate the task
[2m2026-09-14T12:14:49.928348Z[0m [31mERROR[0m [2mzenoh_task[0m[2m:[0m Failed to terminate the task
[2m2026-09-14T12:14:49.928348Z[0m [31mERROR[0m [2mzenoh_task[0m[2m:[0m Failed to terminate the task
[2m2026-09-14T12:14:49.928354Z[0m [31mERROR[0m [2mzenoh_task[0m[2m:[0m Failed to terminate the task
[2m2026-09-14T12:14:49.928371Z[0m [31mERROR[0m [2mzenoh_task[0m[2m:[0m Failed to terminate the task
ok
test tests::link_weights::test_link_weights_info_diamond_routers ... [2m2026-09-14T12:14:57.484822Z[0m [31mERROR[0m [2mzenoh_task[0m[2m:[0m Failed to terminate the task
[2m2026-09-14T12:14:57.484894Z[0m [31mERROR[0m [2mzenoh_task[0m[2m:[0m Failed to terminate the task
[2m2026-09-14T12:14:57.484822Z[0m [31mERROR[0m [2mzenoh_task[0m[2m:[0m Failed to terminate the task
[2m2026-09-14T12:14:57.484822Z[0m [31mERROR[0m [2mzenoh_task[0m[2m:[0m Failed to terminate the task
[2m2026-09-14T12:14:57.484852Z[0m [31mERROR[0m [2mzenoh_task[0m[2m:[0m Failed to terminate the task
[2m2026-09-14T12:14:57.484900Z[0m [31mERROR[0m [2mzenoh_task[0m[2m:[0m Failed to terminate the task
[2m2026-09-14T12:14:57.485040Z[0m [31mERROR[0m [2mzenoh_task[0m[2m:[0m Failed to terminate the task
ok
test tests::link_weights::test_link_weights_triangle ... [2m2026-09-14T12:15:05.028771Z[0m [31mERROR[0m [2mzenoh_task[0m[2m:[0m Failed to terminate the task
[2m2026-09-14T12:15:05.028850Z[0m [31mERROR[0m [2mzenoh_task[0m[2m:[0m Failed to terminate the task
[2m2026-09-14T12:15:05.028855Z[0m [31mERROR[0m [2mzenoh_task[0m[2m:[0m Failed to terminate the task
[2m2026-09-14T12:15:05.028864Z[0m [31mERROR[0m [2mzenoh_task[0m[2m:[0m Failed to terminate the task
[2m2026-09-14T12:15:05.028798Z[0m [31mERROR[0m [2mzenoh_task[0m[2m:[0m Failed to terminate the task
[2m2026-09-14T12:15:05.028763Z[0m [31mERROR[0m [2mzenoh_task[0m[2m:[0m Failed to terminate the task
[2m2026-09-14T12:15:05.028817Z[0m [31mERROR[0m [2mzenoh_task[0m[2m:[0m Failed to terminate the task
[2m2026-09-14T12:15:08.103595Z[0m [31mERROR[0m [2mzenoh_task[0m[2m:[0m Failed to terminate the task
[2m2026-09-14T12:15:08.103595Z[0m [31mERROR[0m [2mzenoh_task[0m[2m:[0m Failed to terminate the task
[2m2026-09-14T12:15:08.103595Z[0m [31mERROR[0m [2mzenoh_task[0m[2m:[0m Failed to terminate the task
[2m2026-09-14T12:15:08.103615Z[0m [31mERROR[0m [2mzenoh_task[0m[2m:[0m Failed to terminate the task
[2m2026-09-14T12:15:13.636474Z[0m [31mERROR[0m [2mzenoh_task[0m[2m:[0m Failed to terminate the task
[2m2026-09-14T12:15:13.636475Z[0m [31mERROR[0m [2mzenoh_task[0m[2m:[0m Failed to terminate the task
[2m2026-09-14T12:15:13.636495Z[0m [31mERROR[0m [2mzenoh_task[0m[2m:[0m Failed to terminate the task
[2m2026-09-14T12:15:19.159369Z[0m [31mERROR[0m [2mzenoh_task[0m[2m:[0m Failed to terminate the task
[2m2026-09-14T12:15:19.159493Z[0m [31mERROR[0m [2mzenoh_task[0m[2m:[0m Failed to terminate the task
[2m2026-09-14T12:15:19.161083Z[0m [31mERROR[0m [2mzenoh_task[0m[2m:[0m Failed to terminate the task
[2m2026-09-14T12:15:24.688093Z[0m [31mERROR[0m [2mzenoh_task[0m[2m:[0m Failed to terminate the task
[2m2026-09-14T12:15:24.688093Z[0m [31mERROR[0m [2mzenoh_task[0m[2m:[0m Failed to terminate the task
[2m2026-09-14T12:15:24.688098Z[0m [31mERROR[0m [2mzenoh_task[0m[2m:[0m Failed to terminate the task
ok
test tests::link_weights::test_link_weights_update_diamond ... [2m2026-09-14T12:15:30.249722Z[0m [31mERROR[0m [2mzenoh_task[0m[2m:[0m Failed to terminate the task
[2m2026-09-14T12:15:30.249705Z[0m [31mERROR[0m [2mzenoh_task[0m[2m:[0m Failed to terminate the task
[2m2026-09-14T12:15:30.249735Z[0m [31mERROR[0m [2mzenoh_task[0m[2m:[0m Failed to terminate the task
[2m2026-09-14T12:15:35.776419Z[0m [31mERROR[0m [2mzenoh_task[0m[2m:[0m Failed to terminate the task
[2m2026-09-14T12:15:35.776419Z[0m [31mERROR[0m [2mzenoh_task[0m[2m:[0m Failed to terminate the task
[2m2026-09-14T12:15:35.776419Z[0m [31mERROR[0m [2mzenoh_task[0m[2m:[0m Failed to terminate the task
ok
test tests::link_weights::test_link_weights_update_hexagon ... [2m2026-09-14T12:15:47.808093Z[0m [31mERROR[0m [2mzenoh_task[0m[2m:[0m Failed to terminate the task
[2m2026-09-14T12:15:47.808093Z[0m [31mERROR[0m [2mzenoh_task[0m[2m:[0m Failed to terminate the task
[2m2026-09-14T12:15:47.808093Z[0m [31mERROR[0m [2mzenoh_task[0m[2m:[0m Failed to terminate the task
[2m2026-09-14T12:15:47.808098Z[0m [31mERROR[0m [2mzenoh_task[0m[2m:[0m Failed to terminate the task
ok
test tests::query_reply::test_reply_preserves_optimized_ke ... ok
test tests::session::runtime_state_weak_tests::alive_before_close::whatami_peer_false_expects ... ok
test tests::session::runtime_state_weak_tests::alive_before_close::whatami_peer_true_expects ... ok
test tests::session::runtime_state_weak_tests::dead_after_drop::whatami_peer_false_expects ... ok
test tests::session::runtime_state_weak_tests::dead_after_drop::whatami_peer_true_expects ... ok
test tests::session::runtime_state_weak_tests::dead_after_drop_many_times::whatami_peer_false_expects ... ok
test tests::session::runtime_state_weak_tests::dead_after_drop_many_times::whatami_peer_true_expects ... ok
test tests::session::runtime_state_weak_tests::multiple_sessions_independent::whatami_peer_false_expects ... ok
test tests::session::runtime_state_weak_tests::multiple_sessions_independent::whatami_peer_true_expects ... ok
test tests::session::runtime_state_weak_tests::still_alive_after_close::whatami_peer_false_expects ... ok
test tests::session::runtime_state_weak_tests::still_alive_after_close::whatami_peer_true_expects ... ok

test result: ok. 101 passed; 0 failed; 0 ignored; 0 measured; 0 filtered out; finished in 133.11s

     Running tests/adminspace.rs (target/debug/deps/adminspace-92b90aac86731471)

running 5 tests
test test_adminspace_ronly ... [2m2026-09-14T12:15:49.395647Z[0m [31mERROR[0m test_adminspace_ronly ThreadId(02) [2mzenoh::net::runtime::adminspace[0m[2m:[0m Received PUT on '@/547a04f616fc5c9906b2fe49048d0051/router/config/zid' but adminspace.permissions.write=false in configuration
[2m2026-09-14T12:15:49.395717Z[0m [31mERROR[0m test_adminspace_ronly ThreadId(02) [2mzenoh::net::runtime::adminspace[0m[2m:[0m Received PUT on '@/547a04f616fc5c9906b2fe49048d0051/router/config/zid' but adminspace.permissions.write=false in configuration
ok
test test_adminspace_transports_and_links ... ok
test test_adminspace_wonly ... [2m2026-09-14T12:15:51.626868Z[0m [31mERROR[0m test_adminspace_wonly ThreadId(20) [2mzenoh::net::runtime::adminspace[0m[2m:[0m Received GET on '@/4f6d87927bdf62523e79985c99f6f8/router' but adminspace.permissions.read=false in configuration
ok
test test_adminspace_write ... [2m2026-09-14T12:15:52.136622Z[0m [31mERROR[0m test_adminspace_write ThreadId(25) [2mzenoh::net::runtime::adminspace[0m[2m:[0m Error inserting conf value @/66ae6aac6cf2688e70067f9344f60cc/router/config/zid : 1 - Error inserting conf value zid : updating config is only supported for keys starting with `plugins/` at zenoh/src/api/config.rs:181.
[2m2026-09-14T12:15:52.136839Z[0m [31mERROR[0m test_adminspace_write ThreadId(25) [2mzenoh::net::runtime::adminspace[0m[2m:[0m Error deleting conf value @/66ae6aac6cf2688e70067f9344f60cc/router/config/zid : Removal of values from Config is only supported for keys starting with `plugins/` at commons/zenoh-config/src/lib.rs:1397.
ok
test test_adminspace_write_with_zid_and_mode_wildcards ... ok

test result: ok. 5 passed; 0 failed; 0 ignored; 0 measured; 1 filtered out; finished in 3.78s

     Running tests/attachments.rs (target/debug/deps/attachments-405fe9918896e09f)

running 2 tests
test attachment_pubsub ... ok
test attachment_queries ... ok

test result: ok. 2 passed; 0 failed; 0 ignored; 0 measured; 0 filtered out; finished in 1.06s

     Running tests/matching.rs (target/debug/deps/matching-8a111b4eaba41156)

running 24 tests
test zenoh_matching_listener_drop_deadlock ... ok
test zenoh_publisher_matching_status ... ok
test zenoh_querier_matching_status::locality_any_testtype_clientpeer_expects ... ok
test zenoh_querier_matching_status::locality_any_testtype_clientrouterclient_expects ... ok
test zenoh_querier_matching_status::locality_any_testtype_peerclient_expects ... ok
test zenoh_querier_matching_status::locality_any_testtype_peerpeer_expects ... ok
test zenoh_querier_matching_status::locality_any_testtype_routerclient_expects ... ok
test zenoh_querier_matching_status::locality_any_testtype_routerrouter_expects ... ok
test zenoh_querier_matching_status::locality_any_testtype_samesession_expects ... ok
test zenoh_querier_matching_status::locality_remote_testtype_clientpeer_expects ... ok
test zenoh_querier_matching_status::locality_remote_testtype_clientrouterclient_expects ... ok
test zenoh_querier_matching_status::locality_remote_testtype_peerclient_expects ... ok
test zenoh_querier_matching_status::locality_remote_testtype_peerpeer_expects ... ok
test zenoh_querier_matching_status::locality_remote_testtype_routerclient_expects ... ok
test zenoh_querier_matching_status::locality_remote_testtype_routerrouter_expects ... ok
test zenoh_querier_matching_status::locality_remote_testtype_samesession_expects ... ok
test zenoh_querier_matching_status::locality_sessionlocal_testtype_clientpeer_expects ... ok
test zenoh_querier_matching_status::locality_sessionlocal_testtype_clientrouterclient_expects ... ok
test zenoh_querier_matching_status::locality_sessionlocal_testtype_peerclient_expects ... ok
test zenoh_querier_matching_status::locality_sessionlocal_testtype_peerpeer_expects ... ok
test zenoh_querier_matching_status::locality_sessionlocal_testtype_routerclient_expects ... ok
test zenoh_querier_matching_status::locality_sessionlocal_testtype_routerrouter_expects ... ok
test zenoh_querier_matching_status::locality_sessionlocal_testtype_samesession_expects ... ok
test zenoh_querier_matching_status_session_drop ... ok

test result: ok. 24 passed; 0 failed; 0 ignored; 0 measured; 0 filtered out; finished in 196.61s

     Running tests/qos.rs (target/debug/deps/qos-b04945ea34ccca1d)

running 0 tests

test result: ok. 0 passed; 0 failed; 0 ignored; 0 measured; 2 filtered out; finished in 0.00s

     Running tests/queryable.rs (target/debug/deps/queryable-93aa6d64b7b6379f)

running 1 test
test test_queryable_same_session ... ok

test result: ok. 1 passed; 0 failed; 0 ignored; 0 measured; 2 filtered out; finished in 1.58s

     Running tests/routing.rs (target/debug/deps/routing-eda43f1265016c2c)

running 8 tests
test gossip_regression_1 ... ok
test gossip_regression_2 ... ok
test gossip_regression_3 ... ok
test router_linkstate ... [2m2026-09-14T12:19:40.328540Z[0m [31mERROR[0m net-1 ThreadId(12) [2mzenoh_task[0m[2m:[0m Failed to terminate the task
[2m2026-09-14T12:19:47.907480Z[0m [31mERROR[0m  rx-0 ThreadId(13) [2mzenoh::net::routing::hat::client::token[0m[2m:[0m Unknown token [3mid[0m[2m=[0m0
[2m2026-09-14T12:19:47.910658Z[0m [31mERROR[0m  rx-1 ThreadId(14) [2mzenoh::net::routing::hat::router::token[0m[2m:[0m Network graph doesn't contain destination node [3mnode_id[0m[2m=[0m1
[2m2026-09-14T12:19:47.910738Z[0m [31mERROR[0m  rx-1 ThreadId(14) [2mzenoh::net::routing::hat::router::token[0m[2m:[0m Network graph doesn't contain destination node [3mnode_id[0m[2m=[0m1
[2m2026-09-14T12:19:47.910771Z[0m [31mERROR[0m  rx-1 ThreadId(14) [2mzenoh::net::routing::hat::router::token[0m[2m:[0m Network graph doesn't contain destination node [3mnode_id[0m[2m=[0m1
[2m2026-09-14T12:19:47.910791Z[0m [31mERROR[0m  rx-1 ThreadId(14) [2mzenoh::net::routing::hat::router::token[0m[2m:[0m Network graph doesn't contain destination node [3mnode_id[0m[2m=[0m1
[2m2026-09-14T12:19:47.910828Z[0m [31mERROR[0m  rx-1 ThreadId(14) [2mzenoh::net::routing::hat::router::token[0m[2m:[0m Network graph doesn't contain destination node [3mnode_id[0m[2m=[0m1
[2m2026-09-14T12:19:48.974848Z[0m [31mERROR[0m net-3 ThreadId(44) [2mzenoh_task[0m[2m:[0m Failed to terminate the task
[2m2026-09-14T12:19:50.481598Z[0m [31mERROR[0m net-2 ThreadId(40) [2mzenoh_task[0m[2m:[0m Failed to terminate the task
[2m2026-09-14T12:19:56.104805Z[0m [31mERROR[0m net-0 ThreadId(08) [2mzenoh_task[0m[2m:[0m Failed to terminate the task
[2m2026-09-14T12:19:56.104805Z[0m [31mERROR[0m net-1 ThreadId(12) [2mzenoh_task[0m[2m:[0m Failed to terminate the task
[2m2026-09-14T12:20:00.521628Z[0m [31mERROR[0m net-4 ThreadId(47) [2mzenoh_task[0m[2m:[0m Failed to terminate the task
[2m2026-09-14T12:20:06.132021Z[0m [31mERROR[0m net-2 ThreadId(40) [2mzenoh_task[0m[2m:[0m Failed to terminate the task
[2m2026-09-14T12:20:06.132021Z[0m [31mERROR[0m net-3 ThreadId(44) [2mzenoh_task[0m[2m:[0m Failed to terminate the task
[2m2026-09-14T12:20:09.650806Z[0m [31mERROR[0m net-1 ThreadId(12) [2mzenoh_task[0m[2m:[0m Failed to terminate the task
[2m2026-09-14T12:20:09.650807Z[0m [31mERROR[0m net-0 ThreadId(08) [2mzenoh_task[0m[2m:[0m Failed to terminate the task
[2m2026-09-14T12:20:09.650807Z[0m [31mERROR[0m net-5 ThreadId(48) [2mzenoh_task[0m[2m:[0m Failed to terminate the task
[2m2026-09-14T12:20:10.290942Z[0m [31mERROR[0m  rx-0 ThreadId(13) [2mzenoh::net::routing::hat::client::token[0m[2m:[0m Unknown token [3mid[0m[2m=[0m0
[2m2026-09-14T12:20:12.174402Z[0m [31mERROR[0m net-7 ThreadId(53) [2mzenoh_task[0m[2m:[0m Failed to terminate the task
[2m2026-09-14T12:20:12.176050Z[0m [31mERROR[0m net-4 ThreadId(47) [2mzenoh_task[0m[2m:[0m Failed to terminate the task
[2m2026-09-14T12:20:14.745505Z[0m [31mERROR[0m net-6 ThreadId(52) [2mzenoh_task[0m[2m:[0m Failed to terminate the task
[2m2026-09-14T12:20:17.879756Z[0m [31mERROR[0m net-8 ThreadId(54) [2mzenoh_task[0m[2m:[0m Failed to terminate the task
[2m2026-09-14T12:20:28.675070Z[0m [31mERROR[0m net-3 ThreadId(44) [2mzenoh_task[0m[2m:[0m Failed to terminate the task
[2m2026-09-14T12:20:28.675113Z[0m [31mERROR[0m net-2 ThreadId(40) [2mzenoh_task[0m[2m:[0m Failed to terminate the task
[2m2026-09-14T12:20:28.675140Z[0m [31mERROR[0m net-8 ThreadId(54) [2mzenoh_task[0m[2m:[0m Failed to terminate the task
[2m2026-09-14T12:20:34.378667Z[0m [31mERROR[0m net-7 ThreadId(53) [2mzenoh_task[0m[2m:[0m Failed to terminate the task
[2m2026-09-14T12:20:34.378670Z[0m [31mERROR[0m net-6 ThreadId(52) [2mzenoh_task[0m[2m:[0m Failed to terminate the task
[2m2026-09-14T12:20:34.378669Z[0m [31mERROR[0m net-1 ThreadId(12) [2mzenoh_task[0m[2m:[0m Failed to terminate the task
[2m2026-09-14T12:20:34.563227Z[0m [31mERROR[0m  rx-0 ThreadId(13) [2mzenoh::net::routing::hat::router::token[0m[2m:[0m Network graph doesn't contain destination node [3mnode_id[0m[2m=[0m1
[2m2026-09-14T12:20:34.563343Z[0m [31mERROR[0m  rx-0 ThreadId(13) [2mzenoh::net::routing::hat::router::token[0m[2m:[0m Network graph doesn't contain destination node [3mnode_id[0m[2m=[0m1
[2m2026-09-14T12:20:34.563397Z[0m [31mERROR[0m  rx-0 ThreadId(13) [2mzenoh::net::routing::hat::router::token[0m[2m:[0m Network graph doesn't contain destination node [3mnode_id[0m[2m=[0m1
[2m2026-09-14T12:20:34.563508Z[0m [31mERROR[0m  rx-0 ThreadId(13) [2mzenoh::net::routing::hat::router::token[0m[2m:[0m Network graph doesn't contain destination node [3mnode_id[0m[2m=[0m1
[2m2026-09-14T12:20:34.563567Z[0m [31mERROR[0m  rx-0 ThreadId(13) [2mzenoh::net::routing::hat::router::token[0m[2m:[0m Network graph doesn't contain destination node [3mnode_id[0m[2m=[0m1
[2m2026-09-14T12:20:34.563609Z[0m [31mERROR[0m  rx-0 ThreadId(13) [2mzenoh::net::routing::hat::router::token[0m[2m:[0m Network graph doesn't contain destination node [3mnode_id[0m[2m=[0m1
[2m2026-09-14T12:20:34.563857Z[0m [31mERROR[0m  rx-0 ThreadId(13) [2mzenoh::net::routing::hat::router::token[0m[2m:[0m Network graph doesn't contain destination node [3mnode_id[0m[2m=[0m1
[2m2026-09-14T12:20:34.563911Z[0m [31mERROR[0m  rx-0 ThreadId(13) [2mzenoh::net::routing::hat::router::token[0m[2m:[0m Network graph doesn't contain destination node [3mnode_id[0m[2m=[0m1
[2m2026-09-14T12:20:34.563961Z[0m [31mERROR[0m  rx-0 ThreadId(13) [2mzenoh::net::routing::hat::router::token[0m[2m:[0m Network graph doesn't contain destination node [3mnode_id[0m[2m=[0m1
[2m2026-09-14T12:20:34.563990Z[0m [31mERROR[0m  rx-0 ThreadId(13) [2mzenoh::net::routing::hat::router::token[0m[2m:[0m Network graph doesn't contain destination node [3mnode_id[0m[2m=[0m1
[2m2026-09-14T12:20:34.564014Z[0m [31mERROR[0m  rx-0 ThreadId(13) [2mzenoh::net::routing::hat::router::token[0m[2m:[0m Network graph doesn't contain destination node [3mnode_id[0m[2m=[0m1
[2m2026-09-14T12:20:34.564066Z[0m [31mERROR[0m  rx-0 ThreadId(13) [2mzenoh::net::routing::hat::router::token[0m[2m:[0m Network graph doesn't contain destination node [3mnode_id[0m[2m=[0m1
[2m2026-09-14T12:20:34.564109Z[0m [31mERROR[0m  rx-0 ThreadId(13) [2mzenoh::net::routing::hat::router::token[0m[2m:[0m Network graph doesn't contain destination node [3mnode_id[0m[2m=[0m1
[2m2026-09-14T12:20:34.564167Z[0m [31mERROR[0m  rx-0 ThreadId(13) [2mzenoh::net::routing::hat::router::token[0m[2m:[0m Network graph doesn't contain destination node [3mnode_id[0m[2m=[0m1
[2m2026-09-14T12:20:34.564220Z[0m [31mERROR[0m  rx-0 ThreadId(13) [2mzenoh::net::routing::hat::router::token[0m[2m:[0m Network graph doesn't contain destination node [3mnode_id[0m[2m=[0m1
[2m2026-09-14T12:20:34.564266Z[0m [31mERROR[0m  rx-0 ThreadId(13) [2mzenoh::net::routing::hat::router::token[0m[2m:[0m Network graph doesn't contain destination node [3mnode_id[0m[2m=[0m1
[2m2026-09-14T12:20:34.564392Z[0m [31mERROR[0m  rx-0 ThreadId(13) [2mzenoh::net::routing::hat::router::token[0m[2m:[0m Network graph doesn't contain destination node [3mnode_id[0m[2m=[0m1
[2m2026-09-14T12:20:34.564468Z[0m [31mERROR[0m  rx-0 ThreadId(13) [2mzenoh::net::routing::hat::router::token[0m[2m:[0m Network graph doesn't contain destination node [3mnode_id[0m[2m=[0m1
[2m2026-09-14T12:20:34.564598Z[0m [31mERROR[0m  rx-0 ThreadId(13) [2mzenoh::net::routing::hat::router::token[0m[2m:[0m Network graph doesn't contain destination node [3mnode_id[0m[2m=[0m1
[2m2026-09-14T12:20:34.564677Z[0m [31mERROR[0m  rx-0 ThreadId(13) [2mzenoh::net::routing::hat::router::token[0m[2m:[0m Network graph doesn't contain destination node [3mnode_id[0m[2m=[0m1
[2m2026-09-14T12:20:34.564733Z[0m [31mERROR[0m  rx-0 ThreadId(13) [2mzenoh::net::routing::hat::router::token[0m[2m:[0m Network graph doesn't contain destination node [3mnode_id[0m[2m=[0m1
[2m2026-09-14T12:20:34.564783Z[0m [31mERROR[0m  rx-0 ThreadId(13) [2mzenoh::net::routing::hat::router::token[0m[2m:[0m Network graph doesn't contain destination node [3mnode_id[0m[2m=[0m1
[2m2026-09-14T12:20:34.564852Z[0m [31mERROR[0m  rx-0 ThreadId(13) [2mzenoh::net::routing::hat::router::token[0m[2m:[0m Network graph doesn't contain destination node [3mnode_id[0m[2m=[0m1
[2m2026-09-14T12:20:34.564920Z[0m [31mERROR[0m  rx-0 ThreadId(13) [2mzenoh::net::routing::hat::router::token[0m[2m:[0m Network graph doesn't contain destination node [3mnode_id[0m[2m=[0m1
[2m2026-09-14T12:20:34.564983Z[0m [31mERROR[0m  rx-0 ThreadId(13) [2mzenoh::net::routing::hat::router::token[0m[2m:[0m Network graph doesn't contain destination node [3mnode_id[0m[2m=[0m1
[2m2026-09-14T12:20:34.565014Z[0m [31mERROR[0m  rx-0 ThreadId(13) [2mzenoh::net::routing::hat::router::token[0m[2m:[0m Network graph doesn't contain destination node [3mnode_id[0m[2m=[0m1
[2m2026-09-14T12:20:34.565054Z[0m [31mERROR[0m  rx-0 ThreadId(13) [2mzenoh::net::routing::hat::router::token[0m[2m:[0m Network graph doesn't contain destination node [3mnode_id[0m[2m=[0m1
[2m2026-09-14T12:20:34.565089Z[0m [31mERROR[0m  rx-0 ThreadId(13) [2mzenoh::net::routing::hat::router::token[0m[2m:[0m Network graph doesn't contain destination node [3mnode_id[0m[2m=[0m1
[2m2026-09-14T12:20:34.565128Z[0m [31mERROR[0m  rx-0 ThreadId(13) [2mzenoh::net::routing::hat::router::token[0m[2m:[0m Network graph doesn't contain destination node [3mnode_id[0m[2m=[0m1
[2m2026-09-14T12:20:34.565189Z[0m [31mERROR[0m  rx-0 ThreadId(13) [2mzenoh::net::routing::hat::router::token[0m[2m:[0m Network graph doesn't contain destination node [3mnode_id[0m[2m=[0m1
[2m2026-09-14T12:20:34.565261Z[0m [31mERROR[0m  rx-0 ThreadId(13) [2mzenoh::net::routing::hat::router::token[0m[2m:[0m Network graph doesn't contain destination node [3mnode_id[0m[2m=[0m1
[2m2026-09-14T12:20:34.565336Z[0m [31mERROR[0m  rx-0 ThreadId(13) [2mzenoh::net::routing::hat::router::token[0m[2m:[0m Network graph doesn't contain destination node [3mnode_id[0m[2m=[0m1
[2m2026-09-14T12:20:34.565400Z[0m [31mERROR[0m  rx-0 ThreadId(13) [2mzenoh::net::routing::hat::router::token[0m[2m:[0m Network graph doesn't contain destination node [3mnode_id[0m[2m=[0m1
[2m2026-09-14T12:20:34.565479Z[0m [31mERROR[0m  rx-0 ThreadId(13) [2mzenoh::net::routing::hat::router::token[0m[2m:[0m Network graph doesn't contain destination node [3mnode_id[0m[2m=[0m1
[2m2026-09-14T12:20:34.565523Z[0m [31mERROR[0m  rx-0 ThreadId(13) [2mzenoh::net::routing::hat::router::token[0m[2m:[0m Network graph doesn't contain destination node [3mnode_id[0m[2m=[0m1
[2m2026-09-14T12:20:34.565561Z[0m [31mERROR[0m  rx-0 ThreadId(13) [2mzenoh::net::routing::hat::router::token[0m[2m:[0m Network graph doesn't contain destination node [3mnode_id[0m[2m=[0m1
[2m2026-09-14T12:20:34.565584Z[0m [31mERROR[0m  rx-0 ThreadId(13) [2mzenoh::net::routing::hat::router::token[0m[2m:[0m Network graph doesn't contain destination node [3mnode_id[0m[2m=[0m1
[2m2026-09-14T12:20:34.565627Z[0m [31mERROR[0m  rx-0 ThreadId(13) [2mzenoh::net::routing::hat::router::token[0m[2m:[0m Network graph doesn't contain destination node [3mnode_id[0m[2m=[0m1
[2m2026-09-14T12:20:34.565673Z[0m [31mERROR[0m  rx-0 ThreadId(13) [2mzenoh::net::routing::hat::router::token[0m[2m:[0m Network graph doesn't contain destination node [3mnode_id[0m[2m=[0m1
[2m2026-09-14T12:20:34.565696Z[0m [31mERROR[0m  rx-0 ThreadId(13) [2mzenoh::net::routing::hat::router::token[0m[2m:[0m Network graph doesn't contain destination node [3mnode_id[0m[2m=[0m1
[2m2026-09-14T12:20:34.565834Z[0m [31mERROR[0m  rx-0 ThreadId(13) [2mzenoh::net::routing::hat::router::token[0m[2m:[0m Network graph doesn't contain destination node [3mnode_id[0m[2m=[0m1
[2m2026-09-14T12:20:34.565894Z[0m [31mERROR[0m  rx-0 ThreadId(13) [2mzenoh::net::routing::hat::router::token[0m[2m:[0m Network graph doesn't contain destination node [3mnode_id[0m[2m=[0m1
[2m2026-09-14T12:20:34.565957Z[0m [31mERROR[0m  rx-0 ThreadId(13) [2mzenoh::net::routing::hat::router::token[0m[2m:[0m Network graph doesn't contain destination node [3mnode_id[0m[2m=[0m1
[2m2026-09-14T12:20:34.566013Z[0m [31mERROR[0m  rx-0 ThreadId(13) [2mzenoh::net::routing::hat::router::token[0m[2m:[0m Network graph doesn't contain destination node [3mnode_id[0m[2m=[0m1
[2m2026-09-14T12:20:34.566053Z[0m [31mERROR[0m  rx-0 ThreadId(13) [2mzenoh::net::routing::hat::router::token[0m[2m:[0m Network graph doesn't contain destination node [3mnode_id[0m[2m=[0m1
[2m2026-09-14T12:20:34.566097Z[0m [31mERROR[0m  rx-0 ThreadId(13) [2mzenoh::net::routing::hat::router::token[0m[2m:[0m Network graph doesn't contain destination node [3mnode_id[0m[2m=[0m1
[2m2026-09-14T12:20:34.566145Z[0m [31mERROR[0m  rx-0 ThreadId(13) [2mzenoh::net::routing::hat::router::token[0m[2m:[0m Network graph doesn't contain destination node [3mnode_id[0m[2m=[0m1
[2m2026-09-14T12:20:34.566218Z[0m [31mERROR[0m  rx-0 ThreadId(13) [2mzenoh::net::routing::hat::router::token[0m[2m:[0m Network graph doesn't contain destination node [3mnode_id[0m[2m=[0m1
[2m2026-09-14T12:20:34.566260Z[0m [31mERROR[0m  rx-0 ThreadId(13) [2mzenoh::net::routing::hat::router::token[0m[2m:[0m Network graph doesn't contain destination node [3mnode_id[0m[2m=[0m1
[2m2026-09-14T12:20:34.566285Z[0m [31mERROR[0m  rx-0 ThreadId(13) [2mzenoh::net::routing::hat::router::token[0m[2m:[0m Network graph doesn't contain destination node [3mnode_id[0m[2m=[0m1
[2m2026-09-14T12:20:34.566330Z[0m [31mERROR[0m  rx-0 ThreadId(13) [2mzenoh::net::routing::hat::router::token[0m[2m:[0m Network graph doesn't contain destination node [3mnode_id[0m[2m=[0m1
[2m2026-09-14T12:20:34.566376Z[0m [31mERROR[0m  rx-0 ThreadId(13) [2mzenoh::net::routing::hat::router::token[0m[2m:[0m Network graph doesn't contain destination node [3mnode_id[0m[2m=[0m1
[2m2026-09-14T12:20:34.566426Z[0m [31mERROR[0m  rx-0 ThreadId(13) [2mzenoh::net::routing::hat::router::token[0m[2m:[0m Network graph doesn't contain destination node [3mnode_id[0m[2m=[0m1
[2m2026-09-14T12:20:34.566456Z[0m [31mERROR[0m  rx-0 ThreadId(13) [2mzenoh::net::routing::hat::router::token[0m[2m:[0m Network graph doesn't contain destination node [3mnode_id[0m[2m=[0m1
[2m2026-09-14T12:20:34.566482Z[0m [31mERROR[0m  rx-0 ThreadId(13) [2mzenoh::net::routing::hat::router::token[0m[2m:[0m Network graph doesn't contain destination node [3mnode_id[0m[2m=[0m1
[2m2026-09-14T12:20:34.566514Z[0m [31mERROR[0m  rx-0 ThreadId(13) [2mzenoh::net::routing::hat::router::token[0m[2m:[0m Network graph doesn't contain destination node [3mnode_id[0m[2m=[0m1
[2m2026-09-14T12:20:34.566540Z[0m [31mERROR[0m  rx-0 ThreadId(13) [2mzenoh::net::routing::hat::router::token[0m[2m:[0m Network graph doesn't contain destination node [3mnode_id[0m[2m=[0m1
[2m2026-09-14T12:20:34.566559Z[0m [31mERROR[0m  rx-0 ThreadId(13) [2mzenoh::net::routing::hat::router::token[0m[2m:[0m Network graph doesn't contain destination node [3mnode_id[0m[2m=[0m1
[2m2026-09-14T12:20:34.566602Z[0m [31mERROR[0m  rx-0 ThreadId(13) [2mzenoh::net::routing::hat::router::token[0m[2m:[0m Network graph doesn't contain destination node [3mnode_id[0m[2m=[0m1
[2m2026-09-14T12:20:34.566772Z[0m [31mERROR[0m  rx-0 ThreadId(13) [2mzenoh::net::routing::hat::router::token[0m[2m:[0m Network graph doesn't contain destination node [3mnode_id[0m[2m=[0m1
[2m2026-09-14T12:20:34.566785Z[0m [31mERROR[0m  rx-0 ThreadId(13) [2mzenoh::net::routing::hat::router::token[0m[2m:[0m Network graph doesn't contain destination node [3mnode_id[0m[2m=[0m2
[2m2026-09-14T12:20:34.566807Z[0m [31mERROR[0m  rx-0 ThreadId(13) [2mzenoh::net::routing::hat::router::token[0m[2m:[0m Network graph doesn't contain destination node [3mnode_id[0m[2m=[0m1
[2m2026-09-14T12:20:34.566812Z[0m [31mERROR[0m  rx-0 ThreadId(13) [2mzenoh::net::routing::hat::router::token[0m[2m:[0m Network graph doesn't contain destination node [3mnode_id[0m[2m=[0m2
[2m2026-09-14T12:20:34.566830Z[0m [31mERROR[0m  rx-0 ThreadId(13) [2mzenoh::net::routing::hat::router::token[0m[2m:[0m Network graph doesn't contain destination node [3mnode_id[0m[2m=[0m1
[2m2026-09-14T12:20:34.566834Z[0m [31mERROR[0m  rx-0 ThreadId(13) [2mzenoh::net::routing::hat::router::token[0m[2m:[0m Network graph doesn't contain destination node [3mnode_id[0m[2m=[0m2
[2m2026-09-14T12:20:34.566850Z[0m [31mERROR[0m  rx-0 ThreadId(13) [2mzenoh::net::routing::hat::router::token[0m[2m:[0m Network graph doesn't contain destination node [3mnode_id[0m[2m=[0m1
[2m2026-09-14T12:20:34.566854Z[0m [31mERROR[0m  rx-0 ThreadId(13) [2mzenoh::net::routing::hat::router::token[0m[2m:[0m Network graph doesn't contain destination node [3mnode_id[0m[2m=[0m2
[2m2026-09-14T12:20:34.566879Z[0m [31mERROR[0m  rx-0 ThreadId(13) [2mzenoh::net::routing::hat::router::token[0m[2m:[0m Network graph doesn't contain destination node [3mnode_id[0m[2m=[0m1
[2m2026-09-14T12:20:34.566883Z[0m [31mERROR[0m  rx-0 ThreadId(13) [2mzenoh::net::routing::hat::router::token[0m[2m:[0m Network graph doesn't contain destination node [3mnode_id[0m[2m=[0m2
[2m2026-09-14T12:20:34.566897Z[0m [31mERROR[0m  rx-0 ThreadId(13) [2mzenoh::net::routing::hat::router::token[0m[2m:[0m Network graph doesn't contain destination node [3mnode_id[0m[2m=[0m1
[2m2026-09-14T12:20:34.566901Z[0m [31mERROR[0m  rx-0 ThreadId(13) [2mzenoh::net::routing::hat::router::token[0m[2m:[0m Network graph doesn't contain destination node [3mnode_id[0m[2m=[0m2
[2m2026-09-14T12:20:34.566915Z[0m [31mERROR[0m  rx-0 ThreadId(13) [2mzenoh::net::routing::hat::router::token[0m[2m:[0m Network graph doesn't contain destination node [3mnode_id[0m[2m=[0m1
[2m2026-09-14T12:20:34.566918Z[0m [31mERROR[0m  rx-0 ThreadId(13) [2mzenoh::net::routing::hat::router::token[0m[2m:[0m Network graph doesn't contain destination node [3mnode_id[0m[2m=[0m2
[2m2026-09-14T12:20:34.566944Z[0m [31mERROR[0m  rx-0 ThreadId(13) [2mzenoh::net::routing::hat::router::token[0m[2m:[0m Network graph doesn't contain destination node [3mnode_id[0m[2m=[0m1
[2m2026-09-14T12:20:34.566949Z[0m [31mERROR[0m  rx-0 ThreadId(13) [2mzenoh::net::routing::hat::router::token[0m[2m:[0m Network graph doesn't contain destination node [3mnode_id[0m[2m=[0m2
[2m2026-09-14T12:20:34.566964Z[0m [31mERROR[0m  rx-0 ThreadId(13) [2mzenoh::net::routing::hat::router::token[0m[2m:[0m Network graph doesn't contain destination node [3mnode_id[0m[2m=[0m1
[2m2026-09-14T12:20:34.566968Z[0m [31mERROR[0m  rx-0 ThreadId(13) [2mzenoh::net::routing::hat::router::token[0m[2m:[0m Network graph doesn't contain destination node [3mnode_id[0m[2m=[0m2
[2m2026-09-14T12:20:34.566982Z[0m [31mERROR[0m  rx-0 ThreadId(13) [2mzenoh::net::routing::hat::router::token[0m[2m:[0m Network graph doesn't contain destination node [3mnode_id[0m[2m=[0m1
[2m2026-09-14T12:20:34.566985Z[0m [31mERROR[0m  rx-0 ThreadId(13) [2mzenoh::net::routing::hat::router::token[0m[2m:[0m Network graph doesn't contain destination node [3mnode_id[0m[2m=[0m2
[2m2026-09-14T12:20:34.567010Z[0m [31mERROR[0m  rx-0 ThreadId(13) [2mzenoh::net::routing::hat::router::token[0m[2m:[0m Network graph doesn't contain destination node [3mnode_id[0m[2m=[0m1
[2m2026-09-14T12:20:34.567015Z[0m [31mERROR[0m  rx-0 ThreadId(13) [2mzenoh::net::routing::hat::router::token[0m[2m:[0m Network graph doesn't contain destination node [3mnode_id[0m[2m=[0m2
[2m2026-09-14T12:20:34.567030Z[0m [31mERROR[0m  rx-0 ThreadId(13) [2mzenoh::net::routing::hat::router::token[0m[2m:[0m Network graph doesn't contain destination node [3mnode_id[0m[2m=[0m1
[2m2026-09-14T12:20:34.567036Z[0m [31mERROR[0m  rx-0 ThreadId(13) [2mzenoh::net::routing::hat::router::token[0m[2m:[0m Network graph doesn't contain destination node [3mnode_id[0m[2m=[0m2
[2m2026-09-14T12:20:34.567055Z[0m [31mERROR[0m  rx-0 ThreadId(13) [2mzenoh::net::routing::hat::router::token[0m[2m:[0m Network graph doesn't contain destination node [3mnode_id[0m[2m=[0m1
[2m2026-09-14T12:20:34.567065Z[0m [31mERROR[0m  rx-0 ThreadId(13) [2mzenoh::net::routing::hat::router::token[0m[2m:[0m Network graph doesn't contain destination node [3mnode_id[0m[2m=[0m2
[2m2026-09-14T12:20:34.567097Z[0m [31mERROR[0m  rx-0 ThreadId(13) [2mzenoh::net::routing::hat::router::token[0m[2m:[0m Network graph doesn't contain destination node [3mnode_id[0m[2m=[0m1
[2m2026-09-14T12:20:34.567104Z[0m [31mERROR[0m  rx-0 ThreadId(13) [2mzenoh::net::routing::hat::router::token[0m[2m:[0m Network graph doesn't contain destination node [3mnode_id[0m[2m=[0m2
[2m2026-09-14T12:20:34.567126Z[0m [31mERROR[0m  rx-0 ThreadId(13) [2mzenoh::net::routing::hat::router::token[0m[2m:[0m Network graph doesn't contain destination node [3mnode_id[0m[2m=[0m1
[2m2026-09-14T12:20:34.567140Z[0m [31mERROR[0m  rx-0 ThreadId(13) [2mzenoh::net::routing::hat::router::token[0m[2m:[0m Network graph doesn't contain destination node [3mnode_id[0m[2m=[0m2
[2m2026-09-14T12:20:34.567170Z[0m [31mERROR[0m  rx-0 ThreadId(13) [2mzenoh::net::routing::hat::router::token[0m[2m:[0m Network graph doesn't contain destination node [3mnode_id[0m[2m=[0m1
[2m2026-09-14T12:20:34.567175Z[0m [31mERROR[0m  rx-0 ThreadId(13) [2mzenoh::net::routing::hat::router::token[0m[2m:[0m Network graph doesn't contain destination node [3mnode_id[0m[2m=[0m2
[2m2026-09-14T12:20:34.567189Z[0m [31mERROR[0m  rx-0 ThreadId(13) [2mzenoh::net::routing::hat::router::token[0m[2m:[0m Network graph doesn't contain destination node [3mnode_id[0m[2m=[0m1
[2m2026-09-14T12:20:34.567193Z[0m [31mERROR[0m  rx-0 ThreadId(13) [2mzenoh::net::routing::hat::router::token[0m[2m:[0m Network graph doesn't contain destination node [3mnode_id[0m[2m=[0m2
[2m2026-09-14T12:20:34.567207Z[0m [31mERROR[0m  rx-0 ThreadId(13) [2mzenoh::net::routing::hat::router::token[0m[2m:[0m Network graph doesn't contain destination node [3mnode_id[0m[2m=[0m1
[2m2026-09-14T12:20:34.567215Z[0m [31mERROR[0m  rx-0 ThreadId(13) [2mzenoh::net::routing::hat::router::token[0m[2m:[0m Network graph doesn't contain destination node [3mnode_id[0m[2m=[0m2
[2m2026-09-14T12:20:34.567236Z[0m [31mERROR[0m  rx-0 ThreadId(13) [2mzenoh::net::routing::hat::router::token[0m[2m:[0m Network graph doesn't contain destination node [3mnode_id[0m[2m=[0m1
[2m2026-09-14T12:20:34.567242Z[0m [31mERROR[0m  rx-0 ThreadId(13) [2mzenoh::net::routing::hat::router::token[0m[2m:[0m Network graph doesn't contain destination node [3mnode_id[0m[2m=[0m2
[2m2026-09-14T12:20:34.567275Z[0m [31mERROR[0m  rx-0 ThreadId(13) [2mzenoh::net::routing::hat::router::token[0m[2m:[0m Network graph doesn't contain destination node [3mnode_id[0m[2m=[0m1
[2m2026-09-14T12:20:34.567280Z[0m [31mERROR[0m  rx-0 ThreadId(13) [2mzenoh::net::routing::hat::router::token[0m[2m:[0m Network graph doesn't contain destination node [3mnode_id[0m[2m=[0m2
[2m2026-09-14T12:20:34.567318Z[0m [31mERROR[0m  rx-0 ThreadId(13) [2mzenoh::net::routing::hat::router::token[0m[2m:[0m Network graph doesn't contain destination node [3mnode_id[0m[2m=[0m1
[2m2026-09-14T12:20:34.567327Z[0m [31mERROR[0m  rx-0 ThreadId(13) [2mzenoh::net::routing::hat::router::token[0m[2m:[0m Network graph doesn't contain destination node [3mnode_id[0m[2m=[0m2
[2m2026-09-14T12:20:34.567343Z[0m [31mERROR[0m  rx-0 ThreadId(13) [2mzenoh::net::routing::hat::router::token[0m[2m:[0m Network graph doesn't contain destination node [3mnode_id[0m[2m=[0m1
[2m2026-09-14T12:20:34.567347Z[0m [31mERROR[0m  rx-0 ThreadId(13) [2mzenoh::net::routing::hat::router::token[0m[2m:[0m Network graph doesn't contain destination node [3mnode_id[0m[2m=[0m2
[2m2026-09-14T12:20:34.567366Z[0m [31mERROR[0m  rx-0 ThreadId(13) [2mzenoh::net::routing::hat::router::token[0m[2m:[0m Network graph doesn't contain destination node [3mnode_id[0m[2m=[0m1
[2m2026-09-14T12:20:34.567371Z[0m [31mERROR[0m  rx-0 ThreadId(13) [2mzenoh::net::routing::hat::router::token[0m[2m:[0m Network graph doesn't contain destination node [3mnode_id[0m[2m=[0m2
[2m2026-09-14T12:20:34.567391Z[0m [31mERROR[0m  rx-0 ThreadId(13) [2mzenoh::net::routing::hat::router::token[0m[2m:[0m Network graph doesn't contain destination node [3mnode_id[0m[2m=[0m1
[2m2026-09-14T12:20:34.567397Z[0m [31mERROR[0m  rx-0 ThreadId(13) [2mzenoh::net::routing::hat::router::token[0m[2m:[0m Network graph doesn't contain destination node [3mnode_id[0m[2m=[0m2
[2m2026-09-14T12:20:34.567428Z[0m [31mERROR[0m  rx-0 ThreadId(13) [2mzenoh::net::routing::hat::router::token[0m[2m:[0m Network graph doesn't contain destination node [3mnode_id[0m[2m=[0m1
[2m2026-09-14T12:20:34.567445Z[0m [31mERROR[0m  rx-0 ThreadId(13) [2mzenoh::net::routing::hat::router::token[0m[2m:[0m Network graph doesn't contain destination node [3mnode_id[0m[2m=[0m2
[2m2026-09-14T12:20:34.567470Z[0m [31mERROR[0m  rx-0 ThreadId(13) [2mzenoh::net::routing::hat::router::token[0m[2m:[0m Network graph doesn't contain destination node [3mnode_id[0m[2m=[0m1
[2m2026-09-14T12:20:34.567514Z[0m [31mERROR[0m  rx-0 ThreadId(13) [2mzenoh::net::routing::hat::router::token[0m[2m:[0m Network graph doesn't contain destination node [3mnode_id[0m[2m=[0m2
[2m2026-09-14T12:20:34.567560Z[0m [31mERROR[0m  rx-0 ThreadId(13) [2mzenoh::net::routing::hat::router::token[0m[2m:[0m Network graph doesn't contain destination node [3mnode_id[0m[2m=[0m1
[2m2026-09-14T12:20:34.567566Z[0m [31mERROR[0m  rx-0 ThreadId(13) [2mzenoh::net::routing::hat::router::token[0m[2m:[0m Network graph doesn't contain destination node [3mnode_id[0m[2m=[0m2
[2m2026-09-14T12:20:34.567580Z[0m [31mERROR[0m  rx-0 ThreadId(13) [2mzenoh::net::routing::hat::router::token[0m[2m:[0m Network graph doesn't contain destination node [3mnode_id[0m[2m=[0m1
[2m2026-09-14T12:20:34.567586Z[0m [31mERROR[0m  rx-0 ThreadId(13) [2mzenoh::net::routing::hat::router::token[0m[2m:[0m Network graph doesn't contain destination node [3mnode_id[0m[2m=[0m2
[2m2026-09-14T12:20:34.567604Z[0m [31mERROR[0m  rx-0 ThreadId(13) [2mzenoh::net::routing::hat::router::token[0m[2m:[0m Network graph doesn't contain destination node [3mnode_id[0m[2m=[0m1
[2m2026-09-14T12:20:34.567608Z[0m [31mERROR[0m  rx-0 ThreadId(13) [2mzenoh::net::routing::hat::router::token[0m[2m:[0m Network graph doesn't contain destination node [3mnode_id[0m[2m=[0m2
[2m2026-09-14T12:20:34.567621Z[0m [31mERROR[0m  rx-0 ThreadId(13) [2mzenoh::net::routing::hat::router::token[0m[2m:[0m Network graph doesn't contain destination node [3mnode_id[0m[2m=[0m1
[2m2026-09-14T12:20:34.567624Z[0m [31mERROR[0m  rx-0 ThreadId(13) [2mzenoh::net::routing::hat::router::token[0m[2m:[0m Network graph doesn't contain destination node [3mnode_id[0m[2m=[0m2
[2m2026-09-14T12:20:34.567679Z[0m [31mERROR[0m  rx-0 ThreadId(13) [2mzenoh::net::routing::hat::router::token[0m[2m:[0m Network graph doesn't contain destination node [3mnode_id[0m[2m=[0m1
[2m2026-09-14T12:20:34.567688Z[0m [31mERROR[0m  rx-0 ThreadId(13) [2mzenoh::net::routing::hat::router::token[0m[2m:[0m Network graph doesn't contain destination node [3mnode_id[0m[2m=[0m2
[2m2026-09-14T12:20:34.567722Z[0m [31mERROR[0m  rx-0 ThreadId(13) [2mzenoh::net::routing::hat::router::token[0m[2m:[0m Network graph doesn't contain destination node [3mnode_id[0m[2m=[0m1
[2m2026-09-14T12:20:34.567727Z[0m [31mERROR[0m  rx-0 ThreadId(13) [2mzenoh::net::routing::hat::router::token[0m[2m:[0m Network graph doesn't contain destination node [3mnode_id[0m[2m=[0m2
[2m2026-09-14T12:20:34.567745Z[0m [31mERROR[0m  rx-0 ThreadId(13) [2mzenoh::net::routing::hat::router::token[0m[2m:[0m Network graph doesn't contain destination node [3mnode_id[0m[2m=[0m1
[2m2026-09-14T12:20:34.567750Z[0m [31mERROR[0m  rx-0 ThreadId(13) [2mzenoh::net::routing::hat::router::token[0m[2m:[0m Network graph doesn't contain destination node [3mnode_id[0m[2m=[0m2
[2m2026-09-14T12:20:34.567772Z[0m [31mERROR[0m  rx-0 ThreadId(13) [2mzenoh::net::routing::hat::router::token[0m[2m:[0m Network graph doesn't contain destination node [3mnode_id[0m[2m=[0m1
[2m2026-09-14T12:20:34.567777Z[0m [31mERROR[0m  rx-0 ThreadId(13) [2mzenoh::net::routing::hat::router::token[0m[2m:[0m Network graph doesn't contain destination node [3mnode_id[0m[2m=[0m2
[2m2026-09-14T12:20:34.567794Z[0m [31mERROR[0m  rx-0 ThreadId(13) [2mzenoh::net::routing::hat::router::token[0m[2m:[0m Network graph doesn't contain destination node [3mnode_id[0m[2m=[0m1
[2m2026-09-14T12:20:34.567798Z[0m [31mERROR[0m  rx-0 ThreadId(13) [2mzenoh::net::routing::hat::router::token[0m[2m:[0m Network graph doesn't contain destination node [3mnode_id[0m[2m=[0m2
[2m2026-09-14T12:20:34.567945Z[0m [31mERROR[0m  rx-0 ThreadId(13) [2mzenoh::net::routing::hat::router::token[0m[2m:[0m Network graph doesn't contain destination node [3mnode_id[0m[2m=[0m1
[2m2026-09-14T12:20:34.567954Z[0m [31mERROR[0m  rx-0 ThreadId(13) [2mzenoh::net::routing::hat::router::token[0m[2m:[0m Network graph doesn't contain destination node [3mnode_id[0m[2m=[0m2
[2m2026-09-14T12:20:34.567977Z[0m [31mERROR[0m  rx-0 ThreadId(13) [2mzenoh::net::routing::hat::router::token[0m[2m:[0m Network graph doesn't contain destination node [3mnode_id[0m[2m=[0m1
[2m2026-09-14T12:20:34.567981Z[0m [31mERROR[0m  rx-0 ThreadId(13) [2mzenoh::net::routing::hat::router::token[0m[2m:[0m Network graph doesn't contain destination node [3mnode_id[0m[2m=[0m2
[2m2026-09-14T12:20:34.568016Z[0m [31mERROR[0m  rx-0 ThreadId(13) [2mzenoh::net::routing::hat::router::token[0m[2m:[0m Network graph doesn't contain destination node [3mnode_id[0m[2m=[0m1
[2m2026-09-14T12:20:34.568022Z[0m [31mERROR[0m  rx-0 ThreadId(13) [2mzenoh::net::routing::hat::router::token[0m[2m:[0m Network graph doesn't contain destination node [3mnode_id[0m[2m=[0m2
[2m2026-09-14T12:20:34.568045Z[0m [31mERROR[0m  rx-0 ThreadId(13) [2mzenoh::net::routing::hat::router::token[0m[2m:[0m Network graph doesn't contain destination node [3mnode_id[0m[2m=[0m1
[2m2026-09-14T12:20:34.568050Z[0m [31mERROR[0m  rx-0 ThreadId(13) [2mzenoh::net::routing::hat::router::token[0m[2m:[0m Network graph doesn't contain destination node [3mnode_id[0m[2m=[0m2
[2m2026-09-14T12:20:34.568076Z[0m [31mERROR[0m  rx-0 ThreadId(13) [2mzenoh::net::routing::hat::router::token[0m[2m:[0m Network graph doesn't contain destination node [3mnode_id[0m[2m=[0m1
[2m2026-09-14T12:20:34.568084Z[0m [31mERROR[0m  rx-0 ThreadId(13) [2mzenoh::net::routing::hat::router::token[0m[2m:[0m Network graph doesn't contain destination node [3mnode_id[0m[2m=[0m2
[2m2026-09-14T12:20:34.568123Z[0m [31mERROR[0m  rx-0 ThreadId(13) [2mzenoh::net::routing::hat::router::token[0m[2m:[0m Network graph doesn't contain destination node [3mnode_id[0m[2m=[0m1
[2m2026-09-14T12:20:34.568128Z[0m [31mERROR[0m  rx-0 ThreadId(13) [2mzenoh::net::routing::hat::router::token[0m[2m:[0m Network graph doesn't contain destination node [3mnode_id[0m[2m=[0m2
[2m2026-09-14T12:20:34.568167Z[0m [31mERROR[0m  rx-0 ThreadId(13) [2mzenoh::net::routing::hat::router::token[0m[2m:[0m Network graph doesn't contain destination node [3mnode_id[0m[2m=[0m1
[2m2026-09-14T12:20:34.568174Z[0m [31mERROR[0m  rx-0 ThreadId(13) [2mzenoh::net::routing::hat::router::token[0m[2m:[0m Network graph doesn't contain destination node [3mnode_id[0m[2m=[0m2
[2m2026-09-14T12:20:34.568203Z[0m [31mERROR[0m  rx-0 ThreadId(13) [2mzenoh::net::routing::hat::router::token[0m[2m:[0m Network graph doesn't contain destination node [3mnode_id[0m[2m=[0m1
[2m2026-09-14T12:20:34.568210Z[0m [31mERROR[0m  rx-0 ThreadId(13) [2mzenoh::net::routing::hat::router::token[0m[2m:[0m Network graph doesn't contain destination node [3mnode_id[0m[2m=[0m2
[2m2026-09-14T12:20:34.568241Z[0m [31mERROR[0m  rx-0 ThreadId(13) [2mzenoh::net::routing::hat::router::token[0m[2m:[0m Network graph doesn't contain destination node [3mnode_id[0m[2m=[0m1
[2m2026-09-14T12:20:34.568247Z[0m [31mERROR[0m  rx-0 ThreadId(13) [2mzenoh::net::routing::hat::router::token[0m[2m:[0m Network graph doesn't contain destination node [3mnode_id[0m[2m=[0m2
[2m2026-09-14T12:20:34.568271Z[0m [31mERROR[0m  rx-0 ThreadId(13) [2mzenoh::net::routing::hat::router::token[0m[2m:[0m Network graph doesn't contain destination node [3mnode_id[0m[2m=[0m1
[2m2026-09-14T12:20:34.568278Z[0m [31mERROR[0m  rx-0 ThreadId(13) [2mzenoh::net::routing::hat::router::token[0m[2m:[0m Network graph doesn't contain destination node [3mnode_id[0m[2m=[0m2
[2m2026-09-14T12:20:34.568388Z[0m [31mERROR[0m  rx-0 ThreadId(13) [2mzenoh::net::routing::hat::router::token[0m[2m:[0m Network graph doesn't contain destination node [3mnode_id[0m[2m=[0m1
[2m2026-09-14T12:20:34.568407Z[0m [31mERROR[0m  rx-0 ThreadId(13) [2mzenoh::net::routing::hat::router::token[0m[2m:[0m Network graph doesn't contain destination node [3mnode_id[0m[2m=[0m2
[2m2026-09-14T12:20:34.568473Z[0m [31mERROR[0m  rx-0 ThreadId(13) [2mzenoh::net::routing::hat::router::token[0m[2m:[0m Network graph doesn't contain destination node [3mnode_id[0m[2m=[0m1
[2m2026-09-14T12:20:34.568481Z[0m [31mERROR[0m  rx-0 ThreadId(13) [2mzenoh::net::routing::hat::router::token[0m[2m:[0m Network graph doesn't contain destination node [3mnode_id[0m[2m=[0m2
[2m2026-09-14T12:20:34.568544Z[0m [31mERROR[0m  rx-0 ThreadId(13) [2mzenoh::net::routing::hat::router::token[0m[2m:[0m Network graph doesn't contain destination node [3mnode_id[0m[2m=[0m1
[2m2026-09-14T12:20:34.568556Z[0m [31mERROR[0m  rx-0 ThreadId(13) [2mzenoh::net::routing::hat::router::token[0m[2m:[0m Network graph doesn't contain destination node [3mnode_id[0m[2m=[0m2
[2m2026-09-14T12:20:34.568587Z[0m [31mERROR[0m  rx-0 ThreadId(13) [2mzenoh::net::routing::hat::router::token[0m[2m:[0m Network graph doesn't contain destination node [3mnode_id[0m[2m=[0m1
[2m2026-09-14T12:20:34.568595Z[0m [31mERROR[0m  rx-0 ThreadId(13) [2mzenoh::net::routing::hat::router::token[0m[2m:[0m Network graph doesn't contain destination node [3mnode_id[0m[2m=[0m2
[2m2026-09-14T12:20:34.568641Z[0m [31mERROR[0m  rx-0 ThreadId(13) [2mzenoh::net::routing::hat::router::token[0m[2m:[0m Network graph doesn't contain destination node [3mnode_id[0m[2m=[0m1
[2m2026-09-14T12:20:34.568648Z[0m [31mERROR[0m  rx-0 ThreadId(13) [2mzenoh::net::routing::hat::router::token[0m[2m:[0m Network graph doesn't contain destination node [3mnode_id[0m[2m=[0m2
[2m2026-09-14T12:20:34.568683Z[0m [31mERROR[0m  rx-0 ThreadId(13) [2mzenoh::net::routing::hat::router::token[0m[2m:[0m Network graph doesn't contain destination node [3mnode_id[0m[2m=[0m1
[2m2026-09-14T12:20:34.568688Z[0m [31mERROR[0m  rx-0 ThreadId(13) [2mzenoh::net::routing::hat::router::token[0m[2m:[0m Network graph doesn't contain destination node [3mnode_id[0m[2m=[0m2
[2m2026-09-14T12:20:34.568714Z[0m [31mERROR[0m  rx-0 ThreadId(13) [2mzenoh::net::routing::hat::router::token[0m[2m:[0m Network graph doesn't contain destination node [3mnode_id[0m[2m=[0m1
[2m2026-09-14T12:20:34.568724Z[0m [31mERROR[0m  rx-0 ThreadId(13) [2mzenoh::net::routing::hat::router::token[0m[2m:[0m Network graph doesn't contain destination node [3mnode_id[0m[2m=[0m2
[2m2026-09-14T12:20:34.568748Z[0m [31mERROR[0m  rx-0 ThreadId(13) [2mzenoh::net::routing::hat::router::token[0m[2m:[0m Network graph doesn't contain destination node [3mnode_id[0m[2m=[0m1
[2m2026-09-14T12:20:34.568760Z[0m [31mERROR[0m  rx-0 ThreadId(13) [2mzenoh::net::routing::hat::router::token[0m[2m:[0m Network graph doesn't contain destination node [3mnode_id[0m[2m=[0m2
[2m2026-09-14T12:20:34.568798Z[0m [31mERROR[0m  rx-0 ThreadId(13) [2mzenoh::net::routing::hat::router::token[0m[2m:[0m Network graph doesn't contain destination node [3mnode_id[0m[2m=[0m1
[2m2026-09-14T12:20:34.568807Z[0m [31mERROR[0m  rx-0 ThreadId(13) [2mzenoh::net::routing::hat::router::token[0m[2m:[0m Network graph doesn't contain destination node [3mnode_id[0m[2m=[0m2
[2m2026-09-14T12:20:34.568835Z[0m [31mERROR[0m  rx-0 ThreadId(13) [2mzenoh::net::routing::hat::router::token[0m[2m:[0m Network graph doesn't contain destination node [3mnode_id[0m[2m=[0m1
[2m2026-09-14T12:20:34.568840Z[0m [31mERROR[0m  rx-0 ThreadId(13) [2mzenoh::net::routing::hat::router::token[0m[2m:[0m Network graph doesn't contain destination node [3mnode_id[0m[2m=[0m2
[2m2026-09-14T12:20:34.568879Z[0m [31mERROR[0m  rx-0 ThreadId(13) [2mzenoh::net::routing::hat::router::token[0m[2m:[0m Network graph doesn't contain destination node [3mnode_id[0m[2m=[0m1
[2m2026-09-14T12:20:34.569008Z[0m [31mERROR[0m  rx-0 ThreadId(13) [2mzenoh::net::routing::hat::router::token[0m[2m:[0m Network graph doesn't contain destination node [3mnode_id[0m[2m=[0m2
[2m2026-09-14T12:20:34.569041Z[0m [31mERROR[0m  rx-0 ThreadId(13) [2mzenoh::net::routing::hat::router::token[0m[2m:[0m Network graph doesn't contain destination node [3mnode_id[0m[2m=[0m1
[2m2026-09-14T12:20:34.569046Z[0m [31mERROR[0m  rx-0 ThreadId(13) [2mzenoh::net::routing::hat::router::token[0m[2m:[0m Network graph doesn't contain destination node [3mnode_id[0m[2m=[0m2
[2m2026-09-14T12:20:34.569091Z[0m [31mERROR[0m  rx-0 ThreadId(13) [2mzenoh::net::routing::hat::router::token[0m[2m:[0m Network graph doesn't contain destination node [3mnode_id[0m[2m=[0m1
[2m2026-09-14T12:20:34.569100Z[0m [31mERROR[0m  rx-0 ThreadId(13) [2mzenoh::net::routing::hat::router::token[0m[2m:[0m Network graph doesn't contain destination node [3mnode_id[0m[2m=[0m2
[2m2026-09-14T12:20:34.569135Z[0m [31mERROR[0m  rx-0 ThreadId(13) [2mzenoh::net::routing::hat::router::token[0m[2m:[0m Network graph doesn't contain destination node [3mnode_id[0m[2m=[0m1
[2m2026-09-14T12:20:34.569140Z[0m [31mERROR[0m  rx-0 ThreadId(13) [2mzenoh::net::routing::hat::router::token[0m[2m:[0m Network graph doesn't contain destination node [3mnode_id[0m[2m=[0m2
[2m2026-09-14T12:20:34.569175Z[0m [31mERROR[0m  rx-0 ThreadId(13) [2mzenoh::net::routing::hat::router::token[0m[2m:[0m Network graph doesn't contain destination node [3mnode_id[0m[2m=[0m1
[2m2026-09-14T12:20:34.569182Z[0m [31mERROR[0m  rx-0 ThreadId(13) [2mzenoh::net::routing::hat::router::token[0m[2m:[0m Network graph doesn't contain destination node [3mnode_id[0m[2m=[0m2
[2m2026-09-14T12:20:34.569233Z[0m [31mERROR[0m  rx-0 ThreadId(13) [2mzenoh::net::routing::hat::router::token[0m[2m:[0m Network graph doesn't contain destination node [3mnode_id[0m[2m=[0m1
[2m2026-09-14T12:20:34.569243Z[0m [31mERROR[0m  rx-0 ThreadId(13) [2mzenoh::net::routing::hat::router::token[0m[2m:[0m Network graph doesn't contain destination node [3mnode_id[0m[2m=[0m2
[2m2026-09-14T12:20:34.569312Z[0m [31mERROR[0m  rx-0 ThreadId(13) [2mzenoh::net::routing::hat::router::token[0m[2m:[0m Network graph doesn't contain destination node [3mnode_id[0m[2m=[0m1
[2m2026-09-14T12:20:34.569322Z[0m [31mERROR[0m  rx-0 ThreadId(13) [2mzenoh::net::routing::hat::router::token[0m[2m:[0m Network graph doesn't contain destination node [3mnode_id[0m[2m=[0m2
[2m2026-09-14T12:20:34.569349Z[0m [31mERROR[0m  rx-0 ThreadId(13) [2mzenoh::net::routing::hat::router::token[0m[2m:[0m Network graph doesn't contain destination node [3mnode_id[0m[2m=[0m1
[2m2026-09-14T12:20:34.569356Z[0m [31mERROR[0m  rx-0 ThreadId(13) [2mzenoh::net::routing::hat::router::token[0m[2m:[0m Network graph doesn't contain destination node [3mnode_id[0m[2m=[0m2
[2m2026-09-14T12:20:34.569384Z[0m [31mERROR[0m  rx-0 ThreadId(13) [2mzenoh::net::routing::hat::router::token[0m[2m:[0m Network graph doesn't contain destination node [3mnode_id[0m[2m=[0m1
[2m2026-09-14T12:20:34.569395Z[0m [31mERROR[0m  rx-0 ThreadId(13) [2mzenoh::net::routing::hat::router::token[0m[2m:[0m Network graph doesn't contain destination node [3mnode_id[0m[2m=[0m2
[2m2026-09-14T12:20:34.569438Z[0m [31mERROR[0m  rx-0 ThreadId(13) [2mzenoh::net::routing::hat::router::token[0m[2m:[0m Network graph doesn't contain destination node [3mnode_id[0m[2m=[0m1
[2m2026-09-14T12:20:34.569447Z[0m [31mERROR[0m  rx-0 ThreadId(13) [2mzenoh::net::routing::hat::router::token[0m[2m:[0m Network graph doesn't contain destination node [3mnode_id[0m[2m=[0m2
[2m2026-09-14T12:20:34.569487Z[0m [31mERROR[0m  rx-0 ThreadId(13) [2mzenoh::net::routing::hat::router::token[0m[2m:[0m Network graph doesn't contain destination node [3mnode_id[0m[2m=[0m1
[2m2026-09-14T12:20:34.569502Z[0m [31mERROR[0m  rx-0 ThreadId(13) [2mzenoh::net::routing::hat::router::token[0m[2m:[0m Network graph doesn't contain destination node [3mnode_id[0m[2m=[0m2
[2m2026-09-14T12:20:34.569537Z[0m [31mERROR[0m  rx-0 ThreadId(13) [2mzenoh::net::routing::hat::router::token[0m[2m:[0m Network graph doesn't contain destination node [3mnode_id[0m[2m=[0m1
[2m2026-09-14T12:20:34.569542Z[0m [31mERROR[0m  rx-0 ThreadId(13) [2mzenoh::net::routing::hat::router::token[0m[2m:[0m Network graph doesn't contain destination node [3mnode_id[0m[2m=[0m2
[2m2026-09-14T12:20:34.569567Z[0m [31mERROR[0m  rx-0 ThreadId(13) [2mzenoh::net::routing::hat::router::token[0m[2m:[0m Network graph doesn't contain destination node [3mnode_id[0m[2m=[0m1
[2m2026-09-14T12:20:34.569572Z[0m [31mERROR[0m  rx-0 ThreadId(13) [2mzenoh::net::routing::hat::router::token[0m[2m:[0m Network graph doesn't contain destination node [3mnode_id[0m[2m=[0m2
[2m2026-09-14T12:20:34.569601Z[0m [31mERROR[0m  rx-0 ThreadId(13) [2mzenoh::net::routing::hat::router::token[0m[2m:[0m Network graph doesn't contain destination node [3mnode_id[0m[2m=[0m1
[2m2026-09-14T12:20:34.569606Z[0m [31mERROR[0m  rx-0 ThreadId(13) [2mzenoh::net::routing::hat::router::token[0m[2m:[0m Network graph doesn't contain destination node [3mnode_id[0m[2m=[0m2
[2m2026-09-14T12:20:34.569629Z[0m [31mERROR[0m  rx-0 ThreadId(13) [2mzenoh::net::routing::hat::router::token[0m[2m:[0m Network graph doesn't contain destination node [3mnode_id[0m[2m=[0m1
[2m2026-09-14T12:20:34.569639Z[0m [31mERROR[0m  rx-0 ThreadId(13) [2mzenoh::net::routing::hat::router::token[0m[2m:[0m Network graph doesn't contain destination node [3mnode_id[0m[2m=[0m2
[2m2026-09-14T12:20:34.569666Z[0m [31mERROR[0m  rx-0 ThreadId(13) [2mzenoh::net::routing::hat::router::token[0m[2m:[0m Network graph doesn't contain destination node [3mnode_id[0m[2m=[0m1
[2m2026-09-14T12:20:34.569671Z[0m [31mERROR[0m  rx-0 ThreadId(13) [2mzenoh::net::routing::hat::router::token[0m[2m:[0m Network graph doesn't contain destination node [3mnode_id[0m[2m=[0m2
[2m2026-09-14T12:20:34.569700Z[0m [31mERROR[0m  rx-0 ThreadId(13) [2mzenoh::net::routing::hat::router::token[0m[2m:[0m Network graph doesn't contain destination node [3mnode_id[0m[2m=[0m1
[2m2026-09-14T12:20:34.569710Z[0m [31mERROR[0m  rx-0 ThreadId(13) [2mzenoh::net::routing::hat::router::token[0m[2m:[0m Network graph doesn't contain destination node [3mnode_id[0m[2m=[0m2
[2m2026-09-14T12:20:34.569745Z[0m [31mERROR[0m  rx-0 ThreadId(13) [2mzenoh::net::routing::hat::router::token[0m[2m:[0m Network graph doesn't contain destination node [3mnode_id[0m[2m=[0m1
[2m2026-09-14T12:20:34.569751Z[0m [31mERROR[0m  rx-0 ThreadId(13) [2mzenoh::net::routing::hat::router::token[0m[2m:[0m Network graph doesn't contain destination node [3mnode_id[0m[2m=[0m2
[2m2026-09-14T12:20:34.569772Z[0m [31mERROR[0m  rx-0 ThreadId(13) [2mzenoh::net::routing::hat::router::token[0m[2m:[0m Network graph doesn't contain destination node [3mnode_id[0m[2m=[0m1
[2m2026-09-14T12:20:34.569783Z[0m [31mERROR[0m  rx-0 ThreadId(13) [2mzenoh::net::routing::hat::router::token[0m[2m:[0m Network graph doesn't contain destination node [3mnode_id[0m[2m=[0m2
[2m2026-09-14T12:20:34.569820Z[0m [31mERROR[0m  rx-0 ThreadId(13) [2mzenoh::net::routing::hat::router::token[0m[2m:[0m Network graph doesn't contain destination node [3mnode_id[0m[2m=[0m1
[2m2026-09-14T12:20:34.569860Z[0m [31mERROR[0m  rx-0 ThreadId(13) [2mzenoh::net::routing::hat::router::token[0m[2m:[0m Network graph doesn't contain destination node [3mnode_id[0m[2m=[0m2
[2m2026-09-14T12:20:34.569932Z[0m [31mERROR[0m  rx-0 ThreadId(13) [2mzenoh::net::routing::hat::router::token[0m[2m:[0m Network graph doesn't contain destination node [3mnode_id[0m[2m=[0m1
[2m2026-09-14T12:20:34.569941Z[0m [31mERROR[0m  rx-0 ThreadId(13) [2mzenoh::net::routing::hat::router::token[0m[2m:[0m Network graph doesn't contain destination node [3mnode_id[0m[2m=[0m2
[2m2026-09-14T12:20:34.570133Z[0m [31mERROR[0m  rx-0 ThreadId(13) [2mzenoh::net::routing::hat::router::token[0m[2m:[0m Network graph doesn't contain destination node [3mnode_id[0m[2m=[0m1
[2m2026-09-14T12:20:34.570146Z[0m [31mERROR[0m  rx-0 ThreadId(13) [2mzenoh::net::routing::hat::router::token[0m[2m:[0m Network graph doesn't contain destination node [3mnode_id[0m[2m=[0m2
[2m2026-09-14T12:20:34.570189Z[0m [31mERROR[0m  rx-0 ThreadId(13) [2mzenoh::net::routing::hat::router::token[0m[2m:[0m Network graph doesn't contain destination node [3mnode_id[0m[2m=[0m1
[2m2026-09-14T12:20:34.570193Z[0m [31mERROR[0m  rx-0 ThreadId(13) [2mzenoh::net::routing::hat::router::token[0m[2m:[0m Network graph doesn't contain destination node [3mnode_id[0m[2m=[0m2
[2m2026-09-14T12:20:34.570307Z[0m [31mERROR[0m  rx-0 ThreadId(13) [2mzenoh::net::routing::hat::router::token[0m[2m:[0m Network graph doesn't contain destination node [3mnode_id[0m[2m=[0m1
[2m2026-09-14T12:20:34.570317Z[0m [31mERROR[0m  rx-0 ThreadId(13) [2mzenoh::net::routing::hat::router::token[0m[2m:[0m Network graph doesn't contain destination node [3mnode_id[0m[2m=[0m2
[2m2026-09-14T12:20:34.570395Z[0m [31mERROR[0m  rx-0 ThreadId(13) [2mzenoh::net::routing::hat::router::token[0m[2m:[0m Network graph doesn't contain destination node [3mnode_id[0m[2m=[0m1
[2m2026-09-14T12:20:34.570409Z[0m [31mERROR[0m  rx-0 ThreadId(13) [2mzenoh::net::routing::hat::router::token[0m[2m:[0m Network graph doesn't contain destination node [3mnode_id[0m[2m=[0m2
[2m2026-09-14T12:20:34.570443Z[0m [31mERROR[0m  rx-0 ThreadId(13) [2mzenoh::net::routing::hat::router::token[0m[2m:[0m Network graph doesn't contain destination node [3mnode_id[0m[2m=[0m1
[2m2026-09-14T12:20:34.570453Z[0m [31mERROR[0m  rx-0 ThreadId(13) [2mzenoh::net::routing::hat::router::token[0m[2m:[0m Network graph doesn't contain destination node [3mnode_id[0m[2m=[0m2
[2m2026-09-14T12:20:34.570536Z[0m [31mERROR[0m  rx-0 ThreadId(13) [2mzenoh::net::routing::hat::router::token[0m[2m:[0m Network graph doesn't contain destination node [3mnode_id[0m[2m=[0m1
[2m2026-09-14T12:20:34.570553Z[0m [31mERROR[0m  rx-0 ThreadId(13) [2mzenoh::net::routing::hat::router::token[0m[2m:[0m Network graph doesn't contain destination node [3mnode_id[0m[2m=[0m2
[2m2026-09-14T12:20:34.570595Z[0m [31mERROR[0m  rx-0 ThreadId(13) [2mzenoh::net::routing::hat::router::token[0m[2m:[0m Network graph doesn't contain destination node [3mnode_id[0m[2m=[0m1
[2m2026-09-14T12:20:34.570605Z[0m [31mERROR[0m  rx-0 ThreadId(13) [2mzenoh::net::routing::hat::router::token[0m[2m:[0m Network graph doesn't contain destination node [3mnode_id[0m[2m=[0m2
[2m2026-09-14T12:20:34.570643Z[0m [31mERROR[0m  rx-0 ThreadId(13) [2mzenoh::net::routing::hat::router::token[0m[2m:[0m Network graph doesn't contain destination node [3mnode_id[0m[2m=[0m1
[2m2026-09-14T12:20:34.570653Z[0m [31mERROR[0m  rx-0 ThreadId(13) [2mzenoh::net::routing::hat::router::token[0m[2m:[0m Network graph doesn't contain destination node [3mnode_id[0m[2m=[0m2
[2m2026-09-14T12:20:34.570695Z[0m [31mERROR[0m  rx-0 ThreadId(13) [2mzenoh::net::routing::hat::router::token[0m[2m:[0m Network graph doesn't contain destination node [3mnode_id[0m[2m=[0m1
[2m2026-09-14T12:20:34.570702Z[0m [31mERROR[0m  rx-0 ThreadId(13) [2mzenoh::net::routing::hat::router::token[0m[2m:[0m Network graph doesn't contain destination node [3mnode_id[0m[2m=[0m2
[2m2026-09-14T12:20:34.570729Z[0m [31mERROR[0m  rx-0 ThreadId(13) [2mzenoh::net::routing::hat::router::token[0m[2m:[0m Network graph doesn't contain destination node [3mnode_id[0m[2m=[0m1
[2m2026-09-14T12:20:34.570734Z[0m [31mERROR[0m  rx-0 ThreadId(13) [2mzenoh::net::routing::hat::router::token[0m[2m:[0m Network graph doesn't contain destination node [3mnode_id[0m[2m=[0m2
[2m2026-09-14T12:20:34.570763Z[0m [31mERROR[0m  rx-0 ThreadId(13) [2mzenoh::net::routing::hat::router::token[0m[2m:[0m Network graph doesn't contain destination node [3mnode_id[0m[2m=[0m1
[2m2026-09-14T12:20:34.570770Z[0m [31mERROR[0m  rx-0 ThreadId(13) [2mzenoh::net::routing::hat::router::token[0m[2m:[0m Network graph doesn't contain destination node [3mnode_id[0m[2m=[0m2
[2m2026-09-14T12:20:34.570795Z[0m [31mERROR[0m  rx-0 ThreadId(13) [2mzenoh::net::routing::hat::router::token[0m[2m:[0m Network graph doesn't contain destination node [3mnode_id[0m[2m=[0m1
[2m2026-09-14T12:20:34.570803Z[0m [31mERROR[0m  rx-0 ThreadId(13) [2mzenoh::net::routing::hat::router::token[0m[2m:[0m Network graph doesn't contain destination node [3mnode_id[0m[2m=[0m2
[2m2026-09-14T12:20:34.570834Z[0m [31mERROR[0m  rx-0 ThreadId(13) [2mzenoh::net::routing::hat::router::token[0m[2m:[0m Network graph doesn't contain destination node [3mnode_id[0m[2m=[0m1
[2m2026-09-14T12:20:34.570839Z[0m [31mERROR[0m  rx-0 ThreadId(13) [2mzenoh::net::routing::hat::router::token[0m[2m:[0m Network graph doesn't contain destination node [3mnode_id[0m[2m=[0m2
[2m2026-09-14T12:20:34.570863Z[0m [31mERROR[0m  rx-0 ThreadId(13) [2mzenoh::net::routing::hat::router::token[0m[2m:[0m Network graph doesn't contain destination node [3mnode_id[0m[2m=[0m1
[2m2026-09-14T12:20:34.570871Z[0m [31mERROR[0m  rx-0 ThreadId(13) [2mzenoh::net::routing::hat::router::token[0m[2m:[0m Network graph doesn't contain destination node [3mnode_id[0m[2m=[0m2
[2m2026-09-14T12:20:34.570916Z[0m [31mERROR[0m  rx-0 ThreadId(13) [2mzenoh::net::routing::hat::router::token[0m[2m:[0m Network graph doesn't contain destination node [3mnode_id[0m[2m=[0m1
[2m2026-09-14T12:20:34.570927Z[0m [31mERROR[0m  rx-0 ThreadId(13) [2mzenoh::net::routing::hat::router::token[0m[2m:[0m Network graph doesn't contain destination node [3mnode_id[0m[2m=[0m2
[2m2026-09-14T12:20:34.570967Z[0m [31mERROR[0m  rx-0 ThreadId(13) [2mzenoh::net::routing::hat::router::token[0m[2m:[0m Network graph doesn't contain destination node [3mnode_id[0m[2m=[0m1
[2m2026-09-14T12:20:34.570972Z[0m [31mERROR[0m  rx-0 ThreadId(13) [2mzenoh::net::routing::hat::router::token[0m[2m:[0m Network graph doesn't contain destination node [3mnode_id[0m[2m=[0m2
[2m2026-09-14T12:20:34.570991Z[0m [31mERROR[0m  rx-0 ThreadId(13) [2mzenoh::net::routing::hat::router::token[0m[2m:[0m Network graph doesn't contain destination node [3mnode_id[0m[2m=[0m1
[2m2026-09-14T12:20:34.570995Z[0m [31mERROR[0m  rx-0 ThreadId(13) [2mzenoh::net::routing::hat::router::token[0m[2m:[0m Network graph doesn't contain destination node [3mnode_id[0m[2m=[0m2
[2m2026-09-14T12:20:34.571009Z[0m [31mERROR[0m  rx-0 ThreadId(13) [2mzenoh::net::routing::hat::router::token[0m[2m:[0m Network graph doesn't contain destination node [3mnode_id[0m[2m=[0m1
[2m2026-09-14T12:20:34.571013Z[0m [31mERROR[0m  rx-0 ThreadId(13) [2mzenoh::net::routing::hat::router::token[0m[2m:[0m Network graph doesn't contain destination node [3mnode_id[0m[2m=[0m2
[2m2026-09-14T12:20:34.571026Z[0m [31mERROR[0m  rx-0 ThreadId(13) [2mzenoh::net::routing::hat::router::token[0m[2m:[0m Network graph doesn't contain destination node [3mnode_id[0m[2m=[0m1
[2m2026-09-14T12:20:34.571030Z[0m [31mERROR[0m  rx-0 ThreadId(13) [2mzenoh::net::routing::hat::router::token[0m[2m:[0m Network graph doesn't contain destination node [3mnode_id[0m[2m=[0m2
[2m2026-09-14T12:20:34.571044Z[0m [31mERROR[0m  rx-0 ThreadId(13) [2mzenoh::net::routing::hat::router::token[0m[2m:[0m Network graph doesn't contain destination node [3mnode_id[0m[2m=[0m1
[2m2026-09-14T12:20:34.571047Z[0m [31mERROR[0m  rx-0 ThreadId(13) [2mzenoh::net::routing::hat::router::token[0m[2m:[0m Network graph doesn't contain destination node [3mnode_id[0m[2m=[0m2
[2m2026-09-14T12:20:34.571103Z[0m [31mERROR[0m  rx-0 ThreadId(13) [2mzenoh::net::routing::hat::router::token[0m[2m:[0m Network graph doesn't contain destination node [3mnode_id[0m[2m=[0m1
[2m2026-09-14T12:20:34.571148Z[0m [31mERROR[0m  rx-0 ThreadId(13) [2mzenoh::net::routing::hat::router::token[0m[2m:[0m Network graph doesn't contain destination node [3mnode_id[0m[2m=[0m2
[2m2026-09-14T12:20:34.571198Z[0m [31mERROR[0m  rx-0 ThreadId(13) [2mzenoh::net::routing::hat::router::token[0m[2m:[0m Network graph doesn't contain destination node [3mnode_id[0m[2m=[0m1
[2m2026-09-14T12:20:34.571203Z[0m [31mERROR[0m  rx-0 ThreadId(13) [2mzenoh::net::routing::hat::router::token[0m[2m:[0m Network graph doesn't contain destination node [3mnode_id[0m[2m=[0m2
[2m2026-09-14T12:20:34.571229Z[0m [31mERROR[0m  rx-0 ThreadId(13) [2mzenoh::net::routing::hat::router::token[0m[2m:[0m Network graph doesn't contain destination node [3mnode_id[0m[2m=[0m1
[2m2026-09-14T12:20:34.571233Z[0m [31mERROR[0m  rx-0 ThreadId(13) [2mzenoh::net::routing::hat::router::token[0m[2m:[0m Network graph doesn't contain destination node [3mnode_id[0m[2m=[0m2
[2m2026-09-14T12:20:34.571255Z[0m [31mERROR[0m  rx-0 ThreadId(13) [2mzenoh::net::routing::hat::router::token[0m[2m:[0m Network graph doesn't contain destination node [3mnode_id[0m[2m=[0m1
[2m2026-09-14T12:20:34.571261Z[0m [31mERROR[0m  rx-0 ThreadId(13) [2mzenoh::net::routing::hat::router::token[0m[2m:[0m Network graph doesn't contain destination node [3mnode_id[0m[2m=[0m2
[2m2026-09-14T12:20:34.571286Z[0m [31mERROR[0m  rx-0 ThreadId(13) [2mzenoh::net::routing::hat::router::token[0m[2m:[0m Network graph doesn't contain destination node [3mnode_id[0m[2m=[0m1
[2m2026-09-14T12:20:34.571290Z[0m [31mERROR[0m  rx-0 ThreadId(13) [2mzenoh::net::routing::hat::router::token[0m[2m:[0m Network graph doesn't contain destination node [3mnode_id[0m[2m=[0m2
[2m2026-09-14T12:20:34.571317Z[0m [31mERROR[0m  rx-0 ThreadId(13) [2mzenoh::net::routing::hat::router::token[0m[2m:[0m Network graph doesn't contain destination node [3mnode_id[0m[2m=[0m1
[2m2026-09-14T12:20:34.571321Z[0m [31mERROR[0m  rx-0 ThreadId(13) [2mzenoh::net::routing::hat::router::token[0m[2m:[0m Network graph doesn't contain destination node [3mnode_id[0m[2m=[0m2
[2m2026-09-14T12:20:34.571345Z[0m [31mERROR[0m  rx-0 ThreadId(13) [2mzenoh::net::routing::hat::router::token[0m[2m:[0m Network graph doesn't contain destination node [3mnode_id[0m[2m=[0m1
[2m2026-09-14T12:20:34.571349Z[0m [31mERROR[0m  rx-0 ThreadId(13) [2mzenoh::net::routing::hat::router::token[0m[2m:[0m Network graph doesn't contain destination node [3mnode_id[0m[2m=[0m2
[2m2026-09-14T12:20:34.571372Z[0m [31mERROR[0m  rx-0 ThreadId(13) [2mzenoh::net::routing::hat::router::token[0m[2m:[0m Network graph doesn't contain destination node [3mnode_id[0m[2m=[0m1
[2m2026-09-14T12:20:34.571376Z[0m [31mERROR[0m  rx-0 ThreadId(13) [2mzenoh::net::routing::hat::router::token[0m[2m:[0m Network graph doesn't contain destination node [3mnode_id[0m[2m=[0m2
[2m2026-09-14T12:20:34.571390Z[0m [31mERROR[0m  rx-0 ThreadId(13) [2mzenoh::net::routing::hat::router::token[0m[2m:[0m Network graph doesn't contain destination node [3mnode_id[0m[2m=[0m1
[2m2026-09-14T12:20:34.571393Z[0m [31mERROR[0m  rx-0 ThreadId(13) [2mzenoh::net::routing::hat::router::token[0m[2m:[0m Network graph doesn't contain destination node [3mnode_id[0m[2m=[0m2
[2m2026-09-14T12:20:34.571412Z[0m [31mERROR[0m  rx-0 ThreadId(13) [2mzenoh::net::routing::hat::router::token[0m[2m:[0m Network graph doesn't contain destination node [3mnode_id[0m[2m=[0m1
[2m2026-09-14T12:20:34.571416Z[0m [31mERROR[0m  rx-0 ThreadId(13) [2mzenoh::net::routing::hat::router::token[0m[2m:[0m Network graph doesn't contain destination node [3mnode_id[0m[2m=[0m2
[2m2026-09-14T12:20:34.571429Z[0m [31mERROR[0m  rx-0 ThreadId(13) [2mzenoh::net::routing::hat::router::token[0m[2m:[0m Network graph doesn't contain destination node [3mnode_id[0m[2m=[0m1
[2m2026-09-14T12:20:34.571444Z[0m [31mERROR[0m  rx-0 ThreadId(13) [2mzenoh::net::routing::hat::router::token[0m[2m:[0m Network graph doesn't contain destination node [3mnode_id[0m[2m=[0m2
[2m2026-09-14T12:20:34.571463Z[0m [31mERROR[0m  rx-0 ThreadId(13) [2mzenoh::net::routing::hat::router::token[0m[2m:[0m Network graph doesn't contain destination node [3mnode_id[0m[2m=[0m1
[2m2026-09-14T12:20:34.571466Z[0m [31mERROR[0m  rx-0 ThreadId(13) [2mzenoh::net::routing::hat::router::token[0m[2m:[0m Network graph doesn't contain destination node [3mnode_id[0m[2m=[0m2
[2m2026-09-14T12:20:34.571484Z[0m [31mERROR[0m  rx-0 ThreadId(13) [2mzenoh::net::routing::hat::router::token[0m[2m:[0m Network graph doesn't contain destination node [3mnode_id[0m[2m=[0m1
[2m2026-09-14T12:20:34.571490Z[0m [31mERROR[0m  rx-0 ThreadId(13) [2mzenoh::net::routing::hat::router::token[0m[2m:[0m Network graph doesn't contain destination node [3mnode_id[0m[2m=[0m2
[2m2026-09-14T12:20:34.571540Z[0m [31mERROR[0m  rx-0 ThreadId(13) [2mzenoh::net::routing::hat::router::token[0m[2m:[0m Network graph doesn't contain destination node [3mnode_id[0m[2m=[0m1
[2m2026-09-14T12:20:34.571544Z[0m [31mERROR[0m  rx-0 ThreadId(13) [2mzenoh::net::routing::hat::router::token[0m[2m:[0m Network graph doesn't contain destination node [3mnode_id[0m[2m=[0m2
[2m2026-09-14T12:20:34.571564Z[0m [31mERROR[0m  rx-0 ThreadId(13) [2mzenoh::net::routing::hat::router::token[0m[2m:[0m Network graph doesn't contain destination node [3mnode_id[0m[2m=[0m1
[2m2026-09-14T12:20:34.571567Z[0m [31mERROR[0m  rx-0 ThreadId(13) [2mzenoh::net::routing::hat::router::token[0m[2m:[0m Network graph doesn't contain destination node [3mnode_id[0m[2m=[0m2
[2m2026-09-14T12:20:34.571588Z[0m [31mERROR[0m  rx-0 ThreadId(13) [2mzenoh::net::routing::hat::router::token[0m[2m:[0m Network graph doesn't contain destination node [3mnode_id[0m[2m=[0m1
[2m2026-09-14T12:20:34.571592Z[0m [31mERROR[0m  rx-0 ThreadId(13) [2mzenoh::net::routing::hat::router::token[0m[2m:[0m Network graph doesn't contain destination node [3mnode_id[0m[2m=[0m2
[2m2026-09-14T12:20:34.571620Z[0m [31mERROR[0m  rx-0 ThreadId(13) [2mzenoh::net::routing::hat::router::token[0m[2m:[0m Network graph doesn't contain destination node [3mnode_id[0m[2m=[0m1
[2m2026-09-14T12:20:34.571626Z[0m [31mERROR[0m  rx-0 ThreadId(13) [2mzenoh::net::routing::hat::router::token[0m[2m:[0m Network graph doesn't contain destination node [3mnode_id[0m[2m=[0m2
[2m2026-09-14T12:20:34.571682Z[0m [31mERROR[0m  rx-0 ThreadId(13) [2mzenoh::net::routing::hat::router::token[0m[2m:[0m Network graph doesn't contain destination node [3mnode_id[0m[2m=[0m1
[2m2026-09-14T12:20:34.571690Z[0m [31mERROR[0m  rx-0 ThreadId(13) [2mzenoh::net::routing::hat::router::token[0m[2m:[0m Network graph doesn't contain destination node [3mnode_id[0m[2m=[0m2
[2m2026-09-14T12:20:34.571717Z[0m [31mERROR[0m  rx-0 ThreadId(13) [2mzenoh::net::routing::hat::router::token[0m[2m:[0m Network graph doesn't contain destination node [3mnode_id[0m[2m=[0m1
[2m2026-09-14T12:20:34.571721Z[0m [31mERROR[0m  rx-0 ThreadId(13) [2mzenoh::net::routing::hat::router::token[0m[2m:[0m Network graph doesn't contain destination node [3mnode_id[0m[2m=[0m2
[2m2026-09-14T12:20:34.571740Z[0m [31mERROR[0m  rx-0 ThreadId(13) [2mzenoh::net::routing::hat::router::token[0m[2m:[0m Network graph doesn't contain destination node [3mnode_id[0m[2m=[0m1
[2m2026-09-14T12:20:34.571745Z[0m [31mERROR[0m  rx-0 ThreadId(13) [2mzenoh::net::routing::hat::router::token[0m[2m:[0m Network graph doesn't contain destination node [3mnode_id[0m[2m=[0m2
[2m2026-09-14T12:20:34.571765Z[0m [31mERROR[0m  rx-0 ThreadId(13) [2mzenoh::net::routing::hat::router::token[0m[2m:[0m Network graph doesn't contain destination node [3mnode_id[0m[2m=[0m1
[2m2026-09-14T12:20:34.571770Z[0m [31mERROR[0m  rx-0 ThreadId(13) [2mzenoh::net::routing::hat::router::token[0m[2m:[0m Network graph doesn't contain destination node [3mnode_id[0m[2m=[0m2
[2m2026-09-14T12:20:34.571783Z[0m [31mERROR[0m  rx-0 ThreadId(13) [2mzenoh::net::routing::hat::router::token[0m[2m:[0m Network graph doesn't contain destination node [3mnode_id[0m[2m=[0m1
[2m2026-09-14T12:20:34.571786Z[0m [31mERROR[0m  rx-0 ThreadId(13) [2mzenoh::net::routing::hat::router::token[0m[2m:[0m Network graph doesn't contain destination node [3mnode_id[0m[2m=[0m2
[2m2026-09-14T12:20:34.571808Z[0m [31mERROR[0m  rx-0 ThreadId(13) [2mzenoh::net::routing::hat::router::token[0m[2m:[0m Network graph doesn't contain destination node [3mnode_id[0m[2m=[0m1
[2m2026-09-14T12:20:34.571815Z[0m [31mERROR[0m  rx-0 ThreadId(13) [2mzenoh::net::routing::hat::router::token[0m[2m:[0m Network graph doesn't contain destination node [3mnode_id[0m[2m=[0m2
[2m2026-09-14T12:20:34.571839Z[0m [31mERROR[0m  rx-0 ThreadId(13) [2mzenoh::net::routing::hat::router::token[0m[2m:[0m Network graph doesn't contain destination node [3mnode_id[0m[2m=[0m1
[2m2026-09-14T12:20:34.571843Z[0m [31mERROR[0m  rx-0 ThreadId(13) [2mzenoh::net::routing::hat::router::token[0m[2m:[0m Network graph doesn't contain destination node [3mnode_id[0m[2m=[0m2
[2m2026-09-14T12:20:34.571869Z[0m [31mERROR[0m  rx-0 ThreadId(13) [2mzenoh::net::routing::hat::router::token[0m[2m:[0m Network graph doesn't contain destination node [3mnode_id[0m[2m=[0m1
[2m2026-09-14T12:20:34.571875Z[0m [31mERROR[0m  rx-0 ThreadId(13) [2mzenoh::net::routing::hat::router::token[0m[2m:[0m Network graph doesn't contain destination node [3mnode_id[0m[2m=[0m2
[2m2026-09-14T12:20:34.571903Z[0m [31mERROR[0m  rx-0 ThreadId(13) [2mzenoh::net::routing::hat::router::token[0m[2m:[0m Network graph doesn't contain destination node [3mnode_id[0m[2m=[0m1
[2m2026-09-14T12:20:34.571909Z[0m [31mERROR[0m  rx-0 ThreadId(13) [2mzenoh::net::routing::hat::router::token[0m[2m:[0m Network graph doesn't contain destination node [3mnode_id[0m[2m=[0m2
[2m2026-09-14T12:20:34.572002Z[0m [31mERROR[0m  rx-0 ThreadId(13) [2mzenoh::net::routing::hat::router::token[0m[2m:[0m Network graph doesn't contain destination node [3mnode_id[0m[2m=[0m1
[2m2026-09-14T12:20:34.572010Z[0m [31mERROR[0m  rx-0 ThreadId(13) [2mzenoh::net::routing::hat::router::token[0m[2m:[0m Network graph doesn't contain destination node [3mnode_id[0m[2m=[0m2
[2m2026-09-14T12:20:34.572143Z[0m [31mERROR[0m  rx-0 ThreadId(13) [2mzenoh::net::routing::hat::router::token[0m[2m:[0m Network graph doesn't contain destination node [3mnode_id[0m[2m=[0m1
[2m2026-09-14T12:20:34.572161Z[0m [31mERROR[0m  rx-0 ThreadId(13) [2mzenoh::net::routing::hat::router::token[0m[2m:[0m Network graph doesn't contain destination node [3mnode_id[0m[2m=[0m2
[2m2026-09-14T12:20:34.572185Z[0m [31mERROR[0m  rx-0 ThreadId(13) [2mzenoh::net::routing::hat::router::token[0m[2m:[0m Network graph doesn't contain destination node [3mnode_id[0m[2m=[0m1
[2m2026-09-14T12:20:34.572190Z[0m [31mERROR[0m  rx-0 ThreadId(13) [2mzenoh::net::routing::hat::router::token[0m[2m:[0m Network graph doesn't contain destination node [3mnode_id[0m[2m=[0m2
[2m2026-09-14T12:20:34.572247Z[0m [31mERROR[0m  rx-0 ThreadId(13) [2mzenoh::net::routing::hat::router::token[0m[2m:[0m Network graph doesn't contain destination node [3mnode_id[0m[2m=[0m1
[2m2026-09-14T12:20:34.572258Z[0m [31mERROR[0m  rx-0 ThreadId(13) [2mzenoh::net::routing::hat::router::token[0m[2m:[0m Network graph doesn't contain destination node [3mnode_id[0m[2m=[0m2
[2m2026-09-14T12:20:34.572323Z[0m [31mERROR[0m  rx-0 ThreadId(13) [2mzenoh::net::routing::hat::router::token[0m[2m:[0m Network graph doesn't contain destination node [3mnode_id[0m[2m=[0m1
[2m2026-09-14T12:20:34.572337Z[0m [31mERROR[0m  rx-0 ThreadId(13) [2mzenoh::net::routing::hat::router::token[0m[2m:[0m Network graph doesn't contain destination node [3mnode_id[0m[2m=[0m2
[2m2026-09-14T12:20:34.572407Z[0m [31mERROR[0m  rx-0 ThreadId(13) [2mzenoh::net::routing::hat::router::token[0m[2m:[0m Network graph doesn't contain destination node [3mnode_id[0m[2m=[0m1
[2m2026-09-14T12:20:34.572414Z[0m [31mERROR[0m  rx-0 ThreadId(13) [2mzenoh::net::routing::hat::router::token[0m[2m:[0m Network graph doesn't contain destination node [3mnode_id[0m[2m=[0m2
[2m2026-09-14T12:20:34.572430Z[0m [31mERROR[0m  rx-0 ThreadId(13) [2mzenoh::net::routing::hat::router::token[0m[2m:[0m Network graph doesn't contain destination node [3mnode_id[0m[2m=[0m1
[2m2026-09-14T12:20:34.572434Z[0m [31mERROR[0m  rx-0 ThreadId(13) [2mzenoh::net::routing::hat::router::token[0m[2m:[0m Network graph doesn't contain destination node [3mnode_id[0m[2m=[0m2
[2m2026-09-14T12:20:34.572485Z[0m [31mERROR[0m  rx-0 ThreadId(13) [2mzenoh::net::routing::hat::router::token[0m[2m:[0m Network graph doesn't contain destination node [3mnode_id[0m[2m=[0m1
[2m2026-09-14T12:20:34.572491Z[0m [31mERROR[0m  rx-0 ThreadId(13) [2mzenoh::net::routing::hat::router::token[0m[2m:[0m Network graph doesn't contain destination node [3mnode_id[0m[2m=[0m2
[2m2026-09-14T12:20:34.572523Z[0m [31mERROR[0m  rx-0 ThreadId(13) [2mzenoh::net::routing::hat::router::token[0m[2m:[0m Network graph doesn't contain destination node [3mnode_id[0m[2m=[0m1
[2m2026-09-14T12:20:34.572528Z[0m [31mERROR[0m  rx-0 ThreadId(13) [2mzenoh::net::routing::hat::router::token[0m[2m:[0m Network graph doesn't contain destination node [3mnode_id[0m[2m=[0m2
[2m2026-09-14T12:20:34.572562Z[0m [31mERROR[0m  rx-0 ThreadId(13) [2mzenoh::net::routing::hat::router::token[0m[2m:[0m Network graph doesn't contain destination node [3mnode_id[0m[2m=[0m1
[2m2026-09-14T12:20:34.572567Z[0m [31mERROR[0m  rx-0 ThreadId(13) [2mzenoh::net::routing::hat::router::token[0m[2m:[0m Network graph doesn't contain destination node [3mnode_id[0m[2m=[0m2
[2m2026-09-14T12:20:34.572592Z[0m [31mERROR[0m  rx-0 ThreadId(13) [2mzenoh::net::routing::hat::router::token[0m[2m:[0m Network graph doesn't contain destination node [3mnode_id[0m[2m=[0m1
[2m2026-09-14T12:20:34.572597Z[0m [31mERROR[0m  rx-0 ThreadId(13) [2mzenoh::net::routing::hat::router::token[0m[2m:[0m Network graph doesn't contain destination node [3mnode_id[0m[2m=[0m2
[2m2026-09-14T12:20:34.572612Z[0m [31mERROR[0m  rx-0 ThreadId(13) [2mzenoh::net::routing::hat::router::token[0m[2m:[0m Network graph doesn't contain destination node [3mnode_id[0m[2m=[0m1
[2m2026-09-14T12:20:34.572621Z[0m [31mERROR[0m  rx-0 ThreadId(13) [2mzenoh::net::routing::hat::router::token[0m[2m:[0m Network graph doesn't contain destination node [3mnode_id[0m[2m=[0m2
[2m2026-09-14T12:20:34.572709Z[0m [31mERROR[0m  rx-0 ThreadId(13) [2mzenoh::net::routing::hat::router::token[0m[2m:[0m Network graph doesn't contain destination node [3mnode_id[0m[2m=[0m1
[2m2026-09-14T12:20:34.572722Z[0m [31mERROR[0m  rx-0 ThreadId(13) [2mzenoh::net::routing::hat::router::token[0m[2m:[0m Network graph doesn't contain destination node [3mnode_id[0m[2m=[0m2
[2m2026-09-14T12:20:34.572757Z[0m [31mERROR[0m  rx-0 ThreadId(13) [2mzenoh::net::routing::hat::router::token[0m[2m:[0m Network graph doesn't contain destination node [3mnode_id[0m[2m=[0m1
[2m2026-09-14T12:20:34.572762Z[0m [31mERROR[0m  rx-0 ThreadId(13) [2mzenoh::net::routing::hat::router::token[0m[2m:[0m Network graph doesn't contain destination node [3mnode_id[0m[2m=[0m2
[2m2026-09-14T12:20:34.572791Z[0m [31mERROR[0m  rx-0 ThreadId(13) [2mzenoh::net::routing::hat::router::token[0m[2m:[0m Network graph doesn't contain destination node [3mnode_id[0m[2m=[0m1
[2m2026-09-14T12:20:34.572796Z[0m [31mERROR[0m  rx-0 ThreadId(13) [2mzenoh::net::routing::hat::router::token[0m[2m:[0m Network graph doesn't contain destination node [3mnode_id[0m[2m=[0m2
[2m2026-09-14T12:20:34.572833Z[0m [31mERROR[0m  rx-0 ThreadId(13) [2mzenoh::net::routing::hat::router::token[0m[2m:[0m Network graph doesn't contain destination node [3mnode_id[0m[2m=[0m1
[2m2026-09-14T12:20:34.572838Z[0m [31mERROR[0m  rx-0 ThreadId(13) [2mzenoh::net::routing::hat::router::token[0m[2m:[0m Network graph doesn't contain destination node [3mnode_id[0m[2m=[0m2
[2m2026-09-14T12:20:34.572881Z[0m [31mERROR[0m  rx-0 ThreadId(13) [2mzenoh::net::routing::hat::router::token[0m[2m:[0m Network graph doesn't contain destination node [3mnode_id[0m[2m=[0m1
[2m2026-09-14T12:20:34.572889Z[0m [31mERROR[0m  rx-0 ThreadId(13) [2mzenoh::net::routing::hat::router::token[0m[2m:[0m Network graph doesn't contain destination node [3mnode_id[0m[2m=[0m2
[2m2026-09-14T12:20:34.572967Z[0m [31mERROR[0m  rx-0 ThreadId(13) [2mzenoh::net::routing::hat::router::token[0m[2m:[0m Network graph doesn't contain destination node [3mnode_id[0m[2m=[0m1
[2m2026-09-14T12:20:34.572985Z[0m [31mERROR[0m  rx-0 ThreadId(13) [2mzenoh::net::routing::hat::router::token[0m[2m:[0m Network graph doesn't contain destination node [3mnode_id[0m[2m=[0m2
[2m2026-09-14T12:20:34.573027Z[0m [31mERROR[0m  rx-0 ThreadId(13) [2mzenoh::net::routing::hat::router::token[0m[2m:[0m Network graph doesn't contain destination node [3mnode_id[0m[2m=[0m1
[2m2026-09-14T12:20:34.573037Z[0m [31mERROR[0m  rx-0 ThreadId(13) [2mzenoh::net::routing::hat::router::token[0m[2m:[0m Network graph doesn't contain destination node [3mnode_id[0m[2m=[0m2
[2m2026-09-14T12:20:34.573070Z[0m [31mERROR[0m  rx-0 ThreadId(13) [2mzenoh::net::routing::hat::router::token[0m[2m:[0m Network graph doesn't contain destination node [3mnode_id[0m[2m=[0m1
[2m2026-09-14T12:20:34.573078Z[0m [31mERROR[0m  rx-0 ThreadId(13) [2mzenoh::net::routing::hat::router::token[0m[2m:[0m Network graph doesn't contain destination node [3mnode_id[0m[2m=[0m2
[2m2026-09-14T12:20:34.573109Z[0m [31mERROR[0m  rx-0 ThreadId(13) [2mzenoh::net::routing::hat::router::token[0m[2m:[0m Network graph doesn't contain destination node [3mnode_id[0m[2m=[0m1
[2m2026-09-14T12:20:34.573114Z[0m [31mERROR[0m  rx-0 ThreadId(13) [2mzenoh::net::routing::hat::router::token[0m[2m:[0m Network graph doesn't contain destination node [3mnode_id[0m[2m=[0m2
[2m2026-09-14T12:20:34.573163Z[0m [31mERROR[0m  rx-0 ThreadId(13) [2mzenoh::net::routing::hat::router::token[0m[2m:[0m Network graph doesn't contain destination node [3mnode_id[0m[2m=[0m1
[2m2026-09-14T12:20:34.573172Z[0m [31mERROR[0m  rx-0 ThreadId(13) [2mzenoh::net::routing::hat::router::token[0m[2m:[0m Network graph doesn't contain destination node [3mnode_id[0m[2m=[0m2
[2m2026-09-14T12:20:34.573208Z[0m [31mERROR[0m  rx-0 ThreadId(13) [2mzenoh::net::routing::hat::router::token[0m[2m:[0m Network graph doesn't contain destination node [3mnode_id[0m[2m=[0m1
[2m2026-09-14T12:20:34.573214Z[0m [31mERROR[0m  rx-0 ThreadId(13) [2mzenoh::net::routing::hat::router::token[0m[2m:[0m Network graph doesn't contain destination node [3mnode_id[0m[2m=[0m2
[2m2026-09-14T12:20:34.573255Z[0m [31mERROR[0m  rx-0 ThreadId(13) [2mzenoh::net::routing::hat::router::token[0m[2m:[0m Network graph doesn't contain destination node [3mnode_id[0m[2m=[0m1
[2m2026-09-14T12:20:34.573264Z[0m [31mERROR[0m  rx-0 ThreadId(13) [2mzenoh::net::routing::hat::router::token[0m[2m:[0m Network graph doesn't contain destination node [3mnode_id[0m[2m=[0m2
[2m2026-09-14T12:20:34.573318Z[0m [31mERROR[0m  rx-0 ThreadId(13) [2mzenoh::net::routing::hat::router::token[0m[2m:[0m Network graph doesn't contain destination node [3mnode_id[0m[2m=[0m1
[2m2026-09-14T12:20:34.573330Z[0m [31mERROR[0m  rx-0 ThreadId(13) [2mzenoh::net::routing::hat::router::token[0m[2m:[0m Network graph doesn't contain destination node [3mnode_id[0m[2m=[0m2
[2m2026-09-14T12:20:34.573374Z[0m [31mERROR[0m  rx-0 ThreadId(13) [2mzenoh::net::routing::hat::router::token[0m[2m:[0m Network graph doesn't contain destination node [3mnode_id[0m[2m=[0m1
[2m2026-09-14T12:20:34.573522Z[0m [31mERROR[0m  rx-0 ThreadId(13) [2mzenoh::net::routing::hat::router::token[0m[2m:[0m Network graph doesn't contain destination node [3mnode_id[0m[2m=[0m2
[2m2026-09-14T12:20:34.573648Z[0m [31mERROR[0m  rx-0 ThreadId(13) [2mzenoh::net::routing::hat::router::token[0m[2m:[0m Network graph doesn't contain destination node [3mnode_id[0m[2m=[0m1
[2m2026-09-14T12:20:34.573659Z[0m [31mERROR[0m  rx-0 ThreadId(13) [2mzenoh::net::routing::hat::router::token[0m[2m:[0m Network graph doesn't contain destination node [3mnode_id[0m[2m=[0m2
[2m2026-09-14T12:20:34.573715Z[0m [31mERROR[0m  rx-0 ThreadId(13) [2mzenoh::net::routing::hat::router::token[0m[2m:[0m Network graph doesn't contain destination node [3mnode_id[0m[2m=[0m1
[2m2026-09-14T12:20:34.573721Z[0m [31mERROR[0m  rx-0 ThreadId(13) [2mzenoh::net::routing::hat::router::token[0m[2m:[0m Network graph doesn't contain destination node [3mnode_id[0m[2m=[0m2
[2m2026-09-14T12:20:34.573811Z[0m [31mERROR[0m  rx-0 ThreadId(13) [2mzenoh::net::routing::hat::router::token[0m[2m:[0m Network graph doesn't contain destination node [3mnode_id[0m[2m=[0m1
[2m2026-09-14T12:20:34.573819Z[0m [31mERROR[0m  rx-0 ThreadId(13) [2mzenoh::net::routing::hat::router::token[0m[2m:[0m Network graph doesn't contain destination node [3mnode_id[0m[2m=[0m2
[2m2026-09-14T12:20:34.573835Z[0m [31mERROR[0m  rx-0 ThreadId(13) [2mzenoh::net::routing::hat::router::token[0m[2m:[0m Network graph doesn't contain destination node [3mnode_id[0m[2m=[0m1
[2m2026-09-14T12:20:34.573839Z[0m [31mERROR[0m  rx-0 ThreadId(13) [2mzenoh::net::routing::hat::router::token[0m[2m:[0m Network graph doesn't contain destination node [3mnode_id[0m[2m=[0m2
[2m2026-09-14T12:20:34.573855Z[0m [31mERROR[0m  rx-0 ThreadId(13) [2mzenoh::net::routing::hat::router::token[0m[2m:[0m Network graph doesn't contain destination node [3mnode_id[0m[2m=[0m1
[2m2026-09-14T12:20:34.573859Z[0m [31mERROR[0m  rx-0 ThreadId(13) [2mzenoh::net::routing::hat::router::token[0m[2m:[0m Network graph doesn't contain destination node [3mnode_id[0m[2m=[0m2
[2m2026-09-14T12:20:34.573874Z[0m [31mERROR[0m  rx-0 ThreadId(13) [2mzenoh::net::routing::hat::router::token[0m[2m:[0m Network graph doesn't contain destination node [3mnode_id[0m[2m=[0m1
[2m2026-09-14T12:20:34.573878Z[0m [31mERROR[0m  rx-0 ThreadId(13) [2mzenoh::net::routing::hat::router::token[0m[2m:[0m Network graph doesn't contain destination node [3mnode_id[0m[2m=[0m2
[2m2026-09-14T12:20:34.573893Z[0m [31mERROR[0m  rx-0 ThreadId(13) [2mzenoh::net::routing::hat::router::token[0m[2m:[0m Network graph doesn't contain destination node [3mnode_id[0m[2m=[0m1
[2m2026-09-14T12:20:34.573898Z[0m [31mERROR[0m  rx-0 ThreadId(13) [2mzenoh::net::routing::hat::router::token[0m[2m:[0m Network graph doesn't contain destination node [3mnode_id[0m[2m=[0m2
[2m2026-09-14T12:20:34.573922Z[0m [31mERROR[0m  rx-0 ThreadId(13) [2mzenoh::net::routing::hat::router::token[0m[2m:[0m Network graph doesn't contain destination node [3mnode_id[0m[2m=[0m1
[2m2026-09-14T12:20:34.573926Z[0m [31mERROR[0m  rx-0 ThreadId(13) [2mzenoh::net::routing::hat::router::token[0m[2m:[0m Network graph doesn't contain destination node [3mnode_id[0m[2m=[0m2
[2m2026-09-14T12:20:34.573955Z[0m [31mERROR[0m  rx-0 ThreadId(13) [2mzenoh::net::routing::hat::router::token[0m[2m:[0m Network graph doesn't contain destination node [3mnode_id[0m[2m=[0m1
[2m2026-09-14T12:20:34.573962Z[0m [31mERROR[0m  rx-0 ThreadId(13) [2mzenoh::net::routing::hat::router::token[0m[2m:[0m Network graph doesn't contain destination node [3mnode_id[0m[2m=[0m2
[2m2026-09-14T12:20:34.574027Z[0m [31mERROR[0m  rx-0 ThreadId(13) [2mzenoh::net::routing::hat::router::token[0m[2m:[0m Network graph doesn't contain destination node [3mnode_id[0m[2m=[0m1
[2m2026-09-14T12:20:34.574065Z[0m [31mERROR[0m  rx-0 ThreadId(13) [2mzenoh::net::routing::hat::router::token[0m[2m:[0m Network graph doesn't contain destination node [3mnode_id[0m[2m=[0m2
[2m2026-09-14T12:20:34.574113Z[0m [31mERROR[0m  rx-0 ThreadId(13) [2mzenoh::net::routing::hat::router::token[0m[2m:[0m Network graph doesn't contain destination node [3mnode_id[0m[2m=[0m1
[2m2026-09-14T12:20:34.574123Z[0m [31mERROR[0m  rx-0 ThreadId(13) [2mzenoh::net::routing::hat::router::token[0m[2m:[0m Network graph doesn't contain destination node [3mnode_id[0m[2m=[0m2
ok
test scouting_delay_regression ... ok
test static_failover_brokering ... ignored, https://github.com/eclipse-zenoh/zenoh/issues/2224
test three_node_combination_multicast ... ignored, This is a flaky test
test two_node_combination ... [2m2026-09-14T12:20:37.117285Z[0m [31mERROR[0m tokio-rt-worker ThreadId(71) [2mrouting[0m[2m:[0m Failed to open session [3mnode[0m[2m=[0m"Pub client" [3merr[0m[2m=[0mUnable to connect to any of [Single(tcp/127.0.0.1:38751)]!  at zenoh/src/net/runtime/orchestrator.rs:419.
[2m2026-09-14T12:20:37.117437Z[0m [31mERROR[0m tokio-rt-worker ThreadId(66) [2mrouting[0m[2m:[0m Failed to open session [3mnode[0m[2m=[0m"Sub client" [3merr[0m[2m=[0mUnable to connect to any of [Single(tcp/127.0.0.1:37909)]!  at zenoh/src/net/runtime/orchestrator.rs:419.
[2m2026-09-14T12:20:37.126346Z[0m [31mERROR[0m tokio-rt-worker ThreadId(75) [2mrouting[0m[2m:[0m Failed to open session [3mnode[0m[2m=[0m"Get client" [3merr[0m[2m=[0mUnable to connect to any of [Single(tcp/127.0.0.1:38547)]!  at zenoh/src/net/runtime/orchestrator.rs:419.
[2m2026-09-14T12:20:37.755070Z[0m [31mERROR[0m           net-5 ThreadId(48) [2mzenoh_task[0m[2m:[0m Failed to terminate the task
[2m2026-09-14T12:20:37.814595Z[0m [31mERROR[0m tokio-rt-worker ThreadId(69) [2mrouting[0m[2m:[0m Failed to open session [3mnode[0m[2m=[0m"LivelinessLoop client" [3merr[0m[2m=[0mUnable to connect to any of [Single(tcp/127.0.0.1:34453)]!  at zenoh/src/net/runtime/orchestrator.rs:419.
[2m2026-09-14T12:20:38.128511Z[0m [31mERROR[0m tokio-rt-worker ThreadId(69) [2mrouting[0m[2m:[0m Failed to open session [3mnode[0m[2m=[0m"Queryable client" [3merr[0m[2m=[0mUnable to connect to any of [Single(tcp/127.0.0.1:38751)]!  at zenoh/src/net/runtime/orchestrator.rs:419.
ok

test result: ok. 6 passed; 0 failed; 2 ignored; 0 measured; 2 filtered out; finished in 88.60s

     Running tests/session.rs (target/debug/deps/session-7aa3e77888ea414b)

running 8 tests
test test_querier_drop_pending_query_completion_callback_reentrancy ... ok
test test_session_from_cloned_config ... ok
test test_undeclare_subscribers_same_keyexpr ... ok
test zenoh_2sessions_1runtime_init ... ok
test zenoh_session_close ... ok
test zenoh_session_close_in_background_async ... ok
test zenoh_session_close_in_background_sync ... ok
test zenoh_session_unicast ... ok

test result: ok. 8 passed; 0 failed; 0 ignored; 0 measured; 1 filtered out; finished in 31.45s

     Running tests/source_info.rs (target/debug/deps/source_info-43ba225c0dee72ed)

running 4 tests
test test_source_info_pub_sub ... ok
test test_source_info_pub_sub_no_source_info ... ok
test test_source_info_query_reply ... ok
test test_source_info_query_reply_no_source_info ... ok

test result: ok. 4 passed; 0 failed; 0 ignored; 0 measured; 0 filtered out; finished in 4.09s

     Running tests/unicity.rs (target/debug/deps/unicity-4e640255455bd691)

running 2 tests
test zenoh_unicity_brokered ... ok
test zenoh_unicity_p2p ... ok

test result: ok. 2 passed; 0 failed; 0 ignored; 0 measured; 0 filtered out; finished in 24.76s

     Running unittests src/lib.rs (target/debug/deps/zenoh_codec-3e01f29e98a497b4)

running 0 tests

test result: ok. 0 passed; 0 failed; 0 ignored; 0 measured; 0 filtered out; finished in 0.00s

     Running tests/codec.rs (target/debug/deps/codec-76bfd8dfa56ebfc1)

running 53 tests
test codec_close ... ok
test codec_declare ... ok
test codec_declare_body ... ok
test codec_declare_keyexpr ... ok
test codec_declare_queryable ... ok
test codec_declare_subscriber ... ok
test codec_declare_token ... ok
test codec_del ... ok
test codec_encoding ... ok
test codec_err ... ok
test codec_extension ... [2m2026-09-14T12:21:41.057499Z[0m [31mERROR[0m codec_extension ThreadId(12) [2mzenoh_codec::common::extension[0m[2m:[0m Unknown Test ext: ZExtUnknown { Id: 0, Mandatory: true, Encoding: "Unit" }
[2m2026-09-14T12:21:41.057516Z[0m [31mERROR[0m codec_extension ThreadId(12) [2mzenoh_codec::common::extension[0m[2m:[0m Unknown Test ext: ZExtUnknown { Id: 0, Mandatory: true, Encoding: "Unit" }
[2m2026-09-14T12:21:41.057520Z[0m [31mERROR[0m codec_extension ThreadId(12) [2mzenoh_codec::common::extension[0m[2m:[0m Unknown Test ext: ZExtUnknown { Id: 0, Mandatory: true, Encoding: "Unit" }
[2m2026-09-14T12:21:41.057523Z[0m [31mERROR[0m codec_extension ThreadId(12) [2mzenoh_codec::common::extension[0m[2m:[0m Unknown Test ext: ZExtUnknown { Id: 0, Mandatory: true, Encoding: "Unit" }
[2m2026-09-14T12:21:41.057526Z[0m [31mERROR[0m codec_extension ThreadId(12) [2mzenoh_codec::common::extension[0m[2m:[0m Unknown Test ext: ZExtUnknown { Id: 0, Mandatory: true, Encoding: "Unit" }
[2m2026-09-14T12:21:41.057529Z[0m [31mERROR[0m codec_extension ThreadId(12) [2mzenoh_codec::common::extension[0m[2m:[0m Unknown Test ext: ZExtUnknown { Id: 0, Mandatory: true, Encoding: "Unit" }
[2m2026-09-14T12:21:41.057532Z[0m [31mERROR[0m codec_extension ThreadId(12) [2mzenoh_codec::common::extension[0m[2m:[0m Unknown Test ext: ZExtUnknown { Id: 0, Mandatory: true, Encoding: "Unit" }
[2m2026-09-14T12:21:41.057534Z[0m [31mERROR[0m codec_extension ThreadId(12) [2mzenoh_codec::common::extension[0m[2m:[0m Unknown Test ext: ZExtUnknown { Id: 0, Mandatory: true, Encoding: "Unit" }
[2m2026-09-14T12:21:41.057537Z[0m [31mERROR[0m codec_extension ThreadId(12) [2mzenoh_codec::common::extension[0m[2m:[0m Unknown Test ext: ZExtUnknown { Id: 0, Mandatory: true, Encoding: "Unit" }
[2m2026-09-14T12:21:41.057540Z[0m [31mERROR[0m codec_extension ThreadId(12) [2mzenoh_codec::common::extension[0m[2m:[0m Unknown Test ext: ZExtUnknown { Id: 0, Mandatory: true, Encoding: "Unit" }
[2m2026-09-14T12:21:41.057543Z[0m [31mERROR[0m codec_extension ThreadId(12) [2mzenoh_codec::common::extension[0m[2m:[0m Unknown Test ext: ZExtUnknown { Id: 0, Mandatory: true, Encoding: "Unit" }
[2m2026-09-14T12:21:41.057546Z[0m [31mERROR[0m codec_extension ThreadId(12) [2mzenoh_codec::common::extension[0m[2m:[0m Unknown Test ext: ZExtUnknown { Id: 0, Mandatory: true, Encoding: "Unit" }
[2m2026-09-14T12:21:41.057549Z[0m [31mERROR[0m codec_extension ThreadId(12) [2mzenoh_codec::common::extension[0m[2m:[0m Unknown Test ext: ZExtUnknown { Id: 0, Mandatory: true, Encoding: "Unit" }
[2m2026-09-14T12:21:41.057551Z[0m [31mERROR[0m codec_extension ThreadId(12) [2mzenoh_codec::common::extension[0m[2m:[0m Unknown Test ext: ZExtUnknown { Id: 0, Mandatory: true, Encoding: "Unit" }
[2m2026-09-14T12:21:41.057554Z[0m [31mERROR[0m codec_extension ThreadId(12) [2mzenoh_codec::common::extension[0m[2m:[0m Unknown Test ext: ZExtUnknown { Id: 0, Mandatory: true, Encoding: "Unit" }
[2m2026-09-14T12:21:41.057557Z[0m [31mERROR[0m codec_extension ThreadId(12) [2mzenoh_codec::common::extension[0m[2m:[0m Unknown Test ext: ZExtUnknown { Id: 0, Mandatory: true, Encoding: "Unit" }
[2m2026-09-14T12:21:41.057560Z[0m [31mERROR[0m codec_extension ThreadId(12) [2mzenoh_codec::common::extension[0m[2m:[0m Unknown Test ext: ZExtUnknown { Id: 0, Mandatory: true, Encoding: "Unit" }
[2m2026-09-14T12:21:41.057563Z[0m [31mERROR[0m codec_extension ThreadId(12) [2mzenoh_codec::common::extension[0m[2m:[0m Unknown Test ext: ZExtUnknown { Id: 0, Mandatory: true, Encoding: "Unit" }
[2m2026-09-14T12:21:41.057565Z[0m [31mERROR[0m codec_extension ThreadId(12) [2mzenoh_codec::common::extension[0m[2m:[0m Unknown Test ext: ZExtUnknown { Id: 0, Mandatory: true, Encoding: "Unit" }
[2m2026-09-14T12:21:41.057572Z[0m [31mERROR[0m codec_extension ThreadId(12) [2mzenoh_codec::common::extension[0m[2m:[0m Unknown Test ext: ZExtUnknown { Id: 0, Mandatory: true, Encoding: "Unit" }
[2m2026-09-14T12:21:41.057575Z[0m [31mERROR[0m codec_extension ThreadId(12) [2mzenoh_codec::common::extension[0m[2m:[0m Unknown Test ext: ZExtUnknown { Id: 0, Mandatory: true, Encoding: "Unit" }
[2m2026-09-14T12:21:41.057578Z[0m [31mERROR[0m codec_extension ThreadId(12) [2mzenoh_codec::common::extension[0m[2m:[0m Unknown Test ext: ZExtUnknown { Id: 0, Mandatory: true, Encoding: "Unit" }
[2m2026-09-14T12:21:41.057581Z[0m [31mERROR[0m codec_extension ThreadId(12) [2mzenoh_codec::common::extension[0m[2m:[0m Unknown Test ext: ZExtUnknown { Id: 0, Mandatory: true, Encoding: "Unit" }
[2m2026-09-14T12:21:41.057584Z[0m [31mERROR[0m codec_extension ThreadId(12) [2mzenoh_codec::common::extension[0m[2m:[0m Unknown Test ext: ZExtUnknown { Id: 0, Mandatory: true, Encoding: "Unit" }
[2m2026-09-14T12:21:41.057587Z[0m [31mERROR[0m codec_extension ThreadId(12) [2mzenoh_codec::common::extension[0m[2m:[0m Unknown Test ext: ZExtUnknown { Id: 0, Mandatory: true, Encoding: "Unit" }
[2m2026-09-14T12:21:41.057589Z[0m [31mERROR[0m codec_extension ThreadId(12) [2mzenoh_codec::common::extension[0m[2m:[0m Unknown Test ext: ZExtUnknown { Id: 0, Mandatory: true, Encoding: "Unit" }
[2m2026-09-14T12:21:41.057592Z[0m [31mERROR[0m codec_extension ThreadId(12) [2mzenoh_codec::common::extension[0m[2m:[0m Unknown Test ext: ZExtUnknown { Id: 0, Mandatory: true, Encoding: "Unit" }
[2m2026-09-14T12:21:41.057595Z[0m [31mERROR[0m codec_extension ThreadId(12) [2mzenoh_codec::common::extension[0m[2m:[0m Unknown Test ext: ZExtUnknown { Id: 0, Mandatory: true, Encoding: "Unit" }
[2m2026-09-14T12:21:41.057598Z[0m [31mERROR[0m codec_extension ThreadId(12) [2mzenoh_codec::common::extension[0m[2m:[0m Unknown Test ext: ZExtUnknown { Id: 0, Mandatory: true, Encoding: "Unit" }
[2m2026-09-14T12:21:41.057601Z[0m [31mERROR[0m codec_extension ThreadId(12) [2mzenoh_codec::common::extension[0m[2m:[0m Unknown Test ext: ZExtUnknown { Id: 0, Mandatory: true, Encoding: "Unit" }
[2m2026-09-14T12:21:41.057604Z[0m [31mERROR[0m codec_extension ThreadId(12) [2mzenoh_codec::common::extension[0m[2m:[0m Unknown Test ext: ZExtUnknown { Id: 0, Mandatory: true, Encoding: "Unit" }
[2m2026-09-14T12:21:41.057606Z[0m [31mERROR[0m codec_extension ThreadId(12) [2mzenoh_codec::common::extension[0m[2m:[0m Unknown Test ext: ZExtUnknown { Id: 0, Mandatory: true, Encoding: "Unit" }
[2m2026-09-14T12:21:41.057609Z[0m [31mERROR[0m codec_extension ThreadId(12) [2mzenoh_codec::common::extension[0m[2m:[0m Unknown Test ext: ZExtUnknown { Id: 0, Mandatory: true, Encoding: "Unit" }
[2m2026-09-14T12:21:41.057612Z[0m [31mERROR[0m codec_extension ThreadId(12) [2mzenoh_codec::common::extension[0m[2m:[0m Unknown Test ext: ZExtUnknown { Id: 0, Mandatory: true, Encoding: "Unit" }
[2m2026-09-14T12:21:41.057615Z[0m [31mERROR[0m codec_extension ThreadId(12) [2mzenoh_codec::common::extension[0m[2m:[0m Unknown Test ext: ZExtUnknown { Id: 0, Mandatory: true, Encoding: "Unit" }
[2m2026-09-14T12:21:41.057618Z[0m [31mERROR[0m codec_extension ThreadId(12) [2mzenoh_codec::common::extension[0m[2m:[0m Unknown Test ext: ZExtUnknown { Id: 0, Mandatory: true, Encoding: "Unit" }
[2m2026-09-14T12:21:41.057621Z[0m [31mERROR[0m codec_extension ThreadId(12) [2mzenoh_codec::common::extension[0m[2m:[0m Unknown Test ext: ZExtUnknown { Id: 0, Mandatory: true, Encoding: "Unit" }
[2m2026-09-14T12:21:41.057623Z[0m [31mERROR[0m codec_extension ThreadId(12) [2mzenoh_codec::common::extension[0m[2m:[0m Unknown Test ext: ZExtUnknown { Id: 0, Mandatory: true, Encoding: "Unit" }
[2m2026-09-14T12:21:41.057626Z[0m [31mERROR[0m codec_extension ThreadId(12) [2mzenoh_codec::common::extension[0m[2m:[0m Unknown Test ext: ZExtUnknown { Id: 0, Mandatory: true, Encoding: "Unit" }
[2m2026-09-14T12:21:41.057629Z[0m [31mERROR[0m codec_extension ThreadId(12) [2mzenoh_codec::common::extension[0m[2m:[0m Unknown Test ext: ZExtUnknown { Id: 0, Mandatory: true, Encoding: "Unit" }
[2m2026-09-14T12:21:41.057633Z[0m [31mERROR[0m codec_extension ThreadId(12) [2mzenoh_codec::common::extension[0m[2m:[0m Unknown Test ext: ZExtUnknown { Id: 0, Mandatory: true, Encoding: "Unit" }
[2m2026-09-14T12:21:41.057636Z[0m [31mERROR[0m codec_extension ThreadId(12) [2mzenoh_codec::common::extension[0m[2m:[0m Unknown Test ext: ZExtUnknown { Id: 0, Mandatory: true, Encoding: "Unit" }
[2m2026-09-14T12:21:41.057639Z[0m [31mERROR[0m codec_extension ThreadId(12) [2mzenoh_codec::common::extension[0m[2m:[0m Unknown Test ext: ZExtUnknown { Id: 0, Mandatory: true, Encoding: "Unit" }
[2m2026-09-14T12:21:41.057661Z[0m [31mERROR[0m codec_extension ThreadId(12) [2mzenoh_codec::common::extension[0m[2m:[0m Unknown Test ext: ZExtUnknown { Id: 0, Mandatory: true, Encoding: "Unit" }
[2m2026-09-14T12:21:41.057665Z[0m [31mERROR[0m codec_extension ThreadId(12) [2mzenoh_codec::common::extension[0m[2m:[0m Unknown Test ext: ZExtUnknown { Id: 0, Mandatory: true, Encoding: "Unit" }
[2m2026-09-14T12:21:41.057668Z[0m [31mERROR[0m codec_extension ThreadId(12) [2mzenoh_codec::common::extension[0m[2m:[0m Unknown Test ext: ZExtUnknown { Id: 0, Mandatory: true, Encoding: "Unit" }
[2m2026-09-14T12:21:41.057671Z[0m [31mERROR[0m codec_extension ThreadId(12) [2mzenoh_codec::common::extension[0m[2m:[0m Unknown Test ext: ZExtUnknown { Id: 0, Mandatory: true, Encoding: "Unit" }
[2m2026-09-14T12:21:41.057674Z[0m [31mERROR[0m codec_extension ThreadId(12) [2mzenoh_codec::common::extension[0m[2m:[0m Unknown Test ext: ZExtUnknown { Id: 0, Mandatory: true, Encoding: "Unit" }
[2m2026-09-14T12:21:41.057677Z[0m [31mERROR[0m codec_extension ThreadId(12) [2mzenoh_codec::common::extension[0m[2m:[0m Unknown Test ext: ZExtUnknown { Id: 0, Mandatory: true, Encoding: "Unit" }
[2m2026-09-14T12:21:41.057679Z[0m [31mERROR[0m codec_extension ThreadId(12) [2mzenoh_codec::common::extension[0m[2m:[0m Unknown Test ext: ZExtUnknown { Id: 0, Mandatory: true, Encoding: "Unit" }
[2m2026-09-14T12:21:41.057682Z[0m [31mERROR[0m codec_extension ThreadId(12) [2mzenoh_codec::common::extension[0m[2m:[0m Unknown Test ext: ZExtUnknown { Id: 0, Mandatory: true, Encoding: "Unit" }
[2m2026-09-14T12:21:41.057685Z[0m [31mERROR[0m codec_extension ThreadId(12) [2mzenoh_codec::common::extension[0m[2m:[0m Unknown Test ext: ZExtUnknown { Id: 0, Mandatory: true, Encoding: "Unit" }
[2m2026-09-14T12:21:41.057688Z[0m [31mERROR[0m codec_extension ThreadId(12) [2mzenoh_codec::common::extension[0m[2m:[0m Unknown Test ext: ZExtUnknown { Id: 0, Mandatory: true, Encoding: "Unit" }
[2m2026-09-14T12:21:41.057691Z[0m [31mERROR[0m codec_extension ThreadId(12) [2mzenoh_codec::common::extension[0m[2m:[0m Unknown Test ext: ZExtUnknown { Id: 0, Mandatory: true, Encoding: "Unit" }
[2m2026-09-14T12:21:41.057694Z[0m [31mERROR[0m codec_extension ThreadId(12) [2mzenoh_codec::common::extension[0m[2m:[0m Unknown Test ext: ZExtUnknown { Id: 0, Mandatory: true, Encoding: "Unit" }
[2m2026-09-14T12:21:41.057696Z[0m [31mERROR[0m codec_extension ThreadId(12) [2mzenoh_codec::common::extension[0m[2m:[0m Unknown Test ext: ZExtUnknown { Id: 0, Mandatory: true, Encoding: "Unit" }
[2m2026-09-14T12:21:41.057699Z[0m [31mERROR[0m codec_extension ThreadId(12) [2mzenoh_codec::common::extension[0m[2m:[0m Unknown Test ext: ZExtUnknown { Id: 0, Mandatory: true, Encoding: "Unit" }
[2m2026-09-14T12:21:41.057702Z[0m [31mERROR[0m codec_extension ThreadId(12) [2mzenoh_codec::common::extension[0m[2m:[0m Unknown Test ext: ZExtUnknown { Id: 0, Mandatory: true, Encoding: "Unit" }
[2m2026-09-14T12:21:41.057705Z[0m [31mERROR[0m codec_extension ThreadId(12) [2mzenoh_codec::common::extension[0m[2m:[0m Unknown Test ext: ZExtUnknown { Id: 0, Mandatory: true, Encoding: "Unit" }
[2m2026-09-14T12:21:41.057708Z[0m [31mERROR[0m codec_extension ThreadId(12) [2mzenoh_codec::common::extension[0m[2m:[0m Unknown Test ext: ZExtUnknown { Id: 0, Mandatory: true, Encoding: "Unit" }
[2m2026-09-14T12:21:41.057712Z[0m [31mERROR[0m codec_extension ThreadId(12) [2mzenoh_codec::common::extension[0m[2m:[0m Unknown Test ext: ZExtUnknown { Id: 0, Mandatory: true, Encoding: "Unit" }
[2m2026-09-14T12:21:41.057715Z[0m [31mERROR[0m codec_extension ThreadId(12) [2mzenoh_codec::common::extension[0m[2m:[0m Unknown Test ext: ZExtUnknown { Id: 0, Mandatory: true, Encoding: "Unit" }
[2m2026-09-14T12:21:41.057717Z[0m [31mERROR[0m codec_extension ThreadId(12) [2mzenoh_codec::common::extension[0m[2m:[0m Unknown Test ext: ZExtUnknown { Id: 0, Mandatory: true, Encoding: "Unit" }
[2m2026-09-14T12:21:41.057720Z[0m [31mERROR[0m codec_extension ThreadId(12) [2mzenoh_codec::common::extension[0m[2m:[0m Unknown Test ext: ZExtUnknown { Id: 0, Mandatory: true, Encoding: "Unit" }
[2m2026-09-14T12:21:41.057737Z[0m [31mERROR[0m codec_extension ThreadId(12) [2mzenoh_codec::common::extension[0m[2m:[0m Unknown Test ext: ZExtUnknown { Id: 0, Mandatory: true, Encoding: "Unit" }
[2m2026-09-14T12:21:41.057740Z[0m [31mERROR[0m codec_extension ThreadId(12) [2mzenoh_codec::common::extension[0m[2m:[0m Unknown Test ext: ZExtUnknown { Id: 0, Mandatory: true, Encoding: "Unit" }
[2m2026-09-14T12:21:41.057743Z[0m [31mERROR[0m codec_extension ThreadId(12) [2mzenoh_codec::common::extension[0m[2m:[0m Unknown Test ext: ZExtUnknown { Id: 0, Mandatory: true, Encoding: "Unit" }
[2m2026-09-14T12:21:41.057746Z[0m [31mERROR[0m codec_extension ThreadId(12) [2mzenoh_codec::common::extension[0m[2m:[0m Unknown Test ext: ZExtUnknown { Id: 0, Mandatory: true, Encoding: "Unit" }
[2m2026-09-14T12:21:41.057749Z[0m [31mERROR[0m codec_extension ThreadId(12) [2mzenoh_codec::common::extension[0m[2m:[0m Unknown Test ext: ZExtUnknown { Id: 0, Mandatory: true, Encoding: "Unit" }
[2m2026-09-14T12:21:41.057751Z[0m [31mERROR[0m codec_extension ThreadId(12) [2mzenoh_codec::common::extension[0m[2m:[0m Unknown Test ext: ZExtUnknown { Id: 0, Mandatory: true, Encoding: "Unit" }
[2m2026-09-14T12:21:41.057754Z[0m [31mERROR[0m codec_extension ThreadId(12) [2mzenoh_codec::common::extension[0m[2m:[0m Unknown Test ext: ZExtUnknown { Id: 0, Mandatory: true, Encoding: "Unit" }
[2m2026-09-14T12:21:41.057757Z[0m [31mERROR[0m codec_extension ThreadId(12) [2mzenoh_codec::common::extension[0m[2m:[0m Unknown Test ext: ZExtUnknown { Id: 0, Mandatory: true, Encoding: "Unit" }
[2m2026-09-14T12:21:41.057760Z[0m [31mERROR[0m codec_extension ThreadId(12) [2mzenoh_codec::common::extension[0m[2m:[0m Unknown Test ext: ZExtUnknown { Id: 0, Mandatory: true, Encoding: "Unit" }
[2m2026-09-14T12:21:41.057763Z[0m [31mERROR[0m codec_extension ThreadId(12) [2mzenoh_codec::common::extension[0m[2m:[0m Unknown Test ext: ZExtUnknown { Id: 0, Mandatory: true, Encoding: "Unit" }
[2m2026-09-14T12:21:41.057765Z[0m [31mERROR[0m codec_extension ThreadId(12) [2mzenoh_codec::common::extension[0m[2m:[0m Unknown Test ext: ZExtUnknown { Id: 0, Mandatory: true, Encoding: "Unit" }
[2m2026-09-14T12:21:41.057768Z[0m [31mERROR[0m codec_extension ThreadId(12) [2mzenoh_codec::common::extension[0m[2m:[0m Unknown Test ext: ZExtUnknown { Id: 0, Mandatory: true, Encoding: "Unit" }
[2m2026-09-14T12:21:41.057771Z[0m [31mERROR[0m codec_extension ThreadId(12) [2mzenoh_codec::common::extension[0m[2m:[0m Unknown Test ext: ZExtUnknown { Id: 0, Mandatory: true, Encoding: "Unit" }
[2m2026-09-14T12:21:41.057774Z[0m [31mERROR[0m codec_extension ThreadId(12) [2mzenoh_codec::common::extension[0m[2m:[0m Unknown Test ext: ZExtUnknown { Id: 0, Mandatory: true, Encoding: "Unit" }
[2m2026-09-14T12:21:41.057776Z[0m [31mERROR[0m codec_extension ThreadId(12) [2mzenoh_codec::common::extension[0m[2m:[0m Unknown Test ext: ZExtUnknown { Id: 0, Mandatory: true, Encoding: "Unit" }
[2m2026-09-14T12:21:41.057779Z[0m [31mERROR[0m codec_extension ThreadId(12) [2mzenoh_codec::common::extension[0m[2m:[0m Unknown Test ext: ZExtUnknown { Id: 0, Mandatory: true, Encoding: "Unit" }
[2m2026-09-14T12:21:41.057783Z[0m [31mERROR[0m codec_extension ThreadId(12) [2mzenoh_codec::common::extension[0m[2m:[0m Unknown Test ext: ZExtUnknown { Id: 0, Mandatory: true, Encoding: "Unit" }
[2m2026-09-14T12:21:41.057786Z[0m [31mERROR[0m codec_extension ThreadId(12) [2mzenoh_codec::common::extension[0m[2m:[0m Unknown Test ext: ZExtUnknown { Id: 0, Mandatory: true, Encoding: "Unit" }
[2m2026-09-14T12:21:41.057789Z[0m [31mERROR[0m codec_extension ThreadId(12) [2mzenoh_codec::common::extension[0m[2m:[0m Unknown Test ext: ZExtUnknown { Id: 0, Mandatory: true, Encoding: "Unit" }
[2m2026-09-14T12:21:41.057791Z[0m [31mERROR[0m codec_extension ThreadId(12) [2mzenoh_codec::common::extension[0m[2m:[0m Unknown Test ext: ZExtUnknown { Id: 0, Mandatory: true, Encoding: "Unit" }
[2m2026-09-14T12:21:41.057794Z[0m [31mERROR[0m codec_extension ThreadId(12) [2mzenoh_codec::common::extension[0m[2m:[0m Unknown Test ext: ZExtUnknown { Id: 0, Mandatory: true, Encoding: "Unit" }
[2m2026-09-14T12:21:41.057797Z[0m [31mERROR[0m codec_extension ThreadId(12) [2mzenoh_codec::common::extension[0m[2m:[0m Unknown Test ext: ZExtUnknown { Id: 0, Mandatory: true, Encoding: "Unit" }
[2m2026-09-14T12:21:41.057800Z[0m [31mERROR[0m codec_extension ThreadId(12) [2mzenoh_codec::common::extension[0m[2m:[0m Unknown Test ext: ZExtUnknown { Id: 0, Mandatory: true, Encoding: "Unit" }
[2m2026-09-14T12:21:41.057803Z[0m [31mERROR[0m codec_extension ThreadId(12) [2mzenoh_codec::common::extension[0m[2m:[0m Unknown Test ext: ZExtUnknown { Id: 0, Mandatory: true, Encoding: "Unit" }
[2m2026-09-14T12:21:41.057805Z[0m [31mERROR[0m codec_extension ThreadId(12) [2mzenoh_codec::common::extension[0m[2m:[0m Unknown Test ext: ZExtUnknown { Id: 0, Mandatory: true, Encoding: "Unit" }
[2m2026-09-14T12:21:41.057808Z[0m [31mERROR[0m codec_extension ThreadId(12) [2mzenoh_codec::common::extension[0m[2m:[0m Unknown Test ext: ZExtUnknown { Id: 0, Mandatory: true, Encoding: "Unit" }
[2m2026-09-14T12:21:41.057811Z[0m [31mERROR[0m codec_extension ThreadId(12) [2mzenoh_codec::common::extension[0m[2m:[0m Unknown Test ext: ZExtUnknown { Id: 0, Mandatory: true, Encoding: "Unit" }
[2m2026-09-14T12:21:41.057814Z[0m [31mERROR[0m codec_extension ThreadId(12) [2mzenoh_codec::common::extension[0m[2m:[0m Unknown Test ext: ZExtUnknown { Id: 0, Mandatory: true, Encoding: "Unit" }
[2m2026-09-14T12:21:41.057816Z[0m [31mERROR[0m codec_extension ThreadId(12) [2mzenoh_codec::common::extension[0m[2m:[0m Unknown Test ext: ZExtUnknown { Id: 0, Mandatory: true, Encoding: "Unit" }
[2m2026-09-14T12:21:41.057819Z[0m [31mERROR[0m codec_extension ThreadId(12) [2mzenoh_codec::common::extension[0m[2m:[0m Unknown Test ext: ZExtUnknown { Id: 0, Mandatory: true, Encoding: "Unit" }
[2m2026-09-14T12:21:41.057822Z[0m [31mERROR[0m codec_extension ThreadId(12) [2mzenoh_codec::common::extension[0m[2m:[0m Unknown Test ext: ZExtUnknown { Id: 0, Mandatory: true, Encoding: "Unit" }
[2m2026-09-14T12:21:41.057825Z[0m [31mERROR[0m codec_extension ThreadId(12) [2mzenoh_codec::common::extension[0m[2m:[0m Unknown Test ext: ZExtUnknown { Id: 0, Mandatory: true, Encoding: "Unit" }
[2m2026-09-14T12:21:41.057827Z[0m [31mERROR[0m codec_extension ThreadId(12) [2mzenoh_codec::common::extension[0m[2m:[0m Unknown Test ext: ZExtUnknown { Id: 0, Mandatory: true, Encoding: "Unit" }
[2m2026-09-14T12:21:41.057830Z[0m [31mERROR[0m codec_extension ThreadId(12) [2mzenoh_codec::common::extension[0m[2m:[0m Unknown Test ext: ZExtUnknown { Id: 0, Mandatory: true, Encoding: "Unit" }
[2m2026-09-14T12:21:41.057833Z[0m [31mERROR[0m codec_extension ThreadId(12) [2mzenoh_codec::common::extension[0m[2m:[0m Unknown Test ext: ZExtUnknown { Id: 0, Mandatory: true, Encoding: "Unit" }
[2m2026-09-14T12:21:41.057836Z[0m [31mERROR[0m codec_extension ThreadId(12) [2mzenoh_codec::common::extension[0m[2m:[0m Unknown Test ext: ZExtUnknown { Id: 0, Mandatory: true, Encoding: "Unit" }
[2m2026-09-14T12:21:41.057840Z[0m [31mERROR[0m codec_extension ThreadId(12) [2mzenoh_codec::common::extension[0m[2m:[0m Unknown Test ext: ZExtUnknown { Id: 0, Mandatory: true, Encoding: "Unit" }
[2m2026-09-14T12:21:41.057843Z[0m [31mERROR[0m codec_extension ThreadId(12) [2mzenoh_codec::common::extension[0m[2m:[0m Unknown Test ext: ZExtUnknown { Id: 0, Mandatory: true, Encoding: "Unit" }
[2m2026-09-14T12:21:41.057846Z[0m [31mERROR[0m codec_extension ThreadId(12) [2mzenoh_codec::common::extension[0m[2m:[0m Unknown Test ext: ZExtUnknown { Id: 0, Mandatory: true, Encoding: "Unit" }
[2m2026-09-14T12:21:41.057849Z[0m [31mERROR[0m codec_extension ThreadId(12) [2mzenoh_codec::common::extension[0m[2m:[0m Unknown Test ext: ZExtUnknown { Id: 0, Mandatory: true, Encoding: "Unit" }
[2m2026-09-14T12:21:41.057852Z[0m [31mERROR[0m codec_extension ThreadId(12) [2mzenoh_codec::common::extension[0m[2m:[0m Unknown Test ext: ZExtUnknown { Id: 0, Mandatory: true, Encoding: "Unit" }
[2m2026-09-14T12:21:41.057854Z[0m [31mERROR[0m codec_extension ThreadId(12) [2mzenoh_codec::common::extension[0m[2m:[0m Unknown Test ext: ZExtUnknown { Id: 0, Mandatory: true, Encoding: "Unit" }
[2m2026-09-14T12:21:41.057857Z[0m [31mERROR[0m codec_extension ThreadId(12) [2mzenoh_codec::common::extension[0m[2m:[0m Unknown Test ext: ZExtUnknown { Id: 0, Mandatory: true, Encoding: "Unit" }
[2m2026-09-14T12:21:41.057860Z[0m [31mERROR[0m codec_extension ThreadId(12) [2mzenoh_codec::common::extension[0m[2m:[0m Unknown Test ext: ZExtUnknown { Id: 0, Mandatory: true, Encoding: "Unit" }
[2m2026-09-14T12:21:41.057863Z[0m [31mERROR[0m codec_extension ThreadId(12) [2mzenoh_codec::common::extension[0m[2m:[0m Unknown Test ext: ZExtUnknown { Id: 0, Mandatory: true, Encoding: "Unit" }
[2m2026-09-14T12:21:41.057865Z[0m [31mERROR[0m codec_extension ThreadId(12) [2mzenoh_codec::common::extension[0m[2m:[0m Unknown Test ext: ZExtUnknown { Id: 0, Mandatory: true, Encoding: "Unit" }
[2m2026-09-14T12:21:41.057868Z[0m [31mERROR[0m codec_extension ThreadId(12) [2mzenoh_codec::common::extension[0m[2m:[0m Unknown Test ext: ZExtUnknown { Id: 0, Mandatory: true, Encoding: "Unit" }
[2m2026-09-14T12:21:41.057871Z[0m [31mERROR[0m codec_extension ThreadId(12) [2mzenoh_codec::common::extension[0m[2m:[0m Unknown Test ext: ZExtUnknown { Id: 0, Mandatory: true, Encoding: "Unit" }
[2m2026-09-14T12:21:41.057874Z[0m [31mERROR[0m codec_extension ThreadId(12) [2mzenoh_codec::common::extension[0m[2m:[0m Unknown Test ext: ZExtUnknown { Id: 0, Mandatory: true, Encoding: "Unit" }
[2m2026-09-14T12:21:41.057877Z[0m [31mERROR[0m codec_extension ThreadId(12) [2mzenoh_codec::common::extension[0m[2m:[0m Unknown Test ext: ZExtUnknown { Id: 0, Mandatory: true, Encoding: "Unit" }
[2m2026-09-14T12:21:41.057879Z[0m [31mERROR[0m codec_extension ThreadId(12) [2mzenoh_codec::common::extension[0m[2m:[0m Unknown Test ext: ZExtUnknown { Id: 0, Mandatory: true, Encoding: "Unit" }
[2m2026-09-14T12:21:41.057882Z[0m [31mERROR[0m codec_extension ThreadId(12) [2mzenoh_codec::common::extension[0m[2m:[0m Unknown Test ext: ZExtUnknown { Id: 0, Mandatory: true, Encoding: "Unit" }
[2m2026-09-14T12:21:41.057885Z[0m [31mERROR[0m codec_extension ThreadId(12) [2mzenoh_codec::common::extension[0m[2m:[0m Unknown Test ext: ZExtUnknown { Id: 0, Mandatory: true, Encoding: "Unit" }
[2m2026-09-14T12:21:41.057888Z[0m [31mERROR[0m codec_extension ThreadId(12) [2mzenoh_codec::common::extension[0m[2m:[0m Unknown Test ext: ZExtUnknown { Id: 0, Mandatory: true, Encoding: "Unit" }
[2m2026-09-14T12:21:41.057891Z[0m [31mERROR[0m codec_extension ThreadId(12) [2mzenoh_codec::common::extension[0m[2m:[0m Unknown Test ext: ZExtUnknown { Id: 0, Mandatory: true, Encoding: "Unit" }
[2m2026-09-14T12:21:41.057893Z[0m [31mERROR[0m codec_extension ThreadId(12) [2mzenoh_codec::common::extension[0m[2m:[0m Unknown Test ext: ZExtUnknown { Id: 0, Mandatory: true, Encoding: "Unit" }
[2m2026-09-14T12:21:41.057897Z[0m [31mERROR[0m codec_extension ThreadId(12) [2mzenoh_codec::common::extension[0m[2m:[0m Unknown Test ext: ZExtUnknown { Id: 0, Mandatory: true, Encoding: "Unit" }
[2m2026-09-14T12:21:41.057900Z[0m [31mERROR[0m codec_extension ThreadId(12) [2mzenoh_codec::common::extension[0m[2m:[0m Unknown Test ext: ZExtUnknown { Id: 0, Mandatory: true, Encoding: "Unit" }
[2m2026-09-14T12:21:41.057903Z[0m [31mERROR[0m codec_extension ThreadId(12) [2mzenoh_codec::common::extension[0m[2m:[0m Unknown Test ext: ZExtUnknown { Id: 0, Mandatory: true, Encoding: "Unit" }
[2m2026-09-14T12:21:41.057905Z[0m [31mERROR[0m codec_extension ThreadId(12) [2mzenoh_codec::common::extension[0m[2m:[0m Unknown Test ext: ZExtUnknown { Id: 0, Mandatory: true, Encoding: "Unit" }
[2m2026-09-14T12:21:41.057908Z[0m [31mERROR[0m codec_extension ThreadId(12) [2mzenoh_codec::common::extension[0m[2m:[0m Unknown Test ext: ZExtUnknown { Id: 0, Mandatory: true, Encoding: "Unit" }
[2m2026-09-14T12:21:41.057911Z[0m [31mERROR[0m codec_extension ThreadId(12) [2mzenoh_codec::common::extension[0m[2m:[0m Unknown Test ext: ZExtUnknown { Id: 0, Mandatory: true, Encoding: "Unit" }
[2m2026-09-14T12:21:41.057914Z[0m [31mERROR[0m codec_extension ThreadId(12) [2mzenoh_codec::common::extension[0m[2m:[0m Unknown Test ext: ZExtUnknown { Id: 0, Mandatory: true, Encoding: "Unit" }
[2m2026-09-14T12:21:41.057917Z[0m [31mERROR[0m codec_extension ThreadId(12) [2mzenoh_codec::common::extension[0m[2m:[0m Unknown Test ext: ZExtUnknown { Id: 0, Mandatory: true, Encoding: "Unit" }
[2m2026-09-14T12:21:41.057934Z[0m [31mERROR[0m codec_extension ThreadId(12) [2mzenoh_codec::common::extension[0m[2m:[0m Unknown Test ext: ZExtUnknown { Id: 0, Mandatory: true, Encoding: "Unit" }
[2m2026-09-14T12:21:41.057937Z[0m [31mERROR[0m codec_extension ThreadId(12) [2mzenoh_codec::common::extension[0m[2m:[0m Unknown Test ext: ZExtUnknown { Id: 0, Mandatory: true, Encoding: "Unit" }
[2m2026-09-14T12:21:41.057939Z[0m [31mERROR[0m codec_extension ThreadId(12) [2mzenoh_codec::common::extension[0m[2m:[0m Unknown Test ext: ZExtUnknown { Id: 0, Mandatory: true, Encoding: "Unit" }
[2m2026-09-14T12:21:41.057942Z[0m [31mERROR[0m codec_extension ThreadId(12) [2mzenoh_codec::common::extension[0m[2m:[0m Unknown Test ext: ZExtUnknown { Id: 0, Mandatory: true, Encoding: "Unit" }
[2m2026-09-14T12:21:41.057945Z[0m [31mERROR[0m codec_extension ThreadId(12) [2mzenoh_codec::common::extension[0m[2m:[0m Unknown Test ext: ZExtUnknown { Id: 0, Mandatory: true, Encoding: "Unit" }
[2m2026-09-14T12:21:41.057948Z[0m [31mERROR[0m codec_extension ThreadId(12) [2mzenoh_codec::common::extension[0m[2m:[0m Unknown Test ext: ZExtUnknown { Id: 0, Mandatory: true, Encoding: "Unit" }
[2m2026-09-14T12:21:41.057951Z[0m [31mERROR[0m codec_extension ThreadId(12) [2mzenoh_codec::common::extension[0m[2m:[0m Unknown Test ext: ZExtUnknown { Id: 0, Mandatory: true, Encoding: "Unit" }
[2m2026-09-14T12:21:41.057953Z[0m [31mERROR[0m codec_extension ThreadId(12) [2mzenoh_codec::common::extension[0m[2m:[0m Unknown Test ext: ZExtUnknown { Id: 0, Mandatory: true, Encoding: "Unit" }
[2m2026-09-14T12:21:41.057956Z[0m [31mERROR[0m codec_extension ThreadId(12) [2mzenoh_codec::common::extension[0m[2m:[0m Unknown Test ext: ZExtUnknown { Id: 0, Mandatory: true, Encoding: "Unit" }
[2m2026-09-14T12:21:41.057959Z[0m [31mERROR[0m codec_extension ThreadId(12) [2mzenoh_codec::common::extension[0m[2m:[0m Unknown Test ext: ZExtUnknown { Id: 0, Mandatory: true, Encoding: "Unit" }
[2m2026-09-14T12:21:41.057962Z[0m [31mERROR[0m codec_extension ThreadId(12) [2mzenoh_codec::common::extension[0m[2m:[0m Unknown Test ext: ZExtUnknown { Id: 0, Mandatory: true, Encoding: "Unit" }
[2m2026-09-14T12:21:41.057965Z[0m [31mERROR[0m codec_extension ThreadId(12) [2mzenoh_codec::common::extension[0m[2m:[0m Unknown Test ext: ZExtUnknown { Id: 0, Mandatory: true, Encoding: "Unit" }
[2m2026-09-14T12:21:41.057968Z[0m [31mERROR[0m codec_extension ThreadId(12) [2mzenoh_codec::common::extension[0m[2m:[0m Unknown Test ext: ZExtUnknown { Id: 0, Mandatory: true, Encoding: "Unit" }
[2m2026-09-14T12:21:41.057971Z[0m [31mERROR[0m codec_extension ThreadId(12) [2mzenoh_codec::common::extension[0m[2m:[0m Unknown Test ext: ZExtUnknown { Id: 0, Mandatory: true, Encoding: "Unit" }
[2m2026-09-14T12:21:41.057974Z[0m [31mERROR[0m codec_extension ThreadId(12) [2mzenoh_codec::common::extension[0m[2m:[0m Unknown Test ext: ZExtUnknown { Id: 0, Mandatory: true, Encoding: "Unit" }
[2m2026-09-14T12:21:41.057977Z[0m [31mERROR[0m codec_extension ThreadId(12) [2mzenoh_codec::common::extension[0m[2m:[0m Unknown Test ext: ZExtUnknown { Id: 0, Mandatory: true, Encoding: "Unit" }
[2m2026-09-14T12:21:41.057979Z[0m [31mERROR[0m codec_extension ThreadId(12) [2mzenoh_codec::common::extension[0m[2m:[0m Unknown Test ext: ZExtUnknown { Id: 0, Mandatory: true, Encoding: "Unit" }
[2m2026-09-14T12:21:41.057982Z[0m [31mERROR[0m codec_extension ThreadId(12) [2mzenoh_codec::common::extension[0m[2m:[0m Unknown Test ext: ZExtUnknown { Id: 0, Mandatory: true, Encoding: "Unit" }
[2m2026-09-14T12:21:41.057985Z[0m [31mERROR[0m codec_extension ThreadId(12) [2mzenoh_codec::common::extension[0m[2m:[0m Unknown Test ext: ZExtUnknown { Id: 0, Mandatory: true, Encoding: "Unit" }
[2m2026-09-14T12:21:41.057988Z[0m [31mERROR[0m codec_extension ThreadId(12) [2mzenoh_codec::common::extension[0m[2m:[0m Unknown Test ext: ZExtUnknown { Id: 0, Mandatory: true, Encoding: "Unit" }
[2m2026-09-14T12:21:41.057991Z[0m [31mERROR[0m codec_extension ThreadId(12) [2mzenoh_codec::common::extension[0m[2m:[0m Unknown Test ext: ZExtUnknown { Id: 0, Mandatory: true, Encoding: "Unit" }
[2m2026-09-14T12:21:41.057993Z[0m [31mERROR[0m codec_extension ThreadId(12) [2mzenoh_codec::common::extension[0m[2m:[0m Unknown Test ext: ZExtUnknown { Id: 0, Mandatory: true, Encoding: "Unit" }
[2m2026-09-14T12:21:41.057996Z[0m [31mERROR[0m codec_extension ThreadId(12) [2mzenoh_codec::common::extension[0m[2m:[0m Unknown Test ext: ZExtUnknown { Id: 0, Mandatory: true, Encoding: "Unit" }
[2m2026-09-14T12:21:41.057999Z[0m [31mERROR[0m codec_extension ThreadId(12) [2mzenoh_codec::common::extension[0m[2m:[0m Unknown Test ext: ZExtUnknown { Id: 0, Mandatory: true, Encoding: "Unit" }
[2m2026-09-14T12:21:41.058002Z[0m [31mERROR[0m codec_extension ThreadId(12) [2mzenoh_codec::common::extension[0m[2m:[0m Unknown Test ext: ZExtUnknown { Id: 0, Mandatory: true, Encoding: "Unit" }
[2m2026-09-14T12:21:41.058005Z[0m [31mERROR[0m codec_extension ThreadId(12) [2mzenoh_codec::common::extension[0m[2m:[0m Unknown Test ext: ZExtUnknown { Id: 0, Mandatory: true, Encoding: "Unit" }
[2m2026-09-14T12:21:41.058007Z[0m [31mERROR[0m codec_extension ThreadId(12) [2mzenoh_codec::common::extension[0m[2m:[0m Unknown Test ext: ZExtUnknown { Id: 0, Mandatory: true, Encoding: "Unit" }
[2m2026-09-14T12:21:41.058010Z[0m [31mERROR[0m codec_extension ThreadId(12) [2mzenoh_codec::common::extension[0m[2m:[0m Unknown Test ext: ZExtUnknown { Id: 0, Mandatory: true, Encoding: "Unit" }
[2m2026-09-14T12:21:41.058013Z[0m [31mERROR[0m codec_extension ThreadId(12) [2mzenoh_codec::common::extension[0m[2m:[0m Unknown Test ext: ZExtUnknown { Id: 0, Mandatory: true, Encoding: "Unit" }
[2m2026-09-14T12:21:41.058016Z[0m [31mERROR[0m codec_extension ThreadId(12) [2mzenoh_codec::common::extension[0m[2m:[0m Unknown Test ext: ZExtUnknown { Id: 0, Mandatory: true, Encoding: "Unit" }
[2m2026-09-14T12:21:41.058019Z[0m [31mERROR[0m codec_extension ThreadId(12) [2mzenoh_codec::common::extension[0m[2m:[0m Unknown Test ext: ZExtUnknown { Id: 0, Mandatory: true, Encoding: "Unit" }
[2m2026-09-14T12:21:41.058021Z[0m [31mERROR[0m codec_extension ThreadId(12) [2mzenoh_codec::common::extension[0m[2m:[0m Unknown Test ext: ZExtUnknown { Id: 0, Mandatory: true, Encoding: "Unit" }
[2m2026-09-14T12:21:41.058024Z[0m [31mERROR[0m codec_extension ThreadId(12) [2mzenoh_codec::common::extension[0m[2m:[0m Unknown Test ext: ZExtUnknown { Id: 0, Mandatory: true, Encoding: "Unit" }
[2m2026-09-14T12:21:41.058028Z[0m [31mERROR[0m codec_extension ThreadId(12) [2mzenoh_codec::common::extension[0m[2m:[0m Unknown Test ext: ZExtUnknown { Id: 0, Mandatory: true, Encoding: "Unit" }
[2m2026-09-14T12:21:41.058031Z[0m [31mERROR[0m codec_extension ThreadId(12) [2mzenoh_codec::common::extension[0m[2m:[0m Unknown Test ext: ZExtUnknown { Id: 0, Mandatory: true, Encoding: "Unit" }
[2m2026-09-14T12:21:41.058034Z[0m [31mERROR[0m codec_extension ThreadId(12) [2mzenoh_codec::common::extension[0m[2m:[0m Unknown Test ext: ZExtUnknown { Id: 0, Mandatory: true, Encoding: "Unit" }
[2m2026-09-14T12:21:41.058036Z[0m [31mERROR[0m codec_extension ThreadId(12) [2mzenoh_codec::common::extension[0m[2m:[0m Unknown Test ext: ZExtUnknown { Id: 0, Mandatory: true, Encoding: "Unit" }
[2m2026-09-14T12:21:41.058039Z[0m [31mERROR[0m codec_extension ThreadId(12) [2mzenoh_codec::common::extension[0m[2m:[0m Unknown Test ext: ZExtUnknown { Id: 0, Mandatory: true, Encoding: "Unit" }
[2m2026-09-14T12:21:41.058042Z[0m [31mERROR[0m codec_extension ThreadId(12) [2mzenoh_codec::common::extension[0m[2m:[0m Unknown Test ext: ZExtUnknown { Id: 0, Mandatory: true, Encoding: "Unit" }
[2m2026-09-14T12:21:41.058045Z[0m [31mERROR[0m codec_extension ThreadId(12) [2mzenoh_codec::common::extension[0m[2m:[0m Unknown Test ext: ZExtUnknown { Id: 0, Mandatory: true, Encoding: "Unit" }
[2m2026-09-14T12:21:41.058048Z[0m [31mERROR[0m codec_extension ThreadId(12) [2mzenoh_codec::common::extension[0m[2m:[0m Unknown Test ext: ZExtUnknown { Id: 0, Mandatory: true, Encoding: "Unit" }
[2m2026-09-14T12:21:41.058051Z[0m [31mERROR[0m codec_extension ThreadId(12) [2mzenoh_codec::common::extension[0m[2m:[0m Unknown Test ext: ZExtUnknown { Id: 0, Mandatory: true, Encoding: "Unit" }
[2m2026-09-14T12:21:41.058053Z[0m [31mERROR[0m codec_extension ThreadId(12) [2mzenoh_codec::common::extension[0m[2m:[0m Unknown Test ext: ZExtUnknown { Id: 0, Mandatory: true, Encoding: "Unit" }
[2m2026-09-14T12:21:41.058056Z[0m [31mERROR[0m codec_extension ThreadId(12) [2mzenoh_codec::common::extension[0m[2m:[0m Unknown Test ext: ZExtUnknown { Id: 0, Mandatory: true, Encoding: "Unit" }
[2m2026-09-14T12:21:41.058059Z[0m [31mERROR[0m codec_extension ThreadId(12) [2mzenoh_codec::common::extension[0m[2m:[0m Unknown Test ext: ZExtUnknown { Id: 0, Mandatory: true, Encoding: "Unit" }
[2m2026-09-14T12:21:41.058062Z[0m [31mERROR[0m codec_extension ThreadId(12) [2mzenoh_codec::common::extension[0m[2m:[0m Unknown Test ext: ZExtUnknown { Id: 0, Mandatory: true, Encoding: "Unit" }
[2m2026-09-14T12:21:41.058065Z[0m [31mERROR[0m codec_extension ThreadId(12) [2mzenoh_codec::common::extension[0m[2m:[0m Unknown Test ext: ZExtUnknown { Id: 0, Mandatory: true, Encoding: "Unit" }
[2m2026-09-14T12:21:41.058067Z[0m [31mERROR[0m codec_extension ThreadId(12) [2mzenoh_codec::common::extension[0m[2m:[0m Unknown Test ext: ZExtUnknown { Id: 0, Mandatory: true, Encoding: "Unit" }
[2m2026-09-14T12:21:41.058070Z[0m [31mERROR[0m codec_extension ThreadId(12) [2mzenoh_codec::common::extension[0m[2m:[0m Unknown Test ext: ZExtUnknown { Id: 0, Mandatory: true, Encoding: "Unit" }
[2m2026-09-14T12:21:41.058073Z[0m [31mERROR[0m codec_extension ThreadId(12) [2mzenoh_codec::common::extension[0m[2m:[0m Unknown Test ext: ZExtUnknown { Id: 0, Mandatory: true, Encoding: "Unit" }
[2m2026-09-14T12:21:41.058076Z[0m [31mERROR[0m codec_extension ThreadId(12) [2mzenoh_codec::common::extension[0m[2m:[0m Unknown Test ext: ZExtUnknown { Id: 0, Mandatory: true, Encoding: "Unit" }
[2m2026-09-14T12:21:41.058079Z[0m [31mERROR[0m codec_extension ThreadId(12) [2mzenoh_codec::common::extension[0m[2m:[0m Unknown Test ext: ZExtUnknown { Id: 0, Mandatory: true, Encoding: "Unit" }
[2m2026-09-14T12:21:41.058081Z[0m [31mERROR[0m codec_extension ThreadId(12) [2mzenoh_codec::common::extension[0m[2m:[0m Unknown Test ext: ZExtUnknown { Id: 0, Mandatory: true, Encoding: "Unit" }
[2m2026-09-14T12:21:41.058087Z[0m [31mERROR[0m codec_extension ThreadId(12) [2mzenoh_codec::common::extension[0m[2m:[0m Unknown Test ext: ZExtUnknown { Id: 0, Mandatory: true, Encoding: "Unit" }
[2m2026-09-14T12:21:41.058089Z[0m [31mERROR[0m codec_extension ThreadId(12) [2mzenoh_codec::common::extension[0m[2m:[0m Unknown Test ext: ZExtUnknown { Id: 0, Mandatory: true, Encoding: "Unit" }
[2m2026-09-14T12:21:41.058092Z[0m [31mERROR[0m codec_extension ThreadId(12) [2mzenoh_codec::common::extension[0m[2m:[0m Unknown Test ext: ZExtUnknown { Id: 0, Mandatory: true, Encoding: "Unit" }
[2m2026-09-14T12:21:41.058095Z[0m [31mERROR[0m codec_extension ThreadId(12) [2mzenoh_codec::common::extension[0m[2m:[0m Unknown Test ext: ZExtUnknown { Id: 0, Mandatory: true, Encoding: "Unit" }
[2m2026-09-14T12:21:41.058098Z[0m [31mERROR[0m codec_extension ThreadId(12) [2mzenoh_codec::common::extension[0m[2m:[0m Unknown Test ext: ZExtUnknown { Id: 0, Mandatory: true, Encoding: "Unit" }
[2m2026-09-14T12:21:41.058101Z[0m [31mERROR[0m codec_extension ThreadId(12) [2mzenoh_codec::common::extension[0m[2m:[0m Unknown Test ext: ZExtUnknown { Id: 0, Mandatory: true, Encoding: "Unit" }
[2m2026-09-14T12:21:41.058103Z[0m [31mERROR[0m codec_extension ThreadId(12) [2mzenoh_codec::common::extension[0m[2m:[0m Unknown Test ext: ZExtUnknown { Id: 0, Mandatory: true, Encoding: "Unit" }
[2m2026-09-14T12:21:41.058106Z[0m [31mERROR[0m codec_extension ThreadId(12) [2mzenoh_codec::common::extension[0m[2m:[0m Unknown Test ext: ZExtUnknown { Id: 0, Mandatory: true, Encoding: "Unit" }
[2m2026-09-14T12:21:41.058109Z[0m [31mERROR[0m codec_extension ThreadId(12) [2mzenoh_codec::common::extension[0m[2m:[0m Unknown Test ext: ZExtUnknown { Id: 0, Mandatory: true, Encoding: "Unit" }
[2m2026-09-14T12:21:41.058112Z[0m [31mERROR[0m codec_extension ThreadId(12) [2mzenoh_codec::common::extension[0m[2m:[0m Unknown Test ext: ZExtUnknown { Id: 0, Mandatory: true, Encoding: "Unit" }
[2m2026-09-14T12:21:41.058115Z[0m [31mERROR[0m codec_extension ThreadId(12) [2mzenoh_codec::common::extension[0m[2m:[0m Unknown Test ext: ZExtUnknown { Id: 0, Mandatory: true, Encoding: "Unit" }
[2m2026-09-14T12:21:41.058132Z[0m [31mERROR[0m codec_extension ThreadId(12) [2mzenoh_codec::common::extension[0m[2m:[0m Unknown Test ext: ZExtUnknown { Id: 0, Mandatory: true, Encoding: "Unit" }
[2m2026-09-14T12:21:41.058135Z[0m [31mERROR[0m codec_extension ThreadId(12) [2mzenoh_codec::common::extension[0m[2m:[0m Unknown Test ext: ZExtUnknown { Id: 0, Mandatory: true, Encoding: "Unit" }
[2m2026-09-14T12:21:41.058138Z[0m [31mERROR[0m codec_extension ThreadId(12) [2mzenoh_codec::common::extension[0m[2m:[0m Unknown Test ext: ZExtUnknown { Id: 0, Mandatory: true, Encoding: "Unit" }
[2m2026-09-14T12:21:41.058141Z[0m [31mERROR[0m codec_extension ThreadId(12) [2mzenoh_codec::common::extension[0m[2m:[0m Unknown Test ext: ZExtUnknown { Id: 0, Mandatory: true, Encoding: "Unit" }
[2m2026-09-14T12:21:41.058143Z[0m [31mERROR[0m codec_extension ThreadId(12) [2mzenoh_codec::common::extension[0m[2m:[0m Unknown Test ext: ZExtUnknown { Id: 0, Mandatory: true, Encoding: "Unit" }
[2m2026-09-14T12:21:41.058146Z[0m [31mERROR[0m codec_extension ThreadId(12) [2mzenoh_codec::common::extension[0m[2m:[0m Unknown Test ext: ZExtUnknown { Id: 0, Mandatory: true, Encoding: "Unit" }
[2m2026-09-14T12:21:41.058149Z[0m [31mERROR[0m codec_extension ThreadId(12) [2mzenoh_codec::common::extension[0m[2m:[0m Unknown Test ext: ZExtUnknown { Id: 0, Mandatory: true, Encoding: "Unit" }
[2m2026-09-14T12:21:41.058152Z[0m [31mERROR[0m codec_extension ThreadId(12) [2mzenoh_codec::common::extension[0m[2m:[0m Unknown Test ext: ZExtUnknown { Id: 0, Mandatory: true, Encoding: "Unit" }
[2m2026-09-14T12:21:41.058156Z[0m [31mERROR[0m codec_extension ThreadId(12) [2mzenoh_codec::common::extension[0m[2m:[0m Unknown Test ext: ZExtUnknown { Id: 0, Mandatory: true, Encoding: "Unit" }
[2m2026-09-14T12:21:41.058161Z[0m [31mERROR[0m codec_extension ThreadId(12) [2mzenoh_codec::common::extension[0m[2m:[0m Unknown Test ext: ZExtUnknown { Id: 0, Mandatory: true, Encoding: "Unit" }
[2m2026-09-14T12:21:41.058164Z[0m [31mERROR[0m codec_extension ThreadId(12) [2mzenoh_codec::common::extension[0m[2m:[0m Unknown Test ext: ZExtUnknown { Id: 0, Mandatory: true, Encoding: "Unit" }
[2m2026-09-14T12:21:41.058167Z[0m [31mERROR[0m codec_extension ThreadId(12) [2mzenoh_codec::common::extension[0m[2m:[0m Unknown Test ext: ZExtUnknown { Id: 0, Mandatory: true, Encoding: "Unit" }
[2m2026-09-14T12:21:41.058170Z[0m [31mERROR[0m codec_extension ThreadId(12) [2mzenoh_codec::common::extension[0m[2m:[0m Unknown Test ext: ZExtUnknown { Id: 0, Mandatory: true, Encoding: "Unit" }
[2m2026-09-14T12:21:41.058173Z[0m [31mERROR[0m codec_extension ThreadId(12) [2mzenoh_codec::common::extension[0m[2m:[0m Unknown Test ext: ZExtUnknown { Id: 0, Mandatory: true, Encoding: "Unit" }
[2m2026-09-14T12:21:41.058176Z[0m [31mERROR[0m codec_extension ThreadId(12) [2mzenoh_codec::common::extension[0m[2m:[0m Unknown Test ext: ZExtUnknown { Id: 0, Mandatory: true, Encoding: "Unit" }
[2m2026-09-14T12:21:41.058178Z[0m [31mERROR[0m codec_extension ThreadId(12) [2mzenoh_codec::common::extension[0m[2m:[0m Unknown Test ext: ZExtUnknown { Id: 0, Mandatory: true, Encoding: "Unit" }
[2m2026-09-14T12:21:41.058181Z[0m [31mERROR[0m codec_extension ThreadId(12) [2mzenoh_codec::common::extension[0m[2m:[0m Unknown Test ext: ZExtUnknown { Id: 0, Mandatory: true, Encoding: "Unit" }
[2m2026-09-14T12:21:41.058184Z[0m [31mERROR[0m codec_extension ThreadId(12) [2mzenoh_codec::common::extension[0m[2m:[0m Unknown Test ext: ZExtUnknown { Id: 0, Mandatory: true, Encoding: "Unit" }
[2m2026-09-14T12:21:41.058187Z[0m [31mERROR[0m codec_extension ThreadId(12) [2mzenoh_codec::common::extension[0m[2m:[0m Unknown Test ext: ZExtUnknown { Id: 0, Mandatory: true, Encoding: "Unit" }
[2m2026-09-14T12:21:41.058190Z[0m [31mERROR[0m codec_extension ThreadId(12) [2mzenoh_codec::common::extension[0m[2m:[0m Unknown Test ext: ZExtUnknown { Id: 0, Mandatory: true, Encoding: "Unit" }
[2m2026-09-14T12:21:41.058193Z[0m [31mERROR[0m codec_extension ThreadId(12) [2mzenoh_codec::common::extension[0m[2m:[0m Unknown Test ext: ZExtUnknown { Id: 0, Mandatory: true, Encoding: "Unit" }
[2m2026-09-14T12:21:41.058196Z[0m [31mERROR[0m codec_extension ThreadId(12) [2mzenoh_codec::common::extension[0m[2m:[0m Unknown Test ext: ZExtUnknown { Id: 0, Mandatory: true, Encoding: "Unit" }
[2m2026-09-14T12:21:41.058199Z[0m [31mERROR[0m codec_extension ThreadId(12) [2mzenoh_codec::common::extension[0m[2m:[0m Unknown Test ext: ZExtUnknown { Id: 0, Mandatory: true, Encoding: "Unit" }
[2m2026-09-14T12:21:41.058202Z[0m [31mERROR[0m codec_extension ThreadId(12) [2mzenoh_codec::common::extension[0m[2m:[0m Unknown Test ext: ZExtUnknown { Id: 0, Mandatory: true, Encoding: "Unit" }
[2m2026-09-14T12:21:41.058205Z[0m [31mERROR[0m codec_extension ThreadId(12) [2mzenoh_codec::common::extension[0m[2m:[0m Unknown Test ext: ZExtUnknown { Id: 0, Mandatory: true, Encoding: "Unit" }
[2m2026-09-14T12:21:41.058208Z[0m [31mERROR[0m codec_extension ThreadId(12) [2mzenoh_codec::common::extension[0m[2m:[0m Unknown Test ext: ZExtUnknown { Id: 0, Mandatory: true, Encoding: "Unit" }
[2m2026-09-14T12:21:41.058211Z[0m [31mERROR[0m codec_extension ThreadId(12) [2mzenoh_codec::common::extension[0m[2m:[0m Unknown Test ext: ZExtUnknown { Id: 0, Mandatory: true, Encoding: "Unit" }
[2m2026-09-14T12:21:41.058213Z[0m [31mERROR[0m codec_extension ThreadId(12) [2mzenoh_codec::common::extension[0m[2m:[0m Unknown Test ext: ZExtUnknown { Id: 0, Mandatory: true, Encoding: "Unit" }
[2m2026-09-14T12:21:41.058216Z[0m [31mERROR[0m codec_extension ThreadId(12) [2mzenoh_codec::common::extension[0m[2m:[0m Unknown Test ext: ZExtUnknown { Id: 0, Mandatory: true, Encoding: "Unit" }
[2m2026-09-14T12:21:41.058221Z[0m [31mERROR[0m codec_extension ThreadId(12) [2mzenoh_codec::common::extension[0m[2m:[0m Unknown Test ext: ZExtUnknown { Id: 0, Mandatory: true, Encoding: "Unit" }
[2m2026-09-14T12:21:41.058223Z[0m [31mERROR[0m codec_extension ThreadId(12) [2mzenoh_codec::common::extension[0m[2m:[0m Unknown Test ext: ZExtUnknown { Id: 0, Mandatory: true, Encoding: "Unit" }
[2m2026-09-14T12:21:41.058226Z[0m [31mERROR[0m codec_extension ThreadId(12) [2mzenoh_codec::common::extension[0m[2m:[0m Unknown Test ext: ZExtUnknown { Id: 0, Mandatory: true, Encoding: "Unit" }
[2m2026-09-14T12:21:41.058229Z[0m [31mERROR[0m codec_extension ThreadId(12) [2mzenoh_codec::common::extension[0m[2m:[0m Unknown Test ext: ZExtUnknown { Id: 0, Mandatory: true, Encoding: "Unit" }
[2m2026-09-14T12:21:41.058232Z[0m [31mERROR[0m codec_extension ThreadId(12) [2mzenoh_codec::common::extension[0m[2m:[0m Unknown Test ext: ZExtUnknown { Id: 0, Mandatory: true, Encoding: "Unit" }
[2m2026-09-14T12:21:41.058235Z[0m [31mERROR[0m codec_extension ThreadId(12) [2mzenoh_codec::common::extension[0m[2m:[0m Unknown Test ext: ZExtUnknown { Id: 0, Mandatory: true, Encoding: "Unit" }
[2m2026-09-14T12:21:41.058238Z[0m [31mERROR[0m codec_extension ThreadId(12) [2mzenoh_codec::common::extension[0m[2m:[0m Unknown Test ext: ZExtUnknown { Id: 0, Mandatory: true, Encoding: "Unit" }
[2m2026-09-14T12:21:41.058241Z[0m [31mERROR[0m codec_extension ThreadId(12) [2mzenoh_codec::common::extension[0m[2m:[0m Unknown Test ext: ZExtUnknown { Id: 0, Mandatory: true, Encoding: "Unit" }
[2m2026-09-14T12:21:41.058244Z[0m [31mERROR[0m codec_extension ThreadId(12) [2mzenoh_codec::common::extension[0m[2m:[0m Unknown Test ext: ZExtUnknown { Id: 0, Mandatory: true, Encoding: "Unit" }
[2m2026-09-14T12:21:41.058247Z[0m [31mERROR[0m codec_extension ThreadId(12) [2mzenoh_codec::common::extension[0m[2m:[0m Unknown Test ext: ZExtUnknown { Id: 0, Mandatory: true, Encoding: "Unit" }
[2m2026-09-14T12:21:41.058249Z[0m [31mERROR[0m codec_extension ThreadId(12) [2mzenoh_codec::common::extension[0m[2m:[0m Unknown Test ext: ZExtUnknown { Id: 0, Mandatory: true, Encoding: "Unit" }
[2m2026-09-14T12:21:41.058252Z[0m [31mERROR[0m codec_extension ThreadId(12) [2mzenoh_codec::common::extension[0m[2m:[0m Unknown Test ext: ZExtUnknown { Id: 0, Mandatory: true, Encoding: "Unit" }
[2m2026-09-14T12:21:41.058255Z[0m [31mERROR[0m codec_extension ThreadId(12) [2mzenoh_codec::common::extension[0m[2m:[0m Unknown Test ext: ZExtUnknown { Id: 0, Mandatory: true, Encoding: "Unit" }
[2m2026-09-14T12:21:41.058258Z[0m [31mERROR[0m codec_extension ThreadId(12) [2mzenoh_codec::common::extension[0m[2m:[0m Unknown Test ext: ZExtUnknown { Id: 0, Mandatory: true, Encoding: "Unit" }
[2m2026-09-14T12:21:41.058261Z[0m [31mERROR[0m codec_extension ThreadId(12) [2mzenoh_codec::common::extension[0m[2m:[0m Unknown Test ext: ZExtUnknown { Id: 0, Mandatory: true, Encoding: "Unit" }
[2m2026-09-14T12:21:41.058264Z[0m [31mERROR[0m codec_extension ThreadId(12) [2mzenoh_codec::common::extension[0m[2m:[0m Unknown Test ext: ZExtUnknown { Id: 0, Mandatory: true, Encoding: "Unit" }
[2m2026-09-14T12:21:41.058267Z[0m [31mERROR[0m codec_extension ThreadId(12) [2mzenoh_codec::common::extension[0m[2m:[0m Unknown Test ext: ZExtUnknown { Id: 0, Mandatory: true, Encoding: "Unit" }
[2m2026-09-14T12:21:41.058270Z[0m [31mERROR[0m codec_extension ThreadId(12) [2mzenoh_codec::common::extension[0m[2m:[0m Unknown Test ext: ZExtUnknown { Id: 0, Mandatory: true, Encoding: "Unit" }
[2m2026-09-14T12:21:41.058273Z[0m [31mERROR[0m codec_extension ThreadId(12) [2mzenoh_codec::common::extension[0m[2m:[0m Unknown Test ext: ZExtUnknown { Id: 0, Mandatory: true, Encoding: "Unit" }
[2m2026-09-14T12:21:41.058276Z[0m [31mERROR[0m codec_extension ThreadId(12) [2mzenoh_codec::common::extension[0m[2m:[0m Unknown Test ext: ZExtUnknown { Id: 0, Mandatory: true, Encoding: "Unit" }
[2m2026-09-14T12:21:41.058280Z[0m [31mERROR[0m codec_extension ThreadId(12) [2mzenoh_codec::common::extension[0m[2m:[0m Unknown Test ext: ZExtUnknown { Id: 0, Mandatory: true, Encoding: "Unit" }
[2m2026-09-14T12:21:41.058283Z[0m [31mERROR[0m codec_extension ThreadId(12) [2mzenoh_codec::common::extension[0m[2m:[0m Unknown Test ext: ZExtUnknown { Id: 0, Mandatory: true, Encoding: "Unit" }
[2m2026-09-14T12:21:41.058285Z[0m [31mERROR[0m codec_extension ThreadId(12) [2mzenoh_codec::common::extension[0m[2m:[0m Unknown Test ext: ZExtUnknown { Id: 0, Mandatory: true, Encoding: "Unit" }
[2m2026-09-14T12:21:41.058288Z[0m [31mERROR[0m codec_extension ThreadId(12) [2mzenoh_codec::common::extension[0m[2m:[0m Unknown Test ext: ZExtUnknown { Id: 0, Mandatory: true, Encoding: "Unit" }
[2m2026-09-14T12:21:41.058291Z[0m [31mERROR[0m codec_extension ThreadId(12) [2mzenoh_codec::common::extension[0m[2m:[0m Unknown Test ext: ZExtUnknown { Id: 0, Mandatory: true, Encoding: "Unit" }
[2m2026-09-14T12:21:41.058294Z[0m [31mERROR[0m codec_extension ThreadId(12) [2mzenoh_codec::common::extension[0m[2m:[0m Unknown Test ext: ZExtUnknown { Id: 0, Mandatory: true, Encoding: "Unit" }
[2m2026-09-14T12:21:41.058297Z[0m [31mERROR[0m codec_extension ThreadId(12) [2mzenoh_codec::common::extension[0m[2m:[0m Unknown Test ext: ZExtUnknown { Id: 0, Mandatory: true, Encoding: "Unit" }
[2m2026-09-14T12:21:41.058300Z[0m [31mERROR[0m codec_extension ThreadId(12) [2mzenoh_codec::common::extension[0m[2m:[0m Unknown Test ext: ZExtUnknown { Id: 0, Mandatory: true, Encoding: "Unit" }
[2m2026-09-14T12:21:41.058303Z[0m [31mERROR[0m codec_extension ThreadId(12) [2mzenoh_codec::common::extension[0m[2m:[0m Unknown Test ext: ZExtUnknown { Id: 0, Mandatory: true, Encoding: "Unit" }
[2m2026-09-14T12:21:41.058306Z[0m [31mERROR[0m codec_extension ThreadId(12) [2mzenoh_codec::common::extension[0m[2m:[0m Unknown Test ext: ZExtUnknown { Id: 0, Mandatory: true, Encoding: "Unit" }
[2m2026-09-14T12:21:41.058309Z[0m [31mERROR[0m codec_extension ThreadId(12) [2mzenoh_codec::common::extension[0m[2m:[0m Unknown Test ext: ZExtUnknown { Id: 0, Mandatory: true, Encoding: "Unit" }
[2m2026-09-14T12:21:41.058312Z[0m [31mERROR[0m codec_extension ThreadId(12) [2mzenoh_codec::common::extension[0m[2m:[0m Unknown Test ext: ZExtUnknown { Id: 0, Mandatory: true, Encoding: "Unit" }
[2m2026-09-14T12:21:41.058315Z[0m [31mERROR[0m codec_extension ThreadId(12) [2mzenoh_codec::common::extension[0m[2m:[0m Unknown Test ext: ZExtUnknown { Id: 0, Mandatory: true, Encoding: "Unit" }
[2m2026-09-14T12:21:41.058317Z[0m [31mERROR[0m codec_extension ThreadId(12) [2mzenoh_codec::common::extension[0m[2m:[0m Unknown Test ext: ZExtUnknown { Id: 0, Mandatory: true, Encoding: "Unit" }
[2m2026-09-14T12:21:41.058320Z[0m [31mERROR[0m codec_extension ThreadId(12) [2mzenoh_codec::common::extension[0m[2m:[0m Unknown Test ext: ZExtUnknown { Id: 0, Mandatory: true, Encoding: "Unit" }
[2m2026-09-14T12:21:41.058338Z[0m [31mERROR[0m codec_extension ThreadId(12) [2mzenoh_codec::common::extension[0m[2m:[0m Unknown Test ext: ZExtUnknown { Id: 0, Mandatory: true, Encoding: "Unit" }
[2m2026-09-14T12:21:41.058341Z[0m [31mERROR[0m codec_extension ThreadId(12) [2mzenoh_codec::common::extension[0m[2m:[0m Unknown Test ext: ZExtUnknown { Id: 0, Mandatory: true, Encoding: "Unit" }
[2m2026-09-14T12:21:41.058344Z[0m [31mERROR[0m codec_extension ThreadId(12) [2mzenoh_codec::common::extension[0m[2m:[0m Unknown Test ext: ZExtUnknown { Id: 0, Mandatory: true, Encoding: "Unit" }
[2m2026-09-14T12:21:41.058347Z[0m [31mERROR[0m codec_extension ThreadId(12) [2mzenoh_codec::common::extension[0m[2m:[0m Unknown Test ext: ZExtUnknown { Id: 0, Mandatory: true, Encoding: "Unit" }
[2m2026-09-14T12:21:41.058350Z[0m [31mERROR[0m codec_extension ThreadId(12) [2mzenoh_codec::common::extension[0m[2m:[0m Unknown Test ext: ZExtUnknown { Id: 0, Mandatory: true, Encoding: "Unit" }
[2m2026-09-14T12:21:41.058353Z[0m [31mERROR[0m codec_extension ThreadId(12) [2mzenoh_codec::common::extension[0m[2m:[0m Unknown Test ext: ZExtUnknown { Id: 0, Mandatory: true, Encoding: "Unit" }
[2m2026-09-14T12:21:41.058357Z[0m [31mERROR[0m codec_extension ThreadId(12) [2mzenoh_codec::common::extension[0m[2m:[0m Unknown Test ext: ZExtUnknown { Id: 0, Mandatory: true, Encoding: "Unit" }
[2m2026-09-14T12:21:41.058360Z[0m [31mERROR[0m codec_extension ThreadId(12) [2mzenoh_codec::common::extension[0m[2m:[0m Unknown Test ext: ZExtUnknown { Id: 0, Mandatory: true, Encoding: "Unit" }
[2m2026-09-14T12:21:41.058362Z[0m [31mERROR[0m codec_extension ThreadId(12) [2mzenoh_codec::common::extension[0m[2m:[0m Unknown Test ext: ZExtUnknown { Id: 0, Mandatory: true, Encoding: "Unit" }
[2m2026-09-14T12:21:41.058365Z[0m [31mERROR[0m codec_extension ThreadId(12) [2mzenoh_codec::common::extension[0m[2m:[0m Unknown Test ext: ZExtUnknown { Id: 0, Mandatory: true, Encoding: "Unit" }
[2m2026-09-14T12:21:41.058368Z[0m [31mERROR[0m codec_extension ThreadId(12) [2mzenoh_codec::common::extension[0m[2m:[0m Unknown Test ext: ZExtUnknown { Id: 0, Mandatory: true, Encoding: "Unit" }
[2m2026-09-14T12:21:41.058371Z[0m [31mERROR[0m codec_extension ThreadId(12) [2mzenoh_codec::common::extension[0m[2m:[0m Unknown Test ext: ZExtUnknown { Id: 0, Mandatory: true, Encoding: "Unit" }
[2m2026-09-14T12:21:41.058374Z[0m [31mERROR[0m codec_extension ThreadId(12) [2mzenoh_codec::common::extension[0m[2m:[0m Unknown Test ext: ZExtUnknown { Id: 0, Mandatory: true, Encoding: "Unit" }
[2m2026-09-14T12:21:41.058377Z[0m [31mERROR[0m codec_extension ThreadId(12) [2mzenoh_codec::common::extension[0m[2m:[0m Unknown Test ext: ZExtUnknown { Id: 0, Mandatory: true, Encoding: "Unit" }
[2m2026-09-14T12:21:41.058380Z[0m [31mERROR[0m codec_extension ThreadId(12) [2mzenoh_codec::common::extension[0m[2m:[0m Unknown Test ext: ZExtUnknown { Id: 0, Mandatory: true, Encoding: "Unit" }
[2m2026-09-14T12:21:41.058383Z[0m [31mERROR[0m codec_extension ThreadId(12) [2mzenoh_codec::common::extension[0m[2m:[0m Unknown Test ext: ZExtUnknown { Id: 0, Mandatory: true, Encoding: "Unit" }
[2m2026-09-14T12:21:41.058386Z[0m [31mERROR[0m codec_extension ThreadId(12) [2mzenoh_codec::common::extension[0m[2m:[0m Unknown Test ext: ZExtUnknown { Id: 0, Mandatory: true, Encoding: "Unit" }
[2m2026-09-14T12:21:41.058388Z[0m [31mERROR[0m codec_extension ThreadId(12) [2mzenoh_codec::common::extension[0m[2m:[0m Unknown Test ext: ZExtUnknown { Id: 0, Mandatory: true, Encoding: "Unit" }
[2m2026-09-14T12:21:41.058391Z[0m [31mERROR[0m codec_extension ThreadId(12) [2mzenoh_codec::common::extension[0m[2m:[0m Unknown Test ext: ZExtUnknown { Id: 0, Mandatory: true, Encoding: "Unit" }
[2m2026-09-14T12:21:41.058394Z[0m [31mERROR[0m codec_extension ThreadId(12) [2mzenoh_codec::common::extension[0m[2m:[0m Unknown Test ext: ZExtUnknown { Id: 0, Mandatory: true, Encoding: "Unit" }
[2m2026-09-14T12:21:41.058397Z[0m [31mERROR[0m codec_extension ThreadId(12) [2mzenoh_codec::common::extension[0m[2m:[0m Unknown Test ext: ZExtUnknown { Id: 0, Mandatory: true, Encoding: "Unit" }
[2m2026-09-14T12:21:41.058400Z[0m [31mERROR[0m codec_extension ThreadId(12) [2mzenoh_codec::common::extension[0m[2m:[0m Unknown Test ext: ZExtUnknown { Id: 0, Mandatory: true, Encoding: "Unit" }
[2m2026-09-14T12:21:41.058403Z[0m [31mERROR[0m codec_extension ThreadId(12) [2mzenoh_codec::common::extension[0m[2m:[0m Unknown Test ext: ZExtUnknown { Id: 0, Mandatory: true, Encoding: "Unit" }
[2m2026-09-14T12:21:41.058406Z[0m [31mERROR[0m codec_extension ThreadId(12) [2mzenoh_codec::common::extension[0m[2m:[0m Unknown Test ext: ZExtUnknown { Id: 0, Mandatory: true, Encoding: "Unit" }
[2m2026-09-14T12:21:41.058409Z[0m [31mERROR[0m codec_extension ThreadId(12) [2mzenoh_codec::common::extension[0m[2m:[0m Unknown Test ext: ZExtUnknown { Id: 0, Mandatory: true, Encoding: "Unit" }
[2m2026-09-14T12:21:41.058412Z[0m [31mERROR[0m codec_extension ThreadId(12) [2mzenoh_codec::common::extension[0m[2m:[0m Unknown Test ext: ZExtUnknown { Id: 0, Mandatory: true, Encoding: "Unit" }
[2m2026-09-14T12:21:41.058416Z[0m [31mERROR[0m codec_extension ThreadId(12) [2mzenoh_codec::common::extension[0m[2m:[0m Unknown Test ext: ZExtUnknown { Id: 0, Mandatory: true, Encoding: "Unit" }
[2m2026-09-14T12:21:41.058418Z[0m [31mERROR[0m codec_extension ThreadId(12) [2mzenoh_codec::common::extension[0m[2m:[0m Unknown Test ext: ZExtUnknown { Id: 0, Mandatory: true, Encoding: "Unit" }
[2m2026-09-14T12:21:41.058421Z[0m [31mERROR[0m codec_extension ThreadId(12) [2mzenoh_codec::common::extension[0m[2m:[0m Unknown Test ext: ZExtUnknown { Id: 0, Mandatory: true, Encoding: "Unit" }
[2m2026-09-14T12:21:41.058424Z[0m [31mERROR[0m codec_extension ThreadId(12) [2mzenoh_codec::common::extension[0m[2m:[0m Unknown Test ext: ZExtUnknown { Id: 0, Mandatory: true, Encoding: "Unit" }
[2m2026-09-14T12:21:41.058427Z[0m [31mERROR[0m codec_extension ThreadId(12) [2mzenoh_codec::common::extension[0m[2m:[0m Unknown Test ext: ZExtUnknown { Id: 0, Mandatory: true, Encoding: "Unit" }
[2m2026-09-14T12:21:41.058430Z[0m [31mERROR[0m codec_extension ThreadId(12) [2mzenoh_codec::common::extension[0m[2m:[0m Unknown Test ext: ZExtUnknown { Id: 0, Mandatory: true, Encoding: "Unit" }
[2m2026-09-14T12:21:41.058433Z[0m [31mERROR[0m codec_extension ThreadId(12) [2mzenoh_codec::common::extension[0m[2m:[0m Unknown Test ext: ZExtUnknown { Id: 0, Mandatory: true, Encoding: "Unit" }
[2m2026-09-14T12:21:41.058436Z[0m [31mERROR[0m codec_extension ThreadId(12) [2mzenoh_codec::common::extension[0m[2m:[0m Unknown Test ext: ZExtUnknown { Id: 0, Mandatory: true, Encoding: "Unit" }
[2m2026-09-14T12:21:41.058439Z[0m [31mERROR[0m codec_extension ThreadId(12) [2mzenoh_codec::common::extension[0m[2m:[0m Unknown Test ext: ZExtUnknown { Id: 0, Mandatory: true, Encoding: "Unit" }
[2m2026-09-14T12:21:41.058442Z[0m [31mERROR[0m codec_extension ThreadId(12) [2mzenoh_codec::common::extension[0m[2m:[0m Unknown Test ext: ZExtUnknown { Id: 0, Mandatory: true, Encoding: "Unit" }
[2m2026-09-14T12:21:41.058444Z[0m [31mERROR[0m codec_extension ThreadId(12) [2mzenoh_codec::common::extension[0m[2m:[0m Unknown Test ext: ZExtUnknown { Id: 0, Mandatory: true, Encoding: "Unit" }
[2m2026-09-14T12:21:41.058447Z[0m [31mERROR[0m codec_extension ThreadId(12) [2mzenoh_codec::common::extension[0m[2m:[0m Unknown Test ext: ZExtUnknown { Id: 0, Mandatory: true, Encoding: "Unit" }
[2m2026-09-14T12:21:41.058450Z[0m [31mERROR[0m codec_extension ThreadId(12) [2mzenoh_codec::common::extension[0m[2m:[0m Unknown Test ext: ZExtUnknown { Id: 0, Mandatory: true, Encoding: "Unit" }
[2m2026-09-14T12:21:41.058453Z[0m [31mERROR[0m codec_extension ThreadId(12) [2mzenoh_codec::common::extension[0m[2m:[0m Unknown Test ext: ZExtUnknown { Id: 0, Mandatory: true, Encoding: "Unit" }
[2m2026-09-14T12:21:41.058456Z[0m [31mERROR[0m codec_extension ThreadId(12) [2mzenoh_codec::common::extension[0m[2m:[0m Unknown Test ext: ZExtUnknown { Id: 0, Mandatory: true, Encoding: "Unit" }
[2m2026-09-14T12:21:41.058459Z[0m [31mERROR[0m codec_extension ThreadId(12) [2mzenoh_codec::common::extension[0m[2m:[0m Unknown Test ext: ZExtUnknown { Id: 0, Mandatory: true, Encoding: "Unit" }
[2m2026-09-14T12:21:41.058467Z[0m [31mERROR[0m codec_extension ThreadId(12) [2mzenoh_codec::common::extension[0m[2m:[0m Unknown Test ext: ZExtUnknown { Id: 0, Mandatory: true, Encoding: "Unit" }
[2m2026-09-14T12:21:41.058470Z[0m [31mERROR[0m codec_extension ThreadId(12) [2mzenoh_codec::common::extension[0m[2m:[0m Unknown Test ext: ZExtUnknown { Id: 0, Mandatory: true, Encoding: "Unit" }
[2m2026-09-14T12:21:41.058607Z[0m [31mERROR[0m codec_extension ThreadId(12) [2mzenoh_codec::common::extension[0m[2m:[0m Unknown Test ext: ZExtUnknown { Id: 1, Mandatory: true, Encoding: "Z64", Value: 2624264444594713260 }
[2m2026-09-14T12:21:41.058611Z[0m [31mERROR[0m codec_extension ThreadId(12) [2mzenoh_codec::common::extension[0m[2m:[0m Unknown Test ext: ZExtUnknown { Id: 1, Mandatory: true, Encoding: "Z64", Value: 10859406976431530554 }
[2m2026-09-14T12:21:41.058616Z[0m [31mERROR[0m codec_extension ThreadId(12) [2mzenoh_codec::common::extension[0m[2m:[0m Unknown Test ext: ZExtUnknown { Id: 1, Mandatory: true, Encoding: "Z64", Value: 12450316212073811566 }
[2m2026-09-14T12:21:41.058620Z[0m [31mERROR[0m codec_extension ThreadId(12) [2mzenoh_codec::common::extension[0m[2m:[0m Unknown Test ext: ZExtUnknown { Id: 1, Mandatory: true, Encoding: "Z64", Value: 8009787780547782922 }
[2m2026-09-14T12:21:41.058624Z[0m [31mERROR[0m codec_extension ThreadId(12) [2mzenoh_codec::common::extension[0m[2m:[0m Unknown Test ext: ZExtUnknown { Id: 1, Mandatory: true, Encoding: "Z64", Value: 1842694506152836345 }
[2m2026-09-14T12:21:41.058627Z[0m [31mERROR[0m codec_extension ThreadId(12) [2mzenoh_codec::common::extension[0m[2m:[0m Unknown Test ext: ZExtUnknown { Id: 1, Mandatory: true, Encoding: "Z64", Value: 3493635377466096207 }
[2m2026-09-14T12:21:41.058631Z[0m [31mERROR[0m codec_extension ThreadId(12) [2mzenoh_codec::common::extension[0m[2m:[0m Unknown Test ext: ZExtUnknown { Id: 1, Mandatory: true, Encoding: "Z64", Value: 13505073810298851559 }
[2m2026-09-14T12:21:41.058635Z[0m [31mERROR[0m codec_extension ThreadId(12) [2mzenoh_codec::common::extension[0m[2m:[0m Unknown Test ext: ZExtUnknown { Id: 1, Mandatory: true, Encoding: "Z64", Value: 8892997931338997115 }
[2m2026-09-14T12:21:41.058638Z[0m [31mERROR[0m codec_extension ThreadId(12) [2mzenoh_codec::common::extension[0m[2m:[0m Unknown Test ext: ZExtUnknown { Id: 1, Mandatory: true, Encoding: "Z64", Value: 16563887975024931542 }
[2m2026-09-14T12:21:41.058649Z[0m [31mERROR[0m codec_extension ThreadId(12) [2mzenoh_codec::common::extension[0m[2m:[0m Unknown Test ext: ZExtUnknown { Id: 1, Mandatory: true, Encoding: "Z64", Value: 14549589155920537035 }
[2m2026-09-14T12:21:41.058653Z[0m [31mERROR[0m codec_extension ThreadId(12) [2mzenoh_codec::common::extension[0m[2m:[0m Unknown Test ext: ZExtUnknown { Id: 1, Mandatory: true, Encoding: "Z64", Value: 6867881320150387003 }
[2m2026-09-14T12:21:41.058656Z[0m [31mERROR[0m codec_extension ThreadId(12) [2mzenoh_codec::common::extension[0m[2m:[0m Unknown Test ext: ZExtUnknown { Id: 1, Mandatory: true, Encoding: "Z64", Value: 12988715881333136460 }
[2m2026-09-14T12:21:41.058660Z[0m [31mERROR[0m codec_extension ThreadId(12) [2mzenoh_codec::common::extension[0m[2m:[0m Unknown Test ext: ZExtUnknown { Id: 1, Mandatory: true, Encoding: "Z64", Value: 12658989641084023383 }
[2m2026-09-14T12:21:41.058678Z[0m [31mERROR[0m codec_extension ThreadId(12) [2mzenoh_codec::common::extension[0m[2m:[0m Unknown Test ext: ZExtUnknown { Id: 1, Mandatory: true, Encoding: "Z64", Value: 7012251240759975361 }
[2m2026-09-14T12:21:41.058682Z[0m [31mERROR[0m codec_extension ThreadId(12) [2mzenoh_codec::common::extension[0m[2m:[0m Unknown Test ext: ZExtUnknown { Id: 1, Mandatory: true, Encoding: "Z64", Value: 11568695338596039297 }
[2m2026-09-14T12:21:41.058686Z[0m [31mERROR[0m codec_extension ThreadId(12) [2mzenoh_codec::common::extension[0m[2m:[0m Unknown Test ext: ZExtUnknown { Id: 1, Mandatory: true, Encoding: "Z64", Value: 3521553683439010947 }
[2m2026-09-14T12:21:41.058689Z[0m [31mERROR[0m codec_extension ThreadId(12) [2mzenoh_codec::common::extension[0m[2m:[0m Unknown Test ext: ZExtUnknown { Id: 1, Mandatory: true, Encoding: "Z64", Value: 11809037848950722290 }
[2m2026-09-14T12:21:41.058693Z[0m [31mERROR[0m codec_extension ThreadId(12) [2mzenoh_codec::common::extension[0m[2m:[0m Unknown Test ext: ZExtUnknown { Id: 1, Mandatory: true, Encoding: "Z64", Value: 3967677529543822052 }
[2m2026-09-14T12:21:41.058697Z[0m [31mERROR[0m codec_extension ThreadId(12) [2mzenoh_codec::common::extension[0m[2m:[0m Unknown Test ext: ZExtUnknown { Id: 1, Mandatory: true, Encoding: "Z64", Value: 6951618546414138074 }
[2m2026-09-14T12:21:41.058701Z[0m [31mERROR[0m codec_extension ThreadId(12) [2mzenoh_codec::common::extension[0m[2m:[0m Unknown Test ext: ZExtUnknown { Id: 1, Mandatory: true, Encoding: "Z64", Value: 8134121480547356177 }
[2m2026-09-14T12:21:41.058705Z[0m [31mERROR[0m codec_extension ThreadId(12) [2mzenoh_codec::common::extension[0m[2m:[0m Unknown Test ext: ZExtUnknown { Id: 1, Mandatory: true, Encoding: "Z64", Value: 7385655847140628260 }
[2m2026-09-14T12:21:41.058709Z[0m [31mERROR[0m codec_extension ThreadId(12) [2mzenoh_codec::common::extension[0m[2m:[0m Unknown Test ext: ZExtUnknown { Id: 1, Mandatory: true, Encoding: "Z64", Value: 9628658660498878630 }
[2m2026-09-14T12:21:41.058712Z[0m [31mERROR[0m codec_extension ThreadId(12) [2mzenoh_codec::common::extension[0m[2m:[0m Unknown Test ext: ZExtUnknown { Id: 1, Mandatory: true, Encoding: "Z64", Value: 12900127060918812544 }
[2m2026-09-14T12:21:41.058716Z[0m [31mERROR[0m codec_extension ThreadId(12) [2mzenoh_codec::common::extension[0m[2m:[0m Unknown Test ext: ZExtUnknown { Id: 1, Mandatory: true, Encoding: "Z64", Value: 15612886420039250652 }
[2m2026-09-14T12:21:41.058719Z[0m [31mERROR[0m codec_extension ThreadId(12) [2mzenoh_codec::common::extension[0m[2m:[0m Unknown Test ext: ZExtUnknown { Id: 1, Mandatory: true, Encoding: "Z64", Value: 6306341361067579214 }
[2m2026-09-14T12:21:41.058723Z[0m [31mERROR[0m codec_extension ThreadId(12) [2mzenoh_codec::common::extension[0m[2m:[0m Unknown Test ext: ZExtUnknown { Id: 1, Mandatory: true, Encoding: "Z64", Value: 2040516394930157001 }
[2m2026-09-14T12:21:41.058727Z[0m [31mERROR[0m codec_extension ThreadId(12) [2mzenoh_codec::common::extension[0m[2m:[0m Unknown Test ext: ZExtUnknown { Id: 1, Mandatory: true, Encoding: "Z64", Value: 10855753005544437632 }
[2m2026-09-14T12:21:41.058730Z[0m [31mERROR[0m codec_extension ThreadId(12) [2mzenoh_codec::common::extension[0m[2m:[0m Unknown Test ext: ZExtUnknown { Id: 1, Mandatory: true, Encoding: "Z64", Value: 10837914512118082754 }
[2m2026-09-14T12:21:41.058734Z[0m [31mERROR[0m codec_extension ThreadId(12) [2mzenoh_codec::common::extension[0m[2m:[0m Unknown Test ext: ZExtUnknown { Id: 1, Mandatory: true, Encoding: "Z64", Value: 12921473549243619591 }
[2m2026-09-14T12:21:41.058737Z[0m [31mERROR[0m codec_extension ThreadId(12) [2mzenoh_codec::common::extension[0m[2m:[0m Unknown Test ext: ZExtUnknown { Id: 1, Mandatory: true, Encoding: "Z64", Value: 2765750832746998121 }
[2m2026-09-14T12:21:41.058741Z[0m [31mERROR[0m codec_extension ThreadId(12) [2mzenoh_codec::common::extension[0m[2m:[0m Unknown Test ext: ZExtUnknown { Id: 1, Mandatory: true, Encoding: "Z64", Value: 673279139867245755 }
[2m2026-09-14T12:21:41.058745Z[0m [31mERROR[0m codec_extension ThreadId(12) [2mzenoh_codec::common::extension[0m[2m:[0m Unknown Test ext: ZExtUnknown { Id: 1, Mandatory: true, Encoding: "Z64", Value: 1845332387942783591 }
[2m2026-09-14T12:21:41.058748Z[0m [31mERROR[0m codec_extension ThreadId(12) [2mzenoh_codec::common::extension[0m[2m:[0m Unknown Test ext: ZExtUnknown { Id: 1, Mandatory: true, Encoding: "Z64", Value: 17130509442463744473 }
[2m2026-09-14T12:21:41.058752Z[0m [31mERROR[0m codec_extension ThreadId(12) [2mzenoh_codec::common::extension[0m[2m:[0m Unknown Test ext: ZExtUnknown { Id: 1, Mandatory: true, Encoding: "Z64", Value: 18392192869786616333 }
[2m2026-09-14T12:21:41.058771Z[0m [31mERROR[0m codec_extension ThreadId(12) [2mzenoh_codec::common::extension[0m[2m:[0m Unknown Test ext: ZExtUnknown { Id: 1, Mandatory: true, Encoding: "Z64", Value: 2236826223705565128 }
[2m2026-09-14T12:21:41.058775Z[0m [31mERROR[0m codec_extension ThreadId(12) [2mzenoh_codec::common::extension[0m[2m:[0m Unknown Test ext: ZExtUnknown { Id: 1, Mandatory: true, Encoding: "Z64", Value: 14589896391583529256 }
[2m2026-09-14T12:21:41.058778Z[0m [31mERROR[0m codec_extension ThreadId(12) [2mzenoh_codec::common::extension[0m[2m:[0m Unknown Test ext: ZExtUnknown { Id: 1, Mandatory: true, Encoding: "Z64", Value: 4937328619700102460 }
[2m2026-09-14T12:21:41.058783Z[0m [31mERROR[0m codec_extension ThreadId(12) [2mzenoh_codec::common::extension[0m[2m:[0m Unknown Test ext: ZExtUnknown { Id: 1, Mandatory: true, Encoding: "Z64", Value: 17955322204892646386 }
[2m2026-09-14T12:21:41.058786Z[0m [31mERROR[0m codec_extension ThreadId(12) [2mzenoh_codec::common::extension[0m[2m:[0m Unknown Test ext: ZExtUnknown { Id: 1, Mandatory: true, Encoding: "Z64", Value: 616533093760989109 }
[2m2026-09-14T12:21:41.058790Z[0m [31mERROR[0m codec_extension ThreadId(12) [2mzenoh_codec::common::extension[0m[2m:[0m Unknown Test ext: ZExtUnknown { Id: 1, Mandatory: true, Encoding: "Z64", Value: 10846700311927029234 }
[2m2026-09-14T12:21:41.058794Z[0m [31mERROR[0m codec_extension ThreadId(12) [2mzenoh_codec::common::extension[0m[2m:[0m Unknown Test ext: ZExtUnknown { Id: 1, Mandatory: true, Encoding: "Z64", Value: 15185195233104958798 }
[2m2026-09-14T12:21:41.058797Z[0m [31mERROR[0m codec_extension ThreadId(12) [2mzenoh_codec::common::extension[0m[2m:[0m Unknown Test ext: ZExtUnknown { Id: 1, Mandatory: true, Encoding: "Z64", Value: 11741042534188808198 }
[2m2026-09-14T12:21:41.058801Z[0m [31mERROR[0m codec_extension ThreadId(12) [2mzenoh_codec::common::extension[0m[2m:[0m Unknown Test ext: ZExtUnknown { Id: 1, Mandatory: true, Encoding: "Z64", Value: 12577777658994177467 }
[2m2026-09-14T12:21:41.058805Z[0m [31mERROR[0m codec_extension ThreadId(12) [2mzenoh_codec::common::extension[0m[2m:[0m Unknown Test ext: ZExtUnknown { Id: 1, Mandatory: true, Encoding: "Z64", Value: 192095187882453933 }
[2m2026-09-14T12:21:41.058808Z[0m [31mERROR[0m codec_extension ThreadId(12) [2mzenoh_codec::common::extension[0m[2m:[0m Unknown Test ext: ZExtUnknown { Id: 1, Mandatory: true, Encoding: "Z64", Value: 17396939354370788901 }
[2m2026-09-14T12:21:41.058812Z[0m [31mERROR[0m codec_extension ThreadId(12) [2mzenoh_codec::common::extension[0m[2m:[0m Unknown Test ext: ZExtUnknown { Id: 1, Mandatory: true, Encoding: "Z64", Value: 8553726058621325095 }
[2m2026-09-14T12:21:41.058816Z[0m [31mERROR[0m codec_extension ThreadId(12) [2mzenoh_codec::common::extension[0m[2m:[0m Unknown Test ext: ZExtUnknown { Id: 1, Mandatory: true, Encoding: "Z64", Value: 3715617595974107282 }
[2m2026-09-14T12:21:41.058819Z[0m [31mERROR[0m codec_extension ThreadId(12) [2mzenoh_codec::common::extension[0m[2m:[0m Unknown Test ext: ZExtUnknown { Id: 1, Mandatory: true, Encoding: "Z64", Value: 5117530942174639145 }
[2m2026-09-14T12:21:41.058823Z[0m [31mERROR[0m codec_extension ThreadId(12) [2mzenoh_codec::common::extension[0m[2m:[0m Unknown Test ext: ZExtUnknown { Id: 1, Mandatory: true, Encoding: "Z64", Value: 10902638642911009241 }
[2m2026-09-14T12:21:41.058827Z[0m [31mERROR[0m codec_extension ThreadId(12) [2mzenoh_codec::common::extension[0m[2m:[0m Unknown Test ext: ZExtUnknown { Id: 1, Mandatory: true, Encoding: "Z64", Value: 2676525947401167006 }
[2m2026-09-14T12:21:41.058831Z[0m [31mERROR[0m codec_extension ThreadId(12) [2mzenoh_codec::common::extension[0m[2m:[0m Unknown Test ext: ZExtUnknown { Id: 1, Mandatory: true, Encoding: "Z64", Value: 7428266375090866317 }
[2m2026-09-14T12:21:41.058835Z[0m [31mERROR[0m codec_extension ThreadId(12) [2mzenoh_codec::common::extension[0m[2m:[0m Unknown Test ext: ZExtUnknown { Id: 1, Mandatory: true, Encoding: "Z64", Value: 2018177339345386408 }
[2m2026-09-14T12:21:41.058838Z[0m [31mERROR[0m codec_extension ThreadId(12) [2mzenoh_codec::common::extension[0m[2m:[0m Unknown Test ext: ZExtUnknown { Id: 1, Mandatory: true, Encoding: "Z64", Value: 14242113673772577966 }
[2m2026-09-14T12:21:41.058842Z[0m [31mERROR[0m codec_extension ThreadId(12) [2mzenoh_codec::common::extension[0m[2m:[0m Unknown Test ext: ZExtUnknown { Id: 1, Mandatory: true, Encoding: "Z64", Value: 2095820337111611658 }
[2m2026-09-14T12:21:41.058846Z[0m [31mERROR[0m codec_extension ThreadId(12) [2mzenoh_codec::common::extension[0m[2m:[0m Unknown Test ext: ZExtUnknown { Id: 1, Mandatory: true, Encoding: "Z64", Value: 6996028408673532045 }
[2m2026-09-14T12:21:41.058850Z[0m [31mERROR[0m codec_extension ThreadId(12) [2mzenoh_codec::common::extension[0m[2m:[0m Unknown Test ext: ZExtUnknown { Id: 1, Mandatory: true, Encoding: "Z64", Value: 1943623713713244784 }
[2m2026-09-14T12:21:41.058868Z[0m [31mERROR[0m codec_extension ThreadId(12) [2mzenoh_codec::common::extension[0m[2m:[0m Unknown Test ext: ZExtUnknown { Id: 1, Mandatory: true, Encoding: "Z64", Value: 14136586927195378677 }
[2m2026-09-14T12:21:41.058872Z[0m [31mERROR[0m codec_extension ThreadId(12) [2mzenoh_codec::common::extension[0m[2m:[0m Unknown Test ext: ZExtUnknown { Id: 1, Mandatory: true, Encoding: "Z64", Value: 8083019561121554413 }
[2m2026-09-14T12:21:41.058876Z[0m [31mERROR[0m codec_extension ThreadId(12) [2mzenoh_codec::common::extension[0m[2m:[0m Unknown Test ext: ZExtUnknown { Id: 1, Mandatory: true, Encoding: "Z64", Value: 15223566957586703086 }
[2m2026-09-14T12:21:41.058880Z[0m [31mERROR[0m codec_extension ThreadId(12) [2mzenoh_codec::common::extension[0m[2m:[0m Unknown Test ext: ZExtUnknown { Id: 1, Mandatory: true, Encoding: "Z64", Value: 4767593600769456409 }
[2m2026-09-14T12:21:41.058883Z[0m [31mERROR[0m codec_extension ThreadId(12) [2mzenoh_codec::common::extension[0m[2m:[0m Unknown Test ext: ZExtUnknown { Id: 1, Mandatory: true, Encoding: "Z64", Value: 9574369759373312264 }
[2m2026-09-14T12:21:41.058887Z[0m [31mERROR[0m codec_extension ThreadId(12) [2mzenoh_codec::common::extension[0m[2m:[0m Unknown Test ext: ZExtUnknown { Id: 1, Mandatory: true, Encoding: "Z64", Value: 16581282100838932231 }
[2m2026-09-14T12:21:41.058891Z[0m [31mERROR[0m codec_extension ThreadId(12) [2mzenoh_codec::common::extension[0m[2m:[0m Unknown Test ext: ZExtUnknown { Id: 1, Mandatory: true, Encoding: "Z64", Value: 8311813187369828381 }
[2m2026-09-14T12:21:41.058894Z[0m [31mERROR[0m codec_extension ThreadId(12) [2mzenoh_codec::common::extension[0m[2m:[0m Unknown Test ext: ZExtUnknown { Id: 1, Mandatory: true, Encoding: "Z64", Value: 2874359256535460230 }
[2m2026-09-14T12:21:41.058898Z[0m [31mERROR[0m codec_extension ThreadId(12) [2mzenoh_codec::common::extension[0m[2m:[0m Unknown Test ext: ZExtUnknown { Id: 1, Mandatory: true, Encoding: "Z64", Value: 11628656872234043106 }
[2m2026-09-14T12:21:41.058901Z[0m [31mERROR[0m codec_extension ThreadId(12) [2mzenoh_codec::common::extension[0m[2m:[0m Unknown Test ext: ZExtUnknown { Id: 1, Mandatory: true, Encoding: "Z64", Value: 15460563669511961157 }
[2m2026-09-14T12:21:41.058905Z[0m [31mERROR[0m codec_extension ThreadId(12) [2mzenoh_codec::common::extension[0m[2m:[0m Unknown Test ext: ZExtUnknown { Id: 1, Mandatory: true, Encoding: "Z64", Value: 16616788520642133791 }
[2m2026-09-14T12:21:41.058909Z[0m [31mERROR[0m codec_extension ThreadId(12) [2mzenoh_codec::common::extension[0m[2m:[0m Unknown Test ext: ZExtUnknown { Id: 1, Mandatory: true, Encoding: "Z64", Value: 13534196097074235234 }
[2m2026-09-14T12:21:41.058912Z[0m [31mERROR[0m codec_extension ThreadId(12) [2mzenoh_codec::common::extension[0m[2m:[0m Unknown Test ext: ZExtUnknown { Id: 1, Mandatory: true, Encoding: "Z64", Value: 3899877496309236986 }
[2m2026-09-14T12:21:41.058916Z[0m [31mERROR[0m codec_extension ThreadId(12) [2mzenoh_codec::common::extension[0m[2m:[0m Unknown Test ext: ZExtUnknown { Id: 1, Mandatory: true, Encoding: "Z64", Value: 10718751728962680981 }
[2m2026-09-14T12:21:41.058920Z[0m [31mERROR[0m codec_extension ThreadId(12) [2mzenoh_codec::common::extension[0m[2m:[0m Unknown Test ext: ZExtUnknown { Id: 1, Mandatory: true, Encoding: "Z64", Value: 15177141993490024594 }
[2m2026-09-14T12:21:41.058923Z[0m [31mERROR[0m codec_extension ThreadId(12) [2mzenoh_codec::common::extension[0m[2m:[0m Unknown Test ext: ZExtUnknown { Id: 1, Mandatory: true, Encoding: "Z64", Value: 18350243183191492541 }
[2m2026-09-14T12:21:41.058927Z[0m [31mERROR[0m codec_extension ThreadId(12) [2mzenoh_codec::common::extension[0m[2m:[0m Unknown Test ext: ZExtUnknown { Id: 1, Mandatory: true, Encoding: "Z64", Value: 6870279167377938643 }
[2m2026-09-14T12:21:41.058931Z[0m [31mERROR[0m codec_extension ThreadId(12) [2mzenoh_codec::common::extension[0m[2m:[0m Unknown Test ext: ZExtUnknown { Id: 1, Mandatory: true, Encoding: "Z64", Value: 164201824102199317 }
[2m2026-09-14T12:21:41.058935Z[0m [31mERROR[0m codec_extension ThreadId(12) [2mzenoh_codec::common::extension[0m[2m:[0m Unknown Test ext: ZExtUnknown { Id: 1, Mandatory: true, Encoding: "Z64", Value: 17787559695888399206 }
[2m2026-09-14T12:21:41.058938Z[0m [31mERROR[0m codec_extension ThreadId(12) [2mzenoh_codec::common::extension[0m[2m:[0m Unknown Test ext: ZExtUnknown { Id: 1, Mandatory: true, Encoding: "Z64", Value: 10908572367560195467 }
[2m2026-09-14T12:21:41.058942Z[0m [31mERROR[0m codec_extension ThreadId(12) [2mzenoh_codec::common::extension[0m[2m:[0m Unknown Test ext: ZExtUnknown { Id: 1, Mandatory: true, Encoding: "Z64", Value: 4624451676303117674 }
[2m2026-09-14T12:21:41.058959Z[0m [31mERROR[0m codec_extension ThreadId(12) [2mzenoh_codec::common::extension[0m[2m:[0m Unknown Test ext: ZExtUnknown { Id: 1, Mandatory: true, Encoding: "Z64", Value: 8241219460663774708 }
[2m2026-09-14T12:21:41.058963Z[0m [31mERROR[0m codec_extension ThreadId(12) [2mzenoh_codec::common::extension[0m[2m:[0m Unknown Test ext: ZExtUnknown { Id: 1, Mandatory: true, Encoding: "Z64", Value: 12017126396075048466 }
[2m2026-09-14T12:21:41.058967Z[0m [31mERROR[0m codec_extension ThreadId(12) [2mzenoh_codec::common::extension[0m[2m:[0m Unknown Test ext: ZExtUnknown { Id: 1, Mandatory: true, Encoding: "Z64", Value: 8366262786408000050 }
[2m2026-09-14T12:21:41.058970Z[0m [31mERROR[0m codec_extension ThreadId(12) [2mzenoh_codec::common::extension[0m[2m:[0m Unknown Test ext: ZExtUnknown { Id: 1, Mandatory: true, Encoding: "Z64", Value: 11207089174367659856 }
[2m2026-09-14T12:21:41.058974Z[0m [31mERROR[0m codec_extension ThreadId(12) [2mzenoh_codec::common::extension[0m[2m:[0m Unknown Test ext: ZExtUnknown { Id: 1, Mandatory: true, Encoding: "Z64", Value: 12332091181240945660 }
[2m2026-09-14T12:21:41.058978Z[0m [31mERROR[0m codec_extension ThreadId(12) [2mzenoh_codec::common::extension[0m[2m:[0m Unknown Test ext: ZExtUnknown { Id: 1, Mandatory: true, Encoding: "Z64", Value: 9760027357204374365 }
[2m2026-09-14T12:21:41.058981Z[0m [31mERROR[0m codec_extension ThreadId(12) [2mzenoh_codec::common::extension[0m[2m:[0m Unknown Test ext: ZExtUnknown { Id: 1, Mandatory: true, Encoding: "Z64", Value: 12525915202162119387 }
[2m2026-09-14T12:21:41.058985Z[0m [31mERROR[0m codec_extension ThreadId(12) [2mzenoh_codec::common::extension[0m[2m:[0m Unknown Test ext: ZExtUnknown { Id: 1, Mandatory: true, Encoding: "Z64", Value: 10116257222787258256 }
[2m2026-09-14T12:21:41.058989Z[0m [31mERROR[0m codec_extension ThreadId(12) [2mzenoh_codec::common::extension[0m[2m:[0m Unknown Test ext: ZExtUnknown { Id: 1, Mandatory: true, Encoding: "Z64", Value: 14526403127370620613 }
[2m2026-09-14T12:21:41.058992Z[0m [31mERROR[0m codec_extension ThreadId(12) [2mzenoh_codec::common::extension[0m[2m:[0m Unknown Test ext: ZExtUnknown { Id: 1, Mandatory: true, Encoding: "Z64", Value: 11358399715648668138 }
[2m2026-09-14T12:21:41.058996Z[0m [31mERROR[0m codec_extension ThreadId(12) [2mzenoh_codec::common::extension[0m[2m:[0m Unknown Test ext: ZExtUnknown { Id: 1, Mandatory: true, Encoding: "Z64", Value: 12183459072954978037 }
[2m2026-09-14T12:21:41.058999Z[0m [31mERROR[0m codec_extension ThreadId(12) [2mzenoh_codec::common::extension[0m[2m:[0m Unknown Test ext: ZExtUnknown { Id: 1, Mandatory: true, Encoding: "Z64", Value: 965182793907373307 }
[2m2026-09-14T12:21:41.059003Z[0m [31mERROR[0m codec_extension ThreadId(12) [2mzenoh_codec::common::extension[0m[2m:[0m Unknown Test ext: ZExtUnknown { Id: 1, Mandatory: true, Encoding: "Z64", Value: 17891804613437126465 }
[2m2026-09-14T12:21:41.059007Z[0m [31mERROR[0m codec_extension ThreadId(12) [2mzenoh_codec::common::extension[0m[2m:[0m Unknown Test ext: ZExtUnknown { Id: 1, Mandatory: true, Encoding: "Z64", Value: 15218184692511859511 }
[2m2026-09-14T12:21:41.059011Z[0m [31mERROR[0m codec_extension ThreadId(12) [2mzenoh_codec::common::extension[0m[2m:[0m Unknown Test ext: ZExtUnknown { Id: 1, Mandatory: true, Encoding: "Z64", Value: 8440686198564871132 }
[2m2026-09-14T12:21:41.059015Z[0m [31mERROR[0m codec_extension ThreadId(12) [2mzenoh_codec::common::extension[0m[2m:[0m Unknown Test ext: ZExtUnknown { Id: 1, Mandatory: true, Encoding: "Z64", Value: 4092282671964726822 }
[2m2026-09-14T12:21:41.059018Z[0m [31mERROR[0m codec_extension ThreadId(12) [2mzenoh_codec::common::extension[0m[2m:[0m Unknown Test ext: ZExtUnknown { Id: 1, Mandatory: true, Encoding: "Z64", Value: 2939145800999459741 }
[2m2026-09-14T12:21:41.059022Z[0m [31mERROR[0m codec_extension ThreadId(12) [2mzenoh_codec::common::extension[0m[2m:[0m Unknown Test ext: ZExtUnknown { Id: 1, Mandatory: true, Encoding: "Z64", Value: 15572714268064567843 }
[2m2026-09-14T12:21:41.059026Z[0m [31mERROR[0m codec_extension ThreadId(12) [2mzenoh_codec::common::extension[0m[2m:[0m Unknown Test ext: ZExtUnknown { Id: 1, Mandatory: true, Encoding: "Z64", Value: 12851618856183309109 }
[2m2026-09-14T12:21:41.059029Z[0m [31mERROR[0m codec_extension ThreadId(12) [2mzenoh_codec::common::extension[0m[2m:[0m Unknown Test ext: ZExtUnknown { Id: 1, Mandatory: true, Encoding: "Z64", Value: 11490154989676551523 }
[2m2026-09-14T12:21:41.059033Z[0m [31mERROR[0m codec_extension ThreadId(12) [2mzenoh_codec::common::extension[0m[2m:[0m Unknown Test ext: ZExtUnknown { Id: 1, Mandatory: true, Encoding: "Z64", Value: 11264745180938996810 }
[2m2026-09-14T12:21:41.059051Z[0m [31mERROR[0m codec_extension ThreadId(12) [2mzenoh_codec::common::extension[0m[2m:[0m Unknown Test ext: ZExtUnknown { Id: 1, Mandatory: true, Encoding: "Z64", Value: 11310954666376553275 }
[2m2026-09-14T12:21:41.059055Z[0m [31mERROR[0m codec_extension ThreadId(12) [2mzenoh_codec::common::extension[0m[2m:[0m Unknown Test ext: ZExtUnknown { Id: 1, Mandatory: true, Encoding: "Z64", Value: 14699184022533540482 }
[2m2026-09-14T12:21:41.059059Z[0m [31mERROR[0m codec_extension ThreadId(12) [2mzenoh_codec::common::extension[0m[2m:[0m Unknown Test ext: ZExtUnknown { Id: 1, Mandatory: true, Encoding: "Z64", Value: 9547792109907645122 }
[2m2026-09-14T12:21:41.059062Z[0m [31mERROR[0m codec_extension ThreadId(12) [2mzenoh_codec::common::extension[0m[2m:[0m Unknown Test ext: ZExtUnknown { Id: 1, Mandatory: true, Encoding: "Z64", Value: 406365692517888456 }
[2m2026-09-14T12:21:41.059066Z[0m [31mERROR[0m codec_extension ThreadId(12) [2mzenoh_codec::common::extension[0m[2m:[0m Unknown Test ext: ZExtUnknown { Id: 1, Mandatory: true, Encoding: "Z64", Value: 6685710439454581245 }
[2m2026-09-14T12:21:41.059070Z[0m [31mERROR[0m codec_extension ThreadId(12) [2mzenoh_codec::common::extension[0m[2m:[0m Unknown Test ext: ZExtUnknown { Id: 1, Mandatory: true, Encoding: "Z64", Value: 435927552487452174 }
[2m2026-09-14T12:21:41.059073Z[0m [31mERROR[0m codec_extension ThreadId(12) [2mzenoh_codec::common::extension[0m[2m:[0m Unknown Test ext: ZExtUnknown { Id: 1, Mandatory: true, Encoding: "Z64", Value: 14600740307413271405 }
[2m2026-09-14T12:21:41.059077Z[0m [31mERROR[0m codec_extension ThreadId(12) [2mzenoh_codec::common::extension[0m[2m:[0m Unknown Test ext: ZExtUnknown { Id: 1, Mandatory: true, Encoding: "Z64", Value: 10215210625157451367 }
[2m2026-09-14T12:21:41.059081Z[0m [31mERROR[0m codec_extension ThreadId(12) [2mzenoh_codec::common::extension[0m[2m:[0m Unknown Test ext: ZExtUnknown { Id: 1, Mandatory: true, Encoding: "Z64", Value: 5995335463745068837 }
[2m2026-09-14T12:21:41.059084Z[0m [31mERROR[0m codec_extension ThreadId(12) [2mzenoh_codec::common::extension[0m[2m:[0m Unknown Test ext: ZExtUnknown { Id: 1, Mandatory: true, Encoding: "Z64", Value: 15752825690517711802 }
[2m2026-09-14T12:21:41.059089Z[0m [31mERROR[0m codec_extension ThreadId(12) [2mzenoh_codec::common::extension[0m[2m:[0m Unknown Test ext: ZExtUnknown { Id: 1, Mandatory: true, Encoding: "Z64", Value: 9134462685764008504 }
[2m2026-09-14T12:21:41.059093Z[0m [31mERROR[0m codec_extension ThreadId(12) [2mzenoh_codec::common::extension[0m[2m:[0m Unknown Test ext: ZExtUnknown { Id: 1, Mandatory: true, Encoding: "Z64", Value: 611980252739115892 }
[2m2026-09-14T12:21:41.059096Z[0m [31mERROR[0m codec_extension ThreadId(12) [2mzenoh_codec::common::extension[0m[2m:[0m Unknown Test ext: ZExtUnknown { Id: 1, Mandatory: true, Encoding: "Z64", Value: 16897704112028717536 }
[2m2026-09-14T12:21:41.059100Z[0m [31mERROR[0m codec_extension ThreadId(12) [2mzenoh_codec::common::extension[0m[2m:[0m Unknown Test ext: ZExtUnknown { Id: 1, Mandatory: true, Encoding: "Z64", Value: 14243686432052109226 }
[2m2026-09-14T12:21:41.059104Z[0m [31mERROR[0m codec_extension ThreadId(12) [2mzenoh_codec::common::extension[0m[2m:[0m Unknown Test ext: ZExtUnknown { Id: 1, Mandatory: true, Encoding: "Z64", Value: 13357100976494371351 }
[2m2026-09-14T12:21:41.059107Z[0m [31mERROR[0m codec_extension ThreadId(12) [2mzenoh_codec::common::extension[0m[2m:[0m Unknown Test ext: ZExtUnknown { Id: 1, Mandatory: true, Encoding: "Z64", Value: 10963995740108130708 }
[2m2026-09-14T12:21:41.059111Z[0m [31mERROR[0m codec_extension ThreadId(12) [2mzenoh_codec::common::extension[0m[2m:[0m Unknown Test ext: ZExtUnknown { Id: 1, Mandatory: true, Encoding: "Z64", Value: 5831278637397658850 }
[2m2026-09-14T12:21:41.059114Z[0m [31mERROR[0m codec_extension ThreadId(12) [2mzenoh_codec::common::extension[0m[2m:[0m Unknown Test ext: ZExtUnknown { Id: 1, Mandatory: true, Encoding: "Z64", Value: 13065030946483368786 }
[2m2026-09-14T12:21:41.059118Z[0m [31mERROR[0m codec_extension ThreadId(12) [2mzenoh_codec::common::extension[0m[2m:[0m Unknown Test ext: ZExtUnknown { Id: 1, Mandatory: true, Encoding: "Z64", Value: 7371257829902236501 }
[2m2026-09-14T12:21:41.059122Z[0m [31mERROR[0m codec_extension ThreadId(12) [2mzenoh_codec::common::extension[0m[2m:[0m Unknown Test ext: ZExtUnknown { Id: 1, Mandatory: true, Encoding: "Z64", Value: 3263081203507089823 }
[2m2026-09-14T12:21:41.059125Z[0m [31mERROR[0m codec_extension ThreadId(12) [2mzenoh_codec::common::extension[0m[2m:[0m Unknown Test ext: ZExtUnknown { Id: 1, Mandatory: true, Encoding: "Z64", Value: 8444545938099575330 }
[2m2026-09-14T12:21:41.059129Z[0m [31mERROR[0m codec_extension ThreadId(12) [2mzenoh_codec::common::extension[0m[2m:[0m Unknown Test ext: ZExtUnknown { Id: 1, Mandatory: true, Encoding: "Z64", Value: 14274623937776126041 }
[2m2026-09-14T12:21:41.059147Z[0m [31mERROR[0m codec_extension ThreadId(12) [2mzenoh_codec::common::extension[0m[2m:[0m Unknown Test ext: ZExtUnknown { Id: 1, Mandatory: true, Encoding: "Z64", Value: 15429331881694314469 }
[2m2026-09-14T12:21:41.059151Z[0m [31mERROR[0m codec_extension ThreadId(12) [2mzenoh_codec::common::extension[0m[2m:[0m Unknown Test ext: ZExtUnknown { Id: 1, Mandatory: true, Encoding: "Z64", Value: 17219832848120084226 }
[2m2026-09-14T12:21:41.059154Z[0m [31mERROR[0m codec_extension ThreadId(12) [2mzenoh_codec::common::extension[0m[2m:[0m Unknown Test ext: ZExtUnknown { Id: 1, Mandatory: true, Encoding: "Z64", Value: 6981882919619000747 }
[2m2026-09-14T12:21:41.059158Z[0m [31mERROR[0m codec_extension ThreadId(12) [2mzenoh_codec::common::extension[0m[2m:[0m Unknown Test ext: ZExtUnknown { Id: 1, Mandatory: true, Encoding: "Z64", Value: 12395447221177192630 }
[2m2026-09-14T12:21:41.059162Z[0m [31mERROR[0m codec_extension ThreadId(12) [2mzenoh_codec::common::extension[0m[2m:[0m Unknown Test ext: ZExtUnknown { Id: 1, Mandatory: true, Encoding: "Z64", Value: 7973174423632704679 }
[2m2026-09-14T12:21:41.059165Z[0m [31mERROR[0m codec_extension ThreadId(12) [2mzenoh_codec::common::extension[0m[2m:[0m Unknown Test ext: ZExtUnknown { Id: 1, Mandatory: true, Encoding: "Z64", Value: 2703775091723332565 }
[2m2026-09-14T12:21:41.059170Z[0m [31mERROR[0m codec_extension ThreadId(12) [2mzenoh_codec::common::extension[0m[2m:[0m Unknown Test ext: ZExtUnknown { Id: 1, Mandatory: true, Encoding: "Z64", Value: 4010088549262321425 }
[2m2026-09-14T12:21:41.059174Z[0m [31mERROR[0m codec_extension ThreadId(12) [2mzenoh_codec::common::extension[0m[2m:[0m Unknown Test ext: ZExtUnknown { Id: 1, Mandatory: true, Encoding: "Z64", Value: 11333397768502916582 }
[2m2026-09-14T12:21:41.059178Z[0m [31mERROR[0m codec_extension ThreadId(12) [2mzenoh_codec::common::extension[0m[2m:[0m Unknown Test ext: ZExtUnknown { Id: 1, Mandatory: true, Encoding: "Z64", Value: 7001392979835169640 }
[2m2026-09-14T12:21:41.059181Z[0m [31mERROR[0m codec_extension ThreadId(12) [2mzenoh_codec::common::extension[0m[2m:[0m Unknown Test ext: ZExtUnknown { Id: 1, Mandatory: true, Encoding: "Z64", Value: 17427927833315237788 }
[2m2026-09-14T12:21:41.059185Z[0m [31mERROR[0m codec_extension ThreadId(12) [2mzenoh_codec::common::extension[0m[2m:[0m Unknown Test ext: ZExtUnknown { Id: 1, Mandatory: true, Encoding: "Z64", Value: 11211574175369300393 }
[2m2026-09-14T12:21:41.059189Z[0m [31mERROR[0m codec_extension ThreadId(12) [2mzenoh_codec::common::extension[0m[2m:[0m Unknown Test ext: ZExtUnknown { Id: 1, Mandatory: true, Encoding: "Z64", Value: 5029097251756552169 }
[2m2026-09-14T12:21:41.059192Z[0m [31mERROR[0m codec_extension ThreadId(12) [2mzenoh_codec::common::extension[0m[2m:[0m Unknown Test ext: ZExtUnknown { Id: 1, Mandatory: true, Encoding: "Z64", Value: 8354383644163603802 }
[2m2026-09-14T12:21:41.059196Z[0m [31mERROR[0m codec_extension ThreadId(12) [2mzenoh_codec::common::extension[0m[2m:[0m Unknown Test ext: ZExtUnknown { Id: 1, Mandatory: true, Encoding: "Z64", Value: 9090551286893693929 }
[2m2026-09-14T12:21:41.059200Z[0m [31mERROR[0m codec_extension ThreadId(12) [2mzenoh_codec::common::extension[0m[2m:[0m Unknown Test ext: ZExtUnknown { Id: 1, Mandatory: true, Encoding: "Z64", Value: 13334968676391271216 }
[2m2026-09-14T12:21:41.059203Z[0m [31mERROR[0m codec_extension ThreadId(12) [2mzenoh_codec::common::extension[0m[2m:[0m Unknown Test ext: ZExtUnknown { Id: 1, Mandatory: true, Encoding: "Z64", Value: 11097345034458594530 }
[2m2026-09-14T12:21:41.059207Z[0m [31mERROR[0m codec_extension ThreadId(12) [2mzenoh_codec::common::extension[0m[2m:[0m Unknown Test ext: ZExtUnknown { Id: 1, Mandatory: true, Encoding: "Z64", Value: 13178787964424406641 }
[2m2026-09-14T12:21:41.059210Z[0m [31mERROR[0m codec_extension ThreadId(12) [2mzenoh_codec::common::extension[0m[2m:[0m Unknown Test ext: ZExtUnknown { Id: 1, Mandatory: true, Encoding: "Z64", Value: 15563840155644187449 }
[2m2026-09-14T12:21:41.059214Z[0m [31mERROR[0m codec_extension ThreadId(12) [2mzenoh_codec::common::extension[0m[2m:[0m Unknown Test ext: ZExtUnknown { Id: 1, Mandatory: true, Encoding: "Z64", Value: 18032089935198894307 }
[2m2026-09-14T12:21:41.059218Z[0m [31mERROR[0m codec_extension ThreadId(12) [2mzenoh_codec::common::extension[0m[2m:[0m Unknown Test ext: ZExtUnknown { Id: 1, Mandatory: true, Encoding: "Z64", Value: 12889012804108864728 }
[2m2026-09-14T12:21:41.059221Z[0m [31mERROR[0m codec_extension ThreadId(12) [2mzenoh_codec::common::extension[0m[2m:[0m Unknown Test ext: ZExtUnknown { Id: 1, Mandatory: true, Encoding: "Z64", Value: 16383258742249543263 }
[2m2026-09-14T12:21:41.059239Z[0m [31mERROR[0m codec_extension ThreadId(12) [2mzenoh_codec::common::extension[0m[2m:[0m Unknown Test ext: ZExtUnknown { Id: 1, Mandatory: true, Encoding: "Z64", Value: 13398680015309698415 }
[2m2026-09-14T12:21:41.059243Z[0m [31mERROR[0m codec_extension ThreadId(12) [2mzenoh_codec::common::extension[0m[2m:[0m Unknown Test ext: ZExtUnknown { Id: 1, Mandatory: true, Encoding: "Z64", Value: 467805258521757080 }
[2m2026-09-14T12:21:41.059247Z[0m [31mERROR[0m codec_extension ThreadId(12) [2mzenoh_codec::common::extension[0m[2m:[0m Unknown Test ext: ZExtUnknown { Id: 1, Mandatory: true, Encoding: "Z64", Value: 10477264597067192127 }
[2m2026-09-14T12:21:41.059251Z[0m [31mERROR[0m codec_extension ThreadId(12) [2mzenoh_codec::common::extension[0m[2m:[0m Unknown Test ext: ZExtUnknown { Id: 1, Mandatory: true, Encoding: "Z64", Value: 7521967489902537986 }
[2m2026-09-14T12:21:41.059255Z[0m [31mERROR[0m codec_extension ThreadId(12) [2mzenoh_codec::common::extension[0m[2m:[0m Unknown Test ext: ZExtUnknown { Id: 1, Mandatory: true, Encoding: "Z64", Value: 1214236116976376546 }
[2m2026-09-14T12:21:41.059259Z[0m [31mERROR[0m codec_extension ThreadId(12) [2mzenoh_codec::common::extension[0m[2m:[0m Unknown Test ext: ZExtUnknown { Id: 1, Mandatory: true, Encoding: "Z64", Value: 7411750668603822002 }
[2m2026-09-14T12:21:41.059262Z[0m [31mERROR[0m codec_extension ThreadId(12) [2mzenoh_codec::common::extension[0m[2m:[0m Unknown Test ext: ZExtUnknown { Id: 1, Mandatory: true, Encoding: "Z64", Value: 16347279156388207410 }
[2m2026-09-14T12:21:41.059266Z[0m [31mERROR[0m codec_extension ThreadId(12) [2mzenoh_codec::common::extension[0m[2m:[0m Unknown Test ext: ZExtUnknown { Id: 1, Mandatory: true, Encoding: "Z64", Value: 11504881929218410399 }
[2m2026-09-14T12:21:41.059270Z[0m [31mERROR[0m codec_extension ThreadId(12) [2mzenoh_codec::common::extension[0m[2m:[0m Unknown Test ext: ZExtUnknown { Id: 1, Mandatory: true, Encoding: "Z64", Value: 2214477678782295150 }
[2m2026-09-14T12:21:41.059273Z[0m [31mERROR[0m codec_extension ThreadId(12) [2mzenoh_codec::common::extension[0m[2m:[0m Unknown Test ext: ZExtUnknown { Id: 1, Mandatory: true, Encoding: "Z64", Value: 12610799332359378179 }
[2m2026-09-14T12:21:41.059277Z[0m [31mERROR[0m codec_extension ThreadId(12) [2mzenoh_codec::common::extension[0m[2m:[0m Unknown Test ext: ZExtUnknown { Id: 1, Mandatory: true, Encoding: "Z64", Value: 4323141858234039611 }
[2m2026-09-14T12:21:41.059281Z[0m [31mERROR[0m codec_extension ThreadId(12) [2mzenoh_codec::common::extension[0m[2m:[0m Unknown Test ext: ZExtUnknown { Id: 1, Mandatory: true, Encoding: "Z64", Value: 10084467466451647620 }
[2m2026-09-14T12:21:41.059284Z[0m [31mERROR[0m codec_extension ThreadId(12) [2mzenoh_codec::common::extension[0m[2m:[0m Unknown Test ext: ZExtUnknown { Id: 1, Mandatory: true, Encoding: "Z64", Value: 8975229701391687796 }
[2m2026-09-14T12:21:41.059288Z[0m [31mERROR[0m codec_extension ThreadId(12) [2mzenoh_codec::common::extension[0m[2m:[0m Unknown Test ext: ZExtUnknown { Id: 1, Mandatory: true, Encoding: "Z64", Value: 4107166705084234538 }
[2m2026-09-14T12:21:41.059292Z[0m [31mERROR[0m codec_extension ThreadId(12) [2mzenoh_codec::common::extension[0m[2m:[0m Unknown Test ext: ZExtUnknown { Id: 1, Mandatory: true, Encoding: "Z64", Value: 11581692064905146087 }
[2m2026-09-14T12:21:41.059295Z[0m [31mERROR[0m codec_extension ThreadId(12) [2mzenoh_codec::common::extension[0m[2m:[0m Unknown Test ext: ZExtUnknown { Id: 1, Mandatory: true, Encoding: "Z64", Value: 10154712625660048239 }
[2m2026-09-14T12:21:41.059299Z[0m [31mERROR[0m codec_extension ThreadId(12) [2mzenoh_codec::common::extension[0m[2m:[0m Unknown Test ext: ZExtUnknown { Id: 1, Mandatory: true, Encoding: "Z64", Value: 10009353555600468406 }
[2m2026-09-14T12:21:41.059302Z[0m [31mERROR[0m codec_extension ThreadId(12) [2mzenoh_codec::common::extension[0m[2m:[0m Unknown Test ext: ZExtUnknown { Id: 1, Mandatory: true, Encoding: "Z64", Value: 770734345042925184 }
[2m2026-09-14T12:21:41.059306Z[0m [31mERROR[0m codec_extension ThreadId(12) [2mzenoh_codec::common::extension[0m[2m:[0m Unknown Test ext: ZExtUnknown { Id: 1, Mandatory: true, Encoding: "Z64", Value: 193204528283621139 }
[2m2026-09-14T12:21:41.059310Z[0m [31mERROR[0m codec_extension ThreadId(12) [2mzenoh_codec::common::extension[0m[2m:[0m Unknown Test ext: ZExtUnknown { Id: 1, Mandatory: true, Encoding: "Z64", Value: 4641910850325245112 }
[2m2026-09-14T12:21:41.059313Z[0m [31mERROR[0m codec_extension ThreadId(12) [2mzenoh_codec::common::extension[0m[2m:[0m Unknown Test ext: ZExtUnknown { Id: 1, Mandatory: true, Encoding: "Z64", Value: 8162306904490257278 }
[2m2026-09-14T12:21:41.059333Z[0m [31mERROR[0m codec_extension ThreadId(12) [2mzenoh_codec::common::extension[0m[2m:[0m Unknown Test ext: ZExtUnknown { Id: 1, Mandatory: true, Encoding: "Z64", Value: 8989752694671319382 }
[2m2026-09-14T12:21:41.059337Z[0m [31mERROR[0m codec_extension ThreadId(12) [2mzenoh_codec::common::extension[0m[2m:[0m Unknown Test ext: ZExtUnknown { Id: 1, Mandatory: true, Encoding: "Z64", Value: 10729440444269527853 }
[2m2026-09-14T12:21:41.059341Z[0m [31mERROR[0m codec_extension ThreadId(12) [2mzenoh_codec::common::extension[0m[2m:[0m Unknown Test ext: ZExtUnknown { Id: 1, Mandatory: true, Encoding: "Z64", Value: 4875061923264334083 }
[2m2026-09-14T12:21:41.059344Z[0m [31mERROR[0m codec_extension ThreadId(12) [2mzenoh_codec::common::extension[0m[2m:[0m Unknown Test ext: ZExtUnknown { Id: 1, Mandatory: true, Encoding: "Z64", Value: 2899786533121418862 }
[2m2026-09-14T12:21:41.059348Z[0m [31mERROR[0m codec_extension ThreadId(12) [2mzenoh_codec::common::extension[0m[2m:[0m Unknown Test ext: ZExtUnknown { Id: 1, Mandatory: true, Encoding: "Z64", Value: 14251762885080021570 }
[2m2026-09-14T12:21:41.059351Z[0m [31mERROR[0m codec_extension ThreadId(12) [2mzenoh_codec::common::extension[0m[2m:[0m Unknown Test ext: ZExtUnknown { Id: 1, Mandatory: true, Encoding: "Z64", Value: 9492315742229623401 }
[2m2026-09-14T12:21:41.059355Z[0m [31mERROR[0m codec_extension ThreadId(12) [2mzenoh_codec::common::extension[0m[2m:[0m Unknown Test ext: ZExtUnknown { Id: 1, Mandatory: true, Encoding: "Z64", Value: 2407525999021269037 }
[2m2026-09-14T12:21:41.059359Z[0m [31mERROR[0m codec_extension ThreadId(12) [2mzenoh_codec::common::extension[0m[2m:[0m Unknown Test ext: ZExtUnknown { Id: 1, Mandatory: true, Encoding: "Z64", Value: 5297795336602639093 }
[2m2026-09-14T12:21:41.059362Z[0m [31mERROR[0m codec_extension ThreadId(12) [2mzenoh_codec::common::extension[0m[2m:[0m Unknown Test ext: ZExtUnknown { Id: 1, Mandatory: true, Encoding: "Z64", Value: 9267947258391855069 }
[2m2026-09-14T12:21:41.059366Z[0m [31mERROR[0m codec_extension ThreadId(12) [2mzenoh_codec::common::extension[0m[2m:[0m Unknown Test ext: ZExtUnknown { Id: 1, Mandatory: true, Encoding: "Z64", Value: 15292137402752759701 }
[2m2026-09-14T12:21:41.059370Z[0m [31mERROR[0m codec_extension ThreadId(12) [2mzenoh_codec::common::extension[0m[2m:[0m Unknown Test ext: ZExtUnknown { Id: 1, Mandatory: true, Encoding: "Z64", Value: 8930555478090517983 }
[2m2026-09-14T12:21:41.059373Z[0m [31mERROR[0m codec_extension ThreadId(12) [2mzenoh_codec::common::extension[0m[2m:[0m Unknown Test ext: ZExtUnknown { Id: 1, Mandatory: true, Encoding: "Z64", Value: 14814404271555558440 }
[2m2026-09-14T12:21:41.059377Z[0m [31mERROR[0m codec_extension ThreadId(12) [2mzenoh_codec::common::extension[0m[2m:[0m Unknown Test ext: ZExtUnknown { Id: 1, Mandatory: true, Encoding: "Z64", Value: 16305938629607858362 }
[2m2026-09-14T12:21:41.059381Z[0m [31mERROR[0m codec_extension ThreadId(12) [2mzenoh_codec::common::extension[0m[2m:[0m Unknown Test ext: ZExtUnknown { Id: 1, Mandatory: true, Encoding: "Z64", Value: 1534676760918939853 }
[2m2026-09-14T12:21:41.059384Z[0m [31mERROR[0m codec_extension ThreadId(12) [2mzenoh_codec::common::extension[0m[2m:[0m Unknown Test ext: ZExtUnknown { Id: 1, Mandatory: true, Encoding: "Z64", Value: 3162221721089731080 }
[2m2026-09-14T12:21:41.059388Z[0m [31mERROR[0m codec_extension ThreadId(12) [2mzenoh_codec::common::extension[0m[2m:[0m Unknown Test ext: ZExtUnknown { Id: 1, Mandatory: true, Encoding: "Z64", Value: 10175810313954509173 }
[2m2026-09-14T12:21:41.059391Z[0m [31mERROR[0m codec_extension ThreadId(12) [2mzenoh_codec::common::extension[0m[2m:[0m Unknown Test ext: ZExtUnknown { Id: 1, Mandatory: true, Encoding: "Z64", Value: 7659656288924215342 }
[2m2026-09-14T12:21:41.059396Z[0m [31mERROR[0m codec_extension ThreadId(12) [2mzenoh_codec::common::extension[0m[2m:[0m Unknown Test ext: ZExtUnknown { Id: 1, Mandatory: true, Encoding: "Z64", Value: 4196986387624809358 }
[2m2026-09-14T12:21:41.059400Z[0m [31mERROR[0m codec_extension ThreadId(12) [2mzenoh_codec::common::extension[0m[2m:[0m Unknown Test ext: ZExtUnknown { Id: 1, Mandatory: true, Encoding: "Z64", Value: 2552957282512476558 }
[2m2026-09-14T12:21:41.059403Z[0m [31mERROR[0m codec_extension ThreadId(12) [2mzenoh_codec::common::extension[0m[2m:[0m Unknown Test ext: ZExtUnknown { Id: 1, Mandatory: true, Encoding: "Z64", Value: 10830662184099483781 }
[2m2026-09-14T12:21:41.059407Z[0m [31mERROR[0m codec_extension ThreadId(12) [2mzenoh_codec::common::extension[0m[2m:[0m Unknown Test ext: ZExtUnknown { Id: 1, Mandatory: true, Encoding: "Z64", Value: 12717966544240207293 }
[2m2026-09-14T12:21:41.059411Z[0m [31mERROR[0m codec_extension ThreadId(12) [2mzenoh_codec::common::extension[0m[2m:[0m Unknown Test ext: ZExtUnknown { Id: 1, Mandatory: true, Encoding: "Z64", Value: 9395093473130142949 }
[2m2026-09-14T12:21:41.059428Z[0m [31mERROR[0m codec_extension ThreadId(12) [2mzenoh_codec::common::extension[0m[2m:[0m Unknown Test ext: ZExtUnknown { Id: 1, Mandatory: true, Encoding: "Z64", Value: 2247706071259099571 }
[2m2026-09-14T12:21:41.059432Z[0m [31mERROR[0m codec_extension ThreadId(12) [2mzenoh_codec::common::extension[0m[2m:[0m Unknown Test ext: ZExtUnknown { Id: 1, Mandatory: true, Encoding: "Z64", Value: 10616321708062506696 }
[2m2026-09-14T12:21:41.059436Z[0m [31mERROR[0m codec_extension ThreadId(12) [2mzenoh_codec::common::extension[0m[2m:[0m Unknown Test ext: ZExtUnknown { Id: 1, Mandatory: true, Encoding: "Z64", Value: 5423464041997610883 }
[2m2026-09-14T12:21:41.059440Z[0m [31mERROR[0m codec_extension ThreadId(12) [2mzenoh_codec::common::extension[0m[2m:[0m Unknown Test ext: ZExtUnknown { Id: 1, Mandatory: true, Encoding: "Z64", Value: 4445195842204743397 }
[2m2026-09-14T12:21:41.059443Z[0m [31mERROR[0m codec_extension ThreadId(12) [2mzenoh_codec::common::extension[0m[2m:[0m Unknown Test ext: ZExtUnknown { Id: 1, Mandatory: true, Encoding: "Z64", Value: 5646098002822750583 }
[2m2026-09-14T12:21:41.059447Z[0m [31mERROR[0m codec_extension ThreadId(12) [2mzenoh_codec::common::extension[0m[2m:[0m Unknown Test ext: ZExtUnknown { Id: 1, Mandatory: true, Encoding: "Z64", Value: 10779464631556212754 }
[2m2026-09-14T12:21:41.059451Z[0m [31mERROR[0m codec_extension ThreadId(12) [2mzenoh_codec::common::extension[0m[2m:[0m Unknown Test ext: ZExtUnknown { Id: 1, Mandatory: true, Encoding: "Z64", Value: 15437931943968558464 }
[2m2026-09-14T12:21:41.059454Z[0m [31mERROR[0m codec_extension ThreadId(12) [2mzenoh_codec::common::extension[0m[2m:[0m Unknown Test ext: ZExtUnknown { Id: 1, Mandatory: true, Encoding: "Z64", Value: 4483297579980236843 }
[2m2026-09-14T12:21:41.059458Z[0m [31mERROR[0m codec_extension ThreadId(12) [2mzenoh_codec::common::extension[0m[2m:[0m Unknown Test ext: ZExtUnknown { Id: 1, Mandatory: true, Encoding: "Z64", Value: 3537023470544118237 }
[2m2026-09-14T12:21:41.059462Z[0m [31mERROR[0m codec_extension ThreadId(12) [2mzenoh_codec::common::extension[0m[2m:[0m Unknown Test ext: ZExtUnknown { Id: 1, Mandatory: true, Encoding: "Z64", Value: 6965671801856981323 }
[2m2026-09-14T12:21:41.059465Z[0m [31mERROR[0m codec_extension ThreadId(12) [2mzenoh_codec::common::extension[0m[2m:[0m Unknown Test ext: ZExtUnknown { Id: 1, Mandatory: true, Encoding: "Z64", Value: 609730207806756524 }
[2m2026-09-14T12:21:41.059469Z[0m [31mERROR[0m codec_extension ThreadId(12) [2mzenoh_codec::common::extension[0m[2m:[0m Unknown Test ext: ZExtUnknown { Id: 1, Mandatory: true, Encoding: "Z64", Value: 9089592778564960635 }
[2m2026-09-14T12:21:41.059472Z[0m [31mERROR[0m codec_extension ThreadId(12) [2mzenoh_codec::common::extension[0m[2m:[0m Unknown Test ext: ZExtUnknown { Id: 1, Mandatory: true, Encoding: "Z64", Value: 10587574204581797274 }
[2m2026-09-14T12:21:41.059477Z[0m [31mERROR[0m codec_extension ThreadId(12) [2mzenoh_codec::common::extension[0m[2m:[0m Unknown Test ext: ZExtUnknown { Id: 1, Mandatory: true, Encoding: "Z64", Value: 11266158747824068163 }
[2m2026-09-14T12:21:41.059481Z[0m [31mERROR[0m codec_extension ThreadId(12) [2mzenoh_codec::common::extension[0m[2m:[0m Unknown Test ext: ZExtUnknown { Id: 1, Mandatory: true, Encoding: "Z64", Value: 13749443590198186352 }
[2m2026-09-14T12:21:41.059484Z[0m [31mERROR[0m codec_extension ThreadId(12) [2mzenoh_codec::common::extension[0m[2m:[0m Unknown Test ext: ZExtUnknown { Id: 1, Mandatory: true, Encoding: "Z64", Value: 6831944813805089329 }
[2m2026-09-14T12:21:41.059489Z[0m [31mERROR[0m codec_extension ThreadId(12) [2mzenoh_codec::common::extension[0m[2m:[0m Unknown Test ext: ZExtUnknown { Id: 1, Mandatory: true, Encoding: "Z64", Value: 2651475700326436974 }
[2m2026-09-14T12:21:41.059493Z[0m [31mERROR[0m codec_extension ThreadId(12) [2mzenoh_codec::common::extension[0m[2m:[0m Unknown Test ext: ZExtUnknown { Id: 1, Mandatory: true, Encoding: "Z64", Value: 15714050741568139035 }
[2m2026-09-14T12:21:41.059497Z[0m [31mERROR[0m codec_extension ThreadId(12) [2mzenoh_codec::common::extension[0m[2m:[0m Unknown Test ext: ZExtUnknown { Id: 1, Mandatory: true, Encoding: "Z64", Value: 2455019000813282623 }
[2m2026-09-14T12:21:41.059500Z[0m [31mERROR[0m codec_extension ThreadId(12) [2mzenoh_codec::common::extension[0m[2m:[0m Unknown Test ext: ZExtUnknown { Id: 1, Mandatory: true, Encoding: "Z64", Value: 3714551234669432738 }
[2m2026-09-14T12:21:41.059504Z[0m [31mERROR[0m codec_extension ThreadId(12) [2mzenoh_codec::common::extension[0m[2m:[0m Unknown Test ext: ZExtUnknown { Id: 1, Mandatory: true, Encoding: "Z64", Value: 4590977725743754356 }
[2m2026-09-14T12:21:41.059522Z[0m [31mERROR[0m codec_extension ThreadId(12) [2mzenoh_codec::common::extension[0m[2m:[0m Unknown Test ext: ZExtUnknown { Id: 1, Mandatory: true, Encoding: "Z64", Value: 2692836961680596865 }
[2m2026-09-14T12:21:41.059526Z[0m [31mERROR[0m codec_extension ThreadId(12) [2mzenoh_codec::common::extension[0m[2m:[0m Unknown Test ext: ZExtUnknown { Id: 1, Mandatory: true, Encoding: "Z64", Value: 12382666252070217978 }
[2m2026-09-14T12:21:41.059529Z[0m [31mERROR[0m codec_extension ThreadId(12) [2mzenoh_codec::common::extension[0m[2m:[0m Unknown Test ext: ZExtUnknown { Id: 1, Mandatory: true, Encoding: "Z64", Value: 7463745836325591713 }
[2m2026-09-14T12:21:41.059533Z[0m [31mERROR[0m codec_extension ThreadId(12) [2mzenoh_codec::common::extension[0m[2m:[0m Unknown Test ext: ZExtUnknown { Id: 1, Mandatory: true, Encoding: "Z64", Value: 3341845124065022172 }
[2m2026-09-14T12:21:41.059536Z[0m [31mERROR[0m codec_extension ThreadId(12) [2mzenoh_codec::common::extension[0m[2m:[0m Unknown Test ext: ZExtUnknown { Id: 1, Mandatory: true, Encoding: "Z64", Value: 5162027883649780934 }
[2m2026-09-14T12:21:41.059540Z[0m [31mERROR[0m codec_extension ThreadId(12) [2mzenoh_codec::common::extension[0m[2m:[0m Unknown Test ext: ZExtUnknown { Id: 1, Mandatory: true, Encoding: "Z64", Value: 10451595188559531908 }
[2m2026-09-14T12:21:41.059544Z[0m [31mERROR[0m codec_extension ThreadId(12) [2mzenoh_codec::common::extension[0m[2m:[0m Unknown Test ext: ZExtUnknown { Id: 1, Mandatory: true, Encoding: "Z64", Value: 7267346086593022385 }
[2m2026-09-14T12:21:41.059547Z[0m [31mERROR[0m codec_extension ThreadId(12) [2mzenoh_codec::common::extension[0m[2m:[0m Unknown Test ext: ZExtUnknown { Id: 1, Mandatory: true, Encoding: "Z64", Value: 6804578052042839453 }
[2m2026-09-14T12:21:41.059551Z[0m [31mERROR[0m codec_extension ThreadId(12) [2mzenoh_codec::common::extension[0m[2m:[0m Unknown Test ext: ZExtUnknown { Id: 1, Mandatory: true, Encoding: "Z64", Value: 10711685443929939484 }
[2m2026-09-14T12:21:41.059554Z[0m [31mERROR[0m codec_extension ThreadId(12) [2mzenoh_codec::common::extension[0m[2m:[0m Unknown Test ext: ZExtUnknown { Id: 1, Mandatory: true, Encoding: "Z64", Value: 8671797862853734031 }
[2m2026-09-14T12:21:41.059559Z[0m [31mERROR[0m codec_extension ThreadId(12) [2mzenoh_codec::common::extension[0m[2m:[0m Unknown Test ext: ZExtUnknown { Id: 1, Mandatory: true, Encoding: "Z64", Value: 16536279322068375143 }
[2m2026-09-14T12:21:41.059563Z[0m [31mERROR[0m codec_extension ThreadId(12) [2mzenoh_codec::common::extension[0m[2m:[0m Unknown Test ext: ZExtUnknown { Id: 1, Mandatory: true, Encoding: "Z64", Value: 10230085178781121377 }
[2m2026-09-14T12:21:41.059566Z[0m [31mERROR[0m codec_extension ThreadId(12) [2mzenoh_codec::common::extension[0m[2m:[0m Unknown Test ext: ZExtUnknown { Id: 1, Mandatory: true, Encoding: "Z64", Value: 14446844837009622882 }
[2m2026-09-14T12:21:41.059570Z[0m [31mERROR[0m codec_extension ThreadId(12) [2mzenoh_codec::common::extension[0m[2m:[0m Unknown Test ext: ZExtUnknown { Id: 1, Mandatory: true, Encoding: "Z64", Value: 18106331911132502013 }
[2m2026-09-14T12:21:41.059573Z[0m [31mERROR[0m codec_extension ThreadId(12) [2mzenoh_codec::common::extension[0m[2m:[0m Unknown Test ext: ZExtUnknown { Id: 1, Mandatory: true, Encoding: "Z64", Value: 13440038264090006302 }
[2m2026-09-14T12:21:41.059577Z[0m [31mERROR[0m codec_extension ThreadId(12) [2mzenoh_codec::common::extension[0m[2m:[0m Unknown Test ext: ZExtUnknown { Id: 1, Mandatory: true, Encoding: "Z64", Value: 2255962184498538691 }
[2m2026-09-14T12:21:41.059581Z[0m [31mERROR[0m codec_extension ThreadId(12) [2mzenoh_codec::common::extension[0m[2m:[0m Unknown Test ext: ZExtUnknown { Id: 1, Mandatory: true, Encoding: "Z64", Value: 11816176483292065171 }
[2m2026-09-14T12:21:41.059584Z[0m [31mERROR[0m codec_extension ThreadId(12) [2mzenoh_codec::common::extension[0m[2m:[0m Unknown Test ext: ZExtUnknown { Id: 1, Mandatory: true, Encoding: "Z64", Value: 13110449080662532567 }
[2m2026-09-14T12:21:41.059588Z[0m [31mERROR[0m codec_extension ThreadId(12) [2mzenoh_codec::common::extension[0m[2m:[0m Unknown Test ext: ZExtUnknown { Id: 1, Mandatory: true, Encoding: "Z64", Value: 17972038914872005697 }
[2m2026-09-14T12:21:41.059591Z[0m [31mERROR[0m codec_extension ThreadId(12) [2mzenoh_codec::common::extension[0m[2m:[0m Unknown Test ext: ZExtUnknown { Id: 1, Mandatory: true, Encoding: "Z64", Value: 10569027586398248173 }
[2m2026-09-14T12:21:41.059595Z[0m [31mERROR[0m codec_extension ThreadId(12) [2mzenoh_codec::common::extension[0m[2m:[0m Unknown Test ext: ZExtUnknown { Id: 1, Mandatory: true, Encoding: "Z64", Value: 6096939516234254019 }
[2m2026-09-14T12:21:41.059613Z[0m [31mERROR[0m codec_extension ThreadId(12) [2mzenoh_codec::common::extension[0m[2m:[0m Unknown Test ext: ZExtUnknown { Id: 1, Mandatory: true, Encoding: "Z64", Value: 10615269360195770465 }
[2m2026-09-14T12:21:41.059616Z[0m [31mERROR[0m codec_extension ThreadId(12) [2mzenoh_codec::common::extension[0m[2m:[0m Unknown Test ext: ZExtUnknown { Id: 1, Mandatory: true, Encoding: "Z64", Value: 18418954984307773197 }
[2m2026-09-14T12:21:41.059620Z[0m [31mERROR[0m codec_extension ThreadId(12) [2mzenoh_codec::common::extension[0m[2m:[0m Unknown Test ext: ZExtUnknown { Id: 1, Mandatory: true, Encoding: "Z64", Value: 13777215236350351758 }
[2m2026-09-14T12:21:41.059624Z[0m [31mERROR[0m codec_extension ThreadId(12) [2mzenoh_codec::common::extension[0m[2m:[0m Unknown Test ext: ZExtUnknown { Id: 1, Mandatory: true, Encoding: "Z64", Value: 3915849347666082562 }
[2m2026-09-14T12:21:41.059627Z[0m [31mERROR[0m codec_extension ThreadId(12) [2mzenoh_codec::common::extension[0m[2m:[0m Unknown Test ext: ZExtUnknown { Id: 1, Mandatory: true, Encoding: "Z64", Value: 3126772407872503655 }
[2m2026-09-14T12:21:41.059631Z[0m [31mERROR[0m codec_extension ThreadId(12) [2mzenoh_codec::common::extension[0m[2m:[0m Unknown Test ext: ZExtUnknown { Id: 1, Mandatory: true, Encoding: "Z64", Value: 17929941302701920669 }
[2m2026-09-14T12:21:41.059634Z[0m [31mERROR[0m codec_extension ThreadId(12) [2mzenoh_codec::common::extension[0m[2m:[0m Unknown Test ext: ZExtUnknown { Id: 1, Mandatory: true, Encoding: "Z64", Value: 15597817897032319025 }
[2m2026-09-14T12:21:41.059639Z[0m [31mERROR[0m codec_extension ThreadId(12) [2mzenoh_codec::common::extension[0m[2m:[0m Unknown Test ext: ZExtUnknown { Id: 1, Mandatory: true, Encoding: "Z64", Value: 3597475412798932336 }
[2m2026-09-14T12:21:41.059649Z[0m [31mERROR[0m codec_extension ThreadId(12) [2mzenoh_codec::common::extension[0m[2m:[0m Unknown Test ext: ZExtUnknown { Id: 1, Mandatory: true, Encoding: "Z64", Value: 2240128340127217614 }
[2m2026-09-14T12:21:41.059653Z[0m [31mERROR[0m codec_extension ThreadId(12) [2mzenoh_codec::common::extension[0m[2m:[0m Unknown Test ext: ZExtUnknown { Id: 1, Mandatory: true, Encoding: "Z64", Value: 11345929635621358003 }
[2m2026-09-14T12:21:41.059657Z[0m [31mERROR[0m codec_extension ThreadId(12) [2mzenoh_codec::common::extension[0m[2m:[0m Unknown Test ext: ZExtUnknown { Id: 1, Mandatory: true, Encoding: "Z64", Value: 17903744716319393841 }
[2m2026-09-14T12:21:41.059660Z[0m [31mERROR[0m codec_extension ThreadId(12) [2mzenoh_codec::common::extension[0m[2m:[0m Unknown Test ext: ZExtUnknown { Id: 1, Mandatory: true, Encoding: "Z64", Value: 10789678630994414981 }
[2m2026-09-14T12:21:41.059664Z[0m [31mERROR[0m codec_extension ThreadId(12) [2mzenoh_codec::common::extension[0m[2m:[0m Unknown Test ext: ZExtUnknown { Id: 1, Mandatory: true, Encoding: "Z64", Value: 1813540523505080299 }
[2m2026-09-14T12:21:41.059667Z[0m [31mERROR[0m codec_extension ThreadId(12) [2mzenoh_codec::common::extension[0m[2m:[0m Unknown Test ext: ZExtUnknown { Id: 1, Mandatory: true, Encoding: "Z64", Value: 1233476792183371876 }
[2m2026-09-14T12:21:41.059671Z[0m [31mERROR[0m codec_extension ThreadId(12) [2mzenoh_codec::common::extension[0m[2m:[0m Unknown Test ext: ZExtUnknown { Id: 1, Mandatory: true, Encoding: "Z64", Value: 14144969338380079600 }
[2m2026-09-14T12:21:41.059674Z[0m [31mERROR[0m codec_extension ThreadId(12) [2mzenoh_codec::common::extension[0m[2m:[0m Unknown Test ext: ZExtUnknown { Id: 1, Mandatory: true, Encoding: "Z64", Value: 10083788181788096753 }
[2m2026-09-14T12:21:41.059678Z[0m [31mERROR[0m codec_extension ThreadId(12) [2mzenoh_codec::common::extension[0m[2m:[0m Unknown Test ext: ZExtUnknown { Id: 1, Mandatory: true, Encoding: "Z64", Value: 15814019138136528866 }
[2m2026-09-14T12:21:41.059682Z[0m [31mERROR[0m codec_extension ThreadId(12) [2mzenoh_codec::common::extension[0m[2m:[0m Unknown Test ext: ZExtUnknown { Id: 1, Mandatory: true, Encoding: "Z64", Value: 11844482358907562718 }
[2m2026-09-14T12:21:41.059685Z[0m [31mERROR[0m codec_extension ThreadId(12) [2mzenoh_codec::common::extension[0m[2m:[0m Unknown Test ext: ZExtUnknown { Id: 1, Mandatory: true, Encoding: "Z64", Value: 12542192380999775627 }
[2m2026-09-14T12:21:41.059689Z[0m [31mERROR[0m codec_extension ThreadId(12) [2mzenoh_codec::common::extension[0m[2m:[0m Unknown Test ext: ZExtUnknown { Id: 1, Mandatory: true, Encoding: "Z64", Value: 16493975901188871294 }
[2m2026-09-14T12:21:41.059692Z[0m [31mERROR[0m codec_extension ThreadId(12) [2mzenoh_codec::common::extension[0m[2m:[0m Unknown Test ext: ZExtUnknown { Id: 1, Mandatory: true, Encoding: "Z64", Value: 11084978402126248697 }
[2m2026-09-14T12:21:41.059696Z[0m [31mERROR[0m codec_extension ThreadId(12) [2mzenoh_codec::common::extension[0m[2m:[0m Unknown Test ext: ZExtUnknown { Id: 1, Mandatory: true, Encoding: "Z64", Value: 1849432661710241869 }
[2m2026-09-14T12:21:41.059714Z[0m [31mERROR[0m codec_extension ThreadId(12) [2mzenoh_codec::common::extension[0m[2m:[0m Unknown Test ext: ZExtUnknown { Id: 1, Mandatory: true, Encoding: "Z64", Value: 89282626580181839 }
[2m2026-09-14T12:21:41.059718Z[0m [31mERROR[0m codec_extension ThreadId(12) [2mzenoh_codec::common::extension[0m[2m:[0m Unknown Test ext: ZExtUnknown { Id: 1, Mandatory: true, Encoding: "Z64", Value: 15401510889786894334 }
[2m2026-09-14T12:21:41.059721Z[0m [31mERROR[0m codec_extension ThreadId(12) [2mzenoh_codec::common::extension[0m[2m:[0m Unknown Test ext: ZExtUnknown { Id: 1, Mandatory: true, Encoding: "Z64", Value: 12153372023215198480 }
[2m2026-09-14T12:21:41.059726Z[0m [31mERROR[0m codec_extension ThreadId(12) [2mzenoh_codec::common::extension[0m[2m:[0m Unknown Test ext: ZExtUnknown { Id: 1, Mandatory: true, Encoding: "Z64", Value: 11331120021029067646 }
[2m2026-09-14T12:21:41.059729Z[0m [31mERROR[0m codec_extension ThreadId(12) [2mzenoh_codec::common::extension[0m[2m:[0m Unknown Test ext: ZExtUnknown { Id: 1, Mandatory: true, Encoding: "Z64", Value: 11202178604949772891 }
[2m2026-09-14T12:21:41.059733Z[0m [31mERROR[0m codec_extension ThreadId(12) [2mzenoh_codec::common::extension[0m[2m:[0m Unknown Test ext: ZExtUnknown { Id: 1, Mandatory: true, Encoding: "Z64", Value: 9455327666330230225 }
[2m2026-09-14T12:21:41.059736Z[0m [31mERROR[0m codec_extension ThreadId(12) [2mzenoh_codec::common::extension[0m[2m:[0m Unknown Test ext: ZExtUnknown { Id: 1, Mandatory: true, Encoding: "Z64", Value: 10251923243643353935 }
[2m2026-09-14T12:21:41.059740Z[0m [31mERROR[0m codec_extension ThreadId(12) [2mzenoh_codec::common::extension[0m[2m:[0m Unknown Test ext: ZExtUnknown { Id: 1, Mandatory: true, Encoding: "Z64", Value: 1213377871383558393 }
[2m2026-09-14T12:21:41.059744Z[0m [31mERROR[0m codec_extension ThreadId(12) [2mzenoh_codec::common::extension[0m[2m:[0m Unknown Test ext: ZExtUnknown { Id: 1, Mandatory: true, Encoding: "Z64", Value: 15787675542571509777 }
[2m2026-09-14T12:21:41.059747Z[0m [31mERROR[0m codec_extension ThreadId(12) [2mzenoh_codec::common::extension[0m[2m:[0m Unknown Test ext: ZExtUnknown { Id: 1, Mandatory: true, Encoding: "Z64", Value: 6405013526662219322 }
[2m2026-09-14T12:21:41.059751Z[0m [31mERROR[0m codec_extension ThreadId(12) [2mzenoh_codec::common::extension[0m[2m:[0m Unknown Test ext: ZExtUnknown { Id: 1, Mandatory: true, Encoding: "Z64", Value: 15976433471305353010 }
[2m2026-09-14T12:21:41.059754Z[0m [31mERROR[0m codec_extension ThreadId(12) [2mzenoh_codec::common::extension[0m[2m:[0m Unknown Test ext: ZExtUnknown { Id: 1, Mandatory: true, Encoding: "Z64", Value: 10128505498743196888 }
[2m2026-09-14T12:21:41.059758Z[0m [31mERROR[0m codec_extension ThreadId(12) [2mzenoh_codec::common::extension[0m[2m:[0m Unknown Test ext: ZExtUnknown { Id: 1, Mandatory: true, Encoding: "Z64", Value: 4252334287866048577 }
[2m2026-09-14T12:21:41.059761Z[0m [31mERROR[0m codec_extension ThreadId(12) [2mzenoh_codec::common::extension[0m[2m:[0m Unknown Test ext: ZExtUnknown { Id: 1, Mandatory: true, Encoding: "Z64", Value: 14627456434209821823 }
[2m2026-09-14T12:21:41.059765Z[0m [31mERROR[0m codec_extension ThreadId(12) [2mzenoh_codec::common::extension[0m[2m:[0m Unknown Test ext: ZExtUnknown { Id: 1, Mandatory: true, Encoding: "Z64", Value: 8724407552415721090 }
[2m2026-09-14T12:21:41.059768Z[0m [31mERROR[0m codec_extension ThreadId(12) [2mzenoh_codec::common::extension[0m[2m:[0m Unknown Test ext: ZExtUnknown { Id: 1, Mandatory: true, Encoding: "Z64", Value: 14756918432740817688 }
[2m2026-09-14T12:21:41.059772Z[0m [31mERROR[0m codec_extension ThreadId(12) [2mzenoh_codec::common::extension[0m[2m:[0m Unknown Test ext: ZExtUnknown { Id: 1, Mandatory: true, Encoding: "Z64", Value: 7920773088829977896 }
[2m2026-09-14T12:21:41.059775Z[0m [31mERROR[0m codec_extension ThreadId(12) [2mzenoh_codec::common::extension[0m[2m:[0m Unknown Test ext: ZExtUnknown { Id: 1, Mandatory: true, Encoding: "Z64", Value: 3730426485273511047 }
[2m2026-09-14T12:21:41.059779Z[0m [31mERROR[0m codec_extension ThreadId(12) [2mzenoh_codec::common::extension[0m[2m:[0m Unknown Test ext: ZExtUnknown { Id: 1, Mandatory: true, Encoding: "Z64", Value: 14055768981477904568 }
[2m2026-09-14T12:21:41.059782Z[0m [31mERROR[0m codec_extension ThreadId(12) [2mzenoh_codec::common::extension[0m[2m:[0m Unknown Test ext: ZExtUnknown { Id: 1, Mandatory: true, Encoding: "Z64", Value: 249236095798214934 }
[2m2026-09-14T12:21:41.059787Z[0m [31mERROR[0m codec_extension ThreadId(12) [2mzenoh_codec::common::extension[0m[2m:[0m Unknown Test ext: ZExtUnknown { Id: 1, Mandatory: true, Encoding: "Z64", Value: 13951854564209963261 }
[2m2026-09-14T12:21:41.059804Z[0m [31mERROR[0m codec_extension ThreadId(12) [2mzenoh_codec::common::extension[0m[2m:[0m Unknown Test ext: ZExtUnknown { Id: 1, Mandatory: true, Encoding: "Z64", Value: 12724321014634969814 }
[2m2026-09-14T12:21:41.059808Z[0m [31mERROR[0m codec_extension ThreadId(12) [2mzenoh_codec::common::extension[0m[2m:[0m Unknown Test ext: ZExtUnknown { Id: 1, Mandatory: true, Encoding: "Z64", Value: 13433982287740511292 }
[2m2026-09-14T12:21:41.059811Z[0m [31mERROR[0m codec_extension ThreadId(12) [2mzenoh_codec::common::extension[0m[2m:[0m Unknown Test ext: ZExtUnknown { Id: 1, Mandatory: true, Encoding: "Z64", Value: 12207530982916560030 }
[2m2026-09-14T12:21:41.059815Z[0m [31mERROR[0m codec_extension ThreadId(12) [2mzenoh_codec::common::extension[0m[2m:[0m Unknown Test ext: ZExtUnknown { Id: 1, Mandatory: true, Encoding: "Z64", Value: 2999978729544858131 }
[2m2026-09-14T12:21:41.059819Z[0m [31mERROR[0m codec_extension ThreadId(12) [2mzenoh_codec::common::extension[0m[2m:[0m Unknown Test ext: ZExtUnknown { Id: 1, Mandatory: true, Encoding: "Z64", Value: 9277162680571715733 }
[2m2026-09-14T12:21:41.059822Z[0m [31mERROR[0m codec_extension ThreadId(12) [2mzenoh_codec::common::extension[0m[2m:[0m Unknown Test ext: ZExtUnknown { Id: 1, Mandatory: true, Encoding: "Z64", Value: 2230723224291873995 }
[2m2026-09-14T12:21:41.059826Z[0m [31mERROR[0m codec_extension ThreadId(12) [2mzenoh_codec::common::extension[0m[2m:[0m Unknown Test ext: ZExtUnknown { Id: 1, Mandatory: true, Encoding: "Z64", Value: 7585567150682917067 }
[2m2026-09-14T12:21:41.059829Z[0m [31mERROR[0m codec_extension ThreadId(12) [2mzenoh_codec::common::extension[0m[2m:[0m Unknown Test ext: ZExtUnknown { Id: 1, Mandatory: true, Encoding: "Z64", Value: 9236823183121308295 }
[2m2026-09-14T12:21:41.059833Z[0m [31mERROR[0m codec_extension ThreadId(12) [2mzenoh_codec::common::extension[0m[2m:[0m Unknown Test ext: ZExtUnknown { Id: 1, Mandatory: true, Encoding: "Z64", Value: 5686328150902704413 }
[2m2026-09-14T12:21:41.059836Z[0m [31mERROR[0m codec_extension ThreadId(12) [2mzenoh_codec::common::extension[0m[2m:[0m Unknown Test ext: ZExtUnknown { Id: 1, Mandatory: true, Encoding: "Z64", Value: 7417221936592344038 }
[2m2026-09-14T12:21:41.059840Z[0m [31mERROR[0m codec_extension ThreadId(12) [2mzenoh_codec::common::extension[0m[2m:[0m Unknown Test ext: ZExtUnknown { Id: 1, Mandatory: true, Encoding: "Z64", Value: 192549865762860190 }
[2m2026-09-14T12:21:41.059844Z[0m [31mERROR[0m codec_extension ThreadId(12) [2mzenoh_codec::common::extension[0m[2m:[0m Unknown Test ext: ZExtUnknown { Id: 1, Mandatory: true, Encoding: "Z64", Value: 14142732605309981586 }
[2m2026-09-14T12:21:41.059847Z[0m [31mERROR[0m codec_extension ThreadId(12) [2mzenoh_codec::common::extension[0m[2m:[0m Unknown Test ext: ZExtUnknown { Id: 1, Mandatory: true, Encoding: "Z64", Value: 6665691422065078936 }
[2m2026-09-14T12:21:41.059851Z[0m [31mERROR[0m codec_extension ThreadId(12) [2mzenoh_codec::common::extension[0m[2m:[0m Unknown Test ext: ZExtUnknown { Id: 1, Mandatory: true, Encoding: "Z64", Value: 16348752053068581779 }
[2m2026-09-14T12:21:41.059854Z[0m [31mERROR[0m codec_extension ThreadId(12) [2mzenoh_codec::common::extension[0m[2m:[0m Unknown Test ext: ZExtUnknown { Id: 1, Mandatory: true, Encoding: "Z64", Value: 3992549827533403323 }
[2m2026-09-14T12:21:41.059858Z[0m [31mERROR[0m codec_extension ThreadId(12) [2mzenoh_codec::common::extension[0m[2m:[0m Unknown Test ext: ZExtUnknown { Id: 1, Mandatory: true, Encoding: "Z64", Value: 2199442612595446721 }
[2m2026-09-14T12:21:41.059861Z[0m [31mERROR[0m codec_extension ThreadId(12) [2mzenoh_codec::common::extension[0m[2m:[0m Unknown Test ext: ZExtUnknown { Id: 1, Mandatory: true, Encoding: "Z64", Value: 8341683420796671365 }
[2m2026-09-14T12:21:41.059866Z[0m [31mERROR[0m codec_extension ThreadId(12) [2mzenoh_codec::common::extension[0m[2m:[0m Unknown Test ext: ZExtUnknown { Id: 1, Mandatory: true, Encoding: "Z64", Value: 17562752383864166234 }
[2m2026-09-14T12:21:41.059869Z[0m [31mERROR[0m codec_extension ThreadId(12) [2mzenoh_codec::common::extension[0m[2m:[0m Unknown Test ext: ZExtUnknown { Id: 1, Mandatory: true, Encoding: "Z64", Value: 2697881858874996717 }
[2m2026-09-14T12:21:41.059873Z[0m [31mERROR[0m codec_extension ThreadId(12) [2mzenoh_codec::common::extension[0m[2m:[0m Unknown Test ext: ZExtUnknown { Id: 1, Mandatory: true, Encoding: "Z64", Value: 18402348272389019293 }
[2m2026-09-14T12:21:41.059876Z[0m [31mERROR[0m codec_extension ThreadId(12) [2mzenoh_codec::common::extension[0m[2m:[0m Unknown Test ext: ZExtUnknown { Id: 1, Mandatory: true, Encoding: "Z64", Value: 9189437635731672786 }
[2m2026-09-14T12:21:41.059894Z[0m [31mERROR[0m codec_extension ThreadId(12) [2mzenoh_codec::common::extension[0m[2m:[0m Unknown Test ext: ZExtUnknown { Id: 1, Mandatory: true, Encoding: "Z64", Value: 7639187478074991856 }
[2m2026-09-14T12:21:41.059898Z[0m [31mERROR[0m codec_extension ThreadId(12) [2mzenoh_codec::common::extension[0m[2m:[0m Unknown Test ext: ZExtUnknown { Id: 1, Mandatory: true, Encoding: "Z64", Value: 1280129009618927948 }
[2m2026-09-14T12:21:41.059901Z[0m [31mERROR[0m codec_extension ThreadId(12) [2mzenoh_codec::common::extension[0m[2m:[0m Unknown Test ext: ZExtUnknown { Id: 1, Mandatory: true, Encoding: "Z64", Value: 10516600943760576749 }
[2m2026-09-14T12:21:41.059905Z[0m [31mERROR[0m codec_extension ThreadId(12) [2mzenoh_codec::common::extension[0m[2m:[0m Unknown Test ext: ZExtUnknown { Id: 1, Mandatory: true, Encoding: "Z64", Value: 7843453407373769470 }
[2m2026-09-14T12:21:41.059908Z[0m [31mERROR[0m codec_extension ThreadId(12) [2mzenoh_codec::common::extension[0m[2m:[0m Unknown Test ext: ZExtUnknown { Id: 1, Mandatory: true, Encoding: "Z64", Value: 15180068232378159874 }
[2m2026-09-14T12:21:41.059912Z[0m [31mERROR[0m codec_extension ThreadId(12) [2mzenoh_codec::common::extension[0m[2m:[0m Unknown Test ext: ZExtUnknown { Id: 1, Mandatory: true, Encoding: "Z64", Value: 11226020317753982329 }
[2m2026-09-14T12:21:41.059915Z[0m [31mERROR[0m codec_extension ThreadId(12) [2mzenoh_codec::common::extension[0m[2m:[0m Unknown Test ext: ZExtUnknown { Id: 1, Mandatory: true, Encoding: "Z64", Value: 6857204378216520485 }
[2m2026-09-14T12:21:41.059919Z[0m [31mERROR[0m codec_extension ThreadId(12) [2mzenoh_codec::common::extension[0m[2m:[0m Unknown Test ext: ZExtUnknown { Id: 1, Mandatory: true, Encoding: "Z64", Value: 2523409239852928474 }
[2m2026-09-14T12:21:41.059923Z[0m [31mERROR[0m codec_extension ThreadId(12) [2mzenoh_codec::common::extension[0m[2m:[0m Unknown Test ext: ZExtUnknown { Id: 1, Mandatory: true, Encoding: "Z64", Value: 2467241547890829112 }
[2m2026-09-14T12:21:41.059926Z[0m [31mERROR[0m codec_extension ThreadId(12) [2mzenoh_codec::common::extension[0m[2m:[0m Unknown Test ext: ZExtUnknown { Id: 1, Mandatory: true, Encoding: "Z64", Value: 17555672636459896335 }
[2m2026-09-14T12:21:41.060362Z[0m [31mERROR[0m codec_extension ThreadId(12) [2mzenoh_codec::common::extension[0m[2m:[0m Unknown Test ext: ZExtUnknown { Id: 2, Mandatory: true, Encoding: "ZBuf", Value: ZBuf { slices: [[fb, ce, 79, 59, 70, f6, 14, 82, 58, cf, 31, b5, b3, d3, 97, 76, 57, a4, 4e, 09, 07, ac, c9, 10, 4f, 61, c8, d6, dc, 27, 87, 57, 8f, 1b, 5e, c4, 84, 35, 17, 1c, 8d, 6f, cb, 44, 6a, 27, 1b, cf, 74, f7, cb, 38, 55, 4f, 53, bf, 36, f9, a7, 3f, a4, 69]] } }
[2m2026-09-14T12:21:41.060386Z[0m [31mERROR[0m codec_extension ThreadId(12) [2mzenoh_codec::common::extension[0m[2m:[0m Unknown Test ext: ZExtUnknown { Id: 2, Mandatory: true, Encoding: "ZBuf", Value: ZBuf { slices: [[53, ea, 14, a5, bf, 41, 2b, 6e, 6a, 8c, a2, 84, 31, a4, 0d, 5e, 9a, 40, 75, c1, 06, e7, cc, 76, a7, 36, 8c, 93, a2]] } }
[2m2026-09-14T12:21:41.060394Z[0m [31mERROR[0m codec_extension ThreadId(12) [2mzenoh_codec::common::extension[0m[2m:[0m Unknown Test ext: ZExtUnknown { Id: 2, Mandatory: true, Encoding: "ZBuf", Value: ZBuf { slices: [[36, ae, 2a, ec, a2, 2f, 54, b9, c9, a5, 4f, 75, 4f, a1, a3, f9, be, 96, 3c, 23, 22, dd, 6f, bd, aa, d8, af, dd, 50, 64, b2, e9, 3c, cc, 3f, 04, af, 70, 99, 44, 41, 6f, a2, 16, 2a, 2f, 6a, 65, 2a, 74, 1f, a9, f0, 5a, af, db]] } }
[2m2026-09-14T12:21:41.060414Z[0m [31mERROR[0m codec_extension ThreadId(12) [2mzenoh_codec::common::extension[0m[2m:[0m Unknown Test ext: ZExtUnknown { Id: 2, Mandatory: true, Encoding: "ZBuf", Value: ZBuf { slices: [[3b, 3c, 18, 5a, 19, 7d, d7, 5a, 10, c0, c6, 7b, 9c, c8, fe, 09, a7, 0d, 58, 3f, e2, 70, 6c, b2, 7f, 7c, 26, 6c, c6]] } }
[2m2026-09-14T12:21:41.060434Z[0m [31mERROR[0m codec_extension ThreadId(12) [2mzenoh_codec::common::extension[0m[2m:[0m Unknown Test ext: ZExtUnknown { Id: 2, Mandatory: true, Encoding: "ZBuf", Value: ZBuf { slices: [[9b, 6f, 7b, 85, e0, 14, 81, aa, 6d, 8f, 6a, 7e, d7, 3d, c2, 47, 39, 68, 61, 03, b9, 5e, 7e, e2, f1, 01, 0a, 8b, 52, 7e, 43, 3d, 4f, 1f, 99, 90, f5, 6e, e0, d2, 17, 23, 28, 55, 33, c7, 8f, 55, 86, fe, 95, 16, 7f]] } }
[2m2026-09-14T12:21:41.060455Z[0m [31mERROR[0m codec_extension ThreadId(12) [2mzenoh_codec::common::extension[0m[2m:[0m Unknown Test ext: ZExtUnknown { Id: 2, Mandatory: true, Encoding: "ZBuf", Value: ZBuf { slices: [[2f, e5, 9a, 4f, ea, 4e, fa, 1b, d9, bd, d1, 5e, 74, ed, a1, eb, ac, 50, 05, 92, bc, ca, f0, b7, 3d, 1a, 73, 84, ae, 2d, 17, 50, c1, 21, fb, b9, 56, 26, b2, ef, 85, b8, 7e, 11, 2b, 8c, 18, 7c, ea, bd, db, 4e, 0b, 86]] } }
[2m2026-09-14T12:21:41.060476Z[0m [31mERROR[0m codec_extension ThreadId(12) [2mzenoh_codec::common::extension[0m[2m:[0m Unknown Test ext: ZExtUnknown { Id: 2, Mandatory: true, Encoding: "ZBuf", Value: ZBuf { slices: [[ab, f2, f3, f4, 7e, 2c, bb, b1, f0, f3, 94, 34, b6, 24, a5, 66, 26, 63, 4e, a8, ce, 99, 3d, ec, a1, 5b, a3, 26, f3, a8, d0, e6, ff, 29, 91, 74, 2e, 83, ce, b3, 38, 50, 43, a4, f8, 8e, d4, 24, b4, b0, 72, ed, 55]] } }
[2m2026-09-14T12:21:41.060482Z[0m [31mERROR[0m codec_extension ThreadId(12) [2mzenoh_codec::common::extension[0m[2m:[0m Unknown Test ext: ZExtUnknown { Id: 2, Mandatory: true, Encoding: "ZBuf", Value: ZBuf { slices: [[30, a2, 00, 6d, 91, d8, 18, b1, 16, 14, 43, 9e, 62, eb, f5, 01, 37]] } }
[2m2026-09-14T12:21:41.060488Z[0m [31mERROR[0m codec_extension ThreadId(12) [2mzenoh_codec::common::extension[0m[2m:[0m Unknown Test ext: ZExtUnknown { Id: 2, Mandatory: true, Encoding: "ZBuf", Value: ZBuf { slices: [[1e, f3, 12, da, 77, 30, 7b, 8a, 19, 78, f4, b6, 7c, 5b, fa, ec, f0, 82, 20, 9a, ae, bc, d6, 1d, 6c]] } }
[2m2026-09-14T12:21:41.060507Z[0m [31mERROR[0m codec_extension ThreadId(12) [2mzenoh_codec::common::extension[0m[2m:[0m Unknown Test ext: ZExtUnknown { Id: 2, Mandatory: true, Encoding: "ZBuf", Value: ZBuf { slices: [[79, e6, ee, a7, 4c, fe, 7e, 08, 7b, 1c, dd, db, fc, c3, 69, 5a, fa, bf, 7f, df, 6f, 50, 6f, 72]] } }
[2m2026-09-14T12:21:41.060512Z[0m [31mERROR[0m codec_extension ThreadId(12) [2mzenoh_codec::common::extension[0m[2m:[0m Unknown Test ext: ZExtUnknown { Id: 2, Mandatory: true, Encoding: "ZBuf", Value: ZBuf { slices: [[7e, ab, 47, 27, dc, a7, 45, d7, 79, bf, b1, 8f, 59, d3, 86, db, 41, f2, ce, 0d, bd, 95, 5e, 4b, e1, 42, 56, 17, 5b, 01, 5b, de]] } }
[2m2026-09-14T12:21:41.060532Z[0m [31mERROR[0m codec_extension ThreadId(12) [2mzenoh_codec::common::extension[0m[2m:[0m Unknown Test ext: ZExtUnknown { Id: 2, Mandatory: true, Encoding: "ZBuf", Value: ZBuf { slices: [[58, ba, c8, c3, ed, f5, 47, b5, 63, de, 41, 4f, 75, 14, ef]] } }
[2m2026-09-14T12:21:41.060537Z[0m [31mERROR[0m codec_extension ThreadId(12) [2mzenoh_codec::common::extension[0m[2m:[0m Unknown Test ext: ZExtUnknown { Id: 2, Mandatory: true, Encoding: "ZBuf", Value: ZBuf { slices: [[7f, 1c, d2, 3f, 62, b3, d5, 97, 38, d4, f2, e1, d8, cc, 92, 40]] } }
[2m2026-09-14T12:21:41.060556Z[0m [31mERROR[0m codec_extension ThreadId(12) [2mzenoh_codec::common::extension[0m[2m:[0m Unknown Test ext: ZExtUnknown { Id: 2, Mandatory: true, Encoding: "ZBuf", Value: ZBuf { slices: [[80, 57, 94, 61, b9, 5b, c9, 21, c4, 37, f4, 7c, 54, e0, 4b, 26, e3, d7, 29, 8f, c1, 4f, 3d, 8a, 80, e4, 92, d8, f5, c7, a4, 68, 97, ec, 12, 80, e5, d3, a0, 20, 34, e4, d1, d8, cc, f1, fd, a8, bf, 58, 0d, c3, cb, bd, 56, a1]] } }
[2m2026-09-14T12:21:41.060564Z[0m [31mERROR[0m codec_extension ThreadId(12) [2mzenoh_codec::common::extension[0m[2m:[0m Unknown Test ext: ZExtUnknown { Id: 2, Mandatory: true, Encoding: "ZBuf", Value: ZBuf { slices: [[cd, 13, d6, b7, d0, 39, 52, cb, 0a, 2c]] } }
[2m2026-09-14T12:21:41.060568Z[0m [31mERROR[0m codec_extension ThreadId(12) [2mzenoh_codec::common::extension[0m[2m:[0m Unknown Test ext: ZExtUnknown { Id: 2, Mandatory: true, Encoding: "ZBuf", Value: ZBuf { slices: [[b0, 8b, 72, d1, da, 89, 76, 4f, be, f0, e4, 84, 38, aa, 41, da, de, d1, e0, 14, 9c, b7]] } }
[2m2026-09-14T12:21:41.060587Z[0m [31mERROR[0m codec_extension ThreadId(12) [2mzenoh_codec::common::extension[0m[2m:[0m Unknown Test ext: ZExtUnknown { Id: 2, Mandatory: true, Encoding: "ZBuf", Value: ZBuf { slices: [[dc, e4, e9, 8c, 79, 16, c6, 92, 51, f8, a4, e5, ea, 83, 47, b4, 82, 25, 52, e7, 51, 10, fd, e9, c7, b0, 15, a2, ba, c6, 7b, b9, 7e, cd, 15, 0b, 4c, 29, 86, 72, c5, cf, 78, d0, 10, 41, a5, 6d, 56, 5a]] } }
[2m2026-09-14T12:21:41.060608Z[0m [31mERROR[0m codec_extension ThreadId(12) [2mzenoh_codec::common::extension[0m[2m:[0m Unknown Test ext: ZExtUnknown { Id: 2, Mandatory: true, Encoding: "ZBuf", Value: ZBuf { slices: [[bb, 94, 20, f6, 8c, a3, 67, 1c, 28, f7, 08, 7f, c0, 2a, 3a, e7, 7f, 91, 2d, 9f, 38, 96, a0, 3e, e7, 92, 0e, 65, ac, 9e, 31, 99, 01, 5b, a6, 96, d7, db, 32, 46, 3a, b4, fb, f1, 4e, 9e, f1, b3, fb, da, 94, 55, b7, b9, 68, 07, 27]] } }
[2m2026-09-14T12:21:41.060650Z[0m [31mERROR[0m codec_extension ThreadId(12) [2mzenoh_codec::common::extension[0m[2m:[0m Unknown Test ext: ZExtUnknown { Id: 2, Mandatory: true, Encoding: "ZBuf", Value: ZBuf { slices: [[92, b2, 88, 72, 2b, 2e, 78, 1f, 6e, 0b, 28, f8, 6c, c2, 6d, 11, 14, d2]] } }
[2m2026-09-14T12:21:41.060670Z[0m [31mERROR[0m codec_extension ThreadId(12) [2mzenoh_codec::common::extension[0m[2m:[0m Unknown Test ext: ZExtUnknown { Id: 2, Mandatory: true, Encoding: "ZBuf", Value: ZBuf { slices: [[ad, e7, c4, d0, 6a, 2f, 48, 7a, 82, 91, 5f, 81, e8, 27, 77, 75, bc, 88, 89, 97, ee, b3, 3a, 54, 99, 70, cf, 0c, 12, 53, ce, 2a, 6f, 1e, ba, a7, 1b, 38, 68, 9d, 7d, 8b, f2, c9, b5, 5a, 00, f9, b8, 06, 94, 33, 35, 5d, b1, b1, 56, c5, 3f]] } }
[2m2026-09-14T12:21:41.060677Z[0m [31mERROR[0m codec_extension ThreadId(12) [2mzenoh_codec::common::extension[0m[2m:[0m Unknown Test ext: ZExtUnknown { Id: 2, Mandatory: true, Encoding: "ZBuf", Value: ZBuf { slices: [[e6, a3, f8, 07, 19, ee, ae, 78, 44, 10, 6a, 78, ab, 5d, 9c, 8c, 13, 63, 37, cc, e4, 9d, 40, c0, e0, f3, 74, 38, af, 1c, 51]] } }
[2m2026-09-14T12:21:41.060697Z[0m [31mERROR[0m codec_extension ThreadId(12) [2mzenoh_codec::common::extension[0m[2m:[0m Unknown Test ext: ZExtUnknown { Id: 2, Mandatory: true, Encoding: "ZBuf", Value: ZBuf { slices: [[a0, 1a, 0a, 3b, 10, 74, 69, f5, d9, f2, e7, 59, 7d, 82, b6, 06, e4, df, f8, e1, e0, da, 11, 37, ed, c6, 7a, 03, e6, 5d, 88, 0e, 7b, 51, 0f, da, 6c, 38, e3, 70, 3f, 09, 45, 99, 5c, 14, 4e, da, 98, f6]] } }
[2m2026-09-14T12:21:41.060704Z[0m [31mERROR[0m codec_extension ThreadId(12) [2mzenoh_codec::common::extension[0m[2m:[0m Unknown Test ext: ZExtUnknown { Id: 2, Mandatory: true, Encoding: "ZBuf", Value: ZBuf { slices: [[11, df, 37, f2, 57, 20, 2d, 60, 91, 62, 78, ee, 5c, dd, 80, 96, 66, af, 4d, a4, 1a, df, ef, b6, e0, fc, 3b, 35, 68, 35, 88, b9, 78, cf, fa, 9b]] } }
[2m2026-09-14T12:21:41.060724Z[0m [31mERROR[0m codec_extension ThreadId(12) [2mzenoh_codec::common::extension[0m[2m:[0m Unknown Test ext: ZExtUnknown { Id: 2, Mandatory: true, Encoding: "ZBuf", Value: ZBuf { slices: [[53, 58, b8, 5e, ce, 38, df, 30, 1f, 2b, c5, 50, 88, 65, ec]] } }
[2m2026-09-14T12:21:41.060745Z[0m [31mERROR[0m codec_extension ThreadId(12) [2mzenoh_codec::common::extension[0m[2m:[0m Unknown Test ext: ZExtUnknown { Id: 2, Mandatory: true, Encoding: "ZBuf", Value: ZBuf { slices: [[4a, 11, 78, d8, 8d, b1, e8, aa, d1, 4e, af, 44, 71, eb, dc, d8, 07, 1f, 8b, c9, 2b, ae, 7b, 7e, e2, 7f, 76, 26, 7d, 9d, 69, a4, 41, 08, 1b, 83, 08, 51, 3b, a1, bf, 69, bd, 4a, 0f, 94, 9b, 62, f7, cd, 11, fb, fc, 17, fa, 1e, b5, 20, a5, 65, c7, 2c, 56]] } }
[2m2026-09-14T12:21:41.060753Z[0m [31mERROR[0m codec_extension ThreadId(12) [2mzenoh_codec::common::extension[0m[2m:[0m Unknown Test ext: ZExtUnknown { Id: 2, Mandatory: true, Encoding: "ZBuf", Value: ZBuf { slices: [[3d, dc, 86, 52, 03, 52, 0c, ac, ba, 8b, 7a, 16, dd, aa, cc, 2e, a7, fd, 62, 2e, ed, 31, cb, b6, 79, 8e, 27, 40, 23, c6, c3, ed, 5c, 20, b4, fb, 65]] } }
[2m2026-09-14T12:21:41.060773Z[0m [31mERROR[0m codec_extension ThreadId(12) [2mzenoh_codec::common::extension[0m[2m:[0m Unknown Test ext: ZExtUnknown { Id: 2, Mandatory: true, Encoding: "ZBuf", Value: ZBuf { slices: [[b2, e4, 24, 63, e5, 6b, 93, 0d, 58, 76, f6, f2, 55, 3c, f4]] } }
[2m2026-09-14T12:21:41.060778Z[0m [31mERROR[0m codec_extension ThreadId(12) [2mzenoh_codec::common::extension[0m[2m:[0m Unknown Test ext: ZExtUnknown { Id: 2, Mandatory: true, Encoding: "ZBuf", Value: ZBuf { slices: [[ab, d2, 10, 41, 3f, 2a, e8, c8, 8c, 8e, 97, e7, c7, f6, fe, 54, a4]] } }
[2m2026-09-14T12:21:41.060797Z[0m [31mERROR[0m codec_extension ThreadId(12) [2mzenoh_codec::common::extension[0m[2m:[0m Unknown Test ext: ZExtUnknown { Id: 2, Mandatory: true, Encoding: "ZBuf", Value: ZBuf { slices: [[98, 53, eb, db, ef, 04, 65, 9b, f7, 34, 4a, 2d, 28, 55, 20, 64, 4f, 3c, 71, 0e, b4, 76, 77, f7, 20, c7, 65, ce, fc, 5c, b8, d4, 19, 88, f2, 83, 22, 15, 2a, d4, 2d, 90, 3d, f8, 0a, 01, 55, 45, 7b, e0, 41]] } }
[2m2026-09-14T12:21:41.060803Z[0m [31mERROR[0m codec_extension ThreadId(12) [2mzenoh_codec::common::extension[0m[2m:[0m Unknown Test ext: ZExtUnknown { Id: 2, Mandatory: true, Encoding: "ZBuf", Value: ZBuf { slices: [[d7, 3e, 4d, 2c, a5, ef, 3e, 2d, f4]] } }
[2m2026-09-14T12:21:41.060808Z[0m [31mERROR[0m codec_extension ThreadId(12) [2mzenoh_codec::common::extension[0m[2m:[0m Unknown Test ext: ZExtUnknown { Id: 2, Mandatory: true, Encoding: "ZBuf", Value: ZBuf { slices: [[45, a8, 32, 21, 55, 00, c9, 59, 34, 77, 4c, 6f, ef, 74, ba, 91, 7d, 80, 56, 3e, 48, 2f, be]] } }
[2m2026-09-14T12:21:41.060828Z[0m [31mERROR[0m codec_extension ThreadId(12) [2mzenoh_codec::common::extension[0m[2m:[0m Unknown Test ext: ZExtUnknown { Id: 2, Mandatory: true, Encoding: "ZBuf", Value: ZBuf { slices: [[a6, 82, a6, d0, 88, b9, 9e, ad, b4, eb, 94, ae, bf, 82, 3f, 83, e1, f1, 99, 23, fc, 36, 9a, 75, 80, 0b, d0, 7b, 99, 37, 8b, 61, b7]] } }
[2m2026-09-14T12:21:41.060833Z[0m [31mERROR[0m codec_extension ThreadId(12) [2mzenoh_codec::common::extension[0m[2m:[0m Unknown Test ext: ZExtUnknown { Id: 2, Mandatory: true, Encoding: "ZBuf", Value: ZBuf { slices: [[81, 50, 6f, db, 6c, b4, ae, bd, 30, a9, aa, 6a, 88, a6]] } }
[2m2026-09-14T12:21:41.060852Z[0m [31mERROR[0m codec_extension ThreadId(12) [2mzenoh_codec::common::extension[0m[2m:[0m Unknown Test ext: ZExtUnknown { Id: 2, Mandatory: true, Encoding: "ZBuf", Value: ZBuf { slices: [[c8, c0, 45, 73, 23, 2e, 67, c3, 70, 13, 88, 55, 62, 11, f7, 05]] } }
[2m2026-09-14T12:21:41.060857Z[0m [31mERROR[0m codec_extension ThreadId(12) [2mzenoh_codec::common::extension[0m[2m:[0m Unknown Test ext: ZExtUnknown { Id: 2, Mandatory: true, Encoding: "ZBuf", Value: ZBuf { slices: [[bf, 2c, da, e2, 7c, 1d, c8, 9f, 72, ee, ff, d9, 89, 1e, 13, 0f, f7, b8, 23, 8d, c4, 89, 84, 39, 0d]] } }
[2m2026-09-14T12:21:41.060876Z[0m [31mERROR[0m codec_extension ThreadId(12) [2mzenoh_codec::common::extension[0m[2m:[0m Unknown Test ext: ZExtUnknown { Id: 2, Mandatory: true, Encoding: "ZBuf", Value: ZBuf { slices: [[13, d3, 3f, 76, d7, 92, 3d, 3a, d0, 6a, 14, 54, be, 6f, 79, 39, e3, 07, ad, 7d, e1, cc, f2, cb, 92, 8c, 35, cc, ef, ef, 10, 5e, 0e, 2b, 53, b5, af, ab, 62, 87, 09, e1, 40, 59, 54, c6]] } }
[2m2026-09-14T12:21:41.060897Z[0m [31mERROR[0m codec_extension ThreadId(12) [2mzenoh_codec::common::extension[0m[2m:[0m Unknown Test ext: ZExtUnknown { Id: 2, Mandatory: true, Encoding: "ZBuf", Value: ZBuf { slices: [[66, 26, cb, a2, 7c, 69, ea, 46, a3, a6, 08, 5e, 64, b8, 08, 48, 0b, 7b, ac, d0, 6b, e2, e4, 62, 1b, 68, a2, 02, 17, 3b, d4, 0a, 40, 9a, 5d, c7, a5, ae, 78, 71, ee, 40, cd, e2, bd, 2b, 18, d9, ba, 73, af, 53, c9, ce, 24, 89, 1c, 67, 19, ff, bb]] } }
[2m2026-09-14T12:21:41.060905Z[0m [31mERROR[0m codec_extension ThreadId(12) [2mzenoh_codec::common::extension[0m[2m:[0m Unknown Test ext: ZExtUnknown { Id: 2, Mandatory: true, Encoding: "ZBuf", Value: ZBuf { slices: [[e7, 7e, 58, c6, 11, eb, 10, 03, 46, 7c, 0a, 5a, 42, 46, bd, f2, d2, e6, 01, ef, 44]] } }
[2m2026-09-14T12:21:41.060924Z[0m [31mERROR[0m codec_extension ThreadId(12) [2mzenoh_codec::common::extension[0m[2m:[0m Unknown Test ext: ZExtUnknown { Id: 2, Mandatory: true, Encoding: "ZBuf", Value: ZBuf { slices: [[ee, a3, f7, 1e, d0, 26, 35, 55, ba, 96, 77, f3, f0, b8, b8, ae, 41, cd, 34, d3, 78, b8, 81, 56, 31, 18, a3, bd, 73, b2, 9a, 18, d8, e7, cb, 69, 11, 77, 15, ff, b2, 11, 68, ed, ce, 02, 50, 57, 26, 2e, 54, 47, e6, f6, 13, 25, ad, 6c, 9b, be, ad, c0, 15]] } }
[2m2026-09-14T12:21:41.060945Z[0m [31mERROR[0m codec_extension ThreadId(12) [2mzenoh_codec::common::extension[0m[2m:[0m Unknown Test ext: ZExtUnknown { Id: 2, Mandatory: true, Encoding: "ZBuf", Value: ZBuf { slices: [[88, b5, 3b, 03, 1f, b2, 3c, 15, c1, 5d, 5c, b8, 5f, 27, c2, 10, bd, b3, b3, d5, e6, d1, 30, b4, c6]] } }
[2m2026-09-14T12:21:41.060951Z[0m [31mERROR[0m codec_extension ThreadId(12) [2mzenoh_codec::common::extension[0m[2m:[0m Unknown Test ext: ZExtUnknown { Id: 2, Mandatory: true, Encoding: "ZBuf", Value: ZBuf { slices: [[2c, cd, a5, 91, 9f, db, ff, 87, ee, 91, 1d, eb, 52, 21, 2b, 1d, a1, c4, 5b, a6, 20, d8, a1, c3, 6e, 9c, d3, 90, 8f, e8, f0, 41, 71, b7, fe, 08, bf, 4d, 87, c9, 91, 55, 91, 2d, ae, cc, f5, 6b, af]] } }
[2m2026-09-14T12:21:41.060972Z[0m [31mERROR[0m codec_extension ThreadId(12) [2mzenoh_codec::common::extension[0m[2m:[0m Unknown Test ext: ZExtUnknown { Id: 2, Mandatory: true, Encoding: "ZBuf", Value: ZBuf { slices: [[b3, e3, 70, c4, 25, 6b, 9b, a6, 40, f6, df, cc, f9, ff, de, 1c, fd, 6b, 97, 33, c3, 06, d3, 05, 8b, 10, 3e, a1, db, 0d, 1b, 06, cc, 0f, e4, d2, 44, ac, 63, bf, 25, 6b, ff, aa, 16, 2b, 1c, af, 84, 37, 6e, ef, 8f, c5, 03]] } }
[2m2026-09-14T12:21:41.060993Z[0m [31mERROR[0m codec_extension ThreadId(12) [2mzenoh_codec::common::extension[0m[2m:[0m Unknown Test ext: ZExtUnknown { Id: 2, Mandatory: true, Encoding: "ZBuf", Value: ZBuf { slices: [[00, 3e, 39, 7b, f5, 9b, 9e, d9, fe, 2c, 13, 7a, ac, 4d, de, c4, 10, ad, b8, 69, 7d, 0a, 27, 5e, 4b, 57, 0b, 34, 5e, d6, 3e, 00, c8, f2, 9f, 98, 0a, 16, 12, 39, d0, 3d, 71, b9, 7e, da, 2f, 16, f8, 48, d2, 4a, 13, c0, 88, 8e, b8]] } }
[2m2026-09-14T12:21:41.061014Z[0m [31mERROR[0m codec_extension ThreadId(12) [2mzenoh_codec::common::extension[0m[2m:[0m Unknown Test ext: ZExtUnknown { Id: 2, Mandatory: true, Encoding: "ZBuf", Value: ZBuf { slices: [[3d, 47, 09, 2a, cf, 2a, 2f, 79, 42, 9d, 53, 40, 63, f4, 91, 8a, 73, 94, 3d, 84, 1f, a8, 4f, 4e, 49, 3c, 04, 58, 31, fd, 7b, 81, 6b, 7f, 1c, 08, e0, 2b, 38, 61, 46, 43, 95, d8, 04, 5b, 6e, b3, 36, d8, 91, ac, f4, d8, f2]] } }
[2m2026-09-14T12:21:41.061034Z[0m [31mERROR[0m codec_extension ThreadId(12) [2mzenoh_codec::common::extension[0m[2m:[0m Unknown Test ext: ZExtUnknown { Id: 2, Mandatory: true, Encoding: "ZBuf", Value: ZBuf { slices: [[95, 63, dc, b1, 35, 37, 22, 81, bd, 8a, 06, 14, e1, 03, 46, d6, 7a, 20, 72, dc, 8a, 60, 43, 62, 45, c9, 25, 0d, d3, 76, 88, 3c, da, c5, 34, a8, 06, 34, bf, 3d]] } }
[2m2026-09-14T12:21:41.061054Z[0m [31mERROR[0m codec_extension ThreadId(12) [2mzenoh_codec::common::extension[0m[2m:[0m Unknown Test ext: ZExtUnknown { Id: 2, Mandatory: true, Encoding: "ZBuf", Value: ZBuf { slices: [[65, b1, 47, 1a, 85, dd, 6e, c6, 3b, 38, c7, 76, 53, d4, f2, e4, ab, 56, 69, c0, 48, 7a, 02, d5, 55, e8, 84, fe, 33, 99, df, 78, 46, b2, ab, 28, 28, c1, e1, 8c, 9d, ff, 97, 6f, 21, 30, 7a, 34, e1, c7, 6b]] } }
[2m2026-09-14T12:21:41.061062Z[0m [31mERROR[0m codec_extension ThreadId(12) [2mzenoh_codec::common::extension[0m[2m:[0m Unknown Test ext: ZExtUnknown { Id: 2, Mandatory: true, Encoding: "ZBuf", Value: ZBuf { slices: [[c3, 93, e6, 88, 1f, a9, 95, 83, 1e, 63, 8a, 22, 34, 68, ac, 93]] } }
[2m2026-09-14T12:21:41.061081Z[0m [31mERROR[0m codec_extension ThreadId(12) [2mzenoh_codec::common::extension[0m[2m:[0m Unknown Test ext: ZExtUnknown { Id: 2, Mandatory: true, Encoding: "ZBuf", Value: ZBuf { slices: [[f9, 14, 49, c3, 23, 6e, 66, 29, 1c, 7c, c2, e7, 89, d9, 89, f7, 90, 5f, af, 18, f1, e5, 9c, c5, f3, f7, 2a, 7a, 98, c2, 66, 73, bf, 56, bd, b5, f3, fb, 3c, bc, 9d, 09, 2b, a0, ac, 22, 09, 55, 17, cf, 3b, 8c, 91, 00, 48, 42, cf, 91, 79, a6, a9, 81, 39]] } }
[2m2026-09-14T12:21:41.061088Z[0m [31mERROR[0m codec_extension ThreadId(12) [2mzenoh_codec::common::extension[0m[2m:[0m Unknown Test ext: ZExtUnknown { Id: 2, Mandatory: true, Encoding: "ZBuf", Value: ZBuf { slices: [[c4, e0, cc, 76, 3f, de, d0, 8c, 2d, 74, b9, 0b, a4, 1e, b3]] } }
[2m2026-09-14T12:21:41.061107Z[0m [31mERROR[0m codec_extension ThreadId(12) [2mzenoh_codec::common::extension[0m[2m:[0m Unknown Test ext: ZExtUnknown { Id: 2, Mandatory: true, Encoding: "ZBuf", Value: ZBuf { slices: [[67, b1, 0e, 60, 9c, 3c, 4b, c3, 34, 99, b2, 4b, ea, 1c, c1, 3f, e7, 19, 43, fe, a5, d0]] } }
[2m2026-09-14T12:21:41.061126Z[0m [31mERROR[0m codec_extension ThreadId(12) [2mzenoh_codec::common::extension[0m[2m:[0m Unknown Test ext: ZExtUnknown { Id: 2, Mandatory: true, Encoding: "ZBuf", Value: ZBuf { slices: [[33, b5, 3b, 0a, 11, 8d, 4f, 0b, 06, e3, b7, b1, 48, e1, 93, 61, 62, 1f, e2, 9a, 10, e3, 67, e7, 69, 86, e1, 76, 64, 49, a7, 67, a9, 04, 96, 65, a5, 07, 22, 97, b6, 27, ba, 5b, 19, d1, 5f, 87, 76, 66, a2, 21, fd, de, 00, 3e, 30]] } }
[2m2026-09-14T12:21:41.061147Z[0m [31mERROR[0m codec_extension ThreadId(12) [2mzenoh_codec::common::extension[0m[2m:[0m Unknown Test ext: ZExtUnknown { Id: 2, Mandatory: true, Encoding: "ZBuf", Value: ZBuf { slices: [[6f, 8b, 08, 14, e1, 8e, 4f, 62, e5, 38, 16, 21, 0a, a3, cd, 7e, db, a4, d4, fd, 26, a4, 96, c9, 75, 98, e2, 14, 46, e0, 0f, 45, 78, 91, a4, c6, 9c, c5, 0a, 50, db, f4, a6, c9, a7, 0c, 64, 3f, dd, 38, 4f, b3, 35, 71, 57]] } }
[2m2026-09-14T12:21:41.061154Z[0m [31mERROR[0m codec_extension ThreadId(12) [2mzenoh_codec::common::extension[0m[2m:[0m Unknown Test ext: ZExtUnknown { Id: 2, Mandatory: true, Encoding: "ZBuf", Value: ZBuf { slices: [[9c, 9d, 68, 97, 41, 7b, b5, c1, 23, 67, 34, 98, ce, c3, 1a, a5, bc, c3, 61, ab, 0a, c2, 71, 75, d1, 42, 40, 5a, e5, 7c, 97]] } }
[2m2026-09-14T12:21:41.061173Z[0m [31mERROR[0m codec_extension ThreadId(12) [2mzenoh_codec::common::extension[0m[2m:[0m Unknown Test ext: ZExtUnknown { Id: 2, Mandatory: true, Encoding: "ZBuf", Value: ZBuf { slices: [[4b, c7, ae, a9, f7, cc, 9e, 38, 29, 10, 15, de, 67, 74, 4a, fe, a3, f8, f0, b1, 52, 60, 6e, f9, f9, e2, 14, 65, b7, c1, 2c, cf, 7a, a8, 56, de, dc, 17, 1b, 09, 8c, 06, d6, 92, ca, b8, 43, 5c, 2e, 9f, ca, 7d, 5d, 06, 5f, 2f, 74, 0a, f8, 02]] } }
[2m2026-09-14T12:21:41.061181Z[0m [31mERROR[0m codec_extension ThreadId(12) [2mzenoh_codec::common::extension[0m[2m:[0m Unknown Test ext: ZExtUnknown { Id: 2, Mandatory: true, Encoding: "ZBuf", Value: ZBuf { slices: [[8b, ae, 4e, 60, bc, 30, ee, 80, 58, 68, 4e, 21, 7a, 9b, 28]] } }
[2m2026-09-14T12:21:41.061199Z[0m [31mERROR[0m codec_extension ThreadId(12) [2mzenoh_codec::common::extension[0m[2m:[0m Unknown Test ext: ZExtUnknown { Id: 2, Mandatory: true, Encoding: "ZBuf", Value: ZBuf { slices: [[91, 02, fc, 4e, 05, ca, 6d, 35, 7b, 03]] } }
[2m2026-09-14T12:21:41.061204Z[0m [31mERROR[0m codec_extension ThreadId(12) [2mzenoh_codec::common::extension[0m[2m:[0m Unknown Test ext: ZExtUnknown { Id: 2, Mandatory: true, Encoding: "ZBuf", Value: ZBuf { slices: [[b8, 3c, 6e, 02, f7, 7d, 30, 4d, 6a, c3, c1, a2, 86, 10, 20, a6, c1, de, 3d, 4d, c3, 93, 10, 13, 93, bf, c7, 5c, 44, c1, 9c, 99, f5, 99, 23, 6f, cb, 8a, 91, 50, e7, 64, c3, 69, de, ba, 68, 8f, d1, 18, 56, 55, 44]] } }
[2m2026-09-14T12:21:41.061226Z[0m [31mERROR[0m codec_extension ThreadId(12) [2mzenoh_codec::common::extension[0m[2m:[0m Unknown Test ext: ZExtUnknown { Id: 2, Mandatory: true, Encoding: "ZBuf", Value: ZBuf { slices: [[46, fb, 6f, f5, e4, 3c, 4d, 28, c7, 75, 8d, a1, 48, 1e, b6, d4, ff, 25, 39, d7, 35, 53, 7a, ff, 46, 48, 0d, da, a3]] } }
[2m2026-09-14T12:21:41.061246Z[0m [31mERROR[0m codec_extension ThreadId(12) [2mzenoh_codec::common::extension[0m[2m:[0m Unknown Test ext: ZExtUnknown { Id: 2, Mandatory: true, Encoding: "ZBuf", Value: ZBuf { slices: [[4c, 1c, 1c, 0f, f7, 62, 8f, bb, 16, 97, a7, b0, 2b, e6, dd, 70, ba, c8, 08, 84, c6, 7f, 31, 5e, 96, 08, ff, 8c, 20, b4, 76, 1e, 32, 8d, 0a, ad, 13, 7c, 94, df, 30, 54, b2, 71, c3, 7d, 08, 5d, a7, a6, 7f, dc, b6, f0, 6e, 69, 79, 51, b9]] } }
[2m2026-09-14T12:21:41.061253Z[0m [31mERROR[0m codec_extension ThreadId(12) [2mzenoh_codec::common::extension[0m[2m:[0m Unknown Test ext: ZExtUnknown { Id: 2, Mandatory: true, Encoding: "ZBuf", Value: ZBuf { slices: [[7c, f1, 19, 2a, 86, b5, c3, 6d, 2f]] } }
[2m2026-09-14T12:21:41.061257Z[0m [31mERROR[0m codec_extension ThreadId(12) [2mzenoh_codec::common::extension[0m[2m:[0m Unknown Test ext: ZExtUnknown { Id: 2, Mandatory: true, Encoding: "ZBuf", Value: ZBuf { slices: [[c9, 80, 37, f1, e9, 0b, 8e, ea, 22, 9a, 43]] } }
[2m2026-09-14T12:21:41.061276Z[0m [31mERROR[0m codec_extension ThreadId(12) [2mzenoh_codec::common::extension[0m[2m:[0m Unknown Test ext: ZExtUnknown { Id: 2, Mandatory: true, Encoding: "ZBuf", Value: ZBuf { slices: [[af, 1d, a0, 9f, f2, 1b, 3e, 80, 59, 33, fe, 7b, 1e, a6, cb, 6a, 83, 93, 2c, 81, a7, 10, 84, 10, 7d, 16, a0, 98, 73, a6, 06, 07, cf, dd, bc, 02, 8d, bf, b8]] } }
[2m2026-09-14T12:21:41.061282Z[0m [31mERROR[0m codec_extension ThreadId(12) [2mzenoh_codec::common::extension[0m[2m:[0m Unknown Test ext: ZExtUnknown { Id: 2, Mandatory: true, Encoding: "ZBuf", Value: ZBuf { slices: [[94, 54, fa, 4b, 7e, a7, f4, 7a, ec, a3, f6, f5, 87, dd, ba, c7, fc, 6a]] } }
[2m2026-09-14T12:21:41.061301Z[0m [31mERROR[0m codec_extension ThreadId(12) [2mzenoh_codec::common::extension[0m[2m:[0m Unknown Test ext: ZExtUnknown { Id: 2, Mandatory: true, Encoding: "ZBuf", Value: ZBuf { slices: [[0c, 98, fe, 22, 6c, da, 76, 5a, 42]] } }
[2m2026-09-14T12:21:41.061305Z[0m [31mERROR[0m codec_extension ThreadId(12) [2mzenoh_codec::common::extension[0m[2m:[0m Unknown Test ext: ZExtUnknown { Id: 2, Mandatory: true, Encoding: "ZBuf", Value: ZBuf { slices: [[9e, 72, c9, ea, 9a, 1f, 98, 25]] } }
[2m2026-09-14T12:21:41.061323Z[0m [31mERROR[0m codec_extension ThreadId(12) [2mzenoh_codec::common::extension[0m[2m:[0m Unknown Test ext: ZExtUnknown { Id: 2, Mandatory: true, Encoding: "ZBuf", Value: ZBuf { slices: [[f0, 9e, ee, e3, 1f, 37, 4d, 10, ba, 6f, 40, af, 2d, ba, b8, 09, 83, bf, 96, 5f, ef, a5, ef, d5, 80, 89, 98, 83, 58, 32, 00, 72, 29, 25, 28, 79, b6, 9a, 7f, 6f, 6e, de, 49, 67, a9, 45, 58, f0, 98, 77, 93, 1c, c3, a1, 57, 96, 37, 32, 4b, ed]] } }
[2m2026-09-14T12:21:41.061331Z[0m [31mERROR[0m codec_extension ThreadId(12) [2mzenoh_codec::common::extension[0m[2m:[0m Unknown Test ext: ZExtUnknown { Id: 2, Mandatory: true, Encoding: "ZBuf", Value: ZBuf { slices: [[06, 63, 34, 52, 21, 98, cf, bb, 4d, 42, ab, f1, 7b, 08, d9, e5, 50, 9c, 49, 5f, 5c, 5a, 18, fd, da, 9a, 41, 15, 1c, fb, b1, ca, 38, e3, b1, 30]] } }
[2m2026-09-14T12:21:41.061350Z[0m [31mERROR[0m codec_extension ThreadId(12) [2mzenoh_codec::common::extension[0m[2m:[0m Unknown Test ext: ZExtUnknown { Id: 2, Mandatory: true, Encoding: "ZBuf", Value: ZBuf { slices: [[68, 88, 30, 02, 27, 79, 74, 22, 8c, 1d, 76, 8f]] } }
[2m2026-09-14T12:21:41.061369Z[0m [31mERROR[0m codec_extension ThreadId(12) [2mzenoh_codec::common::extension[0m[2m:[0m Unknown Test ext: ZExtUnknown { Id: 2, Mandatory: true, Encoding: "ZBuf", Value: ZBuf { slices: [[15, 04, 9a, ac, 0a, 66, 36, c9, 82, cd, f3, 1c, 59, 81, 4f, eb, 09, ce, 96, fd, cf, 1f, 26, e0, 52, 8e, 4f, dd, a0, 88, e0, 74, 34, 51, 0b, 95, 3a, 77, 3c, cc, e0, 41, 82, c4, 4b, 7e, 6e, d9, 63, a4, 6b, 2a, 05, 17, 3c, f3, 64, d1, f2, 97]] } }
[2m2026-09-14T12:21:41.061377Z[0m [31mERROR[0m codec_extension ThreadId(12) [2mzenoh_codec::common::extension[0m[2m:[0m Unknown Test ext: ZExtUnknown { Id: 2, Mandatory: true, Encoding: "ZBuf", Value: ZBuf { slices: [[c6, e7, 8d, b2, f3, 6b, c8, 9f, 50, f9, d1, 43, 0e]] } }
[2m2026-09-14T12:21:41.061381Z[0m [31mERROR[0m codec_extension ThreadId(12) [2mzenoh_codec::common::extension[0m[2m:[0m Unknown Test ext: ZExtUnknown { Id: 2, Mandatory: true, Encoding: "ZBuf", Value: ZBuf { slices: [[ea, 4b, f2, c4, ab, 47, d9, 9b, 4b, 90, 29, 97, de, ff, 26, e0]] } }
[2m2026-09-14T12:21:41.061400Z[0m [31mERROR[0m codec_extension ThreadId(12) [2mzenoh_codec::common::extension[0m[2m:[0m Unknown Test ext: ZExtUnknown { Id: 2, Mandatory: true, Encoding: "ZBuf", Value: ZBuf { slices: [[60, fc, 9b, 0e, 06, b4, fe, 04, 85, 7c, 65, 1a, 9a, 47, db, 05, 4b, df, e5, 30, bc, 5a, 08, c7, cb, 75, 7a, ef, 04, 5b, fe, 73, 5c, 50, dc, 3b, 98, 5d, 7d, b5, 12, 11, ac, 36, 98, 4f, 04, 5b]] } }
[2m2026-09-14T12:21:41.061420Z[0m [31mERROR[0m codec_extension ThreadId(12) [2mzenoh_codec::common::extension[0m[2m:[0m Unknown Test ext: ZExtUnknown { Id: 2, Mandatory: true, Encoding: "ZBuf", Value: ZBuf { slices: [[1d, 3b, d4, 12, ea, 2d, 61, 9b, 8e, 2c, 9a, 28, 96, 35, 4f, 43, 58, 5c, 11, 6a, 54, 27, 2e, 53, 78, 09, 8d, a3, ce, c6, 81, 76, 8a, c3, af, 89, 2a, e7, 39]] } }
[2m2026-09-14T12:21:41.061426Z[0m [31mERROR[0m codec_extension ThreadId(12) [2mzenoh_codec::common::extension[0m[2m:[0m Unknown Test ext: ZExtUnknown { Id: 2, Mandatory: true, Encoding: "ZBuf", Value: ZBuf { slices: [[7c, 3b, a4, 9a, 3f, ce, 87, 69]] } }
[2m2026-09-14T12:21:41.061431Z[0m [31mERROR[0m codec_extension ThreadId(12) [2mzenoh_codec::common::extension[0m[2m:[0m Unknown Test ext: ZExtUnknown { Id: 2, Mandatory: true, Encoding: "ZBuf", Value: ZBuf { slices: [[55, 97, 41, e9, d4, 2f, 5c, f2, d0, 28, d5, 38, 0c, 15, 2f, 24, 4b, b9, 57, f0, 07, 2e, 85, af, ff, 27, 91, 2f, 4d, 90, c7, df, 7b, 21, ac, 0d, 84, 74, 88, e6, 0f, 86, 51, 2b, 09]] } }
[2m2026-09-14T12:21:41.061451Z[0m [31mERROR[0m codec_extension ThreadId(12) [2mzenoh_codec::common::extension[0m[2m:[0m Unknown Test ext: ZExtUnknown { Id: 2, Mandatory: true, Encoding: "ZBuf", Value: ZBuf { slices: [[52, 17, 3d, bc, 62, 35, ff, 7d, 8c, ba, 8a, 79, 5b, 7d, bc, c9]] } }
[2m2026-09-14T12:21:41.061456Z[0m [31mERROR[0m codec_extension ThreadId(12) [2mzenoh_codec::common::extension[0m[2m:[0m Unknown Test ext: ZExtUnknown { Id: 2, Mandatory: true, Encoding: "ZBuf", Value: ZBuf { slices: [[1f, c8, a1, 9f, 69, 17, 17, 04, 83]] } }
[2m2026-09-14T12:21:41.061461Z[0m [31mERROR[0m codec_extension ThreadId(12) [2mzenoh_codec::common::extension[0m[2m:[0m Unknown Test ext: ZExtUnknown { Id: 2, Mandatory: true, Encoding: "ZBuf", Value: ZBuf { slices: [[e8, 8c, 6e, 90, 6b, c8, 91, cd, c2, 9d, cb, 11, c2, fa, 80, 03, a0, c8, 9b, b2, c7, e5, b9]] } }
[2m2026-09-14T12:21:41.061479Z[0m [31mERROR[0m codec_extension ThreadId(12) [2mzenoh_codec::common::extension[0m[2m:[0m Unknown Test ext: ZExtUnknown { Id: 2, Mandatory: true, Encoding: "ZBuf", Value: ZBuf { slices: [[55, 14, b3, 2e, 6a, d7, 61, 6f, 75, c7, 0c, 59]] } }
[2m2026-09-14T12:21:41.061485Z[0m [31mERROR[0m codec_extension ThreadId(12) [2mzenoh_codec::common::extension[0m[2m:[0m Unknown Test ext: ZExtUnknown { Id: 2, Mandatory: true, Encoding: "ZBuf", Value: ZBuf { slices: [[bf, 94, 57, 0b, d5, cf, 56, 48]] } }
[2m2026-09-14T12:21:41.061489Z[0m [31mERROR[0m codec_extension ThreadId(12) [2mzenoh_codec::common::extension[0m[2m:[0m Unknown Test ext: ZExtUnknown { Id: 2, Mandatory: true, Encoding: "ZBuf", Value: ZBuf { slices: [[58, 9e, f1, 20, 64, 75, d7, f4, 07, af, 8d]] } }
[2m2026-09-14T12:21:41.061510Z[0m [31mERROR[0m codec_extension ThreadId(12) [2mzenoh_codec::common::extension[0m[2m:[0m Unknown Test ext: ZExtUnknown { Id: 2, Mandatory: true, Encoding: "ZBuf", Value: ZBuf { slices: [[04, 0a, 6c, 54, c6, a0, 5a, c7, b4, ae, 4a, bd, ee, b1, 27, 7b, dc, eb, 8a, df, 11, d4, e9, 72, 20, 64, c0, c9, f9, af, 70, 55, 5f, 99, 08, 1e, e4, a0, 00, 21, 85, 6a]] } }
[2m2026-09-14T12:21:41.061516Z[0m [31mERROR[0m codec_extension ThreadId(12) [2mzenoh_codec::common::extension[0m[2m:[0m Unknown Test ext: ZExtUnknown { Id: 2, Mandatory: true, Encoding: "ZBuf", Value: ZBuf { slices: [[53, 5d, f5, b5, 45, dd, af, 4c, 73, 34, 5a, 3e, df, 72, b2, 09, 9f, 1b, 00]] } }
[2m2026-09-14T12:21:41.061536Z[0m [31mERROR[0m codec_extension ThreadId(12) [2mzenoh_codec::common::extension[0m[2m:[0m Unknown Test ext: ZExtUnknown { Id: 2, Mandatory: true, Encoding: "ZBuf", Value: ZBuf { slices: [[e2, 82, d4, a9, 78, d5, 71, 82, d6, 06, 76, 62, 6c, af, e9, 5e, 17, 85, 9d, ad, 0f, 7f, 24, 5f, 59, a7, 5b, cf, 74, 40, 3e, 0d, 65, ff, dd, 4d, fe, 3a, 78, 9e, 8b, ef, cd, 2f, 5e, d5, c4, ec, d7, fd, 0d, 99, f3, 58, fa, 15, 62]] } }
[2m2026-09-14T12:21:41.061543Z[0m [31mERROR[0m codec_extension ThreadId(12) [2mzenoh_codec::common::extension[0m[2m:[0m Unknown Test ext: ZExtUnknown { Id: 2, Mandatory: true, Encoding: "ZBuf", Value: ZBuf { slices: [[1c, 23, c3, 3d, 08, d5, d7, 8a, e8, 59, f1, 62, a5, 0e, a7, d0, 06, 4b, 41, 80, 99, e0, f4, ac, e4]] } }
[2m2026-09-14T12:21:41.061563Z[0m [31mERROR[0m codec_extension ThreadId(12) [2mzenoh_codec::common::extension[0m[2m:[0m Unknown Test ext: ZExtUnknown { Id: 2, Mandatory: true, Encoding: "ZBuf", Value: ZBuf { slices: [[8d, 0c, 9b, 19, 09, a5, b9, 31, ba, 4d, 0d, 9b, 00, 7d, 4b, 77, 5e, ee, 82, 43, 9a, 7c, 42, 6d, 55, 63, e2, e4, 2b, f5, ba, bd, a5, 7b, 33, 8c, 75, be, 37, ed, ce, 8d, 89, fe, 2e, da, a1, c0, 61, 8d, 08, c4, 25, 8d, 33, cc, 12, d7, 84, c7, 3a, 70]] } }
[2m2026-09-14T12:21:41.061584Z[0m [31mERROR[0m codec_extension ThreadId(12) [2mzenoh_codec::common::extension[0m[2m:[0m Unknown Test ext: ZExtUnknown { Id: 2, Mandatory: true, Encoding: "ZBuf", Value: ZBuf { slices: [[30, 49, 33, 6b, bc, 9a, f3, 56, fa, 1c, 90, c0, ce, 81, 66, c8, 14, 61, e6]] } }
[2m2026-09-14T12:21:41.061589Z[0m [31mERROR[0m codec_extension ThreadId(12) [2mzenoh_codec::common::extension[0m[2m:[0m Unknown Test ext: ZExtUnknown { Id: 2, Mandatory: true, Encoding: "ZBuf", Value: ZBuf { slices: [[2a, a8, b1, 4e, f6, 22, 16, 42, ed, 8d, a4, 95, 01, 6c, 84, 2c, f0, 46, 92, 50, 8d, e8, c4, a9, 1f, c5, 8c, 35, a2, 94, 9f]] } }
[2m2026-09-14T12:21:41.061609Z[0m [31mERROR[0m codec_extension ThreadId(12) [2mzenoh_codec::common::extension[0m[2m:[0m Unknown Test ext: ZExtUnknown { Id: 2, Mandatory: true, Encoding: "ZBuf", Value: ZBuf { slices: [[38, 51, 5b, 35, eb, 38, d9, 81, a5, 81, 5b, 6b, d7, 47, 53, fe, 46, 7d, 30, 68, 97, 4b, 57, 2f, fe]] } }
[2m2026-09-14T12:21:41.061614Z[0m [31mERROR[0m codec_extension ThreadId(12) [2mzenoh_codec::common::extension[0m[2m:[0m Unknown Test ext: ZExtUnknown { Id: 2, Mandatory: true, Encoding: "ZBuf", Value: ZBuf { slices: [[5f, d5, 76, 17, 95, 19, 41, 0b, dc, fb, 7f, ae, 19]] } }
[2m2026-09-14T12:21:41.061633Z[0m [31mERROR[0m codec_extension ThreadId(12) [2mzenoh_codec::common::extension[0m[2m:[0m Unknown Test ext: ZExtUnknown { Id: 2, Mandatory: true, Encoding: "ZBuf", Value: ZBuf { slices: [[94, bd, 5f, 9d, 1d, 30, 62, f1, 17, f1, e7, b3, c6, b3, 76, f0, ee, ae, 88, 9d, 39, 31, 0c, 3d, 3f, fe, 6a, 22, 29, 53, 7e, b5, 08, 45, 89, 98, 08, 0e, 85, 59, d9, c7, c1, 41, 39, 92, 95, b0, db, ea, 8e, 81, 3f, 74, d7]] } }
[2m2026-09-14T12:21:41.061648Z[0m [31mERROR[0m codec_extension ThreadId(12) [2mzenoh_codec::common::extension[0m[2m:[0m Unknown Test ext: ZExtUnknown { Id: 2, Mandatory: true, Encoding: "ZBuf", Value: ZBuf { slices: [[22, 4c, 8b, 4f, 9e, 85, 79, 74, 00, d4, be, bd, 19, fd]] } }
[2m2026-09-14T12:21:41.061668Z[0m [31mERROR[0m codec_extension ThreadId(12) [2mzenoh_codec::common::extension[0m[2m:[0m Unknown Test ext: ZExtUnknown { Id: 2, Mandatory: true, Encoding: "ZBuf", Value: ZBuf { slices: [[53, 2a, 5c, 78, 7e, ab, 1f, 67, 28, 6b, 79, 74, 2a, 17, c8, 28, 58, 5c, 91, 7c, 8a, 57, 90, 0c, 84, 53, e2, 56, 97, 6a, 7c, e2, 49, 53]] } }
[2m2026-09-14T12:21:41.061675Z[0m [31mERROR[0m codec_extension ThreadId(12) [2mzenoh_codec::common::extension[0m[2m:[0m Unknown Test ext: ZExtUnknown { Id: 2, Mandatory: true, Encoding: "ZBuf", Value: ZBuf { slices: [[49, 4b, 6b, a7, 46, 8d, 1d, e8, da, f3, 98, f2, e7, 6e, b7, 4a, 38, c4, e5, 46, 1b]] } }
[2m2026-09-14T12:21:41.061680Z[0m [31mERROR[0m codec_extension ThreadId(12) [2mzenoh_codec::common::extension[0m[2m:[0m Unknown Test ext: ZExtUnknown { Id: 2, Mandatory: true, Encoding: "ZBuf", Value: ZBuf { slices: [[f2, 02, 15, 43, 9c, 6f, fa, b4, 39, 0e, e7, d4, 02]] } }
[2m2026-09-14T12:21:41.061699Z[0m [31mERROR[0m codec_extension ThreadId(12) [2mzenoh_codec::common::extension[0m[2m:[0m Unknown Test ext: ZExtUnknown { Id: 2, Mandatory: true, Encoding: "ZBuf", Value: ZBuf { slices: [[d2, 67, b7, 79, a4, 9d, c8, ee, 6c, 40, 8a, 14, e6, 29, 0d, 96, 96, 94, 43, 65, 3e, 61, d1, 3c, a0, 49, ec, e6, 84, 32, 65, 57, 47, 11, 2e, eb, 69, 72, b5, 3a, 05, e7, 95, 24, 01, 16, 26, 10, 23]] } }
[2m2026-09-14T12:21:41.061705Z[0m [31mERROR[0m codec_extension ThreadId(12) [2mzenoh_codec::common::extension[0m[2m:[0m Unknown Test ext: ZExtUnknown { Id: 2, Mandatory: true, Encoding: "ZBuf", Value: ZBuf { slices: [[5c, 66, 75, ed, 4a, 1f, d6, 1c]] } }
[2m2026-09-14T12:21:41.061724Z[0m [31mERROR[0m codec_extension ThreadId(12) [2mzenoh_codec::common::extension[0m[2m:[0m Unknown Test ext: ZExtUnknown { Id: 2, Mandatory: true, Encoding: "ZBuf", Value: ZBuf { slices: [[ad, 2f, ad, 6f, 63, 8b, 56, 8c, af, 5a]] } }
[2m2026-09-14T12:21:41.061742Z[0m [31mERROR[0m codec_extension ThreadId(12) [2mzenoh_codec::common::extension[0m[2m:[0m Unknown Test ext: ZExtUnknown { Id: 2, Mandatory: true, Encoding: "ZBuf", Value: ZBuf { slices: [[74, 9e, c9, dc, 05, ef, 63, cd, 3f, c0, 46, 93, b7, ae, 61, 1f, 8a, 1c, 0f, 27, 30, 82, f0, 05, 44, 2c, 1a, 39, df, 87, f2, 62, a7, a1, 7c, d4, 25, b2, ad, 2f, e7, 1c, 95, 15, 96, 32, 7d, 7d, 70, 01]] } }
[2m2026-09-14T12:21:41.061749Z[0m [31mERROR[0m codec_extension ThreadId(12) [2mzenoh_codec::common::extension[0m[2m:[0m Unknown Test ext: ZExtUnknown { Id: 2, Mandatory: true, Encoding: "ZBuf", Value: ZBuf { slices: [[5d, 72, 86, 2f, 69, d5, be, c7, f1, b3, d0, cc, ce, 39, cb, bb, eb, 98, 9a, 67, 66, 34, 48, 39, 3f, f0, 1f, 95, 28, bf, 53, 90, 9f, 4e, 2d, f7]] } }
[2m2026-09-14T12:21:41.061758Z[0m [31mERROR[0m codec_extension ThreadId(12) [2mzenoh_codec::common::extension[0m[2m:[0m Unknown Test ext: ZExtUnknown { Id: 2, Mandatory: true, Encoding: "ZBuf", Value: ZBuf { slices: [[d9, 23, 6c, 60, ab, 12, 2d, 0e, 53, 78, a1, b0, d8, d4, b5]] } }
[2m2026-09-14T12:21:41.061777Z[0m [31mERROR[0m codec_extension ThreadId(12) [2mzenoh_codec::common::extension[0m[2m:[0m Unknown Test ext: ZExtUnknown { Id: 2, Mandatory: true, Encoding: "ZBuf", Value: ZBuf { slices: [[da, f8, 46, b9, 8c, 14, 0d, 4f, 63, f5, d0, d1, 30, 73, 04]] } }
[2m2026-09-14T12:21:41.061782Z[0m [31mERROR[0m codec_extension ThreadId(12) [2mzenoh_codec::common::extension[0m[2m:[0m Unknown Test ext: ZExtUnknown { Id: 2, Mandatory: true, Encoding: "ZBuf", Value: ZBuf { slices: [[02, 68, 12, 97, fc, 71, 27, 55, b2, 2a, e0]] } }
[2m2026-09-14T12:21:41.061801Z[0m [31mERROR[0m codec_extension ThreadId(12) [2mzenoh_codec::common::extension[0m[2m:[0m Unknown Test ext: ZExtUnknown { Id: 2, Mandatory: true, Encoding: "ZBuf", Value: ZBuf { slices: [[08, 64, 69, 84, 3a, 04, 61, be, e6, 7a, e8, bb, 9f, 51, 69, eb, 4b, 45, 7a, fd, 82, a0, 59, 00, 10, dd, 39, 58, 17, c0, 7c, c0, 90, 49, 43, 09, 0b, d6, 59, 06, 01, eb, d8, 13, d1, 9b, 59, 3d, 7c, f9, df, 3a, 8a, 2e, 3c, 43, 0c, ec, a0, 56, 11, 2f]] } }
[2m2026-09-14T12:21:41.061822Z[0m [31mERROR[0m codec_extension ThreadId(12) [2mzenoh_codec::common::extension[0m[2m:[0m Unknown Test ext: ZExtUnknown { Id: 2, Mandatory: true, Encoding: "ZBuf", Value: ZBuf { slices: [[a6, 12, 17, 81, 78, 60, 02, c5, 4d, e0, b7, 96, 62, 02, 26, f7, 9d, 6c, 91, 4c, 3f, 9b, 23, 78, ed, 39, 8f, 89, 83, 41, f8, af, 80, 31, 38, 77, d9, 8b, 5a, 06, 6b, 56]] } }
[2m2026-09-14T12:21:41.061829Z[0m [31mERROR[0m codec_extension ThreadId(12) [2mzenoh_codec::common::extension[0m[2m:[0m Unknown Test ext: ZExtUnknown { Id: 2, Mandatory: true, Encoding: "ZBuf", Value: ZBuf { slices: [[6e, 46, af, fb, fb, 3a, 83, 05, 3a, 35, a0, ae, f1, 61, b0, e3, a6, 56]] } }
[2m2026-09-14T12:21:41.061834Z[0m [31mERROR[0m codec_extension ThreadId(12) [2mzenoh_codec::common::extension[0m[2m:[0m Unknown Test ext: ZExtUnknown { Id: 2, Mandatory: true, Encoding: "ZBuf", Value: ZBuf { slices: [[2c, 93, e3, fa, 2f, f9, db, fd, eb, 5b, 2f, 7c, fc, 26, 01, f8, bc, f1, 4c, 6a]] } }
[2m2026-09-14T12:21:41.061853Z[0m [31mERROR[0m codec_extension ThreadId(12) [2mzenoh_codec::common::extension[0m[2m:[0m Unknown Test ext: ZExtUnknown { Id: 2, Mandatory: true, Encoding: "ZBuf", Value: ZBuf { slices: [[3a, 5b, 3e, ed, 5c, e6, 28, 8e, a1, 72, a7, 32, b6, ad, 00, 1e, 82]] } }
[2m2026-09-14T12:21:41.061858Z[0m [31mERROR[0m codec_extension ThreadId(12) [2mzenoh_codec::common::extension[0m[2m:[0m Unknown Test ext: ZExtUnknown { Id: 2, Mandatory: true, Encoding: "ZBuf", Value: ZBuf { slices: [[59, d5, bf, 93, 3d, 73, 98, 8b, bf, dd, 91, 92, 41, ce, 76, 44, f6, fb, 83, 46, 4e, e9, e2, a0, 69, 83, 4e, f6, d0, b7, 98, e3, db, 8a, ea, de, 99, 63, fc, 68, af, ba, 6a, 5f, e1, 51]] } }
[2m2026-09-14T12:21:41.061878Z[0m [31mERROR[0m codec_extension ThreadId(12) [2mzenoh_codec::common::extension[0m[2m:[0m Unknown Test ext: ZExtUnknown { Id: 2, Mandatory: true, Encoding: "ZBuf", Value: ZBuf { slices: [[c1, 9b, 06, a6, b6, f4, e1, 17, fa, 83, 4c, 0c, dd, 16, f0, 50, 12, b0, fa, 6c, d4, 24, f3, 70, a8, 97, bf, b5]] } }
[2m2026-09-14T12:21:41.061898Z[0m [31mERROR[0m codec_extension ThreadId(12) [2mzenoh_codec::common::extension[0m[2m:[0m Unknown Test ext: ZExtUnknown { Id: 2, Mandatory: true, Encoding: "ZBuf", Value: ZBuf { slices: [[cf, 3d, 44, 78, 6d, 50, ed, 91, 4c, 72, 98, 74, 80, b0, af, 8e, 54, ec, 26, 86, 1e, 99, 6a, 94, 91, bc, 3e, 70, 79, a3, fe, cf, af, 81, 5c, 46, eb, 18, ad, 2e, 2b, ce, b1, 92, 82, 04, 58, c4, 94, c9, ee, 6a, 3d, e3, 67, d5, ce, 60, d7, 49, 8e, 2f, f2]] } }
[2m2026-09-14T12:21:41.061919Z[0m [31mERROR[0m codec_extension ThreadId(12) [2mzenoh_codec::common::extension[0m[2m:[0m Unknown Test ext: ZExtUnknown { Id: 2, Mandatory: true, Encoding: "ZBuf", Value: ZBuf { slices: [[9d, 14, 56, 81, 22, db, d6, 36, 3a, 0f, 62, fa, 53, aa, 62, 27, 07, fc, be, 9c, da, 9a, d7, 04, 1c, 69, c9, 5c, f4, 49, 15, 7b, 3b, 59, d7, b7, af, e7, fa, 74, 2a, 54, 87, 81, ba, 22, 22, 41, 14, 8b, af, da, 14, 87, 70, 64, cf, 97, ed, 20]] } }
[2m2026-09-14T12:21:41.061941Z[0m [31mERROR[0m codec_extension ThreadId(12) [2mzenoh_codec::common::extension[0m[2m:[0m Unknown Test ext: ZExtUnknown { Id: 2, Mandatory: true, Encoding: "ZBuf", Value: ZBuf { slices: [[ae, 01, 2f, 92, cb, 13, 89, 22, e1, 19, 14, a5, ba, b2, 36, 68, 6b, 73, dc, 40, 34, 50, b6, 66, 4c, 24, ef, 53, 4a, a0, 9b, a2, 4b, ac, fa, 47, 77, 8d, 3a, c6, d4, dd, cf, b3, 26, ee, ac, 7c, f4, 23, ad, 4c, 05, 77, 25, a5, 38]] } }
[2m2026-09-14T12:21:41.061948Z[0m [31mERROR[0m codec_extension ThreadId(12) [2mzenoh_codec::common::extension[0m[2m:[0m Unknown Test ext: ZExtUnknown { Id: 2, Mandatory: true, Encoding: "ZBuf", Value: ZBuf { slices: [[16, ed, b8, b3, 60, 40, 3f, b0, a4, 4f, 82, bb, 8a, b1, a4]] } }
[2m2026-09-14T12:21:41.061952Z[0m [31mERROR[0m codec_extension ThreadId(12) [2mzenoh_codec::common::extension[0m[2m:[0m Unknown Test ext: ZExtUnknown { Id: 2, Mandatory: true, Encoding: "ZBuf", Value: ZBuf { slices: [[ae, cd, be, 20, 28, 79, c1, 56, 8b, 25, af, 1d, 10, c4]] } }
[2m2026-09-14T12:21:41.061971Z[0m [31mERROR[0m codec_extension ThreadId(12) [2mzenoh_codec::common::extension[0m[2m:[0m Unknown Test ext: ZExtUnknown { Id: 2, Mandatory: true, Encoding: "ZBuf", Value: ZBuf { slices: [[03, 4d, c3, 62, 9f, d7, 47, 2f, 5c, a7]] } }
[2m2026-09-14T12:21:41.061977Z[0m [31mERROR[0m codec_extension ThreadId(12) [2mzenoh_codec::common::extension[0m[2m:[0m Unknown Test ext: ZExtUnknown { Id: 2, Mandatory: true, Encoding: "ZBuf", Value: ZBuf { slices: [[35, 2d, b9, 58, 2b, 34, cb, 9b, fc, fa, cb, 8d, d0, d9, a9, 5f, db, 38, a7, bb, d1, 1e, 5e]] } }
[2m2026-09-14T12:21:41.061996Z[0m [31mERROR[0m codec_extension ThreadId(12) [2mzenoh_codec::common::extension[0m[2m:[0m Unknown Test ext: ZExtUnknown { Id: 2, Mandatory: true, Encoding: "ZBuf", Value: ZBuf { slices: [[69, ad, 7b, ac, c3, 6e, 79, f4, 26, 06, ad, c4, 33, 3b, ed, 1c, fc, f7, be, d8, 3e, 64, 03, 40, c4, 4a, 63, c3, cc, 3e, 22, c7, fc, 15, 81, bd, 06, c0, 76, f7, 26, f0, b6, 13, cb, 0d, f8, 6d, b3, b8, 6b, ff, 1a, f4, 7a, 12, 42, 2e, cd, 04, e7, 03]] } }
[2m2026-09-14T12:21:41.062017Z[0m [31mERROR[0m codec_extension ThreadId(12) [2mzenoh_codec::common::extension[0m[2m:[0m Unknown Test ext: ZExtUnknown { Id: 2, Mandatory: true, Encoding: "ZBuf", Value: ZBuf { slices: [[c1, 42, b6, f1, be, 68, fb, c5, 9f, 9d, d0, 1d, fa, 15, db, 2e, c8, 6e, 90, b9, 08, 2a, 36, 43, 4e, 29, 93, ce, ae, e2, ef, 26, 61, 26, b1, 88, e4, af, fc, a8]] } }
[2m2026-09-14T12:21:41.062037Z[0m [31mERROR[0m codec_extension ThreadId(12) [2mzenoh_codec::common::extension[0m[2m:[0m Unknown Test ext: ZExtUnknown { Id: 2, Mandatory: true, Encoding: "ZBuf", Value: ZBuf { slices: [[d9, 54, 76, e1, e8, c0, 24, e1, d4, a8, 78, da, 90, 1a, be, d3, e7, 9a, 8c, 0f, d1, 9a, fd, 77, 1c, cf, 74, d4, 03, bd, 74, a2, b1, 69, 54, 6c, a2, b2, 26, a0, 70, bc, 54, eb, 5f, 09, b8, 3e, ab, 1b, 39, 2d, 14]] } }
[2m2026-09-14T12:21:41.062044Z[0m [31mERROR[0m codec_extension ThreadId(12) [2mzenoh_codec::common::extension[0m[2m:[0m Unknown Test ext: ZExtUnknown { Id: 2, Mandatory: true, Encoding: "ZBuf", Value: ZBuf { slices: [[a4, 09, f4, c5, 93, d0, ab, 01, 24, c7, f4, 94, 68, 79, 5b, b2, 4a, e0, e4, 5e, 01, 1d, 5e, 03, cc, 4b, a4, c0, cf, d6, 8b, 53, c8, d0, e9, 54, f9, 41, 60, 48, 2f, 5a, bf, 94]] } }
[2m2026-09-14T12:21:41.062064Z[0m [31mERROR[0m codec_extension ThreadId(12) [2mzenoh_codec::common::extension[0m[2m:[0m Unknown Test ext: ZExtUnknown { Id: 2, Mandatory: true, Encoding: "ZBuf", Value: ZBuf { slices: [[20, d9, b7, 1d, 1f, 35, 23, b2, f5, ac, 9b, 73, 87, 81, 7e, 75, ad, 22, 7f, 9d, 5b, eb, 2b, 4e, 50, 73, 67, 99, 82, 4c, 4e, 8c, 1a, 6e, 37, 02, cc, 8d, f7, c5, 16, db, e1, 05, 1e, 5e, 47]] } }
[2m2026-09-14T12:21:41.062084Z[0m [31mERROR[0m codec_extension ThreadId(12) [2mzenoh_codec::common::extension[0m[2m:[0m Unknown Test ext: ZExtUnknown { Id: 2, Mandatory: true, Encoding: "ZBuf", Value: ZBuf { slices: [[70, 79, ac, 77, 59, 17, 3a, 6b, be, b0, b4, 2a, 21, b2, 82, af, 4f, d9, b4, 1b, 7d, 53, c2, 45, ce, b9, 26, 3e, fc, e9, 0a, c4, cb, e7, 91, 12, 27, 8e, 0e, 8b, b6, 2b, 02, 5e, 17, 73, 25, 9a, 76, 14, c1, 94, e8, 29, b7, 71, 48, 86, 93, 0d, 16, 52, f0, 41]] } }
[2m2026-09-14T12:21:41.062106Z[0m [31mERROR[0m codec_extension ThreadId(12) [2mzenoh_codec::common::extension[0m[2m:[0m Unknown Test ext: ZExtUnknown { Id: 2, Mandatory: true, Encoding: "ZBuf", Value: ZBuf { slices: [[6c, a0, 28, 66, d9, e3, 0e, 05, 82, af, f0, 98, 4f, 8d, 7d, 01, 23, 46, 9a, c6, ef, c9, c6, a2, 4f, bd, 56, db, 33]] } }
[2m2026-09-14T12:21:41.062112Z[0m [31mERROR[0m codec_extension ThreadId(12) [2mzenoh_codec::common::extension[0m[2m:[0m Unknown Test ext: ZExtUnknown { Id: 2, Mandatory: true, Encoding: "ZBuf", Value: ZBuf { slices: [[be, 31, 9e, 58, 38, 9a, 8d, be, 58, f6, 02, 97, d9, 1d, d4, 3a, 00, 36, cc, 2f, f6, d9, 41, 69, 9b, 45, 0e, 7d, 23, ec, dc, 9e, c9, bb]] } }
[2m2026-09-14T12:21:41.062131Z[0m [31mERROR[0m codec_extension ThreadId(12) [2mzenoh_codec::common::extension[0m[2m:[0m Unknown Test ext: ZExtUnknown { Id: 2, Mandatory: true, Encoding: "ZBuf", Value: ZBuf { slices: [[f6, 20, 28, d7, 01, bb, 1b, ea, 87, bf, a9, 13, 56, 6b, 82, fa, 7e, ad, 60, e5, 8e, 60, 04, 23, 8b, f8, e1, b1, dc]] } }
[2m2026-09-14T12:21:41.062137Z[0m [31mERROR[0m codec_extension ThreadId(12) [2mzenoh_codec::common::extension[0m[2m:[0m Unknown Test ext: ZExtUnknown { Id: 2, Mandatory: true, Encoding: "ZBuf", Value: ZBuf { slices: [[76, 50, 01, b6, 53, b6, eb, 8c, 74, 33]] } }
[2m2026-09-14T12:21:41.062155Z[0m [31mERROR[0m codec_extension ThreadId(12) [2mzenoh_codec::common::extension[0m[2m:[0m Unknown Test ext: ZExtUnknown { Id: 2, Mandatory: true, Encoding: "ZBuf", Value: ZBuf { slices: [[fb, 79, 90, eb, 33, b5, 4c, 75, f1, b4, bd, 7c, 9f, 79, 8d, a0, 73, 4d, ad, 35, ce, 76, 36, f8, 7b, 85, f2, db, 76, 65, 99, 89, e5, 2e, 84, 94, 92]] } }
[2m2026-09-14T12:21:41.062162Z[0m [31mERROR[0m codec_extension ThreadId(12) [2mzenoh_codec::common::extension[0m[2m:[0m Unknown Test ext: ZExtUnknown { Id: 2, Mandatory: true, Encoding: "ZBuf", Value: ZBuf { slices: [[c3, 7b, 03, 2d, 7b, fd, 40, a8, b1, 4f, ab, 91, 87, df, d7, d0, 43, 46, 78, 92, 08, 2f, fb, f2, 32, 0c, 9e, 4f, 1c, 5a, 0d, 57, 26, 09, dd, 4e, 79, 95, d0, 04, cf, 73, 9d, 91, 45, ac, e5, 62, 91, a2, 30, 36, dc, ce, 26, 51, 11]] } }
[2m2026-09-14T12:21:41.062182Z[0m [31mERROR[0m codec_extension ThreadId(12) [2mzenoh_codec::common::extension[0m[2m:[0m Unknown Test ext: ZExtUnknown { Id: 2, Mandatory: true, Encoding: "ZBuf", Value: ZBuf { slices: [[d7, 4e, cd, 4e, 5c, 37, e2, ba, 64, 36, 14, 9b, a9, 1b, 09, 63, c0, 45, 7f, 4c, 16, 9d, ed, 2d, 07, 6c, 49, a0, 9c, ea, b1, 74, f3, 98, 16, a4, 8d, 48, 85, b8, d1, af, 86, b7, 6f, 40, 34, 38, e2, 71, d0, 5c, 96, de, 9f, 02, 0b, e4, 76, 3a]] } }
[2m2026-09-14T12:21:41.062203Z[0m [31mERROR[0m codec_extension ThreadId(12) [2mzenoh_codec::common::extension[0m[2m:[0m Unknown Test ext: ZExtUnknown { Id: 2, Mandatory: true, Encoding: "ZBuf", Value: ZBuf { slices: [[5a, fc, 61, db, af, e1, 6c, 3a, 22]] } }
[2m2026-09-14T12:21:41.062221Z[0m [31mERROR[0m codec_extension ThreadId(12) [2mzenoh_codec::common::extension[0m[2m:[0m Unknown Test ext: ZExtUnknown { Id: 2, Mandatory: true, Encoding: "ZBuf", Value: ZBuf { slices: [[8e, ff, a9, a3, 9e, 9f, 8d, 41, e3, 19, 54, 6a, 05, ab, 85, c5, 55, ba, 34, 74, 40, 28, 0a, 16, 18, f6, 70, b4, 78, 98, 9d, f5, 63, 3c, bc, 58, b3, 83, 1c, 4a, b9, 87, ce, dc, 75, 9b, e8, fc, ca, 83, 4c, 9c]] } }
[2m2026-09-14T12:21:41.062228Z[0m [31mERROR[0m codec_extension ThreadId(12) [2mzenoh_codec::common::extension[0m[2m:[0m Unknown Test ext: ZExtUnknown { Id: 2, Mandatory: true, Encoding: "ZBuf", Value: ZBuf { slices: [[a3, 0c, e1, a7, 86, ea, 0b, a0, 9c]] } }
[2m2026-09-14T12:21:41.062232Z[0m [31mERROR[0m codec_extension ThreadId(12) [2mzenoh_codec::common::extension[0m[2m:[0m Unknown Test ext: ZExtUnknown { Id: 2, Mandatory: true, Encoding: "ZBuf", Value: ZBuf { slices: [[cb, c0, b8, 84, 6a, cf, 5f, ca, 9a, 4f, 95, b6, c5, 03, 1a, fd, 44, cd, 04, f5, d0, 1c, d1, 8a, 70, bc, 84, 41, a4, 7e, df, c9, f8, fa, 02, 99, 79, a1, 89, 4b, 0c, 9a, 5f, ed, 61, c4]] } }
[2m2026-09-14T12:21:41.062253Z[0m [31mERROR[0m codec_extension ThreadId(12) [2mzenoh_codec::common::extension[0m[2m:[0m Unknown Test ext: ZExtUnknown { Id: 2, Mandatory: true, Encoding: "ZBuf", Value: ZBuf { slices: [[0b, b3, da, d8, c8, c6, 02, c0, 4f, 74, be, 06, 24, 67, a5, ec, 11, 49, da, c2, 7d, 76, e1, 72, db, f7, 62, ef, 3e, 17, 5f, b5, 50]] } }
[2m2026-09-14T12:21:41.062273Z[0m [31mERROR[0m codec_extension ThreadId(12) [2mzenoh_codec::common::extension[0m[2m:[0m Unknown Test ext: ZExtUnknown { Id: 2, Mandatory: true, Encoding: "ZBuf", Value: ZBuf { slices: [[2e, c4, c4, b7, 01, bf, da, 12, b2, bd, a9, ff, 76, f4, 16, fa, 97, 53, bd, 45, dd, 5a, 76, e9, 2d, 9b, 7d, 76, dd, 81, 20, c0, 3e, 73, 08, 39, 95, 1e, ab, d6, 86, 40, 3d, cb, b2, f2, 00, ce, 41, b2, fe, 8e, 54, c0, fb, 28, 96, 64]] } }
[2m2026-09-14T12:21:41.062293Z[0m [31mERROR[0m codec_extension ThreadId(12) [2mzenoh_codec::common::extension[0m[2m:[0m Unknown Test ext: ZExtUnknown { Id: 2, Mandatory: true, Encoding: "ZBuf", Value: ZBuf { slices: [[5e, 54, 35, d1, 00, d6, 47, e3, cb, 25, 10, 75, 67, 21, e1, 6f, c9, b4, 42, 0f, 93, 74, 7d, 87, 1b, 63, 43, 7f, c5, 4a, 8b, f8, 0e, 65, b7, 36, df, 4b, ee, 4a, c0, 72, 58, 2b, 19, 6a, 95, 80, 18, 71, ce, 1d]] } }
[2m2026-09-14T12:21:41.062301Z[0m [31mERROR[0m codec_extension ThreadId(12) [2mzenoh_codec::common::extension[0m[2m:[0m Unknown Test ext: ZExtUnknown { Id: 2, Mandatory: true, Encoding: "ZBuf", Value: ZBuf { slices: [[3f, d1, 83, 95, 27, 6b, dd, 4b, 88, e0, 7d, 11, 30, a4, aa, d1]] } }
[2m2026-09-14T12:21:41.062319Z[0m [31mERROR[0m codec_extension ThreadId(12) [2mzenoh_codec::common::extension[0m[2m:[0m Unknown Test ext: ZExtUnknown { Id: 2, Mandatory: true, Encoding: "ZBuf", Value: ZBuf { slices: [[4a, 03, 8f, ce, 38, df, 26, 16, ec, 80, ea, fd, ea, 91, b9, 7b, 13, 08, eb, 19, 8b, d6, a4, f0]] } }
[2m2026-09-14T12:21:41.062325Z[0m [31mERROR[0m codec_extension ThreadId(12) [2mzenoh_codec::common::extension[0m[2m:[0m Unknown Test ext: ZExtUnknown { Id: 2, Mandatory: true, Encoding: "ZBuf", Value: ZBuf { slices: [[f3, 26, de, 15, f5, 59, 2e, 3f, 27, 64, b8, 42, 6c, 8e, 97, 20]] } }
[2m2026-09-14T12:21:41.062343Z[0m [31mERROR[0m codec_extension ThreadId(12) [2mzenoh_codec::common::extension[0m[2m:[0m Unknown Test ext: ZExtUnknown { Id: 2, Mandatory: true, Encoding: "ZBuf", Value: ZBuf { slices: [[67, 29, 3e, 59, 38, 95, 4f, f9, 67, 33, c6, fd, 5e, 2f, 20, c8, cd, 4f, 1e, 65, cc, 31, 80, d7, bb, 46, 02, a1, 68, 66, cd, 5e, 3c, ea, 22, bd, ea, 7d, 34, d5, 7c, c6, d4, 00, 0e, ba, 1d, 7f, 21, f6, 66, af, 1d, f3, 2f, 34, 64, b4, 52, 16, 48, 91]] } }
[2m2026-09-14T12:21:41.062364Z[0m [31mERROR[0m codec_extension ThreadId(12) [2mzenoh_codec::common::extension[0m[2m:[0m Unknown Test ext: ZExtUnknown { Id: 2, Mandatory: true, Encoding: "ZBuf", Value: ZBuf { slices: [[d4, 82, 4f, 12, 8f, f2, 2a, 79, 3a, bf, a9, 09, 06, e8, e3, a0, 94, c3, d4, 3b, 23, f5, b3, 2b, 98, 11, 5c, db, d9, 5c, 9e, d6, 6d, 8f, ba, 49, 40, ec, 82, 83, 33, d1, 5a, e8, 26, d3, 8b, 70, c9, e3, 92, 7c, 2b]] } }
[2m2026-09-14T12:21:41.062384Z[0m [31mERROR[0m codec_extension ThreadId(12) [2mzenoh_codec::common::extension[0m[2m:[0m Unknown Test ext: ZExtUnknown { Id: 2, Mandatory: true, Encoding: "ZBuf", Value: ZBuf { slices: [[05, 26, ba, d6, 7f, 9d, c2, 91, 45, 28, 82, 20, 6e, 7d, ee, f9, 95, 4f, 98, 1a, 9a, 13, ea, c4, f6, 72, c2, af, c3, 9f, b6, c7, 6f, a3, a0, e4, 2f, 41, c2, 83, f4, 7c, 90, be, a7, 9f, 46]] } }
[2m2026-09-14T12:21:41.062390Z[0m [31mERROR[0m codec_extension ThreadId(12) [2mzenoh_codec::common::extension[0m[2m:[0m Unknown Test ext: ZExtUnknown { Id: 2, Mandatory: true, Encoding: "ZBuf", Value: ZBuf { slices: [[ba, f4, 57, 72, b0, e1, 0c, 69, 00, c0, b2, 0c, 3b, b1, bc, 38, 1b, 9e, b1, fa, fa, 22, ab, 02, c2, 17, d1, 33, 85, a6, 06]] } }
[2m2026-09-14T12:21:41.062410Z[0m [31mERROR[0m codec_extension ThreadId(12) [2mzenoh_codec::common::extension[0m[2m:[0m Unknown Test ext: ZExtUnknown { Id: 2, Mandatory: true, Encoding: "ZBuf", Value: ZBuf { slices: [[aa, b9, f8, fd, d7, 09, a6, 2d, 18, 13, be, b2, 53, 4c, a7, b3, 03, d0, 2d, b8, a1, 87, e5, b5, 1f, 75, e4]] } }
[2m2026-09-14T12:21:41.062429Z[0m [31mERROR[0m codec_extension ThreadId(12) [2mzenoh_codec::common::extension[0m[2m:[0m Unknown Test ext: ZExtUnknown { Id: 2, Mandatory: true, Encoding: "ZBuf", Value: ZBuf { slices: [[fe, 32, 4b, c2, 9d, 6b, 25, b8, 40, df, 66, cf, d6, 26, bb, 4d, d5, cc, d8, 8d, 87, 62, 99, 96, 9c, 1d, 20, 61, fe, 77, ea, 78, f7, 27, a0, e8, d0, b8, 58, e4, 01, 95, 42, 67, ee, 96, 50, c5, 60, 2b, dc, c1, 38, 3e, 37, f7, 73, d5, 7d, 2a, cf, d6]] } }
[2m2026-09-14T12:21:41.062436Z[0m [31mERROR[0m codec_extension ThreadId(12) [2mzenoh_codec::common::extension[0m[2m:[0m Unknown Test ext: ZExtUnknown { Id: 2, Mandatory: true, Encoding: "ZBuf", Value: ZBuf { slices: [[27, 57, 69, 4e, b6, 0a, 02, b1, 38, 86, 15, 5d, e7, d5, 3d, 0d, 08, 4b, a2, db, ba, 3b, d1, 6e, a3, 8f, 22, 46, 61, ab, 3e, 03, 4a, 7b, ec, e6, f4, 9d, 04, f1, 1a, 16, 9c, 3c, 59, 57, 58, 6a, 06, 30, 4c, 83, 31, 79, 4e]] } }
[2m2026-09-14T12:21:41.062457Z[0m [31mERROR[0m codec_extension ThreadId(12) [2mzenoh_codec::common::extension[0m[2m:[0m Unknown Test ext: ZExtUnknown { Id: 2, Mandatory: true, Encoding: "ZBuf", Value: ZBuf { slices: [[cb, 26, 01, 04, 89, ce, 83, 83, 7a, f5, 1b, 08, d5, aa, 1f, ba, b8, 91, 98, 4f, 3e, d0, 9a, 4d, 89, 50, fc, ba, 32, cb, 50, 29, 19, 77, ab, ea, 3b, f9, 07, 66, a4, d4, 39, f8, 71, 8e, 42, 41, f7, ec, 98, 65, dc, 27, 86, f4]] } }
[2m2026-09-14T12:21:41.062479Z[0m [31mERROR[0m codec_extension ThreadId(12) [2mzenoh_codec::common::extension[0m[2m:[0m Unknown Test ext: ZExtUnknown { Id: 2, Mandatory: true, Encoding: "ZBuf", Value: ZBuf { slices: [[69, 10, 2f, d1, 3d, f0, 7b, 87, c0, e3, a8, d2, 16, 83, 78, 25, 88, 73, 0e, ca, 6c, df, f0, e1, de, 97, 4a, 90, 3b, 87, a3, fa, ec, f8, 68, 0d, dd, 8e, b2, 4f, 49, dd, 6b, df, d0, 93, 4d, 8f, b3, 59, c7, a2, 29, 10, 17]] } }
[2m2026-09-14T12:21:41.062500Z[0m [31mERROR[0m codec_extension ThreadId(12) [2mzenoh_codec::common::extension[0m[2m:[0m Unknown Test ext: ZExtUnknown { Id: 2, Mandatory: true, Encoding: "ZBuf", Value: ZBuf { slices: [[b4, 4b, f8, 0a, 83, 6e, 1a, d5, b7, 2f, 21, a3, 6a, c9, 6e, 76, 69, 11, 05, 0f, 72, 09, 16, 6c, 3f, c7, e9, 98, 42, 7f, 99, 60, eb, 9a, 24, 5d, 8f, 93, 08, 0f, e1, dc, 9e, b4, f3, 62, e4, 15, 93, 95, 4a, 0d, 96, da, b7]] } }
[2m2026-09-14T12:21:41.062520Z[0m [31mERROR[0m codec_extension ThreadId(12) [2mzenoh_codec::common::extension[0m[2m:[0m Unknown Test ext: ZExtUnknown { Id: 2, Mandatory: true, Encoding: "ZBuf", Value: ZBuf { slices: [[fa, 1e, 38, c5, b0, 6d, 81, 16, 01, eb, 53, c9, f1, cd, 44, 6f, 62, 47, da, cf, f8, 4c, 76, 3c, c8, e1, ce, d6, 99, 94, 45, c0, 99, 30, e7, cb, 75]] } }
[2m2026-09-14T12:21:41.062540Z[0m [31mERROR[0m codec_extension ThreadId(12) [2mzenoh_codec::common::extension[0m[2m:[0m Unknown Test ext: ZExtUnknown { Id: 2, Mandatory: true, Encoding: "ZBuf", Value: ZBuf { slices: [[b1, 1c, 72, 36, 24, 11, f3, ac, 69, 76, 08, dc, 35, 9f, e2, 73, c8, 5b, 52, ae, 00, 37, 2a, d3, 07, ea, 71, 69, ee, d1, 85, 41, 16, 75, 83, 74, 4a, c0, 64, ce, ed, ac, 65]] } }
[2m2026-09-14T12:21:41.062546Z[0m [31mERROR[0m codec_extension ThreadId(12) [2mzenoh_codec::common::extension[0m[2m:[0m Unknown Test ext: ZExtUnknown { Id: 2, Mandatory: true, Encoding: "ZBuf", Value: ZBuf { slices: [[2c, c1, 5d, b5, 7a, 5f, 48, af, 3f, dc, 57, 28, 78, 50, ac, 1c, 13, d7, 5b, ec, 24, 1b, 97, 11, 2e, e7, 7d, 9e, 4c, 64, 37, fc, 56, cb, 77, 79, ef, 7e, a7, db, 1e, 9e, c7, 10, 22, ac, 1d, 98, c2, 53, 4b]] } }
[2m2026-09-14T12:21:41.062567Z[0m [31mERROR[0m codec_extension ThreadId(12) [2mzenoh_codec::common::extension[0m[2m:[0m Unknown Test ext: ZExtUnknown { Id: 2, Mandatory: true, Encoding: "ZBuf", Value: ZBuf { slices: [[07, 41, a1, ec, 6c, 61, 16, 5c, db, ec, ba, f4, 05, 8b, 45, 8c, 9e, a8, f5, b9, 84, 7d, 74, 19, b5, 47, e2, 91, f6, 2a, 88, 31, 6b, 7a, 00, 63, 85, 58, 72, 7d, d0, 53, b9, ae, b3, 06, c4, f2, 13, e2, 5a, 17, 47, f6, d2, 8d]] } }
[2m2026-09-14T12:21:41.062587Z[0m [31mERROR[0m codec_extension ThreadId(12) [2mzenoh_codec::common::extension[0m[2m:[0m Unknown Test ext: ZExtUnknown { Id: 2, Mandatory: true, Encoding: "ZBuf", Value: ZBuf { slices: [[f5, 43, 6b, 40, 4d, ee, 5c, ee, 3d, 75]] } }
[2m2026-09-14T12:21:41.062592Z[0m [31mERROR[0m codec_extension ThreadId(12) [2mzenoh_codec::common::extension[0m[2m:[0m Unknown Test ext: ZExtUnknown { Id: 2, Mandatory: true, Encoding: "ZBuf", Value: ZBuf { slices: [[bb, 0d, 93, f3, 51, 10, 03, 23, 49, 33, 9f, 98, 08, d2, 13, d9, e3, a7, 79, e4, 18, 3b, 58, 4c, fd, 27, 85, 4f, 59, 58, 44]] } }
[2m2026-09-14T12:21:41.062611Z[0m [31mERROR[0m codec_extension ThreadId(12) [2mzenoh_codec::common::extension[0m[2m:[0m Unknown Test ext: ZExtUnknown { Id: 2, Mandatory: true, Encoding: "ZBuf", Value: ZBuf { slices: [[40, 2d, 5f, b5, 0b, 37, 53, 2a, f7, 96, 7a, 01, 81, 82, db, 4c, a7, 47, 8d, 2b, b8, 50, 64, e2, 2b, bc, 04, 79, de, 2e, d5, 25, 53, 40, 4c, 76, a6, 85, 85, 0d, 89, da, 0e, b8, 4c, 03, 88, 1d, b2, ab, 6c, 7d, 7c, e5, 1b, e0, 9c, c2, e4, 36, d5]] } }
[2m2026-09-14T12:21:41.062632Z[0m [31mERROR[0m codec_extension ThreadId(12) [2mzenoh_codec::common::extension[0m[2m:[0m Unknown Test ext: ZExtUnknown { Id: 2, Mandatory: true, Encoding: "ZBuf", Value: ZBuf { slices: [[00, 42, c4, 50, b1, 91, 9a, 4e, 10, fb, 58, 34, 4d, c6, e3, 3e, d8, d5, d5, 83, cd, 3e, 67, 94, 2c]] } }
[2m2026-09-14T12:21:41.062638Z[0m [31mERROR[0m codec_extension ThreadId(12) [2mzenoh_codec::common::extension[0m[2m:[0m Unknown Test ext: ZExtUnknown { Id: 2, Mandatory: true, Encoding: "ZBuf", Value: ZBuf { slices: [[b7, ef, 4c, ed, 04, 3a, 08, 5e, ab, 75, 8c, f6, ea, 83, 26, 9f, 8f, 6a, 75, 11, 3d, 63, 58, 63, ce, 8f, cc, 95, e5, 15, 2f, f2, d9, d1, 7b]] } }
[2m2026-09-14T12:21:41.062668Z[0m [31mERROR[0m codec_extension ThreadId(12) [2mzenoh_codec::common::extension[0m[2m:[0m Unknown Test ext: ZExtUnknown { Id: 2, Mandatory: true, Encoding: "ZBuf", Value: ZBuf { slices: [[61, 9a, 0f, f1, 32, 69, df, 26, 19, 6d, a4, 48, 88, e2, 55, 57, a7, dc, f0, 7d, f9, e8, 02, 33, 60, 86]] } }
[2m2026-09-14T12:21:41.062674Z[0m [31mERROR[0m codec_extension ThreadId(12) [2mzenoh_codec::common::extension[0m[2m:[0m Unknown Test ext: ZExtUnknown { Id: 2, Mandatory: true, Encoding: "ZBuf", Value: ZBuf { slices: [[b0, e4, b3, ac, 5e, 59, e2, c8, f4, cd, f9, aa, 4d, 43, d9, c5, 7b, 70, 58, f2, 0b, 5e, ef, f2, cd, 6a, ca, 5f, 91, aa, 14, 8d, 73, 8c, 5c, bb, 3f, 5b, 4e]] } }
[2m2026-09-14T12:21:41.062694Z[0m [31mERROR[0m codec_extension ThreadId(12) [2mzenoh_codec::common::extension[0m[2m:[0m Unknown Test ext: ZExtUnknown { Id: 2, Mandatory: true, Encoding: "ZBuf", Value: ZBuf { slices: [[d2, 18, 83, ec, b1, 7f, 7d, cb]] } }
[2m2026-09-14T12:21:41.062713Z[0m [31mERROR[0m codec_extension ThreadId(12) [2mzenoh_codec::common::extension[0m[2m:[0m Unknown Test ext: ZExtUnknown { Id: 2, Mandatory: true, Encoding: "ZBuf", Value: ZBuf { slices: [[c7, 07, 67, cd, 72, af, c8, 38, e3, 22, 42, 7d, 26, dd, db, d6, 95, 20, f7, eb, 32, 29, 38, a4, e0, a2, 1c, b9, 60, f5, db, 85, 93, fe, 09, 69, a2, 68, 1d, c0, 9f, ea, fc, c3, f3, 7e, ed, ef, 68, 24, 34, fe, 5d, 0d, 08, f1, 4f, 77, 5f, 7c, 4c]] } }
[2m2026-09-14T12:21:41.062720Z[0m [31mERROR[0m codec_extension ThreadId(12) [2mzenoh_codec::common::extension[0m[2m:[0m Unknown Test ext: ZExtUnknown { Id: 2, Mandatory: true, Encoding: "ZBuf", Value: ZBuf { slices: [[4e, bb, 45, 82, e0, 71, 0b, 47, e3, 47, ff, 3a, 02]] } }
[2m2026-09-14T12:21:41.062739Z[0m [31mERROR[0m codec_extension ThreadId(12) [2mzenoh_codec::common::extension[0m[2m:[0m Unknown Test ext: ZExtUnknown { Id: 2, Mandatory: true, Encoding: "ZBuf", Value: ZBuf { slices: [[d6, 3c, b8, fe, 18, 15, bb, 05, c1, 7f, 5a, d0, 0b, 25, 89, 49, 2a, 87, 72, c5, 33, 22, 6e, 84, cf, bf, 00, 8d, b9, c8, 19, c4, 38, 57, 18, 53, 16, b8, 4b, 87, 3b, 1a, 26, 2d, 39, eb, d6, 90, ef, a6, d0, 46, dc, 93, 68, 5c, 02, 90, 92, 89, 91, bc, 6d]] } }
[2m2026-09-14T12:21:41.062760Z[0m [31mERROR[0m codec_extension ThreadId(12) [2mzenoh_codec::common::extension[0m[2m:[0m Unknown Test ext: ZExtUnknown { Id: 2, Mandatory: true, Encoding: "ZBuf", Value: ZBuf { slices: [[c5, 51, f2, 77, e9, 1a, c8, 24, 2f, a5, dd, 06, 80, b0, 3d, 08, 93, 15, aa, 75, af, 0b, 55, 76, fd, 6f, e1, 2e, cb, 42, f3, 22, 52, 8a, 75, 0c, fd, 4f, d1, 59, 97, d3, fd, 96, a1, d0, c8, 5f, 59, 08, 67, 18, be, 7c, 62, ae, cd, 50]] } }
[2m2026-09-14T12:21:41.062767Z[0m [31mERROR[0m codec_extension ThreadId(12) [2mzenoh_codec::common::extension[0m[2m:[0m Unknown Test ext: ZExtUnknown { Id: 2, Mandatory: true, Encoding: "ZBuf", Value: ZBuf { slices: [[d5, a8, 0b, e2, 4d, de, 60, 0d, 66, 68, ae]] } }
[2m2026-09-14T12:21:41.062786Z[0m [31mERROR[0m codec_extension ThreadId(12) [2mzenoh_codec::common::extension[0m[2m:[0m Unknown Test ext: ZExtUnknown { Id: 2, Mandatory: true, Encoding: "ZBuf", Value: ZBuf { slices: [[11, c3, f7, 40, 9f, 01, 7e, 1e, 90, b4, 95, 11, 45, 0a, 48, 08, 60, f8, 31, 29, 00, e8, ad, d7, 16, ad, 56, d6, 41, 40, ed, 51, c0, f4, dc, bd, 24, b7, 43, 3a, dc, a5, 68, a5, 08, 68, 38, 8b, 8e, d1, 5f, 11, 19, 3b, 91]] } }
[2m2026-09-14T12:21:41.062808Z[0m [31mERROR[0m codec_extension ThreadId(12) [2mzenoh_codec::common::extension[0m[2m:[0m Unknown Test ext: ZExtUnknown { Id: 2, Mandatory: true, Encoding: "ZBuf", Value: ZBuf { slices: [[1a, 0f, 5b, 84, 3e, e4, fb, e4, 9b, 51, 1e, e4, 5a, 47, 1b, c5, b6, b3, c2, 33, 8a, 35, a4, bc, 90, 5f, 1c, 16, b1, 1a, 82, 8e, 6f, 5f, fe, 89, e0, f4, 13, 01, 76, 0d, 04, 09, 20, df, 5a, a4, b2, 58, 7b, 76, 5b, e0, 39, 04, bb, 4a, 77, 09, 47]] } }
[2m2026-09-14T12:21:41.062815Z[0m [31mERROR[0m codec_extension ThreadId(12) [2mzenoh_codec::common::extension[0m[2m:[0m Unknown Test ext: ZExtUnknown { Id: 2, Mandatory: true, Encoding: "ZBuf", Value: ZBuf { slices: [[29, 4d, 66, 2b, 24, ba, 72, 7e, ba, 51, 2b, e0, bf, 1c, f0, ce, aa, d4, 88, 22, c4, 91, 9b, 9f, 2f, be, c6]] } }
[2m2026-09-14T12:21:41.062834Z[0m [31mERROR[0m codec_extension ThreadId(12) [2mzenoh_codec::common::extension[0m[2m:[0m Unknown Test ext: ZExtUnknown { Id: 2, Mandatory: true, Encoding: "ZBuf", Value: ZBuf { slices: [[db, 4f, f6, ca, 32, 4d, 79, d9, 8a, 5b, 28, d2, 6f, 2d, d5, 2e, 44, de, 82, 04, ae, bc, 11, a3, 7b, 13, 7f, 33, 2c, 2b, 9d, 5c, 92, 8b, e0, 0a, 90, 23, b4, 72, 81, 6a, e4, fd]] } }
[2m2026-09-14T12:21:41.062855Z[0m [31mERROR[0m codec_extension ThreadId(12) [2mzenoh_codec::common::extension[0m[2m:[0m Unknown Test ext: ZExtUnknown { Id: 2, Mandatory: true, Encoding: "ZBuf", Value: ZBuf { slices: [[a4, 4b, 89, 37, 86, 66, d8, 3a, 50, 8a, 50, d7, ff, 2c, d3, 22, 60, 52, ad, b4, c9, fa, ea, 72, b2, 9b, 39, a3, 61, 59, 5b, 3d, ce, b0, 48, 45, 34, 38, 81, 6c, a1, fa, 84, a6, 41, f4, 0c, af, df, 3d, d3, 89, 7c, 6b, 67, cb]] } }
[2m2026-09-14T12:21:41.062875Z[0m [31mERROR[0m codec_extension ThreadId(12) [2mzenoh_codec::common::extension[0m[2m:[0m Unknown Test ext: ZExtUnknown { Id: 2, Mandatory: true, Encoding: "ZBuf", Value: ZBuf { slices: [[dc, 08, 5b, 91, 7c, 23, 26, 18, 77, 5c, de, 4e, 99, aa, 5c, 85, b1, 37, 80, 69, 2b, df, 79, 57, 15, 2e, 7d, 50, f1, bc]] } }
[2m2026-09-14T12:21:41.062895Z[0m [31mERROR[0m codec_extension ThreadId(12) [2mzenoh_codec::common::extension[0m[2m:[0m Unknown Test ext: ZExtUnknown { Id: 2, Mandatory: true, Encoding: "ZBuf", Value: ZBuf { slices: [[8a, 02, ae, d8, 0c, 61, 76, 1b, a3, 6f, 4c, 48, a0, 4d, a3, 10, 40, 74, 4c, ea, dc, 1f, 40, bd, ce, 68, a4, 7d, 9b, 52, 47, 9e, 2d, 57, ea, 5d, 8f, 80, 67, cf, 41, 08, c4, de, 38, bd, 18, e5, de, c7, 60, 2f, 54, 00, 3c, 6b, dd, e5, 90, 51]] } }
[2m2026-09-14T12:21:41.062902Z[0m [31mERROR[0m codec_extension ThreadId(12) [2mzenoh_codec::common::extension[0m[2m:[0m Unknown Test ext: ZExtUnknown { Id: 2, Mandatory: true, Encoding: "ZBuf", Value: ZBuf { slices: [[89, 10, 1e, a6, 7f, b3, ba, 8c, bc, 2d, 48, c1, 6b, 9e, ae, 99, 4c, a0, 81, aa, f2, a6, 2a, 84, c4, 35, ad, 9a, 01, 9b, f9, 14, 55, b8, 36, a4, 34, b0, 1c, 79, d0, 81, a0, b2, bd, f7, 24, 78, df, bb, 0d]] } }
[2m2026-09-14T12:21:41.062923Z[0m [31mERROR[0m codec_extension ThreadId(12) [2mzenoh_codec::common::extension[0m[2m:[0m Unknown Test ext: ZExtUnknown { Id: 2, Mandatory: true, Encoding: "ZBuf", Value: ZBuf { slices: [[6c, 7d, bf, 2c, af, 6a, 60, bd, 48, 3c, 37, 98, 7d, 26, 11, f2, b9, b3, c0]] } }
[2m2026-09-14T12:21:41.062943Z[0m [31mERROR[0m codec_extension ThreadId(12) [2mzenoh_codec::common::extension[0m[2m:[0m Unknown Test ext: ZExtUnknown { Id: 2, Mandatory: true, Encoding: "ZBuf", Value: ZBuf { slices: [[95, fa, bb, e5, d0, 73, 0e, 3f, b5, dc, 67, 66, dd, 3a, eb, 73, eb, e7, f8, e4, 56, d6, 3c, f3, 8a, a9, 64, dc, db, 07, ee, 93, f1, 6a, 54, ac, 6c, 1b, a4, 47, 8e, a6, 24, 93, 05, fb, 0c, 37, c7, b7, 80, ab, 62, c6, 0e, a2, 57, 5c, d3, 74]] } }
[2m2026-09-14T12:21:41.062951Z[0m [31mERROR[0m codec_extension ThreadId(12) [2mzenoh_codec::common::extension[0m[2m:[0m Unknown Test ext: ZExtUnknown { Id: 2, Mandatory: true, Encoding: "ZBuf", Value: ZBuf { slices: [[c3, 0d, 49, 56, 90, 1b, 4e, 4f, e9, 4e]] } }
[2m2026-09-14T12:21:41.062970Z[0m [31mERROR[0m codec_extension ThreadId(12) [2mzenoh_codec::common::extension[0m[2m:[0m Unknown Test ext: ZExtUnknown { Id: 2, Mandatory: true, Encoding: "ZBuf", Value: ZBuf { slices: [[44, 91, 1d, a4, 0b, e3, 13, 39, fb, 86, d4, 44, 5c, 07, 01, f8, bd, dd, 19, 43, f5, 44, c6, 38, 6c, 32, 02, d3, c5, 7b, 51, 94, ca, 2c, 0b, 49, fa, f5, 36, 22, 51, 5c, 6f, 4b, 5d, 62, 34, c7, 2f]] } }
[2m2026-09-14T12:21:41.062978Z[0m [31mERROR[0m codec_extension ThreadId(12) [2mzenoh_codec::common::extension[0m[2m:[0m Unknown Test ext: ZExtUnknown { Id: 2, Mandatory: true, Encoding: "ZBuf", Value: ZBuf { slices: [[ba, bf, e5, b3, 33, 68, 40, 6f, 0e, 7a, 3b, c8, a7, 22]] } }
[2m2026-09-14T12:21:41.062998Z[0m [31mERROR[0m codec_extension ThreadId(12) [2mzenoh_codec::common::extension[0m[2m:[0m Unknown Test ext: ZExtUnknown { Id: 2, Mandatory: true, Encoding: "ZBuf", Value: ZBuf { slices: [[c5, 8d, 5e, fe, 76, bc, b4, e2, cb, 1f, f1, 2d, ab, cc, cd, 91, e2, b1, 31, 49, 15, 65, 0c, 2b]] } }
[2m2026-09-14T12:21:41.063003Z[0m [31mERROR[0m codec_extension ThreadId(12) [2mzenoh_codec::common::extension[0m[2m:[0m Unknown Test ext: ZExtUnknown { Id: 2, Mandatory: true, Encoding: "ZBuf", Value: ZBuf { slices: [[07, 4a, d1, f6, c2, 6d, c7, 70, f7, 73, b7, b7, b1, 08, 70, d4, 65, fe, d8, b2, 3d, ac]] } }
[2m2026-09-14T12:21:41.063022Z[0m [31mERROR[0m codec_extension ThreadId(12) [2mzenoh_codec::common::extension[0m[2m:[0m Unknown Test ext: ZExtUnknown { Id: 2, Mandatory: true, Encoding: "ZBuf", Value: ZBuf { slices: [[d8, 11, 74, b5, b9, 7f, 49, 3f, 73, 26, c1, 23, 9a, de, 25, 75, 85, 31, c5, c6, 85, 21, c3, 6a, 34, 70, 76, ac, c7, 62, 9f, 28, 78, 2c, 4f, 71, 74, f7, 80, bc, ac, c7]] } }
[2m2026-09-14T12:21:41.063029Z[0m [31mERROR[0m codec_extension ThreadId(12) [2mzenoh_codec::common::extension[0m[2m:[0m Unknown Test ext: ZExtUnknown { Id: 2, Mandatory: true, Encoding: "ZBuf", Value: ZBuf { slices: [[78, de, f9, 6a, bb, 50, c0, ce, 9e, 03, d2, aa, 64, 78, c1, 78, 3e, a0, ea, ae, f7, 08, f7, f5, fb, 76, cb, 33, d8, 21, 11, b1, a6, 2b, 16, 45, 65, 46]] } }
[2m2026-09-14T12:21:41.063048Z[0m [31mERROR[0m codec_extension ThreadId(12) [2mzenoh_codec::common::extension[0m[2m:[0m Unknown Test ext: ZExtUnknown { Id: 2, Mandatory: true, Encoding: "ZBuf", Value: ZBuf { slices: [[ea, 7f, d4, f0, 83, b8, 4e, 49, fd, 2a, e9, 43, 5b, 6f, f6, 02, d4, 0f, d2, db, cd, 64]] } }
[2m2026-09-14T12:21:41.063068Z[0m [31mERROR[0m codec_extension ThreadId(12) [2mzenoh_codec::common::extension[0m[2m:[0m Unknown Test ext: ZExtUnknown { Id: 2, Mandatory: true, Encoding: "ZBuf", Value: ZBuf { slices: [[1e, 76, 4f, c1, f1, 4a, a9, 8a, 9f, 66, 9d, 1c, db, 80, 82, 71, fd, 13, 4d, 9a, 86, 89, ac, d7, e5, cd, d2, 39, 69, c7, 38, 62, 24, 4c, c2, 67, 74, 75, 2d, 8d, dc, f3, 05, 6b, 66, e6, f9, 91, 1a, 4f, e8, 30, 18, b5, 66, 0a, b2, 40, 85]] } }
[2m2026-09-14T12:21:41.063075Z[0m [31mERROR[0m codec_extension ThreadId(12) [2mzenoh_codec::common::extension[0m[2m:[0m Unknown Test ext: ZExtUnknown { Id: 2, Mandatory: true, Encoding: "ZBuf", Value: ZBuf { slices: [[5a, 7c, be, ab, 00, 9d, 5f, 92, 93, 7b, de, 73, cd, 06, 47, fd, c2, 21, 0f, 39, 06, 01, ca, 58, 3d, f9, b9, 9a, a8, e4, 1f, cf, 40, ef, 55, e0, 1a, c6, b4, ef, 26, 3d, 29, 74]] } }
[2m2026-09-14T12:21:41.063095Z[0m [31mERROR[0m codec_extension ThreadId(12) [2mzenoh_codec::common::extension[0m[2m:[0m Unknown Test ext: ZExtUnknown { Id: 2, Mandatory: true, Encoding: "ZBuf", Value: ZBuf { slices: [[bf, c0, 76, be, 4f, 72, 61, 4d, ab, 98, 49, fe]] } }
[2m2026-09-14T12:21:41.063099Z[0m [31mERROR[0m codec_extension ThreadId(12) [2mzenoh_codec::common::extension[0m[2m:[0m Unknown Test ext: ZExtUnknown { Id: 2, Mandatory: true, Encoding: "ZBuf", Value: ZBuf { slices: [[1f, 1f, 85, fb, 65, 1e, 20, 30, 46]] } }
[2m2026-09-14T12:21:41.063118Z[0m [31mERROR[0m codec_extension ThreadId(12) [2mzenoh_codec::common::extension[0m[2m:[0m Unknown Test ext: ZExtUnknown { Id: 2, Mandatory: true, Encoding: "ZBuf", Value: ZBuf { slices: [[14, 84, 00, 9d, ab, 29, af, 86, dc, 22, 71, 55, 0b, 52, 9f, 30, 0a, 29, 52, 5e, 88, ea, 1c, 39, c2, f1, 40, 68, 46, 17, 74, 3e, 4f, e0, 34, 02, 87, 8b, 0f, 35, 34, 79, e4, 51, d3, f4, 29, 34, c5, 04, f0, 6e, 85, 41, 27, 06, 52, cd, 14, 51, b1, e9, 3e, 33]] } }
[2m2026-09-14T12:21:41.063140Z[0m [31mERROR[0m codec_extension ThreadId(12) [2mzenoh_codec::common::extension[0m[2m:[0m Unknown Test ext: ZExtUnknown { Id: 2, Mandatory: true, Encoding: "ZBuf", Value: ZBuf { slices: [[15, 75, ae, 72, 08, 8c, 5d, a5, de, 10, 7b, 6f, 96, 92, c0, 3e, 81, 14, 6d, 7f, c5, 19, ff, f5, 23, cb, 65, a8, d5, 63, 31, d3, 65, 9d, f2, 86, 21, ea, c9, b7, 6e]] } }
[2m2026-09-14T12:21:41.063146Z[0m [31mERROR[0m codec_extension ThreadId(12) [2mzenoh_codec::common::extension[0m[2m:[0m Unknown Test ext: ZExtUnknown { Id: 2, Mandatory: true, Encoding: "ZBuf", Value: ZBuf { slices: [[88, 3a, 8e, cd, a5, 20, fc, 72, be]] } }
[2m2026-09-14T12:21:41.063151Z[0m [31mERROR[0m codec_extension ThreadId(12) [2mzenoh_codec::common::extension[0m[2m:[0m Unknown Test ext: ZExtUnknown { Id: 2, Mandatory: true, Encoding: "ZBuf", Value: ZBuf { slices: [[00, 5e, d5, 10, 46, 39, 37, 85, 2e, eb, 01]] } }
[2m2026-09-14T12:21:41.063169Z[0m [31mERROR[0m codec_extension ThreadId(12) [2mzenoh_codec::common::extension[0m[2m:[0m Unknown Test ext: ZExtUnknown { Id: 2, Mandatory: true, Encoding: "ZBuf", Value: ZBuf { slices: [[8b, 2f, 7e, 87, f4, 5c, f9, 75, 74, 48, 49, 82, 06, ec, 84, 6a, 00, ca, d7, 4b, dd, 57, 1c, 44, ae, 36, 3f, 0f, 23, fd, 34, ab, 16, 54, ba, ad, 35, c0, 0e, 3d, 4b, c5, 72, 98, 3a, f9, 39, 10, 67, 86, f5, 61, 8e]] } }
[2m2026-09-14T12:21:41.063190Z[0m [31mERROR[0m codec_extension ThreadId(12) [2mzenoh_codec::common::extension[0m[2m:[0m Unknown Test ext: ZExtUnknown { Id: 2, Mandatory: true, Encoding: "ZBuf", Value: ZBuf { slices: [[d3, 0a, f0, b7, be, ff, a4, 6a, 5b, c9, f4, af, 91, a9, 16, c3, 80, 57, 77, fe, 20, 47, c5, d7, 20, 03, e3, 20, ba, d7, 50, 32, 1a, 6d, e5, 21, 3a, f5, 69, 57, 54, 9d, 0e, 24, f4, fe, 4c, 9e, af, 24, 93, fa, e2, bc, 11, fc, a7, d9]] } }
[2m2026-09-14T12:21:41.063197Z[0m [31mERROR[0m codec_extension ThreadId(12) [2mzenoh_codec::common::extension[0m[2m:[0m Unknown Test ext: ZExtUnknown { Id: 2, Mandatory: true, Encoding: "ZBuf", Value: ZBuf { slices: [[26, 1b, 5d, eb, b0, 3a, 20, 0a, 9f, 33, 8c, ee]] } }
[2m2026-09-14T12:21:41.063202Z[0m [31mERROR[0m codec_extension ThreadId(12) [2mzenoh_codec::common::extension[0m[2m:[0m Unknown Test ext: ZExtUnknown { Id: 2, Mandatory: true, Encoding: "ZBuf", Value: ZBuf { slices: [[6a, fb, 3b, 65, f0, 86, 9e, 64, 8d, f9, 2e, 39, 3a, 6d, 28, f1, 56]] } }
[2m2026-09-14T12:21:41.063221Z[0m [31mERROR[0m codec_extension ThreadId(12) [2mzenoh_codec::common::extension[0m[2m:[0m Unknown Test ext: ZExtUnknown { Id: 2, Mandatory: true, Encoding: "ZBuf", Value: ZBuf { slices: [[26, aa, 18, 46, c5, e0, 20, 8b, 88, 4c, 95, 20, 3a, 74, 49, 64, 4d, a1, 1b, 3c, dc, f9, 9e, 20, 8e]] } }
[2m2026-09-14T12:21:41.063240Z[0m [31mERROR[0m codec_extension ThreadId(12) [2mzenoh_codec::common::extension[0m[2m:[0m Unknown Test ext: ZExtUnknown { Id: 2, Mandatory: true, Encoding: "ZBuf", Value: ZBuf { slices: [[8b, 2b, 20, ba, 91, 05, fb, 25, 4b, bc, 39, 67, f9, 97, 72, e6, ab, e2, c3, 13, de, 20, d8, d6, a2, dd, 41, 69, 2f, ea, b3, 6a, 6f, 03, 98, a8, 34, 3f, 04, e1, 20, 93, 49, 0f, 00, e5]] } }
[2m2026-09-14T12:21:41.063247Z[0m [31mERROR[0m codec_extension ThreadId(12) [2mzenoh_codec::common::extension[0m[2m:[0m Unknown Test ext: ZExtUnknown { Id: 2, Mandatory: true, Encoding: "ZBuf", Value: ZBuf { slices: [[0f, 1f, 19, 58, f9, 0e, 29, 43, 51, 4a, 30, da, b1, ca, f9, f7, 04, 6d, 30, ff, 33, 52, 26, 7a, e1, 89, 1d, b9, 9b, 67, c7, 57, 28, e0, cb, 4c, 33, ab, 4f, 73, ff, 48, 72, 24, 9a, 41, b1, e9, 94, ef, ae, 7b, d4, a6, df]] } }
[2m2026-09-14T12:21:41.063270Z[0m [31mERROR[0m codec_extension ThreadId(12) [2mzenoh_codec::common::extension[0m[2m:[0m Unknown Test ext: ZExtUnknown { Id: 2, Mandatory: true, Encoding: "ZBuf", Value: ZBuf { slices: [[91, f6, 76, f5, 13, 30, 66, 08, ae, 13, fd, 93, ac, ca, 91, ec, 1e, 65, 90, 7a, 34, be, e2, 95, dd, 76, e0, bc, d8, ec, 8a, 36, 49, f7, 35, 02, 58, 3b, 2f, 0d, db, bd, c2, 3c, 83, 5c]] } }
[2m2026-09-14T12:21:41.063293Z[0m [31mERROR[0m codec_extension ThreadId(12) [2mzenoh_codec::common::extension[0m[2m:[0m Unknown Test ext: ZExtUnknown { Id: 2, Mandatory: true, Encoding: "ZBuf", Value: ZBuf { slices: [[8c, 97, 8e, 75, 37, 74, aa, 81, 79, 46, 74, 3f, 25, 6c, cb, dd, e8, d5, d1, f1, 62, bf, 30, 30, a6, bd, ca, f7, 15, 1c, b7, 47, a5, 47, 68, db, b4, 0f, 48, a1, 7a, 86]] } }
[2m2026-09-14T12:21:41.063299Z[0m [31mERROR[0m codec_extension ThreadId(12) [2mzenoh_codec::common::extension[0m[2m:[0m Unknown Test ext: ZExtUnknown { Id: 2, Mandatory: true, Encoding: "ZBuf", Value: ZBuf { slices: [[6d, 48, 7f, 41, db, 92, dc, e3, 15, 35]] } }
[2m2026-09-14T12:21:41.063318Z[0m [31mERROR[0m codec_extension ThreadId(12) [2mzenoh_codec::common::extension[0m[2m:[0m Unknown Test ext: ZExtUnknown { Id: 2, Mandatory: true, Encoding: "ZBuf", Value: ZBuf { slices: [[f7, 01, e0, d7, fd, 2a, b0, 89, 44, e1, 99, bb, 3a, b3, 71, ff, ca, 6d, d2]] } }
[2m2026-09-14T12:21:41.063325Z[0m [31mERROR[0m codec_extension ThreadId(12) [2mzenoh_codec::common::extension[0m[2m:[0m Unknown Test ext: ZExtUnknown { Id: 2, Mandatory: true, Encoding: "ZBuf", Value: ZBuf { slices: [[35, ef, 4d, 75, b6, b3, 09, 27, 95, 93, de, ca, 4b, 8f, af, b2, f8, dd, 31, 73]] } }
[2m2026-09-14T12:21:41.063330Z[0m [31mERROR[0m codec_extension ThreadId(12) [2mzenoh_codec::common::extension[0m[2m:[0m Unknown Test ext: ZExtUnknown { Id: 2, Mandatory: true, Encoding: "ZBuf", Value: ZBuf { slices: [[53, 7b, 6b, 4c, 54, 97, 74, 56, 5f, a8, b1, b2, 98, 62, a6, 6a, 5d, bb, b2, a0, 70, ff]] } }
[2m2026-09-14T12:21:41.063350Z[0m [31mERROR[0m codec_extension ThreadId(12) [2mzenoh_codec::common::extension[0m[2m:[0m Unknown Test ext: ZExtUnknown { Id: 2, Mandatory: true, Encoding: "ZBuf", Value: ZBuf { slices: [[8f, c3, 7f, 19, 83, 30, ee, 59, 7a, 85, 85, 2e, 9c, cf, 04, 8d, 8b, 46, a6, b2, 58, f3, 52, 74, dd, 2a, da, 0d, 6d, 1a, af, 05, db, f3, 0c, 54, 4e, d5, 6d, 6c, ea, 47, 9b, f1, 0a, 7d, 71, 81, 66, 61, c6, f3, 2c, 03, 9d, 23, c1, f2, c0, fe, 68, 36, d8, f5]] } }
[2m2026-09-14T12:21:41.063371Z[0m [31mERROR[0m codec_extension ThreadId(12) [2mzenoh_codec::common::extension[0m[2m:[0m Unknown Test ext: ZExtUnknown { Id: 2, Mandatory: true, Encoding: "ZBuf", Value: ZBuf { slices: [[7b, 2d, 51, c3, 50, 5d, 1a, cf, 52, 46, 21, 47, fe, 7c, 3f, ad, 44, 2c, f3, ee, f3, c1, 6d, 69, 58, 90, a1, f9, 16, 50, ce, f3, c0, ef, cf, 1b, 2a, 0c, ff]] } }
[2m2026-09-14T12:21:41.063391Z[0m [31mERROR[0m codec_extension ThreadId(12) [2mzenoh_codec::common::extension[0m[2m:[0m Unknown Test ext: ZExtUnknown { Id: 2, Mandatory: true, Encoding: "ZBuf", Value: ZBuf { slices: [[19, c1, d2, b4, ef, b8, 31, 53, 56, c8, bc, f1, e4, a4, 21, f3, b5, 60, d1, de, 49, fd, 70, 2c, 43, bc, af, ce, e0, 1a, f4, 1d]] } }
[2m2026-09-14T12:21:41.063397Z[0m [31mERROR[0m codec_extension ThreadId(12) [2mzenoh_codec::common::extension[0m[2m:[0m Unknown Test ext: ZExtUnknown { Id: 2, Mandatory: true, Encoding: "ZBuf", Value: ZBuf { slices: [[f8, c2, 1e, 42, 37, 3f, 3b, b6, ab, 4a, bf, 7c, c5, 6c, 2c, 60, f6, df, 03, 79, 34, 64, 22]] } }
[2m2026-09-14T12:21:41.063402Z[0m [31mERROR[0m codec_extension ThreadId(12) [2mzenoh_codec::common::extension[0m[2m:[0m Unknown Test ext: ZExtUnknown { Id: 2, Mandatory: true, Encoding: "ZBuf", Value: ZBuf { slices: [[3d, b0, e4, e9, 1b, 6a, 1c, af, cd]] } }
[2m2026-09-14T12:21:41.063406Z[0m [31mERROR[0m codec_extension ThreadId(12) [2mzenoh_codec::common::extension[0m[2m:[0m Unknown Test ext: ZExtUnknown { Id: 2, Mandatory: true, Encoding: "ZBuf", Value: ZBuf { slices: [[02, 64, 7c, 63, a4, 6e, 43, 03, b5, 88, a8, 7c, 9e]] } }
[2m2026-09-14T12:21:41.063425Z[0m [31mERROR[0m codec_extension ThreadId(12) [2mzenoh_codec::common::extension[0m[2m:[0m Unknown Test ext: ZExtUnknown { Id: 2, Mandatory: true, Encoding: "ZBuf", Value: ZBuf { slices: [[bf, d2, 3c, 79, 21, 28, bb, f7, c7, 79, 10, 85, de, 4f, d2, 8c, 35, 1c, 75, 1a, 3b, a2, 51, a1, db, b5, ca, fd, 1c, 7f, 13, 3c, 56, 71, f4, 1a, 67, 55, 59, 1b, 9d, 7d, 8b, dc, be, e4, 7a, 26, a3, f9, ef, 2c, ef, bb, 54, 06, 6c, 01, c6, f3, c6, e1, 6a]] } }
[2m2026-09-14T12:21:41.063447Z[0m [31mERROR[0m codec_extension ThreadId(12) [2mzenoh_codec::common::extension[0m[2m:[0m Unknown Test ext: ZExtUnknown { Id: 2, Mandatory: true, Encoding: "ZBuf", Value: ZBuf { slices: [[af, bd, eb, 09, d1, 37, 0e, 70, 66]] } }
[2m2026-09-14T12:21:41.063452Z[0m [31mERROR[0m codec_extension ThreadId(12) [2mzenoh_codec::common::extension[0m[2m:[0m Unknown Test ext: ZExtUnknown { Id: 2, Mandatory: true, Encoding: "ZBuf", Value: ZBuf { slices: [[0d, 35, 1e, c0, 5b, c0, 52, 0b, 06, 1b, 4d, 8c, 80, 8c, 42, b5, 4c, 34, 03, e1, 7e, ec, e0, b5, 0e, 4d, 19, b1, 1e, 07, 24, ea, dc, f5, 7e, a3, b9, 81, 2b]] } }
[2m2026-09-14T12:21:41.063472Z[0m [31mERROR[0m codec_extension ThreadId(12) [2mzenoh_codec::common::extension[0m[2m:[0m Unknown Test ext: ZExtUnknown { Id: 2, Mandatory: true, Encoding: "ZBuf", Value: ZBuf { slices: [[16, 69, 73, 43, 30, 8b, e1, 37, 52, 44, d4, 04, 07, fb, 31, 32, 9e, 9c, 28, 68, 2b, dc, d5, ce, a9, b1, 9b, b6, 43, 3e, 8b, ba, 4f, b7, 78, ce, 2e, c2, 1a, 22, 63, 0f, fd, b4, f5, f2, 5c, 3f, c5, be, db, 5f, 10, 7d, c9, 28, b0, 32, 90]] } }
[2m2026-09-14T12:21:41.063493Z[0m [31mERROR[0m codec_extension ThreadId(12) [2mzenoh_codec::common::extension[0m[2m:[0m Unknown Test ext: ZExtUnknown { Id: 2, Mandatory: true, Encoding: "ZBuf", Value: ZBuf { slices: [[4e, be, e9, 3d, 2a, f1, ae, f7, 11, ec, de, 09, ba, 16, 93, bc, d0, 16, ba, 73, 08, 41, 2b, 59, f4, ef, 7f, 71, 1e, b6, 03, cf, 60, 87, 30, 63, 5a, 08, 04, 26, d5, 9e, e8, 80, b5, 9b, 16, c1, 86, 74, ad, ea, 33, d4, fd, 6d, 9f, 0a, 15, 0f, 12, d9]] } }
[2m2026-09-14T12:21:41.063500Z[0m [31mERROR[0m codec_extension ThreadId(12) [2mzenoh_codec::common::extension[0m[2m:[0m Unknown Test ext: ZExtUnknown { Id: 2, Mandatory: true, Encoding: "ZBuf", Value: ZBuf { slices: [[cf, 84, 24, 28, 87, 43, a7, 32, 9d, 51]] } }
[2m2026-09-14T12:21:41.063519Z[0m [31mERROR[0m codec_extension ThreadId(12) [2mzenoh_codec::common::extension[0m[2m:[0m Unknown Test ext: ZExtUnknown { Id: 2, Mandatory: true, Encoding: "ZBuf", Value: ZBuf { slices: [[90, 92, aa, 9a, 21, d2, 95, f6, 84, 8a, 88, e2, ac, 4e, 02, 26, c8, 62, a6, 5a, 1f, 3d, 6c, 8d, de, e6, f4, 3d, ef, 86, 76, 3a, 1d, b7, 46, 10, 4e, 0e, d6, 2d, a3, d3, d8, 49, 1f, ea, 37, 6b, e4, 29, a6, da, de, 3c, 7a, 40, 8b, 6a, 75]] } }
[2m2026-09-14T12:21:41.063540Z[0m [31mERROR[0m codec_extension ThreadId(12) [2mzenoh_codec::common::extension[0m[2m:[0m Unknown Test ext: ZExtUnknown { Id: 2, Mandatory: true, Encoding: "ZBuf", Value: ZBuf { slices: [[1d, bb, 77, cd, 9f, d5, 95, 25, 98, 4f, 7f, cb, fb, 6d, d1, c0, d6, e9, c8, b7, ed, 17, 58, e1, 4d, d1, 57, 05, 54, b6, d4, 43, 0e, ae, d0, 4f, c6, cb]] } }
[2m2026-09-14T12:21:41.063560Z[0m [31mERROR[0m codec_extension ThreadId(12) [2mzenoh_codec::common::extension[0m[2m:[0m Unknown Test ext: ZExtUnknown { Id: 2, Mandatory: true, Encoding: "ZBuf", Value: ZBuf { slices: [[8e, 29, 18, 6e, c8, 2d, 24, 27, cc, d9, 2b, f1, 20, 4c, c0, ee, b2, a5, 05, 70, b3, 96, 54, 70, 0e, 9a, b5, b0, f5, 69, ff, ee, 7f, 98, a5, 4a, 30, 02, f8, 34, 22, 66, 23, 46, f4, f4, 77, e4, 1a, 14, d9, 95, 3a, 38, c0, 47, 17]] } }
[2m2026-09-14T12:21:41.063567Z[0m [31mERROR[0m codec_extension ThreadId(12) [2mzenoh_codec::common::extension[0m[2m:[0m Unknown Test ext: ZExtUnknown { Id: 2, Mandatory: true, Encoding: "ZBuf", Value: ZBuf { slices: [[80, 27, 47, a5, 57, 50, 59, 96, 07, 53, a9, 38, 5f, 62, 5a]] } }
[2m2026-09-14T12:21:41.063585Z[0m [31mERROR[0m codec_extension ThreadId(12) [2mzenoh_codec::common::extension[0m[2m:[0m Unknown Test ext: ZExtUnknown { Id: 2, Mandatory: true, Encoding: "ZBuf", Value: ZBuf { slices: [[96, 4d, fa, b2, 39, 83, 37, 0e, 0a, 67, d0, 29, aa, 54, 94, 64, 48, 38, 3e, 36, 25, ba, 1a, 19, 3c, 70, 43, 74, 19, 69, 0e, fe, ce, ad, e5]] } }
[2m2026-09-14T12:21:41.063605Z[0m [31mERROR[0m codec_extension ThreadId(12) [2mzenoh_codec::common::extension[0m[2m:[0m Unknown Test ext: ZExtUnknown { Id: 2, Mandatory: true, Encoding: "ZBuf", Value: ZBuf { slices: [[77, 01, 06, d8, 83, 0a, da, 18, 40, 13, da, a3, 60, bc, bc, c6, 21, 73, 21, 8a, 43, 9a, 22, 6e, 4f, cd, 8d, e1, 69, 38, b0, 1e, d4, 96, 6f, ff, 47, 0f, 91, 68, fe, 48, 6b, fd, 92, f3, ac]] } }
[2m2026-09-14T12:21:41.063626Z[0m [31mERROR[0m codec_extension ThreadId(12) [2mzenoh_codec::common::extension[0m[2m:[0m Unknown Test ext: ZExtUnknown { Id: 2, Mandatory: true, Encoding: "ZBuf", Value: ZBuf { slices: [[77, 51, 1a, 7e, db, cb, 35, 17, 4b, 84, 2d, c6, 00, 22, 7c, 6c, de, 25, 33, e5, e8, 92, 7d, 9c, 20, 90, da, d8, 69, a8, db, 98, 2e, 22, b8, e5, fd, a5, 34, 69, f1, db, 8f, 51, bc, 99, 8d, d6, d6, bb, 28, 5f, d1, 9b, 03, ce, c5, cc, e4, 46, 39, a7, 80, bf]] } }
[2m2026-09-14T12:21:41.063634Z[0m [31mERROR[0m codec_extension ThreadId(12) [2mzenoh_codec::common::extension[0m[2m:[0m Unknown Test ext: ZExtUnknown { Id: 2, Mandatory: true, Encoding: "ZBuf", Value: ZBuf { slices: [[d1, d0, c9, 36, 85, 8b, ad, 28, 2b, ca, 14, 50, 54, 17, f9, 92, 04, 64, 4c, a5, 76, ea, 74, 7f, 09, db, cf, 4f, 7d, 73, 62, 85, c1, 31, 73, 3d, e4, 23, f0, b9, 96, ff, a7, b1]] } }
[2m2026-09-14T12:21:41.063659Z[0m [31mERROR[0m codec_extension ThreadId(12) [2mzenoh_codec::common::extension[0m[2m:[0m Unknown Test ext: ZExtUnknown { Id: 2, Mandatory: true, Encoding: "ZBuf", Value: ZBuf { slices: [[62, 8f, 65, 80, 1b, 25, 35, 96, 0c, 46, f3, 89, 5b, 27, 16, bd, 78, 8b, 0e, f1, 40, 86, c5, 23, 5e, 8d, 70, c8, bb]] } }
[2m2026-09-14T12:21:41.063666Z[0m [31mERROR[0m codec_extension ThreadId(12) [2mzenoh_codec::common::extension[0m[2m:[0m Unknown Test ext: ZExtUnknown { Id: 2, Mandatory: true, Encoding: "ZBuf", Value: ZBuf { slices: [[48, 13, af, d5, a8, 4f, 65, 11, 88, 99, 33, b2, 33, 25, 6f, ed, 31, 6d, 89, 12, a4, 42, 34, da, d7, b0, 90, d4, 17]] } }
[2m2026-09-14T12:21:41.063685Z[0m [31mERROR[0m codec_extension ThreadId(12) [2mzenoh_codec::common::extension[0m[2m:[0m Unknown Test ext: ZExtUnknown { Id: 2, Mandatory: true, Encoding: "ZBuf", Value: ZBuf { slices: [[09, c2, 6c, 99, d7, 63, 17, f9, c6, f1, 2d]] } }
[2m2026-09-14T12:21:41.063689Z[0m [31mERROR[0m codec_extension ThreadId(12) [2mzenoh_codec::common::extension[0m[2m:[0m Unknown Test ext: ZExtUnknown { Id: 2, Mandatory: true, Encoding: "ZBuf", Value: ZBuf { slices: [[80, a4, 4f, a3, 96, 0c, ec, 55, 0c, 6c, 5f, a9, c8, 19, ee, e3, 3a, 9b, 0c]] } }
[2m2026-09-14T12:21:41.063709Z[0m [31mERROR[0m codec_extension ThreadId(12) [2mzenoh_codec::common::extension[0m[2m:[0m Unknown Test ext: ZExtUnknown { Id: 2, Mandatory: true, Encoding: "ZBuf", Value: ZBuf { slices: [[6a, fc, 01, ea, 6a, 45, 68, b2, 73, 87, c6, 74, fc, 6b, 56, 27, ef, 06, 07, b9, e2, 37, b9, 06, 1e, 20, 25, f1, 72, a1, 27, f9, 62, 4f, 90, 7b, 92, e3, 21, 1e, a0, 32, b5, db, 11, b4, 7f, db]] } }
[2m2026-09-14T12:21:41.063715Z[0m [31mERROR[0m codec_extension ThreadId(12) [2mzenoh_codec::common::extension[0m[2m:[0m Unknown Test ext: ZExtUnknown { Id: 2, Mandatory: true, Encoding: "ZBuf", Value: ZBuf { slices: [[e4, 38, 39, 6b, a1, 56, d5, 07, f1, e9, 9b, 1e, 54, fb, b6, 93, 77, 6e, 96, 03, 72]] } }
[2m2026-09-14T12:21:41.063734Z[0m [31mERROR[0m codec_extension ThreadId(12) [2mzenoh_codec::common::extension[0m[2m:[0m Unknown Test ext: ZExtUnknown { Id: 2, Mandatory: true, Encoding: "ZBuf", Value: ZBuf { slices: [[06, fc, cd, 49, dd, bd, fc, 97, 50, ac, 25, 79, 3f, 50, 64, c3, 86, b4, 14, 87, 6f, f4, 24, d2, 8e, df, 1a, 05, 92, 95, 30, 2e, 42, 88, 94, c8]] } }
[2m2026-09-14T12:21:41.063755Z[0m [31mERROR[0m codec_extension ThreadId(12) [2mzenoh_codec::common::extension[0m[2m:[0m Unknown Test ext: ZExtUnknown { Id: 2, Mandatory: true, Encoding: "ZBuf", Value: ZBuf { slices: [[fb, 92, 7a, 61, 77, ae, 97, 10, ec, 66, 5e, 14, ed, e5, dc, cb, be, 12, f2, 8d, 58, 1b, 66, 86, c7, ec, f9, bc, 0d, 1a, 38, 48, 6e, 7f, 28, b6, 74, 7e, 8e, fb, 47, f6, f9]] } }
[2m2026-09-14T12:21:41.063761Z[0m [31mERROR[0m codec_extension ThreadId(12) [2mzenoh_codec::common::extension[0m[2m:[0m Unknown Test ext: ZExtUnknown { Id: 2, Mandatory: true, Encoding: "ZBuf", Value: ZBuf { slices: [[b4, 8b, e4, 8e, a7, dd, d5, 6b, 83, ac, d5, 72, 84, 89, 86, 13, 23, 02, f5, 8c, ab, 19, 2c, c1, 08, 45, 39, 8f, ce, 14, 5e, b2, 40, 34, 24, d7, 07, 58, 06]] } }
[2m2026-09-14T12:21:41.063782Z[0m [31mERROR[0m codec_extension ThreadId(12) [2mzenoh_codec::common::extension[0m[2m:[0m Unknown Test ext: ZExtUnknown { Id: 2, Mandatory: true, Encoding: "ZBuf", Value: ZBuf { slices: [[7f, 0b, 8b, 5d, b4, 71, 0f, 79, 7a, bc, 90, 36, 9d, f4, 5c, 0e, b0, 4e, 5d, c8, da]] } }
[2m2026-09-14T12:21:41.063788Z[0m [31mERROR[0m codec_extension ThreadId(12) [2mzenoh_codec::common::extension[0m[2m:[0m Unknown Test ext: ZExtUnknown { Id: 2, Mandatory: true, Encoding: "ZBuf", Value: ZBuf { slices: [[5f, e6, 81, c3, da, 00, 9a, ac, 91, 7b, f5, 22, 3a, 35, 0d, c7, 64, 35, 3e, 72, a0, 30, 81]] } }
[2m2026-09-14T12:21:41.063793Z[0m [31mERROR[0m codec_extension ThreadId(12) [2mzenoh_codec::common::extension[0m[2m:[0m Unknown Test ext: ZExtUnknown { Id: 2, Mandatory: true, Encoding: "ZBuf", Value: ZBuf { slices: [[e4, 5f, 23, 9f, 40, 69, b8, 26, e7, 54, 96, 04, b9, 12, 75, 5d, ec, 10, 1f, 85, 2b, 72, 79]] } }
[2m2026-09-14T12:21:41.063812Z[0m [31mERROR[0m codec_extension ThreadId(12) [2mzenoh_codec::common::extension[0m[2m:[0m Unknown Test ext: ZExtUnknown { Id: 2, Mandatory: true, Encoding: "ZBuf", Value: ZBuf { slices: [[3f, 82, 22, 45, 6a, 88, b1, c3, 09, 6e, 41, f2, c3]] } }
[2m2026-09-14T12:21:41.063831Z[0m [31mERROR[0m codec_extension ThreadId(12) [2mzenoh_codec::common::extension[0m[2m:[0m Unknown Test ext: ZExtUnknown { Id: 2, Mandatory: true, Encoding: "ZBuf", Value: ZBuf { slices: [[95, 22, 17, 44, b6, 3f, 41, 55, 51, 13, e4, fa, e7, 8d, 25, c3, 33, 36, 70, 9e, f2, fb, 7a, 59, a5, 51, 61, 51, ee, b7, df, 1b, 41, ce, 1f, 43, 34, a3, 6d, a6, 71, a0, cf, 9a, c6, 11, 4e, bc, a0, e5, e2, ea, a6, 2a, b6, a9, da, 82, 00, 52, c8, 48, f2]] } }
[2m2026-09-14T12:21:41.063852Z[0m [31mERROR[0m codec_extension ThreadId(12) [2mzenoh_codec::common::extension[0m[2m:[0m Unknown Test ext: ZExtUnknown { Id: 2, Mandatory: true, Encoding: "ZBuf", Value: ZBuf { slices: [[00, a3, a2, 0a, ba, 87, 37, 8e, 31, 59, 2c, df, f3, 65, 99, 21, ea, 3c, 6e, 79, ee, 3b, eb, f0, 26, c0, ab, 8c, d7, 3e, 3f, ea, 36, 37, f8, da, f2, b4, bf, a0, e6, be, 1b, 82, 62, 75, f6, ad, 9b, 20, d8, ba, 56, 6d, 3c, 47, 13, be, eb]] } }
[2m2026-09-14T12:21:41.063859Z[0m [31mERROR[0m codec_extension ThreadId(12) [2mzenoh_codec::common::extension[0m[2m:[0m Unknown Test ext: ZExtUnknown { Id: 2, Mandatory: true, Encoding: "ZBuf", Value: ZBuf { slices: [[f3, 54, ad, cf, dd, 43, 56, ad, f0, 9f, f3, 2f, cd, 8f, 10, 73]] } }
[2m2026-09-14T12:21:41.063878Z[0m [31mERROR[0m codec_extension ThreadId(12) [2mzenoh_codec::common::extension[0m[2m:[0m Unknown Test ext: ZExtUnknown { Id: 2, Mandatory: true, Encoding: "ZBuf", Value: ZBuf { slices: [[a7, 03, d2, 53, c0, 85, 9f, 6b, da, ef, ee, 60, 58, 9b, dc, 77, 1d, 6f, d8, 7f, 20, a3, eb, e9, 25, fe, 56, 19, 9a, 9f, 0f, 1c, be, 7c, 21, dd, 9b, 04, 64, 5e, 91, 64, f2, 75, 97, b4, ee, 53, dd, ef, 88, c3, d4, 6e]] } }
[2m2026-09-14T12:21:41.063885Z[0m [31mERROR[0m codec_extension ThreadId(12) [2mzenoh_codec::common::extension[0m[2m:[0m Unknown Test ext: ZExtUnknown { Id: 2, Mandatory: true, Encoding: "ZBuf", Value: ZBuf { slices: [[f5, 65, b5, 36, ed, d0, 7b, 44, 83, 2c, 86, d5, de, f3, d6, 19, a7, 19, 9b, 45, e6, a9, ff, 8d, 86, 6f, 47, 2c, 22, f1, ab]] } }
[2m2026-09-14T12:21:41.063904Z[0m [31mERROR[0m codec_extension ThreadId(12) [2mzenoh_codec::common::extension[0m[2m:[0m Unknown Test ext: ZExtUnknown { Id: 2, Mandatory: true, Encoding: "ZBuf", Value: ZBuf { slices: [[88, 71, 50, 60, cd, c7, be, 87, 0f, 52, e5, 46, 7d, 32, ef, 7b, 17, 8b, 39, d9, 25, d0, 0d]] } }
[2m2026-09-14T12:21:41.063924Z[0m [31mERROR[0m codec_extension ThreadId(12) [2mzenoh_codec::common::extension[0m[2m:[0m Unknown Test ext: ZExtUnknown { Id: 2, Mandatory: true, Encoding: "ZBuf", Value: ZBuf { slices: [[98, 05, 5c, 87, 05, 25, 7b, fb, a3, 0c, be, 17, dc, 08, df, 44, 8b, 6c, 50, 40, 1a, 7d, 72, 8f, d5, 79, a1, 3a, 23, 4f, de, ae, 35, df, 76, df, 57, d0, 51, fa, bf, 17, 18, 34, 9c, e8, 98, 09, 75, 43, f8]] } }
[2m2026-09-14T12:21:41.063946Z[0m [31mERROR[0m codec_extension ThreadId(12) [2mzenoh_codec::common::extension[0m[2m:[0m Unknown Test ext: ZExtUnknown { Id: 2, Mandatory: true, Encoding: "ZBuf", Value: ZBuf { slices: [[58, 36, 67, 19, e7, f6, f4, a7, d2, a5, de, f5, 3d, e6, 22, b4, 67, 06, cd, 05, 39, f9, ae, a8, f5, 73, f7, 0e, b4, 40, 03, 7c, 78, f1, 2a, bb, b0, b2, 66, 07, 48, 3e, d3, 41, da, 97, 42, 8c, eb, d4, 7c, c8, 3b]] } }
[2m2026-09-14T12:21:41.063953Z[0m [31mERROR[0m codec_extension ThreadId(12) [2mzenoh_codec::common::extension[0m[2m:[0m Unknown Test ext: ZExtUnknown { Id: 2, Mandatory: true, Encoding: "ZBuf", Value: ZBuf { slices: [[ef, 64, 04, 3e, 00, b2, 86, e9, eb, f9, af, eb, c2, d6, a5, 33, d1, d3, d0, 13, b4, d0, f7]] } }
[2m2026-09-14T12:21:41.063958Z[0m [31mERROR[0m codec_extension ThreadId(12) [2mzenoh_codec::common::extension[0m[2m:[0m Unknown Test ext: ZExtUnknown { Id: 2, Mandatory: true, Encoding: "ZBuf", Value: ZBuf { slices: [[dd, 36, cf, 61, 10, 7d, 30, 47, 98, 25, d7, 6f, 6e, e6, 74, 2d, 7e, a1, 6c, a5, d6, c9, f1, 87, e9]] } }
[2m2026-09-14T12:21:41.063977Z[0m [31mERROR[0m codec_extension ThreadId(12) [2mzenoh_codec::common::extension[0m[2m:[0m Unknown Test ext: ZExtUnknown { Id: 2, Mandatory: true, Encoding: "ZBuf", Value: ZBuf { slices: [[dc, d9, 7a, 1b, 02, 94, 6e, 2a, 9a, bc, 8d, 3c, b9, 8c, 5a, 8b, 54, b2, f1, a0, 3b]] } }
[2m2026-09-14T12:21:41.063982Z[0m [31mERROR[0m codec_extension ThreadId(12) [2mzenoh_codec::common::extension[0m[2m:[0m Unknown Test ext: ZExtUnknown { Id: 2, Mandatory: true, Encoding: "ZBuf", Value: ZBuf { slices: [[30, c5, cd, 8d, 53, c7, 0c, 67, ea, 7b, c7, c0, b3, 7f, 58, 93, 3d, 6d, b8, f9]] } }
[2m2026-09-14T12:21:41.064001Z[0m [31mERROR[0m codec_extension ThreadId(12) [2mzenoh_codec::common::extension[0m[2m:[0m Unknown Test ext: ZExtUnknown { Id: 2, Mandatory: true, Encoding: "ZBuf", Value: ZBuf { slices: [[1f, 13, ab, 0e, 7c, 7f, 72, 61, 02, a7, ac, b3, 84, 67, 36, da, b0, 75, 65, 47, fe, 8d, ee, 01, 75, 16, cf, db, d9]] } }
[2m2026-09-14T12:21:41.064007Z[0m [31mERROR[0m codec_extension ThreadId(12) [2mzenoh_codec::common::extension[0m[2m:[0m Unknown Test ext: ZExtUnknown { Id: 2, Mandatory: true, Encoding: "ZBuf", Value: ZBuf { slices: [[67, ba, 05, 7d, 33, 48, d4, e3, 24, 08, e0, 73, 4a, 21, 32, 92, e8, 14, 62, da, ab, c0, 76, 45, 50, f5, 80, 99, e9, 44, b6, f0, c6, 54, e0, cc]] } }
[2m2026-09-14T12:21:41.064026Z[0m [31mERROR[0m codec_extension ThreadId(12) [2mzenoh_codec::common::extension[0m[2m:[0m Unknown Test ext: ZExtUnknown { Id: 2, Mandatory: true, Encoding: "ZBuf", Value: ZBuf { slices: [[8b, 35, 08, 52, 17, 28, 58, a5, f0, d3, 6a, 2b, f1, 67, e7, f1, 7a, 47, 6e, 2e, d2, 54, 4b, 3e, a5, 43, 7c, f1, 91, 2c, 0f]] } }
[2m2026-09-14T12:21:41.064046Z[0m [31mERROR[0m codec_extension ThreadId(12) [2mzenoh_codec::common::extension[0m[2m:[0m Unknown Test ext: ZExtUnknown { Id: 2, Mandatory: true, Encoding: "ZBuf", Value: ZBuf { slices: [[75, be, e6, fa, 4a, b3, de, dd, ac, 6d, 0a, 30, cb, cd, ee, f6, 50, fa, 8b, 2c, c6, eb, ce, 3b, 23, 38, d5, 46, 5f, 8b, 45, f4, ee, b6, db, 37, 84, d3, 2a, 75, 7e, c5, bd, e8, 7e, 82, f6, e2, 42, ae, 00]] } }
[2m2026-09-14T12:21:41.064053Z[0m [31mERROR[0m codec_extension ThreadId(12) [2mzenoh_codec::common::extension[0m[2m:[0m Unknown Test ext: ZExtUnknown { Id: 2, Mandatory: true, Encoding: "ZBuf", Value: ZBuf { slices: [[91, 00, 82, 82, 3e, 47, 99, fb, 3f, 9b, b3, 3c, fe, b2, 30, 31, 36]] } }
[2m2026-09-14T12:21:41.064072Z[0m [31mERROR[0m codec_extension ThreadId(12) [2mzenoh_codec::common::extension[0m[2m:[0m Unknown Test ext: ZExtUnknown { Id: 2, Mandatory: true, Encoding: "ZBuf", Value: ZBuf { slices: [[03, a2, c3, fc, ac, df, be, eb, e9, 62, 2e, 4b, e0, 19, fd, 12, 21, 88, 9e, f0, 7a, 4c, 88, ce, b0, 10, e2, 65, a7, b7, 4e, 7c, fc, 72, c6, 88, 07, f3, f1, 0d, a9, 41, 28, ef, e7, f8, 6c, f6, 7a, 84, ae, 8e, 34, 98, 71, db, c9, 1d, 14]] } }
[2m2026-09-14T12:21:41.064080Z[0m [31mERROR[0m codec_extension ThreadId(12) [2mzenoh_codec::common::extension[0m[2m:[0m Unknown Test ext: ZExtUnknown { Id: 2, Mandatory: true, Encoding: "ZBuf", Value: ZBuf { slices: [[17, ac, 32, 8a, 8d, eb, cd, 5c, c3, fe, 8e, 71, b8, 32, 38, d6, 24, 16, 25]] } }
[2m2026-09-14T12:21:41.064099Z[0m [31mERROR[0m codec_extension ThreadId(12) [2mzenoh_codec::common::extension[0m[2m:[0m Unknown Test ext: ZExtUnknown { Id: 2, Mandatory: true, Encoding: "ZBuf", Value: ZBuf { slices: [[1d, ce, b5, 1b, 13, 33, 98, d6, 58, f3, 40, 80, c2, 22]] } }
[2m2026-09-14T12:21:41.064104Z[0m [31mERROR[0m codec_extension ThreadId(12) [2mzenoh_codec::common::extension[0m[2m:[0m Unknown Test ext: ZExtUnknown { Id: 2, Mandatory: true, Encoding: "ZBuf", Value: ZBuf { slices: [[45, 8d, c5, e2, ea, 86, 7f, e1, bb, 8a, 1c, e3, 9b, 01, 48, 03, 72, 5a, 98, 1f, 81, cf, e9]] } }
[2m2026-09-14T12:21:41.064109Z[0m [31mERROR[0m codec_extension ThreadId(12) [2mzenoh_codec::common::extension[0m[2m:[0m Unknown Test ext: ZExtUnknown { Id: 2, Mandatory: true, Encoding: "ZBuf", Value: ZBuf { slices: [[e9, 3f, 28, 7e, 59, 28, 45, 55, 58, b2, a3, 49, a0, fa, d6, 18, 57, bb, 00, 39, 63]] } }
[2m2026-09-14T12:21:41.064129Z[0m [31mERROR[0m codec_extension ThreadId(12) [2mzenoh_codec::common::extension[0m[2m:[0m Unknown Test ext: ZExtUnknown { Id: 2, Mandatory: true, Encoding: "ZBuf", Value: ZBuf { slices: [[72, b7, 9b, 4a, a6, 9c, f1, ac, 32, 88, 8e, 12, 67, e8, a0, d9, 3f, 8b, 1b, 77, 26, a4, 74, 0b, aa, b6, 18, 56, 38, 45, 71, c3, aa, 7d, 0e, cc, 1a, 84, 74, 28, 09, f6, 85, 2f, 4e, 6f, 65, 77, 92, 46, 49, 08, 4b, 94, 98, 8c, ba]] } }
[2m2026-09-14T12:21:41.064149Z[0m [31mERROR[0m codec_extension ThreadId(12) [2mzenoh_codec::common::extension[0m[2m:[0m Unknown Test ext: ZExtUnknown { Id: 2, Mandatory: true, Encoding: "ZBuf", Value: ZBuf { slices: [[fd, 4b, 06, 68, b4, 6c, d0, d8, 67, 3c, 36, af, 37, 22, fe, 28, 47, 15, 61, aa, 77, 9a, 5d, cc, af, 91, 68, 67, 59, b2, 4a, a5, ec, c6, 89, 38, df, 48, ca]] } }
[2m2026-09-14T12:21:41.064155Z[0m [31mERROR[0m codec_extension ThreadId(12) [2mzenoh_codec::common::extension[0m[2m:[0m Unknown Test ext: ZExtUnknown { Id: 2, Mandatory: true, Encoding: "ZBuf", Value: ZBuf { slices: [[4e, 9d, 9b, 9e, 4a, 43, 0d, 61]] } }
[2m2026-09-14T12:21:41.064173Z[0m [31mERROR[0m codec_extension ThreadId(12) [2mzenoh_codec::common::extension[0m[2m:[0m Unknown Test ext: ZExtUnknown { Id: 2, Mandatory: true, Encoding: "ZBuf", Value: ZBuf { slices: [[32, 17, 06, 2d, 5c, 9b, c9, 2f, b3, 9c, 2f, 50, 78, 70, a8, 13, 9b, a0, 72, 1e, 41, 70, 42]] } }
[2m2026-09-14T12:21:41.064179Z[0m [31mERROR[0m codec_extension ThreadId(12) [2mzenoh_codec::common::extension[0m[2m:[0m Unknown Test ext: ZExtUnknown { Id: 2, Mandatory: true, Encoding: "ZBuf", Value: ZBuf { slices: [[4e, d3, 32, be, c6, f2, 26, 56, 11, 27, 9a, 9f, ee, ad, 75, 91, 56, f6, 54, f0, ba, 61, 33, e7, 93, 29, 16, f9, 5e, f4, 04, 15, a7, 5c, a7, 7b, 80, ec, 8c, 26, 27, 59, ee, 1a, a8, 2a, 60, 56, 90, 8b]] } }
[2m2026-09-14T12:21:41.064199Z[0m [31mERROR[0m codec_extension ThreadId(12) [2mzenoh_codec::common::extension[0m[2m:[0m Unknown Test ext: ZExtUnknown { Id: 2, Mandatory: true, Encoding: "ZBuf", Value: ZBuf { slices: [[1d, 84, eb, 5a, 2b, 45, eb, c4, 51, 52, c6, 2c, 6b, df, ba, e7, 58, 99]] } }
[2m2026-09-14T12:21:41.064218Z[0m [31mERROR[0m codec_extension ThreadId(12) [2mzenoh_codec::common::extension[0m[2m:[0m Unknown Test ext: ZExtUnknown { Id: 2, Mandatory: true, Encoding: "ZBuf", Value: ZBuf { slices: [[e7, cb, 99, f0, 89, a7, a4, ce, 5a, 2c, 37, b4, 40, b2, 53, 89, e7, e0, 19, ea, 89, 50, 0f, 66, 0e, a6, c7, 8f, c4, 4c, f1, 8b, c0, a4, fb, 57, 05, 0b, 4c, 1a, 76, 63, 50, 16, 76, b3, 13]] } }
[2m2026-09-14T12:21:41.064224Z[0m [31mERROR[0m codec_extension ThreadId(12) [2mzenoh_codec::common::extension[0m[2m:[0m Unknown Test ext: ZExtUnknown { Id: 2, Mandatory: true, Encoding: "ZBuf", Value: ZBuf { slices: [[d3, eb, 6a, 76, 67, 2e, 32, f9, 83, fb, b6, 67, d8, 6e, 8b, c6, 47, b5, 0e, d2, fb, 18, a5, a5, e0, a7, 7d, fc]] } }
[2m2026-09-14T12:21:41.064245Z[0m [31mERROR[0m codec_extension ThreadId(12) [2mzenoh_codec::common::extension[0m[2m:[0m Unknown Test ext: ZExtUnknown { Id: 2, Mandatory: true, Encoding: "ZBuf", Value: ZBuf { slices: [[2d, 40, 7e, 25, fa, 61, 63, c7, 9f, cd, c6, 6a, 16, 41, e7, 91, 57, 2b, bc, 6f, 74, e7, 95, df, ce, a3, 0f, 83, fa, 4d, 42, 2a, 77, 81, 6d, bf, 88, de, 20, 8c, 88, 13, 94, 02, e6, 6e, 64, d7, 95, 90, 42, d3, 12, 84, c1, fd, b2, b9, b9]] } }
[2m2026-09-14T12:21:41.064265Z[0m [31mERROR[0m codec_extension ThreadId(12) [2mzenoh_codec::common::extension[0m[2m:[0m Unknown Test ext: ZExtUnknown { Id: 2, Mandatory: true, Encoding: "ZBuf", Value: ZBuf { slices: [[f1, 32, ca, b8, b2, 0e, bd, 39, f1, 05, e5, 8e, 0b, 13, 63, 81, 0f, f8, 57, 87, 1e, 40, c7, 2a, 5f, 27, f8, 2c, da, 3e, 9e, f2, b4, 69, fb, 57, ae, 24, ed, 44, 5d, 62, d2, cc, 33, 10, b8, d7, 20, 45, f9, 65, c1, 43, d2]] } }
[2m2026-09-14T12:21:41.064286Z[0m [31mERROR[0m codec_extension ThreadId(12) [2mzenoh_codec::common::extension[0m[2m:[0m Unknown Test ext: ZExtUnknown { Id: 2, Mandatory: true, Encoding: "ZBuf", Value: ZBuf { slices: [[ac, 2e, 5a, be, e9, 3e, ea, b4, 92, 5c, 88, e4, 7e, 05, e2, f9, f9, 7a, 38, 7b, a3, 83, ec, e0, 38, 50, 2b, d3, cc, 41, bc, 86, 09, 0e, aa, 07, f7, 2e, a1, ad, a4, ed, d1, bf]] } }
[2m2026-09-14T12:21:41.064292Z[0m [31mERROR[0m codec_extension ThreadId(12) [2mzenoh_codec::common::extension[0m[2m:[0m Unknown Test ext: ZExtUnknown { Id: 2, Mandatory: true, Encoding: "ZBuf", Value: ZBuf { slices: [[4d, 2a, dd, 99, 99, c7, c5, 1e]] } }
[2m2026-09-14T12:21:41.064297Z[0m [31mERROR[0m codec_extension ThreadId(12) [2mzenoh_codec::common::extension[0m[2m:[0m Unknown Test ext: ZExtUnknown { Id: 2, Mandatory: true, Encoding: "ZBuf", Value: ZBuf { slices: [[ad, 43, 6b, 9f, 36, 68, 15, fa, c1, 58, eb, b3, 2b, 3c, 26, e2, 1a, 05, bf, 27, dd, 1b, 60, 8f, 19, 11]] } }
[2m2026-09-14T12:21:41.064316Z[0m [31mERROR[0m codec_extension ThreadId(12) [2mzenoh_codec::common::extension[0m[2m:[0m Unknown Test ext: ZExtUnknown { Id: 2, Mandatory: true, Encoding: "ZBuf", Value: ZBuf { slices: [[b6, eb, 58, 20, 11, da, dd, 90, bd, 87, f9, f7, d8, d3, fd, 44, 96, 1f, 32, a3, ae, 31, 0a, c0, a9, 3e, a0, 52, 7f, 8b, 78, e5, 9a, 57, 01, dc, b3, 9a, 1a, 7a, 15, 6e, f2, ec, 94, 58, 79, 75, 49, 62, 03, f4, e3, d2, 04, 91, 40]] } }
[2m2026-09-14T12:21:41.064323Z[0m [31mERROR[0m codec_extension ThreadId(12) [2mzenoh_codec::common::extension[0m[2m:[0m Unknown Test ext: ZExtUnknown { Id: 2, Mandatory: true, Encoding: "ZBuf", Value: ZBuf { slices: [[b8, f1, 7c, c1, 28, 07, ed, 2b, 7c]] } }
[2m2026-09-14T12:21:41.064341Z[0m [31mERROR[0m codec_extension ThreadId(12) [2mzenoh_codec::common::extension[0m[2m:[0m Unknown Test ext: ZExtUnknown { Id: 2, Mandatory: true, Encoding: "ZBuf", Value: ZBuf { slices: [[ec, a7, ba, fe, c8, 07, c7, d8, ff, d3, a9, ff, fa, 5b, cd, 9d, a1, 3e, 04, cd, f8, 21, 70, 9d, 20, 7b, bb, 0f, a6, 23, 65, 4a, f5, 1a, 6e, ab, f4, 34, ea, d9, 8c, 59, 7b, 19, 93]] } }
[2m2026-09-14T12:21:41.064361Z[0m [31mERROR[0m codec_extension ThreadId(12) [2mzenoh_codec::common::extension[0m[2m:[0m Unknown Test ext: ZExtUnknown { Id: 2, Mandatory: true, Encoding: "ZBuf", Value: ZBuf { slices: [[e8, 7d, f5, 59, 14, 18, d7, 97, d6, 31, 67, ad, 4d, 16, 92, e1, 7b, 36, f1, 07, f4, 37, 5d, 44, 53, 27, db, 55, fb, bc, 6c, cd, d0, 57, 17, 6e, eb, 3a, 5d, c0]] } }
[2m2026-09-14T12:21:41.064368Z[0m [31mERROR[0m codec_extension ThreadId(12) [2mzenoh_codec::common::extension[0m[2m:[0m Unknown Test ext: ZExtUnknown { Id: 2, Mandatory: true, Encoding: "ZBuf", Value: ZBuf { slices: [[17, 56, c4, 18, 17, e9, 03, f6, ca, 95, 88, 5d, 52, 8c, 10]] } }
[2m2026-09-14T12:21:41.064386Z[0m [31mERROR[0m codec_extension ThreadId(12) [2mzenoh_codec::common::extension[0m[2m:[0m Unknown Test ext: ZExtUnknown { Id: 2, Mandatory: true, Encoding: "ZBuf", Value: ZBuf { slices: [[fd, b4, bd, 53, f7, 94, 22, db, 98, fb, 7f, 17, 19, 19, 53, 48, f0, af, 83, 36, f8, a7, 49, 9b, e6, 43, 7e, 0d, da, ba, 8b, 20, 4f, 96, a3, 30, 55, 7b, 39, e5, 30, cd, e5, 81, fc, 3f, 3d, 20, 9c, 1b, b7, 7c, 2b, d2, 42, a7, 53, b6, 5e, 5f, 7a]] } }
[2m2026-09-14T12:21:41.064408Z[0m [31mERROR[0m codec_extension ThreadId(12) [2mzenoh_codec::common::extension[0m[2m:[0m Unknown Test ext: ZExtUnknown { Id: 2, Mandatory: true, Encoding: "ZBuf", Value: ZBuf { slices: [[69, af, fc, a8, a3, a9, 84, ba, 6f, c1, c6, ed, 64, b7, 64, f5, 7f, 6c, bb, b2, 86, 30, 77, ef, 3b, 9f, 56, 45, 3d, b9, d7, 19, da, 68, f2, 7c, 24, 01, e8, 4a, 9f, 75]] } }
[2m2026-09-14T12:21:41.064428Z[0m [31mERROR[0m codec_extension ThreadId(12) [2mzenoh_codec::common::extension[0m[2m:[0m Unknown Test ext: ZExtUnknown { Id: 2, Mandatory: true, Encoding: "ZBuf", Value: ZBuf { slices: [[cc, 24, 99, 14, 22, 37, 34, 6a, 01, 96, 79, 00, 40, 07, df, b1, 23, 43, 13, a0, 40, 31, a5, fc, 05, 18, 53, e2, 44, 22, c2, 59, e9, 17, 54, 5e, ca, a9, 67, 46, dc, 23, c0, d5, 93, b1, 27, af, f9, 35, a7, d0, 23, 4a, 7f, da, d0, b7, 6f, 0a, 15, 1c]] } }
[2m2026-09-14T12:21:41.064436Z[0m [31mERROR[0m codec_extension ThreadId(12) [2mzenoh_codec::common::extension[0m[2m:[0m Unknown Test ext: ZExtUnknown { Id: 2, Mandatory: true, Encoding: "ZBuf", Value: ZBuf { slices: [[2f, f4, e9, 09, 3c, 01, ef, 2f, 56, 2b, 60, 80, a0, 20, 98, 81, 13, a0, d7, 54, 0a, 3e, 91, d8, 64, 0a, a3, c5, 00, 46, 65, 16, 24, 3f, 44, 4a]] } }
[2m2026-09-14T12:21:41.064455Z[0m [31mERROR[0m codec_extension ThreadId(12) [2mzenoh_codec::common::extension[0m[2m:[0m Unknown Test ext: ZExtUnknown { Id: 2, Mandatory: true, Encoding: "ZBuf", Value: ZBuf { slices: [[37, 29, 6a, 4f, f6, 64, 65, ed, cc, c4, a6, 23, cc, 29, 37, e8, 63, c6, 1b, 33, 4d, a1, 1d, f5, 78, 89, df, 8e, 82, 0c, 42, 42, 43, 25, 4d, 1a, 44, c0]] } }
[2m2026-09-14T12:21:41.064461Z[0m [31mERROR[0m codec_extension ThreadId(12) [2mzenoh_codec::common::extension[0m[2m:[0m Unknown Test ext: ZExtUnknown { Id: 2, Mandatory: true, Encoding: "ZBuf", Value: ZBuf { slices: [[71, 35, 7c, 0d, 77, 89, 67, b3, 68, 71, 02, f5, 0a, 0d, 39, 78, 4d, 3f, 73, 62]] } }
[2m2026-09-14T12:21:41.064480Z[0m [31mERROR[0m codec_extension ThreadId(12) [2mzenoh_codec::common::extension[0m[2m:[0m Unknown Test ext: ZExtUnknown { Id: 2, Mandatory: true, Encoding: "ZBuf", Value: ZBuf { slices: [[5b, 12, 1a, 81, 46, 4a, bf, ff, 99, 8b, 72, 85, 6f, 59, 99, 28, 0a, a4, f2, 80, 7e, 2e, d0, be, 17, 1f, 29, 46, ae, 6a, f0, 24, ae, 5e, 5b, 28, ec, 24, c7, 71, 0a]] } }
[2m2026-09-14T12:21:41.064500Z[0m [31mERROR[0m codec_extension ThreadId(12) [2mzenoh_codec::common::extension[0m[2m:[0m Unknown Test ext: ZExtUnknown { Id: 2, Mandatory: true, Encoding: "ZBuf", Value: ZBuf { slices: [[c6, 04, 0e, 0f, 43, 85, 0c, 87, 42, d3, cb, e8, f1, e3, 76, 8d, a4, fe, ca, b2, ec, a1, f8, 73, ae, 86, 5e, 14, 72, cd]] } }
[2m2026-09-14T12:21:41.064506Z[0m [31mERROR[0m codec_extension ThreadId(12) [2mzenoh_codec::common::extension[0m[2m:[0m Unknown Test ext: ZExtUnknown { Id: 2, Mandatory: true, Encoding: "ZBuf", Value: ZBuf { slices: [[86, eb, f2, eb, c5, 7a, 31, 5a, 98, c5, b0, 4c, ec, 6b, 20, e4, a6, 33, 5b, 45, 40, f1, b4, be, c1, 84, 80, db]] } }
[2m2026-09-14T12:21:41.064525Z[0m [31mERROR[0m codec_extension ThreadId(12) [2mzenoh_codec::common::extension[0m[2m:[0m Unknown Test ext: ZExtUnknown { Id: 2, Mandatory: true, Encoding: "ZBuf", Value: ZBuf { slices: [[9b, b9, e3, 92, 53, ca, ed, ad, 6c, 96, ad, cc, 59, 76, 1f, e7, d6, d7, ad, 2f, 08, 39]] } }
[2m2026-09-14T12:21:41.064530Z[0m [31mERROR[0m codec_extension ThreadId(12) [2mzenoh_codec::common::extension[0m[2m:[0m Unknown Test ext: ZExtUnknown { Id: 2, Mandatory: true, Encoding: "ZBuf", Value: ZBuf { slices: [[1d, 2b, ae, 69, bf, d2, 13, e6, 78, 32, 4d, c5, 72, 6a, 2b, 24, 6c, 34, da, 0a, 15, 2f, 7a, f3, ec, 61, 8a, 5c, c3, 5a, 1a, 19, 62, 9c]] } }
[2m2026-09-14T12:21:41.064551Z[0m [31mERROR[0m codec_extension ThreadId(12) [2mzenoh_codec::common::extension[0m[2m:[0m Unknown Test ext: ZExtUnknown { Id: 2, Mandatory: true, Encoding: "ZBuf", Value: ZBuf { slices: [[2a, 99, 56, 9c, 69, 22, c2, 56, 53, 98, 86, a7, c5, 1d, 27, 97, e6, e5, b0, df, b8, 46, ce, 13, bd, f3, a1, 5c, 27, 8b, 54, 4c, 57, 0d, 77, b1, 71, 4e, a9, 78, cc, e8, ac, b7, e4, 1c, 37, d9]] } }
[2m2026-09-14T12:21:41.064558Z[0m [31mERROR[0m codec_extension ThreadId(12) [2mzenoh_codec::common::extension[0m[2m:[0m Unknown Test ext: ZExtUnknown { Id: 2, Mandatory: true, Encoding: "ZBuf", Value: ZBuf { slices: [[92, ef, b7, e1, a8, ce, 6d, 8e, 56, e6, 43, 78, e7, 29, 38, e6, 79]] } }
[2m2026-09-14T12:21:41.064576Z[0m [31mERROR[0m codec_extension ThreadId(12) [2mzenoh_codec::common::extension[0m[2m:[0m Unknown Test ext: ZExtUnknown { Id: 2, Mandatory: true, Encoding: "ZBuf", Value: ZBuf { slices: [[89, 1c, 5f, fd, 44, 45, 3f, 6b, fd, 9e, 78, d2, f9, be, 6a, 59, 5b, c9, 10, 2c, 99, cf, 0a, 84, 39, 38, e6, cd, 9e, 1a]] } }
[2m2026-09-14T12:21:41.064582Z[0m [31mERROR[0m codec_extension ThreadId(12) [2mzenoh_codec::common::extension[0m[2m:[0m Unknown Test ext: ZExtUnknown { Id: 2, Mandatory: true, Encoding: "ZBuf", Value: ZBuf { slices: [[5d, 82, 00, 13, 76, c2, 21, d0, 88, f8, 83, 7b, 6a, 25, 4b, b0, 0d, be, 07, 17, b4, 68, 2b, dc, 2c, 13, 30, 85, 45, 1f, 44, 40, d0, c5, fa, db]] } }
[2m2026-09-14T12:21:41.064601Z[0m [31mERROR[0m codec_extension ThreadId(12) [2mzenoh_codec::common::extension[0m[2m:[0m Unknown Test ext: ZExtUnknown { Id: 2, Mandatory: true, Encoding: "ZBuf", Value: ZBuf { slices: [[8f, ad, f4, 3e, da, 26, 02, bd, be, 1a, 3b, f7, a1, 46, 21, 53, 1e]] } }
[2m2026-09-14T12:21:41.064620Z[0m [31mERROR[0m codec_extension ThreadId(12) [2mzenoh_codec::common::extension[0m[2m:[0m Unknown Test ext: ZExtUnknown { Id: 2, Mandatory: true, Encoding: "ZBuf", Value: ZBuf { slices: [[7c, a2, d8, 5e, 6c, 0d, 43, e7, d5, d9, d7, 62, 11, 3a, 14, c6, 9a, fc, 84, 4e, 75, 8e, 80, 74, 5a, 58, 75, d3, e7, bd, b5, 8d, 57, 2b, 71, e3, 7d, 14, 3f, 0b, c1, b5, 62, 80, 88, b6, 47, df, 42, 37]] } }
[2m2026-09-14T12:21:41.064627Z[0m [31mERROR[0m codec_extension ThreadId(12) [2mzenoh_codec::common::extension[0m[2m:[0m Unknown Test ext: ZExtUnknown { Id: 2, Mandatory: true, Encoding: "ZBuf", Value: ZBuf { slices: [[c7, c5, 71, 37, 7c, 7c, 8b, dc, 88, 3d, 0f, 95, 12, 0c, ba, 0a, 0f, 71, ee, c9, a8, a8, 48, 87, cc, ca, 8e, f5, 82, e4, 4b, bd, 12]] } }
[2m2026-09-14T12:21:41.064654Z[0m [31mERROR[0m codec_extension ThreadId(12) [2mzenoh_codec::common::extension[0m[2m:[0m Unknown Test ext: ZExtUnknown { Id: 2, Mandatory: true, Encoding: "ZBuf", Value: ZBuf { slices: [[2b, 21, e1, 12, fd, b6, a5, 09, 6b, 5f, 4f, c8, 94, 6b, c2, 35, 03, a4, 9a, 47, 0e, 53, e7, a2, 06, 64, 14]] } }
[2m2026-09-14T12:21:41.064661Z[0m [31mERROR[0m codec_extension ThreadId(12) [2mzenoh_codec::common::extension[0m[2m:[0m Unknown Test ext: ZExtUnknown { Id: 2, Mandatory: true, Encoding: "ZBuf", Value: ZBuf { slices: [[aa, 4c, b6, cd, 3e, be, 34, 4a, 6d, f7, 9a, ba, 12, 6d, 1b, 92, 5c, 08, a2, 6a, d0, af, 38, 23, cc, d9, a0, 90, 8e, a4, 0a, 77, 14, 99, 10, d0, 08, 29, 6d, 98, 61, 50, de, 28]] } }
[2m2026-09-14T12:21:41.064681Z[0m [31mERROR[0m codec_extension ThreadId(12) [2mzenoh_codec::common::extension[0m[2m:[0m Unknown Test ext: ZExtUnknown { Id: 2, Mandatory: true, Encoding: "ZBuf", Value: ZBuf { slices: [[93, 4b, fe, 43, 4a, 3d, 88, 39, ec, 9b, 47, 1a, fd, 8f, ca, 7f, e4, 98, 19, ff, 99, 17, 12, f7, 43, f1, bc, 4a, a6, 1e, 13, d5, 93, b6, db, d0, bd, 7d, 72, 39]] } }
[2m2026-09-14T12:21:41.067383Z[0m [31mERROR[0m codec_extension ThreadId(12) [2mzenoh_codec::common::extension[0m[2m:[0m Unknown Test ext: ZExtUnknown { Id: 5, Mandatory: true, Encoding: "Unit" }
[2m2026-09-14T12:21:41.067388Z[0m [31mERROR[0m codec_extension ThreadId(12) [2mzenoh_codec::common::extension[0m[2m:[0m Unknown Test ext: ZExtUnknown { Id: 8, Mandatory: true, Encoding: "Z64", Value: 9072240368003544237 }
[2m2026-09-14T12:21:41.067421Z[0m [31mERROR[0m codec_extension ThreadId(12) [2mzenoh_codec::common::extension[0m[2m:[0m Unknown Test ext: ZExtUnknown { Id: 4, Mandatory: true, Encoding: "Unit" }
[2m2026-09-14T12:21:41.067486Z[0m [31mERROR[0m codec_extension ThreadId(12) [2mzenoh_codec::common::extension[0m[2m:[0m Unknown Test ext: ZExtUnknown { Id: 7, Mandatory: true, Encoding: "Unit" }
[2m2026-09-14T12:21:41.067511Z[0m [31mERROR[0m codec_extension ThreadId(12) [2mzenoh_codec::common::extension[0m[2m:[0m Unknown Test ext: ZExtUnknown { Id: 13, Mandatory: true, Encoding: "Unit" }
[2m2026-09-14T12:21:41.067547Z[0m [31mERROR[0m codec_extension ThreadId(12) [2mzenoh_codec::common::extension[0m[2m:[0m Unknown Test ext: ZExtUnknown { Id: 12, Mandatory: true, Encoding: "ZBuf", Value: ZBuf { slices: [[53, 23, 53, ae, cd, 63, bc, b8, 9c, 9c, a4, 62, 43, 37, d1, f7, 4c, e1, 66, 96, ba, 16, 8b, 24, b8, 01, fc, a5, 00, b7, 45, ea, 31]] } }
[2m2026-09-14T12:21:41.067597Z[0m [31mERROR[0m codec_extension ThreadId(12) [2mzenoh_codec::common::extension[0m[2m:[0m Unknown Test ext: ZExtUnknown { Id: 8, Mandatory: true, Encoding: "Unit" }
[2m2026-09-14T12:21:41.067602Z[0m [31mERROR[0m codec_extension ThreadId(12) [2mzenoh_codec::common::extension[0m[2m:[0m Unknown Test ext: ZExtUnknown { Id: 11, Mandatory: true, Encoding: "Z64", Value: 2172189811661669456 }
[2m2026-09-14T12:21:41.067606Z[0m [31mERROR[0m codec_extension ThreadId(12) [2mzenoh_codec::common::extension[0m[2m:[0m Unknown Test ext: ZExtUnknown { Id: 3, Mandatory: true, Encoding: "ZBuf", Value: ZBuf { slices: [[3b, c5, d1, ed, 0d, 72, 81, 6b, 28, ea, ad]] } }
[2m2026-09-14T12:21:41.067653Z[0m [31mERROR[0m codec_extension ThreadId(12) [2mzenoh_codec::common::extension[0m[2m:[0m Unknown Test ext: ZExtUnknown { Id: 7, Mandatory: true, Encoding: "Unit" }
[2m2026-09-14T12:21:41.067690Z[0m [31mERROR[0m codec_extension ThreadId(12) [2mzenoh_codec::common::extension[0m[2m:[0m Unknown Test ext: ZExtUnknown { Id: 6, Mandatory: true, Encoding: "ZBuf", Value: ZBuf { slices: [[f3, 9d, 0a, 28, 53, dc, 84, 19, 0b, 6e, bc, b8, 1e, 74, 9c, bc, e2, 91, 1a, ee, a2, 27, b5, db, 3c, f5, 36, cf, 82, 7b, ff, d4]] } }
[2m2026-09-14T12:21:41.067711Z[0m [31mERROR[0m codec_extension ThreadId(12) [2mzenoh_codec::common::extension[0m[2m:[0m Unknown Test ext: ZExtUnknown { Id: 4, Mandatory: true, Encoding: "Z64", Value: 17221831045331602645 }
[2m2026-09-14T12:21:41.067729Z[0m [31mERROR[0m codec_extension ThreadId(12) [2mzenoh_codec::common::extension[0m[2m:[0m Unknown Test ext: ZExtUnknown { Id: 13, Mandatory: true, Encoding: "Unit" }
[2m2026-09-14T12:21:41.067747Z[0m [31mERROR[0m codec_extension ThreadId(12) [2mzenoh_codec::common::extension[0m[2m:[0m Unknown Test ext: ZExtUnknown { Id: 15, Mandatory: true, Encoding: "ZBuf", Value: ZBuf { slices: [[f1, 72, 6b, a3, 7c, 99, 5d, 21, a4, a4, b0, b2, 24, bd, e6, 75, 92, bf, 5c, 17, 84, 2b, f7, a8, 80, e9, ad, 5a, a4, b5, 43, d8, 46, b6, 25, ab, 28, 6e, 27, 99, bf, 39, 18, e1, 39, 66, ad, aa, de, cf, ed, f6, 5f, c3, 63, 04, 24]] } }
[2m2026-09-14T12:21:41.067798Z[0m [31mERROR[0m codec_extension ThreadId(12) [2mzenoh_codec::common::extension[0m[2m:[0m Unknown Test ext: ZExtUnknown { Id: 1, Mandatory: true, Encoding: "Z64", Value: 12240109870301365233 }
[2m2026-09-14T12:21:41.067816Z[0m [31mERROR[0m codec_extension ThreadId(12) [2mzenoh_codec::common::extension[0m[2m:[0m Unknown Test ext: ZExtUnknown { Id: 3, Mandatory: true, Encoding: "Unit" }
[2m2026-09-14T12:21:41.067834Z[0m [31mERROR[0m codec_extension ThreadId(12) [2mzenoh_codec::common::extension[0m[2m:[0m Unknown Test ext: ZExtUnknown { Id: 8, Mandatory: true, Encoding: "Unit" }
[2m2026-09-14T12:21:41.067851Z[0m [31mERROR[0m codec_extension ThreadId(12) [2mzenoh_codec::common::extension[0m[2m:[0m Unknown Test ext: ZExtUnknown { Id: 14, Mandatory: true, Encoding: "Unit" }
[2m2026-09-14T12:21:41.067855Z[0m [31mERROR[0m codec_extension ThreadId(12) [2mzenoh_codec::common::extension[0m[2m:[0m Unknown Test ext: ZExtUnknown { Id: 8, Mandatory: true, Encoding: "ZBuf", Value: ZBuf { slices: [[92, 77, b1, 1a, 70, 5a, 9d, 84, fa, 8e, fb, b0, 53, 24, 16, 64, 7c, e5, bf, 30, 52, 56, db]] } }
[2m2026-09-14T12:21:41.067877Z[0m [31mERROR[0m codec_extension ThreadId(12) [2mzenoh_codec::common::extension[0m[2m:[0m Unknown Test ext: ZExtUnknown { Id: 6, Mandatory: true, Encoding: "Unit" }
[2m2026-09-14T12:21:41.067910Z[0m [31mERROR[0m codec_extension ThreadId(12) [2mzenoh_codec::common::extension[0m[2m:[0m Unknown Test ext: ZExtUnknown { Id: 11, Mandatory: true, Encoding: "Z64", Value: 5914468204076371046 }
[2m2026-09-14T12:21:41.067929Z[0m [31mERROR[0m codec_extension ThreadId(12) [2mzenoh_codec::common::extension[0m[2m:[0m Unknown Test ext: ZExtUnknown { Id: 0, Mandatory: true, Encoding: "Unit" }
[2m2026-09-14T12:21:41.067947Z[0m [31mERROR[0m codec_extension ThreadId(12) [2mzenoh_codec::common::extension[0m[2m:[0m Unknown Test ext: ZExtUnknown { Id: 0, Mandatory: true, Encoding: "Z64", Value: 11797391209528632533 }
[2m2026-09-14T12:21:41.067964Z[0m [31mERROR[0m codec_extension ThreadId(12) [2mzenoh_codec::common::extension[0m[2m:[0m Unknown Test ext: ZExtUnknown { Id: 11, Mandatory: true, Encoding: "Unit" }
[2m2026-09-14T12:21:41.067968Z[0m [31mERROR[0m codec_extension ThreadId(12) [2mzenoh_codec::common::extension[0m[2m:[0m Unknown Test ext: ZExtUnknown { Id: 15, Mandatory: true, Encoding: "ZBuf", Value: ZBuf { slices: [[d4, 23, 2c, d2, ec, 16, 37, 66, 5a, 5e, 6a, 02, 09, 12]] } }
[2m2026-09-14T12:21:41.068002Z[0m [31mERROR[0m codec_extension ThreadId(12) [2mzenoh_codec::common::extension[0m[2m:[0m Unknown Test ext: ZExtUnknown { Id: 13, Mandatory: true, Encoding: "ZBuf", Value: ZBuf { slices: [[b2, fd, bd, ad, 33, ba, cb, b1, 64, 0b, 45, 1d, 37, d9, 78, 39, 44, e3, d0, bd, e5, e0, 0a, 44, 3a, 35, fc, 34, c7, 33, c3, 2d, 2a, 16, 24, f6, 28, db, 1a, e8, ac, 06, bd, 36, 54, af, 8e, 44, a6, 0f, e0, 84, 08, 0d, e8]] } }
[2m2026-09-14T12:21:41.068038Z[0m [31mERROR[0m codec_extension ThreadId(12) [2mzenoh_codec::common::extension[0m[2m:[0m Unknown Test ext: ZExtUnknown { Id: 3, Mandatory: true, Encoding: "Unit" }
[2m2026-09-14T12:21:41.068056Z[0m [31mERROR[0m codec_extension ThreadId(12) [2mzenoh_codec::common::extension[0m[2m:[0m Unknown Test ext: ZExtUnknown { Id: 0, Mandatory: true, Encoding: "ZBuf", Value: ZBuf { slices: [[2b, 0a, dd, 02, 5f, 77, b2, 7a, 41, 3e, e7, bd, 2b, c6, 4e, e6, ba, a9, 4e, 59, a3, 7d, 5a, 64, 94, b9, d0, af, 01, f3, 76, 9c, 93, 84, 5f, 00, 6c, 89, ab, 6f, 62, e8, 81, c5, 3f, d7, 1f, 99, c2, aa, f7, 00, e8, 62, 85, 46, 9d, 2d, 9f]] } }
[2m2026-09-14T12:21:41.068077Z[0m [31mERROR[0m codec_extension ThreadId(12) [2mzenoh_codec::common::extension[0m[2m:[0m Unknown Test ext: ZExtUnknown { Id: 9, Mandatory: true, Encoding: "Unit" }
[2m2026-09-14T12:21:41.068125Z[0m [31mERROR[0m codec_extension ThreadId(12) [2mzenoh_codec::common::extension[0m[2m:[0m Unknown Test ext: ZExtUnknown { Id: 3, Mandatory: true, Encoding: "Unit" }
[2m2026-09-14T12:21:41.068143Z[0m [31mERROR[0m codec_extension ThreadId(12) [2mzenoh_codec::common::extension[0m[2m:[0m Unknown Test ext: ZExtUnknown { Id: 1, Mandatory: true, Encoding: "Z64", Value: 13205254282011034370 }
[2m2026-09-14T12:21:41.068161Z[0m [31mERROR[0m codec_extension ThreadId(12) [2mzenoh_codec::common::extension[0m[2m:[0m Unknown Test ext: ZExtUnknown { Id: 9, Mandatory: true, Encoding: "Unit" }
[2m2026-09-14T12:21:41.068165Z[0m [31mERROR[0m codec_extension ThreadId(12) [2mzenoh_codec::common::extension[0m[2m:[0m Unknown Test ext: ZExtUnknown { Id: 11, Mandatory: true, Encoding: "Z64", Value: 16415318649602454156 }
[2m2026-09-14T12:21:41.068184Z[0m [31mERROR[0m codec_extension ThreadId(12) [2mzenoh_codec::common::extension[0m[2m:[0m Unknown Test ext: ZExtUnknown { Id: 0, Mandatory: true, Encoding: "Z64", Value: 2720052024826973465 }
[2m2026-09-14T12:21:41.068202Z[0m [31mERROR[0m codec_extension ThreadId(12) [2mzenoh_codec::common::extension[0m[2m:[0m Unknown Test ext: ZExtUnknown { Id: 13, Mandatory: true, Encoding: "Z64", Value: 12246174307943947434 }
[2m2026-09-14T12:21:41.068208Z[0m [31mERROR[0m codec_extension ThreadId(12) [2mzenoh_codec::common::extension[0m[2m:[0m Unknown Test ext: ZExtUnknown { Id: 11, Mandatory: true, Encoding: "Unit" }
[2m2026-09-14T12:21:41.068240Z[0m [31mERROR[0m codec_extension ThreadId(12) [2mzenoh_codec::common::extension[0m[2m:[0m Unknown Test ext: ZExtUnknown { Id: 4, Mandatory: true, Encoding: "ZBuf", Value: ZBuf { slices: [[7a, 8e, 53, ed, e8, 9b, ca, 24, f3, a2, d0, c9, 8c, a2, bd, 06, 4e, 10, e1, 81, 11, 63, 78, 3f, f7, 79, 96, 99, 87, 84, 73, 4c, b0, 5e, 09, a5, 24, 52, 66, 8d, 02, fa, dc, 61, 61]] } }
[2m2026-09-14T12:21:41.068260Z[0m [31mERROR[0m codec_extension ThreadId(12) [2mzenoh_codec::common::extension[0m[2m:[0m Unknown Test ext: ZExtUnknown { Id: 6, Mandatory: true, Encoding: "Unit" }
[2m2026-09-14T12:21:41.068264Z[0m [31mERROR[0m codec_extension ThreadId(12) [2mzenoh_codec::common::extension[0m[2m:[0m Unknown Test ext: ZExtUnknown { Id: 9, Mandatory: true, Encoding: "Z64", Value: 16792634980430359502 }
[2m2026-09-14T12:21:41.068282Z[0m [31mERROR[0m codec_extension ThreadId(12) [2mzenoh_codec::common::extension[0m[2m:[0m Unknown Test ext: ZExtUnknown { Id: 9, Mandatory: true, Encoding: "Z64", Value: 17016514136089401781 }
[2m2026-09-14T12:21:41.068347Z[0m [31mERROR[0m codec_extension ThreadId(12) [2mzenoh_codec::common::extension[0m[2m:[0m Unknown Test ext: ZExtUnknown { Id: 12, Mandatory: true, Encoding: "Z64", Value: 18377968317586030001 }
[2m2026-09-14T12:21:41.068365Z[0m [31mERROR[0m codec_extension ThreadId(12) [2mzenoh_codec::common::extension[0m[2m:[0m Unknown Test ext: ZExtUnknown { Id: 9, Mandatory: true, Encoding: "Z64", Value: 9272985745268785182 }
[2m2026-09-14T12:21:41.068383Z[0m [31mERROR[0m codec_extension ThreadId(12) [2mzenoh_codec::common::extension[0m[2m:[0m Unknown Test ext: ZExtUnknown { Id: 15, Mandatory: true, Encoding: "Z64", Value: 610947848436710174 }
[2m2026-09-14T12:21:41.068388Z[0m [31mERROR[0m codec_extension ThreadId(12) [2mzenoh_codec::common::extension[0m[2m:[0m Unknown Test ext: ZExtUnknown { Id: 0, Mandatory: true, Encoding: "Unit" }
[2m2026-09-14T12:21:41.068419Z[0m [31mERROR[0m codec_extension ThreadId(12) [2mzenoh_codec::common::extension[0m[2m:[0m Unknown Test ext: ZExtUnknown { Id: 7, Mandatory: true, Encoding: "ZBuf", Value: ZBuf { slices: [[70, 00, e6, 5f, 0e, 62, a0, de, 05, 39, 0b, b9, 26, 8e, 67, 89, d1, c2, 59, 8a, c2, e3, 22, 5d, a0, 12, 9a, a9, a2, 69, 03, e3, ba, e5, 53, c8, eb, f9, 35, 7e, 05, 25, 61]] } }
[2m2026-09-14T12:21:41.068426Z[0m [31mERROR[0m codec_extension ThreadId(12) [2mzenoh_codec::common::extension[0m[2m:[0m Unknown Test ext: ZExtUnknown { Id: 10, Mandatory: true, Encoding: "Z64", Value: 15353998194406904821 }
[2m2026-09-14T12:21:41.068489Z[0m [31mERROR[0m codec_extension ThreadId(12) [2mzenoh_codec::common::extension[0m[2m:[0m Unknown Test ext: ZExtUnknown { Id: 13, Mandatory: true, Encoding: "ZBuf", Value: ZBuf { slices: [[9c, 92, 9f, 94, 1d, e0, 24, 97, 8b, d6, a3, 50, 71, 8a, b0, 72, 48, aa, e2, 55, 4f, 04, dd, 4e, 9f, 94, b7, bd, 52, 1c, 7e, 2f, 97, ca, d0, e4, 18, 2d, 82, 38, ad, b1, fe, 42, 04, c4, 24, 04, d9, 4b, 9b, f5, 96, f1, f1, de, 83, d5, bb, fd, e8, 78]] } }
[2m2026-09-14T12:21:41.068495Z[0m [31mERROR[0m codec_extension ThreadId(12) [2mzenoh_codec::common::extension[0m[2m:[0m Unknown Test ext: ZExtUnknown { Id: 12, Mandatory: true, Encoding: "Unit" }
[2m2026-09-14T12:21:41.068543Z[0m [31mERROR[0m codec_extension ThreadId(12) [2mzenoh_codec::common::extension[0m[2m:[0m Unknown Test ext: ZExtUnknown { Id: 7, Mandatory: true, Encoding: "Z64", Value: 12191170629651969758 }
[2m2026-09-14T12:21:41.068547Z[0m [31mERROR[0m codec_extension ThreadId(12) [2mzenoh_codec::common::extension[0m[2m:[0m Unknown Test ext: ZExtUnknown { Id: 14, Mandatory: true, Encoding: "ZBuf", Value: ZBuf { slices: [[fa, c2, 3d, 21, a6, a9, f3, f1, 6b, 2e, cf, 80, ed, be, 01, 28, 43, 3e, 4c]] } }
[2m2026-09-14T12:21:41.068582Z[0m [31mERROR[0m codec_extension ThreadId(12) [2mzenoh_codec::common::extension[0m[2m:[0m Unknown Test ext: ZExtUnknown { Id: 8, Mandatory: true, Encoding: "ZBuf", Value: ZBuf { slices: [[e7, d0, 24, 22, 62, ea, 22, e8, 00, cc, ba, 9c, b5, 93, 15, 3c, 70, 38, 93, 7b, 03, 18, 78, cd, 23, 90, bc, 74, 97, 12, b0, c0, 97, a2, f2, d3, d5, 19, 4b, 8d]] } }
[2m2026-09-14T12:21:41.068605Z[0m [31mERROR[0m codec_extension ThreadId(12) [2mzenoh_codec::common::extension[0m[2m:[0m Unknown Test ext: ZExtUnknown { Id: 12, Mandatory: true, Encoding: "Z64", Value: 17638806638678289668 }
[2m2026-09-14T12:21:41.068610Z[0m [31mERROR[0m codec_extension ThreadId(12) [2mzenoh_codec::common::extension[0m[2m:[0m Unknown Test ext: ZExtUnknown { Id: 14, Mandatory: true, Encoding: "ZBuf", Value: ZBuf { slices: [[17, d4, 5a, 7d, eb, cc, 12, ee, 80, 22, 96]] } }
[2m2026-09-14T12:21:41.068682Z[0m [31mERROR[0m codec_extension ThreadId(12) [2mzenoh_codec::common::extension[0m[2m:[0m Unknown Test ext: ZExtUnknown { Id: 1, Mandatory: true, Encoding: "ZBuf", Value: ZBuf { slices: [[2d, 29, 5f, 40, e9, 0c, 7d, 99, 5b, 72, c4, c6, ad, 5e, 99, 1c, 7f, c0, 6a, 0d, 40, 3e, 37, 16, 4e, 86, 17, f7, 78, 7c, 9b, 6f, 81, e2, 13, 9a, cf, 34, 61, 7a, a2, cc, 06, 68, 63, ae, 8f, 6d, b1, 1a]] } }
[2m2026-09-14T12:21:41.068723Z[0m [31mERROR[0m codec_extension ThreadId(12) [2mzenoh_codec::common::extension[0m[2m:[0m Unknown Test ext: ZExtUnknown { Id: 10, Mandatory: true, Encoding: "ZBuf", Value: ZBuf { slices: [[ef, f1, 51, 3c, 68, 12, 19, b6, 5a, 00, 0d, db, ff, cb, 65, cf, 40, f4, 8f, a5, bc, b3, 78, 1b, 8e, 55, df, 59, 1a, 44, 82, 29, d9, c3, a6, 25, f6, 42, bb, c2, 93, b5, 5b, e0, 0e, ff, ea, 53, e4, d8, 94, d5, 24, dd, ec, 2d, 19, d1, 9b]] } }
[2m2026-09-14T12:21:41.068798Z[0m [31mERROR[0m codec_extension ThreadId(12) [2mzenoh_codec::common::extension[0m[2m:[0m Unknown Test ext: ZExtUnknown { Id: 14, Mandatory: true, Encoding: "Unit" }
[2m2026-09-14T12:21:41.068863Z[0m [31mERROR[0m codec_extension ThreadId(12) [2mzenoh_codec::common::extension[0m[2m:[0m Unknown Test ext: ZExtUnknown { Id: 14, Mandatory: true, Encoding: "Unit" }
[2m2026-09-14T12:21:41.068867Z[0m [31mERROR[0m codec_extension ThreadId(12) [2mzenoh_codec::common::extension[0m[2m:[0m Unknown Test ext: ZExtUnknown { Id: 10, Mandatory: true, Encoding: "ZBuf", Value: ZBuf { slices: [[09, c7, b0, 3e, 33, 7b, c9, be, 52, 87, 12, 4e, 55, d4, 8d, 3b, 58]] } }
[2m2026-09-14T12:21:41.068902Z[0m [31mERROR[0m codec_extension ThreadId(12) [2mzenoh_codec::common::extension[0m[2m:[0m Unknown Test ext: ZExtUnknown { Id: 7, Mandatory: true, Encoding: "Z64", Value: 1819184321950818108 }
[2m2026-09-14T12:21:41.068920Z[0m [31mERROR[0m codec_extension ThreadId(12) [2mzenoh_codec::common::extension[0m[2m:[0m Unknown Test ext: ZExtUnknown { Id: 5, Mandatory: true, Encoding: "Unit" }
[2m2026-09-14T12:21:41.068952Z[0m [31mERROR[0m codec_extension ThreadId(12) [2mzenoh_codec::common::extension[0m[2m:[0m Unknown Test ext: ZExtUnknown { Id: 6, Mandatory: true, Encoding: "Unit" }
[2m2026-09-14T12:21:41.068984Z[0m [31mERROR[0m codec_extension ThreadId(12) [2mzenoh_codec::common::extension[0m[2m:[0m Unknown Test ext: ZExtUnknown { Id: 6, Mandatory: true, Encoding: "Unit" }
[2m2026-09-14T12:21:41.069002Z[0m [31mERROR[0m codec_extension ThreadId(12) [2mzenoh_codec::common::extension[0m[2m:[0m Unknown Test ext: ZExtUnknown { Id: 1, Mandatory: true, Encoding: "ZBuf", Value: ZBuf { slices: [[34, f3, 78, a2, 74, 75, a0, dc, 3f, e2, 5d]] } }
[2m2026-09-14T12:21:41.069021Z[0m [31mERROR[0m codec_extension ThreadId(12) [2mzenoh_codec::common::extension[0m[2m:[0m Unknown Test ext: ZExtUnknown { Id: 5, Mandatory: true, Encoding: "Z64", Value: 16150149326659516307 }
[2m2026-09-14T12:21:41.069025Z[0m [31mERROR[0m codec_extension ThreadId(12) [2mzenoh_codec::common::extension[0m[2m:[0m Unknown Test ext: ZExtUnknown { Id: 11, Mandatory: true, Encoding: "Unit" }
[2m2026-09-14T12:21:41.069095Z[0m [31mERROR[0m codec_extension ThreadId(12) [2mzenoh_codec::common::extension[0m[2m:[0m Unknown Test ext: ZExtUnknown { Id: 4, Mandatory: true, Encoding: "ZBuf", Value: ZBuf { slices: [[13, b8, 5e, c1, 50, d1, 97, 42, dc, 16, c4, 5f, 2f, 82, 20, 55, 86, a2, fa, 10, ba, 4a, d0, 86, 26, 7a, a1, a2, 25, 56, be, 6d, ee, a8, a1, 12, 1c, 31, a9, c8, 9d, ad, 31, e2, f2, 69]] } }
[2m2026-09-14T12:21:41.069117Z[0m [31mERROR[0m codec_extension ThreadId(12) [2mzenoh_codec::common::extension[0m[2m:[0m Unknown Test ext: ZExtUnknown { Id: 5, Mandatory: true, Encoding: "Z64", Value: 8591804714146414939 }
[2m2026-09-14T12:21:41.069165Z[0m [31mERROR[0m codec_extension ThreadId(12) [2mzenoh_codec::common::extension[0m[2m:[0m Unknown Test ext: ZExtUnknown { Id: 10, Mandatory: true, Encoding: "Z64", Value: 12231398312199755246 }
[2m2026-09-14T12:21:41.069214Z[0m [31mERROR[0m codec_extension ThreadId(12) [2mzenoh_codec::common::extension[0m[2m:[0m Unknown Test ext: ZExtUnknown { Id: 12, Mandatory: true, Encoding: "Z64", Value: 2860914146530008046 }
[2m2026-09-14T12:21:41.069234Z[0m [31mERROR[0m codec_extension ThreadId(12) [2mzenoh_codec::common::extension[0m[2m:[0m Unknown Test ext: ZExtUnknown { Id: 4, Mandatory: true, Encoding: "Z64", Value: 3453582860639091855 }
[2m2026-09-14T12:21:41.069251Z[0m [31mERROR[0m codec_extension ThreadId(12) [2mzenoh_codec::common::extension[0m[2m:[0m Unknown Test ext: ZExtUnknown { Id: 3, Mandatory: true, Encoding: "Unit" }
[2m2026-09-14T12:21:41.069268Z[0m [31mERROR[0m codec_extension ThreadId(12) [2mzenoh_codec::common::extension[0m[2m:[0m Unknown Test ext: ZExtUnknown { Id: 15, Mandatory: true, Encoding: "Unit" }
[2m2026-09-14T12:21:41.069301Z[0m [31mERROR[0m codec_extension ThreadId(12) [2mzenoh_codec::common::extension[0m[2m:[0m Unknown Test ext: ZExtUnknown { Id: 0, Mandatory: true, Encoding: "Unit" }
[2m2026-09-14T12:21:41.069335Z[0m [31mERROR[0m codec_extension ThreadId(12) [2mzenoh_codec::common::extension[0m[2m:[0m Unknown Test ext: ZExtUnknown { Id: 14, Mandatory: true, Encoding: "Unit" }
[2m2026-09-14T12:21:41.069353Z[0m [31mERROR[0m codec_extension ThreadId(12) [2mzenoh_codec::common::extension[0m[2m:[0m Unknown Test ext: ZExtUnknown { Id: 9, Mandatory: true, Encoding: "ZBuf", Value: ZBuf { slices: [[43, 92, 96, d5, 93, ef, 62, f6]] } }
[2m2026-09-14T12:21:41.069372Z[0m [31mERROR[0m codec_extension ThreadId(12) [2mzenoh_codec::common::extension[0m[2m:[0m Unknown Test ext: ZExtUnknown { Id: 2, Mandatory: true, Encoding: "Z64", Value: 1693674160250323451 }
[2m2026-09-14T12:21:41.069406Z[0m [31mERROR[0m codec_extension ThreadId(12) [2mzenoh_codec::common::extension[0m[2m:[0m Unknown Test ext: ZExtUnknown { Id: 5, Mandatory: true, Encoding: "Z64", Value: 12108605145943977052 }
[2m2026-09-14T12:21:41.069424Z[0m [31mERROR[0m codec_extension ThreadId(12) [2mzenoh_codec::common::extension[0m[2m:[0m Unknown Test ext: ZExtUnknown { Id: 6, Mandatory: true, Encoding: "ZBuf", Value: ZBuf { slices: [[4c, 85, c2, 59, 5c, b8, 7d, 49, 55, 00, 83, 78, ba, 7a, 1f, 29, 9d, be, be, db, 63, b4, 00, 6a, 24, 16, 16, f7, e7, 00, 6e, b1]] } }
[2m2026-09-14T12:21:41.069430Z[0m [31mERROR[0m codec_extension ThreadId(12) [2mzenoh_codec::common::extension[0m[2m:[0m Unknown Test ext: ZExtUnknown { Id: 1, Mandatory: true, Encoding: "Unit" }
[2m2026-09-14T12:21:41.069493Z[0m [31mERROR[0m codec_extension ThreadId(12) [2mzenoh_codec::common::extension[0m[2m:[0m Unknown Test ext: ZExtUnknown { Id: 6, Mandatory: true, Encoding: "ZBuf", Value: ZBuf { slices: [[35, da, be, b1, 12, 9e, 65, 80, 73, a1, 35, 25, 9e, 68, c0, b9, ee, 0a, c0, 88, e9, 59, ef, 3f, 57, de, e1, 5a, 42, 79, 83, e1, 32, e0, dc, 9e, cb, b3, bb]] } }
[2m2026-09-14T12:21:41.069548Z[0m [31mERROR[0m codec_extension ThreadId(12) [2mzenoh_codec::common::extension[0m[2m:[0m Unknown Test ext: ZExtUnknown { Id: 9, Mandatory: true, Encoding: "Z64", Value: 14062751452709266369 }
[2m2026-09-14T12:21:41.069584Z[0m [31mERROR[0m codec_extension ThreadId(12) [2mzenoh_codec::common::extension[0m[2m:[0m Unknown Test ext: ZExtUnknown { Id: 3, Mandatory: true, Encoding: "ZBuf", Value: ZBuf { slices: [[cd, c0, 79, 25, 30, 75, 88, 82, a9, 18, 5f, 22, ef, 9b, 4e, 4b, 8c, b9, a9, 03, 64, f3, 0a, f9, 9f, e3, d1, 72, a4, ea, 52, 8a, 89, a0, 82, cf, cc, 95, 75, 59, 43, 3d, b5, 51, ee]] } }
[2m2026-09-14T12:21:41.069604Z[0m [31mERROR[0m codec_extension ThreadId(12) [2mzenoh_codec::common::extension[0m[2m:[0m Unknown Test ext: ZExtUnknown { Id: 13, Mandatory: true, Encoding: "ZBuf", Value: ZBuf { slices: [[04, e3, b4, 16, ae, 49, 66, a4, 4c, 2f, ba, e1, a5, 39, 5b, 4c, 02, a5, 05, 19, 0e, 37, bf, c4, d8, dd, b6, 95, 88, 05, 59, 04, 71, 50, 22, 92, 69, d1, 02, 10, 52, 40, 37, e3, b7]] } }
[2m2026-09-14T12:21:41.069693Z[0m [31mERROR[0m codec_extension ThreadId(12) [2mzenoh_codec::common::extension[0m[2m:[0m Unknown Test ext: ZExtUnknown { Id: 6, Mandatory: true, Encoding: "Unit" }
[2m2026-09-14T12:21:41.069711Z[0m [31mERROR[0m codec_extension ThreadId(12) [2mzenoh_codec::common::extension[0m[2m:[0m Unknown Test ext: ZExtUnknown { Id: 3, Mandatory: true, Encoding: "ZBuf", Value: ZBuf { slices: [[c8, 11, a8, 2d, 9e, f7, dd, 4f, f9, 8b, 89, e6, e0, 65, 2f, 67, 31, b4, 9b, 9c, a3, c0, 8b, e7, 2d, 76, b9, 61, 2e, 47, a8, 08, a3, 2a]] } }
[2m2026-09-14T12:21:41.069747Z[0m [31mERROR[0m codec_extension ThreadId(12) [2mzenoh_codec::common::extension[0m[2m:[0m Unknown Test ext: ZExtUnknown { Id: 4, Mandatory: true, Encoding: "Z64", Value: 17785430251065830416 }
[2m2026-09-14T12:21:41.069766Z[0m [31mERROR[0m codec_extension ThreadId(12) [2mzenoh_codec::common::extension[0m[2m:[0m Unknown Test ext: ZExtUnknown { Id: 6, Mandatory: true, Encoding: "Unit" }
[2m2026-09-14T12:21:41.069785Z[0m [31mERROR[0m codec_extension ThreadId(12) [2mzenoh_codec::common::extension[0m[2m:[0m Unknown Test ext: ZExtUnknown { Id: 6, Mandatory: true, Encoding: "ZBuf", Value: ZBuf { slices: [[a8, 4c, 4b, 76, 63, 91, 75, 2d, 5a, 7a, a6, 65, 8a, 71, 44, c1, 46, 1f, f6, 0d, 9f, 11, b0, 84, 56, 4a, 70, 8c, 0e, 4e, 5d, b9, 7d, c8, 6f, ea, e2, 59, 0c, 27, c4, 66, c9, 8e, 71, 51, 8d, 4c, a7, ef, b7, 3c, 58, 7a, e6, 23, d4]] } }
[2m2026-09-14T12:21:41.069836Z[0m [31mERROR[0m codec_extension ThreadId(12) [2mzenoh_codec::common::extension[0m[2m:[0m Unknown Test ext: ZExtUnknown { Id: 12, Mandatory: true, Encoding: "Z64", Value: 4831140652749040257 }
[2m2026-09-14T12:21:41.069853Z[0m [31mERROR[0m codec_extension ThreadId(12) [2mzenoh_codec::common::extension[0m[2m:[0m Unknown Test ext: ZExtUnknown { Id: 13, Mandatory: true, Encoding: "Unit" }
[2m2026-09-14T12:21:41.069857Z[0m [31mERROR[0m codec_extension ThreadId(12) [2mzenoh_codec::common::extension[0m[2m:[0m Unknown Test ext: ZExtUnknown { Id: 9, Mandatory: true, Encoding: "Z64", Value: 17497215261921570658 }
[2m2026-09-14T12:21:41.069905Z[0m [31mERROR[0m codec_extension ThreadId(12) [2mzenoh_codec::common::extension[0m[2m:[0m Unknown Test ext: ZExtUnknown { Id: 4, Mandatory: true, Encoding: "Unit" }
[2m2026-09-14T12:21:41.069923Z[0m [31mERROR[0m codec_extension ThreadId(12) [2mzenoh_codec::common::extension[0m[2m:[0m Unknown Test ext: ZExtUnknown { Id: 2, Mandatory: true, Encoding: "ZBuf", Value: ZBuf { slices: [[ef, 3e, 8e, 5f, da, b7, 57, 00, d9, cc, 3d, 05, 4e, 83, 58, 3c, 7e]] } }
[2m2026-09-14T12:21:41.069929Z[0m [31mERROR[0m codec_extension ThreadId(12) [2mzenoh_codec::common::extension[0m[2m:[0m Unknown Test ext: ZExtUnknown { Id: 10, Mandatory: true, Encoding: "Unit" }
[2m2026-09-14T12:21:41.069946Z[0m [31mERROR[0m codec_extension ThreadId(12) [2mzenoh_codec::common::extension[0m[2m:[0m Unknown Test ext: ZExtUnknown { Id: 10, Mandatory: true, Encoding: "Unit" }
[2m2026-09-14T12:21:41.069965Z[0m [31mERROR[0m codec_extension ThreadId(12) [2mzenoh_codec::common::extension[0m[2m:[0m Unknown Test ext: ZExtUnknown { Id: 13, Mandatory: true, Encoding: "ZBuf", Value: ZBuf { slices: [[de, e5, 9f, e5, 44, f2, 1a, 63, bc, d9, 7b, 36, d7, a2, d8, 75, 29, 87, e3, 78, 31, 7b, a7, 6d, 1e, 4c, 24, a5, 16, 77, 03, de, be, 7d, 1c, dc, 48, 51, 49, fe]] } }
[2m2026-09-14T12:21:41.069986Z[0m [31mERROR[0m codec_extension ThreadId(12) [2mzenoh_codec::common::extension[0m[2m:[0m Unknown Test ext: ZExtUnknown { Id: 2, Mandatory: true, Encoding: "Unit" }
[2m2026-09-14T12:21:41.070014Z[0m [31mERROR[0m codec_extension ThreadId(12) [2mzenoh_codec::common::extension[0m[2m:[0m Unknown Test ext: ZExtUnknown { Id: 10, Mandatory: true, Encoding: "ZBuf", Value: ZBuf { slices: [[1e, be, bf, 04, c9, 5d, 35, bf, ce, 9b, 80, 21, 45, b8, db, 1e, 08, 74, ad, eb, 07, df, e3, 2a, 9d, 76, 2e, 54, 23, 30, bf, e8]] } }
[2m2026-09-14T12:21:41.070034Z[0m [31mERROR[0m codec_extension ThreadId(12) [2mzenoh_codec::common::extension[0m[2m:[0m Unknown Test ext: ZExtUnknown { Id: 8, Mandatory: true, Encoding: "ZBuf", Value: ZBuf { slices: [[5f, 65, 0e, ba, 56, 9b, 51, f3, 04, e1, 3c, 9d, 9b, 8e, 97, 1f, 65, 21, d9, 6e, ad, 3a, 17, b7, 2b, 73, e7, c2, e2, 83, c4, 09, 0b, c9, ae, fd, 98, 88, 5c, f0, 84, c2, 39, 86, 89, 79, 37]] } }
[2m2026-09-14T12:21:41.070087Z[0m [31mERROR[0m codec_extension ThreadId(12) [2mzenoh_codec::common::extension[0m[2m:[0m Unknown Test ext: ZExtUnknown { Id: 6, Mandatory: true, Encoding: "Z64", Value: 4486722290212483663 }
[2m2026-09-14T12:21:41.070121Z[0m [31mERROR[0m codec_extension ThreadId(12) [2mzenoh_codec::common::extension[0m[2m:[0m Unknown Test ext: ZExtUnknown { Id: 12, Mandatory: true, Encoding: "Z64", Value: 7870037467623826506 }
[2m2026-09-14T12:21:41.070138Z[0m [31mERROR[0m codec_extension ThreadId(12) [2mzenoh_codec::common::extension[0m[2m:[0m Unknown Test ext: ZExtUnknown { Id: 3, Mandatory: true, Encoding: "Unit" }
[2m2026-09-14T12:21:41.070171Z[0m [31mERROR[0m codec_extension ThreadId(12) [2mzenoh_codec::common::extension[0m[2m:[0m Unknown Test ext: ZExtUnknown { Id: 4, Mandatory: true, Encoding: "ZBuf", Value: ZBuf { slices: [[60, ee, 53, 9f, 28, da, b3, e0, 4c, ae, be, 3f, c7, 8c, bc, 25, 66, af, f8, e2, d5, 20, 6a, 44, 50, f8, 63, f8, 9a, 8a, 08, 7a, d7, 91, e8, 4a, 46, 94, ae, c2, c6, 46, 9b, 8f, 85, d0, 88, 0f, f7, 5e, c3, a0, 45, 79, 40, 23, 49, 30, 1d, 44, dd, 5c]] } }
[2m2026-09-14T12:21:41.070193Z[0m [31mERROR[0m codec_extension ThreadId(12) [2mzenoh_codec::common::extension[0m[2m:[0m Unknown Test ext: ZExtUnknown { Id: 9, Mandatory: true, Encoding: "Z64", Value: 8147993988542014970 }
[2m2026-09-14T12:21:41.070211Z[0m [31mERROR[0m codec_extension ThreadId(12) [2mzenoh_codec::common::extension[0m[2m:[0m Unknown Test ext: ZExtUnknown { Id: 11, Mandatory: true, Encoding: "Z64", Value: 1018318264887289701 }
[2m2026-09-14T12:21:41.070229Z[0m [31mERROR[0m codec_extension ThreadId(12) [2mzenoh_codec::common::extension[0m[2m:[0m Unknown Test ext: ZExtUnknown { Id: 1, Mandatory: true, Encoding: "Z64", Value: 6877675885745147001 }
[2m2026-09-14T12:21:41.070247Z[0m [31mERROR[0m codec_extension ThreadId(12) [2mzenoh_codec::common::extension[0m[2m:[0m Unknown Test ext: ZExtUnknown { Id: 5, Mandatory: true, Encoding: "Unit" }
[2m2026-09-14T12:21:41.070311Z[0m [31mERROR[0m codec_extension ThreadId(12) [2mzenoh_codec::common::extension[0m[2m:[0m Unknown Test ext: ZExtUnknown { Id: 11, Mandatory: true, Encoding: "ZBuf", Value: ZBuf { slices: [[b1, 6e, f8, 59, bc, de, 16, cf, 02, b7, 0c, a2, 34, cf, ef, a0, 1d, 9c, 69, 1a, c7, 07]] } }
[2m2026-09-14T12:21:41.070377Z[0m [31mERROR[0m codec_extension ThreadId(12) [2mzenoh_codec::common::extension[0m[2m:[0m Unknown Test ext: ZExtUnknown { Id: 2, Mandatory: true, Encoding: "Z64", Value: 1093798368530201283 }
[2m2026-09-14T12:21:41.070382Z[0m [31mERROR[0m codec_extension ThreadId(12) [2mzenoh_codec::common::extension[0m[2m:[0m Unknown Test ext: ZExtUnknown { Id: 12, Mandatory: true, Encoding: "Z64", Value: 11618018678388648081 }
[2m2026-09-14T12:21:41.070400Z[0m [31mERROR[0m codec_extension ThreadId(12) [2mzenoh_codec::common::extension[0m[2m:[0m Unknown Test ext: ZExtUnknown { Id: 10, Mandatory: true, Encoding: "ZBuf", Value: ZBuf { slices: [[45, 56, dc, 10, 03, 03, f2, e9, e8, 68, 06, 7c, bc, 9f, e2, 0f, 84, d2, 82, f6, 5f, 84, 4c, 1b, 56, 56, 3e, 08, ef, d5, 05, 93, 4f, e3, 57, d3, 25, 7e, 29, fd, 55, a4, 46, ca, b6]] } }
[2m2026-09-14T12:21:41.070452Z[0m [31mERROR[0m codec_extension ThreadId(12) [2mzenoh_codec::common::extension[0m[2m:[0m Unknown Test ext: ZExtUnknown { Id: 7, Mandatory: true, Encoding: "Unit" }
[2m2026-09-14T12:21:41.070470Z[0m [31mERROR[0m codec_extension ThreadId(12) [2mzenoh_codec::common::extension[0m[2m:[0m Unknown Test ext: ZExtUnknown { Id: 8, Mandatory: true, Encoding: "ZBuf", Value: ZBuf { slices: [[6b, e1, 18, ff, e4, 99, d6, 3e, 14, 4e, ab, 90, 48, 98, fa, f1, 86]] } }
[2m2026-09-14T12:21:41.070488Z[0m [31mERROR[0m codec_extension ThreadId(12) [2mzenoh_codec::common::extension[0m[2m:[0m Unknown Test ext: ZExtUnknown { Id: 12, Mandatory: true, Encoding: "Unit" }
[2m2026-09-14T12:21:41.070507Z[0m [31mERROR[0m codec_extension ThreadId(12) [2mzenoh_codec::common::extension[0m[2m:[0m Unknown Test ext: ZExtUnknown { Id: 8, Mandatory: true, Encoding: "ZBuf", Value: ZBuf { slices: [[32, b1, cd, ee, 13, fb, be, 62, 6b, 22, 00, 8a, f1, 57, 36, b5, 6d, a5, f2, 1f, e4, f7, dc, 01, 9e, 7a, 78, bf, ae, 7f]] } }
[2m2026-09-14T12:21:41.070513Z[0m [31mERROR[0m codec_extension ThreadId(12) [2mzenoh_codec::common::extension[0m[2m:[0m Unknown Test ext: ZExtUnknown { Id: 9, Mandatory: true, Encoding: "Z64", Value: 16209417061261871799 }
[2m2026-09-14T12:21:41.070532Z[0m [31mERROR[0m codec_extension ThreadId(12) [2mzenoh_codec::common::extension[0m[2m:[0m Unknown Test ext: ZExtUnknown { Id: 11, Mandatory: true, Encoding: "ZBuf", Value: ZBuf { slices: [[5e, c6, 39, 42, 29, 9e, 5a, 40, c3, 41, 06, 6d]] } }
[2m2026-09-14T12:21:41.070537Z[0m [31mERROR[0m codec_extension ThreadId(12) [2mzenoh_codec::common::extension[0m[2m:[0m Unknown Test ext: ZExtUnknown { Id: 11, Mandatory: true, Encoding: "ZBuf", Value: ZBuf { slices: [[94, b8, ec, 2b, cf, 9b, 23, 13, 9d, 78, 42, 94, 89, 61, d2]] } }
[2m2026-09-14T12:21:41.070556Z[0m [31mERROR[0m codec_extension ThreadId(12) [2mzenoh_codec::common::extension[0m[2m:[0m Unknown Test ext: ZExtUnknown { Id: 1, Mandatory: true, Encoding: "Z64", Value: 334941257950812001 }
[2m2026-09-14T12:21:41.070589Z[0m [31mERROR[0m codec_extension ThreadId(12) [2mzenoh_codec::common::extension[0m[2m:[0m Unknown Test ext: ZExtUnknown { Id: 4, Mandatory: true, Encoding: "Unit" }
[2m2026-09-14T12:21:41.070606Z[0m [31mERROR[0m codec_extension ThreadId(12) [2mzenoh_codec::common::extension[0m[2m:[0m Unknown Test ext: ZExtUnknown { Id: 7, Mandatory: true, Encoding: "Unit" }
[2m2026-09-14T12:21:41.070648Z[0m [31mERROR[0m codec_extension ThreadId(12) [2mzenoh_codec::common::extension[0m[2m:[0m Unknown Test ext: ZExtUnknown { Id: 6, Mandatory: true, Encoding: "Unit" }
[2m2026-09-14T12:21:41.070668Z[0m [31mERROR[0m codec_extension ThreadId(12) [2mzenoh_codec::common::extension[0m[2m:[0m Unknown Test ext: ZExtUnknown { Id: 15, Mandatory: true, Encoding: "Z64", Value: 12749828112756904332 }
[2m2026-09-14T12:21:41.070686Z[0m [31mERROR[0m codec_extension ThreadId(12) [2mzenoh_codec::common::extension[0m[2m:[0m Unknown Test ext: ZExtUnknown { Id: 5, Mandatory: true, Encoding: "Z64", Value: 9743985807907577554 }
[2m2026-09-14T12:21:41.070705Z[0m [31mERROR[0m codec_extension ThreadId(12) [2mzenoh_codec::common::extension[0m[2m:[0m Unknown Test ext: ZExtUnknown { Id: 4, Mandatory: true, Encoding: "Unit" }
[2m2026-09-14T12:21:41.070722Z[0m [31mERROR[0m codec_extension ThreadId(12) [2mzenoh_codec::common::extension[0m[2m:[0m Unknown Test ext: ZExtUnknown { Id: 11, Mandatory: true, Encoding: "Unit" }
[2m2026-09-14T12:21:41.070740Z[0m [31mERROR[0m codec_extension ThreadId(12) [2mzenoh_codec::common::extension[0m[2m:[0m Unknown Test ext: ZExtUnknown { Id: 9, Mandatory: true, Encoding: "ZBuf", Value: ZBuf { slices: [[6c, 74, 9a, 6a, 8e, d3, 0a, 26, 34, fc, 59, 1f, 67, 4b, c2, 23, 05, 18, 9d, 71, 04, 98, 74, 7c, ef, 47, 10, 3c, d6, 6a, 2a, 5d, fd, d4, a0, 05, e0, 4d, bf, 73, f6, 8b, 5f, 66, 4d, 7b, 88, be, d9, ba, 0c, 92, 06, df, 64, bf, c1, 49, f0]] } }
[2m2026-09-14T12:21:41.070763Z[0m [31mERROR[0m codec_extension ThreadId(12) [2mzenoh_codec::common::extension[0m[2m:[0m Unknown Test ext: ZExtUnknown { Id: 15, Mandatory: true, Encoding: "ZBuf", Value: ZBuf { slices: [[de, 8c, 42, 26, f9, a5, d2, 00, 9d, 1a, 7f, cf, 64, da, 34, 2d, 78, 26, ad, 11, 3a, 6e, 61, 8d, 91, 34, 25, a2, ee, 4a, 46, 2c, 23, 62, 04, 08, 84, 0a, 79, 3e, eb, 63, e0, 4c, dd, 72, 0e, 5a, cf, c1, 97, 0f]] } }
[2m2026-09-14T12:21:41.070783Z[0m [31mERROR[0m codec_extension ThreadId(12) [2mzenoh_codec::common::extension[0m[2m:[0m Unknown Test ext: ZExtUnknown { Id: 6, Mandatory: true, Encoding: "ZBuf", Value: ZBuf { slices: [[3e, 7e, 7a, dc, 51, d6, 02, 29, ab, 35, d8, 2a, e6, ab, cd, f2, 7f, 49, c2, f4, 3a, fa, 73, ab, 2e, 8e, 10, c7, 12, ed, e1, bb, be, 2b, 7c, 19, 6c, b7, 50, e5, 7c, ae, b0, 8d, a3, 23, 75, 2a]] } }
[2m2026-09-14T12:21:41.070805Z[0m [31mERROR[0m codec_extension ThreadId(12) [2mzenoh_codec::common::extension[0m[2m:[0m Unknown Test ext: ZExtUnknown { Id: 15, Mandatory: true, Encoding: "Unit" }
[2m2026-09-14T12:21:41.070822Z[0m [31mERROR[0m codec_extension ThreadId(12) [2mzenoh_codec::common::extension[0m[2m:[0m Unknown Test ext: ZExtUnknown { Id: 4, Mandatory: true, Encoding: "ZBuf", Value: ZBuf { slices: [[01, a5, 4b, a8, 5d, a7, 43, eb, 5e, 40, 1d, f3, 0a, 0c, 26, 77, 73, e7]] } }
[2m2026-09-14T12:21:41.070829Z[0m [31mERROR[0m codec_extension ThreadId(12) [2mzenoh_codec::common::extension[0m[2m:[0m Unknown Test ext: ZExtUnknown { Id: 6, Mandatory: true, Encoding: "Unit" }
[2m2026-09-14T12:21:41.070864Z[0m [31mERROR[0m codec_extension ThreadId(12) [2mzenoh_codec::common::extension[0m[2m:[0m Unknown Test ext: ZExtUnknown { Id: 0, Mandatory: true, Encoding: "Z64", Value: 513918046749773065 }
[2m2026-09-14T12:21:41.070898Z[0m [31mERROR[0m codec_extension ThreadId(12) [2mzenoh_codec::common::extension[0m[2m:[0m Unknown Test ext: ZExtUnknown { Id: 10, Mandatory: true, Encoding: "ZBuf", Value: ZBuf { slices: [[dc, 53, b7, 85, 27, 4c, 81, 6d, 42, 84, a7, 4b, 7e, ab, fd]] } }
[2m2026-09-14T12:21:41.070917Z[0m [31mERROR[0m codec_extension ThreadId(12) [2mzenoh_codec::common::extension[0m[2m:[0m Unknown Test ext: ZExtUnknown { Id: 5, Mandatory: true, Encoding: "ZBuf", Value: ZBuf { slices: [[4a, bb, b0, d7, 69, 0a, c2, 8f, 90, 74, c2, 75, 10, 20, 85, 9a, 8c, db, 9b, 97, 95, 87, 30, 61, 0e]] } }
[2m2026-09-14T12:21:41.070975Z[0m [31mERROR[0m codec_extension ThreadId(12) [2mzenoh_codec::common::extension[0m[2m:[0m Unknown Test ext: ZExtUnknown { Id: 1, Mandatory: true, Encoding: "Z64", Value: 8411065033591575528 }
[2m2026-09-14T12:21:41.071026Z[0m [31mERROR[0m codec_extension ThreadId(12) [2mzenoh_codec::common::extension[0m[2m:[0m Unknown Test ext: ZExtUnknown { Id: 10, Mandatory: true, Encoding: "Z64", Value: 7079166970752628123 }
[2m2026-09-14T12:21:41.071045Z[0m [31mERROR[0m codec_extension ThreadId(12) [2mzenoh_codec::common::extension[0m[2m:[0m Unknown Test ext: ZExtUnknown { Id: 14, Mandatory: true, Encoding: "ZBuf", Value: ZBuf { slices: [[6f, 79, ac, bb, de, 65, 4c, da, 1b, fd, b3, 1c, 73, 38]] } }
[2m2026-09-14T12:21:41.071065Z[0m [31mERROR[0m codec_extension ThreadId(12) [2mzenoh_codec::common::extension[0m[2m:[0m Unknown Test ext: ZExtUnknown { Id: 0, Mandatory: true, Encoding: "Z64", Value: 3361821571188680321 }
[2m2026-09-14T12:21:41.071085Z[0m [31mERROR[0m codec_extension ThreadId(12) [2mzenoh_codec::common::extension[0m[2m:[0m Unknown Test ext: ZExtUnknown { Id: 4, Mandatory: true, Encoding: "ZBuf", Value: ZBuf { slices: [[75, 04, 30, 2c, 1f, 89, 1d, 59, fb, 72, 1e, 1d, 37, 4c, fc, e6, 44, f4, e2, ac, 6e, 09, 6e, c8, cc, c0, 5e, e1, d5, f8, c5, b2, a6, f5, b4, d4, d6, 30, 80, 85, 44, 32, 38, 39, 21, 9b, 7e]] } }
[2m2026-09-14T12:21:41.071107Z[0m [31mERROR[0m codec_extension ThreadId(12) [2mzenoh_codec::common::extension[0m[2m:[0m Unknown Test ext: ZExtUnknown { Id: 3, Mandatory: true, Encoding: "ZBuf", Value: ZBuf { slices: [[a4, dc, f3, 22, b9, 62, b4, cc, 6c, 14, 46, c7, dc, d2, 88, 4f, 1c, 9b, 0d, ba, 6f, 6f, b0, f4, 66, 0d, cc, db, fd, f5, df, 3e, ec, f2, 7d, 51, 9d, 1a, 94, 3f, c9, 5b, b8, 17, 78, bc]] } }
[2m2026-09-14T12:21:41.071129Z[0m [31mERROR[0m codec_extension ThreadId(12) [2mzenoh_codec::common::extension[0m[2m:[0m Unknown Test ext: ZExtUnknown { Id: 1, Mandatory: true, Encoding: "ZBuf", Value: ZBuf { slices: [[3e, a3, e1, d3, c5, c4, d4, d3, 75, 35, e9, 10, 07, 33, d8, 1f, aa, ab, ac, 89, 7c, 7d, 59, 4f, 08, 65, c0, d6, 62, 2e, f4, 96, 90, 06, 58, 48, c7, dc, 16, b6, e6, 94, ac, 48, 17, b1]] } }
[2m2026-09-14T12:21:41.071169Z[0m [31mERROR[0m codec_extension ThreadId(12) [2mzenoh_codec::common::extension[0m[2m:[0m Unknown Test ext: ZExtUnknown { Id: 14, Mandatory: true, Encoding: "Unit" }
[2m2026-09-14T12:21:41.071248Z[0m [31mERROR[0m codec_extension ThreadId(12) [2mzenoh_codec::common::extension[0m[2m:[0m Unknown Test ext: ZExtUnknown { Id: 1, Mandatory: true, Encoding: "Unit" }
[2m2026-09-14T12:21:41.071267Z[0m [31mERROR[0m codec_extension ThreadId(12) [2mzenoh_codec::common::extension[0m[2m:[0m Unknown Test ext: ZExtUnknown { Id: 10, Mandatory: true, Encoding: "Z64", Value: 10947911227262692512 }
ok
test codec_fragment ... ok
test codec_fragment_header ... ok
test codec_frame ... ok
test codec_frame_header ... ok
test codec_hello ... ok
test codec_init_ack ... ok
test codec_init_syn ... ok
test codec_interest ... ok
test codec_join ... ok
test codec_keep_alive ... ok
test codec_locator ... ok
test codec_network ... ok
test codec_network_oam ... ok
test codec_open_ack ... ok
test codec_open_syn ... ok
test codec_push ... ok
test codec_put ... ok
test codec_query ... ok
test codec_reply ... ok
test codec_request ... ok
test codec_response ... ok
test codec_response_final ... ok
test codec_scout ... ok
test codec_scouting ... ok
test codec_string ... ok
test codec_string_bounded ... ok
test codec_timestamp ... ok
test codec_transport ... ok
test codec_transport_oam ... ok
test codec_undeclare_keyexpr ... ok
test codec_undeclare_queryable ... ok
test codec_undeclare_subscriber ... ok
test codec_undeclare_token ... ok
test codec_zbuf ... ok
test codec_zbuf_bounded ... ok
test codec_zid ... ok
test codec_zint ... ok
test codec_zint_bounded ... ok
test codec_zint_len ... ok
test codec_zslice ... ok
test codec_zslice_bounded ... ok
test zbuf_test ... ok

test result: ok. 53 passed; 0 failed; 0 ignored; 0 measured; 0 filtered out; finished in 1.02s

