    Finished `test` profile [unoptimized + debuginfo] target(s) in 0.45s
     Running unittests src/lib.rs (target/debug/deps/zenoh-6b58e23279eb4691)

running 101 tests
test api::cancellation::test::concurrent_cancel ... ok
test api::cancellation::test::concurrent_cancel_async ... ok
test api::cancellation::test::concurrent_cancel_with_err ... ok
test api::config::tests::insert_remove_json5_array_item ... ok
test api::config::tests::runtime_try_insert_json5_array_item_rejects_non_plugin_keys ... ok
test api::encoding::tests::hash ... ok
test api::encoding::tests::test_default_encoding ... ok
test api::encoding::tests::test_from_str ... ok
test api::encoding::tests::test_schema ... ok
test api::encoding::tests::test_to_string ... ok
test api::info::tests::test_new_from_fields_equals_new_from_peer ... ok
test api::key_expr::size_of_KeyExpr ... ok
test api::publisher::tests::priority_from ... ok
test api::publisher::tests::sample_kind_integrity_in_publication ... ok
test api::publisher::tests::sample_kind_integrity_in_put_builder ... ok
test api::selector::selector_accessors ... ok
test net::protocol::network::tests::test_gossip_singlehop_linkstate_empty_links_not_overwritten ... ok
test net::routing::dispatcher::local_resources::tests::test_aggregate ... ok
test net::routing::dispatcher::local_resources::tests::test_simple ... ok
test net::routing::dispatcher::region::region_indexes ... ok
test net::tests::regions::adminspace::test_sourced_entities_and_interests::whatami_peer_expects ... ok
test net::tests::regions::adminspace::test_sourced_entities_and_interests::whatami_router_expects ... ok
test net::tests::regions::declare::test_against_invalid_token_propagation_to_source_north_router_region ... ok
test net::tests::regions::declare::test_against_invalid_token_propagation_to_source_south_router_region ... ok
test net::tests::regions::declare::test_client_token_repropagation ... ok
test net::tests::regions::declare::test_duplicate_queryable_undeclaration ... ok
test net::tests::regions::declare::test_multiple_gateways_r2r_token_propagation_downstream ... ok
test net::tests::regions::declare::test_multiple_gateways_r2r_token_propagation_upstream ... ok
test net::tests::regions::forwarding::test_c2c_inter_subregion_data_routing ... ok
test net::tests::regions::forwarding::test_c2c_inter_subregion_query_routing ... ok
test net::tests::regions::forwarding::test_complete_queryable_failover ... ok
test net::tests::regions::forwarding::test_multiple_gateways_data_routing_p2p_downstream ... ok
test net::tests::regions::forwarding::test_multiple_gateways_data_routing_p2p_upstream ... ok
test net::tests::regions::forwarding::test_multiple_gateways_data_routing_p2p_upstream_with_interest ... ok
test net::tests::regions::forwarding::test_multiple_gateways_data_routing_p2r_upstream ... ok
test net::tests::regions::forwarding::test_multiple_gateways_data_routing_p2r_upstream_with_interest ... ok
test net::tests::regions::forwarding::test_multiple_gateways_data_routing_r2p_downstream ... ok
test net::tests::regions::forwarding::test_multiple_gateways_data_routing_r2r_downstream ... ok
test net::tests::regions::forwarding::test_multiple_gateways_data_routing_r2r_upstream ... ok
test net::tests::regions::forwarding::test_multiple_gateways_data_routing_r2r_upstream_gateway_source ... ok
test net::tests::regions::forwarding::test_multiple_gateways_query_routing_p2p_downstream ... ok
test net::tests::regions::forwarding::test_multiple_gateways_query_routing_p2p_upstream ... ok
test net::tests::regions::forwarding::test_multiple_gateways_query_routing_p2p_upstream_with_interest ... ok
test net::tests::regions::forwarding::test_multiple_gateways_query_routing_p2r_upstream ... ok
test net::tests::regions::forwarding::test_multiple_gateways_query_routing_p2r_upstream_with_interest ... ok
test net::tests::regions::forwarding::test_multiple_gateways_query_routing_r2p_downstream ... ok
test net::tests::regions::forwarding::test_multiple_gateways_query_routing_r2r_downstream ... ok
test net::tests::regions::forwarding::test_multiple_gateways_query_routing_r2r_upstream ... ok
test net::tests::regions::forwarding::test_multiple_gateways_query_routing_r2r_upstream_gateway_source ... ok
test net::tests::regions::forwarding::test_p2p_inter_subregion_data_routing ... ok
test net::tests::regions::forwarding::test_p2p_inter_subregion_query_routing ... ok
test net::tests::regions::forwarding::test_push_message_consumption ... ok
test net::tests::regions::forwarding::test_r2r_inter_subregion_data_routing ... ok
test net::tests::regions::forwarding::test_r2r_inter_subregion_query_routing ... ok
test net::tests::regions::interest::test_concurrent_current_future_interests::whatami_client_whatami_client_expects ... ok
test net::tests::regions::interest::test_concurrent_current_future_interests::whatami_client_whatami_peer_expects ... ok
test net::tests::regions::interest::test_concurrent_current_future_interests::whatami_peer_whatami_client_expects ... ok
test net::tests::regions::interest::test_concurrent_current_future_interests::whatami_peer_whatami_peer_expects ... ok
test net::tests::regions::interest::test_current_future_interest_propagation_on_open::whatami_client_whatami_client_expects ... ok
test net::tests::regions::interest::test_current_future_interest_propagation_on_open::whatami_client_whatami_peer_expects ... ok
test net::tests::regions::interest::test_current_future_interest_propagation_on_open::whatami_peer_whatami_client_expects ... ok
test net::tests::regions::interest::test_current_future_interest_propagation_on_open::whatami_peer_whatami_peer_expects ... ok
test net::tests::regions::interest::test_current_interest_finalization::whatami_client_expects ... ok
test net::tests::regions::interest::test_current_interest_finalization::whatami_peer_expects ... ok
test net::tests::regions::interest::test_current_interest_finalization::whatami_router_expects ... ok
test net::tests::regions::interest::test_current_token_repropagation ... ok
test net::tests::regions::interest::test_p2p_interest_routing_with_finalized_initial_interests ... ok
test net::tests::regions::interest::test_p2p_interest_routing_with_unfinalized_initial_interests ... ok
test net::tests::regions::oam::test_peer_singlehop_gossip_linkstate_propagation ... ok
test net::tests::runtime::tests::test_state_weak_alive_with_runtime ... ok
test net::tests::runtime::tests::test_state_weak_dead_after_close_and_drop ... ok
test net::tests::runtime::tests::test_state_weak_dead_after_drop ... ok
test net::tests::runtime::tests::test_state_weak_still_alive_after_close ... ok
test net::tests::tables::base_test ... ok
test net::tests::tables::big_key_expr ... ok
test net::tests::tables::clean_test ... ok
test net::tests::tables::client_test ... ok
test net::tests::tables::get_best_key_test ... ok
test net::tests::tables::match_test ... ok
test net::tests::tables::multisub_test ... ok
test net::tests::tables::test_response_wireexpr ... ok
test tests::interceptor_cache::test_interceptors_cache_update_egress ... ok
test tests::interceptor_cache::test_interceptors_cache_update_egress_then_ingress ... ok
test tests::interceptor_cache::test_interceptors_cache_update_ingress ... ok
test tests::link_weights::test_link_weights_diamond ... [2m2026-09-14T11:34:41.720796Z[0m [31mERROR[0m [2mzenoh_task[0m[2m:[0m Failed to terminate the task
[2m2026-09-14T11:34:41.720795Z[0m [31mERROR[0m [2mzenoh_task[0m[2m:[0m Failed to terminate the task
[2m2026-09-14T11:34:41.720793Z[0m [31mERROR[0m [2mzenoh_task[0m[2m:[0m Failed to terminate the task
[2m2026-09-14T11:34:41.720795Z[0m [31mERROR[0m [2mzenoh_task[0m[2m:[0m Failed to terminate the task
[2m2026-09-14T11:34:47.745143Z[0m [31mERROR[0m [2mzenoh_task[0m[2m:[0m Failed to terminate the task
[2m2026-09-14T11:34:47.745144Z[0m [31mERROR[0m [2mzenoh_task[0m[2m:[0m Failed to terminate the task
[2m2026-09-14T11:34:47.745144Z[0m [31mERROR[0m [2mzenoh_task[0m[2m:[0m Failed to terminate the task
[2m2026-09-14T11:34:47.747125Z[0m [31mERROR[0m [2mzenoh_task[0m[2m:[0m Failed to terminate the task
ok
test tests::link_weights::test_link_weights_hexagon ... [2m2026-09-14T11:34:53.774700Z[0m [31mERROR[0m [2mzenoh_task[0m[2m:[0m Failed to terminate the task
[2m2026-09-14T11:34:53.774696Z[0m [31mERROR[0m [2mzenoh_task[0m[2m:[0m Failed to terminate the task
[2m2026-09-14T11:34:53.774695Z[0m [31mERROR[0m [2mzenoh_task[0m[2m:[0m Failed to terminate the task
[2m2026-09-14T11:34:53.774699Z[0m [31mERROR[0m [2mzenoh_task[0m[2m:[0m Failed to terminate the task
[2m2026-09-14T11:34:59.840351Z[0m [31mERROR[0m [2mzenoh_task[0m[2m:[0m Failed to terminate the task
[2m2026-09-14T11:34:59.840371Z[0m [31mERROR[0m [2mzenoh_task[0m[2m:[0m Failed to terminate the task
[2m2026-09-14T11:34:59.840371Z[0m [31mERROR[0m [2mzenoh_task[0m[2m:[0m Failed to terminate the task
[2m2026-09-14T11:34:59.840371Z[0m [31mERROR[0m [2mzenoh_task[0m[2m:[0m Failed to terminate the task
ok
test tests::link_weights::test_link_weights_info_diamond_routers ... [2m2026-09-14T11:35:07.414889Z[0m [31mERROR[0m [2mzenoh_task[0m[2m:[0m Failed to terminate the task
[2m2026-09-14T11:35:07.414963Z[0m [31mERROR[0m [2mzenoh_task[0m[2m:[0m Failed to terminate the task
[2m2026-09-14T11:35:07.414892Z[0m [31mERROR[0m [2mzenoh_task[0m[2m:[0m Failed to terminate the task
[2m2026-09-14T11:35:07.414893Z[0m [31mERROR[0m [2mzenoh_task[0m[2m:[0m Failed to terminate the task
[2m2026-09-14T11:35:07.414898Z[0m [31mERROR[0m [2mzenoh_task[0m[2m:[0m Failed to terminate the task
[2m2026-09-14T11:35:07.414906Z[0m [31mERROR[0m [2mzenoh_task[0m[2m:[0m Failed to terminate the task
[2m2026-09-14T11:35:07.414907Z[0m [31mERROR[0m [2mzenoh_task[0m[2m:[0m Failed to terminate the task
ok
test tests::link_weights::test_link_weights_triangle ... [2m2026-09-14T11:35:14.975388Z[0m [31mERROR[0m [2mzenoh_task[0m[2m:[0m Failed to terminate the task
[2m2026-09-14T11:35:14.975527Z[0m [31mERROR[0m [2mzenoh_task[0m[2m:[0m Failed to terminate the task
[2m2026-09-14T11:35:14.975575Z[0m [31mERROR[0m [2mzenoh_task[0m[2m:[0m Failed to terminate the task
[2m2026-09-14T11:35:14.975428Z[0m [31mERROR[0m [2mzenoh_task[0m[2m:[0m Failed to terminate the task
[2m2026-09-14T11:35:14.975634Z[0m [31mERROR[0m [2mzenoh_task[0m[2m:[0m Failed to terminate the task
[2m2026-09-14T11:35:14.975681Z[0m [31mERROR[0m [2mzenoh_task[0m[2m:[0m Failed to terminate the task
[2m2026-09-14T11:35:14.975572Z[0m [31mERROR[0m [2mzenoh_task[0m[2m:[0m Failed to terminate the task
[2m2026-09-14T11:35:17.995316Z[0m [31mERROR[0m [2mzenoh_task[0m[2m:[0m Failed to terminate the task
[2m2026-09-14T11:35:17.995316Z[0m [31mERROR[0m [2mzenoh_task[0m[2m:[0m Failed to terminate the task
[2m2026-09-14T11:35:17.995324Z[0m [31mERROR[0m [2mzenoh_task[0m[2m:[0m Failed to terminate the task
[2m2026-09-14T11:35:17.995316Z[0m [31mERROR[0m [2mzenoh_task[0m[2m:[0m Failed to terminate the task
[2m2026-09-14T11:35:23.572688Z[0m [31mERROR[0m [2mzenoh_task[0m[2m:[0m Failed to terminate the task
[2m2026-09-14T11:35:23.572688Z[0m [31mERROR[0m [2mzenoh_task[0m[2m:[0m Failed to terminate the task
[2m2026-09-14T11:35:23.572688Z[0m [31mERROR[0m [2mzenoh_task[0m[2m:[0m Failed to terminate the task
[2m2026-09-14T11:35:29.087568Z[0m [31mERROR[0m [2mzenoh_task[0m[2m:[0m Failed to terminate the task
[2m2026-09-14T11:35:29.087568Z[0m [31mERROR[0m [2mzenoh_task[0m[2m:[0m Failed to terminate the task
[2m2026-09-14T11:35:29.087568Z[0m [31mERROR[0m [2mzenoh_task[0m[2m:[0m Failed to terminate the task
[2m2026-09-14T11:35:34.615851Z[0m [31mERROR[0m [2mzenoh_task[0m[2m:[0m Failed to terminate the task
[2m2026-09-14T11:35:34.615851Z[0m [31mERROR[0m [2mzenoh_task[0m[2m:[0m Failed to terminate the task
[2m2026-09-14T11:35:34.615851Z[0m [31mERROR[0m [2mzenoh_task[0m[2m:[0m Failed to terminate the task
ok
test tests::link_weights::test_link_weights_update_diamond ... [2m2026-09-14T11:35:40.184026Z[0m [31mERROR[0m [2mzenoh_task[0m[2m:[0m Failed to terminate the task
[2m2026-09-14T11:35:40.184027Z[0m [31mERROR[0m [2mzenoh_task[0m[2m:[0m Failed to terminate the task
[2m2026-09-14T11:35:40.184047Z[0m [31mERROR[0m [2mzenoh_task[0m[2m:[0m Failed to terminate the task
[2m2026-09-14T11:35:45.726428Z[0m [31mERROR[0m [2mzenoh_task[0m[2m:[0m Failed to terminate the task
[2m2026-09-14T11:35:45.726428Z[0m [31mERROR[0m [2mzenoh_task[0m[2m:[0m Failed to terminate the task
[2m2026-09-14T11:35:45.726428Z[0m [31mERROR[0m [2mzenoh_task[0m[2m:[0m Failed to terminate the task
ok
test tests::link_weights::test_link_weights_update_hexagon ... [2m2026-09-14T11:35:57.761105Z[0m [31mERROR[0m [2mzenoh_task[0m[2m:[0m Failed to terminate the task
[2m2026-09-14T11:35:57.761105Z[0m [31mERROR[0m [2mzenoh_task[0m[2m:[0m Failed to terminate the task
[2m2026-09-14T11:35:57.761110Z[0m [31mERROR[0m [2mzenoh_task[0m[2m:[0m Failed to terminate the task
[2m2026-09-14T11:35:57.761105Z[0m [31mERROR[0m [2mzenoh_task[0m[2m:[0m Failed to terminate the task
ok
test tests::query_reply::test_reply_preserves_optimized_ke ... ok
test tests::session::runtime_state_weak_tests::alive_before_close::whatami_peer_false_expects ... ok
test tests::session::runtime_state_weak_tests::alive_before_close::whatami_peer_true_expects ... ok
test tests::session::runtime_state_weak_tests::dead_after_drop::whatami_peer_false_expects ... ok
test tests::session::runtime_state_weak_tests::dead_after_drop::whatami_peer_true_expects ... ok
test tests::session::runtime_state_weak_tests::dead_after_drop_many_times::whatami_peer_false_expects ... ok
test tests::session::runtime_state_weak_tests::dead_after_drop_many_times::whatami_peer_true_expects ... ok
test tests::session::runtime_state_weak_tests::multiple_sessions_independent::whatami_peer_false_expects ... ok
test tests::session::runtime_state_weak_tests::multiple_sessions_independent::whatami_peer_true_expects ... ok
test tests::session::runtime_state_weak_tests::still_alive_after_close::whatami_peer_false_expects ... ok
test tests::session::runtime_state_weak_tests::still_alive_after_close::whatami_peer_true_expects ... ok

test result: ok. 101 passed; 0 failed; 0 ignored; 0 measured; 0 filtered out; finished in 133.09s

     Running tests/adminspace.rs (target/debug/deps/adminspace-92b90aac86731471)

running 5 tests
test test_adminspace_ronly ... [2m2026-09-14T11:35:59.368053Z[0m [31mERROR[0m test_adminspace_ronly ThreadId(02) [2mzenoh::net::runtime::adminspace[0m[2m:[0m Received PUT on '@/1eb72bdf4793ec263e05e03efb8d0d82/router/config/zid' but adminspace.permissions.write=false in configuration
[2m2026-09-14T11:35:59.368258Z[0m [31mERROR[0m test_adminspace_ronly ThreadId(02) [2mzenoh::net::runtime::adminspace[0m[2m:[0m Received PUT on '@/1eb72bdf4793ec263e05e03efb8d0d82/router/config/zid' but adminspace.permissions.write=false in configuration
ok
test test_adminspace_transports_and_links ... ok
test test_adminspace_wonly ... [2m2026-09-14T11:36:01.602231Z[0m [31mERROR[0m test_adminspace_wonly ThreadId(20) [2mzenoh::net::runtime::adminspace[0m[2m:[0m Received GET on '@/c4a1e4ab621edd19c444a4a83810ca9a/router' but adminspace.permissions.read=false in configuration
ok
test test_adminspace_write ... [2m2026-09-14T11:36:02.107846Z[0m [31mERROR[0m test_adminspace_write ThreadId(25) [2mzenoh::net::runtime::adminspace[0m[2m:[0m Error inserting conf value @/532eb46c6a3c57cc68aff07dc0c75fcb/router/config/zid : 1 - Error inserting conf value zid : updating config is only supported for keys starting with `plugins/` at zenoh/src/api/config.rs:181.
[2m2026-09-14T11:36:02.108463Z[0m [31mERROR[0m test_adminspace_write ThreadId(25) [2mzenoh::net::runtime::adminspace[0m[2m:[0m Error deleting conf value @/532eb46c6a3c57cc68aff07dc0c75fcb/router/config/zid : Removal of values from Config is only supported for keys starting with `plugins/` at commons/zenoh-config/src/lib.rs:1397.
ok
test test_adminspace_write_with_zid_and_mode_wildcards ... ok

test result: ok. 5 passed; 0 failed; 0 ignored; 0 measured; 1 filtered out; finished in 3.79s

     Running tests/attachments.rs (target/debug/deps/attachments-405fe9918896e09f)

running 2 tests
test attachment_pubsub ... ok
test attachment_queries ... ok

test result: ok. 2 passed; 0 failed; 0 ignored; 0 measured; 0 filtered out; finished in 1.05s

     Running tests/matching.rs (target/debug/deps/matching-8a111b4eaba41156)

running 24 tests
test zenoh_matching_listener_drop_deadlock ... ok
test zenoh_publisher_matching_status ... ok
test zenoh_querier_matching_status::locality_any_testtype_clientpeer_expects ... ok
test zenoh_querier_matching_status::locality_any_testtype_clientrouterclient_expects ... ok
test zenoh_querier_matching_status::locality_any_testtype_peerclient_expects ... ok
test zenoh_querier_matching_status::locality_any_testtype_peerpeer_expects ... ok
test zenoh_querier_matching_status::locality_any_testtype_routerclient_expects ... ok
test zenoh_querier_matching_status::locality_any_testtype_routerrouter_expects ... ok
test zenoh_querier_matching_status::locality_any_testtype_samesession_expects ... ok
test zenoh_querier_matching_status::locality_remote_testtype_clientpeer_expects ... ok
test zenoh_querier_matching_status::locality_remote_testtype_clientrouterclient_expects ... ok
test zenoh_querier_matching_status::locality_remote_testtype_peerclient_expects ... ok
test zenoh_querier_matching_status::locality_remote_testtype_peerpeer_expects ... ok
test zenoh_querier_matching_status::locality_remote_testtype_routerclient_expects ... ok
test zenoh_querier_matching_status::locality_remote_testtype_routerrouter_expects ... ok
test zenoh_querier_matching_status::locality_remote_testtype_samesession_expects ... ok
test zenoh_querier_matching_status::locality_sessionlocal_testtype_clientpeer_expects ... ok
test zenoh_querier_matching_status::locality_sessionlocal_testtype_clientrouterclient_expects ... ok
test zenoh_querier_matching_status::locality_sessionlocal_testtype_peerclient_expects ... ok
test zenoh_querier_matching_status::locality_sessionlocal_testtype_peerpeer_expects ... ok
test zenoh_querier_matching_status::locality_sessionlocal_testtype_routerclient_expects ... ok
test zenoh_querier_matching_status::locality_sessionlocal_testtype_routerrouter_expects ... ok
test zenoh_querier_matching_status::locality_sessionlocal_testtype_samesession_expects ... ok
test zenoh_querier_matching_status_session_drop ... ok

test result: ok. 24 passed; 0 failed; 0 ignored; 0 measured; 0 filtered out; finished in 196.04s

     Running tests/qos.rs (target/debug/deps/qos-b04945ea34ccca1d)

running 0 tests

test result: ok. 0 passed; 0 failed; 0 ignored; 0 measured; 2 filtered out; finished in 0.00s

     Running tests/queryable.rs (target/debug/deps/queryable-93aa6d64b7b6379f)

running 1 test
test test_queryable_same_session ... ok

test result: ok. 1 passed; 0 failed; 0 ignored; 0 measured; 2 filtered out; finished in 1.58s

     Running tests/routing.rs (target/debug/deps/routing-eda43f1265016c2c)

running 8 tests
test gossip_regression_1 ... ok
test gossip_regression_2 ... ok
test gossip_regression_3 ... ok
test router_linkstate ... [2m2026-09-14T11:39:52.165548Z[0m [31mERROR[0m net-0 ThreadId(08) [2mzenoh_task[0m[2m:[0m Failed to terminate the task
[2m2026-09-14T11:39:56.757478Z[0m [31mERROR[0m  rx-0 ThreadId(12) [2mzenoh::net::routing::hat::client::token[0m[2m:[0m Unknown token [3mid[0m[2m=[0m0
[2m2026-09-14T11:39:57.839362Z[0m [31mERROR[0m net-2 ThreadId(39) [2mzenoh_task[0m[2m:[0m Failed to terminate the task
[2m2026-09-14T11:40:04.957503Z[0m [31mERROR[0m net-1 ThreadId(14) [2mzenoh_task[0m[2m:[0m Failed to terminate the task
[2m2026-09-14T11:40:04.957568Z[0m [31mERROR[0m net-3 ThreadId(43) [2mzenoh_task[0m[2m:[0m Failed to terminate the task
[2m2026-09-14T11:40:06.863759Z[0m [31mERROR[0m net-0 ThreadId(08) [2mzenoh_task[0m[2m:[0m Failed to terminate the task
[2m2026-09-14T11:40:09.372412Z[0m [31mERROR[0m net-4 ThreadId(44) [2mzenoh_task[0m[2m:[0m Failed to terminate the task
[2m2026-09-14T11:40:14.985034Z[0m [31mERROR[0m net-2 ThreadId(39) [2mzenoh_task[0m[2m:[0m Failed to terminate the task
[2m2026-09-14T11:40:14.985036Z[0m [31mERROR[0m net-5 ThreadId(46) [2mzenoh_task[0m[2m:[0m Failed to terminate the task
[2m2026-09-14T11:40:18.483998Z[0m [31mERROR[0m  rx-1 ThreadId(13) [2mzenoh::net::routing::hat::client::token[0m[2m:[0m Unknown token [3mid[0m[2m=[0m0
[2m2026-09-14T11:40:22.935623Z[0m [31mERROR[0m net-3 ThreadId(43) [2mzenoh_task[0m[2m:[0m Failed to terminate the task
[2m2026-09-14T11:40:26.054379Z[0m [31mERROR[0m net-4 ThreadId(44) [2mzenoh_task[0m[2m:[0m Failed to terminate the task
[2m2026-09-14T11:40:28.594272Z[0m [31mERROR[0m net-0 ThreadId(08) [2mzenoh_task[0m[2m:[0m Failed to terminate the task
[2m2026-09-14T11:40:29.279735Z[0m [31mERROR[0m  rx-4 ThreadId(47) [2mzenoh::net::routing::hat::router::token[0m[2m:[0m Network graph doesn't contain destination node [3mnode_id[0m[2m=[0m1
[2m2026-09-14T11:40:29.279792Z[0m [31mERROR[0m  rx-4 ThreadId(47) [2mzenoh::net::routing::hat::router::token[0m[2m:[0m Network graph doesn't contain destination node [3mnode_id[0m[2m=[0m1
[2m2026-09-14T11:40:29.279807Z[0m [31mERROR[0m  rx-4 ThreadId(47) [2mzenoh::net::routing::hat::router::token[0m[2m:[0m Network graph doesn't contain destination node [3mnode_id[0m[2m=[0m1
[2m2026-09-14T11:40:29.279825Z[0m [31mERROR[0m  rx-4 ThreadId(47) [2mzenoh::net::routing::hat::router::token[0m[2m:[0m Network graph doesn't contain destination node [3mnode_id[0m[2m=[0m1
[2m2026-09-14T11:40:29.279846Z[0m [31mERROR[0m  rx-4 ThreadId(47) [2mzenoh::net::routing::hat::router::token[0m[2m:[0m Network graph doesn't contain destination node [3mnode_id[0m[2m=[0m1
[2m2026-09-14T11:40:29.279869Z[0m [31mERROR[0m  rx-4 ThreadId(47) [2mzenoh::net::routing::hat::router::token[0m[2m:[0m Network graph doesn't contain destination node [3mnode_id[0m[2m=[0m1
[2m2026-09-14T11:40:36.786629Z[0m [31mERROR[0m net-1 ThreadId(14) [2mzenoh_task[0m[2m:[0m Failed to terminate the task
[2m2026-09-14T11:40:36.786629Z[0m [31mERROR[0m net-2 ThreadId(39) [2mzenoh_task[0m[2m:[0m Failed to terminate the task
[2m2026-09-14T11:40:36.786629Z[0m [31mERROR[0m net-5 ThreadId(46) [2mzenoh_task[0m[2m:[0m Failed to terminate the task
[2m2026-09-14T11:40:39.385028Z[0m [31mERROR[0m net-4 ThreadId(44) [2mzenoh_task[0m[2m:[0m Failed to terminate the task
[2m2026-09-14T11:40:42.437288Z[0m [31mERROR[0m  rx-4 ThreadId(47) [2mzenoh::net::routing::hat::router::token[0m[2m:[0m Network graph doesn't contain destination node [3mnode_id[0m[2m=[0m1
[2m2026-09-14T11:40:42.437363Z[0m [31mERROR[0m  rx-4 ThreadId(47) [2mzenoh::net::routing::hat::router::token[0m[2m:[0m Network graph doesn't contain destination node [3mnode_id[0m[2m=[0m1
[2m2026-09-14T11:40:42.437383Z[0m [31mERROR[0m  rx-4 ThreadId(47) [2mzenoh::net::routing::hat::router::token[0m[2m:[0m Network graph doesn't contain destination node [3mnode_id[0m[2m=[0m1
[2m2026-09-14T11:40:42.437401Z[0m [31mERROR[0m  rx-4 ThreadId(47) [2mzenoh::net::routing::hat::router::token[0m[2m:[0m Network graph doesn't contain destination node [3mnode_id[0m[2m=[0m1
[2m2026-09-14T11:40:42.437417Z[0m [31mERROR[0m  rx-4 ThreadId(47) [2mzenoh::net::routing::hat::router::token[0m[2m:[0m Network graph doesn't contain destination node [3mnode_id[0m[2m=[0m1
[2m2026-09-14T11:40:42.437433Z[0m [31mERROR[0m  rx-4 ThreadId(47) [2mzenoh::net::routing::hat::router::token[0m[2m:[0m Network graph doesn't contain destination node [3mnode_id[0m[2m=[0m1
[2m2026-09-14T11:40:42.437449Z[0m [31mERROR[0m  rx-4 ThreadId(47) [2mzenoh::net::routing::hat::router::token[0m[2m:[0m Network graph doesn't contain destination node [3mnode_id[0m[2m=[0m1
[2m2026-09-14T11:40:42.437465Z[0m [31mERROR[0m  rx-4 ThreadId(47) [2mzenoh::net::routing::hat::router::token[0m[2m:[0m Network graph doesn't contain destination node [3mnode_id[0m[2m=[0m1
[2m2026-09-14T11:40:42.437480Z[0m [31mERROR[0m  rx-4 ThreadId(47) [2mzenoh::net::routing::hat::router::token[0m[2m:[0m Network graph doesn't contain destination node [3mnode_id[0m[2m=[0m1
[2m2026-09-14T11:40:42.437565Z[0m [31mERROR[0m  rx-4 ThreadId(47) [2mzenoh::net::routing::hat::router::token[0m[2m:[0m Network graph doesn't contain destination node [3mnode_id[0m[2m=[0m1
[2m2026-09-14T11:40:42.437582Z[0m [31mERROR[0m  rx-4 ThreadId(47) [2mzenoh::net::routing::hat::router::token[0m[2m:[0m Network graph doesn't contain destination node [3mnode_id[0m[2m=[0m1
[2m2026-09-14T11:40:42.437597Z[0m [31mERROR[0m  rx-4 ThreadId(47) [2mzenoh::net::routing::hat::router::token[0m[2m:[0m Network graph doesn't contain destination node [3mnode_id[0m[2m=[0m1
[2m2026-09-14T11:40:42.437612Z[0m [31mERROR[0m  rx-4 ThreadId(47) [2mzenoh::net::routing::hat::router::token[0m[2m:[0m Network graph doesn't contain destination node [3mnode_id[0m[2m=[0m1
[2m2026-09-14T11:40:42.437627Z[0m [31mERROR[0m  rx-4 ThreadId(47) [2mzenoh::net::routing::hat::router::token[0m[2m:[0m Network graph doesn't contain destination node [3mnode_id[0m[2m=[0m1
[2m2026-09-14T11:40:42.437642Z[0m [31mERROR[0m  rx-4 ThreadId(47) [2mzenoh::net::routing::hat::router::token[0m[2m:[0m Network graph doesn't contain destination node [3mnode_id[0m[2m=[0m1
[2m2026-09-14T11:40:42.437656Z[0m [31mERROR[0m  rx-4 ThreadId(47) [2mzenoh::net::routing::hat::router::token[0m[2m:[0m Network graph doesn't contain destination node [3mnode_id[0m[2m=[0m1
[2m2026-09-14T11:40:42.437671Z[0m [31mERROR[0m  rx-4 ThreadId(47) [2mzenoh::net::routing::hat::router::token[0m[2m:[0m Network graph doesn't contain destination node [3mnode_id[0m[2m=[0m1
[2m2026-09-14T11:40:42.437721Z[0m [31mERROR[0m  rx-4 ThreadId(47) [2mzenoh::net::routing::hat::router::token[0m[2m:[0m Network graph doesn't contain destination node [3mnode_id[0m[2m=[0m1
[2m2026-09-14T11:40:42.437756Z[0m [31mERROR[0m  rx-4 ThreadId(47) [2mzenoh::net::routing::hat::router::token[0m[2m:[0m Network graph doesn't contain destination node [3mnode_id[0m[2m=[0m1
[2m2026-09-14T11:40:42.437775Z[0m [31mERROR[0m  rx-4 ThreadId(47) [2mzenoh::net::routing::hat::router::token[0m[2m:[0m Network graph doesn't contain destination node [3mnode_id[0m[2m=[0m1
[2m2026-09-14T11:40:42.437791Z[0m [31mERROR[0m  rx-4 ThreadId(47) [2mzenoh::net::routing::hat::router::token[0m[2m:[0m Network graph doesn't contain destination node [3mnode_id[0m[2m=[0m1
[2m2026-09-14T11:40:42.437807Z[0m [31mERROR[0m  rx-4 ThreadId(47) [2mzenoh::net::routing::hat::router::token[0m[2m:[0m Network graph doesn't contain destination node [3mnode_id[0m[2m=[0m1
[2m2026-09-14T11:40:42.437822Z[0m [31mERROR[0m  rx-4 ThreadId(47) [2mzenoh::net::routing::hat::router::token[0m[2m:[0m Network graph doesn't contain destination node [3mnode_id[0m[2m=[0m1
[2m2026-09-14T11:40:42.437837Z[0m [31mERROR[0m  rx-4 ThreadId(47) [2mzenoh::net::routing::hat::router::token[0m[2m:[0m Network graph doesn't contain destination node [3mnode_id[0m[2m=[0m1
[2m2026-09-14T11:40:42.437851Z[0m [31mERROR[0m  rx-4 ThreadId(47) [2mzenoh::net::routing::hat::router::token[0m[2m:[0m Network graph doesn't contain destination node [3mnode_id[0m[2m=[0m1
[2m2026-09-14T11:40:42.437874Z[0m [31mERROR[0m  rx-4 ThreadId(47) [2mzenoh::net::routing::hat::router::token[0m[2m:[0m Network graph doesn't contain destination node [3mnode_id[0m[2m=[0m1
[2m2026-09-14T11:40:42.437891Z[0m [31mERROR[0m  rx-4 ThreadId(47) [2mzenoh::net::routing::hat::router::token[0m[2m:[0m Network graph doesn't contain destination node [3mnode_id[0m[2m=[0m1
[2m2026-09-14T11:40:42.437915Z[0m [31mERROR[0m  rx-4 ThreadId(47) [2mzenoh::net::routing::hat::router::token[0m[2m:[0m Network graph doesn't contain destination node [3mnode_id[0m[2m=[0m1
[2m2026-09-14T11:40:42.437936Z[0m [31mERROR[0m  rx-4 ThreadId(47) [2mzenoh::net::routing::hat::router::token[0m[2m:[0m Network graph doesn't contain destination node [3mnode_id[0m[2m=[0m1
[2m2026-09-14T11:40:42.437957Z[0m [31mERROR[0m  rx-4 ThreadId(47) [2mzenoh::net::routing::hat::router::token[0m[2m:[0m Network graph doesn't contain destination node [3mnode_id[0m[2m=[0m1
[2m2026-09-14T11:40:42.437975Z[0m [31mERROR[0m  rx-4 ThreadId(47) [2mzenoh::net::routing::hat::router::token[0m[2m:[0m Network graph doesn't contain destination node [3mnode_id[0m[2m=[0m1
[2m2026-09-14T11:40:42.437992Z[0m [31mERROR[0m  rx-4 ThreadId(47) [2mzenoh::net::routing::hat::router::token[0m[2m:[0m Network graph doesn't contain destination node [3mnode_id[0m[2m=[0m1
[2m2026-09-14T11:40:42.438008Z[0m [31mERROR[0m  rx-4 ThreadId(47) [2mzenoh::net::routing::hat::router::token[0m[2m:[0m Network graph doesn't contain destination node [3mnode_id[0m[2m=[0m1
[2m2026-09-14T11:40:42.438025Z[0m [31mERROR[0m  rx-4 ThreadId(47) [2mzenoh::net::routing::hat::router::token[0m[2m:[0m Network graph doesn't contain destination node [3mnode_id[0m[2m=[0m1
[2m2026-09-14T11:40:42.438042Z[0m [31mERROR[0m  rx-4 ThreadId(47) [2mzenoh::net::routing::hat::router::token[0m[2m:[0m Network graph doesn't contain destination node [3mnode_id[0m[2m=[0m1
[2m2026-09-14T11:40:42.438059Z[0m [31mERROR[0m  rx-4 ThreadId(47) [2mzenoh::net::routing::hat::router::token[0m[2m:[0m Network graph doesn't contain destination node [3mnode_id[0m[2m=[0m1
[2m2026-09-14T11:40:42.438075Z[0m [31mERROR[0m  rx-4 ThreadId(47) [2mzenoh::net::routing::hat::router::token[0m[2m:[0m Network graph doesn't contain destination node [3mnode_id[0m[2m=[0m1
[2m2026-09-14T11:40:42.438091Z[0m [31mERROR[0m  rx-4 ThreadId(47) [2mzenoh::net::routing::hat::router::token[0m[2m:[0m Network graph doesn't contain destination node [3mnode_id[0m[2m=[0m1
[2m2026-09-14T11:40:42.438107Z[0m [31mERROR[0m  rx-4 ThreadId(47) [2mzenoh::net::routing::hat::router::token[0m[2m:[0m Network graph doesn't contain destination node [3mnode_id[0m[2m=[0m1
[2m2026-09-14T11:40:42.438124Z[0m [31mERROR[0m  rx-4 ThreadId(47) [2mzenoh::net::routing::hat::router::token[0m[2m:[0m Network graph doesn't contain destination node [3mnode_id[0m[2m=[0m1
[2m2026-09-14T11:40:42.438141Z[0m [31mERROR[0m  rx-4 ThreadId(47) [2mzenoh::net::routing::hat::router::token[0m[2m:[0m Network graph doesn't contain destination node [3mnode_id[0m[2m=[0m1
[2m2026-09-14T11:40:42.438157Z[0m [31mERROR[0m  rx-4 ThreadId(47) [2mzenoh::net::routing::hat::router::token[0m[2m:[0m Network graph doesn't contain destination node [3mnode_id[0m[2m=[0m1
[2m2026-09-14T11:40:42.438173Z[0m [31mERROR[0m  rx-4 ThreadId(47) [2mzenoh::net::routing::hat::router::token[0m[2m:[0m Network graph doesn't contain destination node [3mnode_id[0m[2m=[0m1
[2m2026-09-14T11:40:42.438189Z[0m [31mERROR[0m  rx-4 ThreadId(47) [2mzenoh::net::routing::hat::router::token[0m[2m:[0m Network graph doesn't contain destination node [3mnode_id[0m[2m=[0m1
[2m2026-09-14T11:40:42.438205Z[0m [31mERROR[0m  rx-4 ThreadId(47) [2mzenoh::net::routing::hat::router::token[0m[2m:[0m Network graph doesn't contain destination node [3mnode_id[0m[2m=[0m1
[2m2026-09-14T11:40:42.438222Z[0m [31mERROR[0m  rx-4 ThreadId(47) [2mzenoh::net::routing::hat::router::token[0m[2m:[0m Network graph doesn't contain destination node [3mnode_id[0m[2m=[0m1
[2m2026-09-14T11:40:42.438237Z[0m [31mERROR[0m  rx-4 ThreadId(47) [2mzenoh::net::routing::hat::router::token[0m[2m:[0m Network graph doesn't contain destination node [3mnode_id[0m[2m=[0m1
[2m2026-09-14T11:40:42.438254Z[0m [31mERROR[0m  rx-4 ThreadId(47) [2mzenoh::net::routing::hat::router::token[0m[2m:[0m Network graph doesn't contain destination node [3mnode_id[0m[2m=[0m1
[2m2026-09-14T11:40:42.438270Z[0m [31mERROR[0m  rx-4 ThreadId(47) [2mzenoh::net::routing::hat::router::token[0m[2m:[0m Network graph doesn't contain destination node [3mnode_id[0m[2m=[0m1
[2m2026-09-14T11:40:42.438286Z[0m [31mERROR[0m  rx-4 ThreadId(47) [2mzenoh::net::routing::hat::router::token[0m[2m:[0m Network graph doesn't contain destination node [3mnode_id[0m[2m=[0m1
[2m2026-09-14T11:40:42.438305Z[0m [31mERROR[0m  rx-4 ThreadId(47) [2mzenoh::net::routing::hat::router::token[0m[2m:[0m Network graph doesn't contain destination node [3mnode_id[0m[2m=[0m1
[2m2026-09-14T11:40:42.438321Z[0m [31mERROR[0m  rx-4 ThreadId(47) [2mzenoh::net::routing::hat::router::token[0m[2m:[0m Network graph doesn't contain destination node [3mnode_id[0m[2m=[0m1
[2m2026-09-14T11:40:42.438337Z[0m [31mERROR[0m  rx-4 ThreadId(47) [2mzenoh::net::routing::hat::router::token[0m[2m:[0m Network graph doesn't contain destination node [3mnode_id[0m[2m=[0m1
[2m2026-09-14T11:40:42.438354Z[0m [31mERROR[0m  rx-4 ThreadId(47) [2mzenoh::net::routing::hat::router::token[0m[2m:[0m Network graph doesn't contain destination node [3mnode_id[0m[2m=[0m1
[2m2026-09-14T11:40:42.438370Z[0m [31mERROR[0m  rx-4 ThreadId(47) [2mzenoh::net::routing::hat::router::token[0m[2m:[0m Network graph doesn't contain destination node [3mnode_id[0m[2m=[0m1
[2m2026-09-14T11:40:42.438387Z[0m [31mERROR[0m  rx-4 ThreadId(47) [2mzenoh::net::routing::hat::router::token[0m[2m:[0m Network graph doesn't contain destination node [3mnode_id[0m[2m=[0m1
[2m2026-09-14T11:40:42.438403Z[0m [31mERROR[0m  rx-4 ThreadId(47) [2mzenoh::net::routing::hat::router::token[0m[2m:[0m Network graph doesn't contain destination node [3mnode_id[0m[2m=[0m1
[2m2026-09-14T11:40:42.438419Z[0m [31mERROR[0m  rx-4 ThreadId(47) [2mzenoh::net::routing::hat::router::token[0m[2m:[0m Network graph doesn't contain destination node [3mnode_id[0m[2m=[0m1
[2m2026-09-14T11:40:42.438435Z[0m [31mERROR[0m  rx-4 ThreadId(47) [2mzenoh::net::routing::hat::router::token[0m[2m:[0m Network graph doesn't contain destination node [3mnode_id[0m[2m=[0m1
[2m2026-09-14T11:40:42.438451Z[0m [31mERROR[0m  rx-4 ThreadId(47) [2mzenoh::net::routing::hat::router::token[0m[2m:[0m Network graph doesn't contain destination node [3mnode_id[0m[2m=[0m1
[2m2026-09-14T11:40:42.438467Z[0m [31mERROR[0m  rx-4 ThreadId(47) [2mzenoh::net::routing::hat::router::token[0m[2m:[0m Network graph doesn't contain destination node [3mnode_id[0m[2m=[0m1
[2m2026-09-14T11:40:42.438483Z[0m [31mERROR[0m  rx-4 ThreadId(47) [2mzenoh::net::routing::hat::router::token[0m[2m:[0m Network graph doesn't contain destination node [3mnode_id[0m[2m=[0m1
[2m2026-09-14T11:40:42.438499Z[0m [31mERROR[0m  rx-4 ThreadId(47) [2mzenoh::net::routing::hat::router::token[0m[2m:[0m Network graph doesn't contain destination node [3mnode_id[0m[2m=[0m1
[2m2026-09-14T11:40:42.438515Z[0m [31mERROR[0m  rx-4 ThreadId(47) [2mzenoh::net::routing::hat::router::token[0m[2m:[0m Network graph doesn't contain destination node [3mnode_id[0m[2m=[0m1
[2m2026-09-14T11:40:42.438531Z[0m [31mERROR[0m  rx-4 ThreadId(47) [2mzenoh::net::routing::hat::router::token[0m[2m:[0m Network graph doesn't contain destination node [3mnode_id[0m[2m=[0m1
[2m2026-09-14T11:40:42.438547Z[0m [31mERROR[0m  rx-4 ThreadId(47) [2mzenoh::net::routing::hat::router::token[0m[2m:[0m Network graph doesn't contain destination node [3mnode_id[0m[2m=[0m1
[2m2026-09-14T11:40:42.438563Z[0m [31mERROR[0m  rx-4 ThreadId(47) [2mzenoh::net::routing::hat::router::token[0m[2m:[0m Network graph doesn't contain destination node [3mnode_id[0m[2m=[0m1
[2m2026-09-14T11:40:42.438579Z[0m [31mERROR[0m  rx-4 ThreadId(47) [2mzenoh::net::routing::hat::router::token[0m[2m:[0m Network graph doesn't contain destination node [3mnode_id[0m[2m=[0m1
[2m2026-09-14T11:40:42.438594Z[0m [31mERROR[0m  rx-4 ThreadId(47) [2mzenoh::net::routing::hat::router::token[0m[2m:[0m Network graph doesn't contain destination node [3mnode_id[0m[2m=[0m1
[2m2026-09-14T11:40:42.438610Z[0m [31mERROR[0m  rx-4 ThreadId(47) [2mzenoh::net::routing::hat::router::token[0m[2m:[0m Network graph doesn't contain destination node [3mnode_id[0m[2m=[0m1
[2m2026-09-14T11:40:42.438629Z[0m [31mERROR[0m  rx-4 ThreadId(47) [2mzenoh::net::routing::hat::router::token[0m[2m:[0m Network graph doesn't contain destination node [3mnode_id[0m[2m=[0m1
[2m2026-09-14T11:40:42.438682Z[0m [31mERROR[0m  rx-4 ThreadId(47) [2mzenoh::net::routing::hat::router::token[0m[2m:[0m Network graph doesn't contain destination node [3mnode_id[0m[2m=[0m1
[2m2026-09-14T11:40:42.438685Z[0m [31mERROR[0m  rx-4 ThreadId(47) [2mzenoh::net::routing::hat::router::token[0m[2m:[0m Network graph doesn't contain destination node [3mnode_id[0m[2m=[0m2
[2m2026-09-14T11:40:42.438697Z[0m [31mERROR[0m  rx-4 ThreadId(47) [2mzenoh::net::routing::hat::router::token[0m[2m:[0m Network graph doesn't contain destination node [3mnode_id[0m[2m=[0m1
[2m2026-09-14T11:40:42.438700Z[0m [31mERROR[0m  rx-4 ThreadId(47) [2mzenoh::net::routing::hat::router::token[0m[2m:[0m Network graph doesn't contain destination node [3mnode_id[0m[2m=[0m2
[2m2026-09-14T11:40:42.438712Z[0m [31mERROR[0m  rx-4 ThreadId(47) [2mzenoh::net::routing::hat::router::token[0m[2m:[0m Network graph doesn't contain destination node [3mnode_id[0m[2m=[0m1
[2m2026-09-14T11:40:42.438715Z[0m [31mERROR[0m  rx-4 ThreadId(47) [2mzenoh::net::routing::hat::router::token[0m[2m:[0m Network graph doesn't contain destination node [3mnode_id[0m[2m=[0m2
[2m2026-09-14T11:40:42.438735Z[0m [31mERROR[0m  rx-4 ThreadId(47) [2mzenoh::net::routing::hat::router::token[0m[2m:[0m Network graph doesn't contain destination node [3mnode_id[0m[2m=[0m1
[2m2026-09-14T11:40:42.438739Z[0m [31mERROR[0m  rx-4 ThreadId(47) [2mzenoh::net::routing::hat::router::token[0m[2m:[0m Network graph doesn't contain destination node [3mnode_id[0m[2m=[0m2
[2m2026-09-14T11:40:42.438751Z[0m [31mERROR[0m  rx-4 ThreadId(47) [2mzenoh::net::routing::hat::router::token[0m[2m:[0m Network graph doesn't contain destination node [3mnode_id[0m[2m=[0m1
[2m2026-09-14T11:40:42.438753Z[0m [31mERROR[0m  rx-4 ThreadId(47) [2mzenoh::net::routing::hat::router::token[0m[2m:[0m Network graph doesn't contain destination node [3mnode_id[0m[2m=[0m2
[2m2026-09-14T11:40:42.438765Z[0m [31mERROR[0m  rx-4 ThreadId(47) [2mzenoh::net::routing::hat::router::token[0m[2m:[0m Network graph doesn't contain destination node [3mnode_id[0m[2m=[0m1
[2m2026-09-14T11:40:42.438768Z[0m [31mERROR[0m  rx-4 ThreadId(47) [2mzenoh::net::routing::hat::router::token[0m[2m:[0m Network graph doesn't contain destination node [3mnode_id[0m[2m=[0m2
[2m2026-09-14T11:40:42.438779Z[0m [31mERROR[0m  rx-4 ThreadId(47) [2mzenoh::net::routing::hat::router::token[0m[2m:[0m Network graph doesn't contain destination node [3mnode_id[0m[2m=[0m1
[2m2026-09-14T11:40:42.438782Z[0m [31mERROR[0m  rx-4 ThreadId(47) [2mzenoh::net::routing::hat::router::token[0m[2m:[0m Network graph doesn't contain destination node [3mnode_id[0m[2m=[0m2
[2m2026-09-14T11:40:42.438793Z[0m [31mERROR[0m  rx-4 ThreadId(47) [2mzenoh::net::routing::hat::router::token[0m[2m:[0m Network graph doesn't contain destination node [3mnode_id[0m[2m=[0m1
[2m2026-09-14T11:40:42.438796Z[0m [31mERROR[0m  rx-4 ThreadId(47) [2mzenoh::net::routing::hat::router::token[0m[2m:[0m Network graph doesn't contain destination node [3mnode_id[0m[2m=[0m2
[2m2026-09-14T11:40:42.438807Z[0m [31mERROR[0m  rx-4 ThreadId(47) [2mzenoh::net::routing::hat::router::token[0m[2m:[0m Network graph doesn't contain destination node [3mnode_id[0m[2m=[0m1
[2m2026-09-14T11:40:42.438810Z[0m [31mERROR[0m  rx-4 ThreadId(47) [2mzenoh::net::routing::hat::router::token[0m[2m:[0m Network graph doesn't contain destination node [3mnode_id[0m[2m=[0m2
[2m2026-09-14T11:40:42.438821Z[0m [31mERROR[0m  rx-4 ThreadId(47) [2mzenoh::net::routing::hat::router::token[0m[2m:[0m Network graph doesn't contain destination node [3mnode_id[0m[2m=[0m1
[2m2026-09-14T11:40:42.438825Z[0m [31mERROR[0m  rx-4 ThreadId(47) [2mzenoh::net::routing::hat::router::token[0m[2m:[0m Network graph doesn't contain destination node [3mnode_id[0m[2m=[0m2
[2m2026-09-14T11:40:42.438837Z[0m [31mERROR[0m  rx-4 ThreadId(47) [2mzenoh::net::routing::hat::router::token[0m[2m:[0m Network graph doesn't contain destination node [3mnode_id[0m[2m=[0m1
[2m2026-09-14T11:40:42.438840Z[0m [31mERROR[0m  rx-4 ThreadId(47) [2mzenoh::net::routing::hat::router::token[0m[2m:[0m Network graph doesn't contain destination node [3mnode_id[0m[2m=[0m2
[2m2026-09-14T11:40:42.438851Z[0m [31mERROR[0m  rx-4 ThreadId(47) [2mzenoh::net::routing::hat::router::token[0m[2m:[0m Network graph doesn't contain destination node [3mnode_id[0m[2m=[0m1
[2m2026-09-14T11:40:42.438854Z[0m [31mERROR[0m  rx-4 ThreadId(47) [2mzenoh::net::routing::hat::router::token[0m[2m:[0m Network graph doesn't contain destination node [3mnode_id[0m[2m=[0m2
[2m2026-09-14T11:40:42.438876Z[0m [31mERROR[0m  rx-4 ThreadId(47) [2mzenoh::net::routing::hat::router::token[0m[2m:[0m Network graph doesn't contain destination node [3mnode_id[0m[2m=[0m1
[2m2026-09-14T11:40:42.438879Z[0m [31mERROR[0m  rx-4 ThreadId(47) [2mzenoh::net::routing::hat::router::token[0m[2m:[0m Network graph doesn't contain destination node [3mnode_id[0m[2m=[0m2
[2m2026-09-14T11:40:42.438890Z[0m [31mERROR[0m  rx-4 ThreadId(47) [2mzenoh::net::routing::hat::router::token[0m[2m:[0m Network graph doesn't contain destination node [3mnode_id[0m[2m=[0m1
[2m2026-09-14T11:40:42.438893Z[0m [31mERROR[0m  rx-4 ThreadId(47) [2mzenoh::net::routing::hat::router::token[0m[2m:[0m Network graph doesn't contain destination node [3mnode_id[0m[2m=[0m2
[2m2026-09-14T11:40:42.438904Z[0m [31mERROR[0m  rx-4 ThreadId(47) [2mzenoh::net::routing::hat::router::token[0m[2m:[0m Network graph doesn't contain destination node [3mnode_id[0m[2m=[0m1
[2m2026-09-14T11:40:42.438907Z[0m [31mERROR[0m  rx-4 ThreadId(47) [2mzenoh::net::routing::hat::router::token[0m[2m:[0m Network graph doesn't contain destination node [3mnode_id[0m[2m=[0m2
[2m2026-09-14T11:40:42.438919Z[0m [31mERROR[0m  rx-4 ThreadId(47) [2mzenoh::net::routing::hat::router::token[0m[2m:[0m Network graph doesn't contain destination node [3mnode_id[0m[2m=[0m1
[2m2026-09-14T11:40:42.438922Z[0m [31mERROR[0m  rx-4 ThreadId(47) [2mzenoh::net::routing::hat::router::token[0m[2m:[0m Network graph doesn't contain destination node [3mnode_id[0m[2m=[0m2
[2m2026-09-14T11:40:42.438934Z[0m [31mERROR[0m  rx-4 ThreadId(47) [2mzenoh::net::routing::hat::router::token[0m[2m:[0m Network graph doesn't contain destination node [3mnode_id[0m[2m=[0m1
[2m2026-09-14T11:40:42.438938Z[0m [31mERROR[0m  rx-4 ThreadId(47) [2mzenoh::net::routing::hat::router::token[0m[2m:[0m Network graph doesn't contain destination node [3mnode_id[0m[2m=[0m2
[2m2026-09-14T11:40:42.438953Z[0m [31mERROR[0m  rx-4 ThreadId(47) [2mzenoh::net::routing::hat::router::token[0m[2m:[0m Network graph doesn't contain destination node [3mnode_id[0m[2m=[0m1
[2m2026-09-14T11:40:42.438956Z[0m [31mERROR[0m  rx-4 ThreadId(47) [2mzenoh::net::routing::hat::router::token[0m[2m:[0m Network graph doesn't contain destination node [3mnode_id[0m[2m=[0m2
[2m2026-09-14T11:40:42.438967Z[0m [31mERROR[0m  rx-4 ThreadId(47) [2mzenoh::net::routing::hat::router::token[0m[2m:[0m Network graph doesn't contain destination node [3mnode_id[0m[2m=[0m1
[2m2026-09-14T11:40:42.438970Z[0m [31mERROR[0m  rx-4 ThreadId(47) [2mzenoh::net::routing::hat::router::token[0m[2m:[0m Network graph doesn't contain destination node [3mnode_id[0m[2m=[0m2
[2m2026-09-14T11:40:42.438981Z[0m [31mERROR[0m  rx-4 ThreadId(47) [2mzenoh::net::routing::hat::router::token[0m[2m:[0m Network graph doesn't contain destination node [3mnode_id[0m[2m=[0m1
[2m2026-09-14T11:40:42.438984Z[0m [31mERROR[0m  rx-4 ThreadId(47) [2mzenoh::net::routing::hat::router::token[0m[2m:[0m Network graph doesn't contain destination node [3mnode_id[0m[2m=[0m2
[2m2026-09-14T11:40:42.438996Z[0m [31mERROR[0m  rx-4 ThreadId(47) [2mzenoh::net::routing::hat::router::token[0m[2m:[0m Network graph doesn't contain destination node [3mnode_id[0m[2m=[0m1
[2m2026-09-14T11:40:42.438999Z[0m [31mERROR[0m  rx-4 ThreadId(47) [2mzenoh::net::routing::hat::router::token[0m[2m:[0m Network graph doesn't contain destination node [3mnode_id[0m[2m=[0m2
[2m2026-09-14T11:40:42.439010Z[0m [31mERROR[0m  rx-4 ThreadId(47) [2mzenoh::net::routing::hat::router::token[0m[2m:[0m Network graph doesn't contain destination node [3mnode_id[0m[2m=[0m1
[2m2026-09-14T11:40:42.439013Z[0m [31mERROR[0m  rx-4 ThreadId(47) [2mzenoh::net::routing::hat::router::token[0m[2m:[0m Network graph doesn't contain destination node [3mnode_id[0m[2m=[0m2
[2m2026-09-14T11:40:42.439024Z[0m [31mERROR[0m  rx-4 ThreadId(47) [2mzenoh::net::routing::hat::router::token[0m[2m:[0m Network graph doesn't contain destination node [3mnode_id[0m[2m=[0m1
[2m2026-09-14T11:40:42.439027Z[0m [31mERROR[0m  rx-4 ThreadId(47) [2mzenoh::net::routing::hat::router::token[0m[2m:[0m Network graph doesn't contain destination node [3mnode_id[0m[2m=[0m2
[2m2026-09-14T11:40:42.439038Z[0m [31mERROR[0m  rx-4 ThreadId(47) [2mzenoh::net::routing::hat::router::token[0m[2m:[0m Network graph doesn't contain destination node [3mnode_id[0m[2m=[0m1
[2m2026-09-14T11:40:42.439041Z[0m [31mERROR[0m  rx-4 ThreadId(47) [2mzenoh::net::routing::hat::router::token[0m[2m:[0m Network graph doesn't contain destination node [3mnode_id[0m[2m=[0m2
[2m2026-09-14T11:40:42.439052Z[0m [31mERROR[0m  rx-4 ThreadId(47) [2mzenoh::net::routing::hat::router::token[0m[2m:[0m Network graph doesn't contain destination node [3mnode_id[0m[2m=[0m1
[2m2026-09-14T11:40:42.439055Z[0m [31mERROR[0m  rx-4 ThreadId(47) [2mzenoh::net::routing::hat::router::token[0m[2m:[0m Network graph doesn't contain destination node [3mnode_id[0m[2m=[0m2
[2m2026-09-14T11:40:42.439066Z[0m [31mERROR[0m  rx-4 ThreadId(47) [2mzenoh::net::routing::hat::router::token[0m[2m:[0m Network graph doesn't contain destination node [3mnode_id[0m[2m=[0m1
[2m2026-09-14T11:40:42.439068Z[0m [31mERROR[0m  rx-4 ThreadId(47) [2mzenoh::net::routing::hat::router::token[0m[2m:[0m Network graph doesn't contain destination node [3mnode_id[0m[2m=[0m2
[2m2026-09-14T11:40:42.439080Z[0m [31mERROR[0m  rx-4 ThreadId(47) [2mzenoh::net::routing::hat::router::token[0m[2m:[0m Network graph doesn't contain destination node [3mnode_id[0m[2m=[0m1
[2m2026-09-14T11:40:42.439082Z[0m [31mERROR[0m  rx-4 ThreadId(47) [2mzenoh::net::routing::hat::router::token[0m[2m:[0m Network graph doesn't contain destination node [3mnode_id[0m[2m=[0m2
[2m2026-09-14T11:40:42.439093Z[0m [31mERROR[0m  rx-4 ThreadId(47) [2mzenoh::net::routing::hat::router::token[0m[2m:[0m Network graph doesn't contain destination node [3mnode_id[0m[2m=[0m1
[2m2026-09-14T11:40:42.439096Z[0m [31mERROR[0m  rx-4 ThreadId(47) [2mzenoh::net::routing::hat::router::token[0m[2m:[0m Network graph doesn't contain destination node [3mnode_id[0m[2m=[0m2
[2m2026-09-14T11:40:42.439107Z[0m [31mERROR[0m  rx-4 ThreadId(47) [2mzenoh::net::routing::hat::router::token[0m[2m:[0m Network graph doesn't contain destination node [3mnode_id[0m[2m=[0m1
[2m2026-09-14T11:40:42.439110Z[0m [31mERROR[0m  rx-4 ThreadId(47) [2mzenoh::net::routing::hat::router::token[0m[2m:[0m Network graph doesn't contain destination node [3mnode_id[0m[2m=[0m2
[2m2026-09-14T11:40:42.439121Z[0m [31mERROR[0m  rx-4 ThreadId(47) [2mzenoh::net::routing::hat::router::token[0m[2m:[0m Network graph doesn't contain destination node [3mnode_id[0m[2m=[0m1
[2m2026-09-14T11:40:42.439124Z[0m [31mERROR[0m  rx-4 ThreadId(47) [2mzenoh::net::routing::hat::router::token[0m[2m:[0m Network graph doesn't contain destination node [3mnode_id[0m[2m=[0m2
[2m2026-09-14T11:40:42.439136Z[0m [31mERROR[0m  rx-4 ThreadId(47) [2mzenoh::net::routing::hat::router::token[0m[2m:[0m Network graph doesn't contain destination node [3mnode_id[0m[2m=[0m1
[2m2026-09-14T11:40:42.439139Z[0m [31mERROR[0m  rx-4 ThreadId(47) [2mzenoh::net::routing::hat::router::token[0m[2m:[0m Network graph doesn't contain destination node [3mnode_id[0m[2m=[0m2
[2m2026-09-14T11:40:42.439150Z[0m [31mERROR[0m  rx-4 ThreadId(47) [2mzenoh::net::routing::hat::router::token[0m[2m:[0m Network graph doesn't contain destination node [3mnode_id[0m[2m=[0m1
[2m2026-09-14T11:40:42.439153Z[0m [31mERROR[0m  rx-4 ThreadId(47) [2mzenoh::net::routing::hat::router::token[0m[2m:[0m Network graph doesn't contain destination node [3mnode_id[0m[2m=[0m2
[2m2026-09-14T11:40:42.439164Z[0m [31mERROR[0m  rx-4 ThreadId(47) [2mzenoh::net::routing::hat::router::token[0m[2m:[0m Network graph doesn't contain destination node [3mnode_id[0m[2m=[0m1
[2m2026-09-14T11:40:42.439167Z[0m [31mERROR[0m  rx-4 ThreadId(47) [2mzenoh::net::routing::hat::router::token[0m[2m:[0m Network graph doesn't contain destination node [3mnode_id[0m[2m=[0m2
[2m2026-09-14T11:40:42.439177Z[0m [31mERROR[0m  rx-4 ThreadId(47) [2mzenoh::net::routing::hat::router::token[0m[2m:[0m Network graph doesn't contain destination node [3mnode_id[0m[2m=[0m1
[2m2026-09-14T11:40:42.439180Z[0m [31mERROR[0m  rx-4 ThreadId(47) [2mzenoh::net::routing::hat::router::token[0m[2m:[0m Network graph doesn't contain destination node [3mnode_id[0m[2m=[0m2
[2m2026-09-14T11:40:42.439191Z[0m [31mERROR[0m  rx-4 ThreadId(47) [2mzenoh::net::routing::hat::router::token[0m[2m:[0m Network graph doesn't contain destination node [3mnode_id[0m[2m=[0m1
[2m2026-09-14T11:40:42.439194Z[0m [31mERROR[0m  rx-4 ThreadId(47) [2mzenoh::net::routing::hat::router::token[0m[2m:[0m Network graph doesn't contain destination node [3mnode_id[0m[2m=[0m2
[2m2026-09-14T11:40:42.439205Z[0m [31mERROR[0m  rx-4 ThreadId(47) [2mzenoh::net::routing::hat::router::token[0m[2m:[0m Network graph doesn't contain destination node [3mnode_id[0m[2m=[0m1
[2m2026-09-14T11:40:42.439208Z[0m [31mERROR[0m  rx-4 ThreadId(47) [2mzenoh::net::routing::hat::router::token[0m[2m:[0m Network graph doesn't contain destination node [3mnode_id[0m[2m=[0m2
[2m2026-09-14T11:40:42.439218Z[0m [31mERROR[0m  rx-4 ThreadId(47) [2mzenoh::net::routing::hat::router::token[0m[2m:[0m Network graph doesn't contain destination node [3mnode_id[0m[2m=[0m1
[2m2026-09-14T11:40:42.439221Z[0m [31mERROR[0m  rx-4 ThreadId(47) [2mzenoh::net::routing::hat::router::token[0m[2m:[0m Network graph doesn't contain destination node [3mnode_id[0m[2m=[0m2
[2m2026-09-14T11:40:42.439232Z[0m [31mERROR[0m  rx-4 ThreadId(47) [2mzenoh::net::routing::hat::router::token[0m[2m:[0m Network graph doesn't contain destination node [3mnode_id[0m[2m=[0m1
[2m2026-09-14T11:40:42.439235Z[0m [31mERROR[0m  rx-4 ThreadId(47) [2mzenoh::net::routing::hat::router::token[0m[2m:[0m Network graph doesn't contain destination node [3mnode_id[0m[2m=[0m2
[2m2026-09-14T11:40:42.439246Z[0m [31mERROR[0m  rx-4 ThreadId(47) [2mzenoh::net::routing::hat::router::token[0m[2m:[0m Network graph doesn't contain destination node [3mnode_id[0m[2m=[0m1
[2m2026-09-14T11:40:42.439248Z[0m [31mERROR[0m  rx-4 ThreadId(47) [2mzenoh::net::routing::hat::router::token[0m[2m:[0m Network graph doesn't contain destination node [3mnode_id[0m[2m=[0m2
[2m2026-09-14T11:40:42.439259Z[0m [31mERROR[0m  rx-4 ThreadId(47) [2mzenoh::net::routing::hat::router::token[0m[2m:[0m Network graph doesn't contain destination node [3mnode_id[0m[2m=[0m1
[2m2026-09-14T11:40:42.439262Z[0m [31mERROR[0m  rx-4 ThreadId(47) [2mzenoh::net::routing::hat::router::token[0m[2m:[0m Network graph doesn't contain destination node [3mnode_id[0m[2m=[0m2
[2m2026-09-14T11:40:42.439273Z[0m [31mERROR[0m  rx-4 ThreadId(47) [2mzenoh::net::routing::hat::router::token[0m[2m:[0m Network graph doesn't contain destination node [3mnode_id[0m[2m=[0m1
[2m2026-09-14T11:40:42.439277Z[0m [31mERROR[0m  rx-4 ThreadId(47) [2mzenoh::net::routing::hat::router::token[0m[2m:[0m Network graph doesn't contain destination node [3mnode_id[0m[2m=[0m2
[2m2026-09-14T11:40:42.439288Z[0m [31mERROR[0m  rx-4 ThreadId(47) [2mzenoh::net::routing::hat::router::token[0m[2m:[0m Network graph doesn't contain destination node [3mnode_id[0m[2m=[0m1
[2m2026-09-14T11:40:42.439291Z[0m [31mERROR[0m  rx-4 ThreadId(47) [2mzenoh::net::routing::hat::router::token[0m[2m:[0m Network graph doesn't contain destination node [3mnode_id[0m[2m=[0m2
[2m2026-09-14T11:40:42.439302Z[0m [31mERROR[0m  rx-4 ThreadId(47) [2mzenoh::net::routing::hat::router::token[0m[2m:[0m Network graph doesn't contain destination node [3mnode_id[0m[2m=[0m1
[2m2026-09-14T11:40:42.439306Z[0m [31mERROR[0m  rx-4 ThreadId(47) [2mzenoh::net::routing::hat::router::token[0m[2m:[0m Network graph doesn't contain destination node [3mnode_id[0m[2m=[0m2
[2m2026-09-14T11:40:42.439317Z[0m [31mERROR[0m  rx-4 ThreadId(47) [2mzenoh::net::routing::hat::router::token[0m[2m:[0m Network graph doesn't contain destination node [3mnode_id[0m[2m=[0m1
[2m2026-09-14T11:40:42.439319Z[0m [31mERROR[0m  rx-4 ThreadId(47) [2mzenoh::net::routing::hat::router::token[0m[2m:[0m Network graph doesn't contain destination node [3mnode_id[0m[2m=[0m2
[2m2026-09-14T11:40:42.439330Z[0m [31mERROR[0m  rx-4 ThreadId(47) [2mzenoh::net::routing::hat::router::token[0m[2m:[0m Network graph doesn't contain destination node [3mnode_id[0m[2m=[0m1
[2m2026-09-14T11:40:42.439333Z[0m [31mERROR[0m  rx-4 ThreadId(47) [2mzenoh::net::routing::hat::router::token[0m[2m:[0m Network graph doesn't contain destination node [3mnode_id[0m[2m=[0m2
ok
test scouting_delay_regression ... [2m2026-09-14T11:40:42.498182Z[0m [31mERROR[0m net-0 ThreadId(08) [2mzenoh_task[0m[2m:[0m Failed to terminate the task
[2m2026-09-14T11:40:42.498215Z[0m [31mERROR[0m net-6 ThreadId(48) [2mzenoh_task[0m[2m:[0m Failed to terminate the task
[2m2026-09-14T11:40:42.498187Z[0m [31mERROR[0m net-3 ThreadId(43) [2mzenoh_task[0m[2m:[0m Failed to terminate the task
ok
test static_failover_brokering ... ignored, https://github.com/eclipse-zenoh/zenoh/issues/2224
test three_node_combination_multicast ... ignored, This is a flaky test
test two_node_combination ... [2m2026-09-14T11:40:44.960002Z[0m [31mERROR[0m tokio-rt-worker ThreadId(60) [2mrouting[0m[2m:[0m Failed to open session [3mnode[0m[2m=[0m"Pub client" [3merr[0m[2m=[0mUnable to connect to any of [Single(tcp/127.0.0.1:34341)]!  at zenoh/src/net/runtime/orchestrator.rs:419.
[2m2026-09-14T11:40:44.968567Z[0m [31mERROR[0m tokio-rt-worker ThreadId(61) [2mrouting[0m[2m:[0m Failed to open session [3mnode[0m[2m=[0m"Get client" [3merr[0m[2m=[0mUnable to connect to any of [Single(tcp/127.0.0.1:39493)]!  at zenoh/src/net/runtime/orchestrator.rs:419.
[2m2026-09-14T11:40:44.995450Z[0m [31mERROR[0m tokio-rt-worker ThreadId(71) [2mrouting[0m[2m:[0m Failed to open session [3mnode[0m[2m=[0m"Liveliness client" [3merr[0m[2m=[0mUnable to connect to any of [Single(tcp/127.0.0.1:41191)]!  at zenoh/src/net/runtime/orchestrator.rs:419.
[2m2026-09-14T11:40:45.610018Z[0m [31mERROR[0m           net-9 ThreadId(52) [2mzenoh_task[0m[2m:[0m Failed to terminate the task
[2m2026-09-14T11:40:45.610014Z[0m [31mERROR[0m           net-7 ThreadId(49) [2mzenoh_task[0m[2m:[0m Failed to terminate the task
[2m2026-09-14T11:40:45.610016Z[0m [31mERROR[0m           net-8 ThreadId(50) [2mzenoh_task[0m[2m:[0m Failed to terminate the task
[2m2026-09-14T11:40:45.636575Z[0m [31mERROR[0m            rx-3 ThreadId(45) [2mzenoh::net::routing::hat::client::token[0m[2m:[0m Unknown token [3mid[0m[2m=[0m0
[2m2026-09-14T11:40:45.994819Z[0m [31mERROR[0m tokio-rt-worker ThreadId(63) [2mrouting[0m[2m:[0m Failed to open session [3mnode[0m[2m=[0m"Liveliness client" [3merr[0m[2m=[0mUnable to connect to any of [Single(tcp/127.0.0.1:34341)]!  at zenoh/src/net/runtime/orchestrator.rs:419.
[2m2026-09-14T11:40:46.647222Z[0m [31mERROR[0m            rx-4 ThreadId(47) [2mzenoh::net::routing::hat::client::token[0m[2m:[0m Unknown token [3mid[0m[2m=[0m0
ok

test result: ok. 6 passed; 0 failed; 2 ignored; 0 measured; 2 filtered out; finished in 86.93s

     Running tests/session.rs (target/debug/deps/session-7aa3e77888ea414b)

running 8 tests
test test_querier_drop_pending_query_completion_callback_reentrancy ... ok
test test_session_from_cloned_config ... ok
test test_undeclare_subscribers_same_keyexpr ... ok
test zenoh_2sessions_1runtime_init ... ok
test zenoh_session_close ... ok
test zenoh_session_close_in_background_async ... ok
test zenoh_session_close_in_background_sync ... ok
test zenoh_session_unicast ... ok

test result: ok. 8 passed; 0 failed; 0 ignored; 0 measured; 1 filtered out; finished in 32.12s

     Running tests/source_info.rs (target/debug/deps/source_info-43ba225c0dee72ed)

running 4 tests
test test_source_info_pub_sub ... ok
test test_source_info_pub_sub_no_source_info ... ok
test test_source_info_query_reply ... ok
test test_source_info_query_reply_no_source_info ... ok

test result: ok. 4 passed; 0 failed; 0 ignored; 0 measured; 0 filtered out; finished in 4.10s

     Running tests/unicity.rs (target/debug/deps/unicity-4e640255455bd691)

running 2 tests
test zenoh_unicity_brokered ... ok
test zenoh_unicity_p2p ... ok

test result: ok. 2 passed; 0 failed; 0 ignored; 0 measured; 0 filtered out; finished in 24.74s

     Running unittests src/lib.rs (target/debug/deps/zenoh_codec-3e01f29e98a497b4)

running 0 tests

test result: ok. 0 passed; 0 failed; 0 ignored; 0 measured; 0 filtered out; finished in 0.00s

     Running tests/codec.rs (target/debug/deps/codec-76bfd8dfa56ebfc1)

running 53 tests
test codec_close ... ok
test codec_declare ... ok
test codec_declare_body ... ok
test codec_declare_keyexpr ... ok
test codec_declare_queryable ... ok
test codec_declare_subscriber ... ok
test codec_declare_token ... ok
test codec_del ... ok
test codec_encoding ... ok
test codec_err ... ok
test codec_extension ... [2m2026-09-14T11:41:49.445636Z[0m [31mERROR[0m codec_extension ThreadId(12) [2mzenoh_codec::common::extension[0m[2m:[0m Unknown Test ext: ZExtUnknown { Id: 0, Mandatory: true, Encoding: "Unit" }
[2m2026-09-14T11:41:49.445714Z[0m [31mERROR[0m codec_extension ThreadId(12) [2mzenoh_codec::common::extension[0m[2m:[0m Unknown Test ext: ZExtUnknown { Id: 0, Mandatory: true, Encoding: "Unit" }
[2m2026-09-14T11:41:49.445719Z[0m [31mERROR[0m codec_extension ThreadId(12) [2mzenoh_codec::common::extension[0m[2m:[0m Unknown Test ext: ZExtUnknown { Id: 0, Mandatory: true, Encoding: "Unit" }
[2m2026-09-14T11:41:49.445722Z[0m [31mERROR[0m codec_extension ThreadId(12) [2mzenoh_codec::common::extension[0m[2m:[0m Unknown Test ext: ZExtUnknown { Id: 0, Mandatory: true, Encoding: "Unit" }
[2m2026-09-14T11:41:49.445725Z[0m [31mERROR[0m codec_extension ThreadId(12) [2mzenoh_codec::common::extension[0m[2m:[0m Unknown Test ext: ZExtUnknown { Id: 0, Mandatory: true, Encoding: "Unit" }
[2m2026-09-14T11:41:49.445728Z[0m [31mERROR[0m codec_extension ThreadId(12) [2mzenoh_codec::common::extension[0m[2m:[0m Unknown Test ext: ZExtUnknown { Id: 0, Mandatory: true, Encoding: "Unit" }
[2m2026-09-14T11:41:49.445731Z[0m [31mERROR[0m codec_extension ThreadId(12) [2mzenoh_codec::common::extension[0m[2m:[0m Unknown Test ext: ZExtUnknown { Id: 0, Mandatory: true, Encoding: "Unit" }
[2m2026-09-14T11:41:49.445734Z[0m [31mERROR[0m codec_extension ThreadId(12) [2mzenoh_codec::common::extension[0m[2m:[0m Unknown Test ext: ZExtUnknown { Id: 0, Mandatory: true, Encoding: "Unit" }
[2m2026-09-14T11:41:49.445737Z[0m [31mERROR[0m codec_extension ThreadId(12) [2mzenoh_codec::common::extension[0m[2m:[0m Unknown Test ext: ZExtUnknown { Id: 0, Mandatory: true, Encoding: "Unit" }
[2m2026-09-14T11:41:49.445740Z[0m [31mERROR[0m codec_extension ThreadId(12) [2mzenoh_codec::common::extension[0m[2m:[0m Unknown Test ext: ZExtUnknown { Id: 0, Mandatory: true, Encoding: "Unit" }
[2m2026-09-14T11:41:49.445769Z[0m [31mERROR[0m codec_extension ThreadId(12) [2mzenoh_codec::common::extension[0m[2m:[0m Unknown Test ext: ZExtUnknown { Id: 0, Mandatory: true, Encoding: "Unit" }
[2m2026-09-14T11:41:49.445773Z[0m [31mERROR[0m codec_extension ThreadId(12) [2mzenoh_codec::common::extension[0m[2m:[0m Unknown Test ext: ZExtUnknown { Id: 0, Mandatory: true, Encoding: "Unit" }
[2m2026-09-14T11:41:49.445776Z[0m [31mERROR[0m codec_extension ThreadId(12) [2mzenoh_codec::common::extension[0m[2m:[0m Unknown Test ext: ZExtUnknown { Id: 0, Mandatory: true, Encoding: "Unit" }
[2m2026-09-14T11:41:49.445779Z[0m [31mERROR[0m codec_extension ThreadId(12) [2mzenoh_codec::common::extension[0m[2m:[0m Unknown Test ext: ZExtUnknown { Id: 0, Mandatory: true, Encoding: "Unit" }
[2m2026-09-14T11:41:49.445782Z[0m [31mERROR[0m codec_extension ThreadId(12) [2mzenoh_codec::common::extension[0m[2m:[0m Unknown Test ext: ZExtUnknown { Id: 0, Mandatory: true, Encoding: "Unit" }
[2m2026-09-14T11:41:49.445784Z[0m [31mERROR[0m codec_extension ThreadId(12) [2mzenoh_codec::common::extension[0m[2m:[0m Unknown Test ext: ZExtUnknown { Id: 0, Mandatory: true, Encoding: "Unit" }
[2m2026-09-14T11:41:49.445787Z[0m [31mERROR[0m codec_extension ThreadId(12) [2mzenoh_codec::common::extension[0m[2m:[0m Unknown Test ext: ZExtUnknown { Id: 0, Mandatory: true, Encoding: "Unit" }
[2m2026-09-14T11:41:49.445790Z[0m [31mERROR[0m codec_extension ThreadId(12) [2mzenoh_codec::common::extension[0m[2m:[0m Unknown Test ext: ZExtUnknown { Id: 0, Mandatory: true, Encoding: "Unit" }
[2m2026-09-14T11:41:49.445793Z[0m [31mERROR[0m codec_extension ThreadId(12) [2mzenoh_codec::common::extension[0m[2m:[0m Unknown Test ext: ZExtUnknown { Id: 0, Mandatory: true, Encoding: "Unit" }
[2m2026-09-14T11:41:49.445795Z[0m [31mERROR[0m codec_extension ThreadId(12) [2mzenoh_codec::common::extension[0m[2m:[0m Unknown Test ext: ZExtUnknown { Id: 0, Mandatory: true, Encoding: "Unit" }
[2m2026-09-14T11:41:49.445798Z[0m [31mERROR[0m codec_extension ThreadId(12) [2mzenoh_codec::common::extension[0m[2m:[0m Unknown Test ext: ZExtUnknown { Id: 0, Mandatory: true, Encoding: "Unit" }
[2m2026-09-14T11:41:49.445801Z[0m [31mERROR[0m codec_extension ThreadId(12) [2mzenoh_codec::common::extension[0m[2m:[0m Unknown Test ext: ZExtUnknown { Id: 0, Mandatory: true, Encoding: "Unit" }
[2m2026-09-14T11:41:49.445804Z[0m [31mERROR[0m codec_extension ThreadId(12) [2mzenoh_codec::common::extension[0m[2m:[0m Unknown Test ext: ZExtUnknown { Id: 0, Mandatory: true, Encoding: "Unit" }
[2m2026-09-14T11:41:49.445806Z[0m [31mERROR[0m codec_extension ThreadId(12) [2mzenoh_codec::common::extension[0m[2m:[0m Unknown Test ext: ZExtUnknown { Id: 0, Mandatory: true, Encoding: "Unit" }
[2m2026-09-14T11:41:49.445809Z[0m [31mERROR[0m codec_extension ThreadId(12) [2mzenoh_codec::common::extension[0m[2m:[0m Unknown Test ext: ZExtUnknown { Id: 0, Mandatory: true, Encoding: "Unit" }
[2m2026-09-14T11:41:49.445812Z[0m [31mERROR[0m codec_extension ThreadId(12) [2mzenoh_codec::common::extension[0m[2m:[0m Unknown Test ext: ZExtUnknown { Id: 0, Mandatory: true, Encoding: "Unit" }
[2m2026-09-14T11:41:49.445815Z[0m [31mERROR[0m codec_extension ThreadId(12) [2mzenoh_codec::common::extension[0m[2m:[0m Unknown Test ext: ZExtUnknown { Id: 0, Mandatory: true, Encoding: "Unit" }
[2m2026-09-14T11:41:49.445817Z[0m [31mERROR[0m codec_extension ThreadId(12) [2mzenoh_codec::common::extension[0m[2m:[0m Unknown Test ext: ZExtUnknown { Id: 0, Mandatory: true, Encoding: "Unit" }
[2m2026-09-14T11:41:49.445820Z[0m [31mERROR[0m codec_extension ThreadId(12) [2mzenoh_codec::common::extension[0m[2m:[0m Unknown Test ext: ZExtUnknown { Id: 0, Mandatory: true, Encoding: "Unit" }
[2m2026-09-14T11:41:49.445823Z[0m [31mERROR[0m codec_extension ThreadId(12) [2mzenoh_codec::common::extension[0m[2m:[0m Unknown Test ext: ZExtUnknown { Id: 0, Mandatory: true, Encoding: "Unit" }
[2m2026-09-14T11:41:49.445831Z[0m [31mERROR[0m codec_extension ThreadId(12) [2mzenoh_codec::common::extension[0m[2m:[0m Unknown Test ext: ZExtUnknown { Id: 0, Mandatory: true, Encoding: "Unit" }
[2m2026-09-14T11:41:49.445835Z[0m [31mERROR[0m codec_extension ThreadId(12) [2mzenoh_codec::common::extension[0m[2m:[0m Unknown Test ext: ZExtUnknown { Id: 0, Mandatory: true, Encoding: "Unit" }
[2m2026-09-14T11:41:49.445837Z[0m [31mERROR[0m codec_extension ThreadId(12) [2mzenoh_codec::common::extension[0m[2m:[0m Unknown Test ext: ZExtUnknown { Id: 0, Mandatory: true, Encoding: "Unit" }
[2m2026-09-14T11:41:49.445840Z[0m [31mERROR[0m codec_extension ThreadId(12) [2mzenoh_codec::common::extension[0m[2m:[0m Unknown Test ext: ZExtUnknown { Id: 0, Mandatory: true, Encoding: "Unit" }
[2m2026-09-14T11:41:49.445843Z[0m [31mERROR[0m codec_extension ThreadId(12) [2mzenoh_codec::common::extension[0m[2m:[0m Unknown Test ext: ZExtUnknown { Id: 0, Mandatory: true, Encoding: "Unit" }
[2m2026-09-14T11:41:49.445846Z[0m [31mERROR[0m codec_extension ThreadId(12) [2mzenoh_codec::common::extension[0m[2m:[0m Unknown Test ext: ZExtUnknown { Id: 0, Mandatory: true, Encoding: "Unit" }
[2m2026-09-14T11:41:49.445848Z[0m [31mERROR[0m codec_extension ThreadId(12) [2mzenoh_codec::common::extension[0m[2m:[0m Unknown Test ext: ZExtUnknown { Id: 0, Mandatory: true, Encoding: "Unit" }
[2m2026-09-14T11:41:49.445851Z[0m [31mERROR[0m codec_extension ThreadId(12) [2mzenoh_codec::common::extension[0m[2m:[0m Unknown Test ext: ZExtUnknown { Id: 0, Mandatory: true, Encoding: "Unit" }
[2m2026-09-14T11:41:49.445854Z[0m [31mERROR[0m codec_extension ThreadId(12) [2mzenoh_codec::common::extension[0m[2m:[0m Unknown Test ext: ZExtUnknown { Id: 0, Mandatory: true, Encoding: "Unit" }
[2m2026-09-14T11:41:49.445857Z[0m [31mERROR[0m codec_extension ThreadId(12) [2mzenoh_codec::common::extension[0m[2m:[0m Unknown Test ext: ZExtUnknown { Id: 0, Mandatory: true, Encoding: "Unit" }
[2m2026-09-14T11:41:49.445859Z[0m [31mERROR[0m codec_extension ThreadId(12) [2mzenoh_codec::common::extension[0m[2m:[0m Unknown Test ext: ZExtUnknown { Id: 0, Mandatory: true, Encoding: "Unit" }
[2m2026-09-14T11:41:49.445862Z[0m [31mERROR[0m codec_extension ThreadId(12) [2mzenoh_codec::common::extension[0m[2m:[0m Unknown Test ext: ZExtUnknown { Id: 0, Mandatory: true, Encoding: "Unit" }
[2m2026-09-14T11:41:49.445865Z[0m [31mERROR[0m codec_extension ThreadId(12) [2mzenoh_codec::common::extension[0m[2m:[0m Unknown Test ext: ZExtUnknown { Id: 0, Mandatory: true, Encoding: "Unit" }
[2m2026-09-14T11:41:49.445868Z[0m [31mERROR[0m codec_extension ThreadId(12) [2mzenoh_codec::common::extension[0m[2m:[0m Unknown Test ext: ZExtUnknown { Id: 0, Mandatory: true, Encoding: "Unit" }
[2m2026-09-14T11:41:49.445870Z[0m [31mERROR[0m codec_extension ThreadId(12) [2mzenoh_codec::common::extension[0m[2m:[0m Unknown Test ext: ZExtUnknown { Id: 0, Mandatory: true, Encoding: "Unit" }
[2m2026-09-14T11:41:49.445873Z[0m [31mERROR[0m codec_extension ThreadId(12) [2mzenoh_codec::common::extension[0m[2m:[0m Unknown Test ext: ZExtUnknown { Id: 0, Mandatory: true, Encoding: "Unit" }
[2m2026-09-14T11:41:49.445882Z[0m [31mERROR[0m codec_extension ThreadId(12) [2mzenoh_codec::common::extension[0m[2m:[0m Unknown Test ext: ZExtUnknown { Id: 0, Mandatory: true, Encoding: "Unit" }
[2m2026-09-14T11:41:49.445886Z[0m [31mERROR[0m codec_extension ThreadId(12) [2mzenoh_codec::common::extension[0m[2m:[0m Unknown Test ext: ZExtUnknown { Id: 0, Mandatory: true, Encoding: "Unit" }
[2m2026-09-14T11:41:49.445889Z[0m [31mERROR[0m codec_extension ThreadId(12) [2mzenoh_codec::common::extension[0m[2m:[0m Unknown Test ext: ZExtUnknown { Id: 0, Mandatory: true, Encoding: "Unit" }
[2m2026-09-14T11:41:49.445892Z[0m [31mERROR[0m codec_extension ThreadId(12) [2mzenoh_codec::common::extension[0m[2m:[0m Unknown Test ext: ZExtUnknown { Id: 0, Mandatory: true, Encoding: "Unit" }
[2m2026-09-14T11:41:49.445896Z[0m [31mERROR[0m codec_extension ThreadId(12) [2mzenoh_codec::common::extension[0m[2m:[0m Unknown Test ext: ZExtUnknown { Id: 0, Mandatory: true, Encoding: "Unit" }
[2m2026-09-14T11:41:49.445899Z[0m [31mERROR[0m codec_extension ThreadId(12) [2mzenoh_codec::common::extension[0m[2m:[0m Unknown Test ext: ZExtUnknown { Id: 0, Mandatory: true, Encoding: "Unit" }
[2m2026-09-14T11:41:49.445902Z[0m [31mERROR[0m codec_extension ThreadId(12) [2mzenoh_codec::common::extension[0m[2m:[0m Unknown Test ext: ZExtUnknown { Id: 0, Mandatory: true, Encoding: "Unit" }
[2m2026-09-14T11:41:49.445904Z[0m [31mERROR[0m codec_extension ThreadId(12) [2mzenoh_codec::common::extension[0m[2m:[0m Unknown Test ext: ZExtUnknown { Id: 0, Mandatory: true, Encoding: "Unit" }
[2m2026-09-14T11:41:49.445907Z[0m [31mERROR[0m codec_extension ThreadId(12) [2mzenoh_codec::common::extension[0m[2m:[0m Unknown Test ext: ZExtUnknown { Id: 0, Mandatory: true, Encoding: "Unit" }
[2m2026-09-14T11:41:49.445910Z[0m [31mERROR[0m codec_extension ThreadId(12) [2mzenoh_codec::common::extension[0m[2m:[0m Unknown Test ext: ZExtUnknown { Id: 0, Mandatory: true, Encoding: "Unit" }
[2m2026-09-14T11:41:49.445913Z[0m [31mERROR[0m codec_extension ThreadId(12) [2mzenoh_codec::common::extension[0m[2m:[0m Unknown Test ext: ZExtUnknown { Id: 0, Mandatory: true, Encoding: "Unit" }
[2m2026-09-14T11:41:49.445915Z[0m [31mERROR[0m codec_extension ThreadId(12) [2mzenoh_codec::common::extension[0m[2m:[0m Unknown Test ext: ZExtUnknown { Id: 0, Mandatory: true, Encoding: "Unit" }
[2m2026-09-14T11:41:49.445918Z[0m [31mERROR[0m codec_extension ThreadId(12) [2mzenoh_codec::common::extension[0m[2m:[0m Unknown Test ext: ZExtUnknown { Id: 0, Mandatory: true, Encoding: "Unit" }
[2m2026-09-14T11:41:49.445921Z[0m [31mERROR[0m codec_extension ThreadId(12) [2mzenoh_codec::common::extension[0m[2m:[0m Unknown Test ext: ZExtUnknown { Id: 0, Mandatory: true, Encoding: "Unit" }
[2m2026-09-14T11:41:49.445923Z[0m [31mERROR[0m codec_extension ThreadId(12) [2mzenoh_codec::common::extension[0m[2m:[0m Unknown Test ext: ZExtUnknown { Id: 0, Mandatory: true, Encoding: "Unit" }
[2m2026-09-14T11:41:49.445926Z[0m [31mERROR[0m codec_extension ThreadId(12) [2mzenoh_codec::common::extension[0m[2m:[0m Unknown Test ext: ZExtUnknown { Id: 0, Mandatory: true, Encoding: "Unit" }
[2m2026-09-14T11:41:49.445929Z[0m [31mERROR[0m codec_extension ThreadId(12) [2mzenoh_codec::common::extension[0m[2m:[0m Unknown Test ext: ZExtUnknown { Id: 0, Mandatory: true, Encoding: "Unit" }
[2m2026-09-14T11:41:49.445931Z[0m [31mERROR[0m codec_extension ThreadId(12) [2mzenoh_codec::common::extension[0m[2m:[0m Unknown Test ext: ZExtUnknown { Id: 0, Mandatory: true, Encoding: "Unit" }
[2m2026-09-14T11:41:49.445949Z[0m [31mERROR[0m codec_extension ThreadId(12) [2mzenoh_codec::common::extension[0m[2m:[0m Unknown Test ext: ZExtUnknown { Id: 0, Mandatory: true, Encoding: "Unit" }
[2m2026-09-14T11:41:49.445952Z[0m [31mERROR[0m codec_extension ThreadId(12) [2mzenoh_codec::common::extension[0m[2m:[0m Unknown Test ext: ZExtUnknown { Id: 0, Mandatory: true, Encoding: "Unit" }
[2m2026-09-14T11:41:49.445955Z[0m [31mERROR[0m codec_extension ThreadId(12) [2mzenoh_codec::common::extension[0m[2m:[0m Unknown Test ext: ZExtUnknown { Id: 0, Mandatory: true, Encoding: "Unit" }
[2m2026-09-14T11:41:49.445958Z[0m [31mERROR[0m codec_extension ThreadId(12) [2mzenoh_codec::common::extension[0m[2m:[0m Unknown Test ext: ZExtUnknown { Id: 0, Mandatory: true, Encoding: "Unit" }
[2m2026-09-14T11:41:49.445961Z[0m [31mERROR[0m codec_extension ThreadId(12) [2mzenoh_codec::common::extension[0m[2m:[0m Unknown Test ext: ZExtUnknown { Id: 0, Mandatory: true, Encoding: "Unit" }
[2m2026-09-14T11:41:49.445963Z[0m [31mERROR[0m codec_extension ThreadId(12) [2mzenoh_codec::common::extension[0m[2m:[0m Unknown Test ext: ZExtUnknown { Id: 0, Mandatory: true, Encoding: "Unit" }
[2m2026-09-14T11:41:49.445968Z[0m [31mERROR[0m codec_extension ThreadId(12) [2mzenoh_codec::common::extension[0m[2m:[0m Unknown Test ext: ZExtUnknown { Id: 0, Mandatory: true, Encoding: "Unit" }
[2m2026-09-14T11:41:49.445971Z[0m [31mERROR[0m codec_extension ThreadId(12) [2mzenoh_codec::common::extension[0m[2m:[0m Unknown Test ext: ZExtUnknown { Id: 0, Mandatory: true, Encoding: "Unit" }
[2m2026-09-14T11:41:49.445973Z[0m [31mERROR[0m codec_extension ThreadId(12) [2mzenoh_codec::common::extension[0m[2m:[0m Unknown Test ext: ZExtUnknown { Id: 0, Mandatory: true, Encoding: "Unit" }
[2m2026-09-14T11:41:49.445976Z[0m [31mERROR[0m codec_extension ThreadId(12) [2mzenoh_codec::common::extension[0m[2m:[0m Unknown Test ext: ZExtUnknown { Id: 0, Mandatory: true, Encoding: "Unit" }
[2m2026-09-14T11:41:49.445981Z[0m [31mERROR[0m codec_extension ThreadId(12) [2mzenoh_codec::common::extension[0m[2m:[0m Unknown Test ext: ZExtUnknown { Id: 0, Mandatory: true, Encoding: "Unit" }
[2m2026-09-14T11:41:49.445984Z[0m [31mERROR[0m codec_extension ThreadId(12) [2mzenoh_codec::common::extension[0m[2m:[0m Unknown Test ext: ZExtUnknown { Id: 0, Mandatory: true, Encoding: "Unit" }
[2m2026-09-14T11:41:49.445987Z[0m [31mERROR[0m codec_extension ThreadId(12) [2mzenoh_codec::common::extension[0m[2m:[0m Unknown Test ext: ZExtUnknown { Id: 0, Mandatory: true, Encoding: "Unit" }
[2m2026-09-14T11:41:49.445989Z[0m [31mERROR[0m codec_extension ThreadId(12) [2mzenoh_codec::common::extension[0m[2m:[0m Unknown Test ext: ZExtUnknown { Id: 0, Mandatory: true, Encoding: "Unit" }
[2m2026-09-14T11:41:49.445992Z[0m [31mERROR[0m codec_extension ThreadId(12) [2mzenoh_codec::common::extension[0m[2m:[0m Unknown Test ext: ZExtUnknown { Id: 0, Mandatory: true, Encoding: "Unit" }
[2m2026-09-14T11:41:49.445995Z[0m [31mERROR[0m codec_extension ThreadId(12) [2mzenoh_codec::common::extension[0m[2m:[0m Unknown Test ext: ZExtUnknown { Id: 0, Mandatory: true, Encoding: "Unit" }
[2m2026-09-14T11:41:49.445998Z[0m [31mERROR[0m codec_extension ThreadId(12) [2mzenoh_codec::common::extension[0m[2m:[0m Unknown Test ext: ZExtUnknown { Id: 0, Mandatory: true, Encoding: "Unit" }
[2m2026-09-14T11:41:49.446000Z[0m [31mERROR[0m codec_extension ThreadId(12) [2mzenoh_codec::common::extension[0m[2m:[0m Unknown Test ext: ZExtUnknown { Id: 0, Mandatory: true, Encoding: "Unit" }
[2m2026-09-14T11:41:49.446003Z[0m [31mERROR[0m codec_extension ThreadId(12) [2mzenoh_codec::common::extension[0m[2m:[0m Unknown Test ext: ZExtUnknown { Id: 0, Mandatory: true, Encoding: "Unit" }
[2m2026-09-14T11:41:49.446006Z[0m [31mERROR[0m codec_extension ThreadId(12) [2mzenoh_codec::common::extension[0m[2m:[0m Unknown Test ext: ZExtUnknown { Id: 0, Mandatory: true, Encoding: "Unit" }
[2m2026-09-14T11:41:49.446008Z[0m [31mERROR[0m codec_extension ThreadId(12) [2mzenoh_codec::common::extension[0m[2m:[0m Unknown Test ext: ZExtUnknown { Id: 0, Mandatory: true, Encoding: "Unit" }
[2m2026-09-14T11:41:49.446011Z[0m [31mERROR[0m codec_extension ThreadId(12) [2mzenoh_codec::common::extension[0m[2m:[0m Unknown Test ext: ZExtUnknown { Id: 0, Mandatory: true, Encoding: "Unit" }
[2m2026-09-14T11:41:49.446014Z[0m [31mERROR[0m codec_extension ThreadId(12) [2mzenoh_codec::common::extension[0m[2m:[0m Unknown Test ext: ZExtUnknown { Id: 0, Mandatory: true, Encoding: "Unit" }
[2m2026-09-14T11:41:49.446017Z[0m [31mERROR[0m codec_extension ThreadId(12) [2mzenoh_codec::common::extension[0m[2m:[0m Unknown Test ext: ZExtUnknown { Id: 0, Mandatory: true, Encoding: "Unit" }
[2m2026-09-14T11:41:49.446019Z[0m [31mERROR[0m codec_extension ThreadId(12) [2mzenoh_codec::common::extension[0m[2m:[0m Unknown Test ext: ZExtUnknown { Id: 0, Mandatory: true, Encoding: "Unit" }
[2m2026-09-14T11:41:49.446022Z[0m [31mERROR[0m codec_extension ThreadId(12) [2mzenoh_codec::common::extension[0m[2m:[0m Unknown Test ext: ZExtUnknown { Id: 0, Mandatory: true, Encoding: "Unit" }
[2m2026-09-14T11:41:49.446026Z[0m [31mERROR[0m codec_extension ThreadId(12) [2mzenoh_codec::common::extension[0m[2m:[0m Unknown Test ext: ZExtUnknown { Id: 0, Mandatory: true, Encoding: "Unit" }
[2m2026-09-14T11:41:49.446028Z[0m [31mERROR[0m codec_extension ThreadId(12) [2mzenoh_codec::common::extension[0m[2m:[0m Unknown Test ext: ZExtUnknown { Id: 0, Mandatory: true, Encoding: "Unit" }
[2m2026-09-14T11:41:49.446031Z[0m [31mERROR[0m codec_extension ThreadId(12) [2mzenoh_codec::common::extension[0m[2m:[0m Unknown Test ext: ZExtUnknown { Id: 0, Mandatory: true, Encoding: "Unit" }
[2m2026-09-14T11:41:49.446034Z[0m [31mERROR[0m codec_extension ThreadId(12) [2mzenoh_codec::common::extension[0m[2m:[0m Unknown Test ext: ZExtUnknown { Id: 0, Mandatory: true, Encoding: "Unit" }
[2m2026-09-14T11:41:49.446037Z[0m [31mERROR[0m codec_extension ThreadId(12) [2mzenoh_codec::common::extension[0m[2m:[0m Unknown Test ext: ZExtUnknown { Id: 0, Mandatory: true, Encoding: "Unit" }
[2m2026-09-14T11:41:49.446039Z[0m [31mERROR[0m codec_extension ThreadId(12) [2mzenoh_codec::common::extension[0m[2m:[0m Unknown Test ext: ZExtUnknown { Id: 0, Mandatory: true, Encoding: "Unit" }
[2m2026-09-14T11:41:49.446042Z[0m [31mERROR[0m codec_extension ThreadId(12) [2mzenoh_codec::common::extension[0m[2m:[0m Unknown Test ext: ZExtUnknown { Id: 0, Mandatory: true, Encoding: "Unit" }
[2m2026-09-14T11:41:49.446045Z[0m [31mERROR[0m codec_extension ThreadId(12) [2mzenoh_codec::common::extension[0m[2m:[0m Unknown Test ext: ZExtUnknown { Id: 0, Mandatory: true, Encoding: "Unit" }
[2m2026-09-14T11:41:49.446047Z[0m [31mERROR[0m codec_extension ThreadId(12) [2mzenoh_codec::common::extension[0m[2m:[0m Unknown Test ext: ZExtUnknown { Id: 0, Mandatory: true, Encoding: "Unit" }
[2m2026-09-14T11:41:49.446050Z[0m [31mERROR[0m codec_extension ThreadId(12) [2mzenoh_codec::common::extension[0m[2m:[0m Unknown Test ext: ZExtUnknown { Id: 0, Mandatory: true, Encoding: "Unit" }
[2m2026-09-14T11:41:49.446054Z[0m [31mERROR[0m codec_extension ThreadId(12) [2mzenoh_codec::common::extension[0m[2m:[0m Unknown Test ext: ZExtUnknown { Id: 0, Mandatory: true, Encoding: "Unit" }
[2m2026-09-14T11:41:49.446057Z[0m [31mERROR[0m codec_extension ThreadId(12) [2mzenoh_codec::common::extension[0m[2m:[0m Unknown Test ext: ZExtUnknown { Id: 0, Mandatory: true, Encoding: "Unit" }
[2m2026-09-14T11:41:49.446060Z[0m [31mERROR[0m codec_extension ThreadId(12) [2mzenoh_codec::common::extension[0m[2m:[0m Unknown Test ext: ZExtUnknown { Id: 0, Mandatory: true, Encoding: "Unit" }
[2m2026-09-14T11:41:49.446062Z[0m [31mERROR[0m codec_extension ThreadId(12) [2mzenoh_codec::common::extension[0m[2m:[0m Unknown Test ext: ZExtUnknown { Id: 0, Mandatory: true, Encoding: "Unit" }
[2m2026-09-14T11:41:49.446065Z[0m [31mERROR[0m codec_extension ThreadId(12) [2mzenoh_codec::common::extension[0m[2m:[0m Unknown Test ext: ZExtUnknown { Id: 0, Mandatory: true, Encoding: "Unit" }
[2m2026-09-14T11:41:49.446068Z[0m [31mERROR[0m codec_extension ThreadId(12) [2mzenoh_codec::common::extension[0m[2m:[0m Unknown Test ext: ZExtUnknown { Id: 0, Mandatory: true, Encoding: "Unit" }
[2m2026-09-14T11:41:49.446070Z[0m [31mERROR[0m codec_extension ThreadId(12) [2mzenoh_codec::common::extension[0m[2m:[0m Unknown Test ext: ZExtUnknown { Id: 0, Mandatory: true, Encoding: "Unit" }
[2m2026-09-14T11:41:49.446073Z[0m [31mERROR[0m codec_extension ThreadId(12) [2mzenoh_codec::common::extension[0m[2m:[0m Unknown Test ext: ZExtUnknown { Id: 0, Mandatory: true, Encoding: "Unit" }
[2m2026-09-14T11:41:49.446076Z[0m [31mERROR[0m codec_extension ThreadId(12) [2mzenoh_codec::common::extension[0m[2m:[0m Unknown Test ext: ZExtUnknown { Id: 0, Mandatory: true, Encoding: "Unit" }
[2m2026-09-14T11:41:49.446079Z[0m [31mERROR[0m codec_extension ThreadId(12) [2mzenoh_codec::common::extension[0m[2m:[0m Unknown Test ext: ZExtUnknown { Id: 0, Mandatory: true, Encoding: "Unit" }
[2m2026-09-14T11:41:49.446082Z[0m [31mERROR[0m codec_extension ThreadId(12) [2mzenoh_codec::common::extension[0m[2m:[0m Unknown Test ext: ZExtUnknown { Id: 0, Mandatory: true, Encoding: "Unit" }
[2m2026-09-14T11:41:49.446085Z[0m [31mERROR[0m codec_extension ThreadId(12) [2mzenoh_codec::common::extension[0m[2m:[0m Unknown Test ext: ZExtUnknown { Id: 0, Mandatory: true, Encoding: "Unit" }
[2m2026-09-14T11:41:49.446088Z[0m [31mERROR[0m codec_extension ThreadId(12) [2mzenoh_codec::common::extension[0m[2m:[0m Unknown Test ext: ZExtUnknown { Id: 0, Mandatory: true, Encoding: "Unit" }
[2m2026-09-14T11:41:49.446090Z[0m [31mERROR[0m codec_extension ThreadId(12) [2mzenoh_codec::common::extension[0m[2m:[0m Unknown Test ext: ZExtUnknown { Id: 0, Mandatory: true, Encoding: "Unit" }
[2m2026-09-14T11:41:49.446093Z[0m [31mERROR[0m codec_extension ThreadId(12) [2mzenoh_codec::common::extension[0m[2m:[0m Unknown Test ext: ZExtUnknown { Id: 0, Mandatory: true, Encoding: "Unit" }
[2m2026-09-14T11:41:49.446096Z[0m [31mERROR[0m codec_extension ThreadId(12) [2mzenoh_codec::common::extension[0m[2m:[0m Unknown Test ext: ZExtUnknown { Id: 0, Mandatory: true, Encoding: "Unit" }
[2m2026-09-14T11:41:49.446099Z[0m [31mERROR[0m codec_extension ThreadId(12) [2mzenoh_codec::common::extension[0m[2m:[0m Unknown Test ext: ZExtUnknown { Id: 0, Mandatory: true, Encoding: "Unit" }
[2m2026-09-14T11:41:49.446101Z[0m [31mERROR[0m codec_extension ThreadId(12) [2mzenoh_codec::common::extension[0m[2m:[0m Unknown Test ext: ZExtUnknown { Id: 0, Mandatory: true, Encoding: "Unit" }
[2m2026-09-14T11:41:49.446104Z[0m [31mERROR[0m codec_extension ThreadId(12) [2mzenoh_codec::common::extension[0m[2m:[0m Unknown Test ext: ZExtUnknown { Id: 0, Mandatory: true, Encoding: "Unit" }
[2m2026-09-14T11:41:49.446107Z[0m [31mERROR[0m codec_extension ThreadId(12) [2mzenoh_codec::common::extension[0m[2m:[0m Unknown Test ext: ZExtUnknown { Id: 0, Mandatory: true, Encoding: "Unit" }
[2m2026-09-14T11:41:49.446109Z[0m [31mERROR[0m codec_extension ThreadId(12) [2mzenoh_codec::common::extension[0m[2m:[0m Unknown Test ext: ZExtUnknown { Id: 0, Mandatory: true, Encoding: "Unit" }
[2m2026-09-14T11:41:49.446112Z[0m [31mERROR[0m codec_extension ThreadId(12) [2mzenoh_codec::common::extension[0m[2m:[0m Unknown Test ext: ZExtUnknown { Id: 0, Mandatory: true, Encoding: "Unit" }
[2m2026-09-14T11:41:49.446115Z[0m [31mERROR[0m codec_extension ThreadId(12) [2mzenoh_codec::common::extension[0m[2m:[0m Unknown Test ext: ZExtUnknown { Id: 0, Mandatory: true, Encoding: "Unit" }
[2m2026-09-14T11:41:49.446118Z[0m [31mERROR[0m codec_extension ThreadId(12) [2mzenoh_codec::common::extension[0m[2m:[0m Unknown Test ext: ZExtUnknown { Id: 0, Mandatory: true, Encoding: "Unit" }
[2m2026-09-14T11:41:49.446120Z[0m [31mERROR[0m codec_extension ThreadId(12) [2mzenoh_codec::common::extension[0m[2m:[0m Unknown Test ext: ZExtUnknown { Id: 0, Mandatory: true, Encoding: "Unit" }
[2m2026-09-14T11:41:49.446123Z[0m [31mERROR[0m codec_extension ThreadId(12) [2mzenoh_codec::common::extension[0m[2m:[0m Unknown Test ext: ZExtUnknown { Id: 0, Mandatory: true, Encoding: "Unit" }
[2m2026-09-14T11:41:49.446126Z[0m [31mERROR[0m codec_extension ThreadId(12) [2mzenoh_codec::common::extension[0m[2m:[0m Unknown Test ext: ZExtUnknown { Id: 0, Mandatory: true, Encoding: "Unit" }
[2m2026-09-14T11:41:49.446128Z[0m [31mERROR[0m codec_extension ThreadId(12) [2mzenoh_codec::common::extension[0m[2m:[0m Unknown Test ext: ZExtUnknown { Id: 0, Mandatory: true, Encoding: "Unit" }
[2m2026-09-14T11:41:49.446146Z[0m [31mERROR[0m codec_extension ThreadId(12) [2mzenoh_codec::common::extension[0m[2m:[0m Unknown Test ext: ZExtUnknown { Id: 0, Mandatory: true, Encoding: "Unit" }
[2m2026-09-14T11:41:49.446148Z[0m [31mERROR[0m codec_extension ThreadId(12) [2mzenoh_codec::common::extension[0m[2m:[0m Unknown Test ext: ZExtUnknown { Id: 0, Mandatory: true, Encoding: "Unit" }
[2m2026-09-14T11:41:49.446151Z[0m [31mERROR[0m codec_extension ThreadId(12) [2mzenoh_codec::common::extension[0m[2m:[0m Unknown Test ext: ZExtUnknown { Id: 0, Mandatory: true, Encoding: "Unit" }
[2m2026-09-14T11:41:49.446155Z[0m [31mERROR[0m codec_extension ThreadId(12) [2mzenoh_codec::common::extension[0m[2m:[0m Unknown Test ext: ZExtUnknown { Id: 0, Mandatory: true, Encoding: "Unit" }
[2m2026-09-14T11:41:49.446158Z[0m [31mERROR[0m codec_extension ThreadId(12) [2mzenoh_codec::common::extension[0m[2m:[0m Unknown Test ext: ZExtUnknown { Id: 0, Mandatory: true, Encoding: "Unit" }
[2m2026-09-14T11:41:49.446160Z[0m [31mERROR[0m codec_extension ThreadId(12) [2mzenoh_codec::common::extension[0m[2m:[0m Unknown Test ext: ZExtUnknown { Id: 0, Mandatory: true, Encoding: "Unit" }
[2m2026-09-14T11:41:49.446163Z[0m [31mERROR[0m codec_extension ThreadId(12) [2mzenoh_codec::common::extension[0m[2m:[0m Unknown Test ext: ZExtUnknown { Id: 0, Mandatory: true, Encoding: "Unit" }
[2m2026-09-14T11:41:49.446166Z[0m [31mERROR[0m codec_extension ThreadId(12) [2mzenoh_codec::common::extension[0m[2m:[0m Unknown Test ext: ZExtUnknown { Id: 0, Mandatory: true, Encoding: "Unit" }
[2m2026-09-14T11:41:49.446169Z[0m [31mERROR[0m codec_extension ThreadId(12) [2mzenoh_codec::common::extension[0m[2m:[0m Unknown Test ext: ZExtUnknown { Id: 0, Mandatory: true, Encoding: "Unit" }
[2m2026-09-14T11:41:49.446171Z[0m [31mERROR[0m codec_extension ThreadId(12) [2mzenoh_codec::common::extension[0m[2m:[0m Unknown Test ext: ZExtUnknown { Id: 0, Mandatory: true, Encoding: "Unit" }
[2m2026-09-14T11:41:49.446174Z[0m [31mERROR[0m codec_extension ThreadId(12) [2mzenoh_codec::common::extension[0m[2m:[0m Unknown Test ext: ZExtUnknown { Id: 0, Mandatory: true, Encoding: "Unit" }
[2m2026-09-14T11:41:49.446177Z[0m [31mERROR[0m codec_extension ThreadId(12) [2mzenoh_codec::common::extension[0m[2m:[0m Unknown Test ext: ZExtUnknown { Id: 0, Mandatory: true, Encoding: "Unit" }
[2m2026-09-14T11:41:49.446179Z[0m [31mERROR[0m codec_extension ThreadId(12) [2mzenoh_codec::common::extension[0m[2m:[0m Unknown Test ext: ZExtUnknown { Id: 0, Mandatory: true, Encoding: "Unit" }
[2m2026-09-14T11:41:49.446182Z[0m [31mERROR[0m codec_extension ThreadId(12) [2mzenoh_codec::common::extension[0m[2m:[0m Unknown Test ext: ZExtUnknown { Id: 0, Mandatory: true, Encoding: "Unit" }
[2m2026-09-14T11:41:49.446185Z[0m [31mERROR[0m codec_extension ThreadId(12) [2mzenoh_codec::common::extension[0m[2m:[0m Unknown Test ext: ZExtUnknown { Id: 0, Mandatory: true, Encoding: "Unit" }
[2m2026-09-14T11:41:49.446188Z[0m [31mERROR[0m codec_extension ThreadId(12) [2mzenoh_codec::common::extension[0m[2m:[0m Unknown Test ext: ZExtUnknown { Id: 0, Mandatory: true, Encoding: "Unit" }
[2m2026-09-14T11:41:49.446190Z[0m [31mERROR[0m codec_extension ThreadId(12) [2mzenoh_codec::common::extension[0m[2m:[0m Unknown Test ext: ZExtUnknown { Id: 0, Mandatory: true, Encoding: "Unit" }
[2m2026-09-14T11:41:49.446193Z[0m [31mERROR[0m codec_extension ThreadId(12) [2mzenoh_codec::common::extension[0m[2m:[0m Unknown Test ext: ZExtUnknown { Id: 0, Mandatory: true, Encoding: "Unit" }
[2m2026-09-14T11:41:49.446196Z[0m [31mERROR[0m codec_extension ThreadId(12) [2mzenoh_codec::common::extension[0m[2m:[0m Unknown Test ext: ZExtUnknown { Id: 0, Mandatory: true, Encoding: "Unit" }
[2m2026-09-14T11:41:49.446199Z[0m [31mERROR[0m codec_extension ThreadId(12) [2mzenoh_codec::common::extension[0m[2m:[0m Unknown Test ext: ZExtUnknown { Id: 0, Mandatory: true, Encoding: "Unit" }
[2m2026-09-14T11:41:49.446201Z[0m [31mERROR[0m codec_extension ThreadId(12) [2mzenoh_codec::common::extension[0m[2m:[0m Unknown Test ext: ZExtUnknown { Id: 0, Mandatory: true, Encoding: "Unit" }
[2m2026-09-14T11:41:49.446204Z[0m [31mERROR[0m codec_extension ThreadId(12) [2mzenoh_codec::common::extension[0m[2m:[0m Unknown Test ext: ZExtUnknown { Id: 0, Mandatory: true, Encoding: "Unit" }
[2m2026-09-14T11:41:49.446207Z[0m [31mERROR[0m codec_extension ThreadId(12) [2mzenoh_codec::common::extension[0m[2m:[0m Unknown Test ext: ZExtUnknown { Id: 0, Mandatory: true, Encoding: "Unit" }
[2m2026-09-14T11:41:49.446210Z[0m [31mERROR[0m codec_extension ThreadId(12) [2mzenoh_codec::common::extension[0m[2m:[0m Unknown Test ext: ZExtUnknown { Id: 0, Mandatory: true, Encoding: "Unit" }
[2m2026-09-14T11:41:49.446213Z[0m [31mERROR[0m codec_extension ThreadId(12) [2mzenoh_codec::common::extension[0m[2m:[0m Unknown Test ext: ZExtUnknown { Id: 0, Mandatory: true, Encoding: "Unit" }
[2m2026-09-14T11:41:49.446216Z[0m [31mERROR[0m codec_extension ThreadId(12) [2mzenoh_codec::common::extension[0m[2m:[0m Unknown Test ext: ZExtUnknown { Id: 0, Mandatory: true, Encoding: "Unit" }
[2m2026-09-14T11:41:49.446219Z[0m [31mERROR[0m codec_extension ThreadId(12) [2mzenoh_codec::common::extension[0m[2m:[0m Unknown Test ext: ZExtUnknown { Id: 0, Mandatory: true, Encoding: "Unit" }
[2m2026-09-14T11:41:49.446221Z[0m [31mERROR[0m codec_extension ThreadId(12) [2mzenoh_codec::common::extension[0m[2m:[0m Unknown Test ext: ZExtUnknown { Id: 0, Mandatory: true, Encoding: "Unit" }
[2m2026-09-14T11:41:49.446224Z[0m [31mERROR[0m codec_extension ThreadId(12) [2mzenoh_codec::common::extension[0m[2m:[0m Unknown Test ext: ZExtUnknown { Id: 0, Mandatory: true, Encoding: "Unit" }
[2m2026-09-14T11:41:49.446227Z[0m [31mERROR[0m codec_extension ThreadId(12) [2mzenoh_codec::common::extension[0m[2m:[0m Unknown Test ext: ZExtUnknown { Id: 0, Mandatory: true, Encoding: "Unit" }
[2m2026-09-14T11:41:49.446229Z[0m [31mERROR[0m codec_extension ThreadId(12) [2mzenoh_codec::common::extension[0m[2m:[0m Unknown Test ext: ZExtUnknown { Id: 0, Mandatory: true, Encoding: "Unit" }
[2m2026-09-14T11:41:49.446232Z[0m [31mERROR[0m codec_extension ThreadId(12) [2mzenoh_codec::common::extension[0m[2m:[0m Unknown Test ext: ZExtUnknown { Id: 0, Mandatory: true, Encoding: "Unit" }
[2m2026-09-14T11:41:49.446235Z[0m [31mERROR[0m codec_extension ThreadId(12) [2mzenoh_codec::common::extension[0m[2m:[0m Unknown Test ext: ZExtUnknown { Id: 0, Mandatory: true, Encoding: "Unit" }
[2m2026-09-14T11:41:49.446237Z[0m [31mERROR[0m codec_extension ThreadId(12) [2mzenoh_codec::common::extension[0m[2m:[0m Unknown Test ext: ZExtUnknown { Id: 0, Mandatory: true, Encoding: "Unit" }
[2m2026-09-14T11:41:49.446240Z[0m [31mERROR[0m codec_extension ThreadId(12) [2mzenoh_codec::common::extension[0m[2m:[0m Unknown Test ext: ZExtUnknown { Id: 0, Mandatory: true, Encoding: "Unit" }
[2m2026-09-14T11:41:49.446243Z[0m [31mERROR[0m codec_extension ThreadId(12) [2mzenoh_codec::common::extension[0m[2m:[0m Unknown Test ext: ZExtUnknown { Id: 0, Mandatory: true, Encoding: "Unit" }
[2m2026-09-14T11:41:49.446246Z[0m [31mERROR[0m codec_extension ThreadId(12) [2mzenoh_codec::common::extension[0m[2m:[0m Unknown Test ext: ZExtUnknown { Id: 0, Mandatory: true, Encoding: "Unit" }
[2m2026-09-14T11:41:49.446248Z[0m [31mERROR[0m codec_extension ThreadId(12) [2mzenoh_codec::common::extension[0m[2m:[0m Unknown Test ext: ZExtUnknown { Id: 0, Mandatory: true, Encoding: "Unit" }
[2m2026-09-14T11:41:49.446251Z[0m [31mERROR[0m codec_extension ThreadId(12) [2mzenoh_codec::common::extension[0m[2m:[0m Unknown Test ext: ZExtUnknown { Id: 0, Mandatory: true, Encoding: "Unit" }
[2m2026-09-14T11:41:49.446254Z[0m [31mERROR[0m codec_extension ThreadId(12) [2mzenoh_codec::common::extension[0m[2m:[0m Unknown Test ext: ZExtUnknown { Id: 0, Mandatory: true, Encoding: "Unit" }
[2m2026-09-14T11:41:49.446256Z[0m [31mERROR[0m codec_extension ThreadId(12) [2mzenoh_codec::common::extension[0m[2m:[0m Unknown Test ext: ZExtUnknown { Id: 0, Mandatory: true, Encoding: "Unit" }
[2m2026-09-14T11:41:49.446259Z[0m [31mERROR[0m codec_extension ThreadId(12) [2mzenoh_codec::common::extension[0m[2m:[0m Unknown Test ext: ZExtUnknown { Id: 0, Mandatory: true, Encoding: "Unit" }
[2m2026-09-14T11:41:49.446262Z[0m [31mERROR[0m codec_extension ThreadId(12) [2mzenoh_codec::common::extension[0m[2m:[0m Unknown Test ext: ZExtUnknown { Id: 0, Mandatory: true, Encoding: "Unit" }
[2m2026-09-14T11:41:49.446266Z[0m [31mERROR[0m codec_extension ThreadId(12) [2mzenoh_codec::common::extension[0m[2m:[0m Unknown Test ext: ZExtUnknown { Id: 0, Mandatory: true, Encoding: "Unit" }
[2m2026-09-14T11:41:49.446268Z[0m [31mERROR[0m codec_extension ThreadId(12) [2mzenoh_codec::common::extension[0m[2m:[0m Unknown Test ext: ZExtUnknown { Id: 0, Mandatory: true, Encoding: "Unit" }
[2m2026-09-14T11:41:49.446271Z[0m [31mERROR[0m codec_extension ThreadId(12) [2mzenoh_codec::common::extension[0m[2m:[0m Unknown Test ext: ZExtUnknown { Id: 0, Mandatory: true, Encoding: "Unit" }
[2m2026-09-14T11:41:49.446274Z[0m [31mERROR[0m codec_extension ThreadId(12) [2mzenoh_codec::common::extension[0m[2m:[0m Unknown Test ext: ZExtUnknown { Id: 0, Mandatory: true, Encoding: "Unit" }
[2m2026-09-14T11:41:49.446276Z[0m [31mERROR[0m codec_extension ThreadId(12) [2mzenoh_codec::common::extension[0m[2m:[0m Unknown Test ext: ZExtUnknown { Id: 0, Mandatory: true, Encoding: "Unit" }
[2m2026-09-14T11:41:49.446279Z[0m [31mERROR[0m codec_extension ThreadId(12) [2mzenoh_codec::common::extension[0m[2m:[0m Unknown Test ext: ZExtUnknown { Id: 0, Mandatory: true, Encoding: "Unit" }
[2m2026-09-14T11:41:49.446282Z[0m [31mERROR[0m codec_extension ThreadId(12) [2mzenoh_codec::common::extension[0m[2m:[0m Unknown Test ext: ZExtUnknown { Id: 0, Mandatory: true, Encoding: "Unit" }
[2m2026-09-14T11:41:49.446285Z[0m [31mERROR[0m codec_extension ThreadId(12) [2mzenoh_codec::common::extension[0m[2m:[0m Unknown Test ext: ZExtUnknown { Id: 0, Mandatory: true, Encoding: "Unit" }
[2m2026-09-14T11:41:49.446287Z[0m [31mERROR[0m codec_extension ThreadId(12) [2mzenoh_codec::common::extension[0m[2m:[0m Unknown Test ext: ZExtUnknown { Id: 0, Mandatory: true, Encoding: "Unit" }
[2m2026-09-14T11:41:49.446291Z[0m [31mERROR[0m codec_extension ThreadId(12) [2mzenoh_codec::common::extension[0m[2m:[0m Unknown Test ext: ZExtUnknown { Id: 0, Mandatory: true, Encoding: "Unit" }
[2m2026-09-14T11:41:49.446293Z[0m [31mERROR[0m codec_extension ThreadId(12) [2mzenoh_codec::common::extension[0m[2m:[0m Unknown Test ext: ZExtUnknown { Id: 0, Mandatory: true, Encoding: "Unit" }
[2m2026-09-14T11:41:49.446296Z[0m [31mERROR[0m codec_extension ThreadId(12) [2mzenoh_codec::common::extension[0m[2m:[0m Unknown Test ext: ZExtUnknown { Id: 0, Mandatory: true, Encoding: "Unit" }
[2m2026-09-14T11:41:49.446299Z[0m [31mERROR[0m codec_extension ThreadId(12) [2mzenoh_codec::common::extension[0m[2m:[0m Unknown Test ext: ZExtUnknown { Id: 0, Mandatory: true, Encoding: "Unit" }
[2m2026-09-14T11:41:49.446302Z[0m [31mERROR[0m codec_extension ThreadId(12) [2mzenoh_codec::common::extension[0m[2m:[0m Unknown Test ext: ZExtUnknown { Id: 0, Mandatory: true, Encoding: "Unit" }
[2m2026-09-14T11:41:49.446304Z[0m [31mERROR[0m codec_extension ThreadId(12) [2mzenoh_codec::common::extension[0m[2m:[0m Unknown Test ext: ZExtUnknown { Id: 0, Mandatory: true, Encoding: "Unit" }
[2m2026-09-14T11:41:49.446307Z[0m [31mERROR[0m codec_extension ThreadId(12) [2mzenoh_codec::common::extension[0m[2m:[0m Unknown Test ext: ZExtUnknown { Id: 0, Mandatory: true, Encoding: "Unit" }
[2m2026-09-14T11:41:49.446310Z[0m [31mERROR[0m codec_extension ThreadId(12) [2mzenoh_codec::common::extension[0m[2m:[0m Unknown Test ext: ZExtUnknown { Id: 0, Mandatory: true, Encoding: "Unit" }
[2m2026-09-14T11:41:49.446312Z[0m [31mERROR[0m codec_extension ThreadId(12) [2mzenoh_codec::common::extension[0m[2m:[0m Unknown Test ext: ZExtUnknown { Id: 0, Mandatory: true, Encoding: "Unit" }
[2m2026-09-14T11:41:49.446315Z[0m [31mERROR[0m codec_extension ThreadId(12) [2mzenoh_codec::common::extension[0m[2m:[0m Unknown Test ext: ZExtUnknown { Id: 0, Mandatory: true, Encoding: "Unit" }
[2m2026-09-14T11:41:49.446318Z[0m [31mERROR[0m codec_extension ThreadId(12) [2mzenoh_codec::common::extension[0m[2m:[0m Unknown Test ext: ZExtUnknown { Id: 0, Mandatory: true, Encoding: "Unit" }
[2m2026-09-14T11:41:49.446322Z[0m [31mERROR[0m codec_extension ThreadId(12) [2mzenoh_codec::common::extension[0m[2m:[0m Unknown Test ext: ZExtUnknown { Id: 0, Mandatory: true, Encoding: "Unit" }
[2m2026-09-14T11:41:49.446339Z[0m [31mERROR[0m codec_extension ThreadId(12) [2mzenoh_codec::common::extension[0m[2m:[0m Unknown Test ext: ZExtUnknown { Id: 0, Mandatory: true, Encoding: "Unit" }
[2m2026-09-14T11:41:49.446342Z[0m [31mERROR[0m codec_extension ThreadId(12) [2mzenoh_codec::common::extension[0m[2m:[0m Unknown Test ext: ZExtUnknown { Id: 0, Mandatory: true, Encoding: "Unit" }
[2m2026-09-14T11:41:49.446345Z[0m [31mERROR[0m codec_extension ThreadId(12) [2mzenoh_codec::common::extension[0m[2m:[0m Unknown Test ext: ZExtUnknown { Id: 0, Mandatory: true, Encoding: "Unit" }
[2m2026-09-14T11:41:49.446347Z[0m [31mERROR[0m codec_extension ThreadId(12) [2mzenoh_codec::common::extension[0m[2m:[0m Unknown Test ext: ZExtUnknown { Id: 0, Mandatory: true, Encoding: "Unit" }
[2m2026-09-14T11:41:49.446350Z[0m [31mERROR[0m codec_extension ThreadId(12) [2mzenoh_codec::common::extension[0m[2m:[0m Unknown Test ext: ZExtUnknown { Id: 0, Mandatory: true, Encoding: "Unit" }
[2m2026-09-14T11:41:49.446353Z[0m [31mERROR[0m codec_extension ThreadId(12) [2mzenoh_codec::common::extension[0m[2m:[0m Unknown Test ext: ZExtUnknown { Id: 0, Mandatory: true, Encoding: "Unit" }
[2m2026-09-14T11:41:49.446355Z[0m [31mERROR[0m codec_extension ThreadId(12) [2mzenoh_codec::common::extension[0m[2m:[0m Unknown Test ext: ZExtUnknown { Id: 0, Mandatory: true, Encoding: "Unit" }
[2m2026-09-14T11:41:49.446358Z[0m [31mERROR[0m codec_extension ThreadId(12) [2mzenoh_codec::common::extension[0m[2m:[0m Unknown Test ext: ZExtUnknown { Id: 0, Mandatory: true, Encoding: "Unit" }
[2m2026-09-14T11:41:49.446364Z[0m [31mERROR[0m codec_extension ThreadId(12) [2mzenoh_codec::common::extension[0m[2m:[0m Unknown Test ext: ZExtUnknown { Id: 0, Mandatory: true, Encoding: "Unit" }
[2m2026-09-14T11:41:49.446367Z[0m [31mERROR[0m codec_extension ThreadId(12) [2mzenoh_codec::common::extension[0m[2m:[0m Unknown Test ext: ZExtUnknown { Id: 0, Mandatory: true, Encoding: "Unit" }
[2m2026-09-14T11:41:49.446370Z[0m [31mERROR[0m codec_extension ThreadId(12) [2mzenoh_codec::common::extension[0m[2m:[0m Unknown Test ext: ZExtUnknown { Id: 0, Mandatory: true, Encoding: "Unit" }
[2m2026-09-14T11:41:49.446373Z[0m [31mERROR[0m codec_extension ThreadId(12) [2mzenoh_codec::common::extension[0m[2m:[0m Unknown Test ext: ZExtUnknown { Id: 0, Mandatory: true, Encoding: "Unit" }
[2m2026-09-14T11:41:49.446376Z[0m [31mERROR[0m codec_extension ThreadId(12) [2mzenoh_codec::common::extension[0m[2m:[0m Unknown Test ext: ZExtUnknown { Id: 0, Mandatory: true, Encoding: "Unit" }
[2m2026-09-14T11:41:49.446379Z[0m [31mERROR[0m codec_extension ThreadId(12) [2mzenoh_codec::common::extension[0m[2m:[0m Unknown Test ext: ZExtUnknown { Id: 0, Mandatory: true, Encoding: "Unit" }
[2m2026-09-14T11:41:49.446382Z[0m [31mERROR[0m codec_extension ThreadId(12) [2mzenoh_codec::common::extension[0m[2m:[0m Unknown Test ext: ZExtUnknown { Id: 0, Mandatory: true, Encoding: "Unit" }
[2m2026-09-14T11:41:49.446384Z[0m [31mERROR[0m codec_extension ThreadId(12) [2mzenoh_codec::common::extension[0m[2m:[0m Unknown Test ext: ZExtUnknown { Id: 0, Mandatory: true, Encoding: "Unit" }
[2m2026-09-14T11:41:49.446387Z[0m [31mERROR[0m codec_extension ThreadId(12) [2mzenoh_codec::common::extension[0m[2m:[0m Unknown Test ext: ZExtUnknown { Id: 0, Mandatory: true, Encoding: "Unit" }
[2m2026-09-14T11:41:49.446390Z[0m [31mERROR[0m codec_extension ThreadId(12) [2mzenoh_codec::common::extension[0m[2m:[0m Unknown Test ext: ZExtUnknown { Id: 0, Mandatory: true, Encoding: "Unit" }
[2m2026-09-14T11:41:49.446393Z[0m [31mERROR[0m codec_extension ThreadId(12) [2mzenoh_codec::common::extension[0m[2m:[0m Unknown Test ext: ZExtUnknown { Id: 0, Mandatory: true, Encoding: "Unit" }
[2m2026-09-14T11:41:49.446397Z[0m [31mERROR[0m codec_extension ThreadId(12) [2mzenoh_codec::common::extension[0m[2m:[0m Unknown Test ext: ZExtUnknown { Id: 0, Mandatory: true, Encoding: "Unit" }
[2m2026-09-14T11:41:49.446400Z[0m [31mERROR[0m codec_extension ThreadId(12) [2mzenoh_codec::common::extension[0m[2m:[0m Unknown Test ext: ZExtUnknown { Id: 0, Mandatory: true, Encoding: "Unit" }
[2m2026-09-14T11:41:49.446402Z[0m [31mERROR[0m codec_extension ThreadId(12) [2mzenoh_codec::common::extension[0m[2m:[0m Unknown Test ext: ZExtUnknown { Id: 0, Mandatory: true, Encoding: "Unit" }
[2m2026-09-14T11:41:49.446405Z[0m [31mERROR[0m codec_extension ThreadId(12) [2mzenoh_codec::common::extension[0m[2m:[0m Unknown Test ext: ZExtUnknown { Id: 0, Mandatory: true, Encoding: "Unit" }
[2m2026-09-14T11:41:49.446408Z[0m [31mERROR[0m codec_extension ThreadId(12) [2mzenoh_codec::common::extension[0m[2m:[0m Unknown Test ext: ZExtUnknown { Id: 0, Mandatory: true, Encoding: "Unit" }
[2m2026-09-14T11:41:49.446411Z[0m [31mERROR[0m codec_extension ThreadId(12) [2mzenoh_codec::common::extension[0m[2m:[0m Unknown Test ext: ZExtUnknown { Id: 0, Mandatory: true, Encoding: "Unit" }
[2m2026-09-14T11:41:49.446414Z[0m [31mERROR[0m codec_extension ThreadId(12) [2mzenoh_codec::common::extension[0m[2m:[0m Unknown Test ext: ZExtUnknown { Id: 0, Mandatory: true, Encoding: "Unit" }
[2m2026-09-14T11:41:49.446416Z[0m [31mERROR[0m codec_extension ThreadId(12) [2mzenoh_codec::common::extension[0m[2m:[0m Unknown Test ext: ZExtUnknown { Id: 0, Mandatory: true, Encoding: "Unit" }
[2m2026-09-14T11:41:49.446419Z[0m [31mERROR[0m codec_extension ThreadId(12) [2mzenoh_codec::common::extension[0m[2m:[0m Unknown Test ext: ZExtUnknown { Id: 0, Mandatory: true, Encoding: "Unit" }
[2m2026-09-14T11:41:49.446422Z[0m [31mERROR[0m codec_extension ThreadId(12) [2mzenoh_codec::common::extension[0m[2m:[0m Unknown Test ext: ZExtUnknown { Id: 0, Mandatory: true, Encoding: "Unit" }
[2m2026-09-14T11:41:49.446425Z[0m [31mERROR[0m codec_extension ThreadId(12) [2mzenoh_codec::common::extension[0m[2m:[0m Unknown Test ext: ZExtUnknown { Id: 0, Mandatory: true, Encoding: "Unit" }
[2m2026-09-14T11:41:49.446428Z[0m [31mERROR[0m codec_extension ThreadId(12) [2mzenoh_codec::common::extension[0m[2m:[0m Unknown Test ext: ZExtUnknown { Id: 0, Mandatory: true, Encoding: "Unit" }
[2m2026-09-14T11:41:49.446431Z[0m [31mERROR[0m codec_extension ThreadId(12) [2mzenoh_codec::common::extension[0m[2m:[0m Unknown Test ext: ZExtUnknown { Id: 0, Mandatory: true, Encoding: "Unit" }
[2m2026-09-14T11:41:49.446433Z[0m [31mERROR[0m codec_extension ThreadId(12) [2mzenoh_codec::common::extension[0m[2m:[0m Unknown Test ext: ZExtUnknown { Id: 0, Mandatory: true, Encoding: "Unit" }
[2m2026-09-14T11:41:49.446436Z[0m [31mERROR[0m codec_extension ThreadId(12) [2mzenoh_codec::common::extension[0m[2m:[0m Unknown Test ext: ZExtUnknown { Id: 0, Mandatory: true, Encoding: "Unit" }
[2m2026-09-14T11:41:49.446439Z[0m [31mERROR[0m codec_extension ThreadId(12) [2mzenoh_codec::common::extension[0m[2m:[0m Unknown Test ext: ZExtUnknown { Id: 0, Mandatory: true, Encoding: "Unit" }
[2m2026-09-14T11:41:49.446442Z[0m [31mERROR[0m codec_extension ThreadId(12) [2mzenoh_codec::common::extension[0m[2m:[0m Unknown Test ext: ZExtUnknown { Id: 0, Mandatory: true, Encoding: "Unit" }
[2m2026-09-14T11:41:49.446445Z[0m [31mERROR[0m codec_extension ThreadId(12) [2mzenoh_codec::common::extension[0m[2m:[0m Unknown Test ext: ZExtUnknown { Id: 0, Mandatory: true, Encoding: "Unit" }
[2m2026-09-14T11:41:49.446447Z[0m [31mERROR[0m codec_extension ThreadId(12) [2mzenoh_codec::common::extension[0m[2m:[0m Unknown Test ext: ZExtUnknown { Id: 0, Mandatory: true, Encoding: "Unit" }
[2m2026-09-14T11:41:49.446450Z[0m [31mERROR[0m codec_extension ThreadId(12) [2mzenoh_codec::common::extension[0m[2m:[0m Unknown Test ext: ZExtUnknown { Id: 0, Mandatory: true, Encoding: "Unit" }
[2m2026-09-14T11:41:49.446454Z[0m [31mERROR[0m codec_extension ThreadId(12) [2mzenoh_codec::common::extension[0m[2m:[0m Unknown Test ext: ZExtUnknown { Id: 0, Mandatory: true, Encoding: "Unit" }
[2m2026-09-14T11:41:49.446457Z[0m [31mERROR[0m codec_extension ThreadId(12) [2mzenoh_codec::common::extension[0m[2m:[0m Unknown Test ext: ZExtUnknown { Id: 0, Mandatory: true, Encoding: "Unit" }
[2m2026-09-14T11:41:49.446460Z[0m [31mERROR[0m codec_extension ThreadId(12) [2mzenoh_codec::common::extension[0m[2m:[0m Unknown Test ext: ZExtUnknown { Id: 0, Mandatory: true, Encoding: "Unit" }
[2m2026-09-14T11:41:49.446462Z[0m [31mERROR[0m codec_extension ThreadId(12) [2mzenoh_codec::common::extension[0m[2m:[0m Unknown Test ext: ZExtUnknown { Id: 0, Mandatory: true, Encoding: "Unit" }
[2m2026-09-14T11:41:49.446465Z[0m [31mERROR[0m codec_extension ThreadId(12) [2mzenoh_codec::common::extension[0m[2m:[0m Unknown Test ext: ZExtUnknown { Id: 0, Mandatory: true, Encoding: "Unit" }
[2m2026-09-14T11:41:49.446468Z[0m [31mERROR[0m codec_extension ThreadId(12) [2mzenoh_codec::common::extension[0m[2m:[0m Unknown Test ext: ZExtUnknown { Id: 0, Mandatory: true, Encoding: "Unit" }
[2m2026-09-14T11:41:49.446471Z[0m [31mERROR[0m codec_extension ThreadId(12) [2mzenoh_codec::common::extension[0m[2m:[0m Unknown Test ext: ZExtUnknown { Id: 0, Mandatory: true, Encoding: "Unit" }
[2m2026-09-14T11:41:49.446474Z[0m [31mERROR[0m codec_extension ThreadId(12) [2mzenoh_codec::common::extension[0m[2m:[0m Unknown Test ext: ZExtUnknown { Id: 0, Mandatory: true, Encoding: "Unit" }
[2m2026-09-14T11:41:49.446476Z[0m [31mERROR[0m codec_extension ThreadId(12) [2mzenoh_codec::common::extension[0m[2m:[0m Unknown Test ext: ZExtUnknown { Id: 0, Mandatory: true, Encoding: "Unit" }
[2m2026-09-14T11:41:49.446479Z[0m [31mERROR[0m codec_extension ThreadId(12) [2mzenoh_codec::common::extension[0m[2m:[0m Unknown Test ext: ZExtUnknown { Id: 0, Mandatory: true, Encoding: "Unit" }
[2m2026-09-14T11:41:49.446482Z[0m [31mERROR[0m codec_extension ThreadId(12) [2mzenoh_codec::common::extension[0m[2m:[0m Unknown Test ext: ZExtUnknown { Id: 0, Mandatory: true, Encoding: "Unit" }
[2m2026-09-14T11:41:49.446485Z[0m [31mERROR[0m codec_extension ThreadId(12) [2mzenoh_codec::common::extension[0m[2m:[0m Unknown Test ext: ZExtUnknown { Id: 0, Mandatory: true, Encoding: "Unit" }
[2m2026-09-14T11:41:49.446487Z[0m [31mERROR[0m codec_extension ThreadId(12) [2mzenoh_codec::common::extension[0m[2m:[0m Unknown Test ext: ZExtUnknown { Id: 0, Mandatory: true, Encoding: "Unit" }
[2m2026-09-14T11:41:49.446490Z[0m [31mERROR[0m codec_extension ThreadId(12) [2mzenoh_codec::common::extension[0m[2m:[0m Unknown Test ext: ZExtUnknown { Id: 0, Mandatory: true, Encoding: "Unit" }
[2m2026-09-14T11:41:49.446493Z[0m [31mERROR[0m codec_extension ThreadId(12) [2mzenoh_codec::common::extension[0m[2m:[0m Unknown Test ext: ZExtUnknown { Id: 0, Mandatory: true, Encoding: "Unit" }
[2m2026-09-14T11:41:49.446496Z[0m [31mERROR[0m codec_extension ThreadId(12) [2mzenoh_codec::common::extension[0m[2m:[0m Unknown Test ext: ZExtUnknown { Id: 0, Mandatory: true, Encoding: "Unit" }
[2m2026-09-14T11:41:49.446499Z[0m [31mERROR[0m codec_extension ThreadId(12) [2mzenoh_codec::common::extension[0m[2m:[0m Unknown Test ext: ZExtUnknown { Id: 0, Mandatory: true, Encoding: "Unit" }
[2m2026-09-14T11:41:49.446501Z[0m [31mERROR[0m codec_extension ThreadId(12) [2mzenoh_codec::common::extension[0m[2m:[0m Unknown Test ext: ZExtUnknown { Id: 0, Mandatory: true, Encoding: "Unit" }
[2m2026-09-14T11:41:49.446504Z[0m [31mERROR[0m codec_extension ThreadId(12) [2mzenoh_codec::common::extension[0m[2m:[0m Unknown Test ext: ZExtUnknown { Id: 0, Mandatory: true, Encoding: "Unit" }
[2m2026-09-14T11:41:49.446507Z[0m [31mERROR[0m codec_extension ThreadId(12) [2mzenoh_codec::common::extension[0m[2m:[0m Unknown Test ext: ZExtUnknown { Id: 0, Mandatory: true, Encoding: "Unit" }
[2m2026-09-14T11:41:49.446510Z[0m [31mERROR[0m codec_extension ThreadId(12) [2mzenoh_codec::common::extension[0m[2m:[0m Unknown Test ext: ZExtUnknown { Id: 0, Mandatory: true, Encoding: "Unit" }
[2m2026-09-14T11:41:49.446517Z[0m [31mERROR[0m codec_extension ThreadId(12) [2mzenoh_codec::common::extension[0m[2m:[0m Unknown Test ext: ZExtUnknown { Id: 0, Mandatory: true, Encoding: "Unit" }
[2m2026-09-14T11:41:49.446521Z[0m [31mERROR[0m codec_extension ThreadId(12) [2mzenoh_codec::common::extension[0m[2m:[0m Unknown Test ext: ZExtUnknown { Id: 0, Mandatory: true, Encoding: "Unit" }
[2m2026-09-14T11:41:49.446524Z[0m [31mERROR[0m codec_extension ThreadId(12) [2mzenoh_codec::common::extension[0m[2m:[0m Unknown Test ext: ZExtUnknown { Id: 0, Mandatory: true, Encoding: "Unit" }
[2m2026-09-14T11:41:49.446526Z[0m [31mERROR[0m codec_extension ThreadId(12) [2mzenoh_codec::common::extension[0m[2m:[0m Unknown Test ext: ZExtUnknown { Id: 0, Mandatory: true, Encoding: "Unit" }
[2m2026-09-14T11:41:49.446544Z[0m [31mERROR[0m codec_extension ThreadId(12) [2mzenoh_codec::common::extension[0m[2m:[0m Unknown Test ext: ZExtUnknown { Id: 0, Mandatory: true, Encoding: "Unit" }
[2m2026-09-14T11:41:49.446547Z[0m [31mERROR[0m codec_extension ThreadId(12) [2mzenoh_codec::common::extension[0m[2m:[0m Unknown Test ext: ZExtUnknown { Id: 0, Mandatory: true, Encoding: "Unit" }
[2m2026-09-14T11:41:49.446550Z[0m [31mERROR[0m codec_extension ThreadId(12) [2mzenoh_codec::common::extension[0m[2m:[0m Unknown Test ext: ZExtUnknown { Id: 0, Mandatory: true, Encoding: "Unit" }
[2m2026-09-14T11:41:49.446553Z[0m [31mERROR[0m codec_extension ThreadId(12) [2mzenoh_codec::common::extension[0m[2m:[0m Unknown Test ext: ZExtUnknown { Id: 0, Mandatory: true, Encoding: "Unit" }
[2m2026-09-14T11:41:49.446555Z[0m [31mERROR[0m codec_extension ThreadId(12) [2mzenoh_codec::common::extension[0m[2m:[0m Unknown Test ext: ZExtUnknown { Id: 0, Mandatory: true, Encoding: "Unit" }
[2m2026-09-14T11:41:49.446558Z[0m [31mERROR[0m codec_extension ThreadId(12) [2mzenoh_codec::common::extension[0m[2m:[0m Unknown Test ext: ZExtUnknown { Id: 0, Mandatory: true, Encoding: "Unit" }
[2m2026-09-14T11:41:49.446561Z[0m [31mERROR[0m codec_extension ThreadId(12) [2mzenoh_codec::common::extension[0m[2m:[0m Unknown Test ext: ZExtUnknown { Id: 0, Mandatory: true, Encoding: "Unit" }
[2m2026-09-14T11:41:49.446564Z[0m [31mERROR[0m codec_extension ThreadId(12) [2mzenoh_codec::common::extension[0m[2m:[0m Unknown Test ext: ZExtUnknown { Id: 0, Mandatory: true, Encoding: "Unit" }
[2m2026-09-14T11:41:49.446566Z[0m [31mERROR[0m codec_extension ThreadId(12) [2mzenoh_codec::common::extension[0m[2m:[0m Unknown Test ext: ZExtUnknown { Id: 0, Mandatory: true, Encoding: "Unit" }
[2m2026-09-14T11:41:49.446569Z[0m [31mERROR[0m codec_extension ThreadId(12) [2mzenoh_codec::common::extension[0m[2m:[0m Unknown Test ext: ZExtUnknown { Id: 0, Mandatory: true, Encoding: "Unit" }
[2m2026-09-14T11:41:49.446572Z[0m [31mERROR[0m codec_extension ThreadId(12) [2mzenoh_codec::common::extension[0m[2m:[0m Unknown Test ext: ZExtUnknown { Id: 0, Mandatory: true, Encoding: "Unit" }
[2m2026-09-14T11:41:49.446575Z[0m [31mERROR[0m codec_extension ThreadId(12) [2mzenoh_codec::common::extension[0m[2m:[0m Unknown Test ext: ZExtUnknown { Id: 0, Mandatory: true, Encoding: "Unit" }
[2m2026-09-14T11:41:49.446578Z[0m [31mERROR[0m codec_extension ThreadId(12) [2mzenoh_codec::common::extension[0m[2m:[0m Unknown Test ext: ZExtUnknown { Id: 0, Mandatory: true, Encoding: "Unit" }
[2m2026-09-14T11:41:49.446581Z[0m [31mERROR[0m codec_extension ThreadId(12) [2mzenoh_codec::common::extension[0m[2m:[0m Unknown Test ext: ZExtUnknown { Id: 0, Mandatory: true, Encoding: "Unit" }
[2m2026-09-14T11:41:49.446583Z[0m [31mERROR[0m codec_extension ThreadId(12) [2mzenoh_codec::common::extension[0m[2m:[0m Unknown Test ext: ZExtUnknown { Id: 0, Mandatory: true, Encoding: "Unit" }
[2m2026-09-14T11:41:49.446586Z[0m [31mERROR[0m codec_extension ThreadId(12) [2mzenoh_codec::common::extension[0m[2m:[0m Unknown Test ext: ZExtUnknown { Id: 0, Mandatory: true, Encoding: "Unit" }
[2m2026-09-14T11:41:49.446591Z[0m [31mERROR[0m codec_extension ThreadId(12) [2mzenoh_codec::common::extension[0m[2m:[0m Unknown Test ext: ZExtUnknown { Id: 0, Mandatory: true, Encoding: "Unit" }
[2m2026-09-14T11:41:49.446594Z[0m [31mERROR[0m codec_extension ThreadId(12) [2mzenoh_codec::common::extension[0m[2m:[0m Unknown Test ext: ZExtUnknown { Id: 0, Mandatory: true, Encoding: "Unit" }
[2m2026-09-14T11:41:49.446597Z[0m [31mERROR[0m codec_extension ThreadId(12) [2mzenoh_codec::common::extension[0m[2m:[0m Unknown Test ext: ZExtUnknown { Id: 0, Mandatory: true, Encoding: "Unit" }
[2m2026-09-14T11:41:49.446600Z[0m [31mERROR[0m codec_extension ThreadId(12) [2mzenoh_codec::common::extension[0m[2m:[0m Unknown Test ext: ZExtUnknown { Id: 0, Mandatory: true, Encoding: "Unit" }
[2m2026-09-14T11:41:49.446603Z[0m [31mERROR[0m codec_extension ThreadId(12) [2mzenoh_codec::common::extension[0m[2m:[0m Unknown Test ext: ZExtUnknown { Id: 0, Mandatory: true, Encoding: "Unit" }
[2m2026-09-14T11:41:49.446606Z[0m [31mERROR[0m codec_extension ThreadId(12) [2mzenoh_codec::common::extension[0m[2m:[0m Unknown Test ext: ZExtUnknown { Id: 0, Mandatory: true, Encoding: "Unit" }
[2m2026-09-14T11:41:49.446608Z[0m [31mERROR[0m codec_extension ThreadId(12) [2mzenoh_codec::common::extension[0m[2m:[0m Unknown Test ext: ZExtUnknown { Id: 0, Mandatory: true, Encoding: "Unit" }
[2m2026-09-14T11:41:49.446611Z[0m [31mERROR[0m codec_extension ThreadId(12) [2mzenoh_codec::common::extension[0m[2m:[0m Unknown Test ext: ZExtUnknown { Id: 0, Mandatory: true, Encoding: "Unit" }
[2m2026-09-14T11:41:49.446614Z[0m [31mERROR[0m codec_extension ThreadId(12) [2mzenoh_codec::common::extension[0m[2m:[0m Unknown Test ext: ZExtUnknown { Id: 0, Mandatory: true, Encoding: "Unit" }
[2m2026-09-14T11:41:49.446617Z[0m [31mERROR[0m codec_extension ThreadId(12) [2mzenoh_codec::common::extension[0m[2m:[0m Unknown Test ext: ZExtUnknown { Id: 0, Mandatory: true, Encoding: "Unit" }
[2m2026-09-14T11:41:49.446619Z[0m [31mERROR[0m codec_extension ThreadId(12) [2mzenoh_codec::common::extension[0m[2m:[0m Unknown Test ext: ZExtUnknown { Id: 0, Mandatory: true, Encoding: "Unit" }
[2m2026-09-14T11:41:49.446622Z[0m [31mERROR[0m codec_extension ThreadId(12) [2mzenoh_codec::common::extension[0m[2m:[0m Unknown Test ext: ZExtUnknown { Id: 0, Mandatory: true, Encoding: "Unit" }
[2m2026-09-14T11:41:49.446625Z[0m [31mERROR[0m codec_extension ThreadId(12) [2mzenoh_codec::common::extension[0m[2m:[0m Unknown Test ext: ZExtUnknown { Id: 0, Mandatory: true, Encoding: "Unit" }
[2m2026-09-14T11:41:49.446628Z[0m [31mERROR[0m codec_extension ThreadId(12) [2mzenoh_codec::common::extension[0m[2m:[0m Unknown Test ext: ZExtUnknown { Id: 0, Mandatory: true, Encoding: "Unit" }
[2m2026-09-14T11:41:49.446631Z[0m [31mERROR[0m codec_extension ThreadId(12) [2mzenoh_codec::common::extension[0m[2m:[0m Unknown Test ext: ZExtUnknown { Id: 0, Mandatory: true, Encoding: "Unit" }
[2m2026-09-14T11:41:49.446633Z[0m [31mERROR[0m codec_extension ThreadId(12) [2mzenoh_codec::common::extension[0m[2m:[0m Unknown Test ext: ZExtUnknown { Id: 0, Mandatory: true, Encoding: "Unit" }
[2m2026-09-14T11:41:49.446636Z[0m [31mERROR[0m codec_extension ThreadId(12) [2mzenoh_codec::common::extension[0m[2m:[0m Unknown Test ext: ZExtUnknown { Id: 0, Mandatory: true, Encoding: "Unit" }
[2m2026-09-14T11:41:49.446639Z[0m [31mERROR[0m codec_extension ThreadId(12) [2mzenoh_codec::common::extension[0m[2m:[0m Unknown Test ext: ZExtUnknown { Id: 0, Mandatory: true, Encoding: "Unit" }
[2m2026-09-14T11:41:49.446642Z[0m [31mERROR[0m codec_extension ThreadId(12) [2mzenoh_codec::common::extension[0m[2m:[0m Unknown Test ext: ZExtUnknown { Id: 0, Mandatory: true, Encoding: "Unit" }
[2m2026-09-14T11:41:49.446645Z[0m [31mERROR[0m codec_extension ThreadId(12) [2mzenoh_codec::common::extension[0m[2m:[0m Unknown Test ext: ZExtUnknown { Id: 0, Mandatory: true, Encoding: "Unit" }
[2m2026-09-14T11:41:49.446648Z[0m [31mERROR[0m codec_extension ThreadId(12) [2mzenoh_codec::common::extension[0m[2m:[0m Unknown Test ext: ZExtUnknown { Id: 0, Mandatory: true, Encoding: "Unit" }
[2m2026-09-14T11:41:49.446651Z[0m [31mERROR[0m codec_extension ThreadId(12) [2mzenoh_codec::common::extension[0m[2m:[0m Unknown Test ext: ZExtUnknown { Id: 0, Mandatory: true, Encoding: "Unit" }
[2m2026-09-14T11:41:49.446654Z[0m [31mERROR[0m codec_extension ThreadId(12) [2mzenoh_codec::common::extension[0m[2m:[0m Unknown Test ext: ZExtUnknown { Id: 0, Mandatory: true, Encoding: "Unit" }
[2m2026-09-14T11:41:49.446657Z[0m [31mERROR[0m codec_extension ThreadId(12) [2mzenoh_codec::common::extension[0m[2m:[0m Unknown Test ext: ZExtUnknown { Id: 0, Mandatory: true, Encoding: "Unit" }
[2m2026-09-14T11:41:49.446660Z[0m [31mERROR[0m codec_extension ThreadId(12) [2mzenoh_codec::common::extension[0m[2m:[0m Unknown Test ext: ZExtUnknown { Id: 0, Mandatory: true, Encoding: "Unit" }
[2m2026-09-14T11:41:49.446662Z[0m [31mERROR[0m codec_extension ThreadId(12) [2mzenoh_codec::common::extension[0m[2m:[0m Unknown Test ext: ZExtUnknown { Id: 0, Mandatory: true, Encoding: "Unit" }
[2m2026-09-14T11:41:49.446665Z[0m [31mERROR[0m codec_extension ThreadId(12) [2mzenoh_codec::common::extension[0m[2m:[0m Unknown Test ext: ZExtUnknown { Id: 0, Mandatory: true, Encoding: "Unit" }
[2m2026-09-14T11:41:49.446668Z[0m [31mERROR[0m codec_extension ThreadId(12) [2mzenoh_codec::common::extension[0m[2m:[0m Unknown Test ext: ZExtUnknown { Id: 0, Mandatory: true, Encoding: "Unit" }
[2m2026-09-14T11:41:49.446804Z[0m [31mERROR[0m codec_extension ThreadId(12) [2mzenoh_codec::common::extension[0m[2m:[0m Unknown Test ext: ZExtUnknown { Id: 1, Mandatory: true, Encoding: "Z64", Value: 11562376676255629553 }
[2m2026-09-14T11:41:49.446809Z[0m [31mERROR[0m codec_extension ThreadId(12) [2mzenoh_codec::common::extension[0m[2m:[0m Unknown Test ext: ZExtUnknown { Id: 1, Mandatory: true, Encoding: "Z64", Value: 4578847188016685932 }
[2m2026-09-14T11:41:49.446813Z[0m [31mERROR[0m codec_extension ThreadId(12) [2mzenoh_codec::common::extension[0m[2m:[0m Unknown Test ext: ZExtUnknown { Id: 1, Mandatory: true, Encoding: "Z64", Value: 10855434239261386818 }
[2m2026-09-14T11:41:49.446816Z[0m [31mERROR[0m codec_extension ThreadId(12) [2mzenoh_codec::common::extension[0m[2m:[0m Unknown Test ext: ZExtUnknown { Id: 1, Mandatory: true, Encoding: "Z64", Value: 15769933088000965668 }
[2m2026-09-14T11:41:49.446820Z[0m [31mERROR[0m codec_extension ThreadId(12) [2mzenoh_codec::common::extension[0m[2m:[0m Unknown Test ext: ZExtUnknown { Id: 1, Mandatory: true, Encoding: "Z64", Value: 13847911666415267328 }
[2m2026-09-14T11:41:49.446823Z[0m [31mERROR[0m codec_extension ThreadId(12) [2mzenoh_codec::common::extension[0m[2m:[0m Unknown Test ext: ZExtUnknown { Id: 1, Mandatory: true, Encoding: "Z64", Value: 12294455660263753996 }
[2m2026-09-14T11:41:49.446827Z[0m [31mERROR[0m codec_extension ThreadId(12) [2mzenoh_codec::common::extension[0m[2m:[0m Unknown Test ext: ZExtUnknown { Id: 1, Mandatory: true, Encoding: "Z64", Value: 3769073387555599155 }
[2m2026-09-14T11:41:49.446830Z[0m [31mERROR[0m codec_extension ThreadId(12) [2mzenoh_codec::common::extension[0m[2m:[0m Unknown Test ext: ZExtUnknown { Id: 1, Mandatory: true, Encoding: "Z64", Value: 16429795811772345742 }
[2m2026-09-14T11:41:49.446834Z[0m [31mERROR[0m codec_extension ThreadId(12) [2mzenoh_codec::common::extension[0m[2m:[0m Unknown Test ext: ZExtUnknown { Id: 1, Mandatory: true, Encoding: "Z64", Value: 7097861056084551418 }
[2m2026-09-14T11:41:49.446838Z[0m [31mERROR[0m codec_extension ThreadId(12) [2mzenoh_codec::common::extension[0m[2m:[0m Unknown Test ext: ZExtUnknown { Id: 1, Mandatory: true, Encoding: "Z64", Value: 14099613061385803979 }
[2m2026-09-14T11:41:49.446841Z[0m [31mERROR[0m codec_extension ThreadId(12) [2mzenoh_codec::common::extension[0m[2m:[0m Unknown Test ext: ZExtUnknown { Id: 1, Mandatory: true, Encoding: "Z64", Value: 9660436174949403060 }
[2m2026-09-14T11:41:49.446851Z[0m [31mERROR[0m codec_extension ThreadId(12) [2mzenoh_codec::common::extension[0m[2m:[0m Unknown Test ext: ZExtUnknown { Id: 1, Mandatory: true, Encoding: "Z64", Value: 15535240384281046410 }
[2m2026-09-14T11:41:49.446855Z[0m [31mERROR[0m codec_extension ThreadId(12) [2mzenoh_codec::common::extension[0m[2m:[0m Unknown Test ext: ZExtUnknown { Id: 1, Mandatory: true, Encoding: "Z64", Value: 15493581584067781838 }
[2m2026-09-14T11:41:49.446873Z[0m [31mERROR[0m codec_extension ThreadId(12) [2mzenoh_codec::common::extension[0m[2m:[0m Unknown Test ext: ZExtUnknown { Id: 1, Mandatory: true, Encoding: "Z64", Value: 7285698148934402850 }
[2m2026-09-14T11:41:49.446882Z[0m [31mERROR[0m codec_extension ThreadId(12) [2mzenoh_codec::common::extension[0m[2m:[0m Unknown Test ext: ZExtUnknown { Id: 1, Mandatory: true, Encoding: "Z64", Value: 8541622867389371153 }
[2m2026-09-14T11:41:49.446887Z[0m [31mERROR[0m codec_extension ThreadId(12) [2mzenoh_codec::common::extension[0m[2m:[0m Unknown Test ext: ZExtUnknown { Id: 1, Mandatory: true, Encoding: "Z64", Value: 11121305255943639712 }
[2m2026-09-14T11:41:49.446890Z[0m [31mERROR[0m codec_extension ThreadId(12) [2mzenoh_codec::common::extension[0m[2m:[0m Unknown Test ext: ZExtUnknown { Id: 1, Mandatory: true, Encoding: "Z64", Value: 4943826853174163035 }
[2m2026-09-14T11:41:49.446894Z[0m [31mERROR[0m codec_extension ThreadId(12) [2mzenoh_codec::common::extension[0m[2m:[0m Unknown Test ext: ZExtUnknown { Id: 1, Mandatory: true, Encoding: "Z64", Value: 8639730896591520040 }
[2m2026-09-14T11:41:49.446898Z[0m [31mERROR[0m codec_extension ThreadId(12) [2mzenoh_codec::common::extension[0m[2m:[0m Unknown Test ext: ZExtUnknown { Id: 1, Mandatory: true, Encoding: "Z64", Value: 7834141625600496267 }
[2m2026-09-14T11:41:49.446901Z[0m [31mERROR[0m codec_extension ThreadId(12) [2mzenoh_codec::common::extension[0m[2m:[0m Unknown Test ext: ZExtUnknown { Id: 1, Mandatory: true, Encoding: "Z64", Value: 11555799168757211043 }
[2m2026-09-14T11:41:49.446905Z[0m [31mERROR[0m codec_extension ThreadId(12) [2mzenoh_codec::common::extension[0m[2m:[0m Unknown Test ext: ZExtUnknown { Id: 1, Mandatory: true, Encoding: "Z64", Value: 9281767700342459704 }
[2m2026-09-14T11:41:49.446908Z[0m [31mERROR[0m codec_extension ThreadId(12) [2mzenoh_codec::common::extension[0m[2m:[0m Unknown Test ext: ZExtUnknown { Id: 1, Mandatory: true, Encoding: "Z64", Value: 12750757091670803953 }
[2m2026-09-14T11:41:49.446912Z[0m [31mERROR[0m codec_extension ThreadId(12) [2mzenoh_codec::common::extension[0m[2m:[0m Unknown Test ext: ZExtUnknown { Id: 1, Mandatory: true, Encoding: "Z64", Value: 2309851389670507342 }
[2m2026-09-14T11:41:49.446916Z[0m [31mERROR[0m codec_extension ThreadId(12) [2mzenoh_codec::common::extension[0m[2m:[0m Unknown Test ext: ZExtUnknown { Id: 1, Mandatory: true, Encoding: "Z64", Value: 2188658367044531861 }
[2m2026-09-14T11:41:49.446919Z[0m [31mERROR[0m codec_extension ThreadId(12) [2mzenoh_codec::common::extension[0m[2m:[0m Unknown Test ext: ZExtUnknown { Id: 1, Mandatory: true, Encoding: "Z64", Value: 6484905004887072144 }
[2m2026-09-14T11:41:49.446923Z[0m [31mERROR[0m codec_extension ThreadId(12) [2mzenoh_codec::common::extension[0m[2m:[0m Unknown Test ext: ZExtUnknown { Id: 1, Mandatory: true, Encoding: "Z64", Value: 9214467187203628487 }
[2m2026-09-14T11:41:49.446926Z[0m [31mERROR[0m codec_extension ThreadId(12) [2mzenoh_codec::common::extension[0m[2m:[0m Unknown Test ext: ZExtUnknown { Id: 1, Mandatory: true, Encoding: "Z64", Value: 16561622229037772686 }
[2m2026-09-14T11:41:49.446930Z[0m [31mERROR[0m codec_extension ThreadId(12) [2mzenoh_codec::common::extension[0m[2m:[0m Unknown Test ext: ZExtUnknown { Id: 1, Mandatory: true, Encoding: "Z64", Value: 3530749852285819464 }
[2m2026-09-14T11:41:49.446934Z[0m [31mERROR[0m codec_extension ThreadId(12) [2mzenoh_codec::common::extension[0m[2m:[0m Unknown Test ext: ZExtUnknown { Id: 1, Mandatory: true, Encoding: "Z64", Value: 1835487584995294070 }
[2m2026-09-14T11:41:49.446938Z[0m [31mERROR[0m codec_extension ThreadId(12) [2mzenoh_codec::common::extension[0m[2m:[0m Unknown Test ext: ZExtUnknown { Id: 1, Mandatory: true, Encoding: "Z64", Value: 18014465165186979460 }
[2m2026-09-14T11:41:49.446942Z[0m [31mERROR[0m codec_extension ThreadId(12) [2mzenoh_codec::common::extension[0m[2m:[0m Unknown Test ext: ZExtUnknown { Id: 1, Mandatory: true, Encoding: "Z64", Value: 6255371757572881785 }
[2m2026-09-14T11:41:49.446945Z[0m [31mERROR[0m codec_extension ThreadId(12) [2mzenoh_codec::common::extension[0m[2m:[0m Unknown Test ext: ZExtUnknown { Id: 1, Mandatory: true, Encoding: "Z64", Value: 14934586720816015506 }
[2m2026-09-14T11:41:49.446949Z[0m [31mERROR[0m codec_extension ThreadId(12) [2mzenoh_codec::common::extension[0m[2m:[0m Unknown Test ext: ZExtUnknown { Id: 1, Mandatory: true, Encoding: "Z64", Value: 6800437897237319343 }
[2m2026-09-14T11:41:49.446953Z[0m [31mERROR[0m codec_extension ThreadId(12) [2mzenoh_codec::common::extension[0m[2m:[0m Unknown Test ext: ZExtUnknown { Id: 1, Mandatory: true, Encoding: "Z64", Value: 5393533677141926580 }
[2m2026-09-14T11:41:49.446971Z[0m [31mERROR[0m codec_extension ThreadId(12) [2mzenoh_codec::common::extension[0m[2m:[0m Unknown Test ext: ZExtUnknown { Id: 1, Mandatory: true, Encoding: "Z64", Value: 17547399930048275337 }
[2m2026-09-14T11:41:49.446975Z[0m [31mERROR[0m codec_extension ThreadId(12) [2mzenoh_codec::common::extension[0m[2m:[0m Unknown Test ext: ZExtUnknown { Id: 1, Mandatory: true, Encoding: "Z64", Value: 13262990159282996792 }
[2m2026-09-14T11:41:49.446978Z[0m [31mERROR[0m codec_extension ThreadId(12) [2mzenoh_codec::common::extension[0m[2m:[0m Unknown Test ext: ZExtUnknown { Id: 1, Mandatory: true, Encoding: "Z64", Value: 14860179858781362534 }
[2m2026-09-14T11:41:49.446982Z[0m [31mERROR[0m codec_extension ThreadId(12) [2mzenoh_codec::common::extension[0m[2m:[0m Unknown Test ext: ZExtUnknown { Id: 1, Mandatory: true, Encoding: "Z64", Value: 335354082293555074 }
[2m2026-09-14T11:41:49.446986Z[0m [31mERROR[0m codec_extension ThreadId(12) [2mzenoh_codec::common::extension[0m[2m:[0m Unknown Test ext: ZExtUnknown { Id: 1, Mandatory: true, Encoding: "Z64", Value: 4264659651146284803 }
[2m2026-09-14T11:41:49.446989Z[0m [31mERROR[0m codec_extension ThreadId(12) [2mzenoh_codec::common::extension[0m[2m:[0m Unknown Test ext: ZExtUnknown { Id: 1, Mandatory: true, Encoding: "Z64", Value: 11360844577427313976 }
[2m2026-09-14T11:41:49.446993Z[0m [31mERROR[0m codec_extension ThreadId(12) [2mzenoh_codec::common::extension[0m[2m:[0m Unknown Test ext: ZExtUnknown { Id: 1, Mandatory: true, Encoding: "Z64", Value: 3085911303701827339 }
[2m2026-09-14T11:41:49.446996Z[0m [31mERROR[0m codec_extension ThreadId(12) [2mzenoh_codec::common::extension[0m[2m:[0m Unknown Test ext: ZExtUnknown { Id: 1, Mandatory: true, Encoding: "Z64", Value: 8990303124427516850 }
[2m2026-09-14T11:41:49.447000Z[0m [31mERROR[0m codec_extension ThreadId(12) [2mzenoh_codec::common::extension[0m[2m:[0m Unknown Test ext: ZExtUnknown { Id: 1, Mandatory: true, Encoding: "Z64", Value: 10679236909681794004 }
[2m2026-09-14T11:41:49.447004Z[0m [31mERROR[0m codec_extension ThreadId(12) [2mzenoh_codec::common::extension[0m[2m:[0m Unknown Test ext: ZExtUnknown { Id: 1, Mandatory: true, Encoding: "Z64", Value: 15893734913004101345 }
[2m2026-09-14T11:41:49.447007Z[0m [31mERROR[0m codec_extension ThreadId(12) [2mzenoh_codec::common::extension[0m[2m:[0m Unknown Test ext: ZExtUnknown { Id: 1, Mandatory: true, Encoding: "Z64", Value: 18267719371686232133 }
[2m2026-09-14T11:41:49.447011Z[0m [31mERROR[0m codec_extension ThreadId(12) [2mzenoh_codec::common::extension[0m[2m:[0m Unknown Test ext: ZExtUnknown { Id: 1, Mandatory: true, Encoding: "Z64", Value: 17041389294564599988 }
[2m2026-09-14T11:41:49.447016Z[0m [31mERROR[0m codec_extension ThreadId(12) [2mzenoh_codec::common::extension[0m[2m:[0m Unknown Test ext: ZExtUnknown { Id: 1, Mandatory: true, Encoding: "Z64", Value: 15460068074680122008 }
[2m2026-09-14T11:41:49.447019Z[0m [31mERROR[0m codec_extension ThreadId(12) [2mzenoh_codec::common::extension[0m[2m:[0m Unknown Test ext: ZExtUnknown { Id: 1, Mandatory: true, Encoding: "Z64", Value: 13794494379526895602 }
[2m2026-09-14T11:41:49.447023Z[0m [31mERROR[0m codec_extension ThreadId(12) [2mzenoh_codec::common::extension[0m[2m:[0m Unknown Test ext: ZExtUnknown { Id: 1, Mandatory: true, Encoding: "Z64", Value: 10272019964747906574 }
[2m2026-09-14T11:41:49.447027Z[0m [31mERROR[0m codec_extension ThreadId(12) [2mzenoh_codec::common::extension[0m[2m:[0m Unknown Test ext: ZExtUnknown { Id: 1, Mandatory: true, Encoding: "Z64", Value: 4321405440572864701 }
[2m2026-09-14T11:41:49.447030Z[0m [31mERROR[0m codec_extension ThreadId(12) [2mzenoh_codec::common::extension[0m[2m:[0m Unknown Test ext: ZExtUnknown { Id: 1, Mandatory: true, Encoding: "Z64", Value: 3398834350955377527 }
[2m2026-09-14T11:41:49.447034Z[0m [31mERROR[0m codec_extension ThreadId(12) [2mzenoh_codec::common::extension[0m[2m:[0m Unknown Test ext: ZExtUnknown { Id: 1, Mandatory: true, Encoding: "Z64", Value: 11118823414953741143 }
[2m2026-09-14T11:41:49.447037Z[0m [31mERROR[0m codec_extension ThreadId(12) [2mzenoh_codec::common::extension[0m[2m:[0m Unknown Test ext: ZExtUnknown { Id: 1, Mandatory: true, Encoding: "Z64", Value: 8785017432366443011 }
[2m2026-09-14T11:41:49.447041Z[0m [31mERROR[0m codec_extension ThreadId(12) [2mzenoh_codec::common::extension[0m[2m:[0m Unknown Test ext: ZExtUnknown { Id: 1, Mandatory: true, Encoding: "Z64", Value: 15657130252143233554 }
[2m2026-09-14T11:41:49.447044Z[0m [31mERROR[0m codec_extension ThreadId(12) [2mzenoh_codec::common::extension[0m[2m:[0m Unknown Test ext: ZExtUnknown { Id: 1, Mandatory: true, Encoding: "Z64", Value: 5517849473678699141 }
[2m2026-09-14T11:41:49.447048Z[0m [31mERROR[0m codec_extension ThreadId(12) [2mzenoh_codec::common::extension[0m[2m:[0m Unknown Test ext: ZExtUnknown { Id: 1, Mandatory: true, Encoding: "Z64", Value: 14329791623830791986 }
[2m2026-09-14T11:41:49.447066Z[0m [31mERROR[0m codec_extension ThreadId(12) [2mzenoh_codec::common::extension[0m[2m:[0m Unknown Test ext: ZExtUnknown { Id: 1, Mandatory: true, Encoding: "Z64", Value: 13833991980483343305 }
[2m2026-09-14T11:41:49.447070Z[0m [31mERROR[0m codec_extension ThreadId(12) [2mzenoh_codec::common::extension[0m[2m:[0m Unknown Test ext: ZExtUnknown { Id: 1, Mandatory: true, Encoding: "Z64", Value: 17859870766412624623 }
[2m2026-09-14T11:41:49.447073Z[0m [31mERROR[0m codec_extension ThreadId(12) [2mzenoh_codec::common::extension[0m[2m:[0m Unknown Test ext: ZExtUnknown { Id: 1, Mandatory: true, Encoding: "Z64", Value: 15612084201451314108 }
[2m2026-09-14T11:41:49.447077Z[0m [31mERROR[0m codec_extension ThreadId(12) [2mzenoh_codec::common::extension[0m[2m:[0m Unknown Test ext: ZExtUnknown { Id: 1, Mandatory: true, Encoding: "Z64", Value: 6346808649014958974 }
[2m2026-09-14T11:41:49.447080Z[0m [31mERROR[0m codec_extension ThreadId(12) [2mzenoh_codec::common::extension[0m[2m:[0m Unknown Test ext: ZExtUnknown { Id: 1, Mandatory: true, Encoding: "Z64", Value: 4193892050862946232 }
[2m2026-09-14T11:41:49.447084Z[0m [31mERROR[0m codec_extension ThreadId(12) [2mzenoh_codec::common::extension[0m[2m:[0m Unknown Test ext: ZExtUnknown { Id: 1, Mandatory: true, Encoding: "Z64", Value: 13086232947547557692 }
[2m2026-09-14T11:41:49.447088Z[0m [31mERROR[0m codec_extension ThreadId(12) [2mzenoh_codec::common::extension[0m[2m:[0m Unknown Test ext: ZExtUnknown { Id: 1, Mandatory: true, Encoding: "Z64", Value: 5214744023969139328 }
[2m2026-09-14T11:41:49.447091Z[0m [31mERROR[0m codec_extension ThreadId(12) [2mzenoh_codec::common::extension[0m[2m:[0m Unknown Test ext: ZExtUnknown { Id: 1, Mandatory: true, Encoding: "Z64", Value: 15534037023846258104 }
[2m2026-09-14T11:41:49.447096Z[0m [31mERROR[0m codec_extension ThreadId(12) [2mzenoh_codec::common::extension[0m[2m:[0m Unknown Test ext: ZExtUnknown { Id: 1, Mandatory: true, Encoding: "Z64", Value: 4340731650385155049 }
[2m2026-09-14T11:41:49.447099Z[0m [31mERROR[0m codec_extension ThreadId(12) [2mzenoh_codec::common::extension[0m[2m:[0m Unknown Test ext: ZExtUnknown { Id: 1, Mandatory: true, Encoding: "Z64", Value: 7265173737872438463 }
[2m2026-09-14T11:41:49.447103Z[0m [31mERROR[0m codec_extension ThreadId(12) [2mzenoh_codec::common::extension[0m[2m:[0m Unknown Test ext: ZExtUnknown { Id: 1, Mandatory: true, Encoding: "Z64", Value: 17131611464197880233 }
[2m2026-09-14T11:41:49.447106Z[0m [31mERROR[0m codec_extension ThreadId(12) [2mzenoh_codec::common::extension[0m[2m:[0m Unknown Test ext: ZExtUnknown { Id: 1, Mandatory: true, Encoding: "Z64", Value: 8748823920353027387 }
[2m2026-09-14T11:41:49.447110Z[0m [31mERROR[0m codec_extension ThreadId(12) [2mzenoh_codec::common::extension[0m[2m:[0m Unknown Test ext: ZExtUnknown { Id: 1, Mandatory: true, Encoding: "Z64", Value: 6385452965972899297 }
[2m2026-09-14T11:41:49.447113Z[0m [31mERROR[0m codec_extension ThreadId(12) [2mzenoh_codec::common::extension[0m[2m:[0m Unknown Test ext: ZExtUnknown { Id: 1, Mandatory: true, Encoding: "Z64", Value: 15737591744342898665 }
[2m2026-09-14T11:41:49.447117Z[0m [31mERROR[0m codec_extension ThreadId(12) [2mzenoh_codec::common::extension[0m[2m:[0m Unknown Test ext: ZExtUnknown { Id: 1, Mandatory: true, Encoding: "Z64", Value: 11676272064505711136 }
[2m2026-09-14T11:41:49.447120Z[0m [31mERROR[0m codec_extension ThreadId(12) [2mzenoh_codec::common::extension[0m[2m:[0m Unknown Test ext: ZExtUnknown { Id: 1, Mandatory: true, Encoding: "Z64", Value: 6667786898913928941 }
[2m2026-09-14T11:41:49.447124Z[0m [31mERROR[0m codec_extension ThreadId(12) [2mzenoh_codec::common::extension[0m[2m:[0m Unknown Test ext: ZExtUnknown { Id: 1, Mandatory: true, Encoding: "Z64", Value: 17124036005644832407 }
[2m2026-09-14T11:41:49.447127Z[0m [31mERROR[0m codec_extension ThreadId(12) [2mzenoh_codec::common::extension[0m[2m:[0m Unknown Test ext: ZExtUnknown { Id: 1, Mandatory: true, Encoding: "Z64", Value: 12764633011178294694 }
[2m2026-09-14T11:41:49.447131Z[0m [31mERROR[0m codec_extension ThreadId(12) [2mzenoh_codec::common::extension[0m[2m:[0m Unknown Test ext: ZExtUnknown { Id: 1, Mandatory: true, Encoding: "Z64", Value: 6065193248595208167 }
[2m2026-09-14T11:41:49.447135Z[0m [31mERROR[0m codec_extension ThreadId(12) [2mzenoh_codec::common::extension[0m[2m:[0m Unknown Test ext: ZExtUnknown { Id: 1, Mandatory: true, Encoding: "Z64", Value: 10580032029872100665 }
[2m2026-09-14T11:41:49.447138Z[0m [31mERROR[0m codec_extension ThreadId(12) [2mzenoh_codec::common::extension[0m[2m:[0m Unknown Test ext: ZExtUnknown { Id: 1, Mandatory: true, Encoding: "Z64", Value: 1273766328200849449 }
[2m2026-09-14T11:41:49.447156Z[0m [31mERROR[0m codec_extension ThreadId(12) [2mzenoh_codec::common::extension[0m[2m:[0m Unknown Test ext: ZExtUnknown { Id: 1, Mandatory: true, Encoding: "Z64", Value: 4089383001702514297 }
[2m2026-09-14T11:41:49.447160Z[0m [31mERROR[0m codec_extension ThreadId(12) [2mzenoh_codec::common::extension[0m[2m:[0m Unknown Test ext: ZExtUnknown { Id: 1, Mandatory: true, Encoding: "Z64", Value: 15399472540232664960 }
[2m2026-09-14T11:41:49.447164Z[0m [31mERROR[0m codec_extension ThreadId(12) [2mzenoh_codec::common::extension[0m[2m:[0m Unknown Test ext: ZExtUnknown { Id: 1, Mandatory: true, Encoding: "Z64", Value: 10796149151705347645 }
[2m2026-09-14T11:41:49.447167Z[0m [31mERROR[0m codec_extension ThreadId(12) [2mzenoh_codec::common::extension[0m[2m:[0m Unknown Test ext: ZExtUnknown { Id: 1, Mandatory: true, Encoding: "Z64", Value: 7943642495170929956 }
[2m2026-09-14T11:41:49.447171Z[0m [31mERROR[0m codec_extension ThreadId(12) [2mzenoh_codec::common::extension[0m[2m:[0m Unknown Test ext: ZExtUnknown { Id: 1, Mandatory: true, Encoding: "Z64", Value: 13850353267108696517 }
[2m2026-09-14T11:41:49.447176Z[0m [31mERROR[0m codec_extension ThreadId(12) [2mzenoh_codec::common::extension[0m[2m:[0m Unknown Test ext: ZExtUnknown { Id: 1, Mandatory: true, Encoding: "Z64", Value: 5025643370023609632 }
[2m2026-09-14T11:41:49.447180Z[0m [31mERROR[0m codec_extension ThreadId(12) [2mzenoh_codec::common::extension[0m[2m:[0m Unknown Test ext: ZExtUnknown { Id: 1, Mandatory: true, Encoding: "Z64", Value: 4249555984950731248 }
[2m2026-09-14T11:41:49.447183Z[0m [31mERROR[0m codec_extension ThreadId(12) [2mzenoh_codec::common::extension[0m[2m:[0m Unknown Test ext: ZExtUnknown { Id: 1, Mandatory: true, Encoding: "Z64", Value: 17653191432986694609 }
[2m2026-09-14T11:41:49.447187Z[0m [31mERROR[0m codec_extension ThreadId(12) [2mzenoh_codec::common::extension[0m[2m:[0m Unknown Test ext: ZExtUnknown { Id: 1, Mandatory: true, Encoding: "Z64", Value: 1654888757508896070 }
[2m2026-09-14T11:41:49.447190Z[0m [31mERROR[0m codec_extension ThreadId(12) [2mzenoh_codec::common::extension[0m[2m:[0m Unknown Test ext: ZExtUnknown { Id: 1, Mandatory: true, Encoding: "Z64", Value: 3864925975846903566 }
[2m2026-09-14T11:41:49.447194Z[0m [31mERROR[0m codec_extension ThreadId(12) [2mzenoh_codec::common::extension[0m[2m:[0m Unknown Test ext: ZExtUnknown { Id: 1, Mandatory: true, Encoding: "Z64", Value: 18250024704851878491 }
[2m2026-09-14T11:41:49.447197Z[0m [31mERROR[0m codec_extension ThreadId(12) [2mzenoh_codec::common::extension[0m[2m:[0m Unknown Test ext: ZExtUnknown { Id: 1, Mandatory: true, Encoding: "Z64", Value: 7910800420304624906 }
[2m2026-09-14T11:41:49.447201Z[0m [31mERROR[0m codec_extension ThreadId(12) [2mzenoh_codec::common::extension[0m[2m:[0m Unknown Test ext: ZExtUnknown { Id: 1, Mandatory: true, Encoding: "Z64", Value: 17093907646523467114 }
[2m2026-09-14T11:41:49.447205Z[0m [31mERROR[0m codec_extension ThreadId(12) [2mzenoh_codec::common::extension[0m[2m:[0m Unknown Test ext: ZExtUnknown { Id: 1, Mandatory: true, Encoding: "Z64", Value: 12113633358279853050 }
[2m2026-09-14T11:41:49.447208Z[0m [31mERROR[0m codec_extension ThreadId(12) [2mzenoh_codec::common::extension[0m[2m:[0m Unknown Test ext: ZExtUnknown { Id: 1, Mandatory: true, Encoding: "Z64", Value: 11216505338662962776 }
[2m2026-09-14T11:41:49.447212Z[0m [31mERROR[0m codec_extension ThreadId(12) [2mzenoh_codec::common::extension[0m[2m:[0m Unknown Test ext: ZExtUnknown { Id: 1, Mandatory: true, Encoding: "Z64", Value: 3917974710776644102 }
[2m2026-09-14T11:41:49.447215Z[0m [31mERROR[0m codec_extension ThreadId(12) [2mzenoh_codec::common::extension[0m[2m:[0m Unknown Test ext: ZExtUnknown { Id: 1, Mandatory: true, Encoding: "Z64", Value: 17450759247705765817 }
[2m2026-09-14T11:41:49.447219Z[0m [31mERROR[0m codec_extension ThreadId(12) [2mzenoh_codec::common::extension[0m[2m:[0m Unknown Test ext: ZExtUnknown { Id: 1, Mandatory: true, Encoding: "Z64", Value: 10692274739166044081 }
[2m2026-09-14T11:41:49.447222Z[0m [31mERROR[0m codec_extension ThreadId(12) [2mzenoh_codec::common::extension[0m[2m:[0m Unknown Test ext: ZExtUnknown { Id: 1, Mandatory: true, Encoding: "Z64", Value: 538782035691302891 }
[2m2026-09-14T11:41:49.447226Z[0m [31mERROR[0m codec_extension ThreadId(12) [2mzenoh_codec::common::extension[0m[2m:[0m Unknown Test ext: ZExtUnknown { Id: 1, Mandatory: true, Encoding: "Z64", Value: 2568323384608109965 }
[2m2026-09-14T11:41:49.447229Z[0m [31mERROR[0m codec_extension ThreadId(12) [2mzenoh_codec::common::extension[0m[2m:[0m Unknown Test ext: ZExtUnknown { Id: 1, Mandatory: true, Encoding: "Z64", Value: 5015672832627564694 }
[2m2026-09-14T11:41:49.447247Z[0m [31mERROR[0m codec_extension ThreadId(12) [2mzenoh_codec::common::extension[0m[2m:[0m Unknown Test ext: ZExtUnknown { Id: 1, Mandatory: true, Encoding: "Z64", Value: 17019586807110296292 }
[2m2026-09-14T11:41:49.447251Z[0m [31mERROR[0m codec_extension ThreadId(12) [2mzenoh_codec::common::extension[0m[2m:[0m Unknown Test ext: ZExtUnknown { Id: 1, Mandatory: true, Encoding: "Z64", Value: 12052180035425349276 }
[2m2026-09-14T11:41:49.447257Z[0m [31mERROR[0m codec_extension ThreadId(12) [2mzenoh_codec::common::extension[0m[2m:[0m Unknown Test ext: ZExtUnknown { Id: 1, Mandatory: true, Encoding: "Z64", Value: 7723392574945531776 }
[2m2026-09-14T11:41:49.447261Z[0m [31mERROR[0m codec_extension ThreadId(12) [2mzenoh_codec::common::extension[0m[2m:[0m Unknown Test ext: ZExtUnknown { Id: 1, Mandatory: true, Encoding: "Z64", Value: 5631072534365171422 }
[2m2026-09-14T11:41:49.447264Z[0m [31mERROR[0m codec_extension ThreadId(12) [2mzenoh_codec::common::extension[0m[2m:[0m Unknown Test ext: ZExtUnknown { Id: 1, Mandatory: true, Encoding: "Z64", Value: 7071346637225822280 }
[2m2026-09-14T11:41:49.447268Z[0m [31mERROR[0m codec_extension ThreadId(12) [2mzenoh_codec::common::extension[0m[2m:[0m Unknown Test ext: ZExtUnknown { Id: 1, Mandatory: true, Encoding: "Z64", Value: 3866624474761389686 }
[2m2026-09-14T11:41:49.447271Z[0m [31mERROR[0m codec_extension ThreadId(12) [2mzenoh_codec::common::extension[0m[2m:[0m Unknown Test ext: ZExtUnknown { Id: 1, Mandatory: true, Encoding: "Z64", Value: 9835172477077520213 }
[2m2026-09-14T11:41:49.447275Z[0m [31mERROR[0m codec_extension ThreadId(12) [2mzenoh_codec::common::extension[0m[2m:[0m Unknown Test ext: ZExtUnknown { Id: 1, Mandatory: true, Encoding: "Z64", Value: 10213099363771426565 }
[2m2026-09-14T11:41:49.447279Z[0m [31mERROR[0m codec_extension ThreadId(12) [2mzenoh_codec::common::extension[0m[2m:[0m Unknown Test ext: ZExtUnknown { Id: 1, Mandatory: true, Encoding: "Z64", Value: 15054447759675691604 }
[2m2026-09-14T11:41:49.447282Z[0m [31mERROR[0m codec_extension ThreadId(12) [2mzenoh_codec::common::extension[0m[2m:[0m Unknown Test ext: ZExtUnknown { Id: 1, Mandatory: true, Encoding: "Z64", Value: 3676306850363795650 }
[2m2026-09-14T11:41:49.447286Z[0m [31mERROR[0m codec_extension ThreadId(12) [2mzenoh_codec::common::extension[0m[2m:[0m Unknown Test ext: ZExtUnknown { Id: 1, Mandatory: true, Encoding: "Z64", Value: 4972615505147195073 }
[2m2026-09-14T11:41:49.447290Z[0m [31mERROR[0m codec_extension ThreadId(12) [2mzenoh_codec::common::extension[0m[2m:[0m Unknown Test ext: ZExtUnknown { Id: 1, Mandatory: true, Encoding: "Z64", Value: 6604622863388305683 }
[2m2026-09-14T11:41:49.447293Z[0m [31mERROR[0m codec_extension ThreadId(12) [2mzenoh_codec::common::extension[0m[2m:[0m Unknown Test ext: ZExtUnknown { Id: 1, Mandatory: true, Encoding: "Z64", Value: 13055353138696322131 }
[2m2026-09-14T11:41:49.447297Z[0m [31mERROR[0m codec_extension ThreadId(12) [2mzenoh_codec::common::extension[0m[2m:[0m Unknown Test ext: ZExtUnknown { Id: 1, Mandatory: true, Encoding: "Z64", Value: 15750545183966972160 }
[2m2026-09-14T11:41:49.447300Z[0m [31mERROR[0m codec_extension ThreadId(12) [2mzenoh_codec::common::extension[0m[2m:[0m Unknown Test ext: ZExtUnknown { Id: 1, Mandatory: true, Encoding: "Z64", Value: 1981953130372943634 }
[2m2026-09-14T11:41:49.447304Z[0m [31mERROR[0m codec_extension ThreadId(12) [2mzenoh_codec::common::extension[0m[2m:[0m Unknown Test ext: ZExtUnknown { Id: 1, Mandatory: true, Encoding: "Z64", Value: 16522290102919126463 }
[2m2026-09-14T11:41:49.447308Z[0m [31mERROR[0m codec_extension ThreadId(12) [2mzenoh_codec::common::extension[0m[2m:[0m Unknown Test ext: ZExtUnknown { Id: 1, Mandatory: true, Encoding: "Z64", Value: 2112731636187055633 }
[2m2026-09-14T11:41:49.447311Z[0m [31mERROR[0m codec_extension ThreadId(12) [2mzenoh_codec::common::extension[0m[2m:[0m Unknown Test ext: ZExtUnknown { Id: 1, Mandatory: true, Encoding: "Z64", Value: 14728556053469875039 }
[2m2026-09-14T11:41:49.447315Z[0m [31mERROR[0m codec_extension ThreadId(12) [2mzenoh_codec::common::extension[0m[2m:[0m Unknown Test ext: ZExtUnknown { Id: 1, Mandatory: true, Encoding: "Z64", Value: 5053869501670518559 }
[2m2026-09-14T11:41:49.447319Z[0m [31mERROR[0m codec_extension ThreadId(12) [2mzenoh_codec::common::extension[0m[2m:[0m Unknown Test ext: ZExtUnknown { Id: 1, Mandatory: true, Encoding: "Z64", Value: 7339821775805388780 }
[2m2026-09-14T11:41:49.447323Z[0m [31mERROR[0m codec_extension ThreadId(12) [2mzenoh_codec::common::extension[0m[2m:[0m Unknown Test ext: ZExtUnknown { Id: 1, Mandatory: true, Encoding: "Z64", Value: 16715251758997448916 }
[2m2026-09-14T11:41:49.447327Z[0m [31mERROR[0m codec_extension ThreadId(12) [2mzenoh_codec::common::extension[0m[2m:[0m Unknown Test ext: ZExtUnknown { Id: 1, Mandatory: true, Encoding: "Z64", Value: 16783049337344623553 }
[2m2026-09-14T11:41:49.447344Z[0m [31mERROR[0m codec_extension ThreadId(12) [2mzenoh_codec::common::extension[0m[2m:[0m Unknown Test ext: ZExtUnknown { Id: 1, Mandatory: true, Encoding: "Z64", Value: 16430222810990031168 }
[2m2026-09-14T11:41:49.447348Z[0m [31mERROR[0m codec_extension ThreadId(12) [2mzenoh_codec::common::extension[0m[2m:[0m Unknown Test ext: ZExtUnknown { Id: 1, Mandatory: true, Encoding: "Z64", Value: 1452723410235732654 }
[2m2026-09-14T11:41:49.447352Z[0m [31mERROR[0m codec_extension ThreadId(12) [2mzenoh_codec::common::extension[0m[2m:[0m Unknown Test ext: ZExtUnknown { Id: 1, Mandatory: true, Encoding: "Z64", Value: 16923194305488928863 }
[2m2026-09-14T11:41:49.447355Z[0m [31mERROR[0m codec_extension ThreadId(12) [2mzenoh_codec::common::extension[0m[2m:[0m Unknown Test ext: ZExtUnknown { Id: 1, Mandatory: true, Encoding: "Z64", Value: 7225725893249785227 }
[2m2026-09-14T11:41:49.447359Z[0m [31mERROR[0m codec_extension ThreadId(12) [2mzenoh_codec::common::extension[0m[2m:[0m Unknown Test ext: ZExtUnknown { Id: 1, Mandatory: true, Encoding: "Z64", Value: 8605410899448231109 }
[2m2026-09-14T11:41:49.447362Z[0m [31mERROR[0m codec_extension ThreadId(12) [2mzenoh_codec::common::extension[0m[2m:[0m Unknown Test ext: ZExtUnknown { Id: 1, Mandatory: true, Encoding: "Z64", Value: 2294094714927587284 }
[2m2026-09-14T11:41:49.447366Z[0m [31mERROR[0m codec_extension ThreadId(12) [2mzenoh_codec::common::extension[0m[2m:[0m Unknown Test ext: ZExtUnknown { Id: 1, Mandatory: true, Encoding: "Z64", Value: 11471111532241984538 }
[2m2026-09-14T11:41:49.447369Z[0m [31mERROR[0m codec_extension ThreadId(12) [2mzenoh_codec::common::extension[0m[2m:[0m Unknown Test ext: ZExtUnknown { Id: 1, Mandatory: true, Encoding: "Z64", Value: 11910539147215923065 }
[2m2026-09-14T11:41:49.447373Z[0m [31mERROR[0m codec_extension ThreadId(12) [2mzenoh_codec::common::extension[0m[2m:[0m Unknown Test ext: ZExtUnknown { Id: 1, Mandatory: true, Encoding: "Z64", Value: 17153266517886266180 }
[2m2026-09-14T11:41:49.447377Z[0m [31mERROR[0m codec_extension ThreadId(12) [2mzenoh_codec::common::extension[0m[2m:[0m Unknown Test ext: ZExtUnknown { Id: 1, Mandatory: true, Encoding: "Z64", Value: 7988643372609198152 }
[2m2026-09-14T11:41:49.447380Z[0m [31mERROR[0m codec_extension ThreadId(12) [2mzenoh_codec::common::extension[0m[2m:[0m Unknown Test ext: ZExtUnknown { Id: 1, Mandatory: true, Encoding: "Z64", Value: 11325738400557477462 }
[2m2026-09-14T11:41:49.447384Z[0m [31mERROR[0m codec_extension ThreadId(12) [2mzenoh_codec::common::extension[0m[2m:[0m Unknown Test ext: ZExtUnknown { Id: 1, Mandatory: true, Encoding: "Z64", Value: 11604300307028169544 }
[2m2026-09-14T11:41:49.447387Z[0m [31mERROR[0m codec_extension ThreadId(12) [2mzenoh_codec::common::extension[0m[2m:[0m Unknown Test ext: ZExtUnknown { Id: 1, Mandatory: true, Encoding: "Z64", Value: 9135907223411727839 }
[2m2026-09-14T11:41:49.447391Z[0m [31mERROR[0m codec_extension ThreadId(12) [2mzenoh_codec::common::extension[0m[2m:[0m Unknown Test ext: ZExtUnknown { Id: 1, Mandatory: true, Encoding: "Z64", Value: 9108006129961454740 }
[2m2026-09-14T11:41:49.447395Z[0m [31mERROR[0m codec_extension ThreadId(12) [2mzenoh_codec::common::extension[0m[2m:[0m Unknown Test ext: ZExtUnknown { Id: 1, Mandatory: true, Encoding: "Z64", Value: 13333444686997289959 }
[2m2026-09-14T11:41:49.447406Z[0m [31mERROR[0m codec_extension ThreadId(12) [2mzenoh_codec::common::extension[0m[2m:[0m Unknown Test ext: ZExtUnknown { Id: 1, Mandatory: true, Encoding: "Z64", Value: 15470451990379658554 }
[2m2026-09-14T11:41:49.447410Z[0m [31mERROR[0m codec_extension ThreadId(12) [2mzenoh_codec::common::extension[0m[2m:[0m Unknown Test ext: ZExtUnknown { Id: 1, Mandatory: true, Encoding: "Z64", Value: 267255096489224095 }
[2m2026-09-14T11:41:49.447414Z[0m [31mERROR[0m codec_extension ThreadId(12) [2mzenoh_codec::common::extension[0m[2m:[0m Unknown Test ext: ZExtUnknown { Id: 1, Mandatory: true, Encoding: "Z64", Value: 18359333446593063529 }
[2m2026-09-14T11:41:49.447417Z[0m [31mERROR[0m codec_extension ThreadId(12) [2mzenoh_codec::common::extension[0m[2m:[0m Unknown Test ext: ZExtUnknown { Id: 1, Mandatory: true, Encoding: "Z64", Value: 17683301153410479919 }
[2m2026-09-14T11:41:49.447421Z[0m [31mERROR[0m codec_extension ThreadId(12) [2mzenoh_codec::common::extension[0m[2m:[0m Unknown Test ext: ZExtUnknown { Id: 1, Mandatory: true, Encoding: "Z64", Value: 1555900409453626132 }
[2m2026-09-14T11:41:49.447425Z[0m [31mERROR[0m codec_extension ThreadId(12) [2mzenoh_codec::common::extension[0m[2m:[0m Unknown Test ext: ZExtUnknown { Id: 1, Mandatory: true, Encoding: "Z64", Value: 9164787800419126227 }
[2m2026-09-14T11:41:49.447443Z[0m [31mERROR[0m codec_extension ThreadId(12) [2mzenoh_codec::common::extension[0m[2m:[0m Unknown Test ext: ZExtUnknown { Id: 1, Mandatory: true, Encoding: "Z64", Value: 3325733874801907721 }
[2m2026-09-14T11:41:49.447446Z[0m [31mERROR[0m codec_extension ThreadId(12) [2mzenoh_codec::common::extension[0m[2m:[0m Unknown Test ext: ZExtUnknown { Id: 1, Mandatory: true, Encoding: "Z64", Value: 5602049314080379334 }
[2m2026-09-14T11:41:49.447450Z[0m [31mERROR[0m codec_extension ThreadId(12) [2mzenoh_codec::common::extension[0m[2m:[0m Unknown Test ext: ZExtUnknown { Id: 1, Mandatory: true, Encoding: "Z64", Value: 14871915059300133739 }
[2m2026-09-14T11:41:49.447454Z[0m [31mERROR[0m codec_extension ThreadId(12) [2mzenoh_codec::common::extension[0m[2m:[0m Unknown Test ext: ZExtUnknown { Id: 1, Mandatory: true, Encoding: "Z64", Value: 3929595304863818601 }
[2m2026-09-14T11:41:49.447457Z[0m [31mERROR[0m codec_extension ThreadId(12) [2mzenoh_codec::common::extension[0m[2m:[0m Unknown Test ext: ZExtUnknown { Id: 1, Mandatory: true, Encoding: "Z64", Value: 12643446194022181024 }
[2m2026-09-14T11:41:49.447461Z[0m [31mERROR[0m codec_extension ThreadId(12) [2mzenoh_codec::common::extension[0m[2m:[0m Unknown Test ext: ZExtUnknown { Id: 1, Mandatory: true, Encoding: "Z64", Value: 9732548236571091005 }
[2m2026-09-14T11:41:49.447464Z[0m [31mERROR[0m codec_extension ThreadId(12) [2mzenoh_codec::common::extension[0m[2m:[0m Unknown Test ext: ZExtUnknown { Id: 1, Mandatory: true, Encoding: "Z64", Value: 10129873835836181861 }
[2m2026-09-14T11:41:49.447468Z[0m [31mERROR[0m codec_extension ThreadId(12) [2mzenoh_codec::common::extension[0m[2m:[0m Unknown Test ext: ZExtUnknown { Id: 1, Mandatory: true, Encoding: "Z64", Value: 3436562529027607284 }
[2m2026-09-14T11:41:49.447471Z[0m [31mERROR[0m codec_extension ThreadId(12) [2mzenoh_codec::common::extension[0m[2m:[0m Unknown Test ext: ZExtUnknown { Id: 1, Mandatory: true, Encoding: "Z64", Value: 7115558191174829967 }
[2m2026-09-14T11:41:49.447475Z[0m [31mERROR[0m codec_extension ThreadId(12) [2mzenoh_codec::common::extension[0m[2m:[0m Unknown Test ext: ZExtUnknown { Id: 1, Mandatory: true, Encoding: "Z64", Value: 7781022883738926590 }
[2m2026-09-14T11:41:49.447479Z[0m [31mERROR[0m codec_extension ThreadId(12) [2mzenoh_codec::common::extension[0m[2m:[0m Unknown Test ext: ZExtUnknown { Id: 1, Mandatory: true, Encoding: "Z64", Value: 6329047522804263100 }
[2m2026-09-14T11:41:49.447482Z[0m [31mERROR[0m codec_extension ThreadId(12) [2mzenoh_codec::common::extension[0m[2m:[0m Unknown Test ext: ZExtUnknown { Id: 1, Mandatory: true, Encoding: "Z64", Value: 16403288986439544332 }
[2m2026-09-14T11:41:49.447487Z[0m [31mERROR[0m codec_extension ThreadId(12) [2mzenoh_codec::common::extension[0m[2m:[0m Unknown Test ext: ZExtUnknown { Id: 1, Mandatory: true, Encoding: "Z64", Value: 2800464660527725988 }
[2m2026-09-14T11:41:49.447491Z[0m [31mERROR[0m codec_extension ThreadId(12) [2mzenoh_codec::common::extension[0m[2m:[0m Unknown Test ext: ZExtUnknown { Id: 1, Mandatory: true, Encoding: "Z64", Value: 9542932859335410993 }
[2m2026-09-14T11:41:49.447494Z[0m [31mERROR[0m codec_extension ThreadId(12) [2mzenoh_codec::common::extension[0m[2m:[0m Unknown Test ext: ZExtUnknown { Id: 1, Mandatory: true, Encoding: "Z64", Value: 3790749491261522972 }
[2m2026-09-14T11:41:49.447498Z[0m [31mERROR[0m codec_extension ThreadId(12) [2mzenoh_codec::common::extension[0m[2m:[0m Unknown Test ext: ZExtUnknown { Id: 1, Mandatory: true, Encoding: "Z64", Value: 12104361764916475881 }
[2m2026-09-14T11:41:49.447501Z[0m [31mERROR[0m codec_extension ThreadId(12) [2mzenoh_codec::common::extension[0m[2m:[0m Unknown Test ext: ZExtUnknown { Id: 1, Mandatory: true, Encoding: "Z64", Value: 3574437488910659040 }
[2m2026-09-14T11:41:49.447505Z[0m [31mERROR[0m codec_extension ThreadId(12) [2mzenoh_codec::common::extension[0m[2m:[0m Unknown Test ext: ZExtUnknown { Id: 1, Mandatory: true, Encoding: "Z64", Value: 1485310111692313761 }
[2m2026-09-14T11:41:49.447509Z[0m [31mERROR[0m codec_extension ThreadId(12) [2mzenoh_codec::common::extension[0m[2m:[0m Unknown Test ext: ZExtUnknown { Id: 1, Mandatory: true, Encoding: "Z64", Value: 150831117467396330 }
[2m2026-09-14T11:41:49.447512Z[0m [31mERROR[0m codec_extension ThreadId(12) [2mzenoh_codec::common::extension[0m[2m:[0m Unknown Test ext: ZExtUnknown { Id: 1, Mandatory: true, Encoding: "Z64", Value: 11102860812094238437 }
[2m2026-09-14T11:41:49.447516Z[0m [31mERROR[0m codec_extension ThreadId(12) [2mzenoh_codec::common::extension[0m[2m:[0m Unknown Test ext: ZExtUnknown { Id: 1, Mandatory: true, Encoding: "Z64", Value: 14134858731926637133 }
[2m2026-09-14T11:41:49.447534Z[0m [31mERROR[0m codec_extension ThreadId(12) [2mzenoh_codec::common::extension[0m[2m:[0m Unknown Test ext: ZExtUnknown { Id: 1, Mandatory: true, Encoding: "Z64", Value: 3479776966228799431 }
[2m2026-09-14T11:41:49.447538Z[0m [31mERROR[0m codec_extension ThreadId(12) [2mzenoh_codec::common::extension[0m[2m:[0m Unknown Test ext: ZExtUnknown { Id: 1, Mandatory: true, Encoding: "Z64", Value: 9160988672630831221 }
[2m2026-09-14T11:41:49.447541Z[0m [31mERROR[0m codec_extension ThreadId(12) [2mzenoh_codec::common::extension[0m[2m:[0m Unknown Test ext: ZExtUnknown { Id: 1, Mandatory: true, Encoding: "Z64", Value: 18295576934652858579 }
[2m2026-09-14T11:41:49.447545Z[0m [31mERROR[0m codec_extension ThreadId(12) [2mzenoh_codec::common::extension[0m[2m:[0m Unknown Test ext: ZExtUnknown { Id: 1, Mandatory: true, Encoding: "Z64", Value: 257176918682766625 }
[2m2026-09-14T11:41:49.447548Z[0m [31mERROR[0m codec_extension ThreadId(12) [2mzenoh_codec::common::extension[0m[2m:[0m Unknown Test ext: ZExtUnknown { Id: 1, Mandatory: true, Encoding: "Z64", Value: 18039268640879606540 }
[2m2026-09-14T11:41:49.447552Z[0m [31mERROR[0m codec_extension ThreadId(12) [2mzenoh_codec::common::extension[0m[2m:[0m Unknown Test ext: ZExtUnknown { Id: 1, Mandatory: true, Encoding: "Z64", Value: 3509005192222136893 }
[2m2026-09-14T11:41:49.447556Z[0m [31mERROR[0m codec_extension ThreadId(12) [2mzenoh_codec::common::extension[0m[2m:[0m Unknown Test ext: ZExtUnknown { Id: 1, Mandatory: true, Encoding: "Z64", Value: 6242728378000143338 }
[2m2026-09-14T11:41:49.447559Z[0m [31mERROR[0m codec_extension ThreadId(12) [2mzenoh_codec::common::extension[0m[2m:[0m Unknown Test ext: ZExtUnknown { Id: 1, Mandatory: true, Encoding: "Z64", Value: 16358117335009177857 }
[2m2026-09-14T11:41:49.447563Z[0m [31mERROR[0m codec_extension ThreadId(12) [2mzenoh_codec::common::extension[0m[2m:[0m Unknown Test ext: ZExtUnknown { Id: 1, Mandatory: true, Encoding: "Z64", Value: 14301704700036564518 }
[2m2026-09-14T11:41:49.447567Z[0m [31mERROR[0m codec_extension ThreadId(12) [2mzenoh_codec::common::extension[0m[2m:[0m Unknown Test ext: ZExtUnknown { Id: 1, Mandatory: true, Encoding: "Z64", Value: 880834952735566511 }
[2m2026-09-14T11:41:49.447571Z[0m [31mERROR[0m codec_extension ThreadId(12) [2mzenoh_codec::common::extension[0m[2m:[0m Unknown Test ext: ZExtUnknown { Id: 1, Mandatory: true, Encoding: "Z64", Value: 17817690927721669870 }
[2m2026-09-14T11:41:49.447574Z[0m [31mERROR[0m codec_extension ThreadId(12) [2mzenoh_codec::common::extension[0m[2m:[0m Unknown Test ext: ZExtUnknown { Id: 1, Mandatory: true, Encoding: "Z64", Value: 18054599734973823545 }
[2m2026-09-14T11:41:49.447578Z[0m [31mERROR[0m codec_extension ThreadId(12) [2mzenoh_codec::common::extension[0m[2m:[0m Unknown Test ext: ZExtUnknown { Id: 1, Mandatory: true, Encoding: "Z64", Value: 14657795478891088564 }
[2m2026-09-14T11:41:49.447581Z[0m [31mERROR[0m codec_extension ThreadId(12) [2mzenoh_codec::common::extension[0m[2m:[0m Unknown Test ext: ZExtUnknown { Id: 1, Mandatory: true, Encoding: "Z64", Value: 11826818502271191553 }
[2m2026-09-14T11:41:49.447585Z[0m [31mERROR[0m codec_extension ThreadId(12) [2mzenoh_codec::common::extension[0m[2m:[0m Unknown Test ext: ZExtUnknown { Id: 1, Mandatory: true, Encoding: "Z64", Value: 14548166670779832064 }
[2m2026-09-14T11:41:49.447588Z[0m [31mERROR[0m codec_extension ThreadId(12) [2mzenoh_codec::common::extension[0m[2m:[0m Unknown Test ext: ZExtUnknown { Id: 1, Mandatory: true, Encoding: "Z64", Value: 1142458530474817832 }
[2m2026-09-14T11:41:49.447592Z[0m [31mERROR[0m codec_extension ThreadId(12) [2mzenoh_codec::common::extension[0m[2m:[0m Unknown Test ext: ZExtUnknown { Id: 1, Mandatory: true, Encoding: "Z64", Value: 14684236110639675439 }
[2m2026-09-14T11:41:49.447595Z[0m [31mERROR[0m codec_extension ThreadId(12) [2mzenoh_codec::common::extension[0m[2m:[0m Unknown Test ext: ZExtUnknown { Id: 1, Mandatory: true, Encoding: "Z64", Value: 13758222912564477152 }
[2m2026-09-14T11:41:49.447599Z[0m [31mERROR[0m codec_extension ThreadId(12) [2mzenoh_codec::common::extension[0m[2m:[0m Unknown Test ext: ZExtUnknown { Id: 1, Mandatory: true, Encoding: "Z64", Value: 11758588989205102715 }
[2m2026-09-14T11:41:49.447603Z[0m [31mERROR[0m codec_extension ThreadId(12) [2mzenoh_codec::common::extension[0m[2m:[0m Unknown Test ext: ZExtUnknown { Id: 1, Mandatory: true, Encoding: "Z64", Value: 13023775423888904953 }
[2m2026-09-14T11:41:49.447606Z[0m [31mERROR[0m codec_extension ThreadId(12) [2mzenoh_codec::common::extension[0m[2m:[0m Unknown Test ext: ZExtUnknown { Id: 1, Mandatory: true, Encoding: "Z64", Value: 1647747630065524996 }
[2m2026-09-14T11:41:49.447610Z[0m [31mERROR[0m codec_extension ThreadId(12) [2mzenoh_codec::common::extension[0m[2m:[0m Unknown Test ext: ZExtUnknown { Id: 1, Mandatory: true, Encoding: "Z64", Value: 13284811774711028368 }
[2m2026-09-14T11:41:49.447628Z[0m [31mERROR[0m codec_extension ThreadId(12) [2mzenoh_codec::common::extension[0m[2m:[0m Unknown Test ext: ZExtUnknown { Id: 1, Mandatory: true, Encoding: "Z64", Value: 5136627054290609040 }
[2m2026-09-14T11:41:49.447632Z[0m [31mERROR[0m codec_extension ThreadId(12) [2mzenoh_codec::common::extension[0m[2m:[0m Unknown Test ext: ZExtUnknown { Id: 1, Mandatory: true, Encoding: "Z64", Value: 15486761528149920507 }
[2m2026-09-14T11:41:49.447635Z[0m [31mERROR[0m codec_extension ThreadId(12) [2mzenoh_codec::common::extension[0m[2m:[0m Unknown Test ext: ZExtUnknown { Id: 1, Mandatory: true, Encoding: "Z64", Value: 18297351267913613074 }
[2m2026-09-14T11:41:49.447639Z[0m [31mERROR[0m codec_extension ThreadId(12) [2mzenoh_codec::common::extension[0m[2m:[0m Unknown Test ext: ZExtUnknown { Id: 1, Mandatory: true, Encoding: "Z64", Value: 17554261176525269830 }
[2m2026-09-14T11:41:49.447644Z[0m [31mERROR[0m codec_extension ThreadId(12) [2mzenoh_codec::common::extension[0m[2m:[0m Unknown Test ext: ZExtUnknown { Id: 1, Mandatory: true, Encoding: "Z64", Value: 1425140287068421141 }
[2m2026-09-14T11:41:49.447648Z[0m [31mERROR[0m codec_extension ThreadId(12) [2mzenoh_codec::common::extension[0m[2m:[0m Unknown Test ext: ZExtUnknown { Id: 1, Mandatory: true, Encoding: "Z64", Value: 5105952788501736978 }
[2m2026-09-14T11:41:49.447652Z[0m [31mERROR[0m codec_extension ThreadId(12) [2mzenoh_codec::common::extension[0m[2m:[0m Unknown Test ext: ZExtUnknown { Id: 1, Mandatory: true, Encoding: "Z64", Value: 8057133163608161274 }
[2m2026-09-14T11:41:49.447655Z[0m [31mERROR[0m codec_extension ThreadId(12) [2mzenoh_codec::common::extension[0m[2m:[0m Unknown Test ext: ZExtUnknown { Id: 1, Mandatory: true, Encoding: "Z64", Value: 7568503443393585756 }
[2m2026-09-14T11:41:49.447659Z[0m [31mERROR[0m codec_extension ThreadId(12) [2mzenoh_codec::common::extension[0m[2m:[0m Unknown Test ext: ZExtUnknown { Id: 1, Mandatory: true, Encoding: "Z64", Value: 6036495797751850535 }
[2m2026-09-14T11:41:49.447662Z[0m [31mERROR[0m codec_extension ThreadId(12) [2mzenoh_codec::common::extension[0m[2m:[0m Unknown Test ext: ZExtUnknown { Id: 1, Mandatory: true, Encoding: "Z64", Value: 8246195659714968235 }
[2m2026-09-14T11:41:49.447666Z[0m [31mERROR[0m codec_extension ThreadId(12) [2mzenoh_codec::common::extension[0m[2m:[0m Unknown Test ext: ZExtUnknown { Id: 1, Mandatory: true, Encoding: "Z64", Value: 14438579795130741516 }
[2m2026-09-14T11:41:49.447670Z[0m [31mERROR[0m codec_extension ThreadId(12) [2mzenoh_codec::common::extension[0m[2m:[0m Unknown Test ext: ZExtUnknown { Id: 1, Mandatory: true, Encoding: "Z64", Value: 4174039997973992446 }
[2m2026-09-14T11:41:49.447673Z[0m [31mERROR[0m codec_extension ThreadId(12) [2mzenoh_codec::common::extension[0m[2m:[0m Unknown Test ext: ZExtUnknown { Id: 1, Mandatory: true, Encoding: "Z64", Value: 1531371639280506403 }
[2m2026-09-14T11:41:49.447677Z[0m [31mERROR[0m codec_extension ThreadId(12) [2mzenoh_codec::common::extension[0m[2m:[0m Unknown Test ext: ZExtUnknown { Id: 1, Mandatory: true, Encoding: "Z64", Value: 7550333747939969751 }
[2m2026-09-14T11:41:49.447680Z[0m [31mERROR[0m codec_extension ThreadId(12) [2mzenoh_codec::common::extension[0m[2m:[0m Unknown Test ext: ZExtUnknown { Id: 1, Mandatory: true, Encoding: "Z64", Value: 14498104256677531587 }
[2m2026-09-14T11:41:49.447684Z[0m [31mERROR[0m codec_extension ThreadId(12) [2mzenoh_codec::common::extension[0m[2m:[0m Unknown Test ext: ZExtUnknown { Id: 1, Mandatory: true, Encoding: "Z64", Value: 6989794950951208978 }
[2m2026-09-14T11:41:49.447690Z[0m [31mERROR[0m codec_extension ThreadId(12) [2mzenoh_codec::common::extension[0m[2m:[0m Unknown Test ext: ZExtUnknown { Id: 1, Mandatory: true, Encoding: "Z64", Value: 14559017945799871577 }
[2m2026-09-14T11:41:49.447694Z[0m [31mERROR[0m codec_extension ThreadId(12) [2mzenoh_codec::common::extension[0m[2m:[0m Unknown Test ext: ZExtUnknown { Id: 1, Mandatory: true, Encoding: "Z64", Value: 12636223956754034890 }
[2m2026-09-14T11:41:49.447697Z[0m [31mERROR[0m codec_extension ThreadId(12) [2mzenoh_codec::common::extension[0m[2m:[0m Unknown Test ext: ZExtUnknown { Id: 1, Mandatory: true, Encoding: "Z64", Value: 16338823217764174282 }
[2m2026-09-14T11:41:49.447701Z[0m [31mERROR[0m codec_extension ThreadId(12) [2mzenoh_codec::common::extension[0m[2m:[0m Unknown Test ext: ZExtUnknown { Id: 1, Mandatory: true, Encoding: "Z64", Value: 18032004622603491452 }
[2m2026-09-14T11:41:49.447705Z[0m [31mERROR[0m codec_extension ThreadId(12) [2mzenoh_codec::common::extension[0m[2m:[0m Unknown Test ext: ZExtUnknown { Id: 1, Mandatory: true, Encoding: "Z64", Value: 10644971321378432677 }
[2m2026-09-14T11:41:49.447723Z[0m [31mERROR[0m codec_extension ThreadId(12) [2mzenoh_codec::common::extension[0m[2m:[0m Unknown Test ext: ZExtUnknown { Id: 1, Mandatory: true, Encoding: "Z64", Value: 1527342975052575777 }
[2m2026-09-14T11:41:49.447728Z[0m [31mERROR[0m codec_extension ThreadId(12) [2mzenoh_codec::common::extension[0m[2m:[0m Unknown Test ext: ZExtUnknown { Id: 1, Mandatory: true, Encoding: "Z64", Value: 9450201228686088968 }
[2m2026-09-14T11:41:49.447731Z[0m [31mERROR[0m codec_extension ThreadId(12) [2mzenoh_codec::common::extension[0m[2m:[0m Unknown Test ext: ZExtUnknown { Id: 1, Mandatory: true, Encoding: "Z64", Value: 6424183781287494283 }
[2m2026-09-14T11:41:49.447735Z[0m [31mERROR[0m codec_extension ThreadId(12) [2mzenoh_codec::common::extension[0m[2m:[0m Unknown Test ext: ZExtUnknown { Id: 1, Mandatory: true, Encoding: "Z64", Value: 1588846423569585606 }
[2m2026-09-14T11:41:49.447743Z[0m [31mERROR[0m codec_extension ThreadId(12) [2mzenoh_codec::common::extension[0m[2m:[0m Unknown Test ext: ZExtUnknown { Id: 1, Mandatory: true, Encoding: "Z64", Value: 8306083388509111693 }
[2m2026-09-14T11:41:49.447747Z[0m [31mERROR[0m codec_extension ThreadId(12) [2mzenoh_codec::common::extension[0m[2m:[0m Unknown Test ext: ZExtUnknown { Id: 1, Mandatory: true, Encoding: "Z64", Value: 17108352095851553838 }
[2m2026-09-14T11:41:49.447751Z[0m [31mERROR[0m codec_extension ThreadId(12) [2mzenoh_codec::common::extension[0m[2m:[0m Unknown Test ext: ZExtUnknown { Id: 1, Mandatory: true, Encoding: "Z64", Value: 12397229203422537696 }
[2m2026-09-14T11:41:49.447754Z[0m [31mERROR[0m codec_extension ThreadId(12) [2mzenoh_codec::common::extension[0m[2m:[0m Unknown Test ext: ZExtUnknown { Id: 1, Mandatory: true, Encoding: "Z64", Value: 1450591599575479471 }
[2m2026-09-14T11:41:49.447758Z[0m [31mERROR[0m codec_extension ThreadId(12) [2mzenoh_codec::common::extension[0m[2m:[0m Unknown Test ext: ZExtUnknown { Id: 1, Mandatory: true, Encoding: "Z64", Value: 1432652814547277730 }
[2m2026-09-14T11:41:49.447762Z[0m [31mERROR[0m codec_extension ThreadId(12) [2mzenoh_codec::common::extension[0m[2m:[0m Unknown Test ext: ZExtUnknown { Id: 1, Mandatory: true, Encoding: "Z64", Value: 16861542689518900813 }
[2m2026-09-14T11:41:49.447765Z[0m [31mERROR[0m codec_extension ThreadId(12) [2mzenoh_codec::common::extension[0m[2m:[0m Unknown Test ext: ZExtUnknown { Id: 1, Mandatory: true, Encoding: "Z64", Value: 13879050271902874222 }
[2m2026-09-14T11:41:49.447769Z[0m [31mERROR[0m codec_extension ThreadId(12) [2mzenoh_codec::common::extension[0m[2m:[0m Unknown Test ext: ZExtUnknown { Id: 1, Mandatory: true, Encoding: "Z64", Value: 4663093049923564281 }
[2m2026-09-14T11:41:49.447772Z[0m [31mERROR[0m codec_extension ThreadId(12) [2mzenoh_codec::common::extension[0m[2m:[0m Unknown Test ext: ZExtUnknown { Id: 1, Mandatory: true, Encoding: "Z64", Value: 8166964527593409890 }
[2m2026-09-14T11:41:49.447776Z[0m [31mERROR[0m codec_extension ThreadId(12) [2mzenoh_codec::common::extension[0m[2m:[0m Unknown Test ext: ZExtUnknown { Id: 1, Mandatory: true, Encoding: "Z64", Value: 13225684647706766821 }
[2m2026-09-14T11:41:49.447779Z[0m [31mERROR[0m codec_extension ThreadId(12) [2mzenoh_codec::common::extension[0m[2m:[0m Unknown Test ext: ZExtUnknown { Id: 1, Mandatory: true, Encoding: "Z64", Value: 7473773497437355580 }
[2m2026-09-14T11:41:49.447783Z[0m [31mERROR[0m codec_extension ThreadId(12) [2mzenoh_codec::common::extension[0m[2m:[0m Unknown Test ext: ZExtUnknown { Id: 1, Mandatory: true, Encoding: "Z64", Value: 3139451103950504021 }
[2m2026-09-14T11:41:49.447786Z[0m [31mERROR[0m codec_extension ThreadId(12) [2mzenoh_codec::common::extension[0m[2m:[0m Unknown Test ext: ZExtUnknown { Id: 1, Mandatory: true, Encoding: "Z64", Value: 8432970388889589931 }
[2m2026-09-14T11:41:49.447790Z[0m [31mERROR[0m codec_extension ThreadId(12) [2mzenoh_codec::common::extension[0m[2m:[0m Unknown Test ext: ZExtUnknown { Id: 1, Mandatory: true, Encoding: "Z64", Value: 15322638102219198921 }
[2m2026-09-14T11:41:49.447794Z[0m [31mERROR[0m codec_extension ThreadId(12) [2mzenoh_codec::common::extension[0m[2m:[0m Unknown Test ext: ZExtUnknown { Id: 1, Mandatory: true, Encoding: "Z64", Value: 9833622086229286217 }
[2m2026-09-14T11:41:49.447798Z[0m [31mERROR[0m codec_extension ThreadId(12) [2mzenoh_codec::common::extension[0m[2m:[0m Unknown Test ext: ZExtUnknown { Id: 1, Mandatory: true, Encoding: "Z64", Value: 13875668138057934383 }
[2m2026-09-14T11:41:49.447802Z[0m [31mERROR[0m codec_extension ThreadId(12) [2mzenoh_codec::common::extension[0m[2m:[0m Unknown Test ext: ZExtUnknown { Id: 1, Mandatory: true, Encoding: "Z64", Value: 1452440099193027377 }
[2m2026-09-14T11:41:49.447820Z[0m [31mERROR[0m codec_extension ThreadId(12) [2mzenoh_codec::common::extension[0m[2m:[0m Unknown Test ext: ZExtUnknown { Id: 1, Mandatory: true, Encoding: "Z64", Value: 10679250088702849008 }
[2m2026-09-14T11:41:49.447824Z[0m [31mERROR[0m codec_extension ThreadId(12) [2mzenoh_codec::common::extension[0m[2m:[0m Unknown Test ext: ZExtUnknown { Id: 1, Mandatory: true, Encoding: "Z64", Value: 3685712053818507946 }
[2m2026-09-14T11:41:49.447827Z[0m [31mERROR[0m codec_extension ThreadId(12) [2mzenoh_codec::common::extension[0m[2m:[0m Unknown Test ext: ZExtUnknown { Id: 1, Mandatory: true, Encoding: "Z64", Value: 16107782588761365771 }
[2m2026-09-14T11:41:49.447831Z[0m [31mERROR[0m codec_extension ThreadId(12) [2mzenoh_codec::common::extension[0m[2m:[0m Unknown Test ext: ZExtUnknown { Id: 1, Mandatory: true, Encoding: "Z64", Value: 1315404189929081572 }
[2m2026-09-14T11:41:49.447834Z[0m [31mERROR[0m codec_extension ThreadId(12) [2mzenoh_codec::common::extension[0m[2m:[0m Unknown Test ext: ZExtUnknown { Id: 1, Mandatory: true, Encoding: "Z64", Value: 1732426602803780070 }
[2m2026-09-14T11:41:49.447838Z[0m [31mERROR[0m codec_extension ThreadId(12) [2mzenoh_codec::common::extension[0m[2m:[0m Unknown Test ext: ZExtUnknown { Id: 1, Mandatory: true, Encoding: "Z64", Value: 3168884828332020602 }
[2m2026-09-14T11:41:49.447841Z[0m [31mERROR[0m codec_extension ThreadId(12) [2mzenoh_codec::common::extension[0m[2m:[0m Unknown Test ext: ZExtUnknown { Id: 1, Mandatory: true, Encoding: "Z64", Value: 1193644893566680052 }
[2m2026-09-14T11:41:49.447845Z[0m [31mERROR[0m codec_extension ThreadId(12) [2mzenoh_codec::common::extension[0m[2m:[0m Unknown Test ext: ZExtUnknown { Id: 1, Mandatory: true, Encoding: "Z64", Value: 10743500247851127637 }
[2m2026-09-14T11:41:49.447848Z[0m [31mERROR[0m codec_extension ThreadId(12) [2mzenoh_codec::common::extension[0m[2m:[0m Unknown Test ext: ZExtUnknown { Id: 1, Mandatory: true, Encoding: "Z64", Value: 15006048728372436018 }
[2m2026-09-14T11:41:49.447852Z[0m [31mERROR[0m codec_extension ThreadId(12) [2mzenoh_codec::common::extension[0m[2m:[0m Unknown Test ext: ZExtUnknown { Id: 1, Mandatory: true, Encoding: "Z64", Value: 12052707681187777620 }
[2m2026-09-14T11:41:49.447856Z[0m [31mERROR[0m codec_extension ThreadId(12) [2mzenoh_codec::common::extension[0m[2m:[0m Unknown Test ext: ZExtUnknown { Id: 1, Mandatory: true, Encoding: "Z64", Value: 9185076260220034383 }
[2m2026-09-14T11:41:49.447859Z[0m [31mERROR[0m codec_extension ThreadId(12) [2mzenoh_codec::common::extension[0m[2m:[0m Unknown Test ext: ZExtUnknown { Id: 1, Mandatory: true, Encoding: "Z64", Value: 12503988665548212442 }
[2m2026-09-14T11:41:49.447863Z[0m [31mERROR[0m codec_extension ThreadId(12) [2mzenoh_codec::common::extension[0m[2m:[0m Unknown Test ext: ZExtUnknown { Id: 1, Mandatory: true, Encoding: "Z64", Value: 8480228605347600616 }
[2m2026-09-14T11:41:49.447866Z[0m [31mERROR[0m codec_extension ThreadId(12) [2mzenoh_codec::common::extension[0m[2m:[0m Unknown Test ext: ZExtUnknown { Id: 1, Mandatory: true, Encoding: "Z64", Value: 4383969614436620731 }
[2m2026-09-14T11:41:49.447869Z[0m [31mERROR[0m codec_extension ThreadId(12) [2mzenoh_codec::common::extension[0m[2m:[0m Unknown Test ext: ZExtUnknown { Id: 1, Mandatory: true, Encoding: "Z64", Value: 13511336887802651114 }
[2m2026-09-14T11:41:49.447873Z[0m [31mERROR[0m codec_extension ThreadId(12) [2mzenoh_codec::common::extension[0m[2m:[0m Unknown Test ext: ZExtUnknown { Id: 1, Mandatory: true, Encoding: "Z64", Value: 13697618631461942107 }
[2m2026-09-14T11:41:49.447887Z[0m [31mERROR[0m codec_extension ThreadId(12) [2mzenoh_codec::common::extension[0m[2m:[0m Unknown Test ext: ZExtUnknown { Id: 1, Mandatory: true, Encoding: "Z64", Value: 16831072036537048294 }
[2m2026-09-14T11:41:49.447892Z[0m [31mERROR[0m codec_extension ThreadId(12) [2mzenoh_codec::common::extension[0m[2m:[0m Unknown Test ext: ZExtUnknown { Id: 1, Mandatory: true, Encoding: "Z64", Value: 9477588849766655049 }
[2m2026-09-14T11:41:49.447895Z[0m [31mERROR[0m codec_extension ThreadId(12) [2mzenoh_codec::common::extension[0m[2m:[0m Unknown Test ext: ZExtUnknown { Id: 1, Mandatory: true, Encoding: "Z64", Value: 13742214952941150754 }
[2m2026-09-14T11:41:49.447899Z[0m [31mERROR[0m codec_extension ThreadId(12) [2mzenoh_codec::common::extension[0m[2m:[0m Unknown Test ext: ZExtUnknown { Id: 1, Mandatory: true, Encoding: "Z64", Value: 15750365244436593242 }
[2m2026-09-14T11:41:49.447903Z[0m [31mERROR[0m codec_extension ThreadId(12) [2mzenoh_codec::common::extension[0m[2m:[0m Unknown Test ext: ZExtUnknown { Id: 1, Mandatory: true, Encoding: "Z64", Value: 8632385472715211439 }
[2m2026-09-14T11:41:49.447907Z[0m [31mERROR[0m codec_extension ThreadId(12) [2mzenoh_codec::common::extension[0m[2m:[0m Unknown Test ext: ZExtUnknown { Id: 1, Mandatory: true, Encoding: "Z64", Value: 17008592487749778415 }
[2m2026-09-14T11:41:49.447927Z[0m [31mERROR[0m codec_extension ThreadId(12) [2mzenoh_codec::common::extension[0m[2m:[0m Unknown Test ext: ZExtUnknown { Id: 1, Mandatory: true, Encoding: "Z64", Value: 1519963836425968774 }
[2m2026-09-14T11:41:49.447931Z[0m [31mERROR[0m codec_extension ThreadId(12) [2mzenoh_codec::common::extension[0m[2m:[0m Unknown Test ext: ZExtUnknown { Id: 1, Mandatory: true, Encoding: "Z64", Value: 3911725641832053753 }
[2m2026-09-14T11:41:49.447935Z[0m [31mERROR[0m codec_extension ThreadId(12) [2mzenoh_codec::common::extension[0m[2m:[0m Unknown Test ext: ZExtUnknown { Id: 1, Mandatory: true, Encoding: "Z64", Value: 7601304159937892522 }
[2m2026-09-14T11:41:49.447938Z[0m [31mERROR[0m codec_extension ThreadId(12) [2mzenoh_codec::common::extension[0m[2m:[0m Unknown Test ext: ZExtUnknown { Id: 1, Mandatory: true, Encoding: "Z64", Value: 17791522677559619478 }
[2m2026-09-14T11:41:49.447942Z[0m [31mERROR[0m codec_extension ThreadId(12) [2mzenoh_codec::common::extension[0m[2m:[0m Unknown Test ext: ZExtUnknown { Id: 1, Mandatory: true, Encoding: "Z64", Value: 14690726341145091756 }
[2m2026-09-14T11:41:49.447945Z[0m [31mERROR[0m codec_extension ThreadId(12) [2mzenoh_codec::common::extension[0m[2m:[0m Unknown Test ext: ZExtUnknown { Id: 1, Mandatory: true, Encoding: "Z64", Value: 800411828882503095 }
[2m2026-09-14T11:41:49.447949Z[0m [31mERROR[0m codec_extension ThreadId(12) [2mzenoh_codec::common::extension[0m[2m:[0m Unknown Test ext: ZExtUnknown { Id: 1, Mandatory: true, Encoding: "Z64", Value: 10089260628923911494 }
[2m2026-09-14T11:41:49.447952Z[0m [31mERROR[0m codec_extension ThreadId(12) [2mzenoh_codec::common::extension[0m[2m:[0m Unknown Test ext: ZExtUnknown { Id: 1, Mandatory: true, Encoding: "Z64", Value: 11373600546164134955 }
[2m2026-09-14T11:41:49.447956Z[0m [31mERROR[0m codec_extension ThreadId(12) [2mzenoh_codec::common::extension[0m[2m:[0m Unknown Test ext: ZExtUnknown { Id: 1, Mandatory: true, Encoding: "Z64", Value: 1439002010141331245 }
[2m2026-09-14T11:41:49.447959Z[0m [31mERROR[0m codec_extension ThreadId(12) [2mzenoh_codec::common::extension[0m[2m:[0m Unknown Test ext: ZExtUnknown { Id: 1, Mandatory: true, Encoding: "Z64", Value: 14127162873544230481 }
[2m2026-09-14T11:41:49.447963Z[0m [31mERROR[0m codec_extension ThreadId(12) [2mzenoh_codec::common::extension[0m[2m:[0m Unknown Test ext: ZExtUnknown { Id: 1, Mandatory: true, Encoding: "Z64", Value: 14706253620508224839 }
[2m2026-09-14T11:41:49.447967Z[0m [31mERROR[0m codec_extension ThreadId(12) [2mzenoh_codec::common::extension[0m[2m:[0m Unknown Test ext: ZExtUnknown { Id: 1, Mandatory: true, Encoding: "Z64", Value: 626824539117947583 }
[2m2026-09-14T11:41:49.447971Z[0m [31mERROR[0m codec_extension ThreadId(12) [2mzenoh_codec::common::extension[0m[2m:[0m Unknown Test ext: ZExtUnknown { Id: 1, Mandatory: true, Encoding: "Z64", Value: 14815190342620436045 }
[2m2026-09-14T11:41:49.447975Z[0m [31mERROR[0m codec_extension ThreadId(12) [2mzenoh_codec::common::extension[0m[2m:[0m Unknown Test ext: ZExtUnknown { Id: 1, Mandatory: true, Encoding: "Z64", Value: 13502528299301770002 }
[2m2026-09-14T11:41:49.447979Z[0m [31mERROR[0m codec_extension ThreadId(12) [2mzenoh_codec::common::extension[0m[2m:[0m Unknown Test ext: ZExtUnknown { Id: 1, Mandatory: true, Encoding: "Z64", Value: 1387320513622805672 }
[2m2026-09-14T11:41:49.447983Z[0m [31mERROR[0m codec_extension ThreadId(12) [2mzenoh_codec::common::extension[0m[2m:[0m Unknown Test ext: ZExtUnknown { Id: 1, Mandatory: true, Encoding: "Z64", Value: 14194122302747502255 }
[2m2026-09-14T11:41:49.447986Z[0m [31mERROR[0m codec_extension ThreadId(12) [2mzenoh_codec::common::extension[0m[2m:[0m Unknown Test ext: ZExtUnknown { Id: 1, Mandatory: true, Encoding: "Z64", Value: 15922384980645838519 }
[2m2026-09-14T11:41:49.447991Z[0m [31mERROR[0m codec_extension ThreadId(12) [2mzenoh_codec::common::extension[0m[2m:[0m Unknown Test ext: ZExtUnknown { Id: 1, Mandatory: true, Encoding: "Z64", Value: 12983561102079974885 }
[2m2026-09-14T11:41:49.447994Z[0m [31mERROR[0m codec_extension ThreadId(12) [2mzenoh_codec::common::extension[0m[2m:[0m Unknown Test ext: ZExtUnknown { Id: 1, Mandatory: true, Encoding: "Z64", Value: 10508131139768684049 }
[2m2026-09-14T11:41:49.447998Z[0m [31mERROR[0m codec_extension ThreadId(12) [2mzenoh_codec::common::extension[0m[2m:[0m Unknown Test ext: ZExtUnknown { Id: 1, Mandatory: true, Encoding: "Z64", Value: 928014703532832846 }
[2m2026-09-14T11:41:49.448001Z[0m [31mERROR[0m codec_extension ThreadId(12) [2mzenoh_codec::common::extension[0m[2m:[0m Unknown Test ext: ZExtUnknown { Id: 1, Mandatory: true, Encoding: "Z64", Value: 1600296685213518864 }
[2m2026-09-14T11:41:49.448019Z[0m [31mERROR[0m codec_extension ThreadId(12) [2mzenoh_codec::common::extension[0m[2m:[0m Unknown Test ext: ZExtUnknown { Id: 1, Mandatory: true, Encoding: "Z64", Value: 5384123006777139047 }
[2m2026-09-14T11:41:49.448023Z[0m [31mERROR[0m codec_extension ThreadId(12) [2mzenoh_codec::common::extension[0m[2m:[0m Unknown Test ext: ZExtUnknown { Id: 1, Mandatory: true, Encoding: "Z64", Value: 10626113876114155222 }
[2m2026-09-14T11:41:49.448026Z[0m [31mERROR[0m codec_extension ThreadId(12) [2mzenoh_codec::common::extension[0m[2m:[0m Unknown Test ext: ZExtUnknown { Id: 1, Mandatory: true, Encoding: "Z64", Value: 698800724191587859 }
[2m2026-09-14T11:41:49.448030Z[0m [31mERROR[0m codec_extension ThreadId(12) [2mzenoh_codec::common::extension[0m[2m:[0m Unknown Test ext: ZExtUnknown { Id: 1, Mandatory: true, Encoding: "Z64", Value: 4315469987725248834 }
[2m2026-09-14T11:41:49.448033Z[0m [31mERROR[0m codec_extension ThreadId(12) [2mzenoh_codec::common::extension[0m[2m:[0m Unknown Test ext: ZExtUnknown { Id: 1, Mandatory: true, Encoding: "Z64", Value: 2084930019066916981 }
[2m2026-09-14T11:41:49.448037Z[0m [31mERROR[0m codec_extension ThreadId(12) [2mzenoh_codec::common::extension[0m[2m:[0m Unknown Test ext: ZExtUnknown { Id: 1, Mandatory: true, Encoding: "Z64", Value: 7806764997596303127 }
[2m2026-09-14T11:41:49.448040Z[0m [31mERROR[0m codec_extension ThreadId(12) [2mzenoh_codec::common::extension[0m[2m:[0m Unknown Test ext: ZExtUnknown { Id: 1, Mandatory: true, Encoding: "Z64", Value: 9713398749533869994 }
[2m2026-09-14T11:41:49.448044Z[0m [31mERROR[0m codec_extension ThreadId(12) [2mzenoh_codec::common::extension[0m[2m:[0m Unknown Test ext: ZExtUnknown { Id: 1, Mandatory: true, Encoding: "Z64", Value: 5678233565069557418 }
[2m2026-09-14T11:41:49.448048Z[0m [31mERROR[0m codec_extension ThreadId(12) [2mzenoh_codec::common::extension[0m[2m:[0m Unknown Test ext: ZExtUnknown { Id: 1, Mandatory: true, Encoding: "Z64", Value: 11251145956037218788 }
[2m2026-09-14T11:41:49.448052Z[0m [31mERROR[0m codec_extension ThreadId(12) [2mzenoh_codec::common::extension[0m[2m:[0m Unknown Test ext: ZExtUnknown { Id: 1, Mandatory: true, Encoding: "Z64", Value: 3927356350346272213 }
[2m2026-09-14T11:41:49.448055Z[0m [31mERROR[0m codec_extension ThreadId(12) [2mzenoh_codec::common::extension[0m[2m:[0m Unknown Test ext: ZExtUnknown { Id: 1, Mandatory: true, Encoding: "Z64", Value: 650362678699449119 }
[2m2026-09-14T11:41:49.448059Z[0m [31mERROR[0m codec_extension ThreadId(12) [2mzenoh_codec::common::extension[0m[2m:[0m Unknown Test ext: ZExtUnknown { Id: 1, Mandatory: true, Encoding: "Z64", Value: 11216272385326416609 }
[2m2026-09-14T11:41:49.448062Z[0m [31mERROR[0m codec_extension ThreadId(12) [2mzenoh_codec::common::extension[0m[2m:[0m Unknown Test ext: ZExtUnknown { Id: 1, Mandatory: true, Encoding: "Z64", Value: 15452081044581236413 }
[2m2026-09-14T11:41:49.448066Z[0m [31mERROR[0m codec_extension ThreadId(12) [2mzenoh_codec::common::extension[0m[2m:[0m Unknown Test ext: ZExtUnknown { Id: 1, Mandatory: true, Encoding: "Z64", Value: 6296641845443017564 }
[2m2026-09-14T11:41:49.448069Z[0m [31mERROR[0m codec_extension ThreadId(12) [2mzenoh_codec::common::extension[0m[2m:[0m Unknown Test ext: ZExtUnknown { Id: 1, Mandatory: true, Encoding: "Z64", Value: 151843781763589124 }
[2m2026-09-14T11:41:49.448073Z[0m [31mERROR[0m codec_extension ThreadId(12) [2mzenoh_codec::common::extension[0m[2m:[0m Unknown Test ext: ZExtUnknown { Id: 1, Mandatory: true, Encoding: "Z64", Value: 13570693183846907325 }
[2m2026-09-14T11:41:49.448076Z[0m [31mERROR[0m codec_extension ThreadId(12) [2mzenoh_codec::common::extension[0m[2m:[0m Unknown Test ext: ZExtUnknown { Id: 1, Mandatory: true, Encoding: "Z64", Value: 2407084380219768715 }
[2m2026-09-14T11:41:49.448080Z[0m [31mERROR[0m codec_extension ThreadId(12) [2mzenoh_codec::common::extension[0m[2m:[0m Unknown Test ext: ZExtUnknown { Id: 1, Mandatory: true, Encoding: "Z64", Value: 2225374627211663461 }
[2m2026-09-14T11:41:49.448083Z[0m [31mERROR[0m codec_extension ThreadId(12) [2mzenoh_codec::common::extension[0m[2m:[0m Unknown Test ext: ZExtUnknown { Id: 1, Mandatory: true, Encoding: "Z64", Value: 16582808738544452566 }
[2m2026-09-14T11:41:49.448086Z[0m [31mERROR[0m codec_extension ThreadId(12) [2mzenoh_codec::common::extension[0m[2m:[0m Unknown Test ext: ZExtUnknown { Id: 1, Mandatory: true, Encoding: "Z64", Value: 7956992896110640032 }
[2m2026-09-14T11:41:49.448090Z[0m [31mERROR[0m codec_extension ThreadId(12) [2mzenoh_codec::common::extension[0m[2m:[0m Unknown Test ext: ZExtUnknown { Id: 1, Mandatory: true, Encoding: "Z64", Value: 8294989383688564135 }
[2m2026-09-14T11:41:49.448108Z[0m [31mERROR[0m codec_extension ThreadId(12) [2mzenoh_codec::common::extension[0m[2m:[0m Unknown Test ext: ZExtUnknown { Id: 1, Mandatory: true, Encoding: "Z64", Value: 1982904854678980049 }
[2m2026-09-14T11:41:49.448111Z[0m [31mERROR[0m codec_extension ThreadId(12) [2mzenoh_codec::common::extension[0m[2m:[0m Unknown Test ext: ZExtUnknown { Id: 1, Mandatory: true, Encoding: "Z64", Value: 2015439657026746429 }
[2m2026-09-14T11:41:49.448115Z[0m [31mERROR[0m codec_extension ThreadId(12) [2mzenoh_codec::common::extension[0m[2m:[0m Unknown Test ext: ZExtUnknown { Id: 1, Mandatory: true, Encoding: "Z64", Value: 17587597997979552304 }
[2m2026-09-14T11:41:49.448118Z[0m [31mERROR[0m codec_extension ThreadId(12) [2mzenoh_codec::common::extension[0m[2m:[0m Unknown Test ext: ZExtUnknown { Id: 1, Mandatory: true, Encoding: "Z64", Value: 15340627011403250860 }
[2m2026-09-14T11:41:49.448122Z[0m [31mERROR[0m codec_extension ThreadId(12) [2mzenoh_codec::common::extension[0m[2m:[0m Unknown Test ext: ZExtUnknown { Id: 1, Mandatory: true, Encoding: "Z64", Value: 4731930682959868781 }
[2m2026-09-14T11:41:49.448126Z[0m [31mERROR[0m codec_extension ThreadId(12) [2mzenoh_codec::common::extension[0m[2m:[0m Unknown Test ext: ZExtUnknown { Id: 1, Mandatory: true, Encoding: "Z64", Value: 17111584494929817266 }
[2m2026-09-14T11:41:49.448131Z[0m [31mERROR[0m codec_extension ThreadId(12) [2mzenoh_codec::common::extension[0m[2m:[0m Unknown Test ext: ZExtUnknown { Id: 1, Mandatory: true, Encoding: "Z64", Value: 13106299756550881384 }
[2m2026-09-14T11:41:49.448134Z[0m [31mERROR[0m codec_extension ThreadId(12) [2mzenoh_codec::common::extension[0m[2m:[0m Unknown Test ext: ZExtUnknown { Id: 1, Mandatory: true, Encoding: "Z64", Value: 12200440235031343859 }
[2m2026-09-14T11:41:49.448138Z[0m [31mERROR[0m codec_extension ThreadId(12) [2mzenoh_codec::common::extension[0m[2m:[0m Unknown Test ext: ZExtUnknown { Id: 1, Mandatory: true, Encoding: "Z64", Value: 6556991344391628698 }
[2m2026-09-14T11:41:49.448141Z[0m [31mERROR[0m codec_extension ThreadId(12) [2mzenoh_codec::common::extension[0m[2m:[0m Unknown Test ext: ZExtUnknown { Id: 1, Mandatory: true, Encoding: "Z64", Value: 14510541211766875914 }
[2m2026-09-14T11:41:49.448568Z[0m [31mERROR[0m codec_extension ThreadId(12) [2mzenoh_codec::common::extension[0m[2m:[0m Unknown Test ext: ZExtUnknown { Id: 2, Mandatory: true, Encoding: "ZBuf", Value: ZBuf { slices: [[92, 04, b6, 5a, f4, 25, ab, 24, ff, 23, fc, 1d, 46, 5d, ca, 63, f9, 67, 7a, a1, 08, 5f, 20, ab, b7, 3c, 2e, 13]] } }
[2m2026-09-14T11:41:49.448591Z[0m [31mERROR[0m codec_extension ThreadId(12) [2mzenoh_codec::common::extension[0m[2m:[0m Unknown Test ext: ZExtUnknown { Id: 2, Mandatory: true, Encoding: "ZBuf", Value: ZBuf { slices: [[59, 05, 30, a2, 3d, 67, 89, 9a, bb, 4f, 05, 54, 07, 6c, 5f, d3, 3a]] } }
[2m2026-09-14T11:41:49.448596Z[0m [31mERROR[0m codec_extension ThreadId(12) [2mzenoh_codec::common::extension[0m[2m:[0m Unknown Test ext: ZExtUnknown { Id: 2, Mandatory: true, Encoding: "ZBuf", Value: ZBuf { slices: [[1c, 27, 2b, 7f, d8, 22, 14, 98, 17, a6, 91, 09, 61, 47, 2f, 26, 21, e5, b2, a7, fa, f0, d3, 5a, 97, c9, 7d]] } }
[2m2026-09-14T11:41:49.448616Z[0m [31mERROR[0m codec_extension ThreadId(12) [2mzenoh_codec::common::extension[0m[2m:[0m Unknown Test ext: ZExtUnknown { Id: 2, Mandatory: true, Encoding: "ZBuf", Value: ZBuf { slices: [[eb, 54, 35, 99, f6, e6, ae, 4b, b6, 8b, b2, 71, 3d, 27, b4, 3c, 4f, 53, 21, 7f, 33]] } }
[2m2026-09-14T11:41:49.448635Z[0m [31mERROR[0m codec_extension ThreadId(12) [2mzenoh_codec::common::extension[0m[2m:[0m Unknown Test ext: ZExtUnknown { Id: 2, Mandatory: true, Encoding: "ZBuf", Value: ZBuf { slices: [[50, a1, 63, 66, 9e, 02, 81, c4, 2b, dd, 27, 83, 50, 81, da, ba, 40, 05, 8b, 14, 4a, 83, bd, 74, 07, f4, 24, 40, 96, e2, 64, 69, f1, a0, 4e, 4b, d2, ea, 62, 04, 39, 01, 19, a9, 7f, e5, 69, 21, 80, c8, f3, 53, 92, ed, 7d]] } }
[2m2026-09-14T11:41:49.448642Z[0m [31mERROR[0m codec_extension ThreadId(12) [2mzenoh_codec::common::extension[0m[2m:[0m Unknown Test ext: ZExtUnknown { Id: 2, Mandatory: true, Encoding: "ZBuf", Value: ZBuf { slices: [[ff, cd, 28, 52, e0, c7, 71, c5, 7d, 12, 95, 53, 98, 2f, d2, 56, e8, 93, fa, a0, 81, 17, 13, bb, 63, 75, 27, a8, 73, d7, 7d, 99, ab, 14]] } }
[2m2026-09-14T11:41:49.448662Z[0m [31mERROR[0m codec_extension ThreadId(12) [2mzenoh_codec::common::extension[0m[2m:[0m Unknown Test ext: ZExtUnknown { Id: 2, Mandatory: true, Encoding: "ZBuf", Value: ZBuf { slices: [[d7, 66, 1c, 34, 51, 4d, 7d, 19, a7, 82, f3, 55, ff, f6, 39, 87, 2f, d3, 0b, 28, 1b, 43, 98, 61, b8, 1d, 79, b1, ca, 56, 78, 54]] } }
[2m2026-09-14T11:41:49.448667Z[0m [31mERROR[0m codec_extension ThreadId(12) [2mzenoh_codec::common::extension[0m[2m:[0m Unknown Test ext: ZExtUnknown { Id: 2, Mandatory: true, Encoding: "ZBuf", Value: ZBuf { slices: [[03, 1e, a2, f0, 0f, 9f, 15, 3c, 77, 95, 7b, 97, 4c, 6b, 57, b9, bb, be, 8e, 48]] } }
[2m2026-09-14T11:41:49.448686Z[0m [31mERROR[0m codec_extension ThreadId(12) [2mzenoh_codec::common::extension[0m[2m:[0m Unknown Test ext: ZExtUnknown { Id: 2, Mandatory: true, Encoding: "ZBuf", Value: ZBuf { slices: [[96, 3c, cf, 0c, fd, 10, e9, 6e, 12, 14, f5, 68, 8c, 75, c3, 44, 4b, 71, 3c, 31, f9, 8c, 68, b4, 9d, b8, c1, 70, ce]] } }
[2m2026-09-14T11:41:49.448693Z[0m [31mERROR[0m codec_extension ThreadId(12) [2mzenoh_codec::common::extension[0m[2m:[0m Unknown Test ext: ZExtUnknown { Id: 2, Mandatory: true, Encoding: "ZBuf", Value: ZBuf { slices: [[29, 50, 45, b1, fa, 8a, b9, a7, 30, ff, b5, ad, 2e, b3, a7, f5, 94, 08, 0f]] } }
[2m2026-09-14T11:41:49.448698Z[0m [31mERROR[0m codec_extension ThreadId(12) [2mzenoh_codec::common::extension[0m[2m:[0m Unknown Test ext: ZExtUnknown { Id: 2, Mandatory: true, Encoding: "ZBuf", Value: ZBuf { slices: [[b4, 8c, 13, ef, 91, 8d, 09, f5, 66, eb, 26, 2f, 7e, e6, 98, 79, 24, a4, a4, 77, a7, f4, 26, 69, 60, ec, 54, 40, f9, 2d]] } }
[2m2026-09-14T11:41:49.448718Z[0m [31mERROR[0m codec_extension ThreadId(12) [2mzenoh_codec::common::extension[0m[2m:[0m Unknown Test ext: ZExtUnknown { Id: 2, Mandatory: true, Encoding: "ZBuf", Value: ZBuf { slices: [[8c, 46, 58, 1f, cd, 88, 99, 2c, 93, d9, 4e, f4, 44, f8, 22, 50, c0, d2, 07, 44, 92, cb, db, a7, 62, 63, a3, 9c, 0a, 84, eb, 6f, 59, f0, 6e, 3d, 3d, 73, 26, 28, ba, 82, bb, 51, c9, b7, d2, 0f, bb]] } }
[2m2026-09-14T11:41:49.448725Z[0m [31mERROR[0m codec_extension ThreadId(12) [2mzenoh_codec::common::extension[0m[2m:[0m Unknown Test ext: ZExtUnknown { Id: 2, Mandatory: true, Encoding: "ZBuf", Value: ZBuf { slices: [[09, 9d, 97, 3e, bd, 57, 1e, 89, fb, 9f, c0, ca]] } }
[2m2026-09-14T11:41:49.448744Z[0m [31mERROR[0m codec_extension ThreadId(12) [2mzenoh_codec::common::extension[0m[2m:[0m Unknown Test ext: ZExtUnknown { Id: 2, Mandatory: true, Encoding: "ZBuf", Value: ZBuf { slices: [[fe, 81, 74, 65, 14, 6f, d7, 0d, 93, a0, 8e, 25, 04, 27, 6a, f8, f4, 59, 6e, f5, 3c, f8, 23, 10, 32, 2e, 9d, 66, a4, 8c, a1, 7f, 78, a0, f1, 33, 54, 91, 0a, cb, c1, e4, 50, b6, 56, dc, 3f, 66, 29, 44, 4f, 37, 13]] } }
[2m2026-09-14T11:41:49.448764Z[0m [31mERROR[0m codec_extension ThreadId(12) [2mzenoh_codec::common::extension[0m[2m:[0m Unknown Test ext: ZExtUnknown { Id: 2, Mandatory: true, Encoding: "ZBuf", Value: ZBuf { slices: [[50, 1f, 6c, 07, 37, 00, 9c, 1d, 27, cf, 22, f4, 2e, 6b, 06, 15, 3b, 05, 5c, 6a, 69, d2, 37, b1, 06, 92, 4c, a6, 5a, b9, d9, 88, 6f, e0, b0, bb, f4, 1c, e6, 3e, 96, 64, a1, 53, a1, 00, 60, a5, 00, ed, 50, 74, 0b, 2b, 99, 49, 70, 04, 55, 36, a7]] } }
[2m2026-09-14T11:41:49.448786Z[0m [31mERROR[0m codec_extension ThreadId(12) [2mzenoh_codec::common::extension[0m[2m:[0m Unknown Test ext: ZExtUnknown { Id: 2, Mandatory: true, Encoding: "ZBuf", Value: ZBuf { slices: [[e6, fd, 72, 11, 58, 2c, c1, 9e, e0, a5, 59, 0a, 73, d1, 34, 64, f1, 49, e1, df, 0b, 02]] } }
[2m2026-09-14T11:41:49.448805Z[0m [31mERROR[0m codec_extension ThreadId(12) [2mzenoh_codec::common::extension[0m[2m:[0m Unknown Test ext: ZExtUnknown { Id: 2, Mandatory: true, Encoding: "ZBuf", Value: ZBuf { slices: [[58, 46, a6, 3b, c8, 71, ae, d3, 6e, 5e, 3e, ba, 8a, 09, 0d, d9, 53, 1e, 4f, 52, ab, f7, bb, db, 2b, 60, 4e, 8d, b7, 0b, 7c, bd, c1, ca, 83, 36, 81, 52, ae, 26, cd, cd, d4, e9, 95, e4, 3d, bc, b3, 52, 1c, 97, 19, 09, 13, 50, d6, 27, a1, c5, b9, 22]] } }
[2m2026-09-14T11:41:49.448829Z[0m [31mERROR[0m codec_extension ThreadId(12) [2mzenoh_codec::common::extension[0m[2m:[0m Unknown Test ext: ZExtUnknown { Id: 2, Mandatory: true, Encoding: "ZBuf", Value: ZBuf { slices: [[1a, 87, d1, 5b, da, 09, 6b, 39, af, f5, 1a, 55, f4, 64, 1d, 30, fb, 93, 40, 26, 89, a0, 61, 18, b7, 5e, c2, 93, 45, ec, 39, 6b, e0, a6, c6, e1, 92, b8, 81, fb, d9, 6f, cc, 19, e0, c6]] } }
[2m2026-09-14T11:41:49.448836Z[0m [31mERROR[0m codec_extension ThreadId(12) [2mzenoh_codec::common::extension[0m[2m:[0m Unknown Test ext: ZExtUnknown { Id: 2, Mandatory: true, Encoding: "ZBuf", Value: ZBuf { slices: [[8a, e6, 89, 0c, 50, e1, fb, 4d, cb, 6d, 56, 14, 75, 4a, 79]] } }
[2m2026-09-14T11:41:49.448840Z[0m [31mERROR[0m codec_extension ThreadId(12) [2mzenoh_codec::common::extension[0m[2m:[0m Unknown Test ext: ZExtUnknown { Id: 2, Mandatory: true, Encoding: "ZBuf", Value: ZBuf { slices: [[e8, e6, 35, 52, 7a, d4, 55, e2, 29, d2, 98, dd, 83, b8, 24, 7f, 4c, ba, d5, 1f, fb, 63, 9d, 6b, 2e]] } }
[2m2026-09-14T11:41:49.448865Z[0m [31mERROR[0m codec_extension ThreadId(12) [2mzenoh_codec::common::extension[0m[2m:[0m Unknown Test ext: ZExtUnknown { Id: 2, Mandatory: true, Encoding: "ZBuf", Value: ZBuf { slices: [[a1, 7d, 98, e9, bf, fd, a7, 19, 8d, 38, 98, b3, 59, 13, 70, 0d, 20, 75, e9, 9f, 9a, 29, 07, ae, d5, ac, da, f2, 91, f5, 3a, 3e, 0f, 41, 0b, 2a, 5b, 48, 77, a0, 34, 5e, 0b, 1d, 98, 4e, 6f, 46, 27, 47, 15, a5, 00, 19, 8e, 74, a8, 88, 2d, d6, 5b]] } }
[2m2026-09-14T11:41:49.448898Z[0m [31mERROR[0m codec_extension ThreadId(12) [2mzenoh_codec::common::extension[0m[2m:[0m Unknown Test ext: ZExtUnknown { Id: 2, Mandatory: true, Encoding: "ZBuf", Value: ZBuf { slices: [[4c, 86, 93, 80, 5d, a7, 3a, 53, cc, eb, 6d, d2, fb, f9, 5c, 61, 38, bb, ca, e3, 6f, 73, 76, bd, 6e]] } }
[2m2026-09-14T11:41:49.448904Z[0m [31mERROR[0m codec_extension ThreadId(12) [2mzenoh_codec::common::extension[0m[2m:[0m Unknown Test ext: ZExtUnknown { Id: 2, Mandatory: true, Encoding: "ZBuf", Value: ZBuf { slices: [[64, 23, e7, 5d, 03, c6, d0, 2d, a8, 8c, 27, 28, 3f, 67, 0f, 44, 27, 1a, 60, 60, e5, 62, 7a, c8, ec, 92, 00, 95, b7]] } }
[2m2026-09-14T11:41:49.448910Z[0m [31mERROR[0m codec_extension ThreadId(12) [2mzenoh_codec::common::extension[0m[2m:[0m Unknown Test ext: ZExtUnknown { Id: 2, Mandatory: true, Encoding: "ZBuf", Value: ZBuf { slices: [[92, 9d, f6, e9, 96, f4, 9f, a9, 95, 17]] } }
[2m2026-09-14T11:41:49.448928Z[0m [31mERROR[0m codec_extension ThreadId(12) [2mzenoh_codec::common::extension[0m[2m:[0m Unknown Test ext: ZExtUnknown { Id: 2, Mandatory: true, Encoding: "ZBuf", Value: ZBuf { slices: [[d6, 21, 99, 91, 2f, 17, 48, 8c, b9, 09, 47, 8d, 99, bf, 71, 95, 66, ce, 39, 6f, 3c, 67, 46, cd, 3a, d9, 2a, 84, 3e, 46, 41, 9f, c9, ee, 67, 30, 33, ff, fa, 83, dc, b2, c9, 45]] } }
[2m2026-09-14T11:41:49.448948Z[0m [31mERROR[0m codec_extension ThreadId(12) [2mzenoh_codec::common::extension[0m[2m:[0m Unknown Test ext: ZExtUnknown { Id: 2, Mandatory: true, Encoding: "ZBuf", Value: ZBuf { slices: [[27, 3d, 0a, d1, e5, 52, a1, c8, 1b, fd, fc, 8f, 05, d0, 84, ab, 07, 3a, 3d, bd, 48, 26, 1a, cc, 1c, 8a, 11, 45, 1f, 76, a8, 3c, 0b, 2a, 59, 29, 18, 70, 18, fd, 87, c6, c3, 16, 96, b6, 61]] } }
[2m2026-09-14T11:41:49.448955Z[0m [31mERROR[0m codec_extension ThreadId(12) [2mzenoh_codec::common::extension[0m[2m:[0m Unknown Test ext: ZExtUnknown { Id: 2, Mandatory: true, Encoding: "ZBuf", Value: ZBuf { slices: [[e6, 07, 93, c0, 4a, b4, 82, ab, e4, 39, 04, b2, b1, 57, 53]] } }
[2m2026-09-14T11:41:49.448974Z[0m [31mERROR[0m codec_extension ThreadId(12) [2mzenoh_codec::common::extension[0m[2m:[0m Unknown Test ext: ZExtUnknown { Id: 2, Mandatory: true, Encoding: "ZBuf", Value: ZBuf { slices: [[9a, f7, f8, fc, d4, 1c, b5, 00, 8f, 48, ec, ba, c5, dd, d7, ec, 86, ad, c4, 60, be, 92, 80, 1d, 85, 77, ef, ec, 76, d4, 3d, f0, 37, ec, bb, d4, 18, 57, 86, b6, d1, 73, a1, 61, f5, 99, d4, b8, 25, df, 34, 8a, b8, 42, e4, 26, 90, ad, 9c, 26, a7, 6d, c1, e4]] } }
[2m2026-09-14T11:41:49.448994Z[0m [31mERROR[0m codec_extension ThreadId(12) [2mzenoh_codec::common::extension[0m[2m:[0m Unknown Test ext: ZExtUnknown { Id: 2, Mandatory: true, Encoding: "ZBuf", Value: ZBuf { slices: [[52, 9a, 43, 86, d9, 63, b7, e8, a4, 8f, 46, 95, 5d, a5, 44]] } }
[2m2026-09-14T11:41:49.448999Z[0m [31mERROR[0m codec_extension ThreadId(12) [2mzenoh_codec::common::extension[0m[2m:[0m Unknown Test ext: ZExtUnknown { Id: 2, Mandatory: true, Encoding: "ZBuf", Value: ZBuf { slices: [[de, 10, 5a, b8, 10, 13, b2, 48, 30, b0, fc, f2, 6e, 82, 8e, 50, b3, 5e, 4f, d7, 5b, 39, 8f, 8e, a9, 3d, 78, 51, 42, e2]] } }
[2m2026-09-14T11:41:49.449005Z[0m [31mERROR[0m codec_extension ThreadId(12) [2mzenoh_codec::common::extension[0m[2m:[0m Unknown Test ext: ZExtUnknown { Id: 2, Mandatory: true, Encoding: "ZBuf", Value: ZBuf { slices: [[2e, 4e, 53, dc, cb, e7, bb, 82, 53, c8]] } }
[2m2026-09-14T11:41:49.449024Z[0m [31mERROR[0m codec_extension ThreadId(12) [2mzenoh_codec::common::extension[0m[2m:[0m Unknown Test ext: ZExtUnknown { Id: 2, Mandatory: true, Encoding: "ZBuf", Value: ZBuf { slices: [[05, b4, 5a, 6a, ed, cd, c7, 11, 04, 3b, 5a, 35, 9e, df, c0, 9f, b6, 53, d3, a6, 75, c4, fe, cb, 2c, 0c, 59, 03, 3b, 66, 59, ff, 74, ef, 39, 98, 1e, 2a, 23, 94]] } }
[2m2026-09-14T11:41:49.449030Z[0m [31mERROR[0m codec_extension ThreadId(12) [2mzenoh_codec::common::extension[0m[2m:[0m Unknown Test ext: ZExtUnknown { Id: 2, Mandatory: true, Encoding: "ZBuf", Value: ZBuf { slices: [[43, 15, e6, 15, a5, 96, e3, ce, c4, c1, 9e, ed, b6, be, ad, 50, 9c, 69, 41, cb, df, fb, d7, 59, 41, 90, ef, c7, 49, 2e]] } }
[2m2026-09-14T11:41:49.449050Z[0m [31mERROR[0m codec_extension ThreadId(12) [2mzenoh_codec::common::extension[0m[2m:[0m Unknown Test ext: ZExtUnknown { Id: 2, Mandatory: true, Encoding: "ZBuf", Value: ZBuf { slices: [[d3, d4, ab, 2a, 2a, 11, 9c, 70, 88, 0f, 0a, 45, 2c, 26, 99, 7c, 72, 61, a6, 9f, ca, e9, e2, 67, 6d, 1e, 9f, 24, 1b, de, 37, 71, 09, 21, e0, 9c, b3, b1, a7, 69, 9d, 36, 9b, c9, 38, 08]] } }
[2m2026-09-14T11:41:49.449070Z[0m [31mERROR[0m codec_extension ThreadId(12) [2mzenoh_codec::common::extension[0m[2m:[0m Unknown Test ext: ZExtUnknown { Id: 2, Mandatory: true, Encoding: "ZBuf", Value: ZBuf { slices: [[71, e0, 89, 5b, dd, 8f, 7e, 70, f2, 7e, 5c, b6, 25, 57, 8d, a0, c0, 7b, 1c, 0e, b0, eb, d6, 05, 9b, 26]] } }
[2m2026-09-14T11:41:49.449097Z[0m [31mERROR[0m codec_extension ThreadId(12) [2mzenoh_codec::common::extension[0m[2m:[0m Unknown Test ext: ZExtUnknown { Id: 2, Mandatory: true, Encoding: "ZBuf", Value: ZBuf { slices: [[5d, 60, 2c, 65, d4, 0e, 14, 7a, f5, b4, 6e, f0, 0b, cf, fd, d4, c7, bd, b3, d0, 01, 1d, 1d, 08, b0, d9, d1, 1c, 2c, 6c, 93, 24, 4f, f9, a1, 16, b7, e7, e5, 8e, 0a, 68, ef, cb, f6, 67, c5, 8d, 63, ea, 1c, af, 38, c4, 0a, 8b]] } }
[2m2026-09-14T11:41:49.449104Z[0m [31mERROR[0m codec_extension ThreadId(12) [2mzenoh_codec::common::extension[0m[2m:[0m Unknown Test ext: ZExtUnknown { Id: 2, Mandatory: true, Encoding: "ZBuf", Value: ZBuf { slices: [[76, af, 23, 3e, af, 6f, fa, 36, 17, 79, 5b, 7a, 7c, 96, 91, ab, c9, a0, f7, 54, 3f, 11, c2, ea, e5, df, f2, c2, 81, 10, e6, b0, dc, ac, 3d, 1c, 26, 92, 24, e1, b0, b5, 7f, 41, 9c, c4, b6]] } }
[2m2026-09-14T11:41:49.449124Z[0m [31mERROR[0m codec_extension ThreadId(12) [2mzenoh_codec::common::extension[0m[2m:[0m Unknown Test ext: ZExtUnknown { Id: 2, Mandatory: true, Encoding: "ZBuf", Value: ZBuf { slices: [[fe, 00, 32, df, 92, a4, 37, 4f, 63, d9, 82, 2e, 50, f1, 03, 4b, 38, 64, 10, 16, af, a2, 69, 34, b8, e2, 24, a2, bc, eb]] } }
[2m2026-09-14T11:41:49.449143Z[0m [31mERROR[0m codec_extension ThreadId(12) [2mzenoh_codec::common::extension[0m[2m:[0m Unknown Test ext: ZExtUnknown { Id: 2, Mandatory: true, Encoding: "ZBuf", Value: ZBuf { slices: [[89, 9b, 99, 77, d9, a7, 30, 28, c1, fc, 1b, 62, 1f, 6c, c4, 46, dc, e9, 1c, b0, e3, 50, bf, 69, 75, b8, 39, e6, aa, f9, 9d, 4b, 90, ea, 57, ab, e4, a3, b0, df, 76, 8b, ba, a4, 81, de, 27, 9f, 90, 43]] } }
[2m2026-09-14T11:41:49.449150Z[0m [31mERROR[0m codec_extension ThreadId(12) [2mzenoh_codec::common::extension[0m[2m:[0m Unknown Test ext: ZExtUnknown { Id: 2, Mandatory: true, Encoding: "ZBuf", Value: ZBuf { slices: [[bb, e6, 4a, ba, 59, bf, 9a, 14, 22, 43, 0d, ce, b2, 28, ad, 84, 03, a2, f8, 6b, b1, 80, b4]] } }
[2m2026-09-14T11:41:49.449172Z[0m [31mERROR[0m codec_extension ThreadId(12) [2mzenoh_codec::common::extension[0m[2m:[0m Unknown Test ext: ZExtUnknown { Id: 2, Mandatory: true, Encoding: "ZBuf", Value: ZBuf { slices: [[c4, c0, 29, 84, 74, 3e, 0f, 7d, c8, 66, 5d, ad, 04, 85, 81, 15, 5f, 08, 31, e1, 00, 22, e3, 7a, 3f, 23, 2e, db, 61, bc, a8, db, a2, c7, 49, 5c, d6, 18, c3]] } }
[2m2026-09-14T11:41:49.449192Z[0m [31mERROR[0m codec_extension ThreadId(12) [2mzenoh_codec::common::extension[0m[2m:[0m Unknown Test ext: ZExtUnknown { Id: 2, Mandatory: true, Encoding: "ZBuf", Value: ZBuf { slices: [[06, 05, ca, ed, eb, 75, 8b, 63, 2c, 33, 1b, 9e, f0, 39, 4a, 8c, 7c, c3, 1d, 9b, 41, eb, d5, c3, 28, 70, ac, 0b, 8e, ed, df, 10, 56, 1f, 8f, bb, 49, 93, 1e, 8e]] } }
[2m2026-09-14T11:41:49.449199Z[0m [31mERROR[0m codec_extension ThreadId(12) [2mzenoh_codec::common::extension[0m[2m:[0m Unknown Test ext: ZExtUnknown { Id: 2, Mandatory: true, Encoding: "ZBuf", Value: ZBuf { slices: [[34, f4, 70, 9a, dd, a1, b4, 4e, 1a, f6, 23, c1, 6c, 39, 0f, fb, dc, ee, 63, fe, d9, 32, b7, 91, e7, f6, d2, bb, cf, bc, a7, 06, af, f3, 33, 0b, 61, c7, b1, 3c, 81, 88]] } }
[2m2026-09-14T11:41:49.449223Z[0m [31mERROR[0m codec_extension ThreadId(12) [2mzenoh_codec::common::extension[0m[2m:[0m Unknown Test ext: ZExtUnknown { Id: 2, Mandatory: true, Encoding: "ZBuf", Value: ZBuf { slices: [[87, 28, 62, e6, 31, c1, ed, 8f, ab, d1, a5, d2, 9d, 44, f7, c5, 17, 74, b6, 24, bb, b8, b7, 32, cd, 67, 9b, db, ec, ca, bb, e1, 66, 20, 96]] } }
[2m2026-09-14T11:41:49.449243Z[0m [31mERROR[0m codec_extension ThreadId(12) [2mzenoh_codec::common::extension[0m[2m:[0m Unknown Test ext: ZExtUnknown { Id: 2, Mandatory: true, Encoding: "ZBuf", Value: ZBuf { slices: [[df, 81, ac, 69, 46, 4b, 5a, 5c, 34, 4d, 22, b9, 9d, 76, da, 8a, 12, a4, 4d, 03, 10, 3b, 94, 39, d2, fc, 56, 4a, 0c, c6, ce, 66, 1e, 2f, cb, 65, c4, c8, 4f, ab, ce, fd, 64, 12, 31, ec, 8b, 71, 07, b5, 9e, 3d, f8, 5c, cf, 60, 0e, bb, 87, 70]] } }
[2m2026-09-14T11:41:49.449250Z[0m [31mERROR[0m codec_extension ThreadId(12) [2mzenoh_codec::common::extension[0m[2m:[0m Unknown Test ext: ZExtUnknown { Id: 2, Mandatory: true, Encoding: "ZBuf", Value: ZBuf { slices: [[07, 53, 4b, e4, aa, 82, e8, 8b, 68, d3, 4a, 54, 19, 0d, b8, e6, 3f, e6, f9, 3b]] } }
[2m2026-09-14T11:41:49.449268Z[0m [31mERROR[0m codec_extension ThreadId(12) [2mzenoh_codec::common::extension[0m[2m:[0m Unknown Test ext: ZExtUnknown { Id: 2, Mandatory: true, Encoding: "ZBuf", Value: ZBuf { slices: [[51, 85, 43, 04, db, 2c, ad, a2, 60, 9e, f0, 19, fd, 53, 9d, 97, f8, 9f, 1b, e0, 7b, c4, 2a, 83, 75, 00, 11, 7d, 4b, ba, 44, 92, 2b, 5f, 09, 3c, 30, bb, 63, 69, 3b, b6, a6, 30, eb, 4b, 91, a8, 14, bc, 8b, 9d, ed, 11, 86, 12, f8, df, bc, dc, 3e, 7b, e9, 1a]] } }
[2m2026-09-14T11:41:49.449290Z[0m [31mERROR[0m codec_extension ThreadId(12) [2mzenoh_codec::common::extension[0m[2m:[0m Unknown Test ext: ZExtUnknown { Id: 2, Mandatory: true, Encoding: "ZBuf", Value: ZBuf { slices: [[30, 78, 9f, bc, 3c, c4, c9, b0, f0, 32, 76, ed, df, 7b, 84, 79, db, d1, a6, 62, 21, b7, a3, ae, 24, 00, 4d, 36, 5c, 42, ae, c4, c2, e9, c7, f7, 51, 93, a4, 7f, 94, 4e, 06, f4, 36, 5a, 5b, 26, ec, ab, 99, 7a, 0b, 15, 18, 11, a3, c3, 44, 5c, 3b]] } }
[2m2026-09-14T11:41:49.449310Z[0m [31mERROR[0m codec_extension ThreadId(12) [2mzenoh_codec::common::extension[0m[2m:[0m Unknown Test ext: ZExtUnknown { Id: 2, Mandatory: true, Encoding: "ZBuf", Value: ZBuf { slices: [[a8, 91, 77, 52, b0, b7, 9d, 25, 8b, 48, 04, 3b, d1, f8, 2e, 02, 13, 0c, 74, 51, 85, b7, ec, e5, 6a, 86, 22, f3, 63, bf, 2a, 67, cb, f9, 43, 5f, 8a]] } }
[2m2026-09-14T11:41:49.449330Z[0m [31mERROR[0m codec_extension ThreadId(12) [2mzenoh_codec::common::extension[0m[2m:[0m Unknown Test ext: ZExtUnknown { Id: 2, Mandatory: true, Encoding: "ZBuf", Value: ZBuf { slices: [[b7, d5, 89, c4, 04, cf, 96, 2f, 2f, 3a, 77, f8, e0, 35, ea, 71, e9, d8, 7c, 37, 1a, 2c, c3, d5, c5, 26, c3, 7a, f8, 82, 9e, 1a, 95, 15, c6, 3f, a8, 2e, c9, 15, db, 40, 35, 8b, b0, 93, 1d]] } }
[2m2026-09-14T11:41:49.449336Z[0m [31mERROR[0m codec_extension ThreadId(12) [2mzenoh_codec::common::extension[0m[2m:[0m Unknown Test ext: ZExtUnknown { Id: 2, Mandatory: true, Encoding: "ZBuf", Value: ZBuf { slices: [[a2, e2, 38, 30, 9b, 25, b3, 16, b4, ba, 68, 5a, f1, d2, 18, 5a, 08, c7, 8b, 3d, 1c, 36, 2f, 39, 0e, c4, 66, 49, 14, 52, df, 48, d2, 0e, 28, 86, a9, 92]] } }
[2m2026-09-14T11:41:49.449356Z[0m [31mERROR[0m codec_extension ThreadId(12) [2mzenoh_codec::common::extension[0m[2m:[0m Unknown Test ext: ZExtUnknown { Id: 2, Mandatory: true, Encoding: "ZBuf", Value: ZBuf { slices: [[53, 47, 0d, c2, 96, 86, dc, e1, 08, 9c, 6d, 1d, d9, 65, f0, 7c, d1, 1b, 67, be, ee, e4, 93, c6, 23, 78, 9c, 15]] } }
[2m2026-09-14T11:41:49.449362Z[0m [31mERROR[0m codec_extension ThreadId(12) [2mzenoh_codec::common::extension[0m[2m:[0m Unknown Test ext: ZExtUnknown { Id: 2, Mandatory: true, Encoding: "ZBuf", Value: ZBuf { slices: [[92, a7, 57, c2, 16, d1, fd, df, fe, 1c, 11, 32, 81, 25, c2, ce, ab, f8, 49, b9, ed, a9, f3, 86, 90, 1c, f7, 88, de, 7b, d9]] } }
[2m2026-09-14T11:41:49.449382Z[0m [31mERROR[0m codec_extension ThreadId(12) [2mzenoh_codec::common::extension[0m[2m:[0m Unknown Test ext: ZExtUnknown { Id: 2, Mandatory: true, Encoding: "ZBuf", Value: ZBuf { slices: [[44, d6, fd, 07, 64, da, b9, 79, 1f, 26, 7b, 4b, 95, 4e, 67, 08, 5a, 8a, 1b, a7, 71, 41, 10, 48, 9d, 18, aa, 1c, 50, 29, 0d, 06, 9e, 11, 92, b4, 54, e5, 1d, 26]] } }
[2m2026-09-14T11:41:49.449402Z[0m [31mERROR[0m codec_extension ThreadId(12) [2mzenoh_codec::common::extension[0m[2m:[0m Unknown Test ext: ZExtUnknown { Id: 2, Mandatory: true, Encoding: "ZBuf", Value: ZBuf { slices: [[db, 27, 79, 22, 63, 0e, 62, 39, bb, dc, 64, 67, 8a, a0, d9, f7, 27, 5c, fe, 94, 77, c8, df, f4, 3c, 5c, c8, b2, 67, 8e, 0b, 6b, 49, b0, bf, 04, 95, 56, 68, 4b, 33, df, 0b, 25, 3e, b1, 96, a0, a5, 56, 74, d0, c8, f3, f9, 64, 3a, 72, f9]] } }
[2m2026-09-14T11:41:49.449423Z[0m [31mERROR[0m codec_extension ThreadId(12) [2mzenoh_codec::common::extension[0m[2m:[0m Unknown Test ext: ZExtUnknown { Id: 2, Mandatory: true, Encoding: "ZBuf", Value: ZBuf { slices: [[86, 5a, e4, e3, d9, 72, 17, 5d, 39, ef, c6, 6b, cd, e6, 57, c3, a3, 45, 1d, 17, c3, b3, 5b, 6b, 65, bc, a6, 6b, aa, 48, 61, cc, cf, a5, 37, f0, 72, 67, 23, 7c, 78, 4b, 52, 7f, bf, e9, 9e, 29, 14, 6b, 26, 5c, 88, cc, 29, 6e, 18, 64]] } }
[2m2026-09-14T11:41:49.449443Z[0m [31mERROR[0m codec_extension ThreadId(12) [2mzenoh_codec::common::extension[0m[2m:[0m Unknown Test ext: ZExtUnknown { Id: 2, Mandatory: true, Encoding: "ZBuf", Value: ZBuf { slices: [[0e, 81, 37, e1, a6, b5, 66, bf, 89, 15, de, e8, 23, c1, 2b, 73, 61, 4a, 67, a0, 56, 7f, 40, 8e, 35, c3, 28, ae, b6, e0, 31, eb, a1, 5d, 0f, 2c, e0, 3e, 1a, 7d]] } }
[2m2026-09-14T11:41:49.449464Z[0m [31mERROR[0m codec_extension ThreadId(12) [2mzenoh_codec::common::extension[0m[2m:[0m Unknown Test ext: ZExtUnknown { Id: 2, Mandatory: true, Encoding: "ZBuf", Value: ZBuf { slices: [[51, ae, ed, 99, ae, 3d, 3c, f1, f8, ca, 5d, 3c, b1, 58, a8, 57, 57, 3d, b0, c6, 33, 8c, ac, 7a, ba, 97, 2c, fa, 6c, 22, 07, d3, d3, 94, d0, ba, a4, 14, 78, 00, 67, 23, bd, 31, ac, ae, 8a, 6b, 94, 03, b9, d3, c4, c6, c4, e9, de, b9, 86]] } }
[2m2026-09-14T11:41:49.449470Z[0m [31mERROR[0m codec_extension ThreadId(12) [2mzenoh_codec::common::extension[0m[2m:[0m Unknown Test ext: ZExtUnknown { Id: 2, Mandatory: true, Encoding: "ZBuf", Value: ZBuf { slices: [[2d, f4, 06, e2, af, 91, 3d, 7b, 15, 2d, 05, 52, 62, ec]] } }
[2m2026-09-14T11:41:49.449475Z[0m [31mERROR[0m codec_extension ThreadId(12) [2mzenoh_codec::common::extension[0m[2m:[0m Unknown Test ext: ZExtUnknown { Id: 2, Mandatory: true, Encoding: "ZBuf", Value: ZBuf { slices: [[c8, 30, ac, e5, b3, 0b, 3d, 6d, 1c, fd]] } }
[2m2026-09-14T11:41:49.449479Z[0m [31mERROR[0m codec_extension ThreadId(12) [2mzenoh_codec::common::extension[0m[2m:[0m Unknown Test ext: ZExtUnknown { Id: 2, Mandatory: true, Encoding: "ZBuf", Value: ZBuf { slices: [[92, d0, ee, b4, bb, 0f, 74, bc, 38]] } }
[2m2026-09-14T11:41:49.449498Z[0m [31mERROR[0m codec_extension ThreadId(12) [2mzenoh_codec::common::extension[0m[2m:[0m Unknown Test ext: ZExtUnknown { Id: 2, Mandatory: true, Encoding: "ZBuf", Value: ZBuf { slices: [[a2, 85, c0, 6d, 33, fd, 47, 9f, d4, ca, fb, 17, 7a, 92, 9c, 7d, f0, f1, a7, 96, 9b, 63, 58, 7e, ac, 17, b7, ea, 9e, ce, eb, 01, 82, 6d, 8f, 64, 98, d0, 51, eb, db, f6, c9, 38, 4c, 9d, 8a, ba, b3, b6, 05, 73, e7, 16, cb, b7, 69, 09, 61, 40, c3, ac]] } }
[2m2026-09-14T11:41:49.449520Z[0m [31mERROR[0m codec_extension ThreadId(12) [2mzenoh_codec::common::extension[0m[2m:[0m Unknown Test ext: ZExtUnknown { Id: 2, Mandatory: true, Encoding: "ZBuf", Value: ZBuf { slices: [[88, ba, ad, ee, 11, ac, d9, 09, 32, c0, bc, 7e, 0b, 9f, f1, 83, ed, 1b, cd, 63, f1, 0c, 1d, c3, 5b, 53, df, f6, 1d, b2, 34, 4c, 7c, c7, 59, 0a, 50, f3, e9, 6d, a9, 35, 61, 96, 3d, 2e, 19, 83, 52, e3, e8, 23, 46, 9a, 7b, 73, da, 7b, 29, a2, 61, 18]] } }
[2m2026-09-14T11:41:49.449542Z[0m [31mERROR[0m codec_extension ThreadId(12) [2mzenoh_codec::common::extension[0m[2m:[0m Unknown Test ext: ZExtUnknown { Id: 2, Mandatory: true, Encoding: "ZBuf", Value: ZBuf { slices: [[b6, ff, 8b, ad, 03, 3d, 29, 99, 5d, f7, 78, ea, d6, 4c, 4c, 90, a5, d7, dc, 78, ee, 35, 1e, 0f, 15, 78, 86, 46, 1c, 88, b4, 15, 3f, 1d, 50, 6c, 22, c8, fd, cc, ce, a9, 5c, 50, 85, ee, 47, b3, c9, 67, 3c, 86, df, c6, 1f, 3a, 33, a7, 0a, a1, 2c, b3, 75]] } }
[2m2026-09-14T11:41:49.449563Z[0m [31mERROR[0m codec_extension ThreadId(12) [2mzenoh_codec::common::extension[0m[2m:[0m Unknown Test ext: ZExtUnknown { Id: 2, Mandatory: true, Encoding: "ZBuf", Value: ZBuf { slices: [[70, ae, 4a, 43, 80, 57, be, 41, 57, a4, 7a, a8, 97, aa, 5d, 8b, 0e, e9, f4, 91, d9, 9f, 49, 48, 8e, d3, b8, b4, 5b, 99, 3f, 1c, be, 67, 3c, dc, a2, f5, 95, 4b, e1, 2a, 63, a6, 92]] } }
[2m2026-09-14T11:41:49.449583Z[0m [31mERROR[0m codec_extension ThreadId(12) [2mzenoh_codec::common::extension[0m[2m:[0m Unknown Test ext: ZExtUnknown { Id: 2, Mandatory: true, Encoding: "ZBuf", Value: ZBuf { slices: [[c1, 16, 7a, 2e, 73, 82, 51, 32, 81, aa, 8a, 5f, 49, 1b, 33, b4, 6b, 31, 08, 80, a9, 7b, 84, f0, 4f, ff, dc, 75, 76, ee, 99, 44, 80, 5b, f3, 3c, ee, 89, eb, 2d, 57, e4, 20, b6]] } }
[2m2026-09-14T11:41:49.449603Z[0m [31mERROR[0m codec_extension ThreadId(12) [2mzenoh_codec::common::extension[0m[2m:[0m Unknown Test ext: ZExtUnknown { Id: 2, Mandatory: true, Encoding: "ZBuf", Value: ZBuf { slices: [[73, bb, 38, c5, 5f, 39, 63, c5, 14, 90, b9, 44, 00, 61, 2c, f3, 3b, 6c, de, e6, 5b, ca, ee, 5b, 79, ea, a3, a6, 49, 46, 76, 41, 93, e1, 6a, e8, e6, f0, c8, e2, 92, c4, 2a, 35, cb, 66, 15, c3, a7, ca, ab, 2a, ea, a4, a3, 53]] } }
[2m2026-09-14T11:41:49.449610Z[0m [31mERROR[0m codec_extension ThreadId(12) [2mzenoh_codec::common::extension[0m[2m:[0m Unknown Test ext: ZExtUnknown { Id: 2, Mandatory: true, Encoding: "ZBuf", Value: ZBuf { slices: [[bd, af, b9, f8, 5b, c9, fa, 94, 02, 96, f5, c0, 95, 9d, 71, 8c, 90, 65, 2f, d8, b6, fd, d0, 95, bf, d5]] } }
[2m2026-09-14T11:41:49.449629Z[0m [31mERROR[0m codec_extension ThreadId(12) [2mzenoh_codec::common::extension[0m[2m:[0m Unknown Test ext: ZExtUnknown { Id: 2, Mandatory: true, Encoding: "ZBuf", Value: ZBuf { slices: [[3b, 4d, 07, ba, dc, 0b, 7f, 09, 68, d4, 4a, b1, 89, 64, b3, b2, 35, da, b9, e8, 1a, d8, ff, 02, 1a, 45, 66, f9, 9d, 6a, 10, f4, 8c, c3, 74, e7, 12, 9e, 6f, 8e, 23, ce, 17, c5, ed, d3, b2, 45, b5, f1, 79, 29, 99, 16]] } }
[2m2026-09-14T11:41:49.449649Z[0m [31mERROR[0m codec_extension ThreadId(12) [2mzenoh_codec::common::extension[0m[2m:[0m Unknown Test ext: ZExtUnknown { Id: 2, Mandatory: true, Encoding: "ZBuf", Value: ZBuf { slices: [[f6, bf, 0c, 23, e2, b2, e1, 28, f1, e7, 9a, 61, 1a, f2, 65, 75, 0c, d1, 19, 1a, 5a, d4, 27, 9b, 48, a9, 2a, 3d, 17, ba, 58, b9, 41, 57, 69, db, fe, be, 25, 51, bf, 4e, 51]] } }
[2m2026-09-14T11:41:49.449655Z[0m [31mERROR[0m codec_extension ThreadId(12) [2mzenoh_codec::common::extension[0m[2m:[0m Unknown Test ext: ZExtUnknown { Id: 2, Mandatory: true, Encoding: "ZBuf", Value: ZBuf { slices: [[47, e0, 8c, a5, d2, f0, e7, 9e, c4, be, 60]] } }
[2m2026-09-14T11:41:49.449674Z[0m [31mERROR[0m codec_extension ThreadId(12) [2mzenoh_codec::common::extension[0m[2m:[0m Unknown Test ext: ZExtUnknown { Id: 2, Mandatory: true, Encoding: "ZBuf", Value: ZBuf { slices: [[8d, a3, 86, 8a, 57, d5, fc, 2d, 03, 74, e0, 54, c5, 9e, 35, 64, 10, d1, fe, 2c, cb, 33, 85, ae, 88, e2, 44, 57, 69, d6, 32, ec, 1b, c2]] } }
[2m2026-09-14T11:41:49.449679Z[0m [31mERROR[0m codec_extension ThreadId(12) [2mzenoh_codec::common::extension[0m[2m:[0m Unknown Test ext: ZExtUnknown { Id: 2, Mandatory: true, Encoding: "ZBuf", Value: ZBuf { slices: [[22, 53, 40, 4b, ed, 06, fd, 2d, 8b, c3, 9c, 33, 9b, 50, 29, 05, 0e, 0e, 4c, 70, 6b, 6a, 90, 68, 0b, f7, 1d, dd, 79, 65, b6, 39, ad, 09, 8a, 34, 71, 65, fa, b4, 3c, ad, 8a, cc, a5, 86, e5, 0f, f5, 4d]] } }
[2m2026-09-14T11:41:49.449701Z[0m [31mERROR[0m codec_extension ThreadId(12) [2mzenoh_codec::common::extension[0m[2m:[0m Unknown Test ext: ZExtUnknown { Id: 2, Mandatory: true, Encoding: "ZBuf", Value: ZBuf { slices: [[d3, 84, 18, 1e, 59, 3f, de, e2, ea, da, ed, 1a, 13, 47, 86, 1c, 6f, 06, 3a, 39, f7, 12, e4, 8a, 21, fa, 76, 58, f3, 94, fd, 60, f3, 16, cb, ca, 25, f3, 13, be, 4c, b3]] } }
[2m2026-09-14T11:41:49.449707Z[0m [31mERROR[0m codec_extension ThreadId(12) [2mzenoh_codec::common::extension[0m[2m:[0m Unknown Test ext: ZExtUnknown { Id: 2, Mandatory: true, Encoding: "ZBuf", Value: ZBuf { slices: [[3b, fb, 7a, d8, 8c, fc, de, 8d, 20, bc, f5, d4, cd, c1]] } }
[2m2026-09-14T11:41:49.449726Z[0m [31mERROR[0m codec_extension ThreadId(12) [2mzenoh_codec::common::extension[0m[2m:[0m Unknown Test ext: ZExtUnknown { Id: 2, Mandatory: true, Encoding: "ZBuf", Value: ZBuf { slices: [[71, 39, 7f, 00, f1, f7, 40, eb, af, 1b, c5, 59, 30, 72, f9, 09, 74, 60, 74, 96, 23]] } }
[2m2026-09-14T11:41:49.449731Z[0m [31mERROR[0m codec_extension ThreadId(12) [2mzenoh_codec::common::extension[0m[2m:[0m Unknown Test ext: ZExtUnknown { Id: 2, Mandatory: true, Encoding: "ZBuf", Value: ZBuf { slices: [[72, b2, ea, 63, 61, fa, dd, 56, c8, 18, fa, 2c, 87, c1, 59, 78, 83, 6e, c2, 95]] } }
[2m2026-09-14T11:41:49.449750Z[0m [31mERROR[0m codec_extension ThreadId(12) [2mzenoh_codec::common::extension[0m[2m:[0m Unknown Test ext: ZExtUnknown { Id: 2, Mandatory: true, Encoding: "ZBuf", Value: ZBuf { slices: [[66, d0, bc, 11, 5f, e8, 33, 2b, 1d, 79, 37, d8, e0, 03, 48, 51, 1c, 8b, f9, ef, 06, aa, 05, 71, 26, 50, 54, c1, 41, 33, 48, b3, 5c, 61, 74, a1, 8c, f3, d6, 86, ac, 02, 1b, fa, 37, a9, 38, b7, 0a, 20, 39, b9, 4e, 96, 0b, 58, 95, a8, ce]] } }
[2m2026-09-14T11:41:49.449757Z[0m [31mERROR[0m codec_extension ThreadId(12) [2mzenoh_codec::common::extension[0m[2m:[0m Unknown Test ext: ZExtUnknown { Id: 2, Mandatory: true, Encoding: "ZBuf", Value: ZBuf { slices: [[dd, 47, 64, c0, fa, 51, bc, db, a5, ed, 1b]] } }
[2m2026-09-14T11:41:49.449776Z[0m [31mERROR[0m codec_extension ThreadId(12) [2mzenoh_codec::common::extension[0m[2m:[0m Unknown Test ext: ZExtUnknown { Id: 2, Mandatory: true, Encoding: "ZBuf", Value: ZBuf { slices: [[f3, ea, 31, d3, 51, 66, 98, 65, 4b, 2f, a5, 12, 77, d5, fb, 2f, e7, 1a, 14, 09, 08, f9, ee, 3e, 64, 78, d5, 38, a0, 26, ee, b4, 3e, 5d, e4, fa, b4, fb, e4, 3f, e4, 6b, d1, 11, f1, 9d, b7, 9f, a9, 40, fb, 33, 7f, fb, 5a, 4a, 66]] } }
[2m2026-09-14T11:41:49.449796Z[0m [31mERROR[0m codec_extension ThreadId(12) [2mzenoh_codec::common::extension[0m[2m:[0m Unknown Test ext: ZExtUnknown { Id: 2, Mandatory: true, Encoding: "ZBuf", Value: ZBuf { slices: [[69, 5d, 79, c8, 9d, 98, 1b, 77, 06, 59, 8b, fc, e9, f4, 4a, 38, dc]] } }
[2m2026-09-14T11:41:49.449801Z[0m [31mERROR[0m codec_extension ThreadId(12) [2mzenoh_codec::common::extension[0m[2m:[0m Unknown Test ext: ZExtUnknown { Id: 2, Mandatory: true, Encoding: "ZBuf", Value: ZBuf { slices: [[70, 31, e0, 90, 43, 94, 1c, 98, 04, ca, a9, a7, 18, 56, ac, cd, b8, a9, e1, 1e, 0d, 58, 18, 1a, a8, 62, 85, 2c, 4d, 37, ba, 2b, 48, b5, e9, fc, 95, 95, e4, 2a, 14, b7, c9, 64]] } }
[2m2026-09-14T11:41:49.449821Z[0m [31mERROR[0m codec_extension ThreadId(12) [2mzenoh_codec::common::extension[0m[2m:[0m Unknown Test ext: ZExtUnknown { Id: 2, Mandatory: true, Encoding: "ZBuf", Value: ZBuf { slices: [[e0, b2, 66, f2, 12, 79, 7f, 79, 57, 7f, ee, 97, c7, 7b, 00, 66, b6, aa, 05, 22, 35, 3d, 82, 55, 4f, f8, 1d, fe, f9, 19, 16, 3e, 7e, f2, 90, e0, 6f, 18, 2d, ae, bd, 6c]] } }
[2m2026-09-14T11:41:49.449841Z[0m [31mERROR[0m codec_extension ThreadId(12) [2mzenoh_codec::common::extension[0m[2m:[0m Unknown Test ext: ZExtUnknown { Id: 2, Mandatory: true, Encoding: "ZBuf", Value: ZBuf { slices: [[4c, a6, d2, b4, f3, 9b, 70, 91, 57, e5, 8e, 8a, 0b, 30, d3, 66, da, ad, f5, 74, a8, 77, 27, 08, 60, 45, 5a, 2c, 01, 9a, 52, 2a, 41, 03, 02, fb, ae, 4c, 34]] } }
[2m2026-09-14T11:41:49.449855Z[0m [31mERROR[0m codec_extension ThreadId(12) [2mzenoh_codec::common::extension[0m[2m:[0m Unknown Test ext: ZExtUnknown { Id: 2, Mandatory: true, Encoding: "ZBuf", Value: ZBuf { slices: [[a8, 83, f7, 1e, d1, e2, 25, 29, bc, c9, 8e, b9, c5, 05, 37, 55, 30, bd, 67, 0f, 56, b7, 03, a4, f7, 98, d0, 40, 7b, 68, f6, 56, 3a, 55]] } }
[2m2026-09-14T11:41:49.449875Z[0m [31mERROR[0m codec_extension ThreadId(12) [2mzenoh_codec::common::extension[0m[2m:[0m Unknown Test ext: ZExtUnknown { Id: 2, Mandatory: true, Encoding: "ZBuf", Value: ZBuf { slices: [[6c, fa, 5b, 5c, 55, 17, 95, 1a, 25, 3c, 6b, 03, 15, 08, 89, 1e, 24, b4, f8, 44, c1, 8c, 9c, c8, 6a, f1, dd, 89, ec, c1, 58, e5, 28, a1, 8b, 22, 0d, 6c, 12, 8b, f6, 4c, fa, 45, 04, 94, 61]] } }
[2m2026-09-14T11:41:49.449905Z[0m [31mERROR[0m codec_extension ThreadId(12) [2mzenoh_codec::common::extension[0m[2m:[0m Unknown Test ext: ZExtUnknown { Id: 2, Mandatory: true, Encoding: "ZBuf", Value: ZBuf { slices: [[f3, 05, f4, db, 1c, 09, 81, 4e, 1e, d1, 9c, d7, e7, 55, a8, ae, f2, 54, 8c, ad, b3, 36, d5, 1c, d8, 9f, 30, 3e, d2, 68, 83, c0, 57, 3f, 3b, 4e, 14, 7a, e4, 35, 64, e5, 81, ad, 7d, 0a, 48, 54, bd, ba, 3d, b0, b3, 52]] } }
[2m2026-09-14T11:41:49.449930Z[0m [31mERROR[0m codec_extension ThreadId(12) [2mzenoh_codec::common::extension[0m[2m:[0m Unknown Test ext: ZExtUnknown { Id: 2, Mandatory: true, Encoding: "ZBuf", Value: ZBuf { slices: [[11, b0, 2c, 3f, be, 92, 9a, b5, 1d, 3f, 57, bf, aa, b0, 78, 76, 11, 32, 15, 9a, a4, 11, 47, 55, 1c, bf, cb, 61, b7, b9, 04, a0, 40, 66, 34, ef, fb, 19, 42, 47, e7]] } }
[2m2026-09-14T11:41:49.449936Z[0m [31mERROR[0m codec_extension ThreadId(12) [2mzenoh_codec::common::extension[0m[2m:[0m Unknown Test ext: ZExtUnknown { Id: 2, Mandatory: true, Encoding: "ZBuf", Value: ZBuf { slices: [[fa, 0b, 45, 39, 4e, 7a, 04, be, 44, c5, 14, d5, 13, 62, b2, fc, 17, c5, b5, 79, f0, 4e, f0, e1, 97, ed, 2c, eb, d0, 12, ff, 39, d8, 7d, b1, 21, 16, b8, f2, bd, 87, ba, 30, 22, 50, d9, 9f]] } }
[2m2026-09-14T11:41:49.449957Z[0m [31mERROR[0m codec_extension ThreadId(12) [2mzenoh_codec::common::extension[0m[2m:[0m Unknown Test ext: ZExtUnknown { Id: 2, Mandatory: true, Encoding: "ZBuf", Value: ZBuf { slices: [[30, 26, a8, af, d5, 54, 02, a1, 05, 3c, 89, 1e, d5, ef, ce, 3f, 4c, 6f, 03, bf, bd, 6c, 73, 14, 10, 44, 67, 94, 0f, d4, 90, 79, 40, 00, 7c, 94, ee, f6, c3, 3c, b9, 31, 72, bc, e2, 58, 3c, 47, 95, 33, b1, 04, 6f, 16, d9, ae, 4f]] } }
[2m2026-09-14T11:41:49.449978Z[0m [31mERROR[0m codec_extension ThreadId(12) [2mzenoh_codec::common::extension[0m[2m:[0m Unknown Test ext: ZExtUnknown { Id: 2, Mandatory: true, Encoding: "ZBuf", Value: ZBuf { slices: [[0c, ee, 37, 10, 70, 8c, ab, 15, 60, 8f, 41, 72, a7, ca, c9, 5e, 78, c2, c6, dc, d9, 9d, 1d, b1, 00, ab, f7, 91, 0b, 56, f2, e5, b7, be, 49, 3a, fd, 6f, a1, 55, 90, 8a, 80, c7, df, 5f, 54, 42, 60, 4e, 97, a0, 15, a8, e5, d4]] } }
[2m2026-09-14T11:41:49.450002Z[0m [31mERROR[0m codec_extension ThreadId(12) [2mzenoh_codec::common::extension[0m[2m:[0m Unknown Test ext: ZExtUnknown { Id: 2, Mandatory: true, Encoding: "ZBuf", Value: ZBuf { slices: [[30, e7, a3, 07, 23, 41, 56, 84, ac, 0c, 1e, 68, ce, 6d, c4, d5, ee, 42, 8b, 0c, db, 23, 60, 74, 54, 74, 0c, 3f, 35, e0, 3a, 35, 26, dd, 2f, 9f, e8, 9f, 73, 6e, 49, 4f, 51, 3d, e3, e9, f2, 1b, 14, 20, 36, 1a, 55, 28, 3c, 50, ba, 27, f8, 32]] } }
[2m2026-09-14T11:41:49.450023Z[0m [31mERROR[0m codec_extension ThreadId(12) [2mzenoh_codec::common::extension[0m[2m:[0m Unknown Test ext: ZExtUnknown { Id: 2, Mandatory: true, Encoding: "ZBuf", Value: ZBuf { slices: [[5b, a1, 5b, 26, b8, 75, 83, 03, 41, b4, c2, 89, fc, b6, 41, 9b, 0e, 9e, c2, 2c, fc, 9b, ea, 1f, b9, a5, 7f, 96, 41, 8a, 32, 8b, 2b, e0, cd, 83, 69, 10, 12, f8, 8f, 25, 4d, a8, bd, 67, 76, 00, 7b, 20, aa, da, e0, 9c, ca, 0a, 29, fb, 10, 3d, 42, 8a]] } }
[2m2026-09-14T11:41:49.450045Z[0m [31mERROR[0m codec_extension ThreadId(12) [2mzenoh_codec::common::extension[0m[2m:[0m Unknown Test ext: ZExtUnknown { Id: 2, Mandatory: true, Encoding: "ZBuf", Value: ZBuf { slices: [[00, be, ff, 41, 6d, 50, dc, 94, 2b, 96, 2f, 5a, fc, ba, 53, 68, d0, b9, 13, 5c, 8c, fa]] } }
[2m2026-09-14T11:41:49.450064Z[0m [31mERROR[0m codec_extension ThreadId(12) [2mzenoh_codec::common::extension[0m[2m:[0m Unknown Test ext: ZExtUnknown { Id: 2, Mandatory: true, Encoding: "ZBuf", Value: ZBuf { slices: [[0f, ed, a7, 93, 2c, fe, 26, 1a, 6b, fe, f4, e3, fa, 8e, 7c, cb, 30, ca, fb, e2, 9d, 68, 44, 40, 38, 58, a1, ea, ea, e6, 38, 2d, cc, f3, cb, 6e, df, 87, ae, eb, c4, 8f, 3b, c0, cb, 63, 41, ae, 12, 5a, 79, b1, 39, de, 9c, f5, f8, 85]] } }
[2m2026-09-14T11:41:49.450070Z[0m [31mERROR[0m codec_extension ThreadId(12) [2mzenoh_codec::common::extension[0m[2m:[0m Unknown Test ext: ZExtUnknown { Id: 2, Mandatory: true, Encoding: "ZBuf", Value: ZBuf { slices: [[fe, c5, 45, 09, 27, ea, ef, ca]] } }
[2m2026-09-14T11:41:49.450075Z[0m [31mERROR[0m codec_extension ThreadId(12) [2mzenoh_codec::common::extension[0m[2m:[0m Unknown Test ext: ZExtUnknown { Id: 2, Mandatory: true, Encoding: "ZBuf", Value: ZBuf { slices: [[61, 31, 03, 19, 14, 0a, 60, 38, 10, 9e, c9, 0d, ce, f4, 0d, 54, 9b, 72]] } }
[2m2026-09-14T11:41:49.450094Z[0m [31mERROR[0m codec_extension ThreadId(12) [2mzenoh_codec::common::extension[0m[2m:[0m Unknown Test ext: ZExtUnknown { Id: 2, Mandatory: true, Encoding: "ZBuf", Value: ZBuf { slices: [[84, 3f, ae, df, 0b, d4, 18, 01, 77, 95, 4e, 11, a6, 43, 16, f5, 88, fc, 61, 35, 67, b6, 7a, bc, f5, 30, 74, 02, d1, f7, 99, 84, 89, 77, a9, c6, 73, 5b, b9, d0, 03, dd, cb, d2, 75, 21, 81, 17, 90, 18, c7, fe, 97, 14, 31, fa, b0]] } }
[2m2026-09-14T11:41:49.450114Z[0m [31mERROR[0m codec_extension ThreadId(12) [2mzenoh_codec::common::extension[0m[2m:[0m Unknown Test ext: ZExtUnknown { Id: 2, Mandatory: true, Encoding: "ZBuf", Value: ZBuf { slices: [[65, 5e, d8, b8, ba, 73, 68, 76, 41, 33, 2e, 39, 14, ec, a3, 49, 24, ce, b0, 12, 9e, f2, a0, 19, c1, ed]] } }
[2m2026-09-14T11:41:49.450119Z[0m [31mERROR[0m codec_extension ThreadId(12) [2mzenoh_codec::common::extension[0m[2m:[0m Unknown Test ext: ZExtUnknown { Id: 2, Mandatory: true, Encoding: "ZBuf", Value: ZBuf { slices: [[a8, 41, d8, 28, 33, 07, c9, ee, 60, 60, 9a, a1, 5e, c7, e1, 05, b0, 2d, fd, 68, de, 47, 49, dd, b3, 5b, 18, a3, 71, 10, 07, 2a, 0b, 40, 5c, 90, 79, 9c, cd, fb, d0, 7e, 45, 67, 3b, 58, 98, 80, f6, 44]] } }
[2m2026-09-14T11:41:49.450145Z[0m [31mERROR[0m codec_extension ThreadId(12) [2mzenoh_codec::common::extension[0m[2m:[0m Unknown Test ext: ZExtUnknown { Id: 2, Mandatory: true, Encoding: "ZBuf", Value: ZBuf { slices: [[32, fb, e0, a8, 00, 7c, 92, d9, f6, 95, 3a, b7, 3b, 07, 0e, 2c]] } }
[2m2026-09-14T11:41:49.450151Z[0m [31mERROR[0m codec_extension ThreadId(12) [2mzenoh_codec::common::extension[0m[2m:[0m Unknown Test ext: ZExtUnknown { Id: 2, Mandatory: true, Encoding: "ZBuf", Value: ZBuf { slices: [[65, 61, 84, 71, 21, 02, e5, 10, 6e, 94, f0, ad, e6, 54, e1, f6, 5d]] } }
[2m2026-09-14T11:41:49.450156Z[0m [31mERROR[0m codec_extension ThreadId(12) [2mzenoh_codec::common::extension[0m[2m:[0m Unknown Test ext: ZExtUnknown { Id: 2, Mandatory: true, Encoding: "ZBuf", Value: ZBuf { slices: [[91, 13, ce, 39, d8, dd, 56, af, cc, f7, d5, d7, 5b, 50, b5, fb]] } }
[2m2026-09-14T11:41:49.450175Z[0m [31mERROR[0m codec_extension ThreadId(12) [2mzenoh_codec::common::extension[0m[2m:[0m Unknown Test ext: ZExtUnknown { Id: 2, Mandatory: true, Encoding: "ZBuf", Value: ZBuf { slices: [[18, 0a, cb, fa, ce, f4, f2, d5, fc, c3, b5, 76, 60, 4c, 82, f8, e0, b6, e6, 60, 79, 9c, 9d, 58, 23, 5b, c3, 92, 68, 05, 4b, a3, 3b, c3, 13, d9, 56, 44, 20, af, d6, 5d, c3, df, 1d]] } }
[2m2026-09-14T11:41:49.450195Z[0m [31mERROR[0m codec_extension ThreadId(12) [2mzenoh_codec::common::extension[0m[2m:[0m Unknown Test ext: ZExtUnknown { Id: 2, Mandatory: true, Encoding: "ZBuf", Value: ZBuf { slices: [[ad, 1f, d3, 0d, 7c, 8e, af, 2c, e6, 70, 50, 6e, 1d, eb, 8c, 81, c1, a3, 06, 2b, a0, c0, 07, aa, b1, 59, 20, 14, ae, 54, eb, 30, b1, 3b, 36, 40, 8b, 21, 2b, e1, 9c, 1c, 12, a1, 79, 49, 82, 00, 84, 37, 98, 2b, 4f, 41, b8, 96, ae, b8, 80, 01, b1, 31, 65]] } }
[2m2026-09-14T11:41:49.450203Z[0m [31mERROR[0m codec_extension ThreadId(12) [2mzenoh_codec::common::extension[0m[2m:[0m Unknown Test ext: ZExtUnknown { Id: 2, Mandatory: true, Encoding: "ZBuf", Value: ZBuf { slices: [[86, e8, 4a, 96, e6, f7, 99, fd, 4d]] } }
[2m2026-09-14T11:41:49.450221Z[0m [31mERROR[0m codec_extension ThreadId(12) [2mzenoh_codec::common::extension[0m[2m:[0m Unknown Test ext: ZExtUnknown { Id: 2, Mandatory: true, Encoding: "ZBuf", Value: ZBuf { slices: [[28, 07, 39, 18, d6, 46, 7f, c2, 7f, 13, fc, 57, c5, 9f, d0, ee, 7d, 9b, 09, 7e, ce, 94, 22, 60, 75, 36, 44]] } }
[2m2026-09-14T11:41:49.450241Z[0m [31mERROR[0m codec_extension ThreadId(12) [2mzenoh_codec::common::extension[0m[2m:[0m Unknown Test ext: ZExtUnknown { Id: 2, Mandatory: true, Encoding: "ZBuf", Value: ZBuf { slices: [[ec, 02, d5, 86, 0e, fa, ad, b5, ca, e4, 0b, f7, af, fa, ee, 8e, 11, 2c, 1a, 4e, 02, 1d, 88, ac, 51, 0e, 66, 4c, df, 3c, b3, d9, 5a, b2, 74, cf, 5a, 04, 45, 01, 59, 47, 95, a8, 47, c8, dd, b9, 0a, 3a, a4, 20, 7e, 38, 7d, 28]] } }
[2m2026-09-14T11:41:49.450247Z[0m [31mERROR[0m codec_extension ThreadId(12) [2mzenoh_codec::common::extension[0m[2m:[0m Unknown Test ext: ZExtUnknown { Id: 2, Mandatory: true, Encoding: "ZBuf", Value: ZBuf { slices: [[69, 57, 27, 70, be, d6, 54, 89, ce, a0, c7, f5, d0, 82, 3e, f0]] } }
[2m2026-09-14T11:41:49.450266Z[0m [31mERROR[0m codec_extension ThreadId(12) [2mzenoh_codec::common::extension[0m[2m:[0m Unknown Test ext: ZExtUnknown { Id: 2, Mandatory: true, Encoding: "ZBuf", Value: ZBuf { slices: [[78, 58, ff, f8, 33, bc, 73, 4e, bd, ff, 9c, 86, 1d, 19, c1, 4e, e9, ef, 55, e8, 92, fd, b7, b2, 44, 89, c4]] } }
[2m2026-09-14T11:41:49.450271Z[0m [31mERROR[0m codec_extension ThreadId(12) [2mzenoh_codec::common::extension[0m[2m:[0m Unknown Test ext: ZExtUnknown { Id: 2, Mandatory: true, Encoding: "ZBuf", Value: ZBuf { slices: [[27, 4f, 27, 2c, 73, 73, f8, 89, 04, 89, fc, 71, b0, 2b, cb]] } }
[2m2026-09-14T11:41:49.450290Z[0m [31mERROR[0m codec_extension ThreadId(12) [2mzenoh_codec::common::extension[0m[2m:[0m Unknown Test ext: ZExtUnknown { Id: 2, Mandatory: true, Encoding: "ZBuf", Value: ZBuf { slices: [[a5, 50, f8, 96, 1d, 5f, 80, 1d, 4b, 4e, b7, 6f, 8b, 73, fb, 20, 39, e4, 31, e2, 8b, 8d, b6, 4c, a2, d2, 3b, 0a, 91, a2, 4e, 52, 55, ef, 09, b7, ad, 6e, 9c, 96, 4c, 40, e6, 93, 70, a8, 09, 8a]] } }
[2m2026-09-14T11:41:49.450310Z[0m [31mERROR[0m codec_extension ThreadId(12) [2mzenoh_codec::common::extension[0m[2m:[0m Unknown Test ext: ZExtUnknown { Id: 2, Mandatory: true, Encoding: "ZBuf", Value: ZBuf { slices: [[84, b2, d4, 74, 43, 67, 06, a1, c4, 4b, 6e, 73, 92, cc, fe, 1a, 26, 48, 56, 50, da, 39, 21, 80, e7, 27, 39, 6c, a4, 80, db, cd, 7b, d0, 02, b9, 4a, ae, 08, fc, fb, 6c, f4, a3, 58, 06, e5, f0, f4, 7a, ff, b8, b8, db, 2f, 06, 39, 20, 37, e7, 0a, f4, 0b, f8]] } }
[2m2026-09-14T11:41:49.450318Z[0m [31mERROR[0m codec_extension ThreadId(12) [2mzenoh_codec::common::extension[0m[2m:[0m Unknown Test ext: ZExtUnknown { Id: 2, Mandatory: true, Encoding: "ZBuf", Value: ZBuf { slices: [[c1, 65, 9c, 1a, ad, eb, 56, ae, 22, 02, 6b, 27, 46, 19, 05, 9c, 33, dd, e5, fc, 87, 6a, e5, 58, 88, c2, df, 20, 55, 58, 9a, 0d, 6c, e3, a4, 32, 82, bc, 07, ee, 6c, 2d, 47, 16, cf, 6d, 9b, 5a, 45]] } }
[2m2026-09-14T11:41:49.450338Z[0m [31mERROR[0m codec_extension ThreadId(12) [2mzenoh_codec::common::extension[0m[2m:[0m Unknown Test ext: ZExtUnknown { Id: 2, Mandatory: true, Encoding: "ZBuf", Value: ZBuf { slices: [[99, 93, 1b, e8, c9, 62, f0, 33, 1d, a9, c7, 53, 5b, 45, ba, b1, 7f, 15, 05, d4, 04, 01, 30]] } }
[2m2026-09-14T11:41:49.450343Z[0m [31mERROR[0m codec_extension ThreadId(12) [2mzenoh_codec::common::extension[0m[2m:[0m Unknown Test ext: ZExtUnknown { Id: 2, Mandatory: true, Encoding: "ZBuf", Value: ZBuf { slices: [[e0, 94, b3, 96, 56, bb, cb, 7b, 43, 0e, b1, bc, 91, 14, 52, a5, 43, 64, ac]] } }
[2m2026-09-14T11:41:49.450353Z[0m [31mERROR[0m codec_extension ThreadId(12) [2mzenoh_codec::common::extension[0m[2m:[0m Unknown Test ext: ZExtUnknown { Id: 2, Mandatory: true, Encoding: "ZBuf", Value: ZBuf { slices: [[4e, 0a, 61, 4f, 58, e5, 4a, f6, b1, aa, 03, d1]] } }
[2m2026-09-14T11:41:49.450373Z[0m [31mERROR[0m codec_extension ThreadId(12) [2mzenoh_codec::common::extension[0m[2m:[0m Unknown Test ext: ZExtUnknown { Id: 2, Mandatory: true, Encoding: "ZBuf", Value: ZBuf { slices: [[b1, 45, f2, 90, 86, 2d, b9, 69, 28, ee, 1d, 82, df, 18, c3, 9d, 13, 81, f3, 4d, db, c5, eb, 56, 66, 4f, 00, b0, 24, 71, fe, 47, ec, 30, 99, 56, 0c, c4, 43, 17, 60, 3a, ff, 29, 20, 32, 64, c2, ef, 4e, e5, 79, e3, 70, 2c, 8b, d8, 98, 31, 78, 00, 39, 6a, b2]] } }
[2m2026-09-14T11:41:49.450394Z[0m [31mERROR[0m codec_extension ThreadId(12) [2mzenoh_codec::common::extension[0m[2m:[0m Unknown Test ext: ZExtUnknown { Id: 2, Mandatory: true, Encoding: "ZBuf", Value: ZBuf { slices: [[5f, 1d, de, a5, ef, 85, 10, a7, c5, 5d, f5, bb, 4c, 8f, f7, 35, d0, 18, 1a, 76, 27, b7, 75, 7b, 5e, 02, ab, f8, 03, fa, e1, 7a, ab, 87, a2, 97, 62, 17, 6f, ce, d8, 34, 5b, fd, 03, 69, 30, 2d, c1, 65, f0, 55, 8d]] } }
[2m2026-09-14T11:41:49.450414Z[0m [31mERROR[0m codec_extension ThreadId(12) [2mzenoh_codec::common::extension[0m[2m:[0m Unknown Test ext: ZExtUnknown { Id: 2, Mandatory: true, Encoding: "ZBuf", Value: ZBuf { slices: [[99, 87, 68, 5d, ca, 32, 56, 1f, 36, 84, 41, 9b, 8b, 9b]] } }
[2m2026-09-14T11:41:49.450419Z[0m [31mERROR[0m codec_extension ThreadId(12) [2mzenoh_codec::common::extension[0m[2m:[0m Unknown Test ext: ZExtUnknown { Id: 2, Mandatory: true, Encoding: "ZBuf", Value: ZBuf { slices: [[0e, 47, 61, 95, 96, d5, 05, 50, 69, 03, e2, d2, d0, 86, d6, fe, 8d, 89, b2]] } }
[2m2026-09-14T11:41:49.450437Z[0m [31mERROR[0m codec_extension ThreadId(12) [2mzenoh_codec::common::extension[0m[2m:[0m Unknown Test ext: ZExtUnknown { Id: 2, Mandatory: true, Encoding: "ZBuf", Value: ZBuf { slices: [[9a, 54, 95, a7, 4b, 32, 6a, 9e, 7b, f7, 74, 9e, e6, 63, 8e, 82, af, dd, a3, c9, 82, 5b, 82, 34, 7d, 65, a2, cb, 8b, b9, a7, fd]] } }
[2m2026-09-14T11:41:49.450443Z[0m [31mERROR[0m codec_extension ThreadId(12) [2mzenoh_codec::common::extension[0m[2m:[0m Unknown Test ext: ZExtUnknown { Id: 2, Mandatory: true, Encoding: "ZBuf", Value: ZBuf { slices: [[1c, fa, e5, 18, ef, 0d, bb, 34, 72, c8, b8, 80, 97, 4b, b9, 88, f0, f0, af, 6f, b8, 6e, dc, 71, 65, 79, 6f, 83, c4, f5, a1, 77, c7, 96, 51, a2, b8, 44, 29, 37, 77, 33, 9b, 92, 15]] } }
[2m2026-09-14T11:41:49.450463Z[0m [31mERROR[0m codec_extension ThreadId(12) [2mzenoh_codec::common::extension[0m[2m:[0m Unknown Test ext: ZExtUnknown { Id: 2, Mandatory: true, Encoding: "ZBuf", Value: ZBuf { slices: [[df, e6, 29, e8, 45, b1, cf, 15, 9b, a7, 22, 0a, 43, 26, f3, fc, d9, 82, a1, dd, 1e, 82, 5e, 14, 5b, 6a, 80, 78, 46, 42, 77, 5c, 4c, f9, 96, ff, 9d, d7, a4, 4c, 76, 52, b9]] } }
[2m2026-09-14T11:41:49.450483Z[0m [31mERROR[0m codec_extension ThreadId(12) [2mzenoh_codec::common::extension[0m[2m:[0m Unknown Test ext: ZExtUnknown { Id: 2, Mandatory: true, Encoding: "ZBuf", Value: ZBuf { slices: [[9a, 5c, a3, 36, 1e, aa, 9c, cc, 18, c8, e9, 36, 67, 24, 83, 3d, 5d, ab, 63, 54, 2b, fc, cf, 18, e7, b3, 13, e3, fd, d5, 39, 32, 99, 91, 28, 67, b0, b4, 5d, ce, 55, b1, 54, 51, 40, 9f, fb, af, 15, aa, 84, 1a, 16, 15, 37, 24]] } }
[2m2026-09-14T11:41:49.450509Z[0m [31mERROR[0m codec_extension ThreadId(12) [2mzenoh_codec::common::extension[0m[2m:[0m Unknown Test ext: ZExtUnknown { Id: 2, Mandatory: true, Encoding: "ZBuf", Value: ZBuf { slices: [[a2, 7e, 2a, 13, e4, 88, d7, d7, 74, 55, 4b, a8, e6, 77, b7, bd, 1c, ad, 84, 7e, fb, 02, f3, a8, cc, 15, f2, dd, 69, 79, 8a, 76, a1, 03, f3, c1, 24, 0e, 20, 59, 4d, 5f, 18, 65, 38, 06, 2a, a3, c1, a4, a2, f0, 25, d2, fe, 7a, 93, 8e, ea, 96, 9f, f8, d6, 0c]] } }
[2m2026-09-14T11:41:49.450518Z[0m [31mERROR[0m codec_extension ThreadId(12) [2mzenoh_codec::common::extension[0m[2m:[0m Unknown Test ext: ZExtUnknown { Id: 2, Mandatory: true, Encoding: "ZBuf", Value: ZBuf { slices: [[f8, 73, 2d, df, ca, 88, af, a5, 7d, 2d, 36, af, b3, 12, b7, 67, ae, c3, cf]] } }
[2m2026-09-14T11:41:49.450536Z[0m [31mERROR[0m codec_extension ThreadId(12) [2mzenoh_codec::common::extension[0m[2m:[0m Unknown Test ext: ZExtUnknown { Id: 2, Mandatory: true, Encoding: "ZBuf", Value: ZBuf { slices: [[15, 9f, dd, 48, 65, 6e, fa, 49, 4b, 8a, e9, bb, d6, 3f, d0, f9, 06, 9e, dd, 39, 4b, ad, 6a, fd, 34, 8b, 68, 81, 6a, df, 03, 62, 9e, 27, b1, 6b, fd, 5f, 09, df, f1, 86, 6b, 10, d7, ce, 69, 4d, 27, 6b, ad, 51, d6, de, d8, 1c, 0f, b4, 13]] } }
[2m2026-09-14T11:41:49.450557Z[0m [31mERROR[0m codec_extension ThreadId(12) [2mzenoh_codec::common::extension[0m[2m:[0m Unknown Test ext: ZExtUnknown { Id: 2, Mandatory: true, Encoding: "ZBuf", Value: ZBuf { slices: [[aa, 2f, 3f, b5, 5c, 1b, a7, 8f, 01, 8d, c2, 36, 6b, 94, a1, 4b, 52, c8, 84, 69, 7c, 9d, ab, fb, 9f, 26, 92, 55, 99, a5, cd, 01, 63, 7e, a1, 84]] } }
[2m2026-09-14T11:41:49.450577Z[0m [31mERROR[0m codec_extension ThreadId(12) [2mzenoh_codec::common::extension[0m[2m:[0m Unknown Test ext: ZExtUnknown { Id: 2, Mandatory: true, Encoding: "ZBuf", Value: ZBuf { slices: [[30, 78, ce, e8, 3a, 12, 1f, 8d, 87, 21, 41, 73, 64, 85, 8c, fa, eb, f7, 5a, db, ce, 42, 44, 7d, ff, 31, 2f, 69, 9f, 75, 24, 96, d5, 51, 0a, f8, a3, 60, 01, af, b1, 8b, 7d, c2, d2, 09, ae, 7e, f2, 0a, e7, 22, f8, c5, 72]] } }
[2m2026-09-14T11:41:49.450583Z[0m [31mERROR[0m codec_extension ThreadId(12) [2mzenoh_codec::common::extension[0m[2m:[0m Unknown Test ext: ZExtUnknown { Id: 2, Mandatory: true, Encoding: "ZBuf", Value: ZBuf { slices: [[47, e7, 39, 9f, 81, 03, 79, f5, 11, 6d]] } }
[2m2026-09-14T11:41:49.450588Z[0m [31mERROR[0m codec_extension ThreadId(12) [2mzenoh_codec::common::extension[0m[2m:[0m Unknown Test ext: ZExtUnknown { Id: 2, Mandatory: true, Encoding: "ZBuf", Value: ZBuf { slices: [[dd, 52, ca, dd, a8, 18, f2, 20]] } }
[2m2026-09-14T11:41:49.450606Z[0m [31mERROR[0m codec_extension ThreadId(12) [2mzenoh_codec::common::extension[0m[2m:[0m Unknown Test ext: ZExtUnknown { Id: 2, Mandatory: true, Encoding: "ZBuf", Value: ZBuf { slices: [[78, 68, 67, 25, 85, dd, 50, 81, 2b, 34, 94, 32, 73, a9, ba, 50, 6c, 75, f7, 1c, b9, d8, 66, 1b, 4b, 90, 0f, 88, ca, 26, 6a, bc, bd, 4c, 1b, 59, 2d, 41, ea, ff, 24, 84, 37, b7, c9, 92, de, 41, 39, 1f, 91, d6, f0, 47, d4, d5, 4b, b8, e1, 49, d2, 6b, 62, f1]] } }
[2m2026-09-14T11:41:49.450627Z[0m [31mERROR[0m codec_extension ThreadId(12) [2mzenoh_codec::common::extension[0m[2m:[0m Unknown Test ext: ZExtUnknown { Id: 2, Mandatory: true, Encoding: "ZBuf", Value: ZBuf { slices: [[ae, 8d, 15, f4, 5c, c1, 8e, 15, 5e, f7, c2, 02, db, 34, 0a, cb, 0d, 58, 97, 59, 15, 66, 3d, 2e, 11, 41, 41, a4, 0b, 4b, dc, 84, c3, 14, 01, d7, 8f, fe, b5, 0c, 26, fe, 32, 10, f7, dd, 8b, 68, 58, 27, de, b9, 09, 03, 6f, a0, da, 26, 33, 3a, e2]] } }
[2m2026-09-14T11:41:49.450648Z[0m [31mERROR[0m codec_extension ThreadId(12) [2mzenoh_codec::common::extension[0m[2m:[0m Unknown Test ext: ZExtUnknown { Id: 2, Mandatory: true, Encoding: "ZBuf", Value: ZBuf { slices: [[ce, d3, 55, 60, 25, bb, 21, 0c, 9c, a1, 77, 80, 80, b0, 75, 11, 31, 17, 25, e4, d4, 78, 4a, 22, aa, f6, bd, 00, 4f, 77, 38, a4]] } }
[2m2026-09-14T11:41:49.450653Z[0m [31mERROR[0m codec_extension ThreadId(12) [2mzenoh_codec::common::extension[0m[2m:[0m Unknown Test ext: ZExtUnknown { Id: 2, Mandatory: true, Encoding: "ZBuf", Value: ZBuf { slices: [[10, 83, c9, e6, 90, c2, 8f, 15, 73, 2f, fd, f7, 85, 8e, 69, d0, b4, 36, 1e, 88, 7f, 0b, fa, eb, 2d, 73, fd, 27, 7c, 38]] } }
[2m2026-09-14T11:41:49.450672Z[0m [31mERROR[0m codec_extension ThreadId(12) [2mzenoh_codec::common::extension[0m[2m:[0m Unknown Test ext: ZExtUnknown { Id: 2, Mandatory: true, Encoding: "ZBuf", Value: ZBuf { slices: [[45, 0a, ef, 40, 10, 52, 53, 37, c4, 62, 47, eb, 2a, fe, ff, 44, 0d, 68, 15, 91, e1, 30, f6, c3, 08, 48, 6d, 3e, 60, 15, e7, d0, 87, 84, a1, 00, 99, 60, 20, 4d, 0e, 40, 5c, ff, bb, 70, 2f, d4, b6, 0c, b2, f4, 35, 54, dc, 20, f3, 73, bf, 09, 2f, c5, 02]] } }
[2m2026-09-14T11:41:49.450694Z[0m [31mERROR[0m codec_extension ThreadId(12) [2mzenoh_codec::common::extension[0m[2m:[0m Unknown Test ext: ZExtUnknown { Id: 2, Mandatory: true, Encoding: "ZBuf", Value: ZBuf { slices: [[93, 19, c8, eb, 80, ba, c9, 5b, 53, e7, 0b, 2a, 06, a1, fa, 43, de, b7, 4f, 45, a9, bd, e7]] } }
[2m2026-09-14T11:41:49.450700Z[0m [31mERROR[0m codec_extension ThreadId(12) [2mzenoh_codec::common::extension[0m[2m:[0m Unknown Test ext: ZExtUnknown { Id: 2, Mandatory: true, Encoding: "ZBuf", Value: ZBuf { slices: [[cc, 4d, e8, 33, 5f, d4, 3f, 87, b7, 2e, 62, 11, 10, 73, 46, e7, f1, 02, d9, d5, b1, ac, ce, 18, 56, 20, 73, d0, d3, 04]] } }
[2m2026-09-14T11:41:49.450719Z[0m [31mERROR[0m codec_extension ThreadId(12) [2mzenoh_codec::common::extension[0m[2m:[0m Unknown Test ext: ZExtUnknown { Id: 2, Mandatory: true, Encoding: "ZBuf", Value: ZBuf { slices: [[70, e2, fe, 82, a9, 70, 73, 6c, 7e, 6c, 95, ee, 17, 00, b0, 9c, 9e, 23, f2, 78, f4, 75, a8, 68, 4c, e0, cc, a7, a8, 64, 1c]] } }
[2m2026-09-14T11:41:49.450724Z[0m [31mERROR[0m codec_extension ThreadId(12) [2mzenoh_codec::common::extension[0m[2m:[0m Unknown Test ext: ZExtUnknown { Id: 2, Mandatory: true, Encoding: "ZBuf", Value: ZBuf { slices: [[b4, b7, 34, bd, 90, 52, ea, e8, 33, e5, 57, 67, f5, 31, 3a, f1]] } }
[2m2026-09-14T11:41:49.450743Z[0m [31mERROR[0m codec_extension ThreadId(12) [2mzenoh_codec::common::extension[0m[2m:[0m Unknown Test ext: ZExtUnknown { Id: 2, Mandatory: true, Encoding: "ZBuf", Value: ZBuf { slices: [[04, f3, 99, 87, d7, fd, aa, fc, 86, 81, d9, fb, f2, 40, a0, 1d, e8, 97, 2a, 8f, 46, e9, 8c, 03, 9d, ce, 61, 13, c6, a3, 83, 05, 8c, 26, 46]] } }
[2m2026-09-14T11:41:49.450749Z[0m [31mERROR[0m codec_extension ThreadId(12) [2mzenoh_codec::common::extension[0m[2m:[0m Unknown Test ext: ZExtUnknown { Id: 2, Mandatory: true, Encoding: "ZBuf", Value: ZBuf { slices: [[0a, d3, c7, 4e, 80, 76, 99, 50, e7, 6e, a8, 2b, 80, dc, 16, 85, bc, 79, 75, 47, 95, 06, f6, c6, c8, f1, 87]] } }
[2m2026-09-14T11:41:49.450768Z[0m [31mERROR[0m codec_extension ThreadId(12) [2mzenoh_codec::common::extension[0m[2m:[0m Unknown Test ext: ZExtUnknown { Id: 2, Mandatory: true, Encoding: "ZBuf", Value: ZBuf { slices: [[72, b2, 89, 37, 09, b6, b2, bd, cc, 5c, e9, 98, dc, e3, 91, e0, 19, cd, 1f, 47, ab, 71, 36, 7f, d4, 3d, 0d, d9, 80]] } }
[2m2026-09-14T11:41:49.450773Z[0m [31mERROR[0m codec_extension ThreadId(12) [2mzenoh_codec::common::extension[0m[2m:[0m Unknown Test ext: ZExtUnknown { Id: 2, Mandatory: true, Encoding: "ZBuf", Value: ZBuf { slices: [[30, 9d, fa, 08, e6, 65, 2d, 5a, 76, 94, 9b, 46, b9, 53, 0c, 20, f7, 78, c8, b4, 01, 2f, cc, a0, 2a, c5, 8a, ac, 59, 0b, 9e, a1, 38, f1, f9, 56, 63, 67, c2, 6b, f3, 9a, 81, d8, ac, 31, 1d]] } }
[2m2026-09-14T11:41:49.450794Z[0m [31mERROR[0m codec_extension ThreadId(12) [2mzenoh_codec::common::extension[0m[2m:[0m Unknown Test ext: ZExtUnknown { Id: 2, Mandatory: true, Encoding: "ZBuf", Value: ZBuf { slices: [[07, 48, fd, a4, 34, 51, 0d, c8, 31, 8e, 43, 67, b0, 62, d5, d3, 1c, 8f, be, be, 01, 7b, 52, 04, ad, a6, 85, 92, 0a, ad, 1a, e1, 53, 7b, f5, db, c4, ef, ac, 04, b3, 03, 1e, e2, 69, bd, cb, 2d, 6d, 65, b0, d7, 73, 7e, 63, 0b, 1a, 53, 8e, 08]] } }
[2m2026-09-14T11:41:49.450815Z[0m [31mERROR[0m codec_extension ThreadId(12) [2mzenoh_codec::common::extension[0m[2m:[0m Unknown Test ext: ZExtUnknown { Id: 2, Mandatory: true, Encoding: "ZBuf", Value: ZBuf { slices: [[7f, 26, ec, 3e, b1, 64, f3, 45, eb, ed, d8, 72, ca, ca, d9, 69, 4f, f6, 48, 7c, b9, c2, d3, a1, 5d, 5d, 30, d0, b3, db, 30, 27, 1e, 1f, 39, 5f, 74, d1, f0, cc]] } }
[2m2026-09-14T11:41:49.450835Z[0m [31mERROR[0m codec_extension ThreadId(12) [2mzenoh_codec::common::extension[0m[2m:[0m Unknown Test ext: ZExtUnknown { Id: 2, Mandatory: true, Encoding: "ZBuf", Value: ZBuf { slices: [[cd, 43, 8f, 08, 3c, d0, ed, b4, fd, 8c, 0f, d6, f7, b5, b4, ca, e7, 05, 4f, a8, fd, 9d, ce, 44, cf, c8, ed, 57, 98, a9, 54, 37, 28, 8d, 89, 43, 0b, 95]] } }
[2m2026-09-14T11:41:49.450855Z[0m [31mERROR[0m codec_extension ThreadId(12) [2mzenoh_codec::common::extension[0m[2m:[0m Unknown Test ext: ZExtUnknown { Id: 2, Mandatory: true, Encoding: "ZBuf", Value: ZBuf { slices: [[33, 69, 02, af, 19, a9, a6, d8, c2, d0, ab, 10, 76, 87, 45, 51, a1, 78, 2a, 06, a6, ef, 26, 96, c1, cb, 38, 4d, 6e, 8f, 12, 9d, bf, e5, ea, 06, 2e, 60, 05, 88, f2, 18, 53, f9, b7, a3, 75, cc, 97, 13, 3a, dc, 2e, ee, 62, 27, e8, ee, 94]] } }
[2m2026-09-14T11:41:49.450862Z[0m [31mERROR[0m codec_extension ThreadId(12) [2mzenoh_codec::common::extension[0m[2m:[0m Unknown Test ext: ZExtUnknown { Id: 2, Mandatory: true, Encoding: "ZBuf", Value: ZBuf { slices: [[67, 9a, 1b, a4, 7c, 89, 2d, 1c, 11, 03, 6e, 12, bf, 53, 2f, 10, 0e, 5d, c0, 19, f9, 4b, bd, 41, 01, 23, 74, 7d, b9, cf, 45, 71, 55, 57, 87, 0b, 6b, 34, 10, b3]] } }
[2m2026-09-14T11:41:49.450894Z[0m [31mERROR[0m codec_extension ThreadId(12) [2mzenoh_codec::common::extension[0m[2m:[0m Unknown Test ext: ZExtUnknown { Id: 2, Mandatory: true, Encoding: "ZBuf", Value: ZBuf { slices: [[d0, 06, ed, 92, 32, c0, 1a, 1f, bf, 2e, 3c, 1d, 6b, 52, b0, 5f, d7, cb, 2a, 75, c6, 4d, 11, c9, 8f, 6c, 37, b8, 24, 57, 20, c7, 98, 48, de, 2d, 56, 96, dd, 64, 24, ec, 2b, 45, 01, b5, f9, 3f, bf, 78, ec, 4e, 42, 10, 8b, 3b, 77, cc, cc, 73, 75, 5f]] } }
[2m2026-09-14T11:41:49.450916Z[0m [31mERROR[0m codec_extension ThreadId(12) [2mzenoh_codec::common::extension[0m[2m:[0m Unknown Test ext: ZExtUnknown { Id: 2, Mandatory: true, Encoding: "ZBuf", Value: ZBuf { slices: [[a8, 55, 30, 1f, d1, b7, 4e, b1, 51, 3c, 96, 7d, e1, 21, 56, 57, 95, d5, 09, db, d9, d2, ea, d3, e8, 34, c1, be, 85, a9, c3, 9b, 18, 2a, fe, d5, aa, 0a, 56, d6, 1c, ff, d5, 94, 18, 58, 45, 91]] } }
[2m2026-09-14T11:41:49.450937Z[0m [31mERROR[0m codec_extension ThreadId(12) [2mzenoh_codec::common::extension[0m[2m:[0m Unknown Test ext: ZExtUnknown { Id: 2, Mandatory: true, Encoding: "ZBuf", Value: ZBuf { slices: [[57, 39, f0, 66, 65, 7e, 37, fe, 0a, 3b, 96, a2, e3, d2, 3c, fd, ed, cf, e7, 1a, 22, da, 28, ff, d5, c0, 9a, 63]] } }
[2m2026-09-14T11:41:49.450942Z[0m [31mERROR[0m codec_extension ThreadId(12) [2mzenoh_codec::common::extension[0m[2m:[0m Unknown Test ext: ZExtUnknown { Id: 2, Mandatory: true, Encoding: "ZBuf", Value: ZBuf { slices: [[db, 09, ea, 99, e1, 03, 2c, 14, 3d, c0, a4, 2d, ac, f3, 08, 44, 40, 25, b6]] } }
[2m2026-09-14T11:41:49.450961Z[0m [31mERROR[0m codec_extension ThreadId(12) [2mzenoh_codec::common::extension[0m[2m:[0m Unknown Test ext: ZExtUnknown { Id: 2, Mandatory: true, Encoding: "ZBuf", Value: ZBuf { slices: [[e1, 24, ef, 05, 08, 8a, fe, 5a, d5, b7, 5d, f3, 6e, 8b, 40, 33, 38, 45, 76, fe, 73, 1a, d0, 25, b7, 22, a1, bd, 03, 73, c7, 91, f9, c7, a1, 6a, f0, 8d, b7, 9f, 4b, 7c, fa, e6, 03, ff, f3, a6, 3a, 00, 5a, a3, 86, dd, f1, 04, ae]] } }
[2m2026-09-14T11:41:49.450983Z[0m [31mERROR[0m codec_extension ThreadId(12) [2mzenoh_codec::common::extension[0m[2m:[0m Unknown Test ext: ZExtUnknown { Id: 2, Mandatory: true, Encoding: "ZBuf", Value: ZBuf { slices: [[ad, 4f, 5a, 41, 3c, 5a, 0b, 64, cf, c1, ce, 6d, c6, 73, dc, 66, 29, 79, c7, da, 2e, 39, f4, b6, 1d, 5e, ee, 59, 7c, 18, 0f, 41, 21]] } }
[2m2026-09-14T11:41:49.450990Z[0m [31mERROR[0m codec_extension ThreadId(12) [2mzenoh_codec::common::extension[0m[2m:[0m Unknown Test ext: ZExtUnknown { Id: 2, Mandatory: true, Encoding: "ZBuf", Value: ZBuf { slices: [[58, f8, 8a, cb, 85, d1, b0, b0, 29, a5, de, b4, 81, 0f, a1, 35, bb, 1f, 79, fc, 59, 9d]] } }
[2m2026-09-14T11:41:49.451010Z[0m [31mERROR[0m codec_extension ThreadId(12) [2mzenoh_codec::common::extension[0m[2m:[0m Unknown Test ext: ZExtUnknown { Id: 2, Mandatory: true, Encoding: "ZBuf", Value: ZBuf { slices: [[c9, fc, 8f, 14, 28, 0b, d8, 42, ef, 28, 1a, 6d, 38, 7a, c2, 67, b2, 3b, 91, 41, be, 4a, d4, 70, f6, 7c, 6a, 22, 28, 23, 3a]] } }
[2m2026-09-14T11:41:49.451017Z[0m [31mERROR[0m codec_extension ThreadId(12) [2mzenoh_codec::common::extension[0m[2m:[0m Unknown Test ext: ZExtUnknown { Id: 2, Mandatory: true, Encoding: "ZBuf", Value: ZBuf { slices: [[1f, c4, 35, bd, 0d, fb, 1a, e4, 92, ac, fe, 58, b8, 3c, b2, ca, 28, bb, 51, 23]] } }
[2m2026-09-14T11:41:49.451023Z[0m [31mERROR[0m codec_extension ThreadId(12) [2mzenoh_codec::common::extension[0m[2m:[0m Unknown Test ext: ZExtUnknown { Id: 2, Mandatory: true, Encoding: "ZBuf", Value: ZBuf { slices: [[7d, 9f, 62, fa, 9c, 49, 6b, 57, 25, 30, c0, 39, 8d, d3, 6b, 36, d5, a1, 46]] } }
[2m2026-09-14T11:41:49.451045Z[0m [31mERROR[0m codec_extension ThreadId(12) [2mzenoh_codec::common::extension[0m[2m:[0m Unknown Test ext: ZExtUnknown { Id: 2, Mandatory: true, Encoding: "ZBuf", Value: ZBuf { slices: [[e1, b9, a4, e1, ed, 85, c7, ba, fd, 22, 67, 37, 71, 05, 08, ca, b4, 2e, cf, 6b, 7a, 27, 5e, 36, 52, c1, 19]] } }
[2m2026-09-14T11:41:49.451051Z[0m [31mERROR[0m codec_extension ThreadId(12) [2mzenoh_codec::common::extension[0m[2m:[0m Unknown Test ext: ZExtUnknown { Id: 2, Mandatory: true, Encoding: "ZBuf", Value: ZBuf { slices: [[7f, e7, 18, 81, e7, 55, ee, 53, 7e, 17, 82, 63, 77, 71, 6a, db, 6e, 76, 10, 82, 99, 10, ce, 99, 84, 11, d4, 21, d9, b1, 0a, 07, 5d, 6a, 87]] } }
[2m2026-09-14T11:41:49.451071Z[0m [31mERROR[0m codec_extension ThreadId(12) [2mzenoh_codec::common::extension[0m[2m:[0m Unknown Test ext: ZExtUnknown { Id: 2, Mandatory: true, Encoding: "ZBuf", Value: ZBuf { slices: [[22, 89, 3e, 97, ed, 7e, 29, 71, 6d, a1, d8, 41, 6e, 7a, e1, c8, 89, 8b, d8, 51, dc, 6d, a9, 99, fd, fc, 2c, 3f, 63, d5, c4, f4, 85, 65]] } }
[2m2026-09-14T11:41:49.451093Z[0m [31mERROR[0m codec_extension ThreadId(12) [2mzenoh_codec::common::extension[0m[2m:[0m Unknown Test ext: ZExtUnknown { Id: 2, Mandatory: true, Encoding: "ZBuf", Value: ZBuf { slices: [[85, aa, a9, 21, df, 0d, 8b, 6c, 29, 7e, 52, e5, 0c, 87, d3, 05, 96, 49, 32, c0, a2, 36, a5, 00, 37, 4c, 01, 32, 0f, 20, 91, 7f, 4a, ed, a1, ee, 96, a4, 4b, 49, 88, 4a, b6, 42, 9a, 37, 50, 22, 7c, 81, 39, 48, 0d, 84, c5, 7f]] } }
[2m2026-09-14T11:41:49.451101Z[0m [31mERROR[0m codec_extension ThreadId(12) [2mzenoh_codec::common::extension[0m[2m:[0m Unknown Test ext: ZExtUnknown { Id: 2, Mandatory: true, Encoding: "ZBuf", Value: ZBuf { slices: [[00, 74, de, fb, b4, b7, 7f, 5e, 05, 20, 88, bd, b8, 35, e6, d4, 36, 51, c0, 5d, dd, b1, ad, be, 21, 10, 96, 2e, b4, 74, 05, e1, 48, 7b, df, e8, c2, bd, b6]] } }
[2m2026-09-14T11:41:49.451122Z[0m [31mERROR[0m codec_extension ThreadId(12) [2mzenoh_codec::common::extension[0m[2m:[0m Unknown Test ext: ZExtUnknown { Id: 2, Mandatory: true, Encoding: "ZBuf", Value: ZBuf { slices: [[65, 78, 8a, cc, 58, 11, 8b, 4f, 3a, 24, 58, 6a, be, a4, 1c, a9, f5, 7f, 76, 0b, f1, 7a, 7e, 07, 84, da, 6a, 6a, e0, 5a, eb, 79]] } }
[2m2026-09-14T11:41:49.451142Z[0m [31mERROR[0m codec_extension ThreadId(12) [2mzenoh_codec::common::extension[0m[2m:[0m Unknown Test ext: ZExtUnknown { Id: 2, Mandatory: true, Encoding: "ZBuf", Value: ZBuf { slices: [[b2, 3f, 8c, 52, 91, 96, 3a, fc, 86, 9c, 8d, 82, 4e, 63, 84, 10, 94, 6a, 68, a6, 99, 32, ab, ec, 71, df, 22, 24, ce, f9, 34, 55, f2, 02, a2, 70, ef, a2, a4, a4, fc, 42, 1c, d4, 31, 49, 9d]] } }
[2m2026-09-14T11:41:49.451149Z[0m [31mERROR[0m codec_extension ThreadId(12) [2mzenoh_codec::common::extension[0m[2m:[0m Unknown Test ext: ZExtUnknown { Id: 2, Mandatory: true, Encoding: "ZBuf", Value: ZBuf { slices: [[83, 2c, ac, da, cd, fe, 0e, 5a, 46, a1, bc, 08, 45, 2a, 7c, 99, c6, 0b, 7a, 40, ff, b0, f3, 00, ba, bd, b9, 1c, 4f, c5, 1d, 10, 04, d6, d5, cb, 29, 40, 32]] } }
[2m2026-09-14T11:41:49.451171Z[0m [31mERROR[0m codec_extension ThreadId(12) [2mzenoh_codec::common::extension[0m[2m:[0m Unknown Test ext: ZExtUnknown { Id: 2, Mandatory: true, Encoding: "ZBuf", Value: ZBuf { slices: [[df, 92, c3, 3f, a6, ac, b2, c8, 58, f2, a8, 9a, fa, ac, 2b, a5, 4b, 05, f3, a9, 02, bc, 47, 74, 9e, ed, fb, 08, c0, 4b, 45, 91, 6d, 96, ff, f2, 50, 39]] } }
[2m2026-09-14T11:41:49.451190Z[0m [31mERROR[0m codec_extension ThreadId(12) [2mzenoh_codec::common::extension[0m[2m:[0m Unknown Test ext: ZExtUnknown { Id: 2, Mandatory: true, Encoding: "ZBuf", Value: ZBuf { slices: [[2a, d3, eb, 57, 6b, de, d5, 9a, 87, 3c, 52, 8b, 8c, 07, e3, 0c, d5, 66, 4f, 41, f2, ad, 3d, 9e, d6, 20, 5b, 48, 4c, b7, 90, 1a, 04, 61, f4, 47, 9f, 74, c6, f9, 58, c8, 46, 5a, b9, 45, 71, 8e, e3, a1, 4f, 54, 9c, 49, 74, 9f, 77, 36, 8d]] } }
[2m2026-09-14T11:41:49.451198Z[0m [31mERROR[0m codec_extension ThreadId(12) [2mzenoh_codec::common::extension[0m[2m:[0m Unknown Test ext: ZExtUnknown { Id: 2, Mandatory: true, Encoding: "ZBuf", Value: ZBuf { slices: [[56, 44, 43, 8e, 11, c8, cb, 79, c9, a8, 39, 19]] } }
[2m2026-09-14T11:41:49.451217Z[0m [31mERROR[0m codec_extension ThreadId(12) [2mzenoh_codec::common::extension[0m[2m:[0m Unknown Test ext: ZExtUnknown { Id: 2, Mandatory: true, Encoding: "ZBuf", Value: ZBuf { slices: [[5d, a5, 9e, a8, 68, ba, 28, 14, 59, 47, 2b, d2, 99, 79, 00, df, b5, ec, b5, ff, ec, f5, 89, 3d, 56, 44, 79, b4, fa, 5d, 1d, de, 9c, 95, a9, d6, b1, bf, a8, 2f, 4c, cd, cc, 46, 95, 44, a3, 6a, 81]] } }
[2m2026-09-14T11:41:49.451237Z[0m [31mERROR[0m codec_extension ThreadId(12) [2mzenoh_codec::common::extension[0m[2m:[0m Unknown Test ext: ZExtUnknown { Id: 2, Mandatory: true, Encoding: "ZBuf", Value: ZBuf { slices: [[f2, e1, 6d, 71, f3, b2, 02, 77, 14, e6, 2f, 56, d0, 1f, b8, c4, 6d, 7b, a7, 40, db, 15, 0d]] } }
[2m2026-09-14T11:41:49.451242Z[0m [31mERROR[0m codec_extension ThreadId(12) [2mzenoh_codec::common::extension[0m[2m:[0m Unknown Test ext: ZExtUnknown { Id: 2, Mandatory: true, Encoding: "ZBuf", Value: ZBuf { slices: [[19, 94, 59, 30, d1, 04, 1d, 48, d6, 63, fd, ca, c1, 4d, 75, 56, f6, 35, b7, 5d, b8, 81, 17, 7a, f1, ec, e7, de, a8, 15, bb, 46, d4, 12, ea, b6, ed, 8b, f3, e0, e1, 2c, 73, 4c, ce, 02, b9, ab, d1, 2c, 45, f2]] } }
[2m2026-09-14T11:41:49.451262Z[0m [31mERROR[0m codec_extension ThreadId(12) [2mzenoh_codec::common::extension[0m[2m:[0m Unknown Test ext: ZExtUnknown { Id: 2, Mandatory: true, Encoding: "ZBuf", Value: ZBuf { slices: [[e2, 9d, 43, 6e, 02, 19, dd, 2a, 0b, d4, 65, c2, d2, eb, 93, 8e, 83, 5d, 28, ee, ba, a5, d5, c7, 41, 12, 3c, b2, 1f, 1d, 97, 2f, b6, 27, 31, 0d, 95]] } }
[2m2026-09-14T11:41:49.451268Z[0m [31mERROR[0m codec_extension ThreadId(12) [2mzenoh_codec::common::extension[0m[2m:[0m Unknown Test ext: ZExtUnknown { Id: 2, Mandatory: true, Encoding: "ZBuf", Value: ZBuf { slices: [[35, 73, 0f, 64, a4, 17, cd, 6c, 3a, 10, 07, 99]] } }
[2m2026-09-14T11:41:49.451287Z[0m [31mERROR[0m codec_extension ThreadId(12) [2mzenoh_codec::common::extension[0m[2m:[0m Unknown Test ext: ZExtUnknown { Id: 2, Mandatory: true, Encoding: "ZBuf", Value: ZBuf { slices: [[0b, 3f, 3e, c7, 58, fc, 1b, e1, e9, ca, 1b, 18, 02, 29, 5f, c8, 3a, bc, b8, 73, f6, b2, 47, 2d, fd, a3, da, 02, 15, 29, 08, a9, 7c, 7a, dd, 9c, 1c, 58, a4, c6, 52, 76, 29, 41, fc, 59, 24, ae, 47, 6a]] } }
[2m2026-09-14T11:41:49.451307Z[0m [31mERROR[0m codec_extension ThreadId(12) [2mzenoh_codec::common::extension[0m[2m:[0m Unknown Test ext: ZExtUnknown { Id: 2, Mandatory: true, Encoding: "ZBuf", Value: ZBuf { slices: [[a1, 51, a5, f5, 67, e0, 32, 18, f5, 13, 06, 57, 8a, cb, 41, 96, 68, 17, a4, 96, 02, b2, d8, 21, ac, 11, 3e, 4c, 7d, 0d, 96, 8b, f1, 37, c4, 32, c2, 99, 73, 21, 34, fe, 70, 64, aa, 07, 3b, 8c, 06, be, f7, ef, b6, 01, 79, 27, 04, 03, 5f]] } }
[2m2026-09-14T11:41:49.451327Z[0m [31mERROR[0m codec_extension ThreadId(12) [2mzenoh_codec::common::extension[0m[2m:[0m Unknown Test ext: ZExtUnknown { Id: 2, Mandatory: true, Encoding: "ZBuf", Value: ZBuf { slices: [[f8, f2, ca, 96, f0, a8, 01, 58, 43, b4, 4f, 86, d6, 6e, 10, fc, 9b, 6a, 1d, 82, b1, f4, 8f, a9, 35, 29, 17, 56, b8, 68, 2c, d8, d7, 2f, 8d, fe, 8b, 39, ec, 3e, ed, d5, fa, 0a, ae, 3e, 23, 82, 8f, 32, 3b, d9, 98, 7b, dc, ec, 54]] } }
[2m2026-09-14T11:41:49.451347Z[0m [31mERROR[0m codec_extension ThreadId(12) [2mzenoh_codec::common::extension[0m[2m:[0m Unknown Test ext: ZExtUnknown { Id: 2, Mandatory: true, Encoding: "ZBuf", Value: ZBuf { slices: [[b2, 98, c4, 17, b1, 37, 57, 1c, 38, 60, e2, 8d, cc, 4c, 4a, 82, 75, 2a, 16, b3, ae, 19, 7f, ec, 17, 5e, b4, 1e, 5e, 17, 38, 86, ea, a6, 75, d0, 6f, 81, 3e, 82, cb, 69, 7e, bb, 1d, d1, b4, c7, 4c, 68]] } }
[2m2026-09-14T11:41:49.451355Z[0m [31mERROR[0m codec_extension ThreadId(12) [2mzenoh_codec::common::extension[0m[2m:[0m Unknown Test ext: ZExtUnknown { Id: 2, Mandatory: true, Encoding: "ZBuf", Value: ZBuf { slices: [[f9, 04, 7d, dd, a0, bf, 16, d0, 6f, b3, b2, 5e, 14, f8, a9, 43, 64, 15, a4, e3, 71, 7c, 46, 5f, 9d, a4, c9, 4f, d4, b8, f0, 09, 50, 3a]] } }
[2m2026-09-14T11:41:49.451374Z[0m [31mERROR[0m codec_extension ThreadId(12) [2mzenoh_codec::common::extension[0m[2m:[0m Unknown Test ext: ZExtUnknown { Id: 2, Mandatory: true, Encoding: "ZBuf", Value: ZBuf { slices: [[e5, 06, 32, c5, 5d, 79, 87, 82, fe, 5d, 48, e1, 90, 67, 1f, 3e, 0c, 1f, 1a, 7b, 89, 00, aa, c6, 42, 0d, 96, e2, 8f, e6, 61, c2, 75, b5, f7, 69, 39, 20, b9, b0, 0f, 0f, 1b, 72, 47, f2, 84, e9, 29, 3f, a1, c8, ec, 99, 5b, 90, da, ef, 6a, 97, cd]] } }
[2m2026-09-14T11:41:49.451395Z[0m [31mERROR[0m codec_extension ThreadId(12) [2mzenoh_codec::common::extension[0m[2m:[0m Unknown Test ext: ZExtUnknown { Id: 2, Mandatory: true, Encoding: "ZBuf", Value: ZBuf { slices: [[c3, 09, ea, 6a, 37, 48, 83, ab, c2, db, fc, 85, 10, a3, d0, 5e, 25, 01, 64]] } }
[2m2026-09-14T11:41:49.451400Z[0m [31mERROR[0m codec_extension ThreadId(12) [2mzenoh_codec::common::extension[0m[2m:[0m Unknown Test ext: ZExtUnknown { Id: 2, Mandatory: true, Encoding: "ZBuf", Value: ZBuf { slices: [[62, b3, b4, 3c, 42, 16, 79, 23, 66, b4, 70, a0]] } }
[2m2026-09-14T11:41:49.451419Z[0m [31mERROR[0m codec_extension ThreadId(12) [2mzenoh_codec::common::extension[0m[2m:[0m Unknown Test ext: ZExtUnknown { Id: 2, Mandatory: true, Encoding: "ZBuf", Value: ZBuf { slices: [[08, 92, a9, 48, 23, a2, cc, cd, b0, 9e, a5, 63, 1d, 92, 0c, 9c, 56, ac, da, a9, 1e, e1, dd, 48, 74, c4, 0f, 65, 1d, b3, 77, e6, c7, c2, a0, 81, 50, 67, 6e, 44, da, 68, 9b, 12, 7b, 5d]] } }
[2m2026-09-14T11:41:49.451425Z[0m [31mERROR[0m codec_extension ThreadId(12) [2mzenoh_codec::common::extension[0m[2m:[0m Unknown Test ext: ZExtUnknown { Id: 2, Mandatory: true, Encoding: "ZBuf", Value: ZBuf { slices: [[92, 10, fc, 23, fe, 2c, 0b, 74, 2e, 9e, b3, 34, db, fb, fb, 6b]] } }
[2m2026-09-14T11:41:49.451444Z[0m [31mERROR[0m codec_extension ThreadId(12) [2mzenoh_codec::common::extension[0m[2m:[0m Unknown Test ext: ZExtUnknown { Id: 2, Mandatory: true, Encoding: "ZBuf", Value: ZBuf { slices: [[d6, ed, 26, 19, 19, 19, b9, 3d, 4d, f1, 49, 19, 7a, 95, ad, e6, 0c, 3f, ad, 1a, a9, 3f, 5c, c8, 22, 6b, 90, c5, 9a, 2c, 7a, 9d, f3, 38, bf, c0, 9c, f7, 7c, d8, 92, 6c, 4c, 59, 04, 10, 15, 45, 25, 30, 92, 60, 3b, 83, 13, 5f, 1a, 7f, 28, 7f, ff]] } }
[2m2026-09-14T11:41:49.451464Z[0m [31mERROR[0m codec_extension ThreadId(12) [2mzenoh_codec::common::extension[0m[2m:[0m Unknown Test ext: ZExtUnknown { Id: 2, Mandatory: true, Encoding: "ZBuf", Value: ZBuf { slices: [[7d, 2d, c6, 36, f3, f8, 26, ea, 87, d2, 94, f9, e9, 9e, 2b, 36, 30, b9, 1a, 69, d7, bf, 71, 70, 73, c6, 8c, 7e, 17, 07, 51, eb, db]] } }
[2m2026-09-14T11:41:49.451484Z[0m [31mERROR[0m codec_extension ThreadId(12) [2mzenoh_codec::common::extension[0m[2m:[0m Unknown Test ext: ZExtUnknown { Id: 2, Mandatory: true, Encoding: "ZBuf", Value: ZBuf { slices: [[8a, 29, 75, 03, ed, e5, 62, 14, be, f6, bf, 9e, 5c, ad, d1, a9, f8, 61, e1, da, 89, ba, 41, cd, de, ad, b7, 49, 30, b7, a9, 85, 3b, 77, af, 33, d8, b5, 31, cc, b4, 46, 02, ff, 7b, 6e, c3, 1e, 90, 94, 07, 2c, 3c, e0, 58, 81, 59]] } }
[2m2026-09-14T11:41:49.451490Z[0m [31mERROR[0m codec_extension ThreadId(12) [2mzenoh_codec::common::extension[0m[2m:[0m Unknown Test ext: ZExtUnknown { Id: 2, Mandatory: true, Encoding: "ZBuf", Value: ZBuf { slices: [[95, 7b, 1b, f1, 80, f5, e9, 30, 7d, 5a, 60, 54, 81, 17, d3, 31]] } }
[2m2026-09-14T11:41:49.451495Z[0m [31mERROR[0m codec_extension ThreadId(12) [2mzenoh_codec::common::extension[0m[2m:[0m Unknown Test ext: ZExtUnknown { Id: 2, Mandatory: true, Encoding: "ZBuf", Value: ZBuf { slices: [[fa, 37, cf, d6, b1, 6f, 56, d6, c6, 09, 8d, e3, bb, 6c, fb, 87, 2d, bd, fa, ae, d5, 18, d3, d4, 20, 98, d0, 3a, 38, 46, be, 34, ed]] } }
[2m2026-09-14T11:41:49.451524Z[0m [31mERROR[0m codec_extension ThreadId(12) [2mzenoh_codec::common::extension[0m[2m:[0m Unknown Test ext: ZExtUnknown { Id: 2, Mandatory: true, Encoding: "ZBuf", Value: ZBuf { slices: [[74, c5, 88, 1b, 19, b8, 23, fc, c9, e3, a4, a1, f3, 2b, f0, 10, 24, f9, 36, 2e, e1, 4b]] } }
[2m2026-09-14T11:41:49.451543Z[0m [31mERROR[0m codec_extension ThreadId(12) [2mzenoh_codec::common::extension[0m[2m:[0m Unknown Test ext: ZExtUnknown { Id: 2, Mandatory: true, Encoding: "ZBuf", Value: ZBuf { slices: [[06, 87, 49, e4, fa, f7, 80, 44, 06, 0e, c0, 7a, 2a, af, a7, a5, ec, af, fd, 20, 1c, 4d, 5a, 54, 1f, 74, b6, ea, 12, 64, ad, 55, 08, 8d, 2d, 38, f7, 54, b3, be, c0, 1e, 1d, 22, cc, 4e, 4d, 67, b4, 8c, e4, 3e, d1, ee, 43, 34, 9c, ad, 52, 80, 5e]] } }
[2m2026-09-14T11:41:49.451564Z[0m [31mERROR[0m codec_extension ThreadId(12) [2mzenoh_codec::common::extension[0m[2m:[0m Unknown Test ext: ZExtUnknown { Id: 2, Mandatory: true, Encoding: "ZBuf", Value: ZBuf { slices: [[04, 99, 2d, da, 27, 58, cb, 1c, 4b, f1, e9, 17, 78, 4f, 32, 8e, 5c, 5b, 1c, db, df, 9e, db, 05, 5e, c1, 2a, 81, e0, a5, 7f, f4, cf, 0c, b9, ef, 4c, 3b, c5, 97, b5, 5d, 84, c2, 9a, 8d, 6a, 51, fa, 9b, 31, 4a, eb, 53]] } }
[2m2026-09-14T11:41:49.451571Z[0m [31mERROR[0m codec_extension ThreadId(12) [2mzenoh_codec::common::extension[0m[2m:[0m Unknown Test ext: ZExtUnknown { Id: 2, Mandatory: true, Encoding: "ZBuf", Value: ZBuf { slices: [[71, 7c, 37, c3, 17, 30, fe, 43, b0]] } }
[2m2026-09-14T11:41:49.451575Z[0m [31mERROR[0m codec_extension ThreadId(12) [2mzenoh_codec::common::extension[0m[2m:[0m Unknown Test ext: ZExtUnknown { Id: 2, Mandatory: true, Encoding: "ZBuf", Value: ZBuf { slices: [[57, 7e, 03, 97, c0, 65, 88, 51, 69, 41, 46, 29, 9a, b9, cc, ce, 7a, 6e]] } }
[2m2026-09-14T11:41:49.451580Z[0m [31mERROR[0m codec_extension ThreadId(12) [2mzenoh_codec::common::extension[0m[2m:[0m Unknown Test ext: ZExtUnknown { Id: 2, Mandatory: true, Encoding: "ZBuf", Value: ZBuf { slices: [[35, bf, 07, aa, 3a, 11, e0, 54, 0a]] } }
[2m2026-09-14T11:41:49.451600Z[0m [31mERROR[0m codec_extension ThreadId(12) [2mzenoh_codec::common::extension[0m[2m:[0m Unknown Test ext: ZExtUnknown { Id: 2, Mandatory: true, Encoding: "ZBuf", Value: ZBuf { slices: [[3a, d7, ac, bd, b7, 6a, 66, 20, b4, 9a, 50, 25, 3a, 77, b1, 2f, dd, fb, 86, b2, 70, 1b, 43, df, d8, cb, d9, 0f, 3b, 23, f6, e4, c0]] } }
[2m2026-09-14T11:41:49.451620Z[0m [31mERROR[0m codec_extension ThreadId(12) [2mzenoh_codec::common::extension[0m[2m:[0m Unknown Test ext: ZExtUnknown { Id: 2, Mandatory: true, Encoding: "ZBuf", Value: ZBuf { slices: [[70, 4b, fa, 31, 88, 6b, f9, 84, c9, b7, 9b, 75, 6b, 67, a1, b5, 53, 67, b9, 8a, 71, 30, 02, 86, c8, 3c, 20, fd, 3a, 5e, 13, 1d, 80, 6a, 37, 09, 99, a1, 4d, 49, a9, 76, 64, 93, 62, 47, 92, ab, a9, 2e, b8, cd, ad, 7a, 6c, 54]] } }
[2m2026-09-14T11:41:49.451641Z[0m [31mERROR[0m codec_extension ThreadId(12) [2mzenoh_codec::common::extension[0m[2m:[0m Unknown Test ext: ZExtUnknown { Id: 2, Mandatory: true, Encoding: "ZBuf", Value: ZBuf { slices: [[5d, 85, a7, d9, 1f, 2b, 1c, c7, 2f, a1, 01, 67, 2c, 47, 38, 27, b5, 1f, cf, b5, 4a, 81, 67, bc, f2, 9e, d2, e9, d7, 4a, 5c, b4, 33, 7c, 41, dc, ed, 60, 6f, 99, 56, 9c, 53, af, de, fa, 21, 43, 41, e7, 1c, d0, ce, 07, d3, 48, 32]] } }
[2m2026-09-14T11:41:49.451663Z[0m [31mERROR[0m codec_extension ThreadId(12) [2mzenoh_codec::common::extension[0m[2m:[0m Unknown Test ext: ZExtUnknown { Id: 2, Mandatory: true, Encoding: "ZBuf", Value: ZBuf { slices: [[6f, 93, fc, af, 7d, 0d, ca, 1e, dd, f3, 65, ff, fc, 83, eb, 6d, bb, 35, 0f, c5, b2, 68, a8, 45, 0d, a8, 55, bf, 2a, 94, 22, 48, 55, a9, 1d, dd, c8, 18, ae, fb, 01, b4, 2d, 16, 54, b3, f8, bc, 06, 77, a1, cc, 70, ed, 8d, b8, 34, db, a7, 18, c5]] } }
[2m2026-09-14T11:41:49.451671Z[0m [31mERROR[0m codec_extension ThreadId(12) [2mzenoh_codec::common::extension[0m[2m:[0m Unknown Test ext: ZExtUnknown { Id: 2, Mandatory: true, Encoding: "ZBuf", Value: ZBuf { slices: [[05, 95, ff, 85, 8a, 31, 4c, 9c, ce, 4b, ee, a0, 0e, 70, ac, 04, d1, 10, ba, 9f, f9, f1, 52, f6, fd, 7b, 6d]] } }
[2m2026-09-14T11:41:49.451692Z[0m [31mERROR[0m codec_extension ThreadId(12) [2mzenoh_codec::common::extension[0m[2m:[0m Unknown Test ext: ZExtUnknown { Id: 2, Mandatory: true, Encoding: "ZBuf", Value: ZBuf { slices: [[e2, de, 67, 74, 95, 66, 04, 30, 44, b6, c6, 89, 02, da, 9e, a4, 01, ab, f5, 61, 73, 60, 0f, 2c, 9a, 76, 9b, 3d, 74, 70, 0a, 32, ec, b1, 4f, 01, 59, 35, 95, 4f, ae, da, 66, 42, 9d, 87, dc, 7a, e1, 71, c9, 4a, c7, d9]] } }
[2m2026-09-14T11:41:49.451712Z[0m [31mERROR[0m codec_extension ThreadId(12) [2mzenoh_codec::common::extension[0m[2m:[0m Unknown Test ext: ZExtUnknown { Id: 2, Mandatory: true, Encoding: "ZBuf", Value: ZBuf { slices: [[71, 84, cd, 6b, 64, 13, ff, fa, 8c, f4, 4f, 78, 34, 2c, 24, 56, db, e1, 81, fd, 90, c3, b6, 6d, 2d, d3, ed, 8b, 4e, a0, 77, a9, b5, 45, b5, d7, 06]] } }
[2m2026-09-14T11:41:49.451718Z[0m [31mERROR[0m codec_extension ThreadId(12) [2mzenoh_codec::common::extension[0m[2m:[0m Unknown Test ext: ZExtUnknown { Id: 2, Mandatory: true, Encoding: "ZBuf", Value: ZBuf { slices: [[33, 53, 08, 25, 78, 0c, 00, dc, 38, 49, 34, 38, bc, ce, b4, 45, 90, 4d, e4, a9, 46, f4, ef, 94, fc, d2, 89, 70, b5, ef, b3, 9b, d0, cf, 48]] } }
[2m2026-09-14T11:41:49.451738Z[0m [31mERROR[0m codec_extension ThreadId(12) [2mzenoh_codec::common::extension[0m[2m:[0m Unknown Test ext: ZExtUnknown { Id: 2, Mandatory: true, Encoding: "ZBuf", Value: ZBuf { slices: [[29, de, fc, 0d, c1, 3e, b8, fc, b3, ec, 0a, 0f, 01, 95, 51, 24, bf, 8d, 76, 53, 6a, 7d, 8a, f5, db, 73, d2, 4d, 16, 3e, 07, 5d, cd, 54, 1a, 01, 40, 62, 0e, 73, f8, 0a, 50, 2a]] } }
[2m2026-09-14T11:41:49.451745Z[0m [31mERROR[0m codec_extension ThreadId(12) [2mzenoh_codec::common::extension[0m[2m:[0m Unknown Test ext: ZExtUnknown { Id: 2, Mandatory: true, Encoding: "ZBuf", Value: ZBuf { slices: [[57, 41, 38, f9, 74, a1, b4, fc, 21, 8e, fc, e4, ec, 02, c4, 22]] } }
[2m2026-09-14T11:41:49.451764Z[0m [31mERROR[0m codec_extension ThreadId(12) [2mzenoh_codec::common::extension[0m[2m:[0m Unknown Test ext: ZExtUnknown { Id: 2, Mandatory: true, Encoding: "ZBuf", Value: ZBuf { slices: [[fa, 87, b2, 2e, df, 5a, 01, 1d, e6, 77, a1, 09, cd, ed, 95, 46, 4c, 9a, 96, 09, 5c, 40, 91, 18, 43, 53, b2, 33, 70]] } }
[2m2026-09-14T11:41:49.451769Z[0m [31mERROR[0m codec_extension ThreadId(12) [2mzenoh_codec::common::extension[0m[2m:[0m Unknown Test ext: ZExtUnknown { Id: 2, Mandatory: true, Encoding: "ZBuf", Value: ZBuf { slices: [[0b, 81, 05, ea, d7, 48, 5c, 9e, e9, 9a, aa, 38, 7b, d0, 85, d3, 28, a6]] } }
[2m2026-09-14T11:41:49.451788Z[0m [31mERROR[0m codec_extension ThreadId(12) [2mzenoh_codec::common::extension[0m[2m:[0m Unknown Test ext: ZExtUnknown { Id: 2, Mandatory: true, Encoding: "ZBuf", Value: ZBuf { slices: [[9e, 22, dc, 4b, 96, cc, 96, cf, 4e, f5, 5c, e6, f7, e2, c0, b1, 6c, 44, e9, 85, a5, d6, b7, 1d, ed, 2c, 6a, 56, 6c, 41, a1, 5a, c9, 5b, fe, 47, c9, 8f, de, 46, 67, 99, 61]] } }
[2m2026-09-14T11:41:49.451809Z[0m [31mERROR[0m codec_extension ThreadId(12) [2mzenoh_codec::common::extension[0m[2m:[0m Unknown Test ext: ZExtUnknown { Id: 2, Mandatory: true, Encoding: "ZBuf", Value: ZBuf { slices: [[9e, 0f, b7, 9e, 7e, ec, 84, 18, 95, 06, c1, 23, d4, 22, b0, 45, fc, 2d, 49, 94, 7e, b1, ba, 4b, fe, 65, 91, 6a, 17]] } }
[2m2026-09-14T11:41:49.451815Z[0m [31mERROR[0m codec_extension ThreadId(12) [2mzenoh_codec::common::extension[0m[2m:[0m Unknown Test ext: ZExtUnknown { Id: 2, Mandatory: true, Encoding: "ZBuf", Value: ZBuf { slices: [[b8, 37, 0f, 37, 6d, fb, 87, 85, 3f, bc, 06, 40, e2, 88]] } }
[2m2026-09-14T11:41:49.451820Z[0m [31mERROR[0m codec_extension ThreadId(12) [2mzenoh_codec::common::extension[0m[2m:[0m Unknown Test ext: ZExtUnknown { Id: 2, Mandatory: true, Encoding: "ZBuf", Value: ZBuf { slices: [[23, 24, ac, b9, 6f, 2b, 39, 5e, bb, 70, cf, 5f, b0, e6, 27, de, 71, c5, b9, 0c, 1e, 44, 7f, 19, 1b, c2, 8d, 61, b5, 22, 81, 05, 2e, 58, 72, ce, 82, db, 47]] } }
[2m2026-09-14T11:41:49.451842Z[0m [31mERROR[0m codec_extension ThreadId(12) [2mzenoh_codec::common::extension[0m[2m:[0m Unknown Test ext: ZExtUnknown { Id: 2, Mandatory: true, Encoding: "ZBuf", Value: ZBuf { slices: [[f1, 42, 7c, 93, a6, 4a, d2, f7, 80, 43, db, 47, 9c, 93, 61, a2, 22, 6f, 69, 75, 7f, 2d, 0e, c6, 91, 74, ee, c9, 6e, f0, d2, 0a, 6a, 32, 9a, 59, 77, e0, f4, a0, 78]] } }
[2m2026-09-14T11:41:49.451862Z[0m [31mERROR[0m codec_extension ThreadId(12) [2mzenoh_codec::common::extension[0m[2m:[0m Unknown Test ext: ZExtUnknown { Id: 2, Mandatory: true, Encoding: "ZBuf", Value: ZBuf { slices: [[4b, 3d, 80, 0a, 62, 35, a3, 5d, da, 25, 31, 6e, 60, ff, 37, 37, 13, 0e, e9, 38, f2, 9a, 01, c1, 46, b7, db, 38, 81]] } }
[2m2026-09-14T11:41:49.451890Z[0m [31mERROR[0m codec_extension ThreadId(12) [2mzenoh_codec::common::extension[0m[2m:[0m Unknown Test ext: ZExtUnknown { Id: 2, Mandatory: true, Encoding: "ZBuf", Value: ZBuf { slices: [[fa, df, a6, f0, e9, 73, 8b, 9c, 30, 3f, 0b, 96, d9, 6e, 7d, f5, 5a, 5f, 17, 96, 0a, 59, e0, 02, 19, d4, e7, 15, d7, eb, a5, a0, 75, 7e, a4, d5, be, ab, 53, bd, 2d, 59, 2f, b8, a4, 3c, a4, 68, 8c, 7d, 4a, 0f, 80, 76, 5d, bd, 6d, 30, 96, 3a, f9, e3]] } }
[2m2026-09-14T11:41:49.451898Z[0m [31mERROR[0m codec_extension ThreadId(12) [2mzenoh_codec::common::extension[0m[2m:[0m Unknown Test ext: ZExtUnknown { Id: 2, Mandatory: true, Encoding: "ZBuf", Value: ZBuf { slices: [[ea, 54, 94, f1, e4, 1f, 5d, fc, d6, 48, 18, 9f, c9, 0d, 90, c7, f0, 30, 2a, 2a, 3c, c6, 2d]] } }
[2m2026-09-14T11:41:49.451903Z[0m [31mERROR[0m codec_extension ThreadId(12) [2mzenoh_codec::common::extension[0m[2m:[0m Unknown Test ext: ZExtUnknown { Id: 2, Mandatory: true, Encoding: "ZBuf", Value: ZBuf { slices: [[ca, 7b, e6, 9c, af, 3f, c5, 07, ce, 28, 2a, a9, 21, 5b, e2, 14, bf]] } }
[2m2026-09-14T11:41:49.451923Z[0m [31mERROR[0m codec_extension ThreadId(12) [2mzenoh_codec::common::extension[0m[2m:[0m Unknown Test ext: ZExtUnknown { Id: 2, Mandatory: true, Encoding: "ZBuf", Value: ZBuf { slices: [[7d, 7b, ee, fb, e3, 60, 23, 10, 69, ef, 9c, e7, 90, 14, 35, e6, 68, b8, e7, 38, cf, 05, b6, 8a, f2, e2, 9a, 13, f6, dc, c0, 09, 41, 68, 88, 07, 04, b0, 46, 17, 48, 47, 14, a4, 79, d3, 21, b2, f8, 42, 14, b1, 1f, 0f, f9, 50, 80, 10, 97, 53, 46, de, d0]] } }
[2m2026-09-14T11:41:49.451944Z[0m [31mERROR[0m codec_extension ThreadId(12) [2mzenoh_codec::common::extension[0m[2m:[0m Unknown Test ext: ZExtUnknown { Id: 2, Mandatory: true, Encoding: "ZBuf", Value: ZBuf { slices: [[3d, e4, 9f, 19, 30, a9, 7a, 42, b5, 7e, c3, 06, 47, 9e, 4c, 09, 17, 1f, d1, 92, 87, 5a, b5, ae, 71, 3f, 30, 78, 97, a6, 63, 5b, f4]] } }
[2m2026-09-14T11:41:49.451949Z[0m [31mERROR[0m codec_extension ThreadId(12) [2mzenoh_codec::common::extension[0m[2m:[0m Unknown Test ext: ZExtUnknown { Id: 2, Mandatory: true, Encoding: "ZBuf", Value: ZBuf { slices: [[ad, 73, 86, fe, a3, d2, 4c, 68, 38, 56, 21, 50, c8]] } }
[2m2026-09-14T11:41:49.451954Z[0m [31mERROR[0m codec_extension ThreadId(12) [2mzenoh_codec::common::extension[0m[2m:[0m Unknown Test ext: ZExtUnknown { Id: 2, Mandatory: true, Encoding: "ZBuf", Value: ZBuf { slices: [[1f, 73, df, ef, c6, 76, d1, 84, 6c, c5]] } }
[2m2026-09-14T11:41:49.451972Z[0m [31mERROR[0m codec_extension ThreadId(12) [2mzenoh_codec::common::extension[0m[2m:[0m Unknown Test ext: ZExtUnknown { Id: 2, Mandatory: true, Encoding: "ZBuf", Value: ZBuf { slices: [[b3, 22, f6, 06, f7, bc, 63, b0, 02, d9, 99, b4, c8, 34, 83, c5, 0b, e8, ec, b0, 3a, aa, 6e, f2, 14, 97]] } }
[2m2026-09-14T11:41:49.451978Z[0m [31mERROR[0m codec_extension ThreadId(12) [2mzenoh_codec::common::extension[0m[2m:[0m Unknown Test ext: ZExtUnknown { Id: 2, Mandatory: true, Encoding: "ZBuf", Value: ZBuf { slices: [[3b, ae, f3, 9f, 6f, 2c, d0, e9, 8d, ef, a3, 1d, ec, 94, 8f, e0, c1, b3, 1f, e9, 30, ad, 04, a0, 6a, 70, c9, 32, db, bf]] } }
[2m2026-09-14T11:41:49.452002Z[0m [31mERROR[0m codec_extension ThreadId(12) [2mzenoh_codec::common::extension[0m[2m:[0m Unknown Test ext: ZExtUnknown { Id: 2, Mandatory: true, Encoding: "ZBuf", Value: ZBuf { slices: [[8a, f0, f4, d6, 88, c8, 40, a1, 3f, 24, 96, 27]] } }
[2m2026-09-14T11:41:49.452022Z[0m [31mERROR[0m codec_extension ThreadId(12) [2mzenoh_codec::common::extension[0m[2m:[0m Unknown Test ext: ZExtUnknown { Id: 2, Mandatory: true, Encoding: "ZBuf", Value: ZBuf { slices: [[1e, ac, 3e, ea, ef, 36, 3d, 14, 5d, d5, 78, e5, 68, e3, cc, 00, d6, 61, 63, 1c, 8c, 19, 16, 66, 72, fb, 17, 99, 86, 4b, 79, fa, f9, 18, 6d, 3e, e5, 49, b4, e5, 5c, 22, b6, e8, 92, 3e, df, 1b, 8b, ad, eb, 86]] } }
[2m2026-09-14T11:41:49.452029Z[0m [31mERROR[0m codec_extension ThreadId(12) [2mzenoh_codec::common::extension[0m[2m:[0m Unknown Test ext: ZExtUnknown { Id: 2, Mandatory: true, Encoding: "ZBuf", Value: ZBuf { slices: [[07, 62, d5, 10, 9a, 4b, 2d, 59, c7, 01, 0e, ff, bb, 93, cd, ea, ea, 7d, 3f, 01, 6e, b0, 75, a5, 0f, b7, a4, cb, 30, 8c, 44, 28, 09, 29, a9, 3a, ef, e5, c6, 6a, a3, 27, 58, 2a, f2, d6, fc, f3, 29, 63, 8d]] } }
[2m2026-09-14T11:41:49.452049Z[0m [31mERROR[0m codec_extension ThreadId(12) [2mzenoh_codec::common::extension[0m[2m:[0m Unknown Test ext: ZExtUnknown { Id: 2, Mandatory: true, Encoding: "ZBuf", Value: ZBuf { slices: [[15, 1d, 4d, 8d, d0, 7f, 77, cc, 4b, 89, 4f, a0, 0e, 3c, bc, 11, 3d, 55, f3, fe, 2d, d0, d1, 63, a3, d9, 0a, 08, 9f, 64, 7d, 49, 90, b2, 19, c0, 21, 6e, eb, ab, 1e, e4, cb, a2, b5, 72, 48, fb, 0a, 2a, d8, c9, 3d, 86, 2f, 56]] } }
[2m2026-09-14T11:41:49.452070Z[0m [31mERROR[0m codec_extension ThreadId(12) [2mzenoh_codec::common::extension[0m[2m:[0m Unknown Test ext: ZExtUnknown { Id: 2, Mandatory: true, Encoding: "ZBuf", Value: ZBuf { slices: [[a6, fe, fe, 03, a8, 58, 8d, 76, c8, 6e, 62, d0, b8, 92, 22, da, 00, 3c, 25, f8, 05, 8f, 39, 87, bd, 29, a6, a3, 4c, 3e, 51, d3, 78, a3, 47, 10, f2, 81, 27, 50, 5c, 09, b9, c4, f0, 73, ed, 0f, 85, 04, 4f, 89, e1, d7, 41, e2, bc, 74, d1, 52, 54, 84]] } }
[2m2026-09-14T11:41:49.452090Z[0m [31mERROR[0m codec_extension ThreadId(12) [2mzenoh_codec::common::extension[0m[2m:[0m Unknown Test ext: ZExtUnknown { Id: 2, Mandatory: true, Encoding: "ZBuf", Value: ZBuf { slices: [[00, 0f, f1, 35, 46, 1c, a7, 77, 14, 06, e1, 56, ad, 74, fa, 14, 41, 8b, 41, 77]] } }
[2m2026-09-14T11:41:49.452109Z[0m [31mERROR[0m codec_extension ThreadId(12) [2mzenoh_codec::common::extension[0m[2m:[0m Unknown Test ext: ZExtUnknown { Id: 2, Mandatory: true, Encoding: "ZBuf", Value: ZBuf { slices: [[4b, b7, 96, 4e, d2, 98, 7a, 5b, 85, f4, f1, 89, 69, 35, bf, fc, 5e, 95, 35, 13, 32, 6c, ee, b0, a6, ae, 68, 3c, 7a, c2, cd, 6c, 54, da, f0, e8, 42, 3c, a4, 4f, 6b, ac, 35, de, 00, ca, a4, 51, 2e, 3a, 13, 82, 13, 82, 16, e9, 3e, 6f, 15, b6]] } }
[2m2026-09-14T11:41:49.452116Z[0m [31mERROR[0m codec_extension ThreadId(12) [2mzenoh_codec::common::extension[0m[2m:[0m Unknown Test ext: ZExtUnknown { Id: 2, Mandatory: true, Encoding: "ZBuf", Value: ZBuf { slices: [[75, 40, b2, 79, 89, 39, 31, eb, ec, 58, 13, 2f, 75, f4, bc, 8d, 34, 9a, b2, 2e, 2b, e7, 8b, 85, fd, 0f, b1, 80, 7b, 59, d8, a8, f4, 68, 9b, d7, 24, c1, 2d, 33, 0c, 1c, aa, 86, e8, 37, 07, 5e]] } }
[2m2026-09-14T11:41:49.452137Z[0m [31mERROR[0m codec_extension ThreadId(12) [2mzenoh_codec::common::extension[0m[2m:[0m Unknown Test ext: ZExtUnknown { Id: 2, Mandatory: true, Encoding: "ZBuf", Value: ZBuf { slices: [[cd, 44, fb, 56, 99, 0f, 84, 4e, 9f, ec, d1, 5a, 9a, b6, 84, e1, 10, cd, 3b, 6a, 1d, a7, 88, d2, 50, bf, a9, 10, fe, 00, bc, d6, 7e, 7c, 67, 3c, a3, ef, 0b, 38, 90, ea, a6, 6d, d0, e7, 2f, 9e, a0, 93, 39, f3, b0, 58, 85, 75, aa, 16, 0c, 4f]] } }
[2m2026-09-14T11:41:49.452157Z[0m [31mERROR[0m codec_extension ThreadId(12) [2mzenoh_codec::common::extension[0m[2m:[0m Unknown Test ext: ZExtUnknown { Id: 2, Mandatory: true, Encoding: "ZBuf", Value: ZBuf { slices: [[01, 5d, ea, 58, fd, 44, a5, ae, d3]] } }
[2m2026-09-14T11:41:49.452162Z[0m [31mERROR[0m codec_extension ThreadId(12) [2mzenoh_codec::common::extension[0m[2m:[0m Unknown Test ext: ZExtUnknown { Id: 2, Mandatory: true, Encoding: "ZBuf", Value: ZBuf { slices: [[74, 5a, 1e, fa, d2, 79, 43, ec, 20, 46, 55, 8c, 45, e7, d6, 7f, b5, 46, 14, 51, 98, ad, 98, 12, b4, e7, e2, 32, 2c, 66, b2, e2, a3, 9a, b3, ae, 62, b7, f1, 36]] } }
[2m2026-09-14T11:41:49.452186Z[0m [31mERROR[0m codec_extension ThreadId(12) [2mzenoh_codec::common::extension[0m[2m:[0m Unknown Test ext: ZExtUnknown { Id: 2, Mandatory: true, Encoding: "ZBuf", Value: ZBuf { slices: [[24, 79, 79, 44, 15, 96, 26, 0b, 7e, bc, 30, fd, e6, 73, 1d, 11, 13, 96, fc, 4d, 55, a7, 30, 8c]] } }
[2m2026-09-14T11:41:49.452206Z[0m [31mERROR[0m codec_extension ThreadId(12) [2mzenoh_codec::common::extension[0m[2m:[0m Unknown Test ext: ZExtUnknown { Id: 2, Mandatory: true, Encoding: "ZBuf", Value: ZBuf { slices: [[ca, 1f, 58, 2e, 56, 3f, a1, 10, 64, 43, 53, b8, 0e, 50, 2e, a8, ea, 9b, a2, 12, a2, 41, 00, ca, 2d, 16, 26, 53, 58, f3, c3, 07, 46, 8c, d0, 39, 58, 13, 03, 37, 64, 27, cc, de, 1d, d0, 06, ca, 42, 68, 6c, 85, 19, fd, 2f, 52, 7d, dc, b5, 59, 21, b5]] } }
[2m2026-09-14T11:41:49.452213Z[0m [31mERROR[0m codec_extension ThreadId(12) [2mzenoh_codec::common::extension[0m[2m:[0m Unknown Test ext: ZExtUnknown { Id: 2, Mandatory: true, Encoding: "ZBuf", Value: ZBuf { slices: [[6d, 52, d1, 87, 61, 54, 3d, 3e, cc, fc, 5a, e9, af, 77, 1f, 49, 5a, 08, 07, 8c]] } }
[2m2026-09-14T11:41:49.452232Z[0m [31mERROR[0m codec_extension ThreadId(12) [2mzenoh_codec::common::extension[0m[2m:[0m Unknown Test ext: ZExtUnknown { Id: 2, Mandatory: true, Encoding: "ZBuf", Value: ZBuf { slices: [[7a, bd, c3, 63, b3, 4b, 30, 6e, 7e, 37, b8, 0c, db, b4, c1, e9, 3d, 40, 43, 17, 8c, 5a, 4e, 60, 95, 99, ee, 43, 63, 10, 2f, 14, 72, d3, a1, 03, ff, c5, c1, 69, b9, c4, e7, 39, 9e, f2, f5, d8, ba, 26, 4b, d0, 87, 8e, 41, 88, b2, 39, ff, 82]] } }
[2m2026-09-14T11:41:49.452253Z[0m [31mERROR[0m codec_extension ThreadId(12) [2mzenoh_codec::common::extension[0m[2m:[0m Unknown Test ext: ZExtUnknown { Id: 2, Mandatory: true, Encoding: "ZBuf", Value: ZBuf { slices: [[76, 14, 82, 95, 72, 05, a9, 7d, 34, bf, 54, 75, 2c, af, 9a, 57, f2, 43, 5d, 13, a1, 70, 3c, 26, 46, 03, c6, 36, f5, 0b, c3, 97, 7b, df]] } }
[2m2026-09-14T11:41:49.452273Z[0m [31mERROR[0m codec_extension ThreadId(12) [2mzenoh_codec::common::extension[0m[2m:[0m Unknown Test ext: ZExtUnknown { Id: 2, Mandatory: true, Encoding: "ZBuf", Value: ZBuf { slices: [[bb, fb, 02, 34, 8d, 64, 78, 86, 25, 75, 6c, b0, 8b, b8, 04, 3d, 41, 35, 5a, ac, 75, 10, 10, 12, c6, b3, 5a, 79, 20, 43, 1f, 80, d1, a4, 24, be, 6f, 9c, 40, 97, c0, 8f, dc, ba, a0, 22, 00, 34, e0, 28, 20, 0a, ed, 94, 55, b7, 55, 4e, 34, 78, e0, a4, d7]] } }
[2m2026-09-14T11:41:49.452293Z[0m [31mERROR[0m codec_extension ThreadId(12) [2mzenoh_codec::common::extension[0m[2m:[0m Unknown Test ext: ZExtUnknown { Id: 2, Mandatory: true, Encoding: "ZBuf", Value: ZBuf { slices: [[95, d5, 4f, 65, 49, 12, dd, c4, 1c, ba, b8, 35, 66, b9, 2d, 0b, 00, 44, fa, 7a, e4, 6e, 56, ba, 32, 20, 0d, 7a, 2d, 51, 21, 5a, 0e, 9f, 98, bd, 55, c9, 49, 3c, 20, 14, ad, a0, fc, 40, 54, dd, c7, f1, 42, 70, f9, d9]] } }
[2m2026-09-14T11:41:49.452300Z[0m [31mERROR[0m codec_extension ThreadId(12) [2mzenoh_codec::common::extension[0m[2m:[0m Unknown Test ext: ZExtUnknown { Id: 2, Mandatory: true, Encoding: "ZBuf", Value: ZBuf { slices: [[99, 22, 54, 69, a1, 81, a1, 63, 7a, ab, 2c, ab, 13, 9e, 7c, 6d, 26, 20, 4b, 8d, 43, d3, 18, 75, 3e, f4, d7, cc, 0b, 0a, 40, 79, 6d, ee]] } }
[2m2026-09-14T11:41:49.452319Z[0m [31mERROR[0m codec_extension ThreadId(12) [2mzenoh_codec::common::extension[0m[2m:[0m Unknown Test ext: ZExtUnknown { Id: 2, Mandatory: true, Encoding: "ZBuf", Value: ZBuf { slices: [[0f, 87, 5c, 72, 7b, a9, b8, fc, 44, ee, e3, 72, c3, 85, d0, f7, d3, 3c, 6c, ff, b3, f6, f6, 71, ec, b0, c9, 7d, 06, 5e, 48, 98, 14, ca, e7, db, 5d, 71, 4a, 55, 74, 84, d4, 76, be, f5, b3, 66, 06, 4d, 0a, eb]] } }
[2m2026-09-14T11:41:49.452340Z[0m [31mERROR[0m codec_extension ThreadId(12) [2mzenoh_codec::common::extension[0m[2m:[0m Unknown Test ext: ZExtUnknown { Id: 2, Mandatory: true, Encoding: "ZBuf", Value: ZBuf { slices: [[c0, a8, ea, f6, 2b, ff, 64, d7, 8f, 11, 39, f7, 4b, 1b, 36, 28, c3, be, d1, 54, 14, 3f, c5, bb, e7, c0, 3e, f5, e1, ad, 61, ed, ad, e8, 7a, 62, 14, 71, b8, 15, fc, 46, 39, 0a, b5, c5]] } }
[2m2026-09-14T11:41:49.452362Z[0m [31mERROR[0m codec_extension ThreadId(12) [2mzenoh_codec::common::extension[0m[2m:[0m Unknown Test ext: ZExtUnknown { Id: 2, Mandatory: true, Encoding: "ZBuf", Value: ZBuf { slices: [[97, 22, 23, 51, 6f, 47, 90, e2, 96, 24, 12, 21, 48, 09, be, 5b, b1, 59, a0, f1, bf, af, 3c, af, 41, 1a, 8e, 6f, 4b, a2, 22, d5, c3, 2d, 68, 30, 08, f8, dc, c6, 5f, e0, 3f, c4, f3, 4b, 35, 67, 44, 34, d5, b4, 74, f7, f7, 4c, 4d, 35, af, d1, 18, 00, ba]] } }
[2m2026-09-14T11:41:49.452369Z[0m [31mERROR[0m codec_extension ThreadId(12) [2mzenoh_codec::common::extension[0m[2m:[0m Unknown Test ext: ZExtUnknown { Id: 2, Mandatory: true, Encoding: "ZBuf", Value: ZBuf { slices: [[dd, da, b8, 4d, cb, f5, 6d, 36, ed, 88, 00, 9a, 9b, e9, 89, 1c, 2d, 8e, 26, 07, 3b, 3f, 8d, 7c, 28, 95, ee, 53, 93, 67, fd, 34, dc, 1a, 08]] } }
[2m2026-09-14T11:41:49.452389Z[0m [31mERROR[0m codec_extension ThreadId(12) [2mzenoh_codec::common::extension[0m[2m:[0m Unknown Test ext: ZExtUnknown { Id: 2, Mandatory: true, Encoding: "ZBuf", Value: ZBuf { slices: [[c8, 13, 08, 42, 4a, a9, ab, 5f, c3, 5b, 9b, a0, 56, af, 4a, 42, da, c0, de, dd, c4, 44, e0, 4c, 05, 9f, d7, c9, 26, f1, b6, 54, f3, f6, e4, f6, cc, fc, 6c, 4f, 53, 25, 10, 25, 14, c2, 98, c5, 03]] } }
[2m2026-09-14T11:41:49.452409Z[0m [31mERROR[0m codec_extension ThreadId(12) [2mzenoh_codec::common::extension[0m[2m:[0m Unknown Test ext: ZExtUnknown { Id: 2, Mandatory: true, Encoding: "ZBuf", Value: ZBuf { slices: [[df, 18, b7, b9, cc, cf, 3e, 53, 47, 6b, 63, 6b, 99, af]] } }
[2m2026-09-14T11:41:49.452413Z[0m [31mERROR[0m codec_extension ThreadId(12) [2mzenoh_codec::common::extension[0m[2m:[0m Unknown Test ext: ZExtUnknown { Id: 2, Mandatory: true, Encoding: "ZBuf", Value: ZBuf { slices: [[f1, f0, 5e, bb, 61, 0c, 6c, 34, d5, 6c, cd]] } }
[2m2026-09-14T11:41:49.452418Z[0m [31mERROR[0m codec_extension ThreadId(12) [2mzenoh_codec::common::extension[0m[2m:[0m Unknown Test ext: ZExtUnknown { Id: 2, Mandatory: true, Encoding: "ZBuf", Value: ZBuf { slices: [[8a, 39, e4, d6, 12, 45, 76, e8, 6b, 9f, d9, 42, 5b, bd, 5b, 78, b6, d6, b6, ec, 61, 5a, 34]] } }
[2m2026-09-14T11:41:49.452437Z[0m [31mERROR[0m codec_extension ThreadId(12) [2mzenoh_codec::common::extension[0m[2m:[0m Unknown Test ext: ZExtUnknown { Id: 2, Mandatory: true, Encoding: "ZBuf", Value: ZBuf { slices: [[dc, 62, f5, 36, 46, 0c, 16, 36, a2, e6, f4, cd, 0d, 21, 29, 50, e4, 50, 22, 4a, 79, dd, d4, 9e, 27, b7, 7a, ae, d4, f2, f6, 56, 35, fc, 92, 02, ea, e9, a8, 71, b9, 0b, 63, cd, 00, 0e]] } }
[2m2026-09-14T11:41:49.452443Z[0m [31mERROR[0m codec_extension ThreadId(12) [2mzenoh_codec::common::extension[0m[2m:[0m Unknown Test ext: ZExtUnknown { Id: 2, Mandatory: true, Encoding: "ZBuf", Value: ZBuf { slices: [[9f, 61, c2, 73, 20, 1a, 49, c4, 68, 87, e4, 10, c0, 4d, 5d]] } }
[2m2026-09-14T11:41:49.452462Z[0m [31mERROR[0m codec_extension ThreadId(12) [2mzenoh_codec::common::extension[0m[2m:[0m Unknown Test ext: ZExtUnknown { Id: 2, Mandatory: true, Encoding: "ZBuf", Value: ZBuf { slices: [[04, 3a, b9, 4d, 05, ea, 68, 8b, 1a, 9d, 0d, e2, 27, a8, 7d, 7e, 57, c2, b3, c1, 2a, 1c, 90, 35, 13, 43, cc, b3, c9, 2d, c4, d2, 57, d2, 42, ef, 09, 1c, fa, a8, 4a, 5f, 6d, 34, 5b, 82, fa, 7b, 21, ee, 3e, e6, 84]] } }
[2m2026-09-14T11:41:49.452482Z[0m [31mERROR[0m codec_extension ThreadId(12) [2mzenoh_codec::common::extension[0m[2m:[0m Unknown Test ext: ZExtUnknown { Id: 2, Mandatory: true, Encoding: "ZBuf", Value: ZBuf { slices: [[06, da, 5b, 09, 43, 17, 46, 48, bf, 2c, 22, 74, ac, 95, b8, 08, a6, 9b, 22, 89, 00, 02, 87, bf, ff, 60, 4b, f9, f0, e6, 36, 11, 3b, 6d, 99, 48, 00, c9, b6, 80, ce, 34, b3, d6, 2e, 65, 7c, af, db, 8c, 84, b4, f9, 98]] } }
[2m2026-09-14T11:41:49.452504Z[0m [31mERROR[0m codec_extension ThreadId(12) [2mzenoh_codec::common::extension[0m[2m:[0m Unknown Test ext: ZExtUnknown { Id: 2, Mandatory: true, Encoding: "ZBuf", Value: ZBuf { slices: [[2c, 17, 94, 76, 39, 60, fd, 64, 61, a1, 38, 80, b6, 24, dc, 09, 28, 78, 80, 30, 52, 1a, c4, 2c, 79, ff, 37, a1, 87, 85]] } }
[2m2026-09-14T11:41:49.452510Z[0m [31mERROR[0m codec_extension ThreadId(12) [2mzenoh_codec::common::extension[0m[2m:[0m Unknown Test ext: ZExtUnknown { Id: 2, Mandatory: true, Encoding: "ZBuf", Value: ZBuf { slices: [[36, 65, 3c, 2f, e8, c9, 57, ee, 55, 39, e6, 0a, ac, 90, ed, b1, 54, a2, 6a, 0c, a1, db, 7e, 9e, 98, ad, 44, 36, 0e, 57, 82, e5, 04, 79, 98, 13, a1, ba, fa, 16]] } }
[2m2026-09-14T11:41:49.452529Z[0m [31mERROR[0m codec_extension ThreadId(12) [2mzenoh_codec::common::extension[0m[2m:[0m Unknown Test ext: ZExtUnknown { Id: 2, Mandatory: true, Encoding: "ZBuf", Value: ZBuf { slices: [[e8, 8f, 48, 24, 94, 93, 5c, 87, 57, b9, 46, 82, 7c, 1e, dd, a2, dc, e0, 5a, 68, a0, 56, 23, 49, 83, 0d, 23, 7c, 71, 66, 59, af, 11, 86, 62, f4, b7, 17, ec, 13, 7c, c5, 5f, 3a, f8, eb]] } }
[2m2026-09-14T11:41:49.452536Z[0m [31mERROR[0m codec_extension ThreadId(12) [2mzenoh_codec::common::extension[0m[2m:[0m Unknown Test ext: ZExtUnknown { Id: 2, Mandatory: true, Encoding: "ZBuf", Value: ZBuf { slices: [[87, b8, 42, 7e, a1, 9e, 55, ab, 25, c5, 91, fc, dc, 1c, 7b, ed, c9, 65, 76, 45, 11, c2, f4, 09, 28, e0, 17, 76]] } }
[2m2026-09-14T11:41:49.452555Z[0m [31mERROR[0m codec_extension ThreadId(12) [2mzenoh_codec::common::extension[0m[2m:[0m Unknown Test ext: ZExtUnknown { Id: 2, Mandatory: true, Encoding: "ZBuf", Value: ZBuf { slices: [[01, 53, 3b, 07, b2, cc, cf, 5b, 06, 95, 23, 22, 2b, 99, 08, 12, 0d, ad, bf, 37, bb, 81, c4, 71]] } }
[2m2026-09-14T11:41:49.452574Z[0m [31mERROR[0m codec_extension ThreadId(12) [2mzenoh_codec::common::extension[0m[2m:[0m Unknown Test ext: ZExtUnknown { Id: 2, Mandatory: true, Encoding: "ZBuf", Value: ZBuf { slices: [[64, e2, 64, 97, 3d, 99, f2, 6c, 53, 03, e5, 6a, c5, fb, c4, ba, d4, 23, 51, 8c, 81, 77, e9, 31, ea, cc, d8, 96, cc, 4d, 4e, 10, ff, 76, e8, 76, b8, 25, 7d, 41, 5b, 4c, 97, d1, 69, 4a, 15, f2, a3, 76]] } }
[2m2026-09-14T11:41:49.452580Z[0m [31mERROR[0m codec_extension ThreadId(12) [2mzenoh_codec::common::extension[0m[2m:[0m Unknown Test ext: ZExtUnknown { Id: 2, Mandatory: true, Encoding: "ZBuf", Value: ZBuf { slices: [[3c, ca, 5a, da, 65, c6, 16, db, 50, 6b, 0a, 39, 73, 68, 45, f3, 23, be, 4b, 15, 78, 4a, 6e, 25, a6, 6a, 4b, fa, fd, 59, 34, b1, 59, cd, 0f, 57, f1, f0]] } }
[2m2026-09-14T11:41:49.452600Z[0m [31mERROR[0m codec_extension ThreadId(12) [2mzenoh_codec::common::extension[0m[2m:[0m Unknown Test ext: ZExtUnknown { Id: 2, Mandatory: true, Encoding: "ZBuf", Value: ZBuf { slices: [[85, a1, 96, be, c4, 6d, 57, 4c, e7, 0c, 44, 3a, 94, 2c, 87, 9a, 3b, 4e, 82, 87, 83, d7, 93, 79, 66, 89, 9c, ff, 17, 3b, 62, a1, 61, 25, 01, 0d, ac, 67, e7, 14, c0, b3]] } }
[2m2026-09-14T11:41:49.452620Z[0m [31mERROR[0m codec_extension ThreadId(12) [2mzenoh_codec::common::extension[0m[2m:[0m Unknown Test ext: ZExtUnknown { Id: 2, Mandatory: true, Encoding: "ZBuf", Value: ZBuf { slices: [[e5, b1, 92, 73, 6e, 60, 0e, 4d, 75, 63, d6, 6f, 34, 66, 19, a1, 5e, e7, 16, fc, c6, 19, b8, e4, e4, 28, 5e, eb, 49, ba, 21, 4d, e8, 24, f3, 67, 0f, 8c, 7a, a3, d9, a2, 29, 96, 5d, f5, 24, ec, 88, 93, 00, 03, e5, b9, a8, 50, e4, b2, 6f, 2e, a6, 11, 9a]] } }
[2m2026-09-14T11:41:49.452641Z[0m [31mERROR[0m codec_extension ThreadId(12) [2mzenoh_codec::common::extension[0m[2m:[0m Unknown Test ext: ZExtUnknown { Id: 2, Mandatory: true, Encoding: "ZBuf", Value: ZBuf { slices: [[83, 35, ac, a1, c7, c1, 48, 92, 95, fa, f0, cd, 8a, ee, 62, de, 72, c1, 65, bf, ca, 49, 34, ae, 67, a7, c8, 04, ae, d1, 9e]] } }
[2m2026-09-14T11:41:49.452646Z[0m [31mERROR[0m codec_extension ThreadId(12) [2mzenoh_codec::common::extension[0m[2m:[0m Unknown Test ext: ZExtUnknown { Id: 2, Mandatory: true, Encoding: "ZBuf", Value: ZBuf { slices: [[77, 98, 3f, 2b, 4d, 9f, b8, 03, 5f, b9, 47, 71, 9b, b9, bb, bc, 12, 4d, ad, 80, e0, 8e, e3, 0d, a0, 7d, 51, ff, 24, 3b, 77, 18, 4e, 53, bd, b6, 09, 61, 06, bb, 96, 0a, 22, b3, 80, 96, 07]] } }
[2m2026-09-14T11:41:49.452668Z[0m [31mERROR[0m codec_extension ThreadId(12) [2mzenoh_codec::common::extension[0m[2m:[0m Unknown Test ext: ZExtUnknown { Id: 2, Mandatory: true, Encoding: "ZBuf", Value: ZBuf { slices: [[16, 77, 56, 31, a7, 26, 36, af, a0, 0f, 4d, 69, cc, f6, cb, df, f6, 69, 6d, cc, 41, 70, 37, 65, f5, 89, 35, be, 85, 00, ef, 07, 9b, b2, 8a, 7e, 45, 84, e6, ce, d0, 24, 27, 2a, 99, 6e, 24, 0b, f2, c6, f3, 49, 67, 60, 23, 2a, 31, c8, be, 0d, 20, ac, 58, 59]] } }
[2m2026-09-14T11:41:49.452689Z[0m [31mERROR[0m codec_extension ThreadId(12) [2mzenoh_codec::common::extension[0m[2m:[0m Unknown Test ext: ZExtUnknown { Id: 2, Mandatory: true, Encoding: "ZBuf", Value: ZBuf { slices: [[c9, f9, c2, 77, 8b, a9, b3, f4, 48, d9, 8d, 74, 4a, 1b, 65, f7, 6f, 06, 51, b8, 03, 6c, a6, 67, 2a, 9e, 8c, 68, e8, 8b, 38, c0, 33, e1, 3e, 2a, a6, 2f, 2d, bd, ac, b2, 74, f6, a2, 26, 8e, 70, cf, dc, 8e, 3e, 86, 25]] } }
[2m2026-09-14T11:41:49.452709Z[0m [31mERROR[0m codec_extension ThreadId(12) [2mzenoh_codec::common::extension[0m[2m:[0m Unknown Test ext: ZExtUnknown { Id: 2, Mandatory: true, Encoding: "ZBuf", Value: ZBuf { slices: [[30, aa, 18, 41, 96, fd, b0, dd, 90, 8d, 02, 31, e7, cf, 8e, e1, 48, f9, fb, 9e, a3, d3, 23, b0, 4e, 07, c7, b7, 6c, f1, 01, e2, 8f, f6, 02, 9e, 5d, 93, d7, 0a, 53]] } }
[2m2026-09-14T11:41:49.452715Z[0m [31mERROR[0m codec_extension ThreadId(12) [2mzenoh_codec::common::extension[0m[2m:[0m Unknown Test ext: ZExtUnknown { Id: 2, Mandatory: true, Encoding: "ZBuf", Value: ZBuf { slices: [[c7, 84, bb, 3c, 21, cd, 65, bf, ed, 09, 17, 89, f0, 81, 52, ee, 79, 0e, 0d, 17, e2, ac, e8, b1, dc]] } }
[2m2026-09-14T11:41:49.452748Z[0m [31mERROR[0m codec_extension ThreadId(12) [2mzenoh_codec::common::extension[0m[2m:[0m Unknown Test ext: ZExtUnknown { Id: 2, Mandatory: true, Encoding: "ZBuf", Value: ZBuf { slices: [[d6, 34, 90, e5, 9b, b0, 6b, 88, 2f, d1, 04, 71, aa, 03, b7, 48, 04, fc, 02, 47, b4, 5b, 60, ff, 94, 35, 5d, 85, c7, 99, 9f, 8a, af, 61, 77, ab, cd, 2f, 88, eb, 86, ca, 45, 6e, 4c, fe, 12, da, 5e, 39, 10, 13, 9a, 64, 70, 21, 54, aa, 27, 34, 0e, e1]] } }
[2m2026-09-14T11:41:49.452755Z[0m [31mERROR[0m codec_extension ThreadId(12) [2mzenoh_codec::common::extension[0m[2m:[0m Unknown Test ext: ZExtUnknown { Id: 2, Mandatory: true, Encoding: "ZBuf", Value: ZBuf { slices: [[63, 5e, c4, 5d, b9, e0, 0f, c2, 75, 84, 38, 6c, ad, 36, ea, 96, fa]] } }
[2m2026-09-14T11:41:49.452760Z[0m [31mERROR[0m codec_extension ThreadId(12) [2mzenoh_codec::common::extension[0m[2m:[0m Unknown Test ext: ZExtUnknown { Id: 2, Mandatory: true, Encoding: "ZBuf", Value: ZBuf { slices: [[d8, ea, 5b, f3, ff, e3, fd, 4e, b5, 29, ad, 83, 4d, 2a, e4, b0, eb, dc, d1, be, 45, da, bc, a2, a9]] } }
[2m2026-09-14T11:41:49.452779Z[0m [31mERROR[0m codec_extension ThreadId(12) [2mzenoh_codec::common::extension[0m[2m:[0m Unknown Test ext: ZExtUnknown { Id: 2, Mandatory: true, Encoding: "ZBuf", Value: ZBuf { slices: [[d2, be, 72, 03, 22, 15, b0, b1, 14, 93, 63, 4b, 13, 35, 41, 7f, 98, 11, df, 11, 3a, 12, 8c]] } }
[2m2026-09-14T11:41:49.452784Z[0m [31mERROR[0m codec_extension ThreadId(12) [2mzenoh_codec::common::extension[0m[2m:[0m Unknown Test ext: ZExtUnknown { Id: 2, Mandatory: true, Encoding: "ZBuf", Value: ZBuf { slices: [[6a, 9e, 85, 60, d7, 98, d8, c4, c4, 27, 5c, 30, d3, 68, 4f, 77, 9f, ca, d4, 6a, 7d, 8b, 7a, d2]] } }
[2m2026-09-14T11:41:49.452804Z[0m [31mERROR[0m codec_extension ThreadId(12) [2mzenoh_codec::common::extension[0m[2m:[0m Unknown Test ext: ZExtUnknown { Id: 2, Mandatory: true, Encoding: "ZBuf", Value: ZBuf { slices: [[d7, 4d, 09, c2, 44, 7e, 2c, ed, 4e, 41, 5d, 01, c5, af, f5, 00, 4f, 08, 49, 82, 72, 2a, b8, 25, af, f3, d8, 41, 3f, eb, c2, d7, 45, 32, 80, fb, f3, 76, b1, a0, 4d, ae, 73, 4f, cd, 63, 96, 76, 6d, bb, f6, 3e, cb, 9e, 8d, 58, 78]] } }
[2m2026-09-14T11:41:49.452826Z[0m [31mERROR[0m codec_extension ThreadId(12) [2mzenoh_codec::common::extension[0m[2m:[0m Unknown Test ext: ZExtUnknown { Id: 2, Mandatory: true, Encoding: "ZBuf", Value: ZBuf { slices: [[4d, 4f, fc, de, 65, d2, 2c, 15, 1d, 23, 7c, 9d, 35, bc, 6a, b4, dc, 71, 09, e3, 26, ca, 1f, dc, cd, e5, ac, bc, af, ba, 8d, 1c, 00, b3, f6, 81, be, 3e, 54, b3, 19, ed, b7, de, 83, e7, 6c, 64, 78, 69, 87, 97, 2b, af]] } }
[2m2026-09-14T11:41:49.452833Z[0m [31mERROR[0m codec_extension ThreadId(12) [2mzenoh_codec::common::extension[0m[2m:[0m Unknown Test ext: ZExtUnknown { Id: 2, Mandatory: true, Encoding: "ZBuf", Value: ZBuf { slices: [[02, 9c, 3f, f2, d4, 28, 1d, 13, 57, c2, 7e, bd, 35, 2f]] } }
[2m2026-09-14T11:41:49.452852Z[0m [31mERROR[0m codec_extension ThreadId(12) [2mzenoh_codec::common::extension[0m[2m:[0m Unknown Test ext: ZExtUnknown { Id: 2, Mandatory: true, Encoding: "ZBuf", Value: ZBuf { slices: [[d3, 89, 47, 09, cf, c9, 28, 03, a1, 0e, 3e, 5a, f4, 44, 8c, b2, b7, 42, 57, be, b2, 8e, 78, d7, ca, 51, 22, 3a, 46, 4e, 8c, 99, f5, 5b, 0f, 5d, 24, f5, 90, 79, f1, 11, 24, b0, b2, 73, 14, 44, de, 39, 54, 30, d3, 74, b3, 6e, 98]] } }
[2m2026-09-14T11:41:49.452872Z[0m [31mERROR[0m codec_extension ThreadId(12) [2mzenoh_codec::common::extension[0m[2m:[0m Unknown Test ext: ZExtUnknown { Id: 2, Mandatory: true, Encoding: "ZBuf", Value: ZBuf { slices: [[3a, 3b, 8d, c9, fb, be, ab, ba, 47, df, 2a, dc, cc, 06, da, 38, 2a, 7f, 8f, c6, 4b, 96, fe, d0, 82, 84, 25, 03, 45, 9e]] } }
[2m2026-09-14T11:41:49.452886Z[0m [31mERROR[0m codec_extension ThreadId(12) [2mzenoh_codec::common::extension[0m[2m:[0m Unknown Test ext: ZExtUnknown { Id: 2, Mandatory: true, Encoding: "ZBuf", Value: ZBuf { slices: [[59, a3, 60, d3, 6e, 14, 64, df, 56, 81, 14, bf, 6e, d3, d2, 30, 69, 9c, 0b, 6d, 15, 5d, 83, 48, dd, 7c, 78, d2, e5, 95, 74, 9e]] } }
[2m2026-09-14T11:41:49.452906Z[0m [31mERROR[0m codec_extension ThreadId(12) [2mzenoh_codec::common::extension[0m[2m:[0m Unknown Test ext: ZExtUnknown { Id: 2, Mandatory: true, Encoding: "ZBuf", Value: ZBuf { slices: [[2e, 78, 6d, 44, ce, 76, b5, 34, e6, 7c, c4, 14, 88, bf, c8, 11, 08, a5]] } }
[2m2026-09-14T11:41:49.452911Z[0m [31mERROR[0m codec_extension ThreadId(12) [2mzenoh_codec::common::extension[0m[2m:[0m Unknown Test ext: ZExtUnknown { Id: 2, Mandatory: true, Encoding: "ZBuf", Value: ZBuf { slices: [[17, 3d, d6, d1, 8e, 54, 37, f5, 67, 3f, 2e, df, 3c, b0, 0f, 77, 6a, 9d, ec, e4, ee]] } }
[2m2026-09-14T11:41:49.452916Z[0m [31mERROR[0m codec_extension ThreadId(12) [2mzenoh_codec::common::extension[0m[2m:[0m Unknown Test ext: ZExtUnknown { Id: 2, Mandatory: true, Encoding: "ZBuf", Value: ZBuf { slices: [[ee, d3, 4c, 42, 40, 42, 41, 06, 7a, c1, 38, 16, 7e, 2e, eb, b8, 02, fa, 4b, ad, 0b, ac, 88, 69, bb, ee, 2e, 67, e0, e2, e9, 3b, 0c, b7, e8, e9]] } }
[2m2026-09-14T11:41:49.452937Z[0m [31mERROR[0m codec_extension ThreadId(12) [2mzenoh_codec::common::extension[0m[2m:[0m Unknown Test ext: ZExtUnknown { Id: 2, Mandatory: true, Encoding: "ZBuf", Value: ZBuf { slices: [[be, c2, 9e, 12, 29, 7f, ce, d4, d4, 6b, 37, ec, 95, 09, 56, a5, cf, 78, 5c, 3a, 3e, af, 0d, 1e, 5a, e1, 72, 23, aa, 94, 03, ab, c8, a8, eb, 2d, 2c, 49, b7, 46, 2f]] } }
[2m2026-09-14T11:41:49.452956Z[0m [31mERROR[0m codec_extension ThreadId(12) [2mzenoh_codec::common::extension[0m[2m:[0m Unknown Test ext: ZExtUnknown { Id: 2, Mandatory: true, Encoding: "ZBuf", Value: ZBuf { slices: [[71, a6, df, be, 09, 63, f8, 9a, 2e, 0a, e8, a9, dc, 1f, c1, c5, f7, e9, af]] } }
[2m2026-09-14T11:41:49.452961Z[0m [31mERROR[0m codec_extension ThreadId(12) [2mzenoh_codec::common::extension[0m[2m:[0m Unknown Test ext: ZExtUnknown { Id: 2, Mandatory: true, Encoding: "ZBuf", Value: ZBuf { slices: [[7b, 13, 71, e4, 6c, 34, bd, 4c, 3b, cd, c4, be, 11, c0, bf, a0, 3e, dd, 9e, 6c, 98, 46, 3c, 7d, e0, 7e, 15, 96, ad, b7, 33, 27, 1d, 46, 6a, fc, c9, 50, e8, 02, 63, f5, b4, e7, cb, 24, 74, 09, ec]] } }
[2m2026-09-14T11:41:49.452982Z[0m [31mERROR[0m codec_extension ThreadId(12) [2mzenoh_codec::common::extension[0m[2m:[0m Unknown Test ext: ZExtUnknown { Id: 2, Mandatory: true, Encoding: "ZBuf", Value: ZBuf { slices: [[13, 8c, 22, 32, f9, af, 6d, bd, ef, 41, fe, b6, d4, a9, 26, 3c, 29, 6f, f9, da, b2, 99, f8, bd, 79, fa, 5b, b3, b3, 8e, e7, 38, 69]] } }
[2m2026-09-14T11:41:49.453003Z[0m [31mERROR[0m codec_extension ThreadId(12) [2mzenoh_codec::common::extension[0m[2m:[0m Unknown Test ext: ZExtUnknown { Id: 2, Mandatory: true, Encoding: "ZBuf", Value: ZBuf { slices: [[d3, c2, 9f, ea, 0b, 68, 05, 48, 49, a4, 4d, 62, d0, 17, 0b, dc, 75, 6e, 59, 55, 33, de, a4, 26, c0, 62, 27, c0, 41, 37, 0f, 75, c8, 1e, fb, 25, 34, a8, 39, 62, f5, 27, eb, 81, d2, f2, 9b, 76, 8f, 9e, 47, a9, ee, a7, 91]] } }
[2m2026-09-14T11:41:49.453024Z[0m [31mERROR[0m codec_extension ThreadId(12) [2mzenoh_codec::common::extension[0m[2m:[0m Unknown Test ext: ZExtUnknown { Id: 2, Mandatory: true, Encoding: "ZBuf", Value: ZBuf { slices: [[cf, ed, 20, 6a, f5, d3, 8c, a4, 96, 2b, 47, 01, 21, b9, 47, f2, 49, 88, 51, 7c, e9, 58, ac, 1a, 2a, d5, 03, 19, e8, 54, 94, c6, 26, 0a, f7, b4, 31, 68, da, 7a, 74, ca, df, 59, a0, b9, 46, ea, 14, dc, e6, 8f, 40, 71, 8d, 3c, 28, c2, d6]] } }
[2m2026-09-14T11:41:49.453046Z[0m [31mERROR[0m codec_extension ThreadId(12) [2mzenoh_codec::common::extension[0m[2m:[0m Unknown Test ext: ZExtUnknown { Id: 2, Mandatory: true, Encoding: "ZBuf", Value: ZBuf { slices: [[48, 40, f6, 3f, 57, b9, b8, b3, 94, 43, 07, 41, 5b, 31, 2f, 98, 33, 40, 27, 17, 7c, 92, 43, 50, f6, e7, 90, c7, db, 2b, d4, 48, 1a, 2b, ce, 35, b3, b1, e7, f9, 1a, ed, 04, 75, 75, f9, 07, c4, 06, 33, b9, a0, ae, 17, b8, 88, d7, 34, 50, 6e, 84, 2a, 48]] } }
[2m2026-09-14T11:41:49.453071Z[0m [31mERROR[0m codec_extension ThreadId(12) [2mzenoh_codec::common::extension[0m[2m:[0m Unknown Test ext: ZExtUnknown { Id: 2, Mandatory: true, Encoding: "ZBuf", Value: ZBuf { slices: [[f2, 1f, b9, 8c, fa, da, f0, 9d, 96, b0, 16, e5, 32, 38, 80, 08, 5b, 2b, 03, a2, e2, ac, ab, 21, 36, 49, 23, 2c, a9, 22, e8, d8, de, 20, f5, 8b, f4, a1, fd, ec, 49, ae, 1c]] } }
[2m2026-09-14T11:41:49.453081Z[0m [31mERROR[0m codec_extension ThreadId(12) [2mzenoh_codec::common::extension[0m[2m:[0m Unknown Test ext: ZExtUnknown { Id: 2, Mandatory: true, Encoding: "ZBuf", Value: ZBuf { slices: [[b4, 87, 4a, c5, ff, e9, 16, 6b, 91, 3f, 78, 5f, 77, d1, a0, 96, 25, b6, 7b, ae, 3b, d5, 39, 4d, ed, 59, 7c, fe, 9f, c5, ad, 0e, 3f, dc, 07, 28]] } }
[2m2026-09-14T11:41:49.453105Z[0m [31mERROR[0m codec_extension ThreadId(12) [2mzenoh_codec::common::extension[0m[2m:[0m Unknown Test ext: ZExtUnknown { Id: 2, Mandatory: true, Encoding: "ZBuf", Value: ZBuf { slices: [[64, b7, 3d, d7, c7, 47, 94, 6c, e8, 25, 99, 82, 9e, ff, 24, 1a, 27, 90, c5, 02, c0, 84, 4b, 82, 0d, e6, dc, 40, c9, ae, 0a]] } }
[2m2026-09-14T11:41:49.453113Z[0m [31mERROR[0m codec_extension ThreadId(12) [2mzenoh_codec::common::extension[0m[2m:[0m Unknown Test ext: ZExtUnknown { Id: 2, Mandatory: true, Encoding: "ZBuf", Value: ZBuf { slices: [[9f, e7, 3b, 24, f3, 6d, 62, 6f, 7c]] } }
[2m2026-09-14T11:41:49.453136Z[0m [31mERROR[0m codec_extension ThreadId(12) [2mzenoh_codec::common::extension[0m[2m:[0m Unknown Test ext: ZExtUnknown { Id: 2, Mandatory: true, Encoding: "ZBuf", Value: ZBuf { slices: [[ab, b2, 34, 6d, f3, c9, 9c, 9a, e1, 29, 47, a5, 78, aa, e5, 8d, 8b, 11, 50, a4, 04, 94, 29, bf, e7, 5d, b4, c3, ce, af, 68, c5, 4b, a2, 55, 34, 1c, 98, 21, 1b, 36, 6b, 33, b3, 32, 1a, c3, 5c, 1d, 6e, 17, 59]] } }
[2m2026-09-14T11:41:49.453144Z[0m [31mERROR[0m codec_extension ThreadId(12) [2mzenoh_codec::common::extension[0m[2m:[0m Unknown Test ext: ZExtUnknown { Id: 2, Mandatory: true, Encoding: "ZBuf", Value: ZBuf { slices: [[d5, 40, 65, 43, 12, 04, b4, af, cb, 19, 32, 22, 94, e2, 07]] } }
[2m2026-09-14T11:41:49.453167Z[0m [31mERROR[0m codec_extension ThreadId(12) [2mzenoh_codec::common::extension[0m[2m:[0m Unknown Test ext: ZExtUnknown { Id: 2, Mandatory: true, Encoding: "ZBuf", Value: ZBuf { slices: [[d1, e3, 77, 49, 9d, e2, 90, 24, 43, 4b, fc, 25, ee, c3, a0, fc, 15, 4d, eb, 0f, 39, a2, c3, f3, da, c6, 25, f7, 85, 6c]] } }
[2m2026-09-14T11:41:49.453180Z[0m [31mERROR[0m codec_extension ThreadId(12) [2mzenoh_codec::common::extension[0m[2m:[0m Unknown Test ext: ZExtUnknown { Id: 2, Mandatory: true, Encoding: "ZBuf", Value: ZBuf { slices: [[8b, 53, ad, c8, 59, 67, 29, 0c, de, da, 0a, b5, f6, 4f, 10, 33, 52, f6, 94, 14, 57]] } }
[2m2026-09-14T11:41:49.453204Z[0m [31mERROR[0m codec_extension ThreadId(12) [2mzenoh_codec::common::extension[0m[2m:[0m Unknown Test ext: ZExtUnknown { Id: 2, Mandatory: true, Encoding: "ZBuf", Value: ZBuf { slices: [[6b, d5, 07, 8b, 02, f0, 51, a9, 86, 46, 00, 2d, da, c8, d7, e6, d4, 2a, 3c, ae, 64, de, 9d, 37, 5e, 13, 8b, 50, 26, 87, f8, 96, e3, d3, 44, be, da, 55, d1, 86, 5f, 3e, cd]] } }
[2m2026-09-14T11:41:49.456184Z[0m [31mERROR[0m codec_extension ThreadId(12) [2mzenoh_codec::common::extension[0m[2m:[0m Unknown Test ext: ZExtUnknown { Id: 15, Mandatory: true, Encoding: "Unit" }
[2m2026-09-14T11:41:49.456203Z[0m [31mERROR[0m codec_extension ThreadId(12) [2mzenoh_codec::common::extension[0m[2m:[0m Unknown Test ext: ZExtUnknown { Id: 13, Mandatory: true, Encoding: "ZBuf", Value: ZBuf { slices: [[e2, 25, 46, 7f, ae, 44, fd, f7, fa, 7a, 42, 84, e1, a9, b9, 1a, 21, fb, 18, a8, fe, 2e, 29, 7d, 8f, bc, 62, b3, d4, 15, ce, 43, 48, c2, 18, 3d, ba, 7f, 78, f3, 45, 8b, ca, ce, 51, 11, 0a]] } }
[2m2026-09-14T11:41:49.456256Z[0m [31mERROR[0m codec_extension ThreadId(12) [2mzenoh_codec::common::extension[0m[2m:[0m Unknown Test ext: ZExtUnknown { Id: 12, Mandatory: true, Encoding: "Z64", Value: 12169981112729155021 }
[2m2026-09-14T11:41:49.456290Z[0m [31mERROR[0m codec_extension ThreadId(12) [2mzenoh_codec::common::extension[0m[2m:[0m Unknown Test ext: ZExtUnknown { Id: 15, Mandatory: true, Encoding: "Unit" }
[2m2026-09-14T11:41:49.456339Z[0m [31mERROR[0m codec_extension ThreadId(12) [2mzenoh_codec::common::extension[0m[2m:[0m Unknown Test ext: ZExtUnknown { Id: 14, Mandatory: true, Encoding: "ZBuf", Value: ZBuf { slices: [[05, da, 28, 0a, 8f, 5a, 18, 38, 8d, a3, 61, 79, c2, e7, 8f, 03, e5, 14, 84, 71, 1f, 5f, 00, 43, 3b, ee, 9a, a5, 3b, 2c, cc, c9, 3f, aa, 50, 10, 1c, 9d, d9, fa, 13, f2, 31, 55, f0, f7]] } }
[2m2026-09-14T11:41:49.456375Z[0m [31mERROR[0m codec_extension ThreadId(12) [2mzenoh_codec::common::extension[0m[2m:[0m Unknown Test ext: ZExtUnknown { Id: 8, Mandatory: true, Encoding: "ZBuf", Value: ZBuf { slices: [[85, 88, c3, d6, c0, 36, 5e, 12, 69, 8a, 67, 7e, 61, f3, 4d, 31, 81, 68, 09, ec, 4f, 44, e2, ea, 17, b8, b3, ae, 7b, aa, 99, 65, 0b, ad, 72]] } }
[2m2026-09-14T11:41:49.456396Z[0m [31mERROR[0m codec_extension ThreadId(12) [2mzenoh_codec::common::extension[0m[2m:[0m Unknown Test ext: ZExtUnknown { Id: 9, Mandatory: true, Encoding: "ZBuf", Value: ZBuf { slices: [[69, 3b, aa, 9e, 1b, 84, 80, 5f, 2d, f5, c5, 28, 1a, 4c, 6f, 5b, 8d, f5, a9, c0, f6, 9a, ad]] } }
[2m2026-09-14T11:41:49.456415Z[0m [31mERROR[0m codec_extension ThreadId(12) [2mzenoh_codec::common::extension[0m[2m:[0m Unknown Test ext: ZExtUnknown { Id: 8, Mandatory: true, Encoding: "ZBuf", Value: ZBuf { slices: [[31, 33, 97, 57, 49, 19, 75, a4, 75, e3, 5c, 28, 7d, 28, 55, 99, ba, e0, 12, ea, 9d, 41, 55, 5b, 35, 25, 98, ad, 64, 30, b8, f8, 42, 84, c5, 20, 57, 3f, e7, 3d]] } }
[2m2026-09-14T11:41:49.456435Z[0m [31mERROR[0m codec_extension ThreadId(12) [2mzenoh_codec::common::extension[0m[2m:[0m Unknown Test ext: ZExtUnknown { Id: 13, Mandatory: true, Encoding: "ZBuf", Value: ZBuf { slices: [[1a, 42, 8e, 2a, 91, fa, da, 36, d9, 66, 12, c0, 51, 3c, 56, 03, 31, cc, 1c, 5b, b5, 32, 25, c4, 0e, 01, fe, 28, ed, 75, 55, c6, 20, a8, 13, 97, 0a, 00, 41, f1, 20, 99, fc, 2a, 94, a4, 11, 72, ce]] } }
[2m2026-09-14T11:41:49.456457Z[0m [31mERROR[0m codec_extension ThreadId(12) [2mzenoh_codec::common::extension[0m[2m:[0m Unknown Test ext: ZExtUnknown { Id: 9, Mandatory: true, Encoding: "Z64", Value: 14812363675815432050 }
[2m2026-09-14T11:41:49.456476Z[0m [31mERROR[0m codec_extension ThreadId(12) [2mzenoh_codec::common::extension[0m[2m:[0m Unknown Test ext: ZExtUnknown { Id: 7, Mandatory: true, Encoding: "Z64", Value: 14399430583459673923 }
[2m2026-09-14T11:41:49.456498Z[0m [31mERROR[0m codec_extension ThreadId(12) [2mzenoh_codec::common::extension[0m[2m:[0m Unknown Test ext: ZExtUnknown { Id: 3, Mandatory: true, Encoding: "ZBuf", Value: ZBuf { slices: [[99, 97, 0c, b5, 4c, 89, 7f, 62, 1d, a3, 32, e6, 25, 73, 54, 7f, ed, 0d, 2f, 14, 1e, 1b, cb, 86, db, bc, 2e, a1, 81, e9, 78, db, 5b, 2b, 36, ce, dd, 84, 2e, 23, 7b, 3b, bf, 9e, bc, e4, ce, 06, 95, aa, e8, f8, 71, 63, e7, 2a]] } }
[2m2026-09-14T11:41:49.456519Z[0m [31mERROR[0m codec_extension ThreadId(12) [2mzenoh_codec::common::extension[0m[2m:[0m Unknown Test ext: ZExtUnknown { Id: 11, Mandatory: true, Encoding: "ZBuf", Value: ZBuf { slices: [[50, 1b, f4, 7f, 4c, a5, cb, 5b, cb, c7, c1, 3e, 67, bb, 23, d5, 90, 76, 92, d8, 19, 37, 3c, 7b, f9, 45, 2c, df, 94, 31, 31, c0, eb, ff, 12]] } }
[2m2026-09-14T11:41:49.456555Z[0m [31mERROR[0m codec_extension ThreadId(12) [2mzenoh_codec::common::extension[0m[2m:[0m Unknown Test ext: ZExtUnknown { Id: 15, Mandatory: true, Encoding: "Unit" }
[2m2026-09-14T11:41:49.456589Z[0m [31mERROR[0m codec_extension ThreadId(12) [2mzenoh_codec::common::extension[0m[2m:[0m Unknown Test ext: ZExtUnknown { Id: 9, Mandatory: true, Encoding: "Z64", Value: 7972486129815187012 }
[2m2026-09-14T11:41:49.456607Z[0m [31mERROR[0m codec_extension ThreadId(12) [2mzenoh_codec::common::extension[0m[2m:[0m Unknown Test ext: ZExtUnknown { Id: 8, Mandatory: true, Encoding: "ZBuf", Value: ZBuf { slices: [[66, d8, cf, f1, 67, 5a, bc, dd, 20, 26, 7b, 4b, 05, 94, ee, 53, ff, 3f, 9e, 9b, 4e, 85, 3f, 9c, e5]] } }
[2m2026-09-14T11:41:49.456627Z[0m [31mERROR[0m codec_extension ThreadId(12) [2mzenoh_codec::common::extension[0m[2m:[0m Unknown Test ext: ZExtUnknown { Id: 12, Mandatory: true, Encoding: "Z64", Value: 9102999010887562560 }
[2m2026-09-14T11:41:49.456677Z[0m [31mERROR[0m codec_extension ThreadId(12) [2mzenoh_codec::common::extension[0m[2m:[0m Unknown Test ext: ZExtUnknown { Id: 13, Mandatory: true, Encoding: "ZBuf", Value: ZBuf { slices: [[31, 0f, 9c, db, 21, 74, 5e, 51, 80, 46, 2a, 8e, 4c, 57, 93, a6, 76, 81, 30, af, 77, c8, bf, 67, 5f, 4b, 7e]] } }
[2m2026-09-14T11:41:49.456696Z[0m [31mERROR[0m codec_extension ThreadId(12) [2mzenoh_codec::common::extension[0m[2m:[0m Unknown Test ext: ZExtUnknown { Id: 15, Mandatory: true, Encoding: "Z64", Value: 17561104152079732751 }
[2m2026-09-14T11:41:49.456731Z[0m [31mERROR[0m codec_extension ThreadId(12) [2mzenoh_codec::common::extension[0m[2m:[0m Unknown Test ext: ZExtUnknown { Id: 10, Mandatory: true, Encoding: "ZBuf", Value: ZBuf { slices: [[93, d2, fd, 4a, 90, 90, 51, 28, 56, 93, c7, b2, d6, 17, ea, c4, 2b, 10, c6, fd, 7f, 92, 39, c9, 62, 27, c2, 11, 85, da, c0, 36, 93, 58, 5c, 44, b0, f0, 02, 59, 00, 7b, f0, af, a2, 18, a0, 4b, 5a, 4b, 13, d6, 53, e2, 99, 66, 8e, e9]] } }
[2m2026-09-14T11:41:49.456796Z[0m [31mERROR[0m codec_extension ThreadId(12) [2mzenoh_codec::common::extension[0m[2m:[0m Unknown Test ext: ZExtUnknown { Id: 7, Mandatory: true, Encoding: "Z64", Value: 17416946188108034867 }
[2m2026-09-14T11:41:49.456801Z[0m [31mERROR[0m codec_extension ThreadId(12) [2mzenoh_codec::common::extension[0m[2m:[0m Unknown Test ext: ZExtUnknown { Id: 8, Mandatory: true, Encoding: "Z64", Value: 15696924878949881897 }
[2m2026-09-14T11:41:49.456834Z[0m [31mERROR[0m codec_extension ThreadId(12) [2mzenoh_codec::common::extension[0m[2m:[0m Unknown Test ext: ZExtUnknown { Id: 15, Mandatory: true, Encoding: "Z64", Value: 14650554607948577233 }
[2m2026-09-14T11:41:49.456852Z[0m [31mERROR[0m codec_extension ThreadId(12) [2mzenoh_codec::common::extension[0m[2m:[0m Unknown Test ext: ZExtUnknown { Id: 1, Mandatory: true, Encoding: "Unit" }
[2m2026-09-14T11:41:49.456870Z[0m [31mERROR[0m codec_extension ThreadId(12) [2mzenoh_codec::common::extension[0m[2m:[0m Unknown Test ext: ZExtUnknown { Id: 9, Mandatory: true, Encoding: "Z64", Value: 7213067366335004583 }
[2m2026-09-14T11:41:49.456895Z[0m [31mERROR[0m codec_extension ThreadId(12) [2mzenoh_codec::common::extension[0m[2m:[0m Unknown Test ext: ZExtUnknown { Id: 2, Mandatory: true, Encoding: "Z64", Value: 14603962551996887347 }
[2m2026-09-14T11:41:49.456915Z[0m [31mERROR[0m codec_extension ThreadId(12) [2mzenoh_codec::common::extension[0m[2m:[0m Unknown Test ext: ZExtUnknown { Id: 4, Mandatory: true, Encoding: "ZBuf", Value: ZBuf { slices: [[d5, cd, 14, 0a, eb, 24, 57, 60, 34, 78, de, 11, 35, 96, 22, c9, 9f, c6, db, af, 19, f8, 14, 72, 00, f8, e3, 7f, d4, 1b, 8a, af, 28, d8, c6, ce, 0a, 51, 70, d8, f0, 55, 06, d1, 8f, fc, 4e, 8f, c8, 74, cc, 8d, c3, 75, 44, 1d, 88, 0e, 75, 5b, f8, 1f, 3a]] } }
[2m2026-09-14T11:41:49.456936Z[0m [31mERROR[0m codec_extension ThreadId(12) [2mzenoh_codec::common::extension[0m[2m:[0m Unknown Test ext: ZExtUnknown { Id: 11, Mandatory: true, Encoding: "ZBuf", Value: ZBuf { slices: [[57, 5e, aa, 25, e9, 5d, b5, 2a, 56, 7b, ea, 87, 51, d0, 5b, a7, 5a, 9e, c1, 91, 71, d6, 49, 45]] } }
[2m2026-09-14T11:41:49.457016Z[0m [31mERROR[0m codec_extension ThreadId(12) [2mzenoh_codec::common::extension[0m[2m:[0m Unknown Test ext: ZExtUnknown { Id: 10, Mandatory: true, Encoding: "ZBuf", Value: ZBuf { slices: [[aa, a9, 2b, 7b, c5, 14, f0, 62, c6, a2, d6, 7f, dd, ea, a7, 8b, ec, bc, 4a, 48, b3, 2d, e4, fa, 31, 6a, 05]] } }
[2m2026-09-14T11:41:49.457050Z[0m [31mERROR[0m codec_extension ThreadId(12) [2mzenoh_codec::common::extension[0m[2m:[0m Unknown Test ext: ZExtUnknown { Id: 4, Mandatory: true, Encoding: "Z64", Value: 5702006657973191984 }
[2m2026-09-14T11:41:49.457083Z[0m [31mERROR[0m codec_extension ThreadId(12) [2mzenoh_codec::common::extension[0m[2m:[0m Unknown Test ext: ZExtUnknown { Id: 13, Mandatory: true, Encoding: "ZBuf", Value: ZBuf { slices: [[55, 9e, 0d, ed, 18, c1, 9b, 60, 34, 32, fd, 43, 52, 81, f1, ae, 6e, 35, e0, e8, 61, b6, d4, e1, 2c, 5a, ff, a8, 3f, c0, 98, 0e]] } }
[2m2026-09-14T11:41:49.457103Z[0m [31mERROR[0m codec_extension ThreadId(12) [2mzenoh_codec::common::extension[0m[2m:[0m Unknown Test ext: ZExtUnknown { Id: 2, Mandatory: true, Encoding: "ZBuf", Value: ZBuf { slices: [[53, 44, 93, 27, e5, a4, be, be, 5a, 3d, fd, e4, f5, 87, 40, 99, a0, e9, 7f, a2, 10, d0, 9e, a1, 1d, a0, ac, e8, 6e, 0c, 15, 49]] } }
[2m2026-09-14T11:41:49.457123Z[0m [31mERROR[0m codec_extension ThreadId(12) [2mzenoh_codec::common::extension[0m[2m:[0m Unknown Test ext: ZExtUnknown { Id: 3, Mandatory: true, Encoding: "Z64", Value: 681155561489238524 }
[2m2026-09-14T11:41:49.457127Z[0m [31mERROR[0m codec_extension ThreadId(12) [2mzenoh_codec::common::extension[0m[2m:[0m Unknown Test ext: ZExtUnknown { Id: 2, Mandatory: true, Encoding: "ZBuf", Value: ZBuf { slices: [[1e, 25, 4a, 83, 0a, 85, cc, 52, a8, b7, 25, bc, fb, 93, a4, 12, 3a, 75, 59, d5, 4b, 5b, 18, c0, 90, 90, 35, 1b, c6, be, 90, 06, 4f, fe, 3b, 27, fa]] } }
[2m2026-09-14T11:41:49.457147Z[0m [31mERROR[0m codec_extension ThreadId(12) [2mzenoh_codec::common::extension[0m[2m:[0m Unknown Test ext: ZExtUnknown { Id: 6, Mandatory: true, Encoding: "Unit" }
[2m2026-09-14T11:41:49.457209Z[0m [31mERROR[0m codec_extension ThreadId(12) [2mzenoh_codec::common::extension[0m[2m:[0m Unknown Test ext: ZExtUnknown { Id: 0, Mandatory: true, Encoding: "Unit" }
[2m2026-09-14T11:41:49.457227Z[0m [31mERROR[0m codec_extension ThreadId(12) [2mzenoh_codec::common::extension[0m[2m:[0m Unknown Test ext: ZExtUnknown { Id: 15, Mandatory: true, Encoding: "Unit" }
[2m2026-09-14T11:41:49.457231Z[0m [31mERROR[0m codec_extension ThreadId(12) [2mzenoh_codec::common::extension[0m[2m:[0m Unknown Test ext: ZExtUnknown { Id: 1, Mandatory: true, Encoding: "ZBuf", Value: ZBuf { slices: [[aa, 72, da, af, f3, 43, ed, 84, f8, 8e, 9d, 17, df, e4, 7e, 9f, 06, 13, 6b, 08, dd, 62, cc, 2e, 4c, 11, 0c, 5e, c1, 82, e7]] } }
[2m2026-09-14T11:41:49.457251Z[0m [31mERROR[0m codec_extension ThreadId(12) [2mzenoh_codec::common::extension[0m[2m:[0m Unknown Test ext: ZExtUnknown { Id: 5, Mandatory: true, Encoding: "ZBuf", Value: ZBuf { slices: [[ad, 48, 92, 2f, 55, e5, 38, 37, 90, 87, 78, f6, ef, ad, 13, 96, 70, d9, 51, 6a, cb, dd, da, 0e, af, 1e, ed, 1f, 95, 53, b0, 6c, e9, b5, d2, b7, d1, e1, 85, ef, 5f, 6a, 1c, d4, c8, 18, 81, 74, 44, c3, 9d, 3d]] } }
[2m2026-09-14T11:41:49.457303Z[0m [31mERROR[0m codec_extension ThreadId(12) [2mzenoh_codec::common::extension[0m[2m:[0m Unknown Test ext: ZExtUnknown { Id: 0, Mandatory: true, Encoding: "Unit" }
[2m2026-09-14T11:41:49.457338Z[0m [31mERROR[0m codec_extension ThreadId(12) [2mzenoh_codec::common::extension[0m[2m:[0m Unknown Test ext: ZExtUnknown { Id: 6, Mandatory: true, Encoding: "Z64", Value: 2659108577104470388 }
[2m2026-09-14T11:41:49.457342Z[0m [31mERROR[0m codec_extension ThreadId(12) [2mzenoh_codec::common::extension[0m[2m:[0m Unknown Test ext: ZExtUnknown { Id: 11, Mandatory: true, Encoding: "Z64", Value: 6836605749163706683 }
[2m2026-09-14T11:41:49.457362Z[0m [31mERROR[0m codec_extension ThreadId(12) [2mzenoh_codec::common::extension[0m[2m:[0m Unknown Test ext: ZExtUnknown { Id: 0, Mandatory: true, Encoding: "Z64", Value: 3699223122684840504 }
[2m2026-09-14T11:41:49.457380Z[0m [31mERROR[0m codec_extension ThreadId(12) [2mzenoh_codec::common::extension[0m[2m:[0m Unknown Test ext: ZExtUnknown { Id: 3, Mandatory: true, Encoding: "ZBuf", Value: ZBuf { slices: [[07, d2, 1c, 2b, 8a, 17, 7c, cb, 23, 30, 00, 00, 93, 0c, f0, 9a]] } }
[2m2026-09-14T11:41:49.457386Z[0m [31mERROR[0m codec_extension ThreadId(12) [2mzenoh_codec::common::extension[0m[2m:[0m Unknown Test ext: ZExtUnknown { Id: 11, Mandatory: true, Encoding: "Z64", Value: 12082415329778304609 }
[2m2026-09-14T11:41:49.457404Z[0m [31mERROR[0m codec_extension ThreadId(12) [2mzenoh_codec::common::extension[0m[2m:[0m Unknown Test ext: ZExtUnknown { Id: 2, Mandatory: true, Encoding: "Z64", Value: 5670256166046670684 }
[2m2026-09-14T11:41:49.457436Z[0m [31mERROR[0m codec_extension ThreadId(12) [2mzenoh_codec::common::extension[0m[2m:[0m Unknown Test ext: ZExtUnknown { Id: 13, Mandatory: true, Encoding: "ZBuf", Value: ZBuf { slices: [[f1, 8c, 46, 44, ab, 2a, 1c, 20]] } }
[2m2026-09-14T11:41:49.457455Z[0m [31mERROR[0m codec_extension ThreadId(12) [2mzenoh_codec::common::extension[0m[2m:[0m Unknown Test ext: ZExtUnknown { Id: 7, Mandatory: true, Encoding: "Unit" }
[2m2026-09-14T11:41:49.457458Z[0m [31mERROR[0m codec_extension ThreadId(12) [2mzenoh_codec::common::extension[0m[2m:[0m Unknown Test ext: ZExtUnknown { Id: 14, Mandatory: true, Encoding: "ZBuf", Value: ZBuf { slices: [[b3, ae, d6, fb, 09, 52, a2, 49, b7, 08, a5, b9, c4, b4, dc, 5a, 9f, 98, d9, 99, 66, 5d, e9, d9, 36, db, e5, 22, 21, 47, c1, 23, 68, 91, 09, c7]] } }
[2m2026-09-14T11:41:49.457479Z[0m [31mERROR[0m codec_extension ThreadId(12) [2mzenoh_codec::common::extension[0m[2m:[0m Unknown Test ext: ZExtUnknown { Id: 14, Mandatory: true, Encoding: "Unit" }
[2m2026-09-14T11:41:49.457497Z[0m [31mERROR[0m codec_extension ThreadId(12) [2mzenoh_codec::common::extension[0m[2m:[0m Unknown Test ext: ZExtUnknown { Id: 12, Mandatory: true, Encoding: "Unit" }
[2m2026-09-14T11:41:49.457535Z[0m [31mERROR[0m codec_extension ThreadId(12) [2mzenoh_codec::common::extension[0m[2m:[0m Unknown Test ext: ZExtUnknown { Id: 10, Mandatory: true, Encoding: "ZBuf", Value: ZBuf { slices: [[2d, e6, 6d, 11, 48, 23, 4d, cb]] } }
[2m2026-09-14T11:41:49.457587Z[0m [31mERROR[0m codec_extension ThreadId(12) [2mzenoh_codec::common::extension[0m[2m:[0m Unknown Test ext: ZExtUnknown { Id: 14, Mandatory: true, Encoding: "ZBuf", Value: ZBuf { slices: [[90, b3, ec, 5d, 3e, bf, e7, 7b, ad, a4, 5e, 25, 07, 7d, 15, fa, a9, 8f, 03, b6, 8a, 1d, ee, ea, c8, 6c, 11, c6, 68, 52, 7a, 7e, 39, 23, 5e, 4b, 25, b5, 14, 34, 0e, 43]] } }
[2m2026-09-14T11:41:49.457637Z[0m [31mERROR[0m codec_extension ThreadId(12) [2mzenoh_codec::common::extension[0m[2m:[0m Unknown Test ext: ZExtUnknown { Id: 10, Mandatory: true, Encoding: "Z64", Value: 1267609449689014463 }
[2m2026-09-14T11:41:49.457655Z[0m [31mERROR[0m codec_extension ThreadId(12) [2mzenoh_codec::common::extension[0m[2m:[0m Unknown Test ext: ZExtUnknown { Id: 6, Mandatory: true, Encoding: "Unit" }
[2m2026-09-14T11:41:49.457672Z[0m [31mERROR[0m codec_extension ThreadId(12) [2mzenoh_codec::common::extension[0m[2m:[0m Unknown Test ext: ZExtUnknown { Id: 2, Mandatory: true, Encoding: "Unit" }
[2m2026-09-14T11:41:49.457690Z[0m [31mERROR[0m codec_extension ThreadId(12) [2mzenoh_codec::common::extension[0m[2m:[0m Unknown Test ext: ZExtUnknown { Id: 13, Mandatory: true, Encoding: "ZBuf", Value: ZBuf { slices: [[87, 35, 8b, 74, 15, 39, 56, b8, ec, 76, 2e, 53, 50, 63, af, 89, 39, 08, 63, 17, 3d, 4a, 30, 57, ae, f0, 8c, 97, 7a, 07, 8b, 0e, 01, be, dd, 49, be, 95, 4d, 8b, bf, e2, 2c, 17, e7, 02, 01, 25]] } }
[2m2026-09-14T11:41:49.457696Z[0m [31mERROR[0m codec_extension ThreadId(12) [2mzenoh_codec::common::extension[0m[2m:[0m Unknown Test ext: ZExtUnknown { Id: 3, Mandatory: true, Encoding: "Z64", Value: 11928873597884656339 }
[2m2026-09-14T11:41:49.457714Z[0m [31mERROR[0m codec_extension ThreadId(12) [2mzenoh_codec::common::extension[0m[2m:[0m Unknown Test ext: ZExtUnknown { Id: 11, Mandatory: true, Encoding: "Unit" }
[2m2026-09-14T11:41:49.457718Z[0m [31mERROR[0m codec_extension ThreadId(12) [2mzenoh_codec::common::extension[0m[2m:[0m Unknown Test ext: ZExtUnknown { Id: 0, Mandatory: true, Encoding: "Z64", Value: 6687122434506221998 }
[2m2026-09-14T11:41:49.457735Z[0m [31mERROR[0m codec_extension ThreadId(12) [2mzenoh_codec::common::extension[0m[2m:[0m Unknown Test ext: ZExtUnknown { Id: 8, Mandatory: true, Encoding: "Unit" }
[2m2026-09-14T11:41:49.457753Z[0m [31mERROR[0m codec_extension ThreadId(12) [2mzenoh_codec::common::extension[0m[2m:[0m Unknown Test ext: ZExtUnknown { Id: 0, Mandatory: true, Encoding: "Z64", Value: 11172515146980357705 }
[2m2026-09-14T11:41:49.457771Z[0m [31mERROR[0m codec_extension ThreadId(12) [2mzenoh_codec::common::extension[0m[2m:[0m Unknown Test ext: ZExtUnknown { Id: 5, Mandatory: true, Encoding: "Unit" }
[2m2026-09-14T11:41:49.457789Z[0m [31mERROR[0m codec_extension ThreadId(12) [2mzenoh_codec::common::extension[0m[2m:[0m Unknown Test ext: ZExtUnknown { Id: 6, Mandatory: true, Encoding: "Unit" }
[2m2026-09-14T11:41:49.457853Z[0m [31mERROR[0m codec_extension ThreadId(12) [2mzenoh_codec::common::extension[0m[2m:[0m Unknown Test ext: ZExtUnknown { Id: 5, Mandatory: true, Encoding: "Z64", Value: 1101696666978672325 }
[2m2026-09-14T11:41:49.457871Z[0m [31mERROR[0m codec_extension ThreadId(12) [2mzenoh_codec::common::extension[0m[2m:[0m Unknown Test ext: ZExtUnknown { Id: 1, Mandatory: true, Encoding: "Unit" }
[2m2026-09-14T11:41:49.457897Z[0m [31mERROR[0m codec_extension ThreadId(12) [2mzenoh_codec::common::extension[0m[2m:[0m Unknown Test ext: ZExtUnknown { Id: 0, Mandatory: true, Encoding: "ZBuf", Value: ZBuf { slices: [[89, 8d, 8f, e0, 70, 81, 47, 1a, 39, ff, ee, ad, d7, 01, c7, 8e, c8, db, 99, a8, 44, cb, f9, 2f, 66, 0b, 57]] } }
[2m2026-09-14T11:41:49.457916Z[0m [31mERROR[0m codec_extension ThreadId(12) [2mzenoh_codec::common::extension[0m[2m:[0m Unknown Test ext: ZExtUnknown { Id: 8, Mandatory: true, Encoding: "Unit" }
[2m2026-09-14T11:41:49.457937Z[0m [31mERROR[0m codec_extension ThreadId(12) [2mzenoh_codec::common::extension[0m[2m:[0m Unknown Test ext: ZExtUnknown { Id: 8, Mandatory: true, Encoding: "ZBuf", Value: ZBuf { slices: [[b7, d6, f7, ac, 3d, 8b, 65, ff, d1, 98, db, a5, c7, aa, 7f, e7, d5, 53, 3f, 10, 39, 2c, 12, 55, 35, 63, 2a, b4, e1, 4b, 1c, 00, 98, a3, 6d, f1, f1, f3, 98]] } }
[2m2026-09-14T11:41:49.457958Z[0m [31mERROR[0m codec_extension ThreadId(12) [2mzenoh_codec::common::extension[0m[2m:[0m Unknown Test ext: ZExtUnknown { Id: 0, Mandatory: true, Encoding: "ZBuf", Value: ZBuf { slices: [[f2, f1, 13, 9d, 4a, d3, 4a, 78, 53, 48, dc, bd, 27, 37, 6b, 18, bd, 54, e9, 72, f7]] } }
[2m2026-09-14T11:41:49.458009Z[0m [31mERROR[0m codec_extension ThreadId(12) [2mzenoh_codec::common::extension[0m[2m:[0m Unknown Test ext: ZExtUnknown { Id: 1, Mandatory: true, Encoding: "Z64", Value: 10452553656781906223 }
[2m2026-09-14T11:41:49.458014Z[0m [31mERROR[0m codec_extension ThreadId(12) [2mzenoh_codec::common::extension[0m[2m:[0m Unknown Test ext: ZExtUnknown { Id: 5, Mandatory: true, Encoding: "Z64", Value: 7900708866576596721 }
[2m2026-09-14T11:41:49.458063Z[0m [31mERROR[0m codec_extension ThreadId(12) [2mzenoh_codec::common::extension[0m[2m:[0m Unknown Test ext: ZExtUnknown { Id: 4, Mandatory: true, Encoding: "Unit" }
[2m2026-09-14T11:41:49.458081Z[0m [31mERROR[0m codec_extension ThreadId(12) [2mzenoh_codec::common::extension[0m[2m:[0m Unknown Test ext: ZExtUnknown { Id: 8, Mandatory: true, Encoding: "ZBuf", Value: ZBuf { slices: [[e8, a9, bf, f1, c2, f6, 09, 0a, 9a]] } }
[2m2026-09-14T11:41:49.458114Z[0m [31mERROR[0m codec_extension ThreadId(12) [2mzenoh_codec::common::extension[0m[2m:[0m Unknown Test ext: ZExtUnknown { Id: 6, Mandatory: true, Encoding: "ZBuf", Value: ZBuf { slices: [[6f, b6, bf, e1, 9f, 48, 37, 73, 61, 71, c5, a2, bc, 0e, ac, 62, 76, 8e, 01, 65, 76, be, 3d, e1, d6, fc, 9d, 6b, 6c, d8, 7b, 56, c3, 30, 28, 7c, 07, 28, 1e, fb, 28, 0a, 23, bd, b3]] } }
[2m2026-09-14T11:41:49.458120Z[0m [31mERROR[0m codec_extension ThreadId(12) [2mzenoh_codec::common::extension[0m[2m:[0m Unknown Test ext: ZExtUnknown { Id: 0, Mandatory: true, Encoding: "Unit" }
[2m2026-09-14T11:41:49.458137Z[0m [31mERROR[0m codec_extension ThreadId(12) [2mzenoh_codec::common::extension[0m[2m:[0m Unknown Test ext: ZExtUnknown { Id: 4, Mandatory: true, Encoding: "Z64", Value: 13004376239289959713 }
[2m2026-09-14T11:41:49.458155Z[0m [31mERROR[0m codec_extension ThreadId(12) [2mzenoh_codec::common::extension[0m[2m:[0m Unknown Test ext: ZExtUnknown { Id: 1, Mandatory: true, Encoding: "Z64", Value: 10208201368493120453 }
[2m2026-09-14T11:41:49.458217Z[0m [31mERROR[0m codec_extension ThreadId(12) [2mzenoh_codec::common::extension[0m[2m:[0m Unknown Test ext: ZExtUnknown { Id: 3, Mandatory: true, Encoding: "ZBuf", Value: ZBuf { slices: [[4c, 33, 26, 73, 22, 5b, 94, c3, 42, 25, 86, 8e, 05, 72, 2b, 6c, e1, dd, 64, 17, a2, 01, 5d, 07, bb, d4, 85, 4c, 04, 4e, d8, 15, 0f, bb, c1, c3, bf, 75, 37, e8, 76, 29, a8, 47, f1, a1, e1, 4e, f1, 10, e0, 1a, be, c9]] } }
[2m2026-09-14T11:41:49.458238Z[0m [31mERROR[0m codec_extension ThreadId(12) [2mzenoh_codec::common::extension[0m[2m:[0m Unknown Test ext: ZExtUnknown { Id: 0, Mandatory: true, Encoding: "ZBuf", Value: ZBuf { slices: [[be, 37, c5, b4, 77, 27, 78, de, d6, e6, 32, 9f, e3, b1, 02, a5, 65, 19, b8, 47, 9e, f0, 61, 53, 95, 41, b0, 7e]] } }
[2m2026-09-14T11:41:49.458259Z[0m [31mERROR[0m codec_extension ThreadId(12) [2mzenoh_codec::common::extension[0m[2m:[0m Unknown Test ext: ZExtUnknown { Id: 9, Mandatory: true, Encoding: "Z64", Value: 9239022436499106160 }
[2m2026-09-14T11:41:49.458277Z[0m [31mERROR[0m codec_extension ThreadId(12) [2mzenoh_codec::common::extension[0m[2m:[0m Unknown Test ext: ZExtUnknown { Id: 2, Mandatory: true, Encoding: "Z64", Value: 1409920626501421415 }
[2m2026-09-14T11:41:49.458280Z[0m [31mERROR[0m codec_extension ThreadId(12) [2mzenoh_codec::common::extension[0m[2m:[0m Unknown Test ext: ZExtUnknown { Id: 14, Mandatory: true, Encoding: "Unit" }
[2m2026-09-14T11:41:49.458298Z[0m [31mERROR[0m codec_extension ThreadId(12) [2mzenoh_codec::common::extension[0m[2m:[0m Unknown Test ext: ZExtUnknown { Id: 3, Mandatory: true, Encoding: "Unit" }
[2m2026-09-14T11:41:49.458301Z[0m [31mERROR[0m codec_extension ThreadId(12) [2mzenoh_codec::common::extension[0m[2m:[0m Unknown Test ext: ZExtUnknown { Id: 9, Mandatory: true, Encoding: "Unit" }
[2m2026-09-14T11:41:49.458396Z[0m [31mERROR[0m codec_extension ThreadId(12) [2mzenoh_codec::common::extension[0m[2m:[0m Unknown Test ext: ZExtUnknown { Id: 3, Mandatory: true, Encoding: "Unit" }
[2m2026-09-14T11:41:49.458474Z[0m [31mERROR[0m codec_extension ThreadId(12) [2mzenoh_codec::common::extension[0m[2m:[0m Unknown Test ext: ZExtUnknown { Id: 12, Mandatory: true, Encoding: "Unit" }
[2m2026-09-14T11:41:49.458480Z[0m [31mERROR[0m codec_extension ThreadId(12) [2mzenoh_codec::common::extension[0m[2m:[0m Unknown Test ext: ZExtUnknown { Id: 2, Mandatory: true, Encoding: "Z64", Value: 2243894992071950128 }
[2m2026-09-14T11:41:49.458543Z[0m [31mERROR[0m codec_extension ThreadId(12) [2mzenoh_codec::common::extension[0m[2m:[0m Unknown Test ext: ZExtUnknown { Id: 6, Mandatory: true, Encoding: "Z64", Value: 6280192892610481890 }
[2m2026-09-14T11:41:49.458592Z[0m [31mERROR[0m codec_extension ThreadId(12) [2mzenoh_codec::common::extension[0m[2m:[0m Unknown Test ext: ZExtUnknown { Id: 5, Mandatory: true, Encoding: "Unit" }
[2m2026-09-14T11:41:49.458609Z[0m [31mERROR[0m codec_extension ThreadId(12) [2mzenoh_codec::common::extension[0m[2m:[0m Unknown Test ext: ZExtUnknown { Id: 5, Mandatory: true, Encoding: "ZBuf", Value: ZBuf { slices: [[5e, ca, a4, 52, 0c, d2, 22, a1, 50, c0, 67, 66, ce, 53, 99, 3b, cc, 15, 9d, 35, 4c, 21, 33, 9d, c0, 3d, 77, cd, 42, 9a, fd, f5, f8, 7b, 33, 53, 2e, 68, ea, 1c, 34, 4a, 4b, 0a, f3, a3, 35, 39, af, 26, fd, ad, f6, 48, e8, f7, e9, 02, ef, cc, e7, e4, c3, 46]] } }
[2m2026-09-14T11:41:49.458660Z[0m [31mERROR[0m codec_extension ThreadId(12) [2mzenoh_codec::common::extension[0m[2m:[0m Unknown Test ext: ZExtUnknown { Id: 5, Mandatory: true, Encoding: "ZBuf", Value: ZBuf { slices: [[55, 6c, 44, 72, 00, b6, 3a, ba, ba]] } }
[2m2026-09-14T11:41:49.458679Z[0m [31mERROR[0m codec_extension ThreadId(12) [2mzenoh_codec::common::extension[0m[2m:[0m Unknown Test ext: ZExtUnknown { Id: 7, Mandatory: true, Encoding: "Z64", Value: 13023532790710133694 }
[2m2026-09-14T11:41:49.458712Z[0m [31mERROR[0m codec_extension ThreadId(12) [2mzenoh_codec::common::extension[0m[2m:[0m Unknown Test ext: ZExtUnknown { Id: 12, Mandatory: true, Encoding: "Unit" }
[2m2026-09-14T11:41:49.458716Z[0m [31mERROR[0m codec_extension ThreadId(12) [2mzenoh_codec::common::extension[0m[2m:[0m Unknown Test ext: ZExtUnknown { Id: 7, Mandatory: true, Encoding: "Z64", Value: 15496984811381022226 }
[2m2026-09-14T11:41:49.458749Z[0m [31mERROR[0m codec_extension ThreadId(12) [2mzenoh_codec::common::extension[0m[2m:[0m Unknown Test ext: ZExtUnknown { Id: 11, Mandatory: true, Encoding: "ZBuf", Value: ZBuf { slices: [[19, 11, 55, c2, 47, 47, 61, 37, ea, 79, 33, 57, 00, 2d, ee, a0, 88, 6c, 14, 42, 0f, 65, b1, 96, 4c, 60, 0d, c1, c9, d5, 92, d4, d7, a4, 2f, 5c, 36, 61, 38, c9, 88, cb, 80, ff, ee, 14, 6f, b3, c3, 6b]] } }
[2m2026-09-14T11:41:49.458756Z[0m [31mERROR[0m codec_extension ThreadId(12) [2mzenoh_codec::common::extension[0m[2m:[0m Unknown Test ext: ZExtUnknown { Id: 13, Mandatory: true, Encoding: "Unit" }
[2m2026-09-14T11:41:49.458772Z[0m [31mERROR[0m codec_extension ThreadId(12) [2mzenoh_codec::common::extension[0m[2m:[0m Unknown Test ext: ZExtUnknown { Id: 6, Mandatory: true, Encoding: "Unit" }
[2m2026-09-14T11:41:49.458790Z[0m [31mERROR[0m codec_extension ThreadId(12) [2mzenoh_codec::common::extension[0m[2m:[0m Unknown Test ext: ZExtUnknown { Id: 8, Mandatory: true, Encoding: "Unit" }
[2m2026-09-14T11:41:49.458794Z[0m [31mERROR[0m codec_extension ThreadId(12) [2mzenoh_codec::common::extension[0m[2m:[0m Unknown Test ext: ZExtUnknown { Id: 1, Mandatory: true, Encoding: "Unit" }
[2m2026-09-14T11:41:49.458811Z[0m [31mERROR[0m codec_extension ThreadId(12) [2mzenoh_codec::common::extension[0m[2m:[0m Unknown Test ext: ZExtUnknown { Id: 5, Mandatory: true, Encoding: "Unit" }
[2m2026-09-14T11:41:49.458829Z[0m [31mERROR[0m codec_extension ThreadId(12) [2mzenoh_codec::common::extension[0m[2m:[0m Unknown Test ext: ZExtUnknown { Id: 1, Mandatory: true, Encoding: "ZBuf", Value: ZBuf { slices: [[24, 3b, b9, 63, df, cd, 29, 0a, 72, 9b, 04, 42, a9, e1, 43, 31, f3, 7b, 61, c4, 15, 0c, da, ad, 62, 96, 01, 02, ab, 84, 01, ba, fa, cb, 94, 62, c0, f1, 97, be, 06, c1, 29, 2a, a6, 52, cd, 77, a3, 0a, e0]] } }
[2m2026-09-14T11:41:49.458836Z[0m [31mERROR[0m codec_extension ThreadId(12) [2mzenoh_codec::common::extension[0m[2m:[0m Unknown Test ext: ZExtUnknown { Id: 13, Mandatory: true, Encoding: "Z64", Value: 13399871396453507683 }
[2m2026-09-14T11:41:49.458856Z[0m [31mERROR[0m codec_extension ThreadId(12) [2mzenoh_codec::common::extension[0m[2m:[0m Unknown Test ext: ZExtUnknown { Id: 12, Mandatory: true, Encoding: "Z64", Value: 4532778291605627468 }
[2m2026-09-14T11:41:49.458874Z[0m [31mERROR[0m codec_extension ThreadId(12) [2mzenoh_codec::common::extension[0m[2m:[0m Unknown Test ext: ZExtUnknown { Id: 15, Mandatory: true, Encoding: "Unit" }
[2m2026-09-14T11:41:49.458931Z[0m [31mERROR[0m codec_extension ThreadId(12) [2mzenoh_codec::common::extension[0m[2m:[0m Unknown Test ext: ZExtUnknown { Id: 1, Mandatory: true, Encoding: "Z64", Value: 1404130783300813074 }
[2m2026-09-14T11:41:49.458964Z[0m [31mERROR[0m codec_extension ThreadId(12) [2mzenoh_codec::common::extension[0m[2m:[0m Unknown Test ext: ZExtUnknown { Id: 6, Mandatory: true, Encoding: "ZBuf", Value: ZBuf { slices: [[bb, e8, a6, ff, be, 13, 11, 65, 3d, 3a]] } }
[2m2026-09-14T11:41:49.458998Z[0m [31mERROR[0m codec_extension ThreadId(12) [2mzenoh_codec::common::extension[0m[2m:[0m Unknown Test ext: ZExtUnknown { Id: 12, Mandatory: true, Encoding: "ZBuf", Value: ZBuf { slices: [[08, 10, 0a, 0a, ec, be, 38, f4, bd, ae, 5d, 14, 00, 94, 13, 09, 2a, 8d, d5, 59, 9f, 70, a0, 67, 7c, 1a, 8e, 20, 2b]] } }
[2m2026-09-14T11:41:49.459003Z[0m [31mERROR[0m codec_extension ThreadId(12) [2mzenoh_codec::common::extension[0m[2m:[0m Unknown Test ext: ZExtUnknown { Id: 4, Mandatory: true, Encoding: "Unit" }
[2m2026-09-14T11:41:49.459021Z[0m [31mERROR[0m codec_extension ThreadId(12) [2mzenoh_codec::common::extension[0m[2m:[0m Unknown Test ext: ZExtUnknown { Id: 6, Mandatory: true, Encoding: "Z64", Value: 4194120004422515896 }
[2m2026-09-14T11:41:49.459025Z[0m [31mERROR[0m codec_extension ThreadId(12) [2mzenoh_codec::common::extension[0m[2m:[0m Unknown Test ext: ZExtUnknown { Id: 2, Mandatory: true, Encoding: "Z64", Value: 1835431160480191128 }
[2m2026-09-14T11:41:49.459058Z[0m [31mERROR[0m codec_extension ThreadId(12) [2mzenoh_codec::common::extension[0m[2m:[0m Unknown Test ext: ZExtUnknown { Id: 1, Mandatory: true, Encoding: "Z64", Value: 16668975179282825899 }
[2m2026-09-14T11:41:49.459077Z[0m [31mERROR[0m codec_extension ThreadId(12) [2mzenoh_codec::common::extension[0m[2m:[0m Unknown Test ext: ZExtUnknown { Id: 6, Mandatory: true, Encoding: "Z64", Value: 9964707197906104494 }
[2m2026-09-14T11:41:49.459081Z[0m [31mERROR[0m codec_extension ThreadId(12) [2mzenoh_codec::common::extension[0m[2m:[0m Unknown Test ext: ZExtUnknown { Id: 14, Mandatory: true, Encoding: "Z64", Value: 17300779594876907768 }
[2m2026-09-14T11:41:49.459099Z[0m [31mERROR[0m codec_extension ThreadId(12) [2mzenoh_codec::common::extension[0m[2m:[0m Unknown Test ext: ZExtUnknown { Id: 0, Mandatory: true, Encoding: "Z64", Value: 7466250872101553084 }
[2m2026-09-14T11:41:49.459132Z[0m [31mERROR[0m codec_extension ThreadId(12) [2mzenoh_codec::common::extension[0m[2m:[0m Unknown Test ext: ZExtUnknown { Id: 10, Mandatory: true, Encoding: "ZBuf", Value: ZBuf { slices: [[7b, d3, 6c, 79, a3, 80, 73, e7, fb, 3b, 27, fb, b2, e9, 1d, 18, b0, 0b, 74, 61, 13, 90, 05, 95, 41, ab, 10, 47, cd, a2, 2f, 2e, d7, dc, 78, b3, bf, 0f, 4d, c4, af, 6a, fd, 44, f6, e6, 99, e7, 09, dd, 3f, da, 15, 03, d2, 27, 8b, d0, 8e, 99, 26]] } }
[2m2026-09-14T11:41:49.459168Z[0m [31mERROR[0m codec_extension ThreadId(12) [2mzenoh_codec::common::extension[0m[2m:[0m Unknown Test ext: ZExtUnknown { Id: 6, Mandatory: true, Encoding: "Z64", Value: 15723447451039177121 }
[2m2026-09-14T11:41:49.459185Z[0m [31mERROR[0m codec_extension ThreadId(12) [2mzenoh_codec::common::extension[0m[2m:[0m Unknown Test ext: ZExtUnknown { Id: 8, Mandatory: true, Encoding: "Z64", Value: 673663602492045983 }
[2m2026-09-14T11:41:49.459204Z[0m [31mERROR[0m codec_extension ThreadId(12) [2mzenoh_codec::common::extension[0m[2m:[0m Unknown Test ext: ZExtUnknown { Id: 7, Mandatory: true, Encoding: "Unit" }
[2m2026-09-14T11:41:49.459223Z[0m [31mERROR[0m codec_extension ThreadId(12) [2mzenoh_codec::common::extension[0m[2m:[0m Unknown Test ext: ZExtUnknown { Id: 5, Mandatory: true, Encoding: "Z64", Value: 2337058882866088692 }
[2m2026-09-14T11:41:49.459240Z[0m [31mERROR[0m codec_extension ThreadId(12) [2mzenoh_codec::common::extension[0m[2m:[0m Unknown Test ext: ZExtUnknown { Id: 12, Mandatory: true, Encoding: "Unit" }
[2m2026-09-14T11:41:49.459261Z[0m [31mERROR[0m codec_extension ThreadId(12) [2mzenoh_codec::common::extension[0m[2m:[0m Unknown Test ext: ZExtUnknown { Id: 4, Mandatory: true, Encoding: "Z64", Value: 12308036338865679162 }
[2m2026-09-14T11:41:49.459279Z[0m [31mERROR[0m codec_extension ThreadId(12) [2mzenoh_codec::common::extension[0m[2m:[0m Unknown Test ext: ZExtUnknown { Id: 14, Mandatory: true, Encoding: "Unit" }
[2m2026-09-14T11:41:49.459311Z[0m [31mERROR[0m codec_extension ThreadId(12) [2mzenoh_codec::common::extension[0m[2m:[0m Unknown Test ext: ZExtUnknown { Id: 8, Mandatory: true, Encoding: "ZBuf", Value: ZBuf { slices: [[b5, e4, 48, 85, f5, 16, 91, e4, fe, 18, fb, 19, 89, ab, 4e, 8d, dd, 98, 8f, c0, ec]] } }
[2m2026-09-14T11:41:49.459347Z[0m [31mERROR[0m codec_extension ThreadId(12) [2mzenoh_codec::common::extension[0m[2m:[0m Unknown Test ext: ZExtUnknown { Id: 14, Mandatory: true, Encoding: "ZBuf", Value: ZBuf { slices: [[b4, dd, bf, 7f, 29, 0e, e4, 98, cf, 82, 86, 96, ea, de, bc, fb, 4d, 8f, 09, 04, b8, c9, 9a, ad, 9f, e8, 22, da, f2, 2d, 2a, 06, 0f, fa, 0d, 09, b9, 64, 20, f3, c1, 30, 6d, 4b, 97, 5c, 33, 12, 27]] } }
[2m2026-09-14T11:41:49.459397Z[0m [31mERROR[0m codec_extension ThreadId(12) [2mzenoh_codec::common::extension[0m[2m:[0m Unknown Test ext: ZExtUnknown { Id: 10, Mandatory: true, Encoding: "Unit" }
[2m2026-09-14T11:41:49.459414Z[0m [31mERROR[0m codec_extension ThreadId(12) [2mzenoh_codec::common::extension[0m[2m:[0m Unknown Test ext: ZExtUnknown { Id: 3, Mandatory: true, Encoding: "Z64", Value: 7235449277440373782 }
[2m2026-09-14T11:41:49.459434Z[0m [31mERROR[0m codec_extension ThreadId(12) [2mzenoh_codec::common::extension[0m[2m:[0m Unknown Test ext: ZExtUnknown { Id: 10, Mandatory: true, Encoding: "ZBuf", Value: ZBuf { slices: [[b4, 07, 7f, d9, e8, 6a, 58, ec, 1c, db, 7b, 1a, b4, 50, bb, fa, b6, 27, 7b, 05, e2, 21, 91]] } }
[2m2026-09-14T11:41:49.459468Z[0m [31mERROR[0m codec_extension ThreadId(12) [2mzenoh_codec::common::extension[0m[2m:[0m Unknown Test ext: ZExtUnknown { Id: 8, Mandatory: true, Encoding: "ZBuf", Value: ZBuf { slices: [[c2, 35, 3f, 38, 3b, 6b, 85, dc, 0a, 68, da, ed, 3f, 16, 6d, c4, b5, 87, f5, 1f, 06, e3, f9, 02, 0e, 5d, 5a, 1b, 45, f7, a7, 27, da, 3d, b4, ba, 03, f5, 92, e8, 7c, 35, 6e]] } }
[2m2026-09-14T11:41:49.459475Z[0m [31mERROR[0m codec_extension ThreadId(12) [2mzenoh_codec::common::extension[0m[2m:[0m Unknown Test ext: ZExtUnknown { Id: 13, Mandatory: true, Encoding: "ZBuf", Value: ZBuf { slices: [[98, a3, 98, 8d, 0e, a5, 01, 4e, 12, d4, de, 21, 31, 46, 88]] } }
[2m2026-09-14T11:41:49.459511Z[0m [31mERROR[0m codec_extension ThreadId(12) [2mzenoh_codec::common::extension[0m[2m:[0m Unknown Test ext: ZExtUnknown { Id: 11, Mandatory: true, Encoding: "Z64", Value: 450682546692973134 }
[2m2026-09-14T11:41:49.459543Z[0m [31mERROR[0m codec_extension ThreadId(12) [2mzenoh_codec::common::extension[0m[2m:[0m Unknown Test ext: ZExtUnknown { Id: 0, Mandatory: true, Encoding: "Unit" }
[2m2026-09-14T11:41:49.459547Z[0m [31mERROR[0m codec_extension ThreadId(12) [2mzenoh_codec::common::extension[0m[2m:[0m Unknown Test ext: ZExtUnknown { Id: 7, Mandatory: true, Encoding: "ZBuf", Value: ZBuf { slices: [[10, 64, 23, b4, e0, 29, f1, d6, 4b, 1c, 08, 10, 71]] } }
[2m2026-09-14T11:41:49.459581Z[0m [31mERROR[0m codec_extension ThreadId(12) [2mzenoh_codec::common::extension[0m[2m:[0m Unknown Test ext: ZExtUnknown { Id: 0, Mandatory: true, Encoding: "Z64", Value: 10182053470462455000 }
[2m2026-09-14T11:41:49.459586Z[0m [31mERROR[0m codec_extension ThreadId(12) [2mzenoh_codec::common::extension[0m[2m:[0m Unknown Test ext: ZExtUnknown { Id: 11, Mandatory: true, Encoding: "Z64", Value: 7738661626215230402 }
[2m2026-09-14T11:41:49.459604Z[0m [31mERROR[0m codec_extension ThreadId(12) [2mzenoh_codec::common::extension[0m[2m:[0m Unknown Test ext: ZExtUnknown { Id: 8, Mandatory: true, Encoding: "Z64", Value: 9068977574213463416 }
[2m2026-09-14T11:41:49.459637Z[0m [31mERROR[0m codec_extension ThreadId(12) [2mzenoh_codec::common::extension[0m[2m:[0m Unknown Test ext: ZExtUnknown { Id: 6, Mandatory: true, Encoding: "Z64", Value: 8940552116248219503 }
[2m2026-09-14T11:41:49.459657Z[0m [31mERROR[0m codec_extension ThreadId(12) [2mzenoh_codec::common::extension[0m[2m:[0m Unknown Test ext: ZExtUnknown { Id: 0, Mandatory: true, Encoding: "Z64", Value: 5415919931912312074 }
[2m2026-09-14T11:41:49.459689Z[0m [31mERROR[0m codec_extension ThreadId(12) [2mzenoh_codec::common::extension[0m[2m:[0m Unknown Test ext: ZExtUnknown { Id: 10, Mandatory: true, Encoding: "ZBuf", Value: ZBuf { slices: [[33, f6, 53, 0f, 04, 6a, 4f, 6a, a6, 35, de, 71, da, 2f, 07, 34, f2, 29, 9b, f1, 37, 5f, b5, 30, 69, 3d, c8, 69, 2e, b3, ff, d6, eb, 7e, d1, 6e, a5, ee, a0, 9a, 8c, 3c, ea, 88, da, 20, 1d, f3, 0a, 33, 20, da, c4, b1, 80, 3a, 93, 7d, 86, 44, f0, b2]] } }
[2m2026-09-14T11:41:49.459696Z[0m [31mERROR[0m codec_extension ThreadId(12) [2mzenoh_codec::common::extension[0m[2m:[0m Unknown Test ext: ZExtUnknown { Id: 2, Mandatory: true, Encoding: "Z64", Value: 14809952398587997668 }
[2m2026-09-14T11:41:49.459744Z[0m [31mERROR[0m codec_extension ThreadId(12) [2mzenoh_codec::common::extension[0m[2m:[0m Unknown Test ext: ZExtUnknown { Id: 9, Mandatory: true, Encoding: "Unit" }
[2m2026-09-14T11:41:49.459812Z[0m [31mERROR[0m codec_extension ThreadId(12) [2mzenoh_codec::common::extension[0m[2m:[0m Unknown Test ext: ZExtUnknown { Id: 5, Mandatory: true, Encoding: "ZBuf", Value: ZBuf { slices: [[de, 03, 65, d9, 59, f7, 10, c7, a7, f5, b1, 07, a6, 66, b2, b5, d6, d5, 5d, 98, fe, ea, 82, a0, 1a, c2, 66, ee, 41, 5c, 1e, 95, 51, 2e, f9, 81, 08, b9, 2b, 54, 55, 15, 75, 74, 6f, 23, 20, 47, a3, a3, e0, e3, 2d, 53, aa, ed, e5, 2e, 45]] } }
[2m2026-09-14T11:41:49.459833Z[0m [31mERROR[0m codec_extension ThreadId(12) [2mzenoh_codec::common::extension[0m[2m:[0m Unknown Test ext: ZExtUnknown { Id: 12, Mandatory: true, Encoding: "Unit" }
[2m2026-09-14T11:41:49.459851Z[0m [31mERROR[0m codec_extension ThreadId(12) [2mzenoh_codec::common::extension[0m[2m:[0m Unknown Test ext: ZExtUnknown { Id: 9, Mandatory: true, Encoding: "Unit" }
[2m2026-09-14T11:41:49.459920Z[0m [31mERROR[0m codec_extension ThreadId(12) [2mzenoh_codec::common::extension[0m[2m:[0m Unknown Test ext: ZExtUnknown { Id: 2, Mandatory: true, Encoding: "Unit" }
[2m2026-09-14T11:41:49.459942Z[0m [31mERROR[0m codec_extension ThreadId(12) [2mzenoh_codec::common::extension[0m[2m:[0m Unknown Test ext: ZExtUnknown { Id: 14, Mandatory: true, Encoding: "Z64", Value: 2238484818255849090 }
[2m2026-09-14T11:41:49.459960Z[0m [31mERROR[0m codec_extension ThreadId(12) [2mzenoh_codec::common::extension[0m[2m:[0m Unknown Test ext: ZExtUnknown { Id: 14, Mandatory: true, Encoding: "ZBuf", Value: ZBuf { slices: [[75, 96, b4, ad, 02, 90, 2d, 6e, a4, 17, 51, cb, 33, 2b, 69, c5, 46, d2, 43, 92, bd, ea, b7, 57, 0e, 12, 0e, 68, fa, 0b, 9d, 10]] } }
[2m2026-09-14T11:41:49.459979Z[0m [31mERROR[0m codec_extension ThreadId(12) [2mzenoh_codec::common::extension[0m[2m:[0m Unknown Test ext: ZExtUnknown { Id: 3, Mandatory: true, Encoding: "Unit" }
[2m2026-09-14T11:41:49.460014Z[0m [31mERROR[0m codec_extension ThreadId(12) [2mzenoh_codec::common::extension[0m[2m:[0m Unknown Test ext: ZExtUnknown { Id: 12, Mandatory: true, Encoding: "Unit" }
[2m2026-09-14T11:41:49.460046Z[0m [31mERROR[0m codec_extension ThreadId(12) [2mzenoh_codec::common::extension[0m[2m:[0m Unknown Test ext: ZExtUnknown { Id: 11, Mandatory: true, Encoding: "ZBuf", Value: ZBuf { slices: [[dc, 83, d9, b9, 36, 00, ff, 67, 60, f0, 72, 4c, 74, 64, 36, 72, 8a, cc, ea, 4f, 0d, 54, 94, 9d, 24, 43, 32, 3e, f3, f0, b1, 50, bf, 08, de, f8, d6, 0c, 5c, 0e, 38, 1f, d1, 6a, dc, 76, d2, e6, f0, 62, 78, f2, 1f, 0e]] } }
ok
test codec_fragment ... ok
test codec_fragment_header ... ok
test codec_frame ... ok
test codec_frame_header ... ok
test codec_hello ... ok
test codec_init_ack ... ok
test codec_init_syn ... ok
test codec_interest ... ok
test codec_join ... ok
test codec_keep_alive ... ok
test codec_locator ... ok
test codec_network ... ok
test codec_network_oam ... ok
test codec_open_ack ... ok
test codec_open_syn ... ok
test codec_push ... ok
test codec_put ... ok
test codec_query ... ok
test codec_reply ... ok
test codec_request ... ok
test codec_response ... ok
test codec_response_final ... ok
test codec_scout ... ok
test codec_scouting ... ok
test codec_string ... ok
test codec_string_bounded ... ok
test codec_timestamp ... ok
test codec_transport ... ok
test codec_transport_oam ... ok
test codec_undeclare_keyexpr ... ok
test codec_undeclare_queryable ... ok
test codec_undeclare_subscriber ... ok
test codec_undeclare_token ... ok
test codec_zbuf ... ok
test codec_zbuf_bounded ... ok
test codec_zid ... ok
test codec_zint ... ok
test codec_zint_bounded ... ok
test codec_zint_len ... ok
test codec_zslice ... ok
test codec_zslice_bounded ... ok
test zbuf_test ... ok

test result: ok. 53 passed; 0 failed; 0 ignored; 0 measured; 0 filtered out; finished in 1.07s

