    Finished `test` profile [unoptimized + debuginfo] target(s) in 0.26s
     Running unittests src/lib.rs (target/debug/deps/zenoh-6b58e23279eb4691)

running 101 tests
test api::cancellation::test::concurrent_cancel ... ok
test api::cancellation::test::concurrent_cancel_async ... ok
test api::cancellation::test::concurrent_cancel_with_err ... ok
test api::config::tests::insert_remove_json5_array_item ... ok
test api::config::tests::runtime_try_insert_json5_array_item_rejects_non_plugin_keys ... ok
test api::encoding::tests::hash ... ok
test api::encoding::tests::test_default_encoding ... ok
test api::encoding::tests::test_from_str ... ok
test api::encoding::tests::test_schema ... ok
test api::encoding::tests::test_to_string ... ok
test api::info::tests::test_new_from_fields_equals_new_from_peer ... ok
test api::key_expr::size_of_KeyExpr ... ok
test api::publisher::tests::priority_from ... ok
test api::publisher::tests::sample_kind_integrity_in_publication ... ok
test api::publisher::tests::sample_kind_integrity_in_put_builder ... ok
test api::selector::selector_accessors ... ok
test net::protocol::network::tests::test_gossip_singlehop_linkstate_empty_links_not_overwritten ... ok
test net::routing::dispatcher::local_resources::tests::test_aggregate ... ok
test net::routing::dispatcher::local_resources::tests::test_simple ... ok
test net::routing::dispatcher::region::region_indexes ... ok
test net::tests::regions::adminspace::test_sourced_entities_and_interests::whatami_peer_expects ... ok
test net::tests::regions::adminspace::test_sourced_entities_and_interests::whatami_router_expects ... ok
test net::tests::regions::declare::test_against_invalid_token_propagation_to_source_north_router_region ... ok
test net::tests::regions::declare::test_against_invalid_token_propagation_to_source_south_router_region ... ok
test net::tests::regions::declare::test_client_token_repropagation ... ok
test net::tests::regions::declare::test_duplicate_queryable_undeclaration ... ok
test net::tests::regions::declare::test_multiple_gateways_r2r_token_propagation_downstream ... ok
test net::tests::regions::declare::test_multiple_gateways_r2r_token_propagation_upstream ... ok
test net::tests::regions::forwarding::test_c2c_inter_subregion_data_routing ... ok
test net::tests::regions::forwarding::test_c2c_inter_subregion_query_routing ... ok
test net::tests::regions::forwarding::test_complete_queryable_failover ... ok
test net::tests::regions::forwarding::test_multiple_gateways_data_routing_p2p_downstream ... ok
test net::tests::regions::forwarding::test_multiple_gateways_data_routing_p2p_upstream ... ok
test net::tests::regions::forwarding::test_multiple_gateways_data_routing_p2p_upstream_with_interest ... ok
test net::tests::regions::forwarding::test_multiple_gateways_data_routing_p2r_upstream ... ok
test net::tests::regions::forwarding::test_multiple_gateways_data_routing_p2r_upstream_with_interest ... ok
test net::tests::regions::forwarding::test_multiple_gateways_data_routing_r2p_downstream ... ok
test net::tests::regions::forwarding::test_multiple_gateways_data_routing_r2r_downstream ... ok
test net::tests::regions::forwarding::test_multiple_gateways_data_routing_r2r_upstream ... ok
test net::tests::regions::forwarding::test_multiple_gateways_data_routing_r2r_upstream_gateway_source ... ok
test net::tests::regions::forwarding::test_multiple_gateways_query_routing_p2p_downstream ... ok
test net::tests::regions::forwarding::test_multiple_gateways_query_routing_p2p_upstream ... ok
test net::tests::regions::forwarding::test_multiple_gateways_query_routing_p2p_upstream_with_interest ... ok
test net::tests::regions::forwarding::test_multiple_gateways_query_routing_p2r_upstream ... ok
test net::tests::regions::forwarding::test_multiple_gateways_query_routing_p2r_upstream_with_interest ... ok
test net::tests::regions::forwarding::test_multiple_gateways_query_routing_r2p_downstream ... ok
test net::tests::regions::forwarding::test_multiple_gateways_query_routing_r2r_downstream ... ok
test net::tests::regions::forwarding::test_multiple_gateways_query_routing_r2r_upstream ... ok
test net::tests::regions::forwarding::test_multiple_gateways_query_routing_r2r_upstream_gateway_source ... ok
test net::tests::regions::forwarding::test_p2p_inter_subregion_data_routing ... ok
test net::tests::regions::forwarding::test_p2p_inter_subregion_query_routing ... ok
test net::tests::regions::forwarding::test_push_message_consumption ... ok
test net::tests::regions::forwarding::test_r2r_inter_subregion_data_routing ... ok
test net::tests::regions::forwarding::test_r2r_inter_subregion_query_routing ... ok
test net::tests::regions::interest::test_concurrent_current_future_interests::whatami_client_whatami_client_expects ... ok
test net::tests::regions::interest::test_concurrent_current_future_interests::whatami_client_whatami_peer_expects ... ok
test net::tests::regions::interest::test_concurrent_current_future_interests::whatami_peer_whatami_client_expects ... ok
test net::tests::regions::interest::test_concurrent_current_future_interests::whatami_peer_whatami_peer_expects ... ok
test net::tests::regions::interest::test_current_future_interest_propagation_on_open::whatami_client_whatami_client_expects ... ok
test net::tests::regions::interest::test_current_future_interest_propagation_on_open::whatami_client_whatami_peer_expects ... ok
test net::tests::regions::interest::test_current_future_interest_propagation_on_open::whatami_peer_whatami_client_expects ... ok
test net::tests::regions::interest::test_current_future_interest_propagation_on_open::whatami_peer_whatami_peer_expects ... ok
test net::tests::regions::interest::test_current_interest_finalization::whatami_client_expects ... ok
test net::tests::regions::interest::test_current_interest_finalization::whatami_peer_expects ... ok
test net::tests::regions::interest::test_current_interest_finalization::whatami_router_expects ... ok
test net::tests::regions::interest::test_current_token_repropagation ... ok
test net::tests::regions::interest::test_p2p_interest_routing_with_finalized_initial_interests ... ok
test net::tests::regions::interest::test_p2p_interest_routing_with_unfinalized_initial_interests ... ok
test net::tests::regions::oam::test_peer_singlehop_gossip_linkstate_propagation ... ok
test net::tests::runtime::tests::test_state_weak_alive_with_runtime ... ok
test net::tests::runtime::tests::test_state_weak_dead_after_close_and_drop ... ok
test net::tests::runtime::tests::test_state_weak_dead_after_drop ... ok
test net::tests::runtime::tests::test_state_weak_still_alive_after_close ... ok
test net::tests::tables::base_test ... ok
test net::tests::tables::big_key_expr ... ok
test net::tests::tables::clean_test ... ok
test net::tests::tables::client_test ... ok
test net::tests::tables::get_best_key_test ... ok
test net::tests::tables::match_test ... ok
test net::tests::tables::multisub_test ... ok
test net::tests::tables::test_response_wireexpr ... ok
test tests::interceptor_cache::test_interceptors_cache_update_egress ... ok
test tests::interceptor_cache::test_interceptors_cache_update_egress_then_ingress ... ok
test tests::interceptor_cache::test_interceptors_cache_update_ingress ... ok
test tests::link_weights::test_link_weights_diamond ... [2m2026-09-14T11:17:22.142646Z[0m [31mERROR[0m [2mzenoh_task[0m[2m:[0m Failed to terminate the task
[2m2026-09-14T11:17:22.142669Z[0m [31mERROR[0m [2mzenoh_task[0m[2m:[0m Failed to terminate the task
[2m2026-09-14T11:17:22.142642Z[0m [31mERROR[0m [2mzenoh_task[0m[2m:[0m Failed to terminate the task
[2m2026-09-14T11:17:22.142638Z[0m [31mERROR[0m [2mzenoh_task[0m[2m:[0m Failed to terminate the task
[2m2026-09-14T11:17:28.181353Z[0m [31mERROR[0m [2mzenoh_task[0m[2m:[0m Failed to terminate the task
[2m2026-09-14T11:17:28.181796Z[0m [31mERROR[0m [2mzenoh_task[0m[2m:[0m Failed to terminate the task
[2m2026-09-14T11:17:28.181427Z[0m [31mERROR[0m [2mzenoh_task[0m[2m:[0m Failed to terminate the task
[2m2026-09-14T11:17:28.182951Z[0m [31mERROR[0m [2mzenoh_task[0m[2m:[0m Failed to terminate the task
ok
test tests::link_weights::test_link_weights_hexagon ... [2m2026-09-14T11:17:34.216177Z[0m [31mERROR[0m [2mzenoh_task[0m[2m:[0m Failed to terminate the task
[2m2026-09-14T11:17:34.216255Z[0m [31mERROR[0m [2mzenoh_task[0m[2m:[0m Failed to terminate the task
[2m2026-09-14T11:17:34.216180Z[0m [31mERROR[0m [2mzenoh_task[0m[2m:[0m Failed to terminate the task
[2m2026-09-14T11:17:34.216177Z[0m [31mERROR[0m [2mzenoh_task[0m[2m:[0m Failed to terminate the task
[2m2026-09-14T11:17:40.243665Z[0m [31mERROR[0m [2mzenoh_task[0m[2m:[0m Failed to terminate the task
[2m2026-09-14T11:17:40.243668Z[0m [31mERROR[0m [2mzenoh_task[0m[2m:[0m Failed to terminate the task
[2m2026-09-14T11:17:40.243673Z[0m [31mERROR[0m [2mzenoh_task[0m[2m:[0m Failed to terminate the task
[2m2026-09-14T11:17:40.243690Z[0m [31mERROR[0m [2mzenoh_task[0m[2m:[0m Failed to terminate the task
ok
test tests::link_weights::test_link_weights_info_diamond_routers ... [2m2026-09-14T11:17:47.792588Z[0m [31mERROR[0m [2mzenoh_task[0m[2m:[0m Failed to terminate the task
[2m2026-09-14T11:17:47.792651Z[0m [31mERROR[0m [2mzenoh_task[0m[2m:[0m Failed to terminate the task
[2m2026-09-14T11:17:47.792577Z[0m [31mERROR[0m [2mzenoh_task[0m[2m:[0m Failed to terminate the task
[2m2026-09-14T11:17:47.792620Z[0m [31mERROR[0m [2mzenoh_task[0m[2m:[0m Failed to terminate the task
[2m2026-09-14T11:17:47.792579Z[0m [31mERROR[0m [2mzenoh_task[0m[2m:[0m Failed to terminate the task
[2m2026-09-14T11:17:47.792603Z[0m [31mERROR[0m [2mzenoh_task[0m[2m:[0m Failed to terminate the task
[2m2026-09-14T11:17:47.792579Z[0m [31mERROR[0m [2mzenoh_task[0m[2m:[0m Failed to terminate the task
ok
test tests::link_weights::test_link_weights_triangle ... [2m2026-09-14T11:17:55.351358Z[0m [31mERROR[0m [2mzenoh_task[0m[2m:[0m Failed to terminate the task
[2m2026-09-14T11:17:55.352457Z[0m [31mERROR[0m [2mzenoh_task[0m[2m:[0m Failed to terminate the task
[2m2026-09-14T11:17:55.351356Z[0m [31mERROR[0m [2mzenoh_task[0m[2m:[0m Failed to terminate the task
[2m2026-09-14T11:17:55.351362Z[0m [31mERROR[0m [2mzenoh_task[0m[2m:[0m Failed to terminate the task
[2m2026-09-14T11:17:55.351359Z[0m [31mERROR[0m [2mzenoh_task[0m[2m:[0m Failed to terminate the task
[2m2026-09-14T11:17:55.352241Z[0m [31mERROR[0m [2mzenoh_task[0m[2m:[0m Failed to terminate the task
[2m2026-09-14T11:17:55.351367Z[0m [31mERROR[0m [2mzenoh_task[0m[2m:[0m Failed to terminate the task
[2m2026-09-14T11:17:58.388752Z[0m [31mERROR[0m [2mzenoh_task[0m[2m:[0m Failed to terminate the task
[2m2026-09-14T11:17:58.388847Z[0m [31mERROR[0m [2mzenoh_task[0m[2m:[0m Failed to terminate the task
[2m2026-09-14T11:17:58.388853Z[0m [31mERROR[0m [2mzenoh_task[0m[2m:[0m Failed to terminate the task
[2m2026-09-14T11:17:58.389449Z[0m [31mERROR[0m [2mzenoh_task[0m[2m:[0m Failed to terminate the task
[2m2026-09-14T11:18:03.923806Z[0m [31mERROR[0m [2mzenoh_task[0m[2m:[0m Failed to terminate the task
[2m2026-09-14T11:18:03.923895Z[0m [31mERROR[0m [2mzenoh_task[0m[2m:[0m Failed to terminate the task
[2m2026-09-14T11:18:03.923899Z[0m [31mERROR[0m [2mzenoh_task[0m[2m:[0m Failed to terminate the task
[2m2026-09-14T11:18:09.457623Z[0m [31mERROR[0m [2mzenoh_task[0m[2m:[0m Failed to terminate the task
[2m2026-09-14T11:18:09.457624Z[0m [31mERROR[0m [2mzenoh_task[0m[2m:[0m Failed to terminate the task
[2m2026-09-14T11:18:09.457661Z[0m [31mERROR[0m [2mzenoh_task[0m[2m:[0m Failed to terminate the task
[2m2026-09-14T11:18:14.981564Z[0m [31mERROR[0m [2mzenoh_task[0m[2m:[0m Failed to terminate the task
[2m2026-09-14T11:18:14.981563Z[0m [31mERROR[0m [2mzenoh_task[0m[2m:[0m Failed to terminate the task
[2m2026-09-14T11:18:14.981564Z[0m [31mERROR[0m [2mzenoh_task[0m[2m:[0m Failed to terminate the task
ok
test tests::link_weights::test_link_weights_update_diamond ... [2m2026-09-14T11:18:20.499583Z[0m [31mERROR[0m [2mzenoh_task[0m[2m:[0m Failed to terminate the task
[2m2026-09-14T11:18:20.499583Z[0m [31mERROR[0m [2mzenoh_task[0m[2m:[0m Failed to terminate the task
[2m2026-09-14T11:18:20.499610Z[0m [31mERROR[0m [2mzenoh_task[0m[2m:[0m Failed to terminate the task
[2m2026-09-14T11:18:26.033699Z[0m [31mERROR[0m [2mzenoh_task[0m[2m:[0m Failed to terminate the task
[2m2026-09-14T11:18:26.033699Z[0m [31mERROR[0m [2mzenoh_task[0m[2m:[0m Failed to terminate the task
[2m2026-09-14T11:18:26.033699Z[0m [31mERROR[0m [2mzenoh_task[0m[2m:[0m Failed to terminate the task
ok
test tests::link_weights::test_link_weights_update_hexagon ... [2m2026-09-14T11:18:38.117303Z[0m [31mERROR[0m [2mzenoh_task[0m[2m:[0m Failed to terminate the task
[2m2026-09-14T11:18:38.117298Z[0m [31mERROR[0m [2mzenoh_task[0m[2m:[0m Failed to terminate the task
[2m2026-09-14T11:18:38.117934Z[0m [31mERROR[0m [2mzenoh_task[0m[2m:[0m Failed to terminate the task
[2m2026-09-14T11:18:38.117298Z[0m [31mERROR[0m [2mzenoh_task[0m[2m:[0m Failed to terminate the task
ok
test tests::query_reply::test_reply_preserves_optimized_ke ... ok
test tests::session::runtime_state_weak_tests::alive_before_close::whatami_peer_false_expects ... ok
test tests::session::runtime_state_weak_tests::alive_before_close::whatami_peer_true_expects ... ok
test tests::session::runtime_state_weak_tests::dead_after_drop::whatami_peer_false_expects ... ok
test tests::session::runtime_state_weak_tests::dead_after_drop::whatami_peer_true_expects ... ok
test tests::session::runtime_state_weak_tests::dead_after_drop_many_times::whatami_peer_false_expects ... ok
test tests::session::runtime_state_weak_tests::dead_after_drop_many_times::whatami_peer_true_expects ... ok
test tests::session::runtime_state_weak_tests::multiple_sessions_independent::whatami_peer_false_expects ... ok
test tests::session::runtime_state_weak_tests::multiple_sessions_independent::whatami_peer_true_expects ... ok
test tests::session::runtime_state_weak_tests::still_alive_after_close::whatami_peer_false_expects ... ok
test tests::session::runtime_state_weak_tests::still_alive_after_close::whatami_peer_true_expects ... ok

test result: ok. 101 passed; 0 failed; 0 ignored; 0 measured; 0 filtered out; finished in 133.21s

     Running tests/adminspace.rs (target/debug/deps/adminspace-92b90aac86731471)

running 5 tests
test test_adminspace_ronly ... [2m2026-09-14T11:18:39.797118Z[0m [31mERROR[0m test_adminspace_ronly ThreadId(02) [2mzenoh::net::runtime::adminspace[0m[2m:[0m Received PUT on '@/d53aba42a37b07fcaac4871c6e550252/router/config/zid' but adminspace.permissions.write=false in configuration
[2m2026-09-14T11:18:39.797178Z[0m [31mERROR[0m test_adminspace_ronly ThreadId(02) [2mzenoh::net::runtime::adminspace[0m[2m:[0m Received PUT on '@/d53aba42a37b07fcaac4871c6e550252/router/config/zid' but adminspace.permissions.write=false in configuration
ok
test test_adminspace_transports_and_links ... ok
test test_adminspace_wonly ... [2m2026-09-14T11:18:42.032531Z[0m [31mERROR[0m test_adminspace_wonly ThreadId(20) [2mzenoh::net::runtime::adminspace[0m[2m:[0m Received GET on '@/44474b3c737b825caca7f85d78714580/router' but adminspace.permissions.read=false in configuration
ok
test test_adminspace_write ... [2m2026-09-14T11:18:42.537260Z[0m [31mERROR[0m test_adminspace_write ThreadId(25) [2mzenoh::net::runtime::adminspace[0m[2m:[0m Error inserting conf value @/bcf667088537db268817e009ce5e5a30/router/config/zid : 1 - Error inserting conf value zid : updating config is only supported for keys starting with `plugins/` at zenoh/src/api/config.rs:181.
[2m2026-09-14T11:18:42.537408Z[0m [31mERROR[0m test_adminspace_write ThreadId(25) [2mzenoh::net::runtime::adminspace[0m[2m:[0m Error deleting conf value @/bcf667088537db268817e009ce5e5a30/router/config/zid : Removal of values from Config is only supported for keys starting with `plugins/` at commons/zenoh-config/src/lib.rs:1397.
ok
test test_adminspace_write_with_zid_and_mode_wildcards ... ok

test result: ok. 5 passed; 0 failed; 0 ignored; 0 measured; 1 filtered out; finished in 3.79s

     Running tests/attachments.rs (target/debug/deps/attachments-405fe9918896e09f)

running 2 tests
test attachment_pubsub ... ok
test attachment_queries ... ok

test result: ok. 2 passed; 0 failed; 0 ignored; 0 measured; 0 filtered out; finished in 1.06s

     Running tests/matching.rs (target/debug/deps/matching-8a111b4eaba41156)

running 24 tests
test zenoh_matching_listener_drop_deadlock ... ok
test zenoh_publisher_matching_status ... ok
test zenoh_querier_matching_status::locality_any_testtype_clientpeer_expects ... ok
test zenoh_querier_matching_status::locality_any_testtype_clientrouterclient_expects ... ok
test zenoh_querier_matching_status::locality_any_testtype_peerclient_expects ... ok
test zenoh_querier_matching_status::locality_any_testtype_peerpeer_expects ... ok
test zenoh_querier_matching_status::locality_any_testtype_routerclient_expects ... ok
test zenoh_querier_matching_status::locality_any_testtype_routerrouter_expects ... ok
test zenoh_querier_matching_status::locality_any_testtype_samesession_expects ... ok
test zenoh_querier_matching_status::locality_remote_testtype_clientpeer_expects ... ok
test zenoh_querier_matching_status::locality_remote_testtype_clientrouterclient_expects ... ok
test zenoh_querier_matching_status::locality_remote_testtype_peerclient_expects ... ok
test zenoh_querier_matching_status::locality_remote_testtype_peerpeer_expects ... ok
test zenoh_querier_matching_status::locality_remote_testtype_routerclient_expects ... ok
test zenoh_querier_matching_status::locality_remote_testtype_routerrouter_expects ... ok
test zenoh_querier_matching_status::locality_remote_testtype_samesession_expects ... ok
test zenoh_querier_matching_status::locality_sessionlocal_testtype_clientpeer_expects ... ok
test zenoh_querier_matching_status::locality_sessionlocal_testtype_clientrouterclient_expects ... ok
test zenoh_querier_matching_status::locality_sessionlocal_testtype_peerclient_expects ... ok
test zenoh_querier_matching_status::locality_sessionlocal_testtype_peerpeer_expects ... ok
test zenoh_querier_matching_status::locality_sessionlocal_testtype_routerclient_expects ... ok
test zenoh_querier_matching_status::locality_sessionlocal_testtype_routerrouter_expects ... ok
test zenoh_querier_matching_status::locality_sessionlocal_testtype_samesession_expects ... ok
test zenoh_querier_matching_status_session_drop ... ok

test result: ok. 24 passed; 0 failed; 0 ignored; 0 measured; 0 filtered out; finished in 196.56s

     Running tests/qos.rs (target/debug/deps/qos-b04945ea34ccca1d)

running 0 tests

test result: ok. 0 passed; 0 failed; 0 ignored; 0 measured; 2 filtered out; finished in 0.00s

     Running tests/queryable.rs (target/debug/deps/queryable-93aa6d64b7b6379f)

running 1 test
test test_queryable_same_session ... ok

test result: ok. 1 passed; 0 failed; 0 ignored; 0 measured; 2 filtered out; finished in 1.63s

     Running tests/routing.rs (target/debug/deps/routing-eda43f1265016c2c)

running 8 tests
test gossip_regression_1 ... ok
test gossip_regression_2 ... ok
test gossip_regression_3 ... ok
test router_linkstate ... [2m2026-09-14T11:22:29.121970Z[0m [31mERROR[0m rx-1 ThreadId(14) [2mzenoh::net::routing::hat::router::token[0m[2m:[0m Network graph doesn't contain destination node [3mnode_id[0m[2m=[0m1
[2m2026-09-14T11:22:29.122181Z[0m [31mERROR[0m rx-1 ThreadId(14) [2mzenoh::net::routing::hat::router::token[0m[2m:[0m Network graph doesn't contain destination node [3mnode_id[0m[2m=[0m1
[2m2026-09-14T11:22:29.122207Z[0m [31mERROR[0m rx-1 ThreadId(14) [2mzenoh::net::routing::hat::router::token[0m[2m:[0m Network graph doesn't contain destination node [3mnode_id[0m[2m=[0m1
[2m2026-09-14T11:22:29.122227Z[0m [31mERROR[0m rx-1 ThreadId(14) [2mzenoh::net::routing::hat::router::token[0m[2m:[0m Network graph doesn't contain destination node [3mnode_id[0m[2m=[0m1
[2m2026-09-14T11:22:29.122246Z[0m [31mERROR[0m rx-1 ThreadId(14) [2mzenoh::net::routing::hat::router::token[0m[2m:[0m Network graph doesn't contain destination node [3mnode_id[0m[2m=[0m1
[2m2026-09-14T11:22:29.122281Z[0m [31mERROR[0m rx-1 ThreadId(14) [2mzenoh::net::routing::hat::router::token[0m[2m:[0m Network graph doesn't contain destination node [3mnode_id[0m[2m=[0m1
[2m2026-09-14T11:22:29.122300Z[0m [31mERROR[0m rx-1 ThreadId(14) [2mzenoh::net::routing::hat::router::token[0m[2m:[0m Network graph doesn't contain destination node [3mnode_id[0m[2m=[0m1
[2m2026-09-14T11:22:29.122318Z[0m [31mERROR[0m rx-1 ThreadId(14) [2mzenoh::net::routing::hat::router::token[0m[2m:[0m Network graph doesn't contain destination node [3mnode_id[0m[2m=[0m1
[2m2026-09-14T11:22:29.122336Z[0m [31mERROR[0m rx-1 ThreadId(14) [2mzenoh::net::routing::hat::router::token[0m[2m:[0m Network graph doesn't contain destination node [3mnode_id[0m[2m=[0m1
[2m2026-09-14T11:22:29.122353Z[0m [31mERROR[0m rx-1 ThreadId(14) [2mzenoh::net::routing::hat::router::token[0m[2m:[0m Network graph doesn't contain destination node [3mnode_id[0m[2m=[0m1
[2m2026-09-14T11:22:29.122370Z[0m [31mERROR[0m rx-1 ThreadId(14) [2mzenoh::net::routing::hat::router::token[0m[2m:[0m Network graph doesn't contain destination node [3mnode_id[0m[2m=[0m1
[2m2026-09-14T11:22:29.122401Z[0m [31mERROR[0m rx-1 ThreadId(14) [2mzenoh::net::routing::hat::router::token[0m[2m:[0m Network graph doesn't contain destination node [3mnode_id[0m[2m=[0m1
[2m2026-09-14T11:22:29.122420Z[0m [31mERROR[0m rx-1 ThreadId(14) [2mzenoh::net::routing::hat::router::token[0m[2m:[0m Network graph doesn't contain destination node [3mnode_id[0m[2m=[0m1
[2m2026-09-14T11:22:29.122438Z[0m [31mERROR[0m rx-1 ThreadId(14) [2mzenoh::net::routing::hat::router::token[0m[2m:[0m Network graph doesn't contain destination node [3mnode_id[0m[2m=[0m1
[2m2026-09-14T11:22:29.122455Z[0m [31mERROR[0m rx-1 ThreadId(14) [2mzenoh::net::routing::hat::router::token[0m[2m:[0m Network graph doesn't contain destination node [3mnode_id[0m[2m=[0m1
[2m2026-09-14T11:22:29.122472Z[0m [31mERROR[0m rx-1 ThreadId(14) [2mzenoh::net::routing::hat::router::token[0m[2m:[0m Network graph doesn't contain destination node [3mnode_id[0m[2m=[0m1
[2m2026-09-14T11:22:29.122489Z[0m [31mERROR[0m rx-1 ThreadId(14) [2mzenoh::net::routing::hat::router::token[0m[2m:[0m Network graph doesn't contain destination node [3mnode_id[0m[2m=[0m1
[2m2026-09-14T11:22:29.122506Z[0m [31mERROR[0m rx-1 ThreadId(14) [2mzenoh::net::routing::hat::router::token[0m[2m:[0m Network graph doesn't contain destination node [3mnode_id[0m[2m=[0m1
[2m2026-09-14T11:22:29.122523Z[0m [31mERROR[0m rx-1 ThreadId(14) [2mzenoh::net::routing::hat::router::token[0m[2m:[0m Network graph doesn't contain destination node [3mnode_id[0m[2m=[0m1
[2m2026-09-14T11:22:29.122539Z[0m [31mERROR[0m rx-1 ThreadId(14) [2mzenoh::net::routing::hat::router::token[0m[2m:[0m Network graph doesn't contain destination node [3mnode_id[0m[2m=[0m1
[2m2026-09-14T11:22:29.122556Z[0m [31mERROR[0m rx-1 ThreadId(14) [2mzenoh::net::routing::hat::router::token[0m[2m:[0m Network graph doesn't contain destination node [3mnode_id[0m[2m=[0m1
[2m2026-09-14T11:22:29.122572Z[0m [31mERROR[0m rx-1 ThreadId(14) [2mzenoh::net::routing::hat::router::token[0m[2m:[0m Network graph doesn't contain destination node [3mnode_id[0m[2m=[0m1
[2m2026-09-14T11:22:29.122588Z[0m [31mERROR[0m rx-1 ThreadId(14) [2mzenoh::net::routing::hat::router::token[0m[2m:[0m Network graph doesn't contain destination node [3mnode_id[0m[2m=[0m1
[2m2026-09-14T11:22:29.122605Z[0m [31mERROR[0m rx-1 ThreadId(14) [2mzenoh::net::routing::hat::router::token[0m[2m:[0m Network graph doesn't contain destination node [3mnode_id[0m[2m=[0m1
[2m2026-09-14T11:22:30.882634Z[0m [31mERROR[0m net-0 ThreadId(08) [2mzenoh_task[0m[2m:[0m Failed to terminate the task
[2m2026-09-14T11:22:36.703598Z[0m [31mERROR[0m net-2 ThreadId(44) [2mzenoh_task[0m[2m:[0m Failed to terminate the task
[2m2026-09-14T11:22:38.164052Z[0m [31mERROR[0m  rx-1 ThreadId(14) [2mzenoh::net::routing::hat::client::token[0m[2m:[0m Unknown token [3mid[0m[2m=[0m0
[2m2026-09-14T11:22:39.227234Z[0m [31mERROR[0m net-3 ThreadId(45) [2mzenoh_task[0m[2m:[0m Failed to terminate the task
[2m2026-09-14T11:22:46.348338Z[0m [31mERROR[0m net-1 ThreadId(12) [2mzenoh_task[0m[2m:[0m Failed to terminate the task
[2m2026-09-14T11:22:46.350622Z[0m [31mERROR[0m net-4 ThreadId(46) [2mzenoh_task[0m[2m:[0m Failed to terminate the task
[2m2026-09-14T11:22:56.379174Z[0m [31mERROR[0m net-0 ThreadId(08) [2mzenoh_task[0m[2m:[0m Failed to terminate the task
[2m2026-09-14T11:22:56.379174Z[0m [31mERROR[0m net-2 ThreadId(44) [2mzenoh_task[0m[2m:[0m Failed to terminate the task
[2m2026-09-14T11:22:59.954149Z[0m [31mERROR[0m  rx-0 ThreadId(13) [2mzenoh::net::routing::hat::client::token[0m[2m:[0m Unknown token [3mid[0m[2m=[0m0
[2m2026-09-14T11:22:59.956845Z[0m [31mERROR[0m  rx-0 ThreadId(13) [2mzenoh::net::routing::hat::router::token[0m[2m:[0m Network graph doesn't contain destination node [3mnode_id[0m[2m=[0m1
[2m2026-09-14T11:22:59.956918Z[0m [31mERROR[0m  rx-0 ThreadId(13) [2mzenoh::net::routing::hat::router::token[0m[2m:[0m Network graph doesn't contain destination node [3mnode_id[0m[2m=[0m1
[2m2026-09-14T11:22:59.956942Z[0m [31mERROR[0m  rx-0 ThreadId(13) [2mzenoh::net::routing::hat::router::token[0m[2m:[0m Network graph doesn't contain destination node [3mnode_id[0m[2m=[0m1
[2m2026-09-14T11:22:59.956963Z[0m [31mERROR[0m  rx-0 ThreadId(13) [2mzenoh::net::routing::hat::router::token[0m[2m:[0m Network graph doesn't contain destination node [3mnode_id[0m[2m=[0m1
[2m2026-09-14T11:22:59.956984Z[0m [31mERROR[0m  rx-0 ThreadId(13) [2mzenoh::net::routing::hat::router::token[0m[2m:[0m Network graph doesn't contain destination node [3mnode_id[0m[2m=[0m1
[2m2026-09-14T11:22:59.957005Z[0m [31mERROR[0m  rx-0 ThreadId(13) [2mzenoh::net::routing::hat::router::token[0m[2m:[0m Network graph doesn't contain destination node [3mnode_id[0m[2m=[0m1
[2m2026-09-14T11:22:59.957023Z[0m [31mERROR[0m  rx-0 ThreadId(13) [2mzenoh::net::routing::hat::router::token[0m[2m:[0m Network graph doesn't contain destination node [3mnode_id[0m[2m=[0m1
[2m2026-09-14T11:22:59.957042Z[0m [31mERROR[0m  rx-0 ThreadId(13) [2mzenoh::net::routing::hat::router::token[0m[2m:[0m Network graph doesn't contain destination node [3mnode_id[0m[2m=[0m1
[2m2026-09-14T11:23:01.791459Z[0m [31mERROR[0m net-3 ThreadId(45) [2mzenoh_task[0m[2m:[0m Failed to terminate the task
[2m2026-09-14T11:23:01.791453Z[0m [31mERROR[0m net-4 ThreadId(46) [2mzenoh_task[0m[2m:[0m Failed to terminate the task
[2m2026-09-14T11:23:07.519551Z[0m [31mERROR[0m net-1 ThreadId(12) [2mzenoh_task[0m[2m:[0m Failed to terminate the task
[2m2026-09-14T11:23:10.062538Z[0m [31mERROR[0m net-0 ThreadId(08) [2mzenoh_task[0m[2m:[0m Failed to terminate the task
[2m2026-09-14T11:23:10.711608Z[0m [31mERROR[0m  rx-1 ThreadId(14) [2mzenoh::net::routing::hat::router::token[0m[2m:[0m Network graph doesn't contain destination node [3mnode_id[0m[2m=[0m1
[2m2026-09-14T11:23:10.711667Z[0m [31mERROR[0m  rx-1 ThreadId(14) [2mzenoh::net::routing::hat::router::token[0m[2m:[0m Network graph doesn't contain destination node [3mnode_id[0m[2m=[0m1
[2m2026-09-14T11:23:10.711703Z[0m [31mERROR[0m  rx-1 ThreadId(14) [2mzenoh::net::routing::hat::router::token[0m[2m:[0m Network graph doesn't contain destination node [3mnode_id[0m[2m=[0m1
[2m2026-09-14T11:23:10.711735Z[0m [31mERROR[0m  rx-1 ThreadId(14) [2mzenoh::net::routing::hat::router::token[0m[2m:[0m Network graph doesn't contain destination node [3mnode_id[0m[2m=[0m1
[2m2026-09-14T11:23:10.711754Z[0m [31mERROR[0m  rx-1 ThreadId(14) [2mzenoh::net::routing::hat::router::token[0m[2m:[0m Network graph doesn't contain destination node [3mnode_id[0m[2m=[0m1
[2m2026-09-14T11:23:10.711772Z[0m [31mERROR[0m  rx-1 ThreadId(14) [2mzenoh::net::routing::hat::router::token[0m[2m:[0m Network graph doesn't contain destination node [3mnode_id[0m[2m=[0m1
[2m2026-09-14T11:23:10.711811Z[0m [31mERROR[0m  rx-1 ThreadId(14) [2mzenoh::net::routing::hat::router::token[0m[2m:[0m Network graph doesn't contain destination node [3mnode_id[0m[2m=[0m1
[2m2026-09-14T11:23:10.711825Z[0m [31mERROR[0m  rx-1 ThreadId(14) [2mzenoh::net::routing::hat::router::token[0m[2m:[0m Network graph doesn't contain destination node [3mnode_id[0m[2m=[0m1
[2m2026-09-14T11:23:10.711840Z[0m [31mERROR[0m  rx-1 ThreadId(14) [2mzenoh::net::routing::hat::router::token[0m[2m:[0m Network graph doesn't contain destination node [3mnode_id[0m[2m=[0m1
[2m2026-09-14T11:23:10.711851Z[0m [31mERROR[0m  rx-1 ThreadId(14) [2mzenoh::net::routing::hat::router::token[0m[2m:[0m Network graph doesn't contain destination node [3mnode_id[0m[2m=[0m1
[2m2026-09-14T11:23:10.711863Z[0m [31mERROR[0m  rx-1 ThreadId(14) [2mzenoh::net::routing::hat::router::token[0m[2m:[0m Network graph doesn't contain destination node [3mnode_id[0m[2m=[0m1
[2m2026-09-14T11:23:10.711879Z[0m [31mERROR[0m  rx-1 ThreadId(14) [2mzenoh::net::routing::hat::router::token[0m[2m:[0m Network graph doesn't contain destination node [3mnode_id[0m[2m=[0m1
[2m2026-09-14T11:23:10.711890Z[0m [31mERROR[0m  rx-1 ThreadId(14) [2mzenoh::net::routing::hat::router::token[0m[2m:[0m Network graph doesn't contain destination node [3mnode_id[0m[2m=[0m1
[2m2026-09-14T11:23:10.711907Z[0m [31mERROR[0m  rx-1 ThreadId(14) [2mzenoh::net::routing::hat::router::token[0m[2m:[0m Network graph doesn't contain destination node [3mnode_id[0m[2m=[0m1
[2m2026-09-14T11:23:10.711923Z[0m [31mERROR[0m  rx-1 ThreadId(14) [2mzenoh::net::routing::hat::router::token[0m[2m:[0m Network graph doesn't contain destination node [3mnode_id[0m[2m=[0m1
[2m2026-09-14T11:23:18.242151Z[0m [31mERROR[0m net-3 ThreadId(45) [2mzenoh_task[0m[2m:[0m Failed to terminate the task
[2m2026-09-14T11:23:18.242151Z[0m [31mERROR[0m net-6 ThreadId(51) [2mzenoh_task[0m[2m:[0m Failed to terminate the task
[2m2026-09-14T11:23:18.242151Z[0m [31mERROR[0m net-4 ThreadId(46) [2mzenoh_task[0m[2m:[0m Failed to terminate the task
ok
test scouting_delay_regression ... [2m2026-09-14T11:23:23.931450Z[0m [31mERROR[0m net-0 ThreadId(08) [2mzenoh_task[0m[2m:[0m Failed to terminate the task
[2m2026-09-14T11:23:23.931450Z[0m [31mERROR[0m net-5 ThreadId(50) [2mzenoh_task[0m[2m:[0m Failed to terminate the task
[2m2026-09-14T11:23:23.931454Z[0m [31mERROR[0m net-2 ThreadId(44) [2mzenoh_task[0m[2m:[0m Failed to terminate the task
ok
test static_failover_brokering ... ignored, https://github.com/eclipse-zenoh/zenoh/issues/2224
test three_node_combination_multicast ... ignored, This is a flaky test
test two_node_combination ... [2m2026-09-14T11:23:26.442586Z[0m [31mERROR[0m tokio-rt-worker ThreadId(68) [2mrouting[0m[2m:[0m Failed to open session [3mnode[0m[2m=[0m"Pub client" [3merr[0m[2m=[0mUnable to connect to any of [Single(tcp/127.0.0.1:40015)]!  at zenoh/src/net/runtime/orchestrator.rs:419.
[2m2026-09-14T11:23:26.442775Z[0m [31mERROR[0m tokio-rt-worker ThreadId(73) [2mrouting[0m[2m:[0m Failed to open session [3mnode[0m[2m=[0m"Sub client" [3merr[0m[2m=[0mUnable to connect to any of [Single(tcp/127.0.0.1:34827)]!  at zenoh/src/net/runtime/orchestrator.rs:419.
[2m2026-09-14T11:23:26.442789Z[0m [31mERROR[0m tokio-rt-worker ThreadId(67) [2mrouting[0m[2m:[0m Failed to open session [3mnode[0m[2m=[0m"Sub client" [3merr[0m[2m=[0mUnable to connect to any of [Single(tcp/127.0.0.1:34329)]!  at zenoh/src/net/runtime/orchestrator.rs:419.
[2m2026-09-14T11:23:27.052544Z[0m [31mERROR[0m           net-1 ThreadId(12) [2mzenoh_task[0m[2m:[0m Failed to terminate the task
[2m2026-09-14T11:23:27.052601Z[0m [31mERROR[0m           net-7 ThreadId(54) [2mzenoh_task[0m[2m:[0m Failed to terminate the task
[2m2026-09-14T11:23:27.053017Z[0m [31mERROR[0m           net-8 ThreadId(58) [2mzenoh_task[0m[2m:[0m Failed to terminate the task
[2m2026-09-14T11:23:27.451462Z[0m [31mERROR[0m tokio-rt-worker ThreadId(72) [2mrouting[0m[2m:[0m Failed to open session [3mnode[0m[2m=[0m"Get client" [3merr[0m[2m=[0mUnable to connect to any of [Single(tcp/127.0.0.1:34329)]!  at zenoh/src/net/runtime/orchestrator.rs:419.
[2m2026-09-14T11:23:27.494568Z[0m [31mERROR[0m tokio-rt-worker ThreadId(79) [2mrouting[0m[2m:[0m Failed to open session [3mnode[0m[2m=[0m"Liveliness client" [3merr[0m[2m=[0mUnable to connect to any of [Single(tcp/127.0.0.1:40015)]!  at zenoh/src/net/runtime/orchestrator.rs:419.
[2m2026-09-14T11:23:28.108684Z[0m [31mERROR[0m            rx-1 ThreadId(14) [2mzenoh::net::routing::hat::client::token[0m[2m:[0m Unknown token [3mid[0m[2m=[0m0
[2m2026-09-14T11:23:28.493487Z[0m [31mERROR[0m tokio-rt-worker ThreadId(72) [2mrouting[0m[2m:[0m Failed to open session [3mnode[0m[2m=[0m"LivelinessGet client" [3merr[0m[2m=[0mUnable to connect to any of [Single(tcp/127.0.0.1:34329)]!  at zenoh/src/net/runtime/orchestrator.rs:419.
ok

test result: ok. 6 passed; 0 failed; 2 ignored; 0 measured; 2 filtered out; finished in 88.41s

     Running tests/session.rs (target/debug/deps/session-7aa3e77888ea414b)

running 8 tests
test test_querier_drop_pending_query_completion_callback_reentrancy ... ok
test test_session_from_cloned_config ... ok
test test_undeclare_subscribers_same_keyexpr ... ok
test zenoh_2sessions_1runtime_init ... ok
test zenoh_session_close ... ok
test zenoh_session_close_in_background_async ... ok
test zenoh_session_close_in_background_sync ... ok
test zenoh_session_unicast ... ok

test result: ok. 8 passed; 0 failed; 0 ignored; 0 measured; 1 filtered out; finished in 32.21s

     Running tests/source_info.rs (target/debug/deps/source_info-43ba225c0dee72ed)

running 4 tests
test test_source_info_pub_sub ... ok
test test_source_info_pub_sub_no_source_info ... ok
test test_source_info_query_reply ... ok
test test_source_info_query_reply_no_source_info ... ok

test result: ok. 4 passed; 0 failed; 0 ignored; 0 measured; 0 filtered out; finished in 4.08s

     Running tests/unicity.rs (target/debug/deps/unicity-4e640255455bd691)

running 2 tests
test zenoh_unicity_brokered ... ok
test zenoh_unicity_p2p ... ok

test result: ok. 2 passed; 0 failed; 0 ignored; 0 measured; 0 filtered out; finished in 24.71s

     Running unittests src/lib.rs (target/debug/deps/zenoh_codec-3e01f29e98a497b4)

running 0 tests

test result: ok. 0 passed; 0 failed; 0 ignored; 0 measured; 0 filtered out; finished in 0.00s

     Running tests/codec.rs (target/debug/deps/codec-76bfd8dfa56ebfc1)

running 53 tests
test codec_close ... ok
test codec_declare ... ok
test codec_declare_body ... ok
test codec_declare_keyexpr ... ok
test codec_declare_queryable ... ok
test codec_declare_subscriber ... ok
test codec_declare_token ... ok
test codec_del ... ok
test codec_encoding ... ok
test codec_err ... ok
test codec_extension ... [2m2026-09-14T11:24:32.017015Z[0m [31mERROR[0m codec_extension ThreadId(12) [2mzenoh_codec::common::extension[0m[2m:[0m Unknown Test ext: ZExtUnknown { Id: 0, Mandatory: true, Encoding: "Unit" }
[2m2026-09-14T11:24:32.017035Z[0m [31mERROR[0m codec_extension ThreadId(12) [2mzenoh_codec::common::extension[0m[2m:[0m Unknown Test ext: ZExtUnknown { Id: 0, Mandatory: true, Encoding: "Unit" }
[2m2026-09-14T11:24:32.017039Z[0m [31mERROR[0m codec_extension ThreadId(12) [2mzenoh_codec::common::extension[0m[2m:[0m Unknown Test ext: ZExtUnknown { Id: 0, Mandatory: true, Encoding: "Unit" }
[2m2026-09-14T11:24:32.017042Z[0m [31mERROR[0m codec_extension ThreadId(12) [2mzenoh_codec::common::extension[0m[2m:[0m Unknown Test ext: ZExtUnknown { Id: 0, Mandatory: true, Encoding: "Unit" }
[2m2026-09-14T11:24:32.017045Z[0m [31mERROR[0m codec_extension ThreadId(12) [2mzenoh_codec::common::extension[0m[2m:[0m Unknown Test ext: ZExtUnknown { Id: 0, Mandatory: true, Encoding: "Unit" }
[2m2026-09-14T11:24:32.017111Z[0m [31mERROR[0m codec_extension ThreadId(12) [2mzenoh_codec::common::extension[0m[2m:[0m Unknown Test ext: ZExtUnknown { Id: 0, Mandatory: true, Encoding: "Unit" }
[2m2026-09-14T11:24:32.017117Z[0m [31mERROR[0m codec_extension ThreadId(12) [2mzenoh_codec::common::extension[0m[2m:[0m Unknown Test ext: ZExtUnknown { Id: 0, Mandatory: true, Encoding: "Unit" }
[2m2026-09-14T11:24:32.017121Z[0m [31mERROR[0m codec_extension ThreadId(12) [2mzenoh_codec::common::extension[0m[2m:[0m Unknown Test ext: ZExtUnknown { Id: 0, Mandatory: true, Encoding: "Unit" }
[2m2026-09-14T11:24:32.017125Z[0m [31mERROR[0m codec_extension ThreadId(12) [2mzenoh_codec::common::extension[0m[2m:[0m Unknown Test ext: ZExtUnknown { Id: 0, Mandatory: true, Encoding: "Unit" }
[2m2026-09-14T11:24:32.017128Z[0m [31mERROR[0m codec_extension ThreadId(12) [2mzenoh_codec::common::extension[0m[2m:[0m Unknown Test ext: ZExtUnknown { Id: 0, Mandatory: true, Encoding: "Unit" }
[2m2026-09-14T11:24:32.017130Z[0m [31mERROR[0m codec_extension ThreadId(12) [2mzenoh_codec::common::extension[0m[2m:[0m Unknown Test ext: ZExtUnknown { Id: 0, Mandatory: true, Encoding: "Unit" }
[2m2026-09-14T11:24:32.017133Z[0m [31mERROR[0m codec_extension ThreadId(12) [2mzenoh_codec::common::extension[0m[2m:[0m Unknown Test ext: ZExtUnknown { Id: 0, Mandatory: true, Encoding: "Unit" }
[2m2026-09-14T11:24:32.017136Z[0m [31mERROR[0m codec_extension ThreadId(12) [2mzenoh_codec::common::extension[0m[2m:[0m Unknown Test ext: ZExtUnknown { Id: 0, Mandatory: true, Encoding: "Unit" }
[2m2026-09-14T11:24:32.017139Z[0m [31mERROR[0m codec_extension ThreadId(12) [2mzenoh_codec::common::extension[0m[2m:[0m Unknown Test ext: ZExtUnknown { Id: 0, Mandatory: true, Encoding: "Unit" }
[2m2026-09-14T11:24:32.017141Z[0m [31mERROR[0m codec_extension ThreadId(12) [2mzenoh_codec::common::extension[0m[2m:[0m Unknown Test ext: ZExtUnknown { Id: 0, Mandatory: true, Encoding: "Unit" }
[2m2026-09-14T11:24:32.017144Z[0m [31mERROR[0m codec_extension ThreadId(12) [2mzenoh_codec::common::extension[0m[2m:[0m Unknown Test ext: ZExtUnknown { Id: 0, Mandatory: true, Encoding: "Unit" }
[2m2026-09-14T11:24:32.017147Z[0m [31mERROR[0m codec_extension ThreadId(12) [2mzenoh_codec::common::extension[0m[2m:[0m Unknown Test ext: ZExtUnknown { Id: 0, Mandatory: true, Encoding: "Unit" }
[2m2026-09-14T11:24:32.017150Z[0m [31mERROR[0m codec_extension ThreadId(12) [2mzenoh_codec::common::extension[0m[2m:[0m Unknown Test ext: ZExtUnknown { Id: 0, Mandatory: true, Encoding: "Unit" }
[2m2026-09-14T11:24:32.017152Z[0m [31mERROR[0m codec_extension ThreadId(12) [2mzenoh_codec::common::extension[0m[2m:[0m Unknown Test ext: ZExtUnknown { Id: 0, Mandatory: true, Encoding: "Unit" }
[2m2026-09-14T11:24:32.017155Z[0m [31mERROR[0m codec_extension ThreadId(12) [2mzenoh_codec::common::extension[0m[2m:[0m Unknown Test ext: ZExtUnknown { Id: 0, Mandatory: true, Encoding: "Unit" }
[2m2026-09-14T11:24:32.017160Z[0m [31mERROR[0m codec_extension ThreadId(12) [2mzenoh_codec::common::extension[0m[2m:[0m Unknown Test ext: ZExtUnknown { Id: 0, Mandatory: true, Encoding: "Unit" }
[2m2026-09-14T11:24:32.017164Z[0m [31mERROR[0m codec_extension ThreadId(12) [2mzenoh_codec::common::extension[0m[2m:[0m Unknown Test ext: ZExtUnknown { Id: 0, Mandatory: true, Encoding: "Unit" }
[2m2026-09-14T11:24:32.017167Z[0m [31mERROR[0m codec_extension ThreadId(12) [2mzenoh_codec::common::extension[0m[2m:[0m Unknown Test ext: ZExtUnknown { Id: 0, Mandatory: true, Encoding: "Unit" }
[2m2026-09-14T11:24:32.017171Z[0m [31mERROR[0m codec_extension ThreadId(12) [2mzenoh_codec::common::extension[0m[2m:[0m Unknown Test ext: ZExtUnknown { Id: 0, Mandatory: true, Encoding: "Unit" }
[2m2026-09-14T11:24:32.017174Z[0m [31mERROR[0m codec_extension ThreadId(12) [2mzenoh_codec::common::extension[0m[2m:[0m Unknown Test ext: ZExtUnknown { Id: 0, Mandatory: true, Encoding: "Unit" }
[2m2026-09-14T11:24:32.017177Z[0m [31mERROR[0m codec_extension ThreadId(12) [2mzenoh_codec::common::extension[0m[2m:[0m Unknown Test ext: ZExtUnknown { Id: 0, Mandatory: true, Encoding: "Unit" }
[2m2026-09-14T11:24:32.017182Z[0m [31mERROR[0m codec_extension ThreadId(12) [2mzenoh_codec::common::extension[0m[2m:[0m Unknown Test ext: ZExtUnknown { Id: 0, Mandatory: true, Encoding: "Unit" }
[2m2026-09-14T11:24:32.017186Z[0m [31mERROR[0m codec_extension ThreadId(12) [2mzenoh_codec::common::extension[0m[2m:[0m Unknown Test ext: ZExtUnknown { Id: 0, Mandatory: true, Encoding: "Unit" }
[2m2026-09-14T11:24:32.017189Z[0m [31mERROR[0m codec_extension ThreadId(12) [2mzenoh_codec::common::extension[0m[2m:[0m Unknown Test ext: ZExtUnknown { Id: 0, Mandatory: true, Encoding: "Unit" }
[2m2026-09-14T11:24:32.017192Z[0m [31mERROR[0m codec_extension ThreadId(12) [2mzenoh_codec::common::extension[0m[2m:[0m Unknown Test ext: ZExtUnknown { Id: 0, Mandatory: true, Encoding: "Unit" }
[2m2026-09-14T11:24:32.017195Z[0m [31mERROR[0m codec_extension ThreadId(12) [2mzenoh_codec::common::extension[0m[2m:[0m Unknown Test ext: ZExtUnknown { Id: 0, Mandatory: true, Encoding: "Unit" }
[2m2026-09-14T11:24:32.017198Z[0m [31mERROR[0m codec_extension ThreadId(12) [2mzenoh_codec::common::extension[0m[2m:[0m Unknown Test ext: ZExtUnknown { Id: 0, Mandatory: true, Encoding: "Unit" }
[2m2026-09-14T11:24:32.017200Z[0m [31mERROR[0m codec_extension ThreadId(12) [2mzenoh_codec::common::extension[0m[2m:[0m Unknown Test ext: ZExtUnknown { Id: 0, Mandatory: true, Encoding: "Unit" }
[2m2026-09-14T11:24:32.017203Z[0m [31mERROR[0m codec_extension ThreadId(12) [2mzenoh_codec::common::extension[0m[2m:[0m Unknown Test ext: ZExtUnknown { Id: 0, Mandatory: true, Encoding: "Unit" }
[2m2026-09-14T11:24:32.017206Z[0m [31mERROR[0m codec_extension ThreadId(12) [2mzenoh_codec::common::extension[0m[2m:[0m Unknown Test ext: ZExtUnknown { Id: 0, Mandatory: true, Encoding: "Unit" }
[2m2026-09-14T11:24:32.017209Z[0m [31mERROR[0m codec_extension ThreadId(12) [2mzenoh_codec::common::extension[0m[2m:[0m Unknown Test ext: ZExtUnknown { Id: 0, Mandatory: true, Encoding: "Unit" }
[2m2026-09-14T11:24:32.017211Z[0m [31mERROR[0m codec_extension ThreadId(12) [2mzenoh_codec::common::extension[0m[2m:[0m Unknown Test ext: ZExtUnknown { Id: 0, Mandatory: true, Encoding: "Unit" }
[2m2026-09-14T11:24:32.017214Z[0m [31mERROR[0m codec_extension ThreadId(12) [2mzenoh_codec::common::extension[0m[2m:[0m Unknown Test ext: ZExtUnknown { Id: 0, Mandatory: true, Encoding: "Unit" }
[2m2026-09-14T11:24:32.017217Z[0m [31mERROR[0m codec_extension ThreadId(12) [2mzenoh_codec::common::extension[0m[2m:[0m Unknown Test ext: ZExtUnknown { Id: 0, Mandatory: true, Encoding: "Unit" }
[2m2026-09-14T11:24:32.017220Z[0m [31mERROR[0m codec_extension ThreadId(12) [2mzenoh_codec::common::extension[0m[2m:[0m Unknown Test ext: ZExtUnknown { Id: 0, Mandatory: true, Encoding: "Unit" }
[2m2026-09-14T11:24:32.017222Z[0m [31mERROR[0m codec_extension ThreadId(12) [2mzenoh_codec::common::extension[0m[2m:[0m Unknown Test ext: ZExtUnknown { Id: 0, Mandatory: true, Encoding: "Unit" }
[2m2026-09-14T11:24:32.017225Z[0m [31mERROR[0m codec_extension ThreadId(12) [2mzenoh_codec::common::extension[0m[2m:[0m Unknown Test ext: ZExtUnknown { Id: 0, Mandatory: true, Encoding: "Unit" }
[2m2026-09-14T11:24:32.017227Z[0m [31mERROR[0m codec_extension ThreadId(12) [2mzenoh_codec::common::extension[0m[2m:[0m Unknown Test ext: ZExtUnknown { Id: 0, Mandatory: true, Encoding: "Unit" }
[2m2026-09-14T11:24:32.017230Z[0m [31mERROR[0m codec_extension ThreadId(12) [2mzenoh_codec::common::extension[0m[2m:[0m Unknown Test ext: ZExtUnknown { Id: 0, Mandatory: true, Encoding: "Unit" }
[2m2026-09-14T11:24:32.017233Z[0m [31mERROR[0m codec_extension ThreadId(12) [2mzenoh_codec::common::extension[0m[2m:[0m Unknown Test ext: ZExtUnknown { Id: 0, Mandatory: true, Encoding: "Unit" }
[2m2026-09-14T11:24:32.017236Z[0m [31mERROR[0m codec_extension ThreadId(12) [2mzenoh_codec::common::extension[0m[2m:[0m Unknown Test ext: ZExtUnknown { Id: 0, Mandatory: true, Encoding: "Unit" }
[2m2026-09-14T11:24:32.017240Z[0m [31mERROR[0m codec_extension ThreadId(12) [2mzenoh_codec::common::extension[0m[2m:[0m Unknown Test ext: ZExtUnknown { Id: 0, Mandatory: true, Encoding: "Unit" }
[2m2026-09-14T11:24:32.017242Z[0m [31mERROR[0m codec_extension ThreadId(12) [2mzenoh_codec::common::extension[0m[2m:[0m Unknown Test ext: ZExtUnknown { Id: 0, Mandatory: true, Encoding: "Unit" }
[2m2026-09-14T11:24:32.017245Z[0m [31mERROR[0m codec_extension ThreadId(12) [2mzenoh_codec::common::extension[0m[2m:[0m Unknown Test ext: ZExtUnknown { Id: 0, Mandatory: true, Encoding: "Unit" }
[2m2026-09-14T11:24:32.017248Z[0m [31mERROR[0m codec_extension ThreadId(12) [2mzenoh_codec::common::extension[0m[2m:[0m Unknown Test ext: ZExtUnknown { Id: 0, Mandatory: true, Encoding: "Unit" }
[2m2026-09-14T11:24:32.017250Z[0m [31mERROR[0m codec_extension ThreadId(12) [2mzenoh_codec::common::extension[0m[2m:[0m Unknown Test ext: ZExtUnknown { Id: 0, Mandatory: true, Encoding: "Unit" }
[2m2026-09-14T11:24:32.017253Z[0m [31mERROR[0m codec_extension ThreadId(12) [2mzenoh_codec::common::extension[0m[2m:[0m Unknown Test ext: ZExtUnknown { Id: 0, Mandatory: true, Encoding: "Unit" }
[2m2026-09-14T11:24:32.017256Z[0m [31mERROR[0m codec_extension ThreadId(12) [2mzenoh_codec::common::extension[0m[2m:[0m Unknown Test ext: ZExtUnknown { Id: 0, Mandatory: true, Encoding: "Unit" }
[2m2026-09-14T11:24:32.017258Z[0m [31mERROR[0m codec_extension ThreadId(12) [2mzenoh_codec::common::extension[0m[2m:[0m Unknown Test ext: ZExtUnknown { Id: 0, Mandatory: true, Encoding: "Unit" }
[2m2026-09-14T11:24:32.017261Z[0m [31mERROR[0m codec_extension ThreadId(12) [2mzenoh_codec::common::extension[0m[2m:[0m Unknown Test ext: ZExtUnknown { Id: 0, Mandatory: true, Encoding: "Unit" }
[2m2026-09-14T11:24:32.017264Z[0m [31mERROR[0m codec_extension ThreadId(12) [2mzenoh_codec::common::extension[0m[2m:[0m Unknown Test ext: ZExtUnknown { Id: 0, Mandatory: true, Encoding: "Unit" }
[2m2026-09-14T11:24:32.017266Z[0m [31mERROR[0m codec_extension ThreadId(12) [2mzenoh_codec::common::extension[0m[2m:[0m Unknown Test ext: ZExtUnknown { Id: 0, Mandatory: true, Encoding: "Unit" }
[2m2026-09-14T11:24:32.017269Z[0m [31mERROR[0m codec_extension ThreadId(12) [2mzenoh_codec::common::extension[0m[2m:[0m Unknown Test ext: ZExtUnknown { Id: 0, Mandatory: true, Encoding: "Unit" }
[2m2026-09-14T11:24:32.017271Z[0m [31mERROR[0m codec_extension ThreadId(12) [2mzenoh_codec::common::extension[0m[2m:[0m Unknown Test ext: ZExtUnknown { Id: 0, Mandatory: true, Encoding: "Unit" }
[2m2026-09-14T11:24:32.017274Z[0m [31mERROR[0m codec_extension ThreadId(12) [2mzenoh_codec::common::extension[0m[2m:[0m Unknown Test ext: ZExtUnknown { Id: 0, Mandatory: true, Encoding: "Unit" }
[2m2026-09-14T11:24:32.017276Z[0m [31mERROR[0m codec_extension ThreadId(12) [2mzenoh_codec::common::extension[0m[2m:[0m Unknown Test ext: ZExtUnknown { Id: 0, Mandatory: true, Encoding: "Unit" }
[2m2026-09-14T11:24:32.017279Z[0m [31mERROR[0m codec_extension ThreadId(12) [2mzenoh_codec::common::extension[0m[2m:[0m Unknown Test ext: ZExtUnknown { Id: 0, Mandatory: true, Encoding: "Unit" }
[2m2026-09-14T11:24:32.017281Z[0m [31mERROR[0m codec_extension ThreadId(12) [2mzenoh_codec::common::extension[0m[2m:[0m Unknown Test ext: ZExtUnknown { Id: 0, Mandatory: true, Encoding: "Unit" }
[2m2026-09-14T11:24:32.017284Z[0m [31mERROR[0m codec_extension ThreadId(12) [2mzenoh_codec::common::extension[0m[2m:[0m Unknown Test ext: ZExtUnknown { Id: 0, Mandatory: true, Encoding: "Unit" }
[2m2026-09-14T11:24:32.017300Z[0m [31mERROR[0m codec_extension ThreadId(12) [2mzenoh_codec::common::extension[0m[2m:[0m Unknown Test ext: ZExtUnknown { Id: 0, Mandatory: true, Encoding: "Unit" }
[2m2026-09-14T11:24:32.017303Z[0m [31mERROR[0m codec_extension ThreadId(12) [2mzenoh_codec::common::extension[0m[2m:[0m Unknown Test ext: ZExtUnknown { Id: 0, Mandatory: true, Encoding: "Unit" }
[2m2026-09-14T11:24:32.017306Z[0m [31mERROR[0m codec_extension ThreadId(12) [2mzenoh_codec::common::extension[0m[2m:[0m Unknown Test ext: ZExtUnknown { Id: 0, Mandatory: true, Encoding: "Unit" }
[2m2026-09-14T11:24:32.017309Z[0m [31mERROR[0m codec_extension ThreadId(12) [2mzenoh_codec::common::extension[0m[2m:[0m Unknown Test ext: ZExtUnknown { Id: 0, Mandatory: true, Encoding: "Unit" }
[2m2026-09-14T11:24:32.017312Z[0m [31mERROR[0m codec_extension ThreadId(12) [2mzenoh_codec::common::extension[0m[2m:[0m Unknown Test ext: ZExtUnknown { Id: 0, Mandatory: true, Encoding: "Unit" }
[2m2026-09-14T11:24:32.017314Z[0m [31mERROR[0m codec_extension ThreadId(12) [2mzenoh_codec::common::extension[0m[2m:[0m Unknown Test ext: ZExtUnknown { Id: 0, Mandatory: true, Encoding: "Unit" }
[2m2026-09-14T11:24:32.017317Z[0m [31mERROR[0m codec_extension ThreadId(12) [2mzenoh_codec::common::extension[0m[2m:[0m Unknown Test ext: ZExtUnknown { Id: 0, Mandatory: true, Encoding: "Unit" }
[2m2026-09-14T11:24:32.017319Z[0m [31mERROR[0m codec_extension ThreadId(12) [2mzenoh_codec::common::extension[0m[2m:[0m Unknown Test ext: ZExtUnknown { Id: 0, Mandatory: true, Encoding: "Unit" }
[2m2026-09-14T11:24:32.017322Z[0m [31mERROR[0m codec_extension ThreadId(12) [2mzenoh_codec::common::extension[0m[2m:[0m Unknown Test ext: ZExtUnknown { Id: 0, Mandatory: true, Encoding: "Unit" }
[2m2026-09-14T11:24:32.017324Z[0m [31mERROR[0m codec_extension ThreadId(12) [2mzenoh_codec::common::extension[0m[2m:[0m Unknown Test ext: ZExtUnknown { Id: 0, Mandatory: true, Encoding: "Unit" }
[2m2026-09-14T11:24:32.017327Z[0m [31mERROR[0m codec_extension ThreadId(12) [2mzenoh_codec::common::extension[0m[2m:[0m Unknown Test ext: ZExtUnknown { Id: 0, Mandatory: true, Encoding: "Unit" }
[2m2026-09-14T11:24:32.017329Z[0m [31mERROR[0m codec_extension ThreadId(12) [2mzenoh_codec::common::extension[0m[2m:[0m Unknown Test ext: ZExtUnknown { Id: 0, Mandatory: true, Encoding: "Unit" }
[2m2026-09-14T11:24:32.017332Z[0m [31mERROR[0m codec_extension ThreadId(12) [2mzenoh_codec::common::extension[0m[2m:[0m Unknown Test ext: ZExtUnknown { Id: 0, Mandatory: true, Encoding: "Unit" }
[2m2026-09-14T11:24:32.017334Z[0m [31mERROR[0m codec_extension ThreadId(12) [2mzenoh_codec::common::extension[0m[2m:[0m Unknown Test ext: ZExtUnknown { Id: 0, Mandatory: true, Encoding: "Unit" }
[2m2026-09-14T11:24:32.017337Z[0m [31mERROR[0m codec_extension ThreadId(12) [2mzenoh_codec::common::extension[0m[2m:[0m Unknown Test ext: ZExtUnknown { Id: 0, Mandatory: true, Encoding: "Unit" }
[2m2026-09-14T11:24:32.017339Z[0m [31mERROR[0m codec_extension ThreadId(12) [2mzenoh_codec::common::extension[0m[2m:[0m Unknown Test ext: ZExtUnknown { Id: 0, Mandatory: true, Encoding: "Unit" }
[2m2026-09-14T11:24:32.017342Z[0m [31mERROR[0m codec_extension ThreadId(12) [2mzenoh_codec::common::extension[0m[2m:[0m Unknown Test ext: ZExtUnknown { Id: 0, Mandatory: true, Encoding: "Unit" }
[2m2026-09-14T11:24:32.017345Z[0m [31mERROR[0m codec_extension ThreadId(12) [2mzenoh_codec::common::extension[0m[2m:[0m Unknown Test ext: ZExtUnknown { Id: 0, Mandatory: true, Encoding: "Unit" }
[2m2026-09-14T11:24:32.017347Z[0m [31mERROR[0m codec_extension ThreadId(12) [2mzenoh_codec::common::extension[0m[2m:[0m Unknown Test ext: ZExtUnknown { Id: 0, Mandatory: true, Encoding: "Unit" }
[2m2026-09-14T11:24:32.017350Z[0m [31mERROR[0m codec_extension ThreadId(12) [2mzenoh_codec::common::extension[0m[2m:[0m Unknown Test ext: ZExtUnknown { Id: 0, Mandatory: true, Encoding: "Unit" }
[2m2026-09-14T11:24:32.017352Z[0m [31mERROR[0m codec_extension ThreadId(12) [2mzenoh_codec::common::extension[0m[2m:[0m Unknown Test ext: ZExtUnknown { Id: 0, Mandatory: true, Encoding: "Unit" }
[2m2026-09-14T11:24:32.017355Z[0m [31mERROR[0m codec_extension ThreadId(12) [2mzenoh_codec::common::extension[0m[2m:[0m Unknown Test ext: ZExtUnknown { Id: 0, Mandatory: true, Encoding: "Unit" }
[2m2026-09-14T11:24:32.017358Z[0m [31mERROR[0m codec_extension ThreadId(12) [2mzenoh_codec::common::extension[0m[2m:[0m Unknown Test ext: ZExtUnknown { Id: 0, Mandatory: true, Encoding: "Unit" }
[2m2026-09-14T11:24:32.017361Z[0m [31mERROR[0m codec_extension ThreadId(12) [2mzenoh_codec::common::extension[0m[2m:[0m Unknown Test ext: ZExtUnknown { Id: 0, Mandatory: true, Encoding: "Unit" }
[2m2026-09-14T11:24:32.017363Z[0m [31mERROR[0m codec_extension ThreadId(12) [2mzenoh_codec::common::extension[0m[2m:[0m Unknown Test ext: ZExtUnknown { Id: 0, Mandatory: true, Encoding: "Unit" }
[2m2026-09-14T11:24:32.017366Z[0m [31mERROR[0m codec_extension ThreadId(12) [2mzenoh_codec::common::extension[0m[2m:[0m Unknown Test ext: ZExtUnknown { Id: 0, Mandatory: true, Encoding: "Unit" }
[2m2026-09-14T11:24:32.017368Z[0m [31mERROR[0m codec_extension ThreadId(12) [2mzenoh_codec::common::extension[0m[2m:[0m Unknown Test ext: ZExtUnknown { Id: 0, Mandatory: true, Encoding: "Unit" }
[2m2026-09-14T11:24:32.017371Z[0m [31mERROR[0m codec_extension ThreadId(12) [2mzenoh_codec::common::extension[0m[2m:[0m Unknown Test ext: ZExtUnknown { Id: 0, Mandatory: true, Encoding: "Unit" }
[2m2026-09-14T11:24:32.017373Z[0m [31mERROR[0m codec_extension ThreadId(12) [2mzenoh_codec::common::extension[0m[2m:[0m Unknown Test ext: ZExtUnknown { Id: 0, Mandatory: true, Encoding: "Unit" }
[2m2026-09-14T11:24:32.017376Z[0m [31mERROR[0m codec_extension ThreadId(12) [2mzenoh_codec::common::extension[0m[2m:[0m Unknown Test ext: ZExtUnknown { Id: 0, Mandatory: true, Encoding: "Unit" }
[2m2026-09-14T11:24:32.017378Z[0m [31mERROR[0m codec_extension ThreadId(12) [2mzenoh_codec::common::extension[0m[2m:[0m Unknown Test ext: ZExtUnknown { Id: 0, Mandatory: true, Encoding: "Unit" }
[2m2026-09-14T11:24:32.017381Z[0m [31mERROR[0m codec_extension ThreadId(12) [2mzenoh_codec::common::extension[0m[2m:[0m Unknown Test ext: ZExtUnknown { Id: 0, Mandatory: true, Encoding: "Unit" }
[2m2026-09-14T11:24:32.017383Z[0m [31mERROR[0m codec_extension ThreadId(12) [2mzenoh_codec::common::extension[0m[2m:[0m Unknown Test ext: ZExtUnknown { Id: 0, Mandatory: true, Encoding: "Unit" }
[2m2026-09-14T11:24:32.017386Z[0m [31mERROR[0m codec_extension ThreadId(12) [2mzenoh_codec::common::extension[0m[2m:[0m Unknown Test ext: ZExtUnknown { Id: 0, Mandatory: true, Encoding: "Unit" }
[2m2026-09-14T11:24:32.017388Z[0m [31mERROR[0m codec_extension ThreadId(12) [2mzenoh_codec::common::extension[0m[2m:[0m Unknown Test ext: ZExtUnknown { Id: 0, Mandatory: true, Encoding: "Unit" }
[2m2026-09-14T11:24:32.017391Z[0m [31mERROR[0m codec_extension ThreadId(12) [2mzenoh_codec::common::extension[0m[2m:[0m Unknown Test ext: ZExtUnknown { Id: 0, Mandatory: true, Encoding: "Unit" }
[2m2026-09-14T11:24:32.017394Z[0m [31mERROR[0m codec_extension ThreadId(12) [2mzenoh_codec::common::extension[0m[2m:[0m Unknown Test ext: ZExtUnknown { Id: 0, Mandatory: true, Encoding: "Unit" }
[2m2026-09-14T11:24:32.017397Z[0m [31mERROR[0m codec_extension ThreadId(12) [2mzenoh_codec::common::extension[0m[2m:[0m Unknown Test ext: ZExtUnknown { Id: 0, Mandatory: true, Encoding: "Unit" }
[2m2026-09-14T11:24:32.017400Z[0m [31mERROR[0m codec_extension ThreadId(12) [2mzenoh_codec::common::extension[0m[2m:[0m Unknown Test ext: ZExtUnknown { Id: 0, Mandatory: true, Encoding: "Unit" }
[2m2026-09-14T11:24:32.017402Z[0m [31mERROR[0m codec_extension ThreadId(12) [2mzenoh_codec::common::extension[0m[2m:[0m Unknown Test ext: ZExtUnknown { Id: 0, Mandatory: true, Encoding: "Unit" }
[2m2026-09-14T11:24:32.017405Z[0m [31mERROR[0m codec_extension ThreadId(12) [2mzenoh_codec::common::extension[0m[2m:[0m Unknown Test ext: ZExtUnknown { Id: 0, Mandatory: true, Encoding: "Unit" }
[2m2026-09-14T11:24:32.017407Z[0m [31mERROR[0m codec_extension ThreadId(12) [2mzenoh_codec::common::extension[0m[2m:[0m Unknown Test ext: ZExtUnknown { Id: 0, Mandatory: true, Encoding: "Unit" }
[2m2026-09-14T11:24:32.017411Z[0m [31mERROR[0m codec_extension ThreadId(12) [2mzenoh_codec::common::extension[0m[2m:[0m Unknown Test ext: ZExtUnknown { Id: 0, Mandatory: true, Encoding: "Unit" }
[2m2026-09-14T11:24:32.017414Z[0m [31mERROR[0m codec_extension ThreadId(12) [2mzenoh_codec::common::extension[0m[2m:[0m Unknown Test ext: ZExtUnknown { Id: 0, Mandatory: true, Encoding: "Unit" }
[2m2026-09-14T11:24:32.017416Z[0m [31mERROR[0m codec_extension ThreadId(12) [2mzenoh_codec::common::extension[0m[2m:[0m Unknown Test ext: ZExtUnknown { Id: 0, Mandatory: true, Encoding: "Unit" }
[2m2026-09-14T11:24:32.017419Z[0m [31mERROR[0m codec_extension ThreadId(12) [2mzenoh_codec::common::extension[0m[2m:[0m Unknown Test ext: ZExtUnknown { Id: 0, Mandatory: true, Encoding: "Unit" }
[2m2026-09-14T11:24:32.017421Z[0m [31mERROR[0m codec_extension ThreadId(12) [2mzenoh_codec::common::extension[0m[2m:[0m Unknown Test ext: ZExtUnknown { Id: 0, Mandatory: true, Encoding: "Unit" }
[2m2026-09-14T11:24:32.017424Z[0m [31mERROR[0m codec_extension ThreadId(12) [2mzenoh_codec::common::extension[0m[2m:[0m Unknown Test ext: ZExtUnknown { Id: 0, Mandatory: true, Encoding: "Unit" }
[2m2026-09-14T11:24:32.017426Z[0m [31mERROR[0m codec_extension ThreadId(12) [2mzenoh_codec::common::extension[0m[2m:[0m Unknown Test ext: ZExtUnknown { Id: 0, Mandatory: true, Encoding: "Unit" }
[2m2026-09-14T11:24:32.017429Z[0m [31mERROR[0m codec_extension ThreadId(12) [2mzenoh_codec::common::extension[0m[2m:[0m Unknown Test ext: ZExtUnknown { Id: 0, Mandatory: true, Encoding: "Unit" }
[2m2026-09-14T11:24:32.017431Z[0m [31mERROR[0m codec_extension ThreadId(12) [2mzenoh_codec::common::extension[0m[2m:[0m Unknown Test ext: ZExtUnknown { Id: 0, Mandatory: true, Encoding: "Unit" }
[2m2026-09-14T11:24:32.017434Z[0m [31mERROR[0m codec_extension ThreadId(12) [2mzenoh_codec::common::extension[0m[2m:[0m Unknown Test ext: ZExtUnknown { Id: 0, Mandatory: true, Encoding: "Unit" }
[2m2026-09-14T11:24:32.017436Z[0m [31mERROR[0m codec_extension ThreadId(12) [2mzenoh_codec::common::extension[0m[2m:[0m Unknown Test ext: ZExtUnknown { Id: 0, Mandatory: true, Encoding: "Unit" }
[2m2026-09-14T11:24:32.017439Z[0m [31mERROR[0m codec_extension ThreadId(12) [2mzenoh_codec::common::extension[0m[2m:[0m Unknown Test ext: ZExtUnknown { Id: 0, Mandatory: true, Encoding: "Unit" }
[2m2026-09-14T11:24:32.017441Z[0m [31mERROR[0m codec_extension ThreadId(12) [2mzenoh_codec::common::extension[0m[2m:[0m Unknown Test ext: ZExtUnknown { Id: 0, Mandatory: true, Encoding: "Unit" }
[2m2026-09-14T11:24:32.017444Z[0m [31mERROR[0m codec_extension ThreadId(12) [2mzenoh_codec::common::extension[0m[2m:[0m Unknown Test ext: ZExtUnknown { Id: 0, Mandatory: true, Encoding: "Unit" }
[2m2026-09-14T11:24:32.017447Z[0m [31mERROR[0m codec_extension ThreadId(12) [2mzenoh_codec::common::extension[0m[2m:[0m Unknown Test ext: ZExtUnknown { Id: 0, Mandatory: true, Encoding: "Unit" }
[2m2026-09-14T11:24:32.017449Z[0m [31mERROR[0m codec_extension ThreadId(12) [2mzenoh_codec::common::extension[0m[2m:[0m Unknown Test ext: ZExtUnknown { Id: 0, Mandatory: true, Encoding: "Unit" }
[2m2026-09-14T11:24:32.017452Z[0m [31mERROR[0m codec_extension ThreadId(12) [2mzenoh_codec::common::extension[0m[2m:[0m Unknown Test ext: ZExtUnknown { Id: 0, Mandatory: true, Encoding: "Unit" }
[2m2026-09-14T11:24:32.017454Z[0m [31mERROR[0m codec_extension ThreadId(12) [2mzenoh_codec::common::extension[0m[2m:[0m Unknown Test ext: ZExtUnknown { Id: 0, Mandatory: true, Encoding: "Unit" }
[2m2026-09-14T11:24:32.017457Z[0m [31mERROR[0m codec_extension ThreadId(12) [2mzenoh_codec::common::extension[0m[2m:[0m Unknown Test ext: ZExtUnknown { Id: 0, Mandatory: true, Encoding: "Unit" }
[2m2026-09-14T11:24:32.017459Z[0m [31mERROR[0m codec_extension ThreadId(12) [2mzenoh_codec::common::extension[0m[2m:[0m Unknown Test ext: ZExtUnknown { Id: 0, Mandatory: true, Encoding: "Unit" }
[2m2026-09-14T11:24:32.017463Z[0m [31mERROR[0m codec_extension ThreadId(12) [2mzenoh_codec::common::extension[0m[2m:[0m Unknown Test ext: ZExtUnknown { Id: 0, Mandatory: true, Encoding: "Unit" }
[2m2026-09-14T11:24:32.017465Z[0m [31mERROR[0m codec_extension ThreadId(12) [2mzenoh_codec::common::extension[0m[2m:[0m Unknown Test ext: ZExtUnknown { Id: 0, Mandatory: true, Encoding: "Unit" }
[2m2026-09-14T11:24:32.017481Z[0m [31mERROR[0m codec_extension ThreadId(12) [2mzenoh_codec::common::extension[0m[2m:[0m Unknown Test ext: ZExtUnknown { Id: 0, Mandatory: true, Encoding: "Unit" }
[2m2026-09-14T11:24:32.017484Z[0m [31mERROR[0m codec_extension ThreadId(12) [2mzenoh_codec::common::extension[0m[2m:[0m Unknown Test ext: ZExtUnknown { Id: 0, Mandatory: true, Encoding: "Unit" }
[2m2026-09-14T11:24:32.017487Z[0m [31mERROR[0m codec_extension ThreadId(12) [2mzenoh_codec::common::extension[0m[2m:[0m Unknown Test ext: ZExtUnknown { Id: 0, Mandatory: true, Encoding: "Unit" }
[2m2026-09-14T11:24:32.017489Z[0m [31mERROR[0m codec_extension ThreadId(12) [2mzenoh_codec::common::extension[0m[2m:[0m Unknown Test ext: ZExtUnknown { Id: 0, Mandatory: true, Encoding: "Unit" }
[2m2026-09-14T11:24:32.017492Z[0m [31mERROR[0m codec_extension ThreadId(12) [2mzenoh_codec::common::extension[0m[2m:[0m Unknown Test ext: ZExtUnknown { Id: 0, Mandatory: true, Encoding: "Unit" }
[2m2026-09-14T11:24:32.017494Z[0m [31mERROR[0m codec_extension ThreadId(12) [2mzenoh_codec::common::extension[0m[2m:[0m Unknown Test ext: ZExtUnknown { Id: 0, Mandatory: true, Encoding: "Unit" }
[2m2026-09-14T11:24:32.017497Z[0m [31mERROR[0m codec_extension ThreadId(12) [2mzenoh_codec::common::extension[0m[2m:[0m Unknown Test ext: ZExtUnknown { Id: 0, Mandatory: true, Encoding: "Unit" }
[2m2026-09-14T11:24:32.017499Z[0m [31mERROR[0m codec_extension ThreadId(12) [2mzenoh_codec::common::extension[0m[2m:[0m Unknown Test ext: ZExtUnknown { Id: 0, Mandatory: true, Encoding: "Unit" }
[2m2026-09-14T11:24:32.017502Z[0m [31mERROR[0m codec_extension ThreadId(12) [2mzenoh_codec::common::extension[0m[2m:[0m Unknown Test ext: ZExtUnknown { Id: 0, Mandatory: true, Encoding: "Unit" }
[2m2026-09-14T11:24:32.017505Z[0m [31mERROR[0m codec_extension ThreadId(12) [2mzenoh_codec::common::extension[0m[2m:[0m Unknown Test ext: ZExtUnknown { Id: 0, Mandatory: true, Encoding: "Unit" }
[2m2026-09-14T11:24:32.017507Z[0m [31mERROR[0m codec_extension ThreadId(12) [2mzenoh_codec::common::extension[0m[2m:[0m Unknown Test ext: ZExtUnknown { Id: 0, Mandatory: true, Encoding: "Unit" }
[2m2026-09-14T11:24:32.017510Z[0m [31mERROR[0m codec_extension ThreadId(12) [2mzenoh_codec::common::extension[0m[2m:[0m Unknown Test ext: ZExtUnknown { Id: 0, Mandatory: true, Encoding: "Unit" }
[2m2026-09-14T11:24:32.017514Z[0m [31mERROR[0m codec_extension ThreadId(12) [2mzenoh_codec::common::extension[0m[2m:[0m Unknown Test ext: ZExtUnknown { Id: 0, Mandatory: true, Encoding: "Unit" }
[2m2026-09-14T11:24:32.017517Z[0m [31mERROR[0m codec_extension ThreadId(12) [2mzenoh_codec::common::extension[0m[2m:[0m Unknown Test ext: ZExtUnknown { Id: 0, Mandatory: true, Encoding: "Unit" }
[2m2026-09-14T11:24:32.017520Z[0m [31mERROR[0m codec_extension ThreadId(12) [2mzenoh_codec::common::extension[0m[2m:[0m Unknown Test ext: ZExtUnknown { Id: 0, Mandatory: true, Encoding: "Unit" }
[2m2026-09-14T11:24:32.017523Z[0m [31mERROR[0m codec_extension ThreadId(12) [2mzenoh_codec::common::extension[0m[2m:[0m Unknown Test ext: ZExtUnknown { Id: 0, Mandatory: true, Encoding: "Unit" }
[2m2026-09-14T11:24:32.017526Z[0m [31mERROR[0m codec_extension ThreadId(12) [2mzenoh_codec::common::extension[0m[2m:[0m Unknown Test ext: ZExtUnknown { Id: 0, Mandatory: true, Encoding: "Unit" }
[2m2026-09-14T11:24:32.017528Z[0m [31mERROR[0m codec_extension ThreadId(12) [2mzenoh_codec::common::extension[0m[2m:[0m Unknown Test ext: ZExtUnknown { Id: 0, Mandatory: true, Encoding: "Unit" }
[2m2026-09-14T11:24:32.017531Z[0m [31mERROR[0m codec_extension ThreadId(12) [2mzenoh_codec::common::extension[0m[2m:[0m Unknown Test ext: ZExtUnknown { Id: 0, Mandatory: true, Encoding: "Unit" }
[2m2026-09-14T11:24:32.017535Z[0m [31mERROR[0m codec_extension ThreadId(12) [2mzenoh_codec::common::extension[0m[2m:[0m Unknown Test ext: ZExtUnknown { Id: 0, Mandatory: true, Encoding: "Unit" }
[2m2026-09-14T11:24:32.017538Z[0m [31mERROR[0m codec_extension ThreadId(12) [2mzenoh_codec::common::extension[0m[2m:[0m Unknown Test ext: ZExtUnknown { Id: 0, Mandatory: true, Encoding: "Unit" }
[2m2026-09-14T11:24:32.017542Z[0m [31mERROR[0m codec_extension ThreadId(12) [2mzenoh_codec::common::extension[0m[2m:[0m Unknown Test ext: ZExtUnknown { Id: 0, Mandatory: true, Encoding: "Unit" }
[2m2026-09-14T11:24:32.017545Z[0m [31mERROR[0m codec_extension ThreadId(12) [2mzenoh_codec::common::extension[0m[2m:[0m Unknown Test ext: ZExtUnknown { Id: 0, Mandatory: true, Encoding: "Unit" }
[2m2026-09-14T11:24:32.017549Z[0m [31mERROR[0m codec_extension ThreadId(12) [2mzenoh_codec::common::extension[0m[2m:[0m Unknown Test ext: ZExtUnknown { Id: 0, Mandatory: true, Encoding: "Unit" }
[2m2026-09-14T11:24:32.017552Z[0m [31mERROR[0m codec_extension ThreadId(12) [2mzenoh_codec::common::extension[0m[2m:[0m Unknown Test ext: ZExtUnknown { Id: 0, Mandatory: true, Encoding: "Unit" }
[2m2026-09-14T11:24:32.017555Z[0m [31mERROR[0m codec_extension ThreadId(12) [2mzenoh_codec::common::extension[0m[2m:[0m Unknown Test ext: ZExtUnknown { Id: 0, Mandatory: true, Encoding: "Unit" }
[2m2026-09-14T11:24:32.017558Z[0m [31mERROR[0m codec_extension ThreadId(12) [2mzenoh_codec::common::extension[0m[2m:[0m Unknown Test ext: ZExtUnknown { Id: 0, Mandatory: true, Encoding: "Unit" }
[2m2026-09-14T11:24:32.017561Z[0m [31mERROR[0m codec_extension ThreadId(12) [2mzenoh_codec::common::extension[0m[2m:[0m Unknown Test ext: ZExtUnknown { Id: 0, Mandatory: true, Encoding: "Unit" }
[2m2026-09-14T11:24:32.017563Z[0m [31mERROR[0m codec_extension ThreadId(12) [2mzenoh_codec::common::extension[0m[2m:[0m Unknown Test ext: ZExtUnknown { Id: 0, Mandatory: true, Encoding: "Unit" }
[2m2026-09-14T11:24:32.017566Z[0m [31mERROR[0m codec_extension ThreadId(12) [2mzenoh_codec::common::extension[0m[2m:[0m Unknown Test ext: ZExtUnknown { Id: 0, Mandatory: true, Encoding: "Unit" }
[2m2026-09-14T11:24:32.017569Z[0m [31mERROR[0m codec_extension ThreadId(12) [2mzenoh_codec::common::extension[0m[2m:[0m Unknown Test ext: ZExtUnknown { Id: 0, Mandatory: true, Encoding: "Unit" }
[2m2026-09-14T11:24:32.017572Z[0m [31mERROR[0m codec_extension ThreadId(12) [2mzenoh_codec::common::extension[0m[2m:[0m Unknown Test ext: ZExtUnknown { Id: 0, Mandatory: true, Encoding: "Unit" }
[2m2026-09-14T11:24:32.017574Z[0m [31mERROR[0m codec_extension ThreadId(12) [2mzenoh_codec::common::extension[0m[2m:[0m Unknown Test ext: ZExtUnknown { Id: 0, Mandatory: true, Encoding: "Unit" }
[2m2026-09-14T11:24:32.017577Z[0m [31mERROR[0m codec_extension ThreadId(12) [2mzenoh_codec::common::extension[0m[2m:[0m Unknown Test ext: ZExtUnknown { Id: 0, Mandatory: true, Encoding: "Unit" }
[2m2026-09-14T11:24:32.017580Z[0m [31mERROR[0m codec_extension ThreadId(12) [2mzenoh_codec::common::extension[0m[2m:[0m Unknown Test ext: ZExtUnknown { Id: 0, Mandatory: true, Encoding: "Unit" }
[2m2026-09-14T11:24:32.017583Z[0m [31mERROR[0m codec_extension ThreadId(12) [2mzenoh_codec::common::extension[0m[2m:[0m Unknown Test ext: ZExtUnknown { Id: 0, Mandatory: true, Encoding: "Unit" }
[2m2026-09-14T11:24:32.017585Z[0m [31mERROR[0m codec_extension ThreadId(12) [2mzenoh_codec::common::extension[0m[2m:[0m Unknown Test ext: ZExtUnknown { Id: 0, Mandatory: true, Encoding: "Unit" }
[2m2026-09-14T11:24:32.017588Z[0m [31mERROR[0m codec_extension ThreadId(12) [2mzenoh_codec::common::extension[0m[2m:[0m Unknown Test ext: ZExtUnknown { Id: 0, Mandatory: true, Encoding: "Unit" }
[2m2026-09-14T11:24:32.017591Z[0m [31mERROR[0m codec_extension ThreadId(12) [2mzenoh_codec::common::extension[0m[2m:[0m Unknown Test ext: ZExtUnknown { Id: 0, Mandatory: true, Encoding: "Unit" }
[2m2026-09-14T11:24:32.017595Z[0m [31mERROR[0m codec_extension ThreadId(12) [2mzenoh_codec::common::extension[0m[2m:[0m Unknown Test ext: ZExtUnknown { Id: 0, Mandatory: true, Encoding: "Unit" }
[2m2026-09-14T11:24:32.017597Z[0m [31mERROR[0m codec_extension ThreadId(12) [2mzenoh_codec::common::extension[0m[2m:[0m Unknown Test ext: ZExtUnknown { Id: 0, Mandatory: true, Encoding: "Unit" }
[2m2026-09-14T11:24:32.017600Z[0m [31mERROR[0m codec_extension ThreadId(12) [2mzenoh_codec::common::extension[0m[2m:[0m Unknown Test ext: ZExtUnknown { Id: 0, Mandatory: true, Encoding: "Unit" }
[2m2026-09-14T11:24:32.017603Z[0m [31mERROR[0m codec_extension ThreadId(12) [2mzenoh_codec::common::extension[0m[2m:[0m Unknown Test ext: ZExtUnknown { Id: 0, Mandatory: true, Encoding: "Unit" }
[2m2026-09-14T11:24:32.017605Z[0m [31mERROR[0m codec_extension ThreadId(12) [2mzenoh_codec::common::extension[0m[2m:[0m Unknown Test ext: ZExtUnknown { Id: 0, Mandatory: true, Encoding: "Unit" }
[2m2026-09-14T11:24:32.017608Z[0m [31mERROR[0m codec_extension ThreadId(12) [2mzenoh_codec::common::extension[0m[2m:[0m Unknown Test ext: ZExtUnknown { Id: 0, Mandatory: true, Encoding: "Unit" }
[2m2026-09-14T11:24:32.017611Z[0m [31mERROR[0m codec_extension ThreadId(12) [2mzenoh_codec::common::extension[0m[2m:[0m Unknown Test ext: ZExtUnknown { Id: 0, Mandatory: true, Encoding: "Unit" }
[2m2026-09-14T11:24:32.017613Z[0m [31mERROR[0m codec_extension ThreadId(12) [2mzenoh_codec::common::extension[0m[2m:[0m Unknown Test ext: ZExtUnknown { Id: 0, Mandatory: true, Encoding: "Unit" }
[2m2026-09-14T11:24:32.017616Z[0m [31mERROR[0m codec_extension ThreadId(12) [2mzenoh_codec::common::extension[0m[2m:[0m Unknown Test ext: ZExtUnknown { Id: 0, Mandatory: true, Encoding: "Unit" }
[2m2026-09-14T11:24:32.017618Z[0m [31mERROR[0m codec_extension ThreadId(12) [2mzenoh_codec::common::extension[0m[2m:[0m Unknown Test ext: ZExtUnknown { Id: 0, Mandatory: true, Encoding: "Unit" }
[2m2026-09-14T11:24:32.017621Z[0m [31mERROR[0m codec_extension ThreadId(12) [2mzenoh_codec::common::extension[0m[2m:[0m Unknown Test ext: ZExtUnknown { Id: 0, Mandatory: true, Encoding: "Unit" }
[2m2026-09-14T11:24:32.017623Z[0m [31mERROR[0m codec_extension ThreadId(12) [2mzenoh_codec::common::extension[0m[2m:[0m Unknown Test ext: ZExtUnknown { Id: 0, Mandatory: true, Encoding: "Unit" }
[2m2026-09-14T11:24:32.017626Z[0m [31mERROR[0m codec_extension ThreadId(12) [2mzenoh_codec::common::extension[0m[2m:[0m Unknown Test ext: ZExtUnknown { Id: 0, Mandatory: true, Encoding: "Unit" }
[2m2026-09-14T11:24:32.017629Z[0m [31mERROR[0m codec_extension ThreadId(12) [2mzenoh_codec::common::extension[0m[2m:[0m Unknown Test ext: ZExtUnknown { Id: 0, Mandatory: true, Encoding: "Unit" }
[2m2026-09-14T11:24:32.017631Z[0m [31mERROR[0m codec_extension ThreadId(12) [2mzenoh_codec::common::extension[0m[2m:[0m Unknown Test ext: ZExtUnknown { Id: 0, Mandatory: true, Encoding: "Unit" }
[2m2026-09-14T11:24:32.017634Z[0m [31mERROR[0m codec_extension ThreadId(12) [2mzenoh_codec::common::extension[0m[2m:[0m Unknown Test ext: ZExtUnknown { Id: 0, Mandatory: true, Encoding: "Unit" }
[2m2026-09-14T11:24:32.017636Z[0m [31mERROR[0m codec_extension ThreadId(12) [2mzenoh_codec::common::extension[0m[2m:[0m Unknown Test ext: ZExtUnknown { Id: 0, Mandatory: true, Encoding: "Unit" }
[2m2026-09-14T11:24:32.017639Z[0m [31mERROR[0m codec_extension ThreadId(12) [2mzenoh_codec::common::extension[0m[2m:[0m Unknown Test ext: ZExtUnknown { Id: 0, Mandatory: true, Encoding: "Unit" }
[2m2026-09-14T11:24:32.017642Z[0m [31mERROR[0m codec_extension ThreadId(12) [2mzenoh_codec::common::extension[0m[2m:[0m Unknown Test ext: ZExtUnknown { Id: 0, Mandatory: true, Encoding: "Unit" }
[2m2026-09-14T11:24:32.017644Z[0m [31mERROR[0m codec_extension ThreadId(12) [2mzenoh_codec::common::extension[0m[2m:[0m Unknown Test ext: ZExtUnknown { Id: 0, Mandatory: true, Encoding: "Unit" }
[2m2026-09-14T11:24:32.017648Z[0m [31mERROR[0m codec_extension ThreadId(12) [2mzenoh_codec::common::extension[0m[2m:[0m Unknown Test ext: ZExtUnknown { Id: 0, Mandatory: true, Encoding: "Unit" }
[2m2026-09-14T11:24:32.017650Z[0m [31mERROR[0m codec_extension ThreadId(12) [2mzenoh_codec::common::extension[0m[2m:[0m Unknown Test ext: ZExtUnknown { Id: 0, Mandatory: true, Encoding: "Unit" }
[2m2026-09-14T11:24:32.017653Z[0m [31mERROR[0m codec_extension ThreadId(12) [2mzenoh_codec::common::extension[0m[2m:[0m Unknown Test ext: ZExtUnknown { Id: 0, Mandatory: true, Encoding: "Unit" }
[2m2026-09-14T11:24:32.017655Z[0m [31mERROR[0m codec_extension ThreadId(12) [2mzenoh_codec::common::extension[0m[2m:[0m Unknown Test ext: ZExtUnknown { Id: 0, Mandatory: true, Encoding: "Unit" }
[2m2026-09-14T11:24:32.017658Z[0m [31mERROR[0m codec_extension ThreadId(12) [2mzenoh_codec::common::extension[0m[2m:[0m Unknown Test ext: ZExtUnknown { Id: 0, Mandatory: true, Encoding: "Unit" }
[2m2026-09-14T11:24:32.017673Z[0m [31mERROR[0m codec_extension ThreadId(12) [2mzenoh_codec::common::extension[0m[2m:[0m Unknown Test ext: ZExtUnknown { Id: 0, Mandatory: true, Encoding: "Unit" }
[2m2026-09-14T11:24:32.017676Z[0m [31mERROR[0m codec_extension ThreadId(12) [2mzenoh_codec::common::extension[0m[2m:[0m Unknown Test ext: ZExtUnknown { Id: 0, Mandatory: true, Encoding: "Unit" }
[2m2026-09-14T11:24:32.017679Z[0m [31mERROR[0m codec_extension ThreadId(12) [2mzenoh_codec::common::extension[0m[2m:[0m Unknown Test ext: ZExtUnknown { Id: 0, Mandatory: true, Encoding: "Unit" }
[2m2026-09-14T11:24:32.017681Z[0m [31mERROR[0m codec_extension ThreadId(12) [2mzenoh_codec::common::extension[0m[2m:[0m Unknown Test ext: ZExtUnknown { Id: 0, Mandatory: true, Encoding: "Unit" }
[2m2026-09-14T11:24:32.017684Z[0m [31mERROR[0m codec_extension ThreadId(12) [2mzenoh_codec::common::extension[0m[2m:[0m Unknown Test ext: ZExtUnknown { Id: 0, Mandatory: true, Encoding: "Unit" }
[2m2026-09-14T11:24:32.017696Z[0m [31mERROR[0m codec_extension ThreadId(12) [2mzenoh_codec::common::extension[0m[2m:[0m Unknown Test ext: ZExtUnknown { Id: 0, Mandatory: true, Encoding: "Unit" }
[2m2026-09-14T11:24:32.017700Z[0m [31mERROR[0m codec_extension ThreadId(12) [2mzenoh_codec::common::extension[0m[2m:[0m Unknown Test ext: ZExtUnknown { Id: 0, Mandatory: true, Encoding: "Unit" }
[2m2026-09-14T11:24:32.017704Z[0m [31mERROR[0m codec_extension ThreadId(12) [2mzenoh_codec::common::extension[0m[2m:[0m Unknown Test ext: ZExtUnknown { Id: 0, Mandatory: true, Encoding: "Unit" }
[2m2026-09-14T11:24:32.017710Z[0m [31mERROR[0m codec_extension ThreadId(12) [2mzenoh_codec::common::extension[0m[2m:[0m Unknown Test ext: ZExtUnknown { Id: 0, Mandatory: true, Encoding: "Unit" }
[2m2026-09-14T11:24:32.017714Z[0m [31mERROR[0m codec_extension ThreadId(12) [2mzenoh_codec::common::extension[0m[2m:[0m Unknown Test ext: ZExtUnknown { Id: 0, Mandatory: true, Encoding: "Unit" }
[2m2026-09-14T11:24:32.017717Z[0m [31mERROR[0m codec_extension ThreadId(12) [2mzenoh_codec::common::extension[0m[2m:[0m Unknown Test ext: ZExtUnknown { Id: 0, Mandatory: true, Encoding: "Unit" }
[2m2026-09-14T11:24:32.017719Z[0m [31mERROR[0m codec_extension ThreadId(12) [2mzenoh_codec::common::extension[0m[2m:[0m Unknown Test ext: ZExtUnknown { Id: 0, Mandatory: true, Encoding: "Unit" }
[2m2026-09-14T11:24:32.017722Z[0m [31mERROR[0m codec_extension ThreadId(12) [2mzenoh_codec::common::extension[0m[2m:[0m Unknown Test ext: ZExtUnknown { Id: 0, Mandatory: true, Encoding: "Unit" }
[2m2026-09-14T11:24:32.017725Z[0m [31mERROR[0m codec_extension ThreadId(12) [2mzenoh_codec::common::extension[0m[2m:[0m Unknown Test ext: ZExtUnknown { Id: 0, Mandatory: true, Encoding: "Unit" }
[2m2026-09-14T11:24:32.017728Z[0m [31mERROR[0m codec_extension ThreadId(12) [2mzenoh_codec::common::extension[0m[2m:[0m Unknown Test ext: ZExtUnknown { Id: 0, Mandatory: true, Encoding: "Unit" }
[2m2026-09-14T11:24:32.017732Z[0m [31mERROR[0m codec_extension ThreadId(12) [2mzenoh_codec::common::extension[0m[2m:[0m Unknown Test ext: ZExtUnknown { Id: 0, Mandatory: true, Encoding: "Unit" }
[2m2026-09-14T11:24:32.017735Z[0m [31mERROR[0m codec_extension ThreadId(12) [2mzenoh_codec::common::extension[0m[2m:[0m Unknown Test ext: ZExtUnknown { Id: 0, Mandatory: true, Encoding: "Unit" }
[2m2026-09-14T11:24:32.017738Z[0m [31mERROR[0m codec_extension ThreadId(12) [2mzenoh_codec::common::extension[0m[2m:[0m Unknown Test ext: ZExtUnknown { Id: 0, Mandatory: true, Encoding: "Unit" }
[2m2026-09-14T11:24:32.017740Z[0m [31mERROR[0m codec_extension ThreadId(12) [2mzenoh_codec::common::extension[0m[2m:[0m Unknown Test ext: ZExtUnknown { Id: 0, Mandatory: true, Encoding: "Unit" }
[2m2026-09-14T11:24:32.017743Z[0m [31mERROR[0m codec_extension ThreadId(12) [2mzenoh_codec::common::extension[0m[2m:[0m Unknown Test ext: ZExtUnknown { Id: 0, Mandatory: true, Encoding: "Unit" }
[2m2026-09-14T11:24:32.017746Z[0m [31mERROR[0m codec_extension ThreadId(12) [2mzenoh_codec::common::extension[0m[2m:[0m Unknown Test ext: ZExtUnknown { Id: 0, Mandatory: true, Encoding: "Unit" }
[2m2026-09-14T11:24:32.017748Z[0m [31mERROR[0m codec_extension ThreadId(12) [2mzenoh_codec::common::extension[0m[2m:[0m Unknown Test ext: ZExtUnknown { Id: 0, Mandatory: true, Encoding: "Unit" }
[2m2026-09-14T11:24:32.017751Z[0m [31mERROR[0m codec_extension ThreadId(12) [2mzenoh_codec::common::extension[0m[2m:[0m Unknown Test ext: ZExtUnknown { Id: 0, Mandatory: true, Encoding: "Unit" }
[2m2026-09-14T11:24:32.017753Z[0m [31mERROR[0m codec_extension ThreadId(12) [2mzenoh_codec::common::extension[0m[2m:[0m Unknown Test ext: ZExtUnknown { Id: 0, Mandatory: true, Encoding: "Unit" }
[2m2026-09-14T11:24:32.017756Z[0m [31mERROR[0m codec_extension ThreadId(12) [2mzenoh_codec::common::extension[0m[2m:[0m Unknown Test ext: ZExtUnknown { Id: 0, Mandatory: true, Encoding: "Unit" }
[2m2026-09-14T11:24:32.017759Z[0m [31mERROR[0m codec_extension ThreadId(12) [2mzenoh_codec::common::extension[0m[2m:[0m Unknown Test ext: ZExtUnknown { Id: 0, Mandatory: true, Encoding: "Unit" }
[2m2026-09-14T11:24:32.017761Z[0m [31mERROR[0m codec_extension ThreadId(12) [2mzenoh_codec::common::extension[0m[2m:[0m Unknown Test ext: ZExtUnknown { Id: 0, Mandatory: true, Encoding: "Unit" }
[2m2026-09-14T11:24:32.017764Z[0m [31mERROR[0m codec_extension ThreadId(12) [2mzenoh_codec::common::extension[0m[2m:[0m Unknown Test ext: ZExtUnknown { Id: 0, Mandatory: true, Encoding: "Unit" }
[2m2026-09-14T11:24:32.017767Z[0m [31mERROR[0m codec_extension ThreadId(12) [2mzenoh_codec::common::extension[0m[2m:[0m Unknown Test ext: ZExtUnknown { Id: 0, Mandatory: true, Encoding: "Unit" }
[2m2026-09-14T11:24:32.017769Z[0m [31mERROR[0m codec_extension ThreadId(12) [2mzenoh_codec::common::extension[0m[2m:[0m Unknown Test ext: ZExtUnknown { Id: 0, Mandatory: true, Encoding: "Unit" }
[2m2026-09-14T11:24:32.017772Z[0m [31mERROR[0m codec_extension ThreadId(12) [2mzenoh_codec::common::extension[0m[2m:[0m Unknown Test ext: ZExtUnknown { Id: 0, Mandatory: true, Encoding: "Unit" }
[2m2026-09-14T11:24:32.017775Z[0m [31mERROR[0m codec_extension ThreadId(12) [2mzenoh_codec::common::extension[0m[2m:[0m Unknown Test ext: ZExtUnknown { Id: 0, Mandatory: true, Encoding: "Unit" }
[2m2026-09-14T11:24:32.017777Z[0m [31mERROR[0m codec_extension ThreadId(12) [2mzenoh_codec::common::extension[0m[2m:[0m Unknown Test ext: ZExtUnknown { Id: 0, Mandatory: true, Encoding: "Unit" }
[2m2026-09-14T11:24:32.017780Z[0m [31mERROR[0m codec_extension ThreadId(12) [2mzenoh_codec::common::extension[0m[2m:[0m Unknown Test ext: ZExtUnknown { Id: 0, Mandatory: true, Encoding: "Unit" }
[2m2026-09-14T11:24:32.017783Z[0m [31mERROR[0m codec_extension ThreadId(12) [2mzenoh_codec::common::extension[0m[2m:[0m Unknown Test ext: ZExtUnknown { Id: 0, Mandatory: true, Encoding: "Unit" }
[2m2026-09-14T11:24:32.017786Z[0m [31mERROR[0m codec_extension ThreadId(12) [2mzenoh_codec::common::extension[0m[2m:[0m Unknown Test ext: ZExtUnknown { Id: 0, Mandatory: true, Encoding: "Unit" }
[2m2026-09-14T11:24:32.017789Z[0m [31mERROR[0m codec_extension ThreadId(12) [2mzenoh_codec::common::extension[0m[2m:[0m Unknown Test ext: ZExtUnknown { Id: 0, Mandatory: true, Encoding: "Unit" }
[2m2026-09-14T11:24:32.017792Z[0m [31mERROR[0m codec_extension ThreadId(12) [2mzenoh_codec::common::extension[0m[2m:[0m Unknown Test ext: ZExtUnknown { Id: 0, Mandatory: true, Encoding: "Unit" }
[2m2026-09-14T11:24:32.017794Z[0m [31mERROR[0m codec_extension ThreadId(12) [2mzenoh_codec::common::extension[0m[2m:[0m Unknown Test ext: ZExtUnknown { Id: 0, Mandatory: true, Encoding: "Unit" }
[2m2026-09-14T11:24:32.017797Z[0m [31mERROR[0m codec_extension ThreadId(12) [2mzenoh_codec::common::extension[0m[2m:[0m Unknown Test ext: ZExtUnknown { Id: 0, Mandatory: true, Encoding: "Unit" }
[2m2026-09-14T11:24:32.017800Z[0m [31mERROR[0m codec_extension ThreadId(12) [2mzenoh_codec::common::extension[0m[2m:[0m Unknown Test ext: ZExtUnknown { Id: 0, Mandatory: true, Encoding: "Unit" }
[2m2026-09-14T11:24:32.017802Z[0m [31mERROR[0m codec_extension ThreadId(12) [2mzenoh_codec::common::extension[0m[2m:[0m Unknown Test ext: ZExtUnknown { Id: 0, Mandatory: true, Encoding: "Unit" }
[2m2026-09-14T11:24:32.017805Z[0m [31mERROR[0m codec_extension ThreadId(12) [2mzenoh_codec::common::extension[0m[2m:[0m Unknown Test ext: ZExtUnknown { Id: 0, Mandatory: true, Encoding: "Unit" }
[2m2026-09-14T11:24:32.017807Z[0m [31mERROR[0m codec_extension ThreadId(12) [2mzenoh_codec::common::extension[0m[2m:[0m Unknown Test ext: ZExtUnknown { Id: 0, Mandatory: true, Encoding: "Unit" }
[2m2026-09-14T11:24:32.017810Z[0m [31mERROR[0m codec_extension ThreadId(12) [2mzenoh_codec::common::extension[0m[2m:[0m Unknown Test ext: ZExtUnknown { Id: 0, Mandatory: true, Encoding: "Unit" }
[2m2026-09-14T11:24:32.017813Z[0m [31mERROR[0m codec_extension ThreadId(12) [2mzenoh_codec::common::extension[0m[2m:[0m Unknown Test ext: ZExtUnknown { Id: 0, Mandatory: true, Encoding: "Unit" }
[2m2026-09-14T11:24:32.017815Z[0m [31mERROR[0m codec_extension ThreadId(12) [2mzenoh_codec::common::extension[0m[2m:[0m Unknown Test ext: ZExtUnknown { Id: 0, Mandatory: true, Encoding: "Unit" }
[2m2026-09-14T11:24:32.017818Z[0m [31mERROR[0m codec_extension ThreadId(12) [2mzenoh_codec::common::extension[0m[2m:[0m Unknown Test ext: ZExtUnknown { Id: 0, Mandatory: true, Encoding: "Unit" }
[2m2026-09-14T11:24:32.017820Z[0m [31mERROR[0m codec_extension ThreadId(12) [2mzenoh_codec::common::extension[0m[2m:[0m Unknown Test ext: ZExtUnknown { Id: 0, Mandatory: true, Encoding: "Unit" }
[2m2026-09-14T11:24:32.017823Z[0m [31mERROR[0m codec_extension ThreadId(12) [2mzenoh_codec::common::extension[0m[2m:[0m Unknown Test ext: ZExtUnknown { Id: 0, Mandatory: true, Encoding: "Unit" }
[2m2026-09-14T11:24:32.017826Z[0m [31mERROR[0m codec_extension ThreadId(12) [2mzenoh_codec::common::extension[0m[2m:[0m Unknown Test ext: ZExtUnknown { Id: 0, Mandatory: true, Encoding: "Unit" }
[2m2026-09-14T11:24:32.017828Z[0m [31mERROR[0m codec_extension ThreadId(12) [2mzenoh_codec::common::extension[0m[2m:[0m Unknown Test ext: ZExtUnknown { Id: 0, Mandatory: true, Encoding: "Unit" }
[2m2026-09-14T11:24:32.017831Z[0m [31mERROR[0m codec_extension ThreadId(12) [2mzenoh_codec::common::extension[0m[2m:[0m Unknown Test ext: ZExtUnknown { Id: 0, Mandatory: true, Encoding: "Unit" }
[2m2026-09-14T11:24:32.017834Z[0m [31mERROR[0m codec_extension ThreadId(12) [2mzenoh_codec::common::extension[0m[2m:[0m Unknown Test ext: ZExtUnknown { Id: 0, Mandatory: true, Encoding: "Unit" }
[2m2026-09-14T11:24:32.017836Z[0m [31mERROR[0m codec_extension ThreadId(12) [2mzenoh_codec::common::extension[0m[2m:[0m Unknown Test ext: ZExtUnknown { Id: 0, Mandatory: true, Encoding: "Unit" }
[2m2026-09-14T11:24:32.017839Z[0m [31mERROR[0m codec_extension ThreadId(12) [2mzenoh_codec::common::extension[0m[2m:[0m Unknown Test ext: ZExtUnknown { Id: 0, Mandatory: true, Encoding: "Unit" }
[2m2026-09-14T11:24:32.017842Z[0m [31mERROR[0m codec_extension ThreadId(12) [2mzenoh_codec::common::extension[0m[2m:[0m Unknown Test ext: ZExtUnknown { Id: 0, Mandatory: true, Encoding: "Unit" }
[2m2026-09-14T11:24:32.017845Z[0m [31mERROR[0m codec_extension ThreadId(12) [2mzenoh_codec::common::extension[0m[2m:[0m Unknown Test ext: ZExtUnknown { Id: 0, Mandatory: true, Encoding: "Unit" }
[2m2026-09-14T11:24:32.017848Z[0m [31mERROR[0m codec_extension ThreadId(12) [2mzenoh_codec::common::extension[0m[2m:[0m Unknown Test ext: ZExtUnknown { Id: 0, Mandatory: true, Encoding: "Unit" }
[2m2026-09-14T11:24:32.017850Z[0m [31mERROR[0m codec_extension ThreadId(12) [2mzenoh_codec::common::extension[0m[2m:[0m Unknown Test ext: ZExtUnknown { Id: 0, Mandatory: true, Encoding: "Unit" }
[2m2026-09-14T11:24:32.017853Z[0m [31mERROR[0m codec_extension ThreadId(12) [2mzenoh_codec::common::extension[0m[2m:[0m Unknown Test ext: ZExtUnknown { Id: 0, Mandatory: true, Encoding: "Unit" }
[2m2026-09-14T11:24:32.017855Z[0m [31mERROR[0m codec_extension ThreadId(12) [2mzenoh_codec::common::extension[0m[2m:[0m Unknown Test ext: ZExtUnknown { Id: 0, Mandatory: true, Encoding: "Unit" }
[2m2026-09-14T11:24:32.017858Z[0m [31mERROR[0m codec_extension ThreadId(12) [2mzenoh_codec::common::extension[0m[2m:[0m Unknown Test ext: ZExtUnknown { Id: 0, Mandatory: true, Encoding: "Unit" }
[2m2026-09-14T11:24:32.017861Z[0m [31mERROR[0m codec_extension ThreadId(12) [2mzenoh_codec::common::extension[0m[2m:[0m Unknown Test ext: ZExtUnknown { Id: 0, Mandatory: true, Encoding: "Unit" }
[2m2026-09-14T11:24:32.017880Z[0m [31mERROR[0m codec_extension ThreadId(12) [2mzenoh_codec::common::extension[0m[2m:[0m Unknown Test ext: ZExtUnknown { Id: 0, Mandatory: true, Encoding: "Unit" }
[2m2026-09-14T11:24:32.017884Z[0m [31mERROR[0m codec_extension ThreadId(12) [2mzenoh_codec::common::extension[0m[2m:[0m Unknown Test ext: ZExtUnknown { Id: 0, Mandatory: true, Encoding: "Unit" }
[2m2026-09-14T11:24:32.017887Z[0m [31mERROR[0m codec_extension ThreadId(12) [2mzenoh_codec::common::extension[0m[2m:[0m Unknown Test ext: ZExtUnknown { Id: 0, Mandatory: true, Encoding: "Unit" }
[2m2026-09-14T11:24:32.017890Z[0m [31mERROR[0m codec_extension ThreadId(12) [2mzenoh_codec::common::extension[0m[2m:[0m Unknown Test ext: ZExtUnknown { Id: 0, Mandatory: true, Encoding: "Unit" }
[2m2026-09-14T11:24:32.017893Z[0m [31mERROR[0m codec_extension ThreadId(12) [2mzenoh_codec::common::extension[0m[2m:[0m Unknown Test ext: ZExtUnknown { Id: 0, Mandatory: true, Encoding: "Unit" }
[2m2026-09-14T11:24:32.017896Z[0m [31mERROR[0m codec_extension ThreadId(12) [2mzenoh_codec::common::extension[0m[2m:[0m Unknown Test ext: ZExtUnknown { Id: 0, Mandatory: true, Encoding: "Unit" }
[2m2026-09-14T11:24:32.017899Z[0m [31mERROR[0m codec_extension ThreadId(12) [2mzenoh_codec::common::extension[0m[2m:[0m Unknown Test ext: ZExtUnknown { Id: 0, Mandatory: true, Encoding: "Unit" }
[2m2026-09-14T11:24:32.017901Z[0m [31mERROR[0m codec_extension ThreadId(12) [2mzenoh_codec::common::extension[0m[2m:[0m Unknown Test ext: ZExtUnknown { Id: 0, Mandatory: true, Encoding: "Unit" }
[2m2026-09-14T11:24:32.017904Z[0m [31mERROR[0m codec_extension ThreadId(12) [2mzenoh_codec::common::extension[0m[2m:[0m Unknown Test ext: ZExtUnknown { Id: 0, Mandatory: true, Encoding: "Unit" }
[2m2026-09-14T11:24:32.017907Z[0m [31mERROR[0m codec_extension ThreadId(12) [2mzenoh_codec::common::extension[0m[2m:[0m Unknown Test ext: ZExtUnknown { Id: 0, Mandatory: true, Encoding: "Unit" }
[2m2026-09-14T11:24:32.017910Z[0m [31mERROR[0m codec_extension ThreadId(12) [2mzenoh_codec::common::extension[0m[2m:[0m Unknown Test ext: ZExtUnknown { Id: 0, Mandatory: true, Encoding: "Unit" }
[2m2026-09-14T11:24:32.017913Z[0m [31mERROR[0m codec_extension ThreadId(12) [2mzenoh_codec::common::extension[0m[2m:[0m Unknown Test ext: ZExtUnknown { Id: 0, Mandatory: true, Encoding: "Unit" }
[2m2026-09-14T11:24:32.017917Z[0m [31mERROR[0m codec_extension ThreadId(12) [2mzenoh_codec::common::extension[0m[2m:[0m Unknown Test ext: ZExtUnknown { Id: 0, Mandatory: true, Encoding: "Unit" }
[2m2026-09-14T11:24:32.017920Z[0m [31mERROR[0m codec_extension ThreadId(12) [2mzenoh_codec::common::extension[0m[2m:[0m Unknown Test ext: ZExtUnknown { Id: 0, Mandatory: true, Encoding: "Unit" }
[2m2026-09-14T11:24:32.017923Z[0m [31mERROR[0m codec_extension ThreadId(12) [2mzenoh_codec::common::extension[0m[2m:[0m Unknown Test ext: ZExtUnknown { Id: 0, Mandatory: true, Encoding: "Unit" }
[2m2026-09-14T11:24:32.017926Z[0m [31mERROR[0m codec_extension ThreadId(12) [2mzenoh_codec::common::extension[0m[2m:[0m Unknown Test ext: ZExtUnknown { Id: 0, Mandatory: true, Encoding: "Unit" }
[2m2026-09-14T11:24:32.017929Z[0m [31mERROR[0m codec_extension ThreadId(12) [2mzenoh_codec::common::extension[0m[2m:[0m Unknown Test ext: ZExtUnknown { Id: 0, Mandatory: true, Encoding: "Unit" }
[2m2026-09-14T11:24:32.017931Z[0m [31mERROR[0m codec_extension ThreadId(12) [2mzenoh_codec::common::extension[0m[2m:[0m Unknown Test ext: ZExtUnknown { Id: 0, Mandatory: true, Encoding: "Unit" }
[2m2026-09-14T11:24:32.017934Z[0m [31mERROR[0m codec_extension ThreadId(12) [2mzenoh_codec::common::extension[0m[2m:[0m Unknown Test ext: ZExtUnknown { Id: 0, Mandatory: true, Encoding: "Unit" }
[2m2026-09-14T11:24:32.017937Z[0m [31mERROR[0m codec_extension ThreadId(12) [2mzenoh_codec::common::extension[0m[2m:[0m Unknown Test ext: ZExtUnknown { Id: 0, Mandatory: true, Encoding: "Unit" }
[2m2026-09-14T11:24:32.017940Z[0m [31mERROR[0m codec_extension ThreadId(12) [2mzenoh_codec::common::extension[0m[2m:[0m Unknown Test ext: ZExtUnknown { Id: 0, Mandatory: true, Encoding: "Unit" }
[2m2026-09-14T11:24:32.017943Z[0m [31mERROR[0m codec_extension ThreadId(12) [2mzenoh_codec::common::extension[0m[2m:[0m Unknown Test ext: ZExtUnknown { Id: 0, Mandatory: true, Encoding: "Unit" }
[2m2026-09-14T11:24:32.017945Z[0m [31mERROR[0m codec_extension ThreadId(12) [2mzenoh_codec::common::extension[0m[2m:[0m Unknown Test ext: ZExtUnknown { Id: 0, Mandatory: true, Encoding: "Unit" }
[2m2026-09-14T11:24:32.017948Z[0m [31mERROR[0m codec_extension ThreadId(12) [2mzenoh_codec::common::extension[0m[2m:[0m Unknown Test ext: ZExtUnknown { Id: 0, Mandatory: true, Encoding: "Unit" }
[2m2026-09-14T11:24:32.017951Z[0m [31mERROR[0m codec_extension ThreadId(12) [2mzenoh_codec::common::extension[0m[2m:[0m Unknown Test ext: ZExtUnknown { Id: 0, Mandatory: true, Encoding: "Unit" }
[2m2026-09-14T11:24:32.017954Z[0m [31mERROR[0m codec_extension ThreadId(12) [2mzenoh_codec::common::extension[0m[2m:[0m Unknown Test ext: ZExtUnknown { Id: 0, Mandatory: true, Encoding: "Unit" }
[2m2026-09-14T11:24:32.017957Z[0m [31mERROR[0m codec_extension ThreadId(12) [2mzenoh_codec::common::extension[0m[2m:[0m Unknown Test ext: ZExtUnknown { Id: 0, Mandatory: true, Encoding: "Unit" }
[2m2026-09-14T11:24:32.017959Z[0m [31mERROR[0m codec_extension ThreadId(12) [2mzenoh_codec::common::extension[0m[2m:[0m Unknown Test ext: ZExtUnknown { Id: 0, Mandatory: true, Encoding: "Unit" }
[2m2026-09-14T11:24:32.017962Z[0m [31mERROR[0m codec_extension ThreadId(12) [2mzenoh_codec::common::extension[0m[2m:[0m Unknown Test ext: ZExtUnknown { Id: 0, Mandatory: true, Encoding: "Unit" }
[2m2026-09-14T11:24:32.017965Z[0m [31mERROR[0m codec_extension ThreadId(12) [2mzenoh_codec::common::extension[0m[2m:[0m Unknown Test ext: ZExtUnknown { Id: 0, Mandatory: true, Encoding: "Unit" }
[2m2026-09-14T11:24:32.017968Z[0m [31mERROR[0m codec_extension ThreadId(12) [2mzenoh_codec::common::extension[0m[2m:[0m Unknown Test ext: ZExtUnknown { Id: 0, Mandatory: true, Encoding: "Unit" }
[2m2026-09-14T11:24:32.017971Z[0m [31mERROR[0m codec_extension ThreadId(12) [2mzenoh_codec::common::extension[0m[2m:[0m Unknown Test ext: ZExtUnknown { Id: 0, Mandatory: true, Encoding: "Unit" }
[2m2026-09-14T11:24:32.017975Z[0m [31mERROR[0m codec_extension ThreadId(12) [2mzenoh_codec::common::extension[0m[2m:[0m Unknown Test ext: ZExtUnknown { Id: 0, Mandatory: true, Encoding: "Unit" }
[2m2026-09-14T11:24:32.017978Z[0m [31mERROR[0m codec_extension ThreadId(12) [2mzenoh_codec::common::extension[0m[2m:[0m Unknown Test ext: ZExtUnknown { Id: 0, Mandatory: true, Encoding: "Unit" }
[2m2026-09-14T11:24:32.017980Z[0m [31mERROR[0m codec_extension ThreadId(12) [2mzenoh_codec::common::extension[0m[2m:[0m Unknown Test ext: ZExtUnknown { Id: 0, Mandatory: true, Encoding: "Unit" }
[2m2026-09-14T11:24:32.017983Z[0m [31mERROR[0m codec_extension ThreadId(12) [2mzenoh_codec::common::extension[0m[2m:[0m Unknown Test ext: ZExtUnknown { Id: 0, Mandatory: true, Encoding: "Unit" }
[2m2026-09-14T11:24:32.017986Z[0m [31mERROR[0m codec_extension ThreadId(12) [2mzenoh_codec::common::extension[0m[2m:[0m Unknown Test ext: ZExtUnknown { Id: 0, Mandatory: true, Encoding: "Unit" }
[2m2026-09-14T11:24:32.017989Z[0m [31mERROR[0m codec_extension ThreadId(12) [2mzenoh_codec::common::extension[0m[2m:[0m Unknown Test ext: ZExtUnknown { Id: 0, Mandatory: true, Encoding: "Unit" }
[2m2026-09-14T11:24:32.017992Z[0m [31mERROR[0m codec_extension ThreadId(12) [2mzenoh_codec::common::extension[0m[2m:[0m Unknown Test ext: ZExtUnknown { Id: 0, Mandatory: true, Encoding: "Unit" }
[2m2026-09-14T11:24:32.017994Z[0m [31mERROR[0m codec_extension ThreadId(12) [2mzenoh_codec::common::extension[0m[2m:[0m Unknown Test ext: ZExtUnknown { Id: 0, Mandatory: true, Encoding: "Unit" }
[2m2026-09-14T11:24:32.017997Z[0m [31mERROR[0m codec_extension ThreadId(12) [2mzenoh_codec::common::extension[0m[2m:[0m Unknown Test ext: ZExtUnknown { Id: 0, Mandatory: true, Encoding: "Unit" }
[2m2026-09-14T11:24:32.018000Z[0m [31mERROR[0m codec_extension ThreadId(12) [2mzenoh_codec::common::extension[0m[2m:[0m Unknown Test ext: ZExtUnknown { Id: 0, Mandatory: true, Encoding: "Unit" }
[2m2026-09-14T11:24:32.018003Z[0m [31mERROR[0m codec_extension ThreadId(12) [2mzenoh_codec::common::extension[0m[2m:[0m Unknown Test ext: ZExtUnknown { Id: 0, Mandatory: true, Encoding: "Unit" }
[2m2026-09-14T11:24:32.018005Z[0m [31mERROR[0m codec_extension ThreadId(12) [2mzenoh_codec::common::extension[0m[2m:[0m Unknown Test ext: ZExtUnknown { Id: 0, Mandatory: true, Encoding: "Unit" }
[2m2026-09-14T11:24:32.018140Z[0m [31mERROR[0m codec_extension ThreadId(12) [2mzenoh_codec::common::extension[0m[2m:[0m Unknown Test ext: ZExtUnknown { Id: 1, Mandatory: true, Encoding: "Z64", Value: 11738754495047657600 }
[2m2026-09-14T11:24:32.018144Z[0m [31mERROR[0m codec_extension ThreadId(12) [2mzenoh_codec::common::extension[0m[2m:[0m Unknown Test ext: ZExtUnknown { Id: 1, Mandatory: true, Encoding: "Z64", Value: 13150553040019943207 }
[2m2026-09-14T11:24:32.018147Z[0m [31mERROR[0m codec_extension ThreadId(12) [2mzenoh_codec::common::extension[0m[2m:[0m Unknown Test ext: ZExtUnknown { Id: 1, Mandatory: true, Encoding: "Z64", Value: 18017422799218344201 }
[2m2026-09-14T11:24:32.018151Z[0m [31mERROR[0m codec_extension ThreadId(12) [2mzenoh_codec::common::extension[0m[2m:[0m Unknown Test ext: ZExtUnknown { Id: 1, Mandatory: true, Encoding: "Z64", Value: 14506940546582306323 }
[2m2026-09-14T11:24:32.018154Z[0m [31mERROR[0m codec_extension ThreadId(12) [2mzenoh_codec::common::extension[0m[2m:[0m Unknown Test ext: ZExtUnknown { Id: 1, Mandatory: true, Encoding: "Z64", Value: 2633001622203974524 }
[2m2026-09-14T11:24:32.018157Z[0m [31mERROR[0m codec_extension ThreadId(12) [2mzenoh_codec::common::extension[0m[2m:[0m Unknown Test ext: ZExtUnknown { Id: 1, Mandatory: true, Encoding: "Z64", Value: 15488753798958428336 }
[2m2026-09-14T11:24:32.018161Z[0m [31mERROR[0m codec_extension ThreadId(12) [2mzenoh_codec::common::extension[0m[2m:[0m Unknown Test ext: ZExtUnknown { Id: 1, Mandatory: true, Encoding: "Z64", Value: 18286126605571509019 }
[2m2026-09-14T11:24:32.018165Z[0m [31mERROR[0m codec_extension ThreadId(12) [2mzenoh_codec::common::extension[0m[2m:[0m Unknown Test ext: ZExtUnknown { Id: 1, Mandatory: true, Encoding: "Z64", Value: 6380235329680819517 }
[2m2026-09-14T11:24:32.018169Z[0m [31mERROR[0m codec_extension ThreadId(12) [2mzenoh_codec::common::extension[0m[2m:[0m Unknown Test ext: ZExtUnknown { Id: 1, Mandatory: true, Encoding: "Z64", Value: 15161875551548752338 }
[2m2026-09-14T11:24:32.018172Z[0m [31mERROR[0m codec_extension ThreadId(12) [2mzenoh_codec::common::extension[0m[2m:[0m Unknown Test ext: ZExtUnknown { Id: 1, Mandatory: true, Encoding: "Z64", Value: 16489948676843545530 }
[2m2026-09-14T11:24:32.018175Z[0m [31mERROR[0m codec_extension ThreadId(12) [2mzenoh_codec::common::extension[0m[2m:[0m Unknown Test ext: ZExtUnknown { Id: 1, Mandatory: true, Encoding: "Z64", Value: 5034925533460233953 }
[2m2026-09-14T11:24:32.018179Z[0m [31mERROR[0m codec_extension ThreadId(12) [2mzenoh_codec::common::extension[0m[2m:[0m Unknown Test ext: ZExtUnknown { Id: 1, Mandatory: true, Encoding: "Z64", Value: 8717184910339250241 }
[2m2026-09-14T11:24:32.018182Z[0m [31mERROR[0m codec_extension ThreadId(12) [2mzenoh_codec::common::extension[0m[2m:[0m Unknown Test ext: ZExtUnknown { Id: 1, Mandatory: true, Encoding: "Z64", Value: 551636882606700257 }
[2m2026-09-14T11:24:32.018199Z[0m [31mERROR[0m codec_extension ThreadId(12) [2mzenoh_codec::common::extension[0m[2m:[0m Unknown Test ext: ZExtUnknown { Id: 1, Mandatory: true, Encoding: "Z64", Value: 17968370545880505444 }
[2m2026-09-14T11:24:32.018202Z[0m [31mERROR[0m codec_extension ThreadId(12) [2mzenoh_codec::common::extension[0m[2m:[0m Unknown Test ext: ZExtUnknown { Id: 1, Mandatory: true, Encoding: "Z64", Value: 4465246907327286617 }
[2m2026-09-14T11:24:32.018205Z[0m [31mERROR[0m codec_extension ThreadId(12) [2mzenoh_codec::common::extension[0m[2m:[0m Unknown Test ext: ZExtUnknown { Id: 1, Mandatory: true, Encoding: "Z64", Value: 18226698589679386985 }
[2m2026-09-14T11:24:32.018209Z[0m [31mERROR[0m codec_extension ThreadId(12) [2mzenoh_codec::common::extension[0m[2m:[0m Unknown Test ext: ZExtUnknown { Id: 1, Mandatory: true, Encoding: "Z64", Value: 18216774676702714824 }
[2m2026-09-14T11:24:32.018212Z[0m [31mERROR[0m codec_extension ThreadId(12) [2mzenoh_codec::common::extension[0m[2m:[0m Unknown Test ext: ZExtUnknown { Id: 1, Mandatory: true, Encoding: "Z64", Value: 16331615872846868245 }
[2m2026-09-14T11:24:32.018215Z[0m [31mERROR[0m codec_extension ThreadId(12) [2mzenoh_codec::common::extension[0m[2m:[0m Unknown Test ext: ZExtUnknown { Id: 1, Mandatory: true, Encoding: "Z64", Value: 18213282845014432665 }
[2m2026-09-14T11:24:32.018219Z[0m [31mERROR[0m codec_extension ThreadId(12) [2mzenoh_codec::common::extension[0m[2m:[0m Unknown Test ext: ZExtUnknown { Id: 1, Mandatory: true, Encoding: "Z64", Value: 5727176903822844843 }
[2m2026-09-14T11:24:32.018222Z[0m [31mERROR[0m codec_extension ThreadId(12) [2mzenoh_codec::common::extension[0m[2m:[0m Unknown Test ext: ZExtUnknown { Id: 1, Mandatory: true, Encoding: "Z64", Value: 15702134723095676438 }
[2m2026-09-14T11:24:32.018225Z[0m [31mERROR[0m codec_extension ThreadId(12) [2mzenoh_codec::common::extension[0m[2m:[0m Unknown Test ext: ZExtUnknown { Id: 1, Mandatory: true, Encoding: "Z64", Value: 3612281280525400772 }
[2m2026-09-14T11:24:32.018229Z[0m [31mERROR[0m codec_extension ThreadId(12) [2mzenoh_codec::common::extension[0m[2m:[0m Unknown Test ext: ZExtUnknown { Id: 1, Mandatory: true, Encoding: "Z64", Value: 8463194988887718045 }
[2m2026-09-14T11:24:32.018232Z[0m [31mERROR[0m codec_extension ThreadId(12) [2mzenoh_codec::common::extension[0m[2m:[0m Unknown Test ext: ZExtUnknown { Id: 1, Mandatory: true, Encoding: "Z64", Value: 15528930556761442528 }
[2m2026-09-14T11:24:32.018235Z[0m [31mERROR[0m codec_extension ThreadId(12) [2mzenoh_codec::common::extension[0m[2m:[0m Unknown Test ext: ZExtUnknown { Id: 1, Mandatory: true, Encoding: "Z64", Value: 11644735268382299873 }
[2m2026-09-14T11:24:32.018239Z[0m [31mERROR[0m codec_extension ThreadId(12) [2mzenoh_codec::common::extension[0m[2m:[0m Unknown Test ext: ZExtUnknown { Id: 1, Mandatory: true, Encoding: "Z64", Value: 15085818211013627598 }
[2m2026-09-14T11:24:32.018243Z[0m [31mERROR[0m codec_extension ThreadId(12) [2mzenoh_codec::common::extension[0m[2m:[0m Unknown Test ext: ZExtUnknown { Id: 1, Mandatory: true, Encoding: "Z64", Value: 17068638899289488068 }
[2m2026-09-14T11:24:32.018246Z[0m [31mERROR[0m codec_extension ThreadId(12) [2mzenoh_codec::common::extension[0m[2m:[0m Unknown Test ext: ZExtUnknown { Id: 1, Mandatory: true, Encoding: "Z64", Value: 15791004581960053511 }
[2m2026-09-14T11:24:32.018249Z[0m [31mERROR[0m codec_extension ThreadId(12) [2mzenoh_codec::common::extension[0m[2m:[0m Unknown Test ext: ZExtUnknown { Id: 1, Mandatory: true, Encoding: "Z64", Value: 18171032710115883216 }
[2m2026-09-14T11:24:32.018253Z[0m [31mERROR[0m codec_extension ThreadId(12) [2mzenoh_codec::common::extension[0m[2m:[0m Unknown Test ext: ZExtUnknown { Id: 1, Mandatory: true, Encoding: "Z64", Value: 7843400542253447110 }
[2m2026-09-14T11:24:32.018256Z[0m [31mERROR[0m codec_extension ThreadId(12) [2mzenoh_codec::common::extension[0m[2m:[0m Unknown Test ext: ZExtUnknown { Id: 1, Mandatory: true, Encoding: "Z64", Value: 17344237758698816663 }
[2m2026-09-14T11:24:32.018259Z[0m [31mERROR[0m codec_extension ThreadId(12) [2mzenoh_codec::common::extension[0m[2m:[0m Unknown Test ext: ZExtUnknown { Id: 1, Mandatory: true, Encoding: "Z64", Value: 2908202921097438460 }
[2m2026-09-14T11:24:32.018262Z[0m [31mERROR[0m codec_extension ThreadId(12) [2mzenoh_codec::common::extension[0m[2m:[0m Unknown Test ext: ZExtUnknown { Id: 1, Mandatory: true, Encoding: "Z64", Value: 9083809969719624254 }
[2m2026-09-14T11:24:32.018266Z[0m [31mERROR[0m codec_extension ThreadId(12) [2mzenoh_codec::common::extension[0m[2m:[0m Unknown Test ext: ZExtUnknown { Id: 1, Mandatory: true, Encoding: "Z64", Value: 543543207388404274 }
[2m2026-09-14T11:24:32.018282Z[0m [31mERROR[0m codec_extension ThreadId(12) [2mzenoh_codec::common::extension[0m[2m:[0m Unknown Test ext: ZExtUnknown { Id: 1, Mandatory: true, Encoding: "Z64", Value: 7323276019156757446 }
[2m2026-09-14T11:24:32.018285Z[0m [31mERROR[0m codec_extension ThreadId(12) [2mzenoh_codec::common::extension[0m[2m:[0m Unknown Test ext: ZExtUnknown { Id: 1, Mandatory: true, Encoding: "Z64", Value: 15267654925018976585 }
[2m2026-09-14T11:24:32.018289Z[0m [31mERROR[0m codec_extension ThreadId(12) [2mzenoh_codec::common::extension[0m[2m:[0m Unknown Test ext: ZExtUnknown { Id: 1, Mandatory: true, Encoding: "Z64", Value: 6095202523234981698 }
[2m2026-09-14T11:24:32.018292Z[0m [31mERROR[0m codec_extension ThreadId(12) [2mzenoh_codec::common::extension[0m[2m:[0m Unknown Test ext: ZExtUnknown { Id: 1, Mandatory: true, Encoding: "Z64", Value: 12541389915230461261 }
[2m2026-09-14T11:24:32.018296Z[0m [31mERROR[0m codec_extension ThreadId(12) [2mzenoh_codec::common::extension[0m[2m:[0m Unknown Test ext: ZExtUnknown { Id: 1, Mandatory: true, Encoding: "Z64", Value: 16461575072300422801 }
[2m2026-09-14T11:24:32.018299Z[0m [31mERROR[0m codec_extension ThreadId(12) [2mzenoh_codec::common::extension[0m[2m:[0m Unknown Test ext: ZExtUnknown { Id: 1, Mandatory: true, Encoding: "Z64", Value: 17596075228857916680 }
[2m2026-09-14T11:24:32.018302Z[0m [31mERROR[0m codec_extension ThreadId(12) [2mzenoh_codec::common::extension[0m[2m:[0m Unknown Test ext: ZExtUnknown { Id: 1, Mandatory: true, Encoding: "Z64", Value: 15234447214741766055 }
[2m2026-09-14T11:24:32.018305Z[0m [31mERROR[0m codec_extension ThreadId(12) [2mzenoh_codec::common::extension[0m[2m:[0m Unknown Test ext: ZExtUnknown { Id: 1, Mandatory: true, Encoding: "Z64", Value: 15773773215390711401 }
[2m2026-09-14T11:24:32.018309Z[0m [31mERROR[0m codec_extension ThreadId(12) [2mzenoh_codec::common::extension[0m[2m:[0m Unknown Test ext: ZExtUnknown { Id: 1, Mandatory: true, Encoding: "Z64", Value: 11866568931065186287 }
[2m2026-09-14T11:24:32.018314Z[0m [31mERROR[0m codec_extension ThreadId(12) [2mzenoh_codec::common::extension[0m[2m:[0m Unknown Test ext: ZExtUnknown { Id: 1, Mandatory: true, Encoding: "Z64", Value: 6410815762426566723 }
[2m2026-09-14T11:24:32.018317Z[0m [31mERROR[0m codec_extension ThreadId(12) [2mzenoh_codec::common::extension[0m[2m:[0m Unknown Test ext: ZExtUnknown { Id: 1, Mandatory: true, Encoding: "Z64", Value: 3808784377281045999 }
[2m2026-09-14T11:24:32.018321Z[0m [31mERROR[0m codec_extension ThreadId(12) [2mzenoh_codec::common::extension[0m[2m:[0m Unknown Test ext: ZExtUnknown { Id: 1, Mandatory: true, Encoding: "Z64", Value: 9303975205233908418 }
[2m2026-09-14T11:24:32.018324Z[0m [31mERROR[0m codec_extension ThreadId(12) [2mzenoh_codec::common::extension[0m[2m:[0m Unknown Test ext: ZExtUnknown { Id: 1, Mandatory: true, Encoding: "Z64", Value: 13771429610942805550 }
[2m2026-09-14T11:24:32.018327Z[0m [31mERROR[0m codec_extension ThreadId(12) [2mzenoh_codec::common::extension[0m[2m:[0m Unknown Test ext: ZExtUnknown { Id: 1, Mandatory: true, Encoding: "Z64", Value: 13291996612355665039 }
[2m2026-09-14T11:24:32.018330Z[0m [31mERROR[0m codec_extension ThreadId(12) [2mzenoh_codec::common::extension[0m[2m:[0m Unknown Test ext: ZExtUnknown { Id: 1, Mandatory: true, Encoding: "Z64", Value: 6025350200125820777 }
[2m2026-09-14T11:24:32.018334Z[0m [31mERROR[0m codec_extension ThreadId(12) [2mzenoh_codec::common::extension[0m[2m:[0m Unknown Test ext: ZExtUnknown { Id: 1, Mandatory: true, Encoding: "Z64", Value: 10787922373581147883 }
[2m2026-09-14T11:24:32.018337Z[0m [31mERROR[0m codec_extension ThreadId(12) [2mzenoh_codec::common::extension[0m[2m:[0m Unknown Test ext: ZExtUnknown { Id: 1, Mandatory: true, Encoding: "Z64", Value: 5047782207023800992 }
[2m2026-09-14T11:24:32.018340Z[0m [31mERROR[0m codec_extension ThreadId(12) [2mzenoh_codec::common::extension[0m[2m:[0m Unknown Test ext: ZExtUnknown { Id: 1, Mandatory: true, Encoding: "Z64", Value: 14256864051218054332 }
[2m2026-09-14T11:24:32.018344Z[0m [31mERROR[0m codec_extension ThreadId(12) [2mzenoh_codec::common::extension[0m[2m:[0m Unknown Test ext: ZExtUnknown { Id: 1, Mandatory: true, Encoding: "Z64", Value: 7405247474159114546 }
[2m2026-09-14T11:24:32.018347Z[0m [31mERROR[0m codec_extension ThreadId(12) [2mzenoh_codec::common::extension[0m[2m:[0m Unknown Test ext: ZExtUnknown { Id: 1, Mandatory: true, Encoding: "Z64", Value: 17365476108578036408 }
[2m2026-09-14T11:24:32.018350Z[0m [31mERROR[0m codec_extension ThreadId(12) [2mzenoh_codec::common::extension[0m[2m:[0m Unknown Test ext: ZExtUnknown { Id: 1, Mandatory: true, Encoding: "Z64", Value: 17464351908063408740 }
[2m2026-09-14T11:24:32.018354Z[0m [31mERROR[0m codec_extension ThreadId(12) [2mzenoh_codec::common::extension[0m[2m:[0m Unknown Test ext: ZExtUnknown { Id: 1, Mandatory: true, Encoding: "Z64", Value: 13689450522764465236 }
[2m2026-09-14T11:24:32.018371Z[0m [31mERROR[0m codec_extension ThreadId(12) [2mzenoh_codec::common::extension[0m[2m:[0m Unknown Test ext: ZExtUnknown { Id: 1, Mandatory: true, Encoding: "Z64", Value: 18301387437319129294 }
[2m2026-09-14T11:24:32.018374Z[0m [31mERROR[0m codec_extension ThreadId(12) [2mzenoh_codec::common::extension[0m[2m:[0m Unknown Test ext: ZExtUnknown { Id: 1, Mandatory: true, Encoding: "Z64", Value: 18315515238552327284 }
[2m2026-09-14T11:24:32.018377Z[0m [31mERROR[0m codec_extension ThreadId(12) [2mzenoh_codec::common::extension[0m[2m:[0m Unknown Test ext: ZExtUnknown { Id: 1, Mandatory: true, Encoding: "Z64", Value: 17863819022312193741 }
[2m2026-09-14T11:24:32.018381Z[0m [31mERROR[0m codec_extension ThreadId(12) [2mzenoh_codec::common::extension[0m[2m:[0m Unknown Test ext: ZExtUnknown { Id: 1, Mandatory: true, Encoding: "Z64", Value: 4666761272624126437 }
[2m2026-09-14T11:24:32.018385Z[0m [31mERROR[0m codec_extension ThreadId(12) [2mzenoh_codec::common::extension[0m[2m:[0m Unknown Test ext: ZExtUnknown { Id: 1, Mandatory: true, Encoding: "Z64", Value: 2752869974342522250 }
[2m2026-09-14T11:24:32.018388Z[0m [31mERROR[0m codec_extension ThreadId(12) [2mzenoh_codec::common::extension[0m[2m:[0m Unknown Test ext: ZExtUnknown { Id: 1, Mandatory: true, Encoding: "Z64", Value: 1433079449033207071 }
[2m2026-09-14T11:24:32.018392Z[0m [31mERROR[0m codec_extension ThreadId(12) [2mzenoh_codec::common::extension[0m[2m:[0m Unknown Test ext: ZExtUnknown { Id: 1, Mandatory: true, Encoding: "Z64", Value: 4122184251739692134 }
[2m2026-09-14T11:24:32.018395Z[0m [31mERROR[0m codec_extension ThreadId(12) [2mzenoh_codec::common::extension[0m[2m:[0m Unknown Test ext: ZExtUnknown { Id: 1, Mandatory: true, Encoding: "Z64", Value: 15484615312600896193 }
[2m2026-09-14T11:24:32.018398Z[0m [31mERROR[0m codec_extension ThreadId(12) [2mzenoh_codec::common::extension[0m[2m:[0m Unknown Test ext: ZExtUnknown { Id: 1, Mandatory: true, Encoding: "Z64", Value: 12120288217912079203 }
[2m2026-09-14T11:24:32.018402Z[0m [31mERROR[0m codec_extension ThreadId(12) [2mzenoh_codec::common::extension[0m[2m:[0m Unknown Test ext: ZExtUnknown { Id: 1, Mandatory: true, Encoding: "Z64", Value: 6749171463647039667 }
[2m2026-09-14T11:24:32.018405Z[0m [31mERROR[0m codec_extension ThreadId(12) [2mzenoh_codec::common::extension[0m[2m:[0m Unknown Test ext: ZExtUnknown { Id: 1, Mandatory: true, Encoding: "Z64", Value: 13120912003646199142 }
[2m2026-09-14T11:24:32.018408Z[0m [31mERROR[0m codec_extension ThreadId(12) [2mzenoh_codec::common::extension[0m[2m:[0m Unknown Test ext: ZExtUnknown { Id: 1, Mandatory: true, Encoding: "Z64", Value: 9942291601741217844 }
[2m2026-09-14T11:24:32.018411Z[0m [31mERROR[0m codec_extension ThreadId(12) [2mzenoh_codec::common::extension[0m[2m:[0m Unknown Test ext: ZExtUnknown { Id: 1, Mandatory: true, Encoding: "Z64", Value: 15170677496725826953 }
[2m2026-09-14T11:24:32.018415Z[0m [31mERROR[0m codec_extension ThreadId(12) [2mzenoh_codec::common::extension[0m[2m:[0m Unknown Test ext: ZExtUnknown { Id: 1, Mandatory: true, Encoding: "Z64", Value: 151888064514792320 }
[2m2026-09-14T11:24:32.018418Z[0m [31mERROR[0m codec_extension ThreadId(12) [2mzenoh_codec::common::extension[0m[2m:[0m Unknown Test ext: ZExtUnknown { Id: 1, Mandatory: true, Encoding: "Z64", Value: 15533908492075339742 }
[2m2026-09-14T11:24:32.018421Z[0m [31mERROR[0m codec_extension ThreadId(12) [2mzenoh_codec::common::extension[0m[2m:[0m Unknown Test ext: ZExtUnknown { Id: 1, Mandatory: true, Encoding: "Z64", Value: 11288451930864227856 }
[2m2026-09-14T11:24:32.018425Z[0m [31mERROR[0m codec_extension ThreadId(12) [2mzenoh_codec::common::extension[0m[2m:[0m Unknown Test ext: ZExtUnknown { Id: 1, Mandatory: true, Encoding: "Z64", Value: 7088880082514884817 }
[2m2026-09-14T11:24:32.018428Z[0m [31mERROR[0m codec_extension ThreadId(12) [2mzenoh_codec::common::extension[0m[2m:[0m Unknown Test ext: ZExtUnknown { Id: 1, Mandatory: true, Encoding: "Z64", Value: 16675927526089585683 }
[2m2026-09-14T11:24:32.018431Z[0m [31mERROR[0m codec_extension ThreadId(12) [2mzenoh_codec::common::extension[0m[2m:[0m Unknown Test ext: ZExtUnknown { Id: 1, Mandatory: true, Encoding: "Z64", Value: 16782537821064730187 }
[2m2026-09-14T11:24:32.018435Z[0m [31mERROR[0m codec_extension ThreadId(12) [2mzenoh_codec::common::extension[0m[2m:[0m Unknown Test ext: ZExtUnknown { Id: 1, Mandatory: true, Encoding: "Z64", Value: 9168612089953814501 }
[2m2026-09-14T11:24:32.018438Z[0m [31mERROR[0m codec_extension ThreadId(12) [2mzenoh_codec::common::extension[0m[2m:[0m Unknown Test ext: ZExtUnknown { Id: 1, Mandatory: true, Encoding: "Z64", Value: 15256342678145864038 }
[2m2026-09-14T11:24:32.018455Z[0m [31mERROR[0m codec_extension ThreadId(12) [2mzenoh_codec::common::extension[0m[2m:[0m Unknown Test ext: ZExtUnknown { Id: 1, Mandatory: true, Encoding: "Z64", Value: 3802753044151820670 }
[2m2026-09-14T11:24:32.018459Z[0m [31mERROR[0m codec_extension ThreadId(12) [2mzenoh_codec::common::extension[0m[2m:[0m Unknown Test ext: ZExtUnknown { Id: 1, Mandatory: true, Encoding: "Z64", Value: 6862918593942142319 }
[2m2026-09-14T11:24:32.018463Z[0m [31mERROR[0m codec_extension ThreadId(12) [2mzenoh_codec::common::extension[0m[2m:[0m Unknown Test ext: ZExtUnknown { Id: 1, Mandatory: true, Encoding: "Z64", Value: 5323142389721925419 }
[2m2026-09-14T11:24:32.018466Z[0m [31mERROR[0m codec_extension ThreadId(12) [2mzenoh_codec::common::extension[0m[2m:[0m Unknown Test ext: ZExtUnknown { Id: 1, Mandatory: true, Encoding: "Z64", Value: 6399858518452650228 }
[2m2026-09-14T11:24:32.018469Z[0m [31mERROR[0m codec_extension ThreadId(12) [2mzenoh_codec::common::extension[0m[2m:[0m Unknown Test ext: ZExtUnknown { Id: 1, Mandatory: true, Encoding: "Z64", Value: 8453075377702849872 }
[2m2026-09-14T11:24:32.018472Z[0m [31mERROR[0m codec_extension ThreadId(12) [2mzenoh_codec::common::extension[0m[2m:[0m Unknown Test ext: ZExtUnknown { Id: 1, Mandatory: true, Encoding: "Z64", Value: 9106520330697510423 }
[2m2026-09-14T11:24:32.018476Z[0m [31mERROR[0m codec_extension ThreadId(12) [2mzenoh_codec::common::extension[0m[2m:[0m Unknown Test ext: ZExtUnknown { Id: 1, Mandatory: true, Encoding: "Z64", Value: 4476483604098171600 }
[2m2026-09-14T11:24:32.018479Z[0m [31mERROR[0m codec_extension ThreadId(12) [2mzenoh_codec::common::extension[0m[2m:[0m Unknown Test ext: ZExtUnknown { Id: 1, Mandatory: true, Encoding: "Z64", Value: 14374244684793253269 }
[2m2026-09-14T11:24:32.018482Z[0m [31mERROR[0m codec_extension ThreadId(12) [2mzenoh_codec::common::extension[0m[2m:[0m Unknown Test ext: ZExtUnknown { Id: 1, Mandatory: true, Encoding: "Z64", Value: 8152063657111908741 }
[2m2026-09-14T11:24:32.018486Z[0m [31mERROR[0m codec_extension ThreadId(12) [2mzenoh_codec::common::extension[0m[2m:[0m Unknown Test ext: ZExtUnknown { Id: 1, Mandatory: true, Encoding: "Z64", Value: 5185756611684031294 }
[2m2026-09-14T11:24:32.018489Z[0m [31mERROR[0m codec_extension ThreadId(12) [2mzenoh_codec::common::extension[0m[2m:[0m Unknown Test ext: ZExtUnknown { Id: 1, Mandatory: true, Encoding: "Z64", Value: 16052476854519075956 }
[2m2026-09-14T11:24:32.018492Z[0m [31mERROR[0m codec_extension ThreadId(12) [2mzenoh_codec::common::extension[0m[2m:[0m Unknown Test ext: ZExtUnknown { Id: 1, Mandatory: true, Encoding: "Z64", Value: 12170907400443546189 }
[2m2026-09-14T11:24:32.018496Z[0m [31mERROR[0m codec_extension ThreadId(12) [2mzenoh_codec::common::extension[0m[2m:[0m Unknown Test ext: ZExtUnknown { Id: 1, Mandatory: true, Encoding: "Z64", Value: 7682615976250798881 }
[2m2026-09-14T11:24:32.018499Z[0m [31mERROR[0m codec_extension ThreadId(12) [2mzenoh_codec::common::extension[0m[2m:[0m Unknown Test ext: ZExtUnknown { Id: 1, Mandatory: true, Encoding: "Z64", Value: 6911295333425402912 }
[2m2026-09-14T11:24:32.018502Z[0m [31mERROR[0m codec_extension ThreadId(12) [2mzenoh_codec::common::extension[0m[2m:[0m Unknown Test ext: ZExtUnknown { Id: 1, Mandatory: true, Encoding: "Z64", Value: 5224096100917187384 }
[2m2026-09-14T11:24:32.018505Z[0m [31mERROR[0m codec_extension ThreadId(12) [2mzenoh_codec::common::extension[0m[2m:[0m Unknown Test ext: ZExtUnknown { Id: 1, Mandatory: true, Encoding: "Z64", Value: 10033307397534115012 }
[2m2026-09-14T11:24:32.018509Z[0m [31mERROR[0m codec_extension ThreadId(12) [2mzenoh_codec::common::extension[0m[2m:[0m Unknown Test ext: ZExtUnknown { Id: 1, Mandatory: true, Encoding: "Z64", Value: 13123154394955676840 }
[2m2026-09-14T11:24:32.018512Z[0m [31mERROR[0m codec_extension ThreadId(12) [2mzenoh_codec::common::extension[0m[2m:[0m Unknown Test ext: ZExtUnknown { Id: 1, Mandatory: true, Encoding: "Z64", Value: 4929857535968015183 }
[2m2026-09-14T11:24:32.018515Z[0m [31mERROR[0m codec_extension ThreadId(12) [2mzenoh_codec::common::extension[0m[2m:[0m Unknown Test ext: ZExtUnknown { Id: 1, Mandatory: true, Encoding: "Z64", Value: 10636006305248993587 }
[2m2026-09-14T11:24:32.018520Z[0m [31mERROR[0m codec_extension ThreadId(12) [2mzenoh_codec::common::extension[0m[2m:[0m Unknown Test ext: ZExtUnknown { Id: 1, Mandatory: true, Encoding: "Z64", Value: 1910261944143381131 }
[2m2026-09-14T11:24:32.018523Z[0m [31mERROR[0m codec_extension ThreadId(12) [2mzenoh_codec::common::extension[0m[2m:[0m Unknown Test ext: ZExtUnknown { Id: 1, Mandatory: true, Encoding: "Z64", Value: 8227129949139880271 }
[2m2026-09-14T11:24:32.018541Z[0m [31mERROR[0m codec_extension ThreadId(12) [2mzenoh_codec::common::extension[0m[2m:[0m Unknown Test ext: ZExtUnknown { Id: 1, Mandatory: true, Encoding: "Z64", Value: 7704225943016048158 }
[2m2026-09-14T11:24:32.018544Z[0m [31mERROR[0m codec_extension ThreadId(12) [2mzenoh_codec::common::extension[0m[2m:[0m Unknown Test ext: ZExtUnknown { Id: 1, Mandatory: true, Encoding: "Z64", Value: 2152262362411878495 }
[2m2026-09-14T11:24:32.018549Z[0m [31mERROR[0m codec_extension ThreadId(12) [2mzenoh_codec::common::extension[0m[2m:[0m Unknown Test ext: ZExtUnknown { Id: 1, Mandatory: true, Encoding: "Z64", Value: 17931180776774478067 }
[2m2026-09-14T11:24:32.018552Z[0m [31mERROR[0m codec_extension ThreadId(12) [2mzenoh_codec::common::extension[0m[2m:[0m Unknown Test ext: ZExtUnknown { Id: 1, Mandatory: true, Encoding: "Z64", Value: 18066846459533351358 }
[2m2026-09-14T11:24:32.018556Z[0m [31mERROR[0m codec_extension ThreadId(12) [2mzenoh_codec::common::extension[0m[2m:[0m Unknown Test ext: ZExtUnknown { Id: 1, Mandatory: true, Encoding: "Z64", Value: 3348446993290494382 }
[2m2026-09-14T11:24:32.018560Z[0m [31mERROR[0m codec_extension ThreadId(12) [2mzenoh_codec::common::extension[0m[2m:[0m Unknown Test ext: ZExtUnknown { Id: 1, Mandatory: true, Encoding: "Z64", Value: 8380703862107056480 }
[2m2026-09-14T11:24:32.018563Z[0m [31mERROR[0m codec_extension ThreadId(12) [2mzenoh_codec::common::extension[0m[2m:[0m Unknown Test ext: ZExtUnknown { Id: 1, Mandatory: true, Encoding: "Z64", Value: 13891981533964888567 }
[2m2026-09-14T11:24:32.018567Z[0m [31mERROR[0m codec_extension ThreadId(12) [2mzenoh_codec::common::extension[0m[2m:[0m Unknown Test ext: ZExtUnknown { Id: 1, Mandatory: true, Encoding: "Z64", Value: 13753750107994050346 }
[2m2026-09-14T11:24:32.018570Z[0m [31mERROR[0m codec_extension ThreadId(12) [2mzenoh_codec::common::extension[0m[2m:[0m Unknown Test ext: ZExtUnknown { Id: 1, Mandatory: true, Encoding: "Z64", Value: 11640942095718217618 }
[2m2026-09-14T11:24:32.018574Z[0m [31mERROR[0m codec_extension ThreadId(12) [2mzenoh_codec::common::extension[0m[2m:[0m Unknown Test ext: ZExtUnknown { Id: 1, Mandatory: true, Encoding: "Z64", Value: 1469079626460592781 }
[2m2026-09-14T11:24:32.018577Z[0m [31mERROR[0m codec_extension ThreadId(12) [2mzenoh_codec::common::extension[0m[2m:[0m Unknown Test ext: ZExtUnknown { Id: 1, Mandatory: true, Encoding: "Z64", Value: 11756160021529283393 }
[2m2026-09-14T11:24:32.018581Z[0m [31mERROR[0m codec_extension ThreadId(12) [2mzenoh_codec::common::extension[0m[2m:[0m Unknown Test ext: ZExtUnknown { Id: 1, Mandatory: true, Encoding: "Z64", Value: 12694577972290340402 }
[2m2026-09-14T11:24:32.018585Z[0m [31mERROR[0m codec_extension ThreadId(12) [2mzenoh_codec::common::extension[0m[2m:[0m Unknown Test ext: ZExtUnknown { Id: 1, Mandatory: true, Encoding: "Z64", Value: 15494786938918489983 }
[2m2026-09-14T11:24:32.018588Z[0m [31mERROR[0m codec_extension ThreadId(12) [2mzenoh_codec::common::extension[0m[2m:[0m Unknown Test ext: ZExtUnknown { Id: 1, Mandatory: true, Encoding: "Z64", Value: 3989664507034623817 }
[2m2026-09-14T11:24:32.018592Z[0m [31mERROR[0m codec_extension ThreadId(12) [2mzenoh_codec::common::extension[0m[2m:[0m Unknown Test ext: ZExtUnknown { Id: 1, Mandatory: true, Encoding: "Z64", Value: 723862532084911646 }
[2m2026-09-14T11:24:32.018595Z[0m [31mERROR[0m codec_extension ThreadId(12) [2mzenoh_codec::common::extension[0m[2m:[0m Unknown Test ext: ZExtUnknown { Id: 1, Mandatory: true, Encoding: "Z64", Value: 74556405710600617 }
[2m2026-09-14T11:24:32.018600Z[0m [31mERROR[0m codec_extension ThreadId(12) [2mzenoh_codec::common::extension[0m[2m:[0m Unknown Test ext: ZExtUnknown { Id: 1, Mandatory: true, Encoding: "Z64", Value: 5515827659252812698 }
[2m2026-09-14T11:24:32.018603Z[0m [31mERROR[0m codec_extension ThreadId(12) [2mzenoh_codec::common::extension[0m[2m:[0m Unknown Test ext: ZExtUnknown { Id: 1, Mandatory: true, Encoding: "Z64", Value: 16103214829406221496 }
[2m2026-09-14T11:24:32.018607Z[0m [31mERROR[0m codec_extension ThreadId(12) [2mzenoh_codec::common::extension[0m[2m:[0m Unknown Test ext: ZExtUnknown { Id: 1, Mandatory: true, Encoding: "Z64", Value: 11608896126643307510 }
[2m2026-09-14T11:24:32.018610Z[0m [31mERROR[0m codec_extension ThreadId(12) [2mzenoh_codec::common::extension[0m[2m:[0m Unknown Test ext: ZExtUnknown { Id: 1, Mandatory: true, Encoding: "Z64", Value: 10127451921007191589 }
[2m2026-09-14T11:24:32.018613Z[0m [31mERROR[0m codec_extension ThreadId(12) [2mzenoh_codec::common::extension[0m[2m:[0m Unknown Test ext: ZExtUnknown { Id: 1, Mandatory: true, Encoding: "Z64", Value: 3184532454524657296 }
[2m2026-09-14T11:24:32.018617Z[0m [31mERROR[0m codec_extension ThreadId(12) [2mzenoh_codec::common::extension[0m[2m:[0m Unknown Test ext: ZExtUnknown { Id: 1, Mandatory: true, Encoding: "Z64", Value: 2928446421688127715 }
[2m2026-09-14T11:24:32.018634Z[0m [31mERROR[0m codec_extension ThreadId(12) [2mzenoh_codec::common::extension[0m[2m:[0m Unknown Test ext: ZExtUnknown { Id: 1, Mandatory: true, Encoding: "Z64", Value: 15561017684171156380 }
[2m2026-09-14T11:24:32.018637Z[0m [31mERROR[0m codec_extension ThreadId(12) [2mzenoh_codec::common::extension[0m[2m:[0m Unknown Test ext: ZExtUnknown { Id: 1, Mandatory: true, Encoding: "Z64", Value: 4987549522828855842 }
[2m2026-09-14T11:24:32.018641Z[0m [31mERROR[0m codec_extension ThreadId(12) [2mzenoh_codec::common::extension[0m[2m:[0m Unknown Test ext: ZExtUnknown { Id: 1, Mandatory: true, Encoding: "Z64", Value: 17241869237547876513 }
[2m2026-09-14T11:24:32.018644Z[0m [31mERROR[0m codec_extension ThreadId(12) [2mzenoh_codec::common::extension[0m[2m:[0m Unknown Test ext: ZExtUnknown { Id: 1, Mandatory: true, Encoding: "Z64", Value: 14081882933040950888 }
[2m2026-09-14T11:24:32.018647Z[0m [31mERROR[0m codec_extension ThreadId(12) [2mzenoh_codec::common::extension[0m[2m:[0m Unknown Test ext: ZExtUnknown { Id: 1, Mandatory: true, Encoding: "Z64", Value: 2642730358191109410 }
[2m2026-09-14T11:24:32.018651Z[0m [31mERROR[0m codec_extension ThreadId(12) [2mzenoh_codec::common::extension[0m[2m:[0m Unknown Test ext: ZExtUnknown { Id: 1, Mandatory: true, Encoding: "Z64", Value: 4719722239072477513 }
[2m2026-09-14T11:24:32.018654Z[0m [31mERROR[0m codec_extension ThreadId(12) [2mzenoh_codec::common::extension[0m[2m:[0m Unknown Test ext: ZExtUnknown { Id: 1, Mandatory: true, Encoding: "Z64", Value: 12866949742019272381 }
[2m2026-09-14T11:24:32.018658Z[0m [31mERROR[0m codec_extension ThreadId(12) [2mzenoh_codec::common::extension[0m[2m:[0m Unknown Test ext: ZExtUnknown { Id: 1, Mandatory: true, Encoding: "Z64", Value: 10837649833882423045 }
[2m2026-09-14T11:24:32.018661Z[0m [31mERROR[0m codec_extension ThreadId(12) [2mzenoh_codec::common::extension[0m[2m:[0m Unknown Test ext: ZExtUnknown { Id: 1, Mandatory: true, Encoding: "Z64", Value: 16369068597372661568 }
[2m2026-09-14T11:24:32.018664Z[0m [31mERROR[0m codec_extension ThreadId(12) [2mzenoh_codec::common::extension[0m[2m:[0m Unknown Test ext: ZExtUnknown { Id: 1, Mandatory: true, Encoding: "Z64", Value: 7890370582992400018 }
[2m2026-09-14T11:24:32.018668Z[0m [31mERROR[0m codec_extension ThreadId(12) [2mzenoh_codec::common::extension[0m[2m:[0m Unknown Test ext: ZExtUnknown { Id: 1, Mandatory: true, Encoding: "Z64", Value: 2522346130712268747 }
[2m2026-09-14T11:24:32.018671Z[0m [31mERROR[0m codec_extension ThreadId(12) [2mzenoh_codec::common::extension[0m[2m:[0m Unknown Test ext: ZExtUnknown { Id: 1, Mandatory: true, Encoding: "Z64", Value: 1522059209165497559 }
[2m2026-09-14T11:24:32.018684Z[0m [31mERROR[0m codec_extension ThreadId(12) [2mzenoh_codec::common::extension[0m[2m:[0m Unknown Test ext: ZExtUnknown { Id: 1, Mandatory: true, Encoding: "Z64", Value: 9554905767916949880 }
[2m2026-09-14T11:24:32.018697Z[0m [31mERROR[0m codec_extension ThreadId(12) [2mzenoh_codec::common::extension[0m[2m:[0m Unknown Test ext: ZExtUnknown { Id: 1, Mandatory: true, Encoding: "Z64", Value: 4176735061774868983 }
[2m2026-09-14T11:24:32.018703Z[0m [31mERROR[0m codec_extension ThreadId(12) [2mzenoh_codec::common::extension[0m[2m:[0m Unknown Test ext: ZExtUnknown { Id: 1, Mandatory: true, Encoding: "Z64", Value: 11742591756482324789 }
[2m2026-09-14T11:24:32.018707Z[0m [31mERROR[0m codec_extension ThreadId(12) [2mzenoh_codec::common::extension[0m[2m:[0m Unknown Test ext: ZExtUnknown { Id: 1, Mandatory: true, Encoding: "Z64", Value: 15896221663120183316 }
[2m2026-09-14T11:24:32.018712Z[0m [31mERROR[0m codec_extension ThreadId(12) [2mzenoh_codec::common::extension[0m[2m:[0m Unknown Test ext: ZExtUnknown { Id: 1, Mandatory: true, Encoding: "Z64", Value: 2272004025333489472 }
[2m2026-09-14T11:24:32.018715Z[0m [31mERROR[0m codec_extension ThreadId(12) [2mzenoh_codec::common::extension[0m[2m:[0m Unknown Test ext: ZExtUnknown { Id: 1, Mandatory: true, Encoding: "Z64", Value: 10224812893523418204 }
[2m2026-09-14T11:24:32.018719Z[0m [31mERROR[0m codec_extension ThreadId(12) [2mzenoh_codec::common::extension[0m[2m:[0m Unknown Test ext: ZExtUnknown { Id: 1, Mandatory: true, Encoding: "Z64", Value: 16996309369422333740 }
[2m2026-09-14T11:24:32.018723Z[0m [31mERROR[0m codec_extension ThreadId(12) [2mzenoh_codec::common::extension[0m[2m:[0m Unknown Test ext: ZExtUnknown { Id: 1, Mandatory: true, Encoding: "Z64", Value: 6944832333082925853 }
[2m2026-09-14T11:24:32.018726Z[0m [31mERROR[0m codec_extension ThreadId(12) [2mzenoh_codec::common::extension[0m[2m:[0m Unknown Test ext: ZExtUnknown { Id: 1, Mandatory: true, Encoding: "Z64", Value: 12276098983077850763 }
[2m2026-09-14T11:24:32.018744Z[0m [31mERROR[0m codec_extension ThreadId(12) [2mzenoh_codec::common::extension[0m[2m:[0m Unknown Test ext: ZExtUnknown { Id: 1, Mandatory: true, Encoding: "Z64", Value: 4490255539981016517 }
[2m2026-09-14T11:24:32.018747Z[0m [31mERROR[0m codec_extension ThreadId(12) [2mzenoh_codec::common::extension[0m[2m:[0m Unknown Test ext: ZExtUnknown { Id: 1, Mandatory: true, Encoding: "Z64", Value: 4976922196681263489 }
[2m2026-09-14T11:24:32.018751Z[0m [31mERROR[0m codec_extension ThreadId(12) [2mzenoh_codec::common::extension[0m[2m:[0m Unknown Test ext: ZExtUnknown { Id: 1, Mandatory: true, Encoding: "Z64", Value: 6052313269952039289 }
[2m2026-09-14T11:24:32.018755Z[0m [31mERROR[0m codec_extension ThreadId(12) [2mzenoh_codec::common::extension[0m[2m:[0m Unknown Test ext: ZExtUnknown { Id: 1, Mandatory: true, Encoding: "Z64", Value: 15527950203407281651 }
[2m2026-09-14T11:24:32.018758Z[0m [31mERROR[0m codec_extension ThreadId(12) [2mzenoh_codec::common::extension[0m[2m:[0m Unknown Test ext: ZExtUnknown { Id: 1, Mandatory: true, Encoding: "Z64", Value: 14869041369351797679 }
[2m2026-09-14T11:24:32.018762Z[0m [31mERROR[0m codec_extension ThreadId(12) [2mzenoh_codec::common::extension[0m[2m:[0m Unknown Test ext: ZExtUnknown { Id: 1, Mandatory: true, Encoding: "Z64", Value: 17285530500976926159 }
[2m2026-09-14T11:24:32.018765Z[0m [31mERROR[0m codec_extension ThreadId(12) [2mzenoh_codec::common::extension[0m[2m:[0m Unknown Test ext: ZExtUnknown { Id: 1, Mandatory: true, Encoding: "Z64", Value: 3064989609997587899 }
[2m2026-09-14T11:24:32.018769Z[0m [31mERROR[0m codec_extension ThreadId(12) [2mzenoh_codec::common::extension[0m[2m:[0m Unknown Test ext: ZExtUnknown { Id: 1, Mandatory: true, Encoding: "Z64", Value: 9510323472070408225 }
[2m2026-09-14T11:24:32.018773Z[0m [31mERROR[0m codec_extension ThreadId(12) [2mzenoh_codec::common::extension[0m[2m:[0m Unknown Test ext: ZExtUnknown { Id: 1, Mandatory: true, Encoding: "Z64", Value: 2139386749124249473 }
[2m2026-09-14T11:24:32.018777Z[0m [31mERROR[0m codec_extension ThreadId(12) [2mzenoh_codec::common::extension[0m[2m:[0m Unknown Test ext: ZExtUnknown { Id: 1, Mandatory: true, Encoding: "Z64", Value: 6187221990197515046 }
[2m2026-09-14T11:24:32.018780Z[0m [31mERROR[0m codec_extension ThreadId(12) [2mzenoh_codec::common::extension[0m[2m:[0m Unknown Test ext: ZExtUnknown { Id: 1, Mandatory: true, Encoding: "Z64", Value: 9936524183891668732 }
[2m2026-09-14T11:24:32.018784Z[0m [31mERROR[0m codec_extension ThreadId(12) [2mzenoh_codec::common::extension[0m[2m:[0m Unknown Test ext: ZExtUnknown { Id: 1, Mandatory: true, Encoding: "Z64", Value: 7663758196119034425 }
[2m2026-09-14T11:24:32.018788Z[0m [31mERROR[0m codec_extension ThreadId(12) [2mzenoh_codec::common::extension[0m[2m:[0m Unknown Test ext: ZExtUnknown { Id: 1, Mandatory: true, Encoding: "Z64", Value: 11062242271756874537 }
[2m2026-09-14T11:24:32.018791Z[0m [31mERROR[0m codec_extension ThreadId(12) [2mzenoh_codec::common::extension[0m[2m:[0m Unknown Test ext: ZExtUnknown { Id: 1, Mandatory: true, Encoding: "Z64", Value: 7085363559422751083 }
[2m2026-09-14T11:24:32.018795Z[0m [31mERROR[0m codec_extension ThreadId(12) [2mzenoh_codec::common::extension[0m[2m:[0m Unknown Test ext: ZExtUnknown { Id: 1, Mandatory: true, Encoding: "Z64", Value: 11737627371827324662 }
[2m2026-09-14T11:24:32.018798Z[0m [31mERROR[0m codec_extension ThreadId(12) [2mzenoh_codec::common::extension[0m[2m:[0m Unknown Test ext: ZExtUnknown { Id: 1, Mandatory: true, Encoding: "Z64", Value: 7667854847409074989 }
[2m2026-09-14T11:24:32.018802Z[0m [31mERROR[0m codec_extension ThreadId(12) [2mzenoh_codec::common::extension[0m[2m:[0m Unknown Test ext: ZExtUnknown { Id: 1, Mandatory: true, Encoding: "Z64", Value: 15327536665837209458 }
[2m2026-09-14T11:24:32.018805Z[0m [31mERROR[0m codec_extension ThreadId(12) [2mzenoh_codec::common::extension[0m[2m:[0m Unknown Test ext: ZExtUnknown { Id: 1, Mandatory: true, Encoding: "Z64", Value: 7940552675115977669 }
[2m2026-09-14T11:24:32.018809Z[0m [31mERROR[0m codec_extension ThreadId(12) [2mzenoh_codec::common::extension[0m[2m:[0m Unknown Test ext: ZExtUnknown { Id: 1, Mandatory: true, Encoding: "Z64", Value: 9266480487044318411 }
[2m2026-09-14T11:24:32.018812Z[0m [31mERROR[0m codec_extension ThreadId(12) [2mzenoh_codec::common::extension[0m[2m:[0m Unknown Test ext: ZExtUnknown { Id: 1, Mandatory: true, Encoding: "Z64", Value: 2618282901232673231 }
[2m2026-09-14T11:24:32.018816Z[0m [31mERROR[0m codec_extension ThreadId(12) [2mzenoh_codec::common::extension[0m[2m:[0m Unknown Test ext: ZExtUnknown { Id: 1, Mandatory: true, Encoding: "Z64", Value: 13557509052120756386 }
[2m2026-09-14T11:24:32.018834Z[0m [31mERROR[0m codec_extension ThreadId(12) [2mzenoh_codec::common::extension[0m[2m:[0m Unknown Test ext: ZExtUnknown { Id: 1, Mandatory: true, Encoding: "Z64", Value: 11992268943853524747 }
[2m2026-09-14T11:24:32.018837Z[0m [31mERROR[0m codec_extension ThreadId(12) [2mzenoh_codec::common::extension[0m[2m:[0m Unknown Test ext: ZExtUnknown { Id: 1, Mandatory: true, Encoding: "Z64", Value: 4812808004648221465 }
[2m2026-09-14T11:24:32.018841Z[0m [31mERROR[0m codec_extension ThreadId(12) [2mzenoh_codec::common::extension[0m[2m:[0m Unknown Test ext: ZExtUnknown { Id: 1, Mandatory: true, Encoding: "Z64", Value: 2367935083572234035 }
[2m2026-09-14T11:24:32.018845Z[0m [31mERROR[0m codec_extension ThreadId(12) [2mzenoh_codec::common::extension[0m[2m:[0m Unknown Test ext: ZExtUnknown { Id: 1, Mandatory: true, Encoding: "Z64", Value: 10200516837919636717 }
[2m2026-09-14T11:24:32.018848Z[0m [31mERROR[0m codec_extension ThreadId(12) [2mzenoh_codec::common::extension[0m[2m:[0m Unknown Test ext: ZExtUnknown { Id: 1, Mandatory: true, Encoding: "Z64", Value: 11734897198647456151 }
[2m2026-09-14T11:24:32.018852Z[0m [31mERROR[0m codec_extension ThreadId(12) [2mzenoh_codec::common::extension[0m[2m:[0m Unknown Test ext: ZExtUnknown { Id: 1, Mandatory: true, Encoding: "Z64", Value: 17203623114479911994 }
[2m2026-09-14T11:24:32.018856Z[0m [31mERROR[0m codec_extension ThreadId(12) [2mzenoh_codec::common::extension[0m[2m:[0m Unknown Test ext: ZExtUnknown { Id: 1, Mandatory: true, Encoding: "Z64", Value: 12881842160567804125 }
[2m2026-09-14T11:24:32.018859Z[0m [31mERROR[0m codec_extension ThreadId(12) [2mzenoh_codec::common::extension[0m[2m:[0m Unknown Test ext: ZExtUnknown { Id: 1, Mandatory: true, Encoding: "Z64", Value: 9717898950394620364 }
[2m2026-09-14T11:24:32.018862Z[0m [31mERROR[0m codec_extension ThreadId(12) [2mzenoh_codec::common::extension[0m[2m:[0m Unknown Test ext: ZExtUnknown { Id: 1, Mandatory: true, Encoding: "Z64", Value: 3298627548189796374 }
[2m2026-09-14T11:24:32.018866Z[0m [31mERROR[0m codec_extension ThreadId(12) [2mzenoh_codec::common::extension[0m[2m:[0m Unknown Test ext: ZExtUnknown { Id: 1, Mandatory: true, Encoding: "Z64", Value: 1823527383404346656 }
[2m2026-09-14T11:24:32.018869Z[0m [31mERROR[0m codec_extension ThreadId(12) [2mzenoh_codec::common::extension[0m[2m:[0m Unknown Test ext: ZExtUnknown { Id: 1, Mandatory: true, Encoding: "Z64", Value: 12949269644230234706 }
[2m2026-09-14T11:24:32.018872Z[0m [31mERROR[0m codec_extension ThreadId(12) [2mzenoh_codec::common::extension[0m[2m:[0m Unknown Test ext: ZExtUnknown { Id: 1, Mandatory: true, Encoding: "Z64", Value: 15683051940198087292 }
[2m2026-09-14T11:24:32.018876Z[0m [31mERROR[0m codec_extension ThreadId(12) [2mzenoh_codec::common::extension[0m[2m:[0m Unknown Test ext: ZExtUnknown { Id: 1, Mandatory: true, Encoding: "Z64", Value: 9791841295640678330 }
[2m2026-09-14T11:24:32.018879Z[0m [31mERROR[0m codec_extension ThreadId(12) [2mzenoh_codec::common::extension[0m[2m:[0m Unknown Test ext: ZExtUnknown { Id: 1, Mandatory: true, Encoding: "Z64", Value: 4936241057720409346 }
[2m2026-09-14T11:24:32.018882Z[0m [31mERROR[0m codec_extension ThreadId(12) [2mzenoh_codec::common::extension[0m[2m:[0m Unknown Test ext: ZExtUnknown { Id: 1, Mandatory: true, Encoding: "Z64", Value: 2289674628016816940 }
[2m2026-09-14T11:24:32.018886Z[0m [31mERROR[0m codec_extension ThreadId(12) [2mzenoh_codec::common::extension[0m[2m:[0m Unknown Test ext: ZExtUnknown { Id: 1, Mandatory: true, Encoding: "Z64", Value: 131479709590782676 }
[2m2026-09-14T11:24:32.018889Z[0m [31mERROR[0m codec_extension ThreadId(12) [2mzenoh_codec::common::extension[0m[2m:[0m Unknown Test ext: ZExtUnknown { Id: 1, Mandatory: true, Encoding: "Z64", Value: 3661532642645447541 }
[2m2026-09-14T11:24:32.018892Z[0m [31mERROR[0m codec_extension ThreadId(12) [2mzenoh_codec::common::extension[0m[2m:[0m Unknown Test ext: ZExtUnknown { Id: 1, Mandatory: true, Encoding: "Z64", Value: 17441429694964312182 }
[2m2026-09-14T11:24:32.018896Z[0m [31mERROR[0m codec_extension ThreadId(12) [2mzenoh_codec::common::extension[0m[2m:[0m Unknown Test ext: ZExtUnknown { Id: 1, Mandatory: true, Encoding: "Z64", Value: 13763308946175061660 }
[2m2026-09-14T11:24:32.018899Z[0m [31mERROR[0m codec_extension ThreadId(12) [2mzenoh_codec::common::extension[0m[2m:[0m Unknown Test ext: ZExtUnknown { Id: 1, Mandatory: true, Encoding: "Z64", Value: 11969418801753755124 }
[2m2026-09-14T11:24:32.018902Z[0m [31mERROR[0m codec_extension ThreadId(12) [2mzenoh_codec::common::extension[0m[2m:[0m Unknown Test ext: ZExtUnknown { Id: 1, Mandatory: true, Encoding: "Z64", Value: 7512076200071184746 }
[2m2026-09-14T11:24:32.018906Z[0m [31mERROR[0m codec_extension ThreadId(12) [2mzenoh_codec::common::extension[0m[2m:[0m Unknown Test ext: ZExtUnknown { Id: 1, Mandatory: true, Encoding: "Z64", Value: 1571487372245915256 }
[2m2026-09-14T11:24:32.018922Z[0m [31mERROR[0m codec_extension ThreadId(12) [2mzenoh_codec::common::extension[0m[2m:[0m Unknown Test ext: ZExtUnknown { Id: 1, Mandatory: true, Encoding: "Z64", Value: 5019757619198288809 }
[2m2026-09-14T11:24:32.018927Z[0m [31mERROR[0m codec_extension ThreadId(12) [2mzenoh_codec::common::extension[0m[2m:[0m Unknown Test ext: ZExtUnknown { Id: 1, Mandatory: true, Encoding: "Z64", Value: 9840243693131140508 }
[2m2026-09-14T11:24:32.018930Z[0m [31mERROR[0m codec_extension ThreadId(12) [2mzenoh_codec::common::extension[0m[2m:[0m Unknown Test ext: ZExtUnknown { Id: 1, Mandatory: true, Encoding: "Z64", Value: 16305706004771719990 }
[2m2026-09-14T11:24:32.018934Z[0m [31mERROR[0m codec_extension ThreadId(12) [2mzenoh_codec::common::extension[0m[2m:[0m Unknown Test ext: ZExtUnknown { Id: 1, Mandatory: true, Encoding: "Z64", Value: 12555981673238296532 }
[2m2026-09-14T11:24:32.018939Z[0m [31mERROR[0m codec_extension ThreadId(12) [2mzenoh_codec::common::extension[0m[2m:[0m Unknown Test ext: ZExtUnknown { Id: 1, Mandatory: true, Encoding: "Z64", Value: 10717557358334612357 }
[2m2026-09-14T11:24:32.018943Z[0m [31mERROR[0m codec_extension ThreadId(12) [2mzenoh_codec::common::extension[0m[2m:[0m Unknown Test ext: ZExtUnknown { Id: 1, Mandatory: true, Encoding: "Z64", Value: 2505193682305258269 }
[2m2026-09-14T11:24:32.018947Z[0m [31mERROR[0m codec_extension ThreadId(12) [2mzenoh_codec::common::extension[0m[2m:[0m Unknown Test ext: ZExtUnknown { Id: 1, Mandatory: true, Encoding: "Z64", Value: 5333875492654272740 }
[2m2026-09-14T11:24:32.018952Z[0m [31mERROR[0m codec_extension ThreadId(12) [2mzenoh_codec::common::extension[0m[2m:[0m Unknown Test ext: ZExtUnknown { Id: 1, Mandatory: true, Encoding: "Z64", Value: 10487073815158111561 }
[2m2026-09-14T11:24:32.018956Z[0m [31mERROR[0m codec_extension ThreadId(12) [2mzenoh_codec::common::extension[0m[2m:[0m Unknown Test ext: ZExtUnknown { Id: 1, Mandatory: true, Encoding: "Z64", Value: 5880796316846052702 }
[2m2026-09-14T11:24:32.018959Z[0m [31mERROR[0m codec_extension ThreadId(12) [2mzenoh_codec::common::extension[0m[2m:[0m Unknown Test ext: ZExtUnknown { Id: 1, Mandatory: true, Encoding: "Z64", Value: 13198192079097100788 }
[2m2026-09-14T11:24:32.018963Z[0m [31mERROR[0m codec_extension ThreadId(12) [2mzenoh_codec::common::extension[0m[2m:[0m Unknown Test ext: ZExtUnknown { Id: 1, Mandatory: true, Encoding: "Z64", Value: 12385719188109607141 }
[2m2026-09-14T11:24:32.018966Z[0m [31mERROR[0m codec_extension ThreadId(12) [2mzenoh_codec::common::extension[0m[2m:[0m Unknown Test ext: ZExtUnknown { Id: 1, Mandatory: true, Encoding: "Z64", Value: 17395954512768501846 }
[2m2026-09-14T11:24:32.018970Z[0m [31mERROR[0m codec_extension ThreadId(12) [2mzenoh_codec::common::extension[0m[2m:[0m Unknown Test ext: ZExtUnknown { Id: 1, Mandatory: true, Encoding: "Z64", Value: 9143258060622735604 }
[2m2026-09-14T11:24:32.018973Z[0m [31mERROR[0m codec_extension ThreadId(12) [2mzenoh_codec::common::extension[0m[2m:[0m Unknown Test ext: ZExtUnknown { Id: 1, Mandatory: true, Encoding: "Z64", Value: 17318956854196059499 }
[2m2026-09-14T11:24:32.018977Z[0m [31mERROR[0m codec_extension ThreadId(12) [2mzenoh_codec::common::extension[0m[2m:[0m Unknown Test ext: ZExtUnknown { Id: 1, Mandatory: true, Encoding: "Z64", Value: 8857863132077858385 }
[2m2026-09-14T11:24:32.018981Z[0m [31mERROR[0m codec_extension ThreadId(12) [2mzenoh_codec::common::extension[0m[2m:[0m Unknown Test ext: ZExtUnknown { Id: 1, Mandatory: true, Encoding: "Z64", Value: 16793203036096241860 }
[2m2026-09-14T11:24:32.018986Z[0m [31mERROR[0m codec_extension ThreadId(12) [2mzenoh_codec::common::extension[0m[2m:[0m Unknown Test ext: ZExtUnknown { Id: 1, Mandatory: true, Encoding: "Z64", Value: 18405444913563191324 }
[2m2026-09-14T11:24:32.018990Z[0m [31mERROR[0m codec_extension ThreadId(12) [2mzenoh_codec::common::extension[0m[2m:[0m Unknown Test ext: ZExtUnknown { Id: 1, Mandatory: true, Encoding: "Z64", Value: 6867214808147860652 }
[2m2026-09-14T11:24:32.018994Z[0m [31mERROR[0m codec_extension ThreadId(12) [2mzenoh_codec::common::extension[0m[2m:[0m Unknown Test ext: ZExtUnknown { Id: 1, Mandatory: true, Encoding: "Z64", Value: 11092221381977099136 }
[2m2026-09-14T11:24:32.018999Z[0m [31mERROR[0m codec_extension ThreadId(12) [2mzenoh_codec::common::extension[0m[2m:[0m Unknown Test ext: ZExtUnknown { Id: 1, Mandatory: true, Encoding: "Z64", Value: 810525850409739901 }
[2m2026-09-14T11:24:32.019003Z[0m [31mERROR[0m codec_extension ThreadId(12) [2mzenoh_codec::common::extension[0m[2m:[0m Unknown Test ext: ZExtUnknown { Id: 1, Mandatory: true, Encoding: "Z64", Value: 1690430590184110833 }
[2m2026-09-14T11:24:32.019022Z[0m [31mERROR[0m codec_extension ThreadId(12) [2mzenoh_codec::common::extension[0m[2m:[0m Unknown Test ext: ZExtUnknown { Id: 1, Mandatory: true, Encoding: "Z64", Value: 8178092061156268246 }
[2m2026-09-14T11:24:32.019025Z[0m [31mERROR[0m codec_extension ThreadId(12) [2mzenoh_codec::common::extension[0m[2m:[0m Unknown Test ext: ZExtUnknown { Id: 1, Mandatory: true, Encoding: "Z64", Value: 3259479595516787125 }
[2m2026-09-14T11:24:32.019029Z[0m [31mERROR[0m codec_extension ThreadId(12) [2mzenoh_codec::common::extension[0m[2m:[0m Unknown Test ext: ZExtUnknown { Id: 1, Mandatory: true, Encoding: "Z64", Value: 5096451585195421369 }
[2m2026-09-14T11:24:32.019033Z[0m [31mERROR[0m codec_extension ThreadId(12) [2mzenoh_codec::common::extension[0m[2m:[0m Unknown Test ext: ZExtUnknown { Id: 1, Mandatory: true, Encoding: "Z64", Value: 9896342308725941322 }
[2m2026-09-14T11:24:32.019036Z[0m [31mERROR[0m codec_extension ThreadId(12) [2mzenoh_codec::common::extension[0m[2m:[0m Unknown Test ext: ZExtUnknown { Id: 1, Mandatory: true, Encoding: "Z64", Value: 14056642013514278280 }
[2m2026-09-14T11:24:32.019040Z[0m [31mERROR[0m codec_extension ThreadId(12) [2mzenoh_codec::common::extension[0m[2m:[0m Unknown Test ext: ZExtUnknown { Id: 1, Mandatory: true, Encoding: "Z64", Value: 1428463744885107866 }
[2m2026-09-14T11:24:32.019043Z[0m [31mERROR[0m codec_extension ThreadId(12) [2mzenoh_codec::common::extension[0m[2m:[0m Unknown Test ext: ZExtUnknown { Id: 1, Mandatory: true, Encoding: "Z64", Value: 4084308777840602129 }
[2m2026-09-14T11:24:32.019047Z[0m [31mERROR[0m codec_extension ThreadId(12) [2mzenoh_codec::common::extension[0m[2m:[0m Unknown Test ext: ZExtUnknown { Id: 1, Mandatory: true, Encoding: "Z64", Value: 18114681749775185145 }
[2m2026-09-14T11:24:32.019050Z[0m [31mERROR[0m codec_extension ThreadId(12) [2mzenoh_codec::common::extension[0m[2m:[0m Unknown Test ext: ZExtUnknown { Id: 1, Mandatory: true, Encoding: "Z64", Value: 8335308695455104383 }
[2m2026-09-14T11:24:32.019054Z[0m [31mERROR[0m codec_extension ThreadId(12) [2mzenoh_codec::common::extension[0m[2m:[0m Unknown Test ext: ZExtUnknown { Id: 1, Mandatory: true, Encoding: "Z64", Value: 8576170117894993560 }
[2m2026-09-14T11:24:32.019057Z[0m [31mERROR[0m codec_extension ThreadId(12) [2mzenoh_codec::common::extension[0m[2m:[0m Unknown Test ext: ZExtUnknown { Id: 1, Mandatory: true, Encoding: "Z64", Value: 645347480468553979 }
[2m2026-09-14T11:24:32.019061Z[0m [31mERROR[0m codec_extension ThreadId(12) [2mzenoh_codec::common::extension[0m[2m:[0m Unknown Test ext: ZExtUnknown { Id: 1, Mandatory: true, Encoding: "Z64", Value: 17565206382589846387 }
[2m2026-09-14T11:24:32.019064Z[0m [31mERROR[0m codec_extension ThreadId(12) [2mzenoh_codec::common::extension[0m[2m:[0m Unknown Test ext: ZExtUnknown { Id: 1, Mandatory: true, Encoding: "Z64", Value: 14575461715305359645 }
[2m2026-09-14T11:24:32.019069Z[0m [31mERROR[0m codec_extension ThreadId(12) [2mzenoh_codec::common::extension[0m[2m:[0m Unknown Test ext: ZExtUnknown { Id: 1, Mandatory: true, Encoding: "Z64", Value: 15267645809726729218 }
[2m2026-09-14T11:24:32.019072Z[0m [31mERROR[0m codec_extension ThreadId(12) [2mzenoh_codec::common::extension[0m[2m:[0m Unknown Test ext: ZExtUnknown { Id: 1, Mandatory: true, Encoding: "Z64", Value: 7896576858945432773 }
[2m2026-09-14T11:24:32.019081Z[0m [31mERROR[0m codec_extension ThreadId(12) [2mzenoh_codec::common::extension[0m[2m:[0m Unknown Test ext: ZExtUnknown { Id: 1, Mandatory: true, Encoding: "Z64", Value: 3079357476834953008 }
[2m2026-09-14T11:24:32.019085Z[0m [31mERROR[0m codec_extension ThreadId(12) [2mzenoh_codec::common::extension[0m[2m:[0m Unknown Test ext: ZExtUnknown { Id: 1, Mandatory: true, Encoding: "Z64", Value: 6213827200867845192 }
[2m2026-09-14T11:24:32.019089Z[0m [31mERROR[0m codec_extension ThreadId(12) [2mzenoh_codec::common::extension[0m[2m:[0m Unknown Test ext: ZExtUnknown { Id: 1, Mandatory: true, Encoding: "Z64", Value: 15238040520833468865 }
[2m2026-09-14T11:24:32.019092Z[0m [31mERROR[0m codec_extension ThreadId(12) [2mzenoh_codec::common::extension[0m[2m:[0m Unknown Test ext: ZExtUnknown { Id: 1, Mandatory: true, Encoding: "Z64", Value: 6893562098236917505 }
[2m2026-09-14T11:24:32.019096Z[0m [31mERROR[0m codec_extension ThreadId(12) [2mzenoh_codec::common::extension[0m[2m:[0m Unknown Test ext: ZExtUnknown { Id: 1, Mandatory: true, Encoding: "Z64", Value: 1030748908351495794 }
[2m2026-09-14T11:24:32.019099Z[0m [31mERROR[0m codec_extension ThreadId(12) [2mzenoh_codec::common::extension[0m[2m:[0m Unknown Test ext: ZExtUnknown { Id: 1, Mandatory: true, Encoding: "Z64", Value: 17507119793149203046 }
[2m2026-09-14T11:24:32.019116Z[0m [31mERROR[0m codec_extension ThreadId(12) [2mzenoh_codec::common::extension[0m[2m:[0m Unknown Test ext: ZExtUnknown { Id: 1, Mandatory: true, Encoding: "Z64", Value: 3564020224100095617 }
[2m2026-09-14T11:24:32.019120Z[0m [31mERROR[0m codec_extension ThreadId(12) [2mzenoh_codec::common::extension[0m[2m:[0m Unknown Test ext: ZExtUnknown { Id: 1, Mandatory: true, Encoding: "Z64", Value: 11991655239381786939 }
[2m2026-09-14T11:24:32.019123Z[0m [31mERROR[0m codec_extension ThreadId(12) [2mzenoh_codec::common::extension[0m[2m:[0m Unknown Test ext: ZExtUnknown { Id: 1, Mandatory: true, Encoding: "Z64", Value: 6101769637631990702 }
[2m2026-09-14T11:24:32.019126Z[0m [31mERROR[0m codec_extension ThreadId(12) [2mzenoh_codec::common::extension[0m[2m:[0m Unknown Test ext: ZExtUnknown { Id: 1, Mandatory: true, Encoding: "Z64", Value: 15076414787909987508 }
[2m2026-09-14T11:24:32.019130Z[0m [31mERROR[0m codec_extension ThreadId(12) [2mzenoh_codec::common::extension[0m[2m:[0m Unknown Test ext: ZExtUnknown { Id: 1, Mandatory: true, Encoding: "Z64", Value: 3205874326316730189 }
[2m2026-09-14T11:24:32.019133Z[0m [31mERROR[0m codec_extension ThreadId(12) [2mzenoh_codec::common::extension[0m[2m:[0m Unknown Test ext: ZExtUnknown { Id: 1, Mandatory: true, Encoding: "Z64", Value: 5552950921372982678 }
[2m2026-09-14T11:24:32.019136Z[0m [31mERROR[0m codec_extension ThreadId(12) [2mzenoh_codec::common::extension[0m[2m:[0m Unknown Test ext: ZExtUnknown { Id: 1, Mandatory: true, Encoding: "Z64", Value: 15858394898737082632 }
[2m2026-09-14T11:24:32.019139Z[0m [31mERROR[0m codec_extension ThreadId(12) [2mzenoh_codec::common::extension[0m[2m:[0m Unknown Test ext: ZExtUnknown { Id: 1, Mandatory: true, Encoding: "Z64", Value: 13439573881562695522 }
[2m2026-09-14T11:24:32.019143Z[0m [31mERROR[0m codec_extension ThreadId(12) [2mzenoh_codec::common::extension[0m[2m:[0m Unknown Test ext: ZExtUnknown { Id: 1, Mandatory: true, Encoding: "Z64", Value: 5817655209208017911 }
[2m2026-09-14T11:24:32.019146Z[0m [31mERROR[0m codec_extension ThreadId(12) [2mzenoh_codec::common::extension[0m[2m:[0m Unknown Test ext: ZExtUnknown { Id: 1, Mandatory: true, Encoding: "Z64", Value: 14405406765052983659 }
[2m2026-09-14T11:24:32.019149Z[0m [31mERROR[0m codec_extension ThreadId(12) [2mzenoh_codec::common::extension[0m[2m:[0m Unknown Test ext: ZExtUnknown { Id: 1, Mandatory: true, Encoding: "Z64", Value: 18272690691576819221 }
[2m2026-09-14T11:24:32.019152Z[0m [31mERROR[0m codec_extension ThreadId(12) [2mzenoh_codec::common::extension[0m[2m:[0m Unknown Test ext: ZExtUnknown { Id: 1, Mandatory: true, Encoding: "Z64", Value: 4833224868134906460 }
[2m2026-09-14T11:24:32.019157Z[0m [31mERROR[0m codec_extension ThreadId(12) [2mzenoh_codec::common::extension[0m[2m:[0m Unknown Test ext: ZExtUnknown { Id: 1, Mandatory: true, Encoding: "Z64", Value: 5881593103477744949 }
[2m2026-09-14T11:24:32.019160Z[0m [31mERROR[0m codec_extension ThreadId(12) [2mzenoh_codec::common::extension[0m[2m:[0m Unknown Test ext: ZExtUnknown { Id: 1, Mandatory: true, Encoding: "Z64", Value: 9568127192653669663 }
[2m2026-09-14T11:24:32.019163Z[0m [31mERROR[0m codec_extension ThreadId(12) [2mzenoh_codec::common::extension[0m[2m:[0m Unknown Test ext: ZExtUnknown { Id: 1, Mandatory: true, Encoding: "Z64", Value: 991940423831754289 }
[2m2026-09-14T11:24:32.019167Z[0m [31mERROR[0m codec_extension ThreadId(12) [2mzenoh_codec::common::extension[0m[2m:[0m Unknown Test ext: ZExtUnknown { Id: 1, Mandatory: true, Encoding: "Z64", Value: 10054820792811139420 }
[2m2026-09-14T11:24:32.019170Z[0m [31mERROR[0m codec_extension ThreadId(12) [2mzenoh_codec::common::extension[0m[2m:[0m Unknown Test ext: ZExtUnknown { Id: 1, Mandatory: true, Encoding: "Z64", Value: 12441851132305237500 }
[2m2026-09-14T11:24:32.019173Z[0m [31mERROR[0m codec_extension ThreadId(12) [2mzenoh_codec::common::extension[0m[2m:[0m Unknown Test ext: ZExtUnknown { Id: 1, Mandatory: true, Encoding: "Z64", Value: 16321462695631904697 }
[2m2026-09-14T11:24:32.019176Z[0m [31mERROR[0m codec_extension ThreadId(12) [2mzenoh_codec::common::extension[0m[2m:[0m Unknown Test ext: ZExtUnknown { Id: 1, Mandatory: true, Encoding: "Z64", Value: 9417817276152012471 }
[2m2026-09-14T11:24:32.019179Z[0m [31mERROR[0m codec_extension ThreadId(12) [2mzenoh_codec::common::extension[0m[2m:[0m Unknown Test ext: ZExtUnknown { Id: 1, Mandatory: true, Encoding: "Z64", Value: 4496905545360688443 }
[2m2026-09-14T11:24:32.019183Z[0m [31mERROR[0m codec_extension ThreadId(12) [2mzenoh_codec::common::extension[0m[2m:[0m Unknown Test ext: ZExtUnknown { Id: 1, Mandatory: true, Encoding: "Z64", Value: 2062876018431644670 }
[2m2026-09-14T11:24:32.019186Z[0m [31mERROR[0m codec_extension ThreadId(12) [2mzenoh_codec::common::extension[0m[2m:[0m Unknown Test ext: ZExtUnknown { Id: 1, Mandatory: true, Encoding: "Z64", Value: 5533221304700465265 }
[2m2026-09-14T11:24:32.019202Z[0m [31mERROR[0m codec_extension ThreadId(12) [2mzenoh_codec::common::extension[0m[2m:[0m Unknown Test ext: ZExtUnknown { Id: 1, Mandatory: true, Encoding: "Z64", Value: 9005552802494239125 }
[2m2026-09-14T11:24:32.019206Z[0m [31mERROR[0m codec_extension ThreadId(12) [2mzenoh_codec::common::extension[0m[2m:[0m Unknown Test ext: ZExtUnknown { Id: 1, Mandatory: true, Encoding: "Z64", Value: 3812585666976061602 }
[2m2026-09-14T11:24:32.019209Z[0m [31mERROR[0m codec_extension ThreadId(12) [2mzenoh_codec::common::extension[0m[2m:[0m Unknown Test ext: ZExtUnknown { Id: 1, Mandatory: true, Encoding: "Z64", Value: 3107006060777634047 }
[2m2026-09-14T11:24:32.019212Z[0m [31mERROR[0m codec_extension ThreadId(12) [2mzenoh_codec::common::extension[0m[2m:[0m Unknown Test ext: ZExtUnknown { Id: 1, Mandatory: true, Encoding: "Z64", Value: 18236335570609764933 }
[2m2026-09-14T11:24:32.019215Z[0m [31mERROR[0m codec_extension ThreadId(12) [2mzenoh_codec::common::extension[0m[2m:[0m Unknown Test ext: ZExtUnknown { Id: 1, Mandatory: true, Encoding: "Z64", Value: 344701989618940030 }
[2m2026-09-14T11:24:32.019219Z[0m [31mERROR[0m codec_extension ThreadId(12) [2mzenoh_codec::common::extension[0m[2m:[0m Unknown Test ext: ZExtUnknown { Id: 1, Mandatory: true, Encoding: "Z64", Value: 10109252323469579634 }
[2m2026-09-14T11:24:32.019222Z[0m [31mERROR[0m codec_extension ThreadId(12) [2mzenoh_codec::common::extension[0m[2m:[0m Unknown Test ext: ZExtUnknown { Id: 1, Mandatory: true, Encoding: "Z64", Value: 8192066927318171136 }
[2m2026-09-14T11:24:32.019226Z[0m [31mERROR[0m codec_extension ThreadId(12) [2mzenoh_codec::common::extension[0m[2m:[0m Unknown Test ext: ZExtUnknown { Id: 1, Mandatory: true, Encoding: "Z64", Value: 10526182022527722138 }
[2m2026-09-14T11:24:32.019230Z[0m [31mERROR[0m codec_extension ThreadId(12) [2mzenoh_codec::common::extension[0m[2m:[0m Unknown Test ext: ZExtUnknown { Id: 1, Mandatory: true, Encoding: "Z64", Value: 6102004316363261338 }
[2m2026-09-14T11:24:32.019234Z[0m [31mERROR[0m codec_extension ThreadId(12) [2mzenoh_codec::common::extension[0m[2m:[0m Unknown Test ext: ZExtUnknown { Id: 1, Mandatory: true, Encoding: "Z64", Value: 10699381478069188789 }
[2m2026-09-14T11:24:32.019237Z[0m [31mERROR[0m codec_extension ThreadId(12) [2mzenoh_codec::common::extension[0m[2m:[0m Unknown Test ext: ZExtUnknown { Id: 1, Mandatory: true, Encoding: "Z64", Value: 2109849241282170939 }
[2m2026-09-14T11:24:32.019241Z[0m [31mERROR[0m codec_extension ThreadId(12) [2mzenoh_codec::common::extension[0m[2m:[0m Unknown Test ext: ZExtUnknown { Id: 1, Mandatory: true, Encoding: "Z64", Value: 4868564736825397060 }
[2m2026-09-14T11:24:32.019244Z[0m [31mERROR[0m codec_extension ThreadId(12) [2mzenoh_codec::common::extension[0m[2m:[0m Unknown Test ext: ZExtUnknown { Id: 1, Mandatory: true, Encoding: "Z64", Value: 11634308351093327743 }
[2m2026-09-14T11:24:32.019248Z[0m [31mERROR[0m codec_extension ThreadId(12) [2mzenoh_codec::common::extension[0m[2m:[0m Unknown Test ext: ZExtUnknown { Id: 1, Mandatory: true, Encoding: "Z64", Value: 6440682056447993517 }
[2m2026-09-14T11:24:32.019251Z[0m [31mERROR[0m codec_extension ThreadId(12) [2mzenoh_codec::common::extension[0m[2m:[0m Unknown Test ext: ZExtUnknown { Id: 1, Mandatory: true, Encoding: "Z64", Value: 9860712283874004880 }
[2m2026-09-14T11:24:32.019254Z[0m [31mERROR[0m codec_extension ThreadId(12) [2mzenoh_codec::common::extension[0m[2m:[0m Unknown Test ext: ZExtUnknown { Id: 1, Mandatory: true, Encoding: "Z64", Value: 15927951950214821188 }
[2m2026-09-14T11:24:32.019258Z[0m [31mERROR[0m codec_extension ThreadId(12) [2mzenoh_codec::common::extension[0m[2m:[0m Unknown Test ext: ZExtUnknown { Id: 1, Mandatory: true, Encoding: "Z64", Value: 13739960774290544499 }
[2m2026-09-14T11:24:32.019261Z[0m [31mERROR[0m codec_extension ThreadId(12) [2mzenoh_codec::common::extension[0m[2m:[0m Unknown Test ext: ZExtUnknown { Id: 1, Mandatory: true, Encoding: "Z64", Value: 13559771558181439202 }
[2m2026-09-14T11:24:32.019265Z[0m [31mERROR[0m codec_extension ThreadId(12) [2mzenoh_codec::common::extension[0m[2m:[0m Unknown Test ext: ZExtUnknown { Id: 1, Mandatory: true, Encoding: "Z64", Value: 2659862344102125104 }
[2m2026-09-14T11:24:32.019268Z[0m [31mERROR[0m codec_extension ThreadId(12) [2mzenoh_codec::common::extension[0m[2m:[0m Unknown Test ext: ZExtUnknown { Id: 1, Mandatory: true, Encoding: "Z64", Value: 5370346677400542251 }
[2m2026-09-14T11:24:32.019272Z[0m [31mERROR[0m codec_extension ThreadId(12) [2mzenoh_codec::common::extension[0m[2m:[0m Unknown Test ext: ZExtUnknown { Id: 1, Mandatory: true, Encoding: "Z64", Value: 5685551747678686267 }
[2m2026-09-14T11:24:32.019290Z[0m [31mERROR[0m codec_extension ThreadId(12) [2mzenoh_codec::common::extension[0m[2m:[0m Unknown Test ext: ZExtUnknown { Id: 1, Mandatory: true, Encoding: "Z64", Value: 15430398755703346318 }
[2m2026-09-14T11:24:32.019293Z[0m [31mERROR[0m codec_extension ThreadId(12) [2mzenoh_codec::common::extension[0m[2m:[0m Unknown Test ext: ZExtUnknown { Id: 1, Mandatory: true, Encoding: "Z64", Value: 1390939485039174340 }
[2m2026-09-14T11:24:32.019297Z[0m [31mERROR[0m codec_extension ThreadId(12) [2mzenoh_codec::common::extension[0m[2m:[0m Unknown Test ext: ZExtUnknown { Id: 1, Mandatory: true, Encoding: "Z64", Value: 1946313647892076665 }
[2m2026-09-14T11:24:32.019300Z[0m [31mERROR[0m codec_extension ThreadId(12) [2mzenoh_codec::common::extension[0m[2m:[0m Unknown Test ext: ZExtUnknown { Id: 1, Mandatory: true, Encoding: "Z64", Value: 9129702388676182502 }
[2m2026-09-14T11:24:32.019304Z[0m [31mERROR[0m codec_extension ThreadId(12) [2mzenoh_codec::common::extension[0m[2m:[0m Unknown Test ext: ZExtUnknown { Id: 1, Mandatory: true, Encoding: "Z64", Value: 9720352704122668543 }
[2m2026-09-14T11:24:32.019308Z[0m [31mERROR[0m codec_extension ThreadId(12) [2mzenoh_codec::common::extension[0m[2m:[0m Unknown Test ext: ZExtUnknown { Id: 1, Mandatory: true, Encoding: "Z64", Value: 3118600926230477636 }
[2m2026-09-14T11:24:32.019312Z[0m [31mERROR[0m codec_extension ThreadId(12) [2mzenoh_codec::common::extension[0m[2m:[0m Unknown Test ext: ZExtUnknown { Id: 1, Mandatory: true, Encoding: "Z64", Value: 17623121868363426349 }
[2m2026-09-14T11:24:32.019315Z[0m [31mERROR[0m codec_extension ThreadId(12) [2mzenoh_codec::common::extension[0m[2m:[0m Unknown Test ext: ZExtUnknown { Id: 1, Mandatory: true, Encoding: "Z64", Value: 862337351221647298 }
[2m2026-09-14T11:24:32.019319Z[0m [31mERROR[0m codec_extension ThreadId(12) [2mzenoh_codec::common::extension[0m[2m:[0m Unknown Test ext: ZExtUnknown { Id: 1, Mandatory: true, Encoding: "Z64", Value: 4306852507862711035 }
[2m2026-09-14T11:24:32.019322Z[0m [31mERROR[0m codec_extension ThreadId(12) [2mzenoh_codec::common::extension[0m[2m:[0m Unknown Test ext: ZExtUnknown { Id: 1, Mandatory: true, Encoding: "Z64", Value: 10449926820468268914 }
[2m2026-09-14T11:24:32.019326Z[0m [31mERROR[0m codec_extension ThreadId(12) [2mzenoh_codec::common::extension[0m[2m:[0m Unknown Test ext: ZExtUnknown { Id: 1, Mandatory: true, Encoding: "Z64", Value: 13342264154008236084 }
[2m2026-09-14T11:24:32.019329Z[0m [31mERROR[0m codec_extension ThreadId(12) [2mzenoh_codec::common::extension[0m[2m:[0m Unknown Test ext: ZExtUnknown { Id: 1, Mandatory: true, Encoding: "Z64", Value: 3442055784907741735 }
[2m2026-09-14T11:24:32.019333Z[0m [31mERROR[0m codec_extension ThreadId(12) [2mzenoh_codec::common::extension[0m[2m:[0m Unknown Test ext: ZExtUnknown { Id: 1, Mandatory: true, Encoding: "Z64", Value: 46864752421254747 }
[2m2026-09-14T11:24:32.019336Z[0m [31mERROR[0m codec_extension ThreadId(12) [2mzenoh_codec::common::extension[0m[2m:[0m Unknown Test ext: ZExtUnknown { Id: 1, Mandatory: true, Encoding: "Z64", Value: 1143181314305147976 }
[2m2026-09-14T11:24:32.019340Z[0m [31mERROR[0m codec_extension ThreadId(12) [2mzenoh_codec::common::extension[0m[2m:[0m Unknown Test ext: ZExtUnknown { Id: 1, Mandatory: true, Encoding: "Z64", Value: 14292628239323819769 }
[2m2026-09-14T11:24:32.019343Z[0m [31mERROR[0m codec_extension ThreadId(12) [2mzenoh_codec::common::extension[0m[2m:[0m Unknown Test ext: ZExtUnknown { Id: 1, Mandatory: true, Encoding: "Z64", Value: 17396118001794893074 }
[2m2026-09-14T11:24:32.019347Z[0m [31mERROR[0m codec_extension ThreadId(12) [2mzenoh_codec::common::extension[0m[2m:[0m Unknown Test ext: ZExtUnknown { Id: 1, Mandatory: true, Encoding: "Z64", Value: 12147423356019666658 }
[2m2026-09-14T11:24:32.019350Z[0m [31mERROR[0m codec_extension ThreadId(12) [2mzenoh_codec::common::extension[0m[2m:[0m Unknown Test ext: ZExtUnknown { Id: 1, Mandatory: true, Encoding: "Z64", Value: 4668183365309877551 }
[2m2026-09-14T11:24:32.019354Z[0m [31mERROR[0m codec_extension ThreadId(12) [2mzenoh_codec::common::extension[0m[2m:[0m Unknown Test ext: ZExtUnknown { Id: 1, Mandatory: true, Encoding: "Z64", Value: 5154379609442608947 }
[2m2026-09-14T11:24:32.019357Z[0m [31mERROR[0m codec_extension ThreadId(12) [2mzenoh_codec::common::extension[0m[2m:[0m Unknown Test ext: ZExtUnknown { Id: 1, Mandatory: true, Encoding: "Z64", Value: 2390651098558571364 }
[2m2026-09-14T11:24:32.019360Z[0m [31mERROR[0m codec_extension ThreadId(12) [2mzenoh_codec::common::extension[0m[2m:[0m Unknown Test ext: ZExtUnknown { Id: 1, Mandatory: true, Encoding: "Z64", Value: 12950209911723254593 }
[2m2026-09-14T11:24:32.019377Z[0m [31mERROR[0m codec_extension ThreadId(12) [2mzenoh_codec::common::extension[0m[2m:[0m Unknown Test ext: ZExtUnknown { Id: 1, Mandatory: true, Encoding: "Z64", Value: 1427728058456364949 }
[2m2026-09-14T11:24:32.019381Z[0m [31mERROR[0m codec_extension ThreadId(12) [2mzenoh_codec::common::extension[0m[2m:[0m Unknown Test ext: ZExtUnknown { Id: 1, Mandatory: true, Encoding: "Z64", Value: 5919795190002435041 }
[2m2026-09-14T11:24:32.019385Z[0m [31mERROR[0m codec_extension ThreadId(12) [2mzenoh_codec::common::extension[0m[2m:[0m Unknown Test ext: ZExtUnknown { Id: 1, Mandatory: true, Encoding: "Z64", Value: 14997864805680862125 }
[2m2026-09-14T11:24:32.019389Z[0m [31mERROR[0m codec_extension ThreadId(12) [2mzenoh_codec::common::extension[0m[2m:[0m Unknown Test ext: ZExtUnknown { Id: 1, Mandatory: true, Encoding: "Z64", Value: 6161099670554624993 }
[2m2026-09-14T11:24:32.019392Z[0m [31mERROR[0m codec_extension ThreadId(12) [2mzenoh_codec::common::extension[0m[2m:[0m Unknown Test ext: ZExtUnknown { Id: 1, Mandatory: true, Encoding: "Z64", Value: 14041064418385894575 }
[2m2026-09-14T11:24:32.019395Z[0m [31mERROR[0m codec_extension ThreadId(12) [2mzenoh_codec::common::extension[0m[2m:[0m Unknown Test ext: ZExtUnknown { Id: 1, Mandatory: true, Encoding: "Z64", Value: 13034006111064077247 }
[2m2026-09-14T11:24:32.019399Z[0m [31mERROR[0m codec_extension ThreadId(12) [2mzenoh_codec::common::extension[0m[2m:[0m Unknown Test ext: ZExtUnknown { Id: 1, Mandatory: true, Encoding: "Z64", Value: 641694443625007316 }
[2m2026-09-14T11:24:32.019402Z[0m [31mERROR[0m codec_extension ThreadId(12) [2mzenoh_codec::common::extension[0m[2m:[0m Unknown Test ext: ZExtUnknown { Id: 1, Mandatory: true, Encoding: "Z64", Value: 10770264388015897706 }
[2m2026-09-14T11:24:32.019405Z[0m [31mERROR[0m codec_extension ThreadId(12) [2mzenoh_codec::common::extension[0m[2m:[0m Unknown Test ext: ZExtUnknown { Id: 1, Mandatory: true, Encoding: "Z64", Value: 13636789021471377580 }
[2m2026-09-14T11:24:32.019409Z[0m [31mERROR[0m codec_extension ThreadId(12) [2mzenoh_codec::common::extension[0m[2m:[0m Unknown Test ext: ZExtUnknown { Id: 1, Mandatory: true, Encoding: "Z64", Value: 12405210808158679030 }
[2m2026-09-14T11:24:32.019850Z[0m [31mERROR[0m codec_extension ThreadId(12) [2mzenoh_codec::common::extension[0m[2m:[0m Unknown Test ext: ZExtUnknown { Id: 2, Mandatory: true, Encoding: "ZBuf", Value: ZBuf { slices: [[45, 4d, c1, 0b, e6, 60, 34, 73, 96, 3f, e1, 6f, 44, 18, 14, 0b, a3, 39, 52, 5f, 14, e8, 9b, a1, a8, 67, 1a, a2, 30, 66, 77, 97, 03, cd, ce, 14, 4e, 1d, 5d, 02, 54, fd, d1, 4c, 00, 73, b0, ce, 65, e4, b3]] } }
[2m2026-09-14T11:24:32.019875Z[0m [31mERROR[0m codec_extension ThreadId(12) [2mzenoh_codec::common::extension[0m[2m:[0m Unknown Test ext: ZExtUnknown { Id: 2, Mandatory: true, Encoding: "ZBuf", Value: ZBuf { slices: [[7a, 33, d0, ea, 0c, f4, 3a, 26, 32, a4, 52, eb, 71, ec, 61, 38, 25, 36, 71, 39, cd, e2, 3e, 9e, ce, 38, 15, 18, 0b, b1, 8d, fb, da, 68, c1, 31, eb, 21, 2f, 45, cf, 50, 6c, 10, 4a]] } }
[2m2026-09-14T11:24:32.019896Z[0m [31mERROR[0m codec_extension ThreadId(12) [2mzenoh_codec::common::extension[0m[2m:[0m Unknown Test ext: ZExtUnknown { Id: 2, Mandatory: true, Encoding: "ZBuf", Value: ZBuf { slices: [[44, d3, e0, 52, 5d, d6, 69, 79, 13, 51, ff, a0, 43, 0a, b0, 80, a3, f3, 96, b4, 93, 3d, 14, 8a, 3d, dd, 41, 1e, 45, a8, ab, b2, e8, c4, 76, 21, c4, 27, 3d, 98, 5e, 13, 78, f1, 5d, 12, 8d, bb, 9a, 7b, fc, 62, 49, 63, 68, 9d, 53, 20, 96, 8c, 23, 1a]] } }
[2m2026-09-14T11:24:32.019903Z[0m [31mERROR[0m codec_extension ThreadId(12) [2mzenoh_codec::common::extension[0m[2m:[0m Unknown Test ext: ZExtUnknown { Id: 2, Mandatory: true, Encoding: "ZBuf", Value: ZBuf { slices: [[5c, f0, 1a, d7, 31, c8, d3, a1, be, 72, 7c, 67, e4, e2, 4e, ca, b6, dd, 69, f8]] } }
[2m2026-09-14T11:24:32.019922Z[0m [31mERROR[0m codec_extension ThreadId(12) [2mzenoh_codec::common::extension[0m[2m:[0m Unknown Test ext: ZExtUnknown { Id: 2, Mandatory: true, Encoding: "ZBuf", Value: ZBuf { slices: [[ed, fc, 15, 79, a6, 59, 48, 46, 10, 17, bb, 76, 84, 6b, 35, 09, 7f, a7, 5d, db, 17, ed, b3, 2c, ee, be, 38, b0, 21, a8, 4c, c3, e3, 2f, 4f, e8, 02, 73, a4, 68, 19, 9c]] } }
[2m2026-09-14T11:24:32.019943Z[0m [31mERROR[0m codec_extension ThreadId(12) [2mzenoh_codec::common::extension[0m[2m:[0m Unknown Test ext: ZExtUnknown { Id: 2, Mandatory: true, Encoding: "ZBuf", Value: ZBuf { slices: [[4d, fc, 79, 93, fe, 49, 98, ed, cb, 24, 1e, 60, 72, 56, 6b, d5, 53, ba, e4, bc, 6a, fc, b2, ce, 51, 2d, 56, f2, b6, b8, f9, 85, cf, 38, 4d, 40, d9, 1d, cf, e2, fd, ca, 59, 58, 0a, 1a, dd, e0, 90, 5a, 88, 2c, fe]] } }
[2m2026-09-14T11:24:32.019967Z[0m [31mERROR[0m codec_extension ThreadId(12) [2mzenoh_codec::common::extension[0m[2m:[0m Unknown Test ext: ZExtUnknown { Id: 2, Mandatory: true, Encoding: "ZBuf", Value: ZBuf { slices: [[10, fa, 1d, 20, b5, f7, d1, 35, c2, 29, 67, 12, da, bc, 5a, 81, 0d, b2, 3f, 7b, 7b, a9, 57, 92, d3, 1a, 12, 29, 13, 72, c5, 15, 57, 3f, 83, 0a, 70, 6a, 60, 58, 69, c2, b1, ec, e8, ad, 8f, 71, 22, 05, 51, 71, 10, 75]] } }
[2m2026-09-14T11:24:32.019989Z[0m [31mERROR[0m codec_extension ThreadId(12) [2mzenoh_codec::common::extension[0m[2m:[0m Unknown Test ext: ZExtUnknown { Id: 2, Mandatory: true, Encoding: "ZBuf", Value: ZBuf { slices: [[bc, ee, 1c, 61, 70, 4b, 5b, be, 53, da, a1, ba, be, 9b, fe, 10, 59, 79, 1f, ed, d1, 1f, 53, 65, cd, 2b, 74, e4, 52, 37, 30, 51, c4, e9, 1e, 09, 06, 9d, 72, ae, 07, ee, 81, b8]] } }
[2m2026-09-14T11:24:32.019996Z[0m [31mERROR[0m codec_extension ThreadId(12) [2mzenoh_codec::common::extension[0m[2m:[0m Unknown Test ext: ZExtUnknown { Id: 2, Mandatory: true, Encoding: "ZBuf", Value: ZBuf { slices: [[d6, d5, d2, 63, 89, 53, 9d, 64, 27, a4, bf, 33, fe, f9]] } }
[2m2026-09-14T11:24:32.020016Z[0m [31mERROR[0m codec_extension ThreadId(12) [2mzenoh_codec::common::extension[0m[2m:[0m Unknown Test ext: ZExtUnknown { Id: 2, Mandatory: true, Encoding: "ZBuf", Value: ZBuf { slices: [[58, 8e, 2f, 80, 79, a8, 9d, c0, 53, d1, 54, 83, fa, 10, fd, f2, b0, 44, 80, f3, e5, 62, 7c]] } }
[2m2026-09-14T11:24:32.020021Z[0m [31mERROR[0m codec_extension ThreadId(12) [2mzenoh_codec::common::extension[0m[2m:[0m Unknown Test ext: ZExtUnknown { Id: 2, Mandatory: true, Encoding: "ZBuf", Value: ZBuf { slices: [[f3, c7, b0, a4, 69, 8f, a4, 87, 5f, e5, 48, 44, 8d, dc, 41, 37, c4, a0, 8c, 14, 7a, 5d, 17, d1, 0f, 90, e7, 22, 4e, e0, d9, 77, 21, 9e, f9, 49, 6c]] } }
[2m2026-09-14T11:24:32.020041Z[0m [31mERROR[0m codec_extension ThreadId(12) [2mzenoh_codec::common::extension[0m[2m:[0m Unknown Test ext: ZExtUnknown { Id: 2, Mandatory: true, Encoding: "ZBuf", Value: ZBuf { slices: [[0b, 8f, fa, d3, 56, 53, 4b, ef, f0, 1f, a3, f1, 3a, 5c, eb, d9, 64, 24, 65, 3d, 11, 48, 44, 45, 12, 2f, 84, c6, 2d, b6, ee, d5, 5a, 5f, e8, 62, 1a, 03, 93, 2b, 55, 9d, b4, fd, 74, c9, 86]] } }
[2m2026-09-14T11:24:32.020061Z[0m [31mERROR[0m codec_extension ThreadId(12) [2mzenoh_codec::common::extension[0m[2m:[0m Unknown Test ext: ZExtUnknown { Id: 2, Mandatory: true, Encoding: "ZBuf", Value: ZBuf { slices: [[e1, 00, f6, d4, 2f, e3, e1, da, ff, 21, ce, ec, b3, 66, f0, e0, 48, 91, ec, 2d, ad, 29, 5e, fd, c9, c8, e9, 94, 63, 92, 86, ae, 1c]] } }
[2m2026-09-14T11:24:32.020081Z[0m [31mERROR[0m codec_extension ThreadId(12) [2mzenoh_codec::common::extension[0m[2m:[0m Unknown Test ext: ZExtUnknown { Id: 2, Mandatory: true, Encoding: "ZBuf", Value: ZBuf { slices: [[09, 45, a9, a4, a9, f3, 1b, 4d, 0f, 80, 34, 25, e0, 69, 04, 32, 93, 7d, dd, e3, 2f, 19, ee, 26, b2, da, 68, f5, eb, 68, 8d, d0, a6, e8, dc, d6, 40, d8, 0d, a9, 42, 52, eb, 35, 88, 68, 56, 56, 5d, 7d, e0, 64, cb, e7, ca, d2, 17]] } }
[2m2026-09-14T11:24:32.020102Z[0m [31mERROR[0m codec_extension ThreadId(12) [2mzenoh_codec::common::extension[0m[2m:[0m Unknown Test ext: ZExtUnknown { Id: 2, Mandatory: true, Encoding: "ZBuf", Value: ZBuf { slices: [[36, e7, d0, b9, 71, 40, b6, c1, fc, b3, 2c, fa, 88, a6, fb, 9e, a1, 40, f6, ab, 95, 9a, 61, 92, 00, 63, e6, 41, 60, cc, 4b, 78, ea, a2, b0, 84, 28, b2, f8, 5b, 51, ca, 45, 12, 44, f7, 65, 76, 6c, 75, f8, 6d]] } }
[2m2026-09-14T11:24:32.020109Z[0m [31mERROR[0m codec_extension ThreadId(12) [2mzenoh_codec::common::extension[0m[2m:[0m Unknown Test ext: ZExtUnknown { Id: 2, Mandatory: true, Encoding: "ZBuf", Value: ZBuf { slices: [[38, c7, b3, fb, c8, 0a, e3, 1e, 7c, 57, 2a, d7, 12, ae, ee, e5, c1, 54, 4f, e9, df, f5, b6, cb, a8, 9b, 1e, b7, ac, 1e, 98, 6b]] } }
[2m2026-09-14T11:24:32.020130Z[0m [31mERROR[0m codec_extension ThreadId(12) [2mzenoh_codec::common::extension[0m[2m:[0m Unknown Test ext: ZExtUnknown { Id: 2, Mandatory: true, Encoding: "ZBuf", Value: ZBuf { slices: [[d2, 90, 43, 15, 86, 47, 99, 5d, 1e, 1e, 27, a0, 2b, e4, 2a, 62, 93, db, 45, 7f, 31, f8, 1b, 12, b3, 51, 2f, 75, 6d, 98, b4, 92, 01, fd, 11, e2, 78, 28, 0f, ab, e7, e7, d1, f9, af, 15, be, 16, 00, e2, d1, 69, 12, ba, 9a, 74, 34, 41]] } }
[2m2026-09-14T11:24:32.020152Z[0m [31mERROR[0m codec_extension ThreadId(12) [2mzenoh_codec::common::extension[0m[2m:[0m Unknown Test ext: ZExtUnknown { Id: 2, Mandatory: true, Encoding: "ZBuf", Value: ZBuf { slices: [[f4, 14, dc, 6e, f6, d0, e6, 70, 4a, 03, 5d, 53, 70, a7, 8d, 1f, 38, 6f, d0, e4, 3b, c6, 24, 70, cb, 50, 5e, 42, dd, cf, 25, c8, 4f, c2, 0f, a6, 64, 6d, bc, 0c, ad, 71, 03, 44, d6, ae, 74, e0, 58, 80, 9e, 14, 87, 55, a8, 1a, 07, a8, af, d6, f1, aa]] } }
[2m2026-09-14T11:24:32.020175Z[0m [31mERROR[0m codec_extension ThreadId(12) [2mzenoh_codec::common::extension[0m[2m:[0m Unknown Test ext: ZExtUnknown { Id: 2, Mandatory: true, Encoding: "ZBuf", Value: ZBuf { slices: [[db, 56, ee, 99, 37, 07, e2, e5, b2, be, a3, 29, f4, 26, 1f, 46, 2f, 59, 6d, 46, 71, 8d, b3, ad, 39, e2, cd, 70, b6, f8, 61, 2b, 8d, a9, c8, d9, 13, 5e, 9b]] } }
[2m2026-09-14T11:24:32.020182Z[0m [31mERROR[0m codec_extension ThreadId(12) [2mzenoh_codec::common::extension[0m[2m:[0m Unknown Test ext: ZExtUnknown { Id: 2, Mandatory: true, Encoding: "ZBuf", Value: ZBuf { slices: [[af, 49, 4e, 19, 2f, ce, 86, cd, 66, 86, 24, 33, 68, 15, d9, 0e, b5, 86, 2a, c2, 95]] } }
[2m2026-09-14T11:24:32.020187Z[0m [31mERROR[0m codec_extension ThreadId(12) [2mzenoh_codec::common::extension[0m[2m:[0m Unknown Test ext: ZExtUnknown { Id: 2, Mandatory: true, Encoding: "ZBuf", Value: ZBuf { slices: [[25, 65, 0a, 1d, d3, 3e, 8a, 8b, b6, f6, 2e, d2, 41, 05, 30]] } }
[2m2026-09-14T11:24:32.020206Z[0m [31mERROR[0m codec_extension ThreadId(12) [2mzenoh_codec::common::extension[0m[2m:[0m Unknown Test ext: ZExtUnknown { Id: 2, Mandatory: true, Encoding: "ZBuf", Value: ZBuf { slices: [[5f, f2, 93, 22, 5d, 4b, f6, a2, cb, c9, fa, cc, 41, bf, f8, b5, 0c, 5f, d8, 06, 73, 15, 05, 16, 4f, f0, 55, b5, f3, 88, 54, 2c, b1, cb, 0e, 87, f9, e8, 43, 55]] } }
[2m2026-09-14T11:24:32.020212Z[0m [31mERROR[0m codec_extension ThreadId(12) [2mzenoh_codec::common::extension[0m[2m:[0m Unknown Test ext: ZExtUnknown { Id: 2, Mandatory: true, Encoding: "ZBuf", Value: ZBuf { slices: [[72, e7, 61, 8f, 30, eb, 23, 58]] } }
[2m2026-09-14T11:24:32.020230Z[0m [31mERROR[0m codec_extension ThreadId(12) [2mzenoh_codec::common::extension[0m[2m:[0m Unknown Test ext: ZExtUnknown { Id: 2, Mandatory: true, Encoding: "ZBuf", Value: ZBuf { slices: [[27, b9, 14, 1e, 0a, 19, cf, 63, 3c, 53]] } }
[2m2026-09-14T11:24:32.020234Z[0m [31mERROR[0m codec_extension ThreadId(12) [2mzenoh_codec::common::extension[0m[2m:[0m Unknown Test ext: ZExtUnknown { Id: 2, Mandatory: true, Encoding: "ZBuf", Value: ZBuf { slices: [[89, f1, ee, b9, e9, 3a, 96, 80, f5, 7b, 80, 70, ae, dd, e2, fc, bc, ed, c0]] } }
[2m2026-09-14T11:24:32.020239Z[0m [31mERROR[0m codec_extension ThreadId(12) [2mzenoh_codec::common::extension[0m[2m:[0m Unknown Test ext: ZExtUnknown { Id: 2, Mandatory: true, Encoding: "ZBuf", Value: ZBuf { slices: [[53, 82, ca, 72, 42, 4e, a3, d0, db, 9d, 4e, 97, 22, 04, 14, b5]] } }
[2m2026-09-14T11:24:32.020257Z[0m [31mERROR[0m codec_extension ThreadId(12) [2mzenoh_codec::common::extension[0m[2m:[0m Unknown Test ext: ZExtUnknown { Id: 2, Mandatory: true, Encoding: "ZBuf", Value: ZBuf { slices: [[89, 7c, eb, 0c, e4, 14, 90, b5, 78, fe, b3, e0, 26, e1, 75, 45, 33, b6, 4e, e2, 46, 23, f6, 2e, 98, 57, 60, c6, b7, 47, 16, 8d, 67, 2c, 18, 7e, 61, c3, 46, cf, 74, e3, f5]] } }
[2m2026-09-14T11:24:32.020263Z[0m [31mERROR[0m codec_extension ThreadId(12) [2mzenoh_codec::common::extension[0m[2m:[0m Unknown Test ext: ZExtUnknown { Id: 2, Mandatory: true, Encoding: "ZBuf", Value: ZBuf { slices: [[31, 58, b7, 87, 0c, c4, 67, 71, 0b, 3e, ca, d1, fe, db, 82, 80, b3, 87, 11, 65, 1d, 5c, 92]] } }
[2m2026-09-14T11:24:32.020283Z[0m [31mERROR[0m codec_extension ThreadId(12) [2mzenoh_codec::common::extension[0m[2m:[0m Unknown Test ext: ZExtUnknown { Id: 2, Mandatory: true, Encoding: "ZBuf", Value: ZBuf { slices: [[5d, 51, 73, ce, 4d, d4, 20, b0, 39, 5a, c2, 99, 95, c5, 9a, 2f, b0, f9, 6d, dc, a8, c8, 52, 1f, 6f, 99, 3b, 1b, ea, 06, 0c, cc, 83]] } }
[2m2026-09-14T11:24:32.020302Z[0m [31mERROR[0m codec_extension ThreadId(12) [2mzenoh_codec::common::extension[0m[2m:[0m Unknown Test ext: ZExtUnknown { Id: 2, Mandatory: true, Encoding: "ZBuf", Value: ZBuf { slices: [[d7, cc, 54, 41, 63, 04, 23, c3, c9, 7d, 9c, 64, a8, 87, 90, aa, 92, 9e, df, d8, 94, 32, 41, 54, f2, 15, 59, d2, 2a, cc, f7, 29, 4f, e0, 61, df, 27, 3a, eb, f5, a1, dd, 76, 43, 1d, fd, 8a]] } }
[2m2026-09-14T11:24:32.020308Z[0m [31mERROR[0m codec_extension ThreadId(12) [2mzenoh_codec::common::extension[0m[2m:[0m Unknown Test ext: ZExtUnknown { Id: 2, Mandatory: true, Encoding: "ZBuf", Value: ZBuf { slices: [[fc, c8, c2, d5, 48, ce, af, 66, b2, f4, 60, 7c, 8b, 35, 8f, c8, 8b, 45, 16, 45, 0d, 3c, cb, f7, 46, d6, 16, 94, ba, 12, c4, 4e, 20, 36, ad, 1a, f0, 7e, a7, 78, 7e, 6f, 0c, a0, c4, ea, 39]] } }
[2m2026-09-14T11:24:32.020329Z[0m [31mERROR[0m codec_extension ThreadId(12) [2mzenoh_codec::common::extension[0m[2m:[0m Unknown Test ext: ZExtUnknown { Id: 2, Mandatory: true, Encoding: "ZBuf", Value: ZBuf { slices: [[71, 23, 97, af, 66, e8, 45, 3e, 26, 39, 36, f6, 6e, a3, 69, e7, 05, ae, 5f, b4, 8d, 63, 02, 27, 34, cc, 18, c7, 56, 65, 6f, 93, 3c, b2, 32, 96, 38, 9b, 2f, 31, b4, 00, d5, 8d, 88, 45, 6c, 13, 35, ae, c4, f4, af, 23]] } }
[2m2026-09-14T11:24:32.020349Z[0m [31mERROR[0m codec_extension ThreadId(12) [2mzenoh_codec::common::extension[0m[2m:[0m Unknown Test ext: ZExtUnknown { Id: 2, Mandatory: true, Encoding: "ZBuf", Value: ZBuf { slices: [[09, 65, 1d, 9f, 16, c4, 47, 63, 0f, 88, 38, be]] } }
[2m2026-09-14T11:24:32.020367Z[0m [31mERROR[0m codec_extension ThreadId(12) [2mzenoh_codec::common::extension[0m[2m:[0m Unknown Test ext: ZExtUnknown { Id: 2, Mandatory: true, Encoding: "ZBuf", Value: ZBuf { slices: [[50, 0c, cd, 3a, 9a, 6c, bf, 23, da, 10, a3, cc, b5, 79, e6, ae, b9, e2, 70, 7f, 6f, 6a, ab, 1e, 68, 0a, cb, 81, 7c, 9c, 5c, e2, 7f, ea, c9, bc, 55, c9, d4, af, 3d, 60, c8, f4, 2d, fb, d0, 54, 44, 5e, 0f, 1a, a5, 64, 33, e4]] } }
[2m2026-09-14T11:24:32.020374Z[0m [31mERROR[0m codec_extension ThreadId(12) [2mzenoh_codec::common::extension[0m[2m:[0m Unknown Test ext: ZExtUnknown { Id: 2, Mandatory: true, Encoding: "ZBuf", Value: ZBuf { slices: [[39, 5f, 4a, 8d, 7d, 6b, 5e, 4d, 08, ab, 99, 41, 85]] } }
[2m2026-09-14T11:24:32.020378Z[0m [31mERROR[0m codec_extension ThreadId(12) [2mzenoh_codec::common::extension[0m[2m:[0m Unknown Test ext: ZExtUnknown { Id: 2, Mandatory: true, Encoding: "ZBuf", Value: ZBuf { slices: [[4f, ab, ec, 8e, 92, d4, 99, 55, 5a, 3c, 9f, db, ce, ba, 78, 86, b8, 3f, fa, 20, 64, 8d, 35, 7f, 34, 74, 8d, 35]] } }
[2m2026-09-14T11:24:32.020397Z[0m [31mERROR[0m codec_extension ThreadId(12) [2mzenoh_codec::common::extension[0m[2m:[0m Unknown Test ext: ZExtUnknown { Id: 2, Mandatory: true, Encoding: "ZBuf", Value: ZBuf { slices: [[34, b5, 61, 22, 7d, 9a, ba, 5f, c2, 68, 39, 4d, dc, 78, f9, 65, cb, 44, cc, d2, 1d, db, 4c, 14, e6, 09, 42, ac, d7, a7, f8, cd, 5d, cc, aa, 6a, e9]] } }
[2m2026-09-14T11:24:32.020416Z[0m [31mERROR[0m codec_extension ThreadId(12) [2mzenoh_codec::common::extension[0m[2m:[0m Unknown Test ext: ZExtUnknown { Id: 2, Mandatory: true, Encoding: "ZBuf", Value: ZBuf { slices: [[7c, db, 40, 5f, 77, 1a, 66, ee, ef, 28, 72, f8, 18, d5, 95, 5c, 1f, 19, 03, 04, 75, 4c, 10, 0b, f5, 2a, 6a, 64, f5, 5e, a6, 1c, b3, cf, c2, 18, 1a, 9f, 63, a7, 86, 12, 58, a4]] } }
[2m2026-09-14T11:24:32.020424Z[0m [31mERROR[0m codec_extension ThreadId(12) [2mzenoh_codec::common::extension[0m[2m:[0m Unknown Test ext: ZExtUnknown { Id: 2, Mandatory: true, Encoding: "ZBuf", Value: ZBuf { slices: [[5d, d6, f1, fa, 01, a6, c9, 67, 32, 54, b0, 5b, aa, 67, 55, 3b, b8, c9, 62, 5d, 3d, 96, 07, b8, 52, b8, 6c, d4]] } }
[2m2026-09-14T11:24:32.020443Z[0m [31mERROR[0m codec_extension ThreadId(12) [2mzenoh_codec::common::extension[0m[2m:[0m Unknown Test ext: ZExtUnknown { Id: 2, Mandatory: true, Encoding: "ZBuf", Value: ZBuf { slices: [[79, 4f, bc, 64, 50, 1c, d4, 13, 4c, 32, d3, e2, b5, 17, bd, d6, 7c, 35, c9, 3a, a1, fc, 13, f8, 6d, 7d, f2, eb, 9d, 64, 96, 9c, 10, 48, 8f, 31, 48, 21]] } }
[2m2026-09-14T11:24:32.020448Z[0m [31mERROR[0m codec_extension ThreadId(12) [2mzenoh_codec::common::extension[0m[2m:[0m Unknown Test ext: ZExtUnknown { Id: 2, Mandatory: true, Encoding: "ZBuf", Value: ZBuf { slices: [[60, dc, 31, 91, 2f, da, bf, b1, 8e, 50, b0, ba, ec, 1a, 59, 42, 8f, c6, 87, c9]] } }
[2m2026-09-14T11:24:32.020453Z[0m [31mERROR[0m codec_extension ThreadId(12) [2mzenoh_codec::common::extension[0m[2m:[0m Unknown Test ext: ZExtUnknown { Id: 2, Mandatory: true, Encoding: "ZBuf", Value: ZBuf { slices: [[25, 5f, 77, 53, 6b, 71, a0, ae, 40, 0f, 5c, ec, 54, b3, c7, 86]] } }
[2m2026-09-14T11:24:32.020472Z[0m [31mERROR[0m codec_extension ThreadId(12) [2mzenoh_codec::common::extension[0m[2m:[0m Unknown Test ext: ZExtUnknown { Id: 2, Mandatory: true, Encoding: "ZBuf", Value: ZBuf { slices: [[a3, 15, d6, 18, 2e, c9, a9, 2b, c9, 30, f3, 35, 6b, b7, 92, ca, 83, 41, 1f, 63, de, 62, e5, 55, 39, 5a, 2b, ba, 0c, 49, 3e, 12, b1, b6, 8b, ab, ec, 8e, 24, 12, f7, ac, e7, 64, 84, 90, 82, 33, 1c, 08, e6]] } }
[2m2026-09-14T11:24:32.020492Z[0m [31mERROR[0m codec_extension ThreadId(12) [2mzenoh_codec::common::extension[0m[2m:[0m Unknown Test ext: ZExtUnknown { Id: 2, Mandatory: true, Encoding: "ZBuf", Value: ZBuf { slices: [[70, 02, c2, eb, 0c, 42, 51, 4d, e2, 94, 40, 9d, 78, 55, 9d, aa, 9b, d3, 8c, 49, 6e, dc, fc, 36, 35, 5e, 1e, b6, 20, 40, 13, e1, 2e, 64, d9, f0, 95, e6, 41, 24, 94, 7d, fe, be, 03, bd, 93, 64]] } }
[2m2026-09-14T11:24:32.020511Z[0m [31mERROR[0m codec_extension ThreadId(12) [2mzenoh_codec::common::extension[0m[2m:[0m Unknown Test ext: ZExtUnknown { Id: 2, Mandatory: true, Encoding: "ZBuf", Value: ZBuf { slices: [[28, a3, 1e, 6a, 39, 07, 7b, ae, fe, 16, c2, 5b, 30, 99, 17, de, a0, 11, 15, 0c, 6d, 95, 01, 8c, ea, 74, 29, e6, 0b, 83, b9, 74, 93, 82, 85, 7a, d3, 90, ee, 09, 5f, 44, d0]] } }
[2m2026-09-14T11:24:32.020531Z[0m [31mERROR[0m codec_extension ThreadId(12) [2mzenoh_codec::common::extension[0m[2m:[0m Unknown Test ext: ZExtUnknown { Id: 2, Mandatory: true, Encoding: "ZBuf", Value: ZBuf { slices: [[fe, b5, fa, 46, 89, 85, 6c, 1e, ef, 6f, d5, 37, 70, da, 64, 1f, 48, e6, 4b, 01, 6e, 4c, 11, ff, 69, 29, 78, 5e, 87, 4e, 68, 29, 73, 54, e7, 8e, d1, b9, 7d, c0]] } }
[2m2026-09-14T11:24:32.020537Z[0m [31mERROR[0m codec_extension ThreadId(12) [2mzenoh_codec::common::extension[0m[2m:[0m Unknown Test ext: ZExtUnknown { Id: 2, Mandatory: true, Encoding: "ZBuf", Value: ZBuf { slices: [[aa, 97, 42, 16, de, 03, 63, 73, 7e, f0, 75, 0c, 41]] } }
[2m2026-09-14T11:24:32.020555Z[0m [31mERROR[0m codec_extension ThreadId(12) [2mzenoh_codec::common::extension[0m[2m:[0m Unknown Test ext: ZExtUnknown { Id: 2, Mandatory: true, Encoding: "ZBuf", Value: ZBuf { slices: [[85, 8a, 3b, 3d, 37, b5, ec, 69, dc, 9e, 6b, 88, e0, 8d, 5a, d3, 65, 0f, 13, 70, 67, 88, 17, de, 83, 6a, 08, 7f, d4, 01, dd, 58, 84, e1, 23, 64, ae, 2b, 46, 6b, 82, cd, a3, 40, 03, eb, 72, d6, 00, 39]] } }
[2m2026-09-14T11:24:32.020575Z[0m [31mERROR[0m codec_extension ThreadId(12) [2mzenoh_codec::common::extension[0m[2m:[0m Unknown Test ext: ZExtUnknown { Id: 2, Mandatory: true, Encoding: "ZBuf", Value: ZBuf { slices: [[3b, d0, 4b, bd, c6, 5a, f7, 46, 92, a1, 7c, f0, 06, c3, 15, fd, c2, 9f, cc, 04, bb, d9, b0, 4c, cd, b3, f4, 94, 4b, 7d, c3, bc, d9, da, 6a, 19, 2e, 84, ae, 29, fd, 7b, 78, 06, 9c, 1d, ae, a3, 30, 86, 2d, ab, 8a, 2a]] } }
[2m2026-09-14T11:24:32.020583Z[0m [31mERROR[0m codec_extension ThreadId(12) [2mzenoh_codec::common::extension[0m[2m:[0m Unknown Test ext: ZExtUnknown { Id: 2, Mandatory: true, Encoding: "ZBuf", Value: ZBuf { slices: [[06, ed, 87, f8, 47, 2f, 10, 5b, 52, 26, b8, 9b, c3, b4, 80, c9, 72, 3a, 9c, a9, 0d, 47, 39, 07, 52, 18, cb, 7f, 28, 91, 99, 2b, 83, 5b, ac, 0d, a3, 34, 8d, 3c, cb, 70, 26, e6, 71, 94, 52, 70, d6, 63, c8, 5c, 8b, 5b, 9f, 6e, 45, 3a]] } }
[2m2026-09-14T11:24:32.020603Z[0m [31mERROR[0m codec_extension ThreadId(12) [2mzenoh_codec::common::extension[0m[2m:[0m Unknown Test ext: ZExtUnknown { Id: 2, Mandatory: true, Encoding: "ZBuf", Value: ZBuf { slices: [[4d, 17, ce, 68, 1a, e8, 69, 04, 89, d6, a0, 6b, 05, 84, 9a, b0, ef, b5, 2b, 36, 57, 3a, 10, 42, 4b]] } }
[2m2026-09-14T11:24:32.020621Z[0m [31mERROR[0m codec_extension ThreadId(12) [2mzenoh_codec::common::extension[0m[2m:[0m Unknown Test ext: ZExtUnknown { Id: 2, Mandatory: true, Encoding: "ZBuf", Value: ZBuf { slices: [[6d, 22, 9b, ca, b0, 23, d9, 57, 5b, 66, e3, ad, d5, 1e, 0e, e4, 2e, 32, 86, ab, 37, 10, ef, 13, c9, f3, 67, 85, 14, 8b, aa, 82, d4, d2, 97, 76, 89, 53, 3a, 31, 82, 1f]] } }
[2m2026-09-14T11:24:32.020627Z[0m [31mERROR[0m codec_extension ThreadId(12) [2mzenoh_codec::common::extension[0m[2m:[0m Unknown Test ext: ZExtUnknown { Id: 2, Mandatory: true, Encoding: "ZBuf", Value: ZBuf { slices: [[55, 63, 45, 2e, 47, 04, 7a, ac, 25, 97, e8, 82, 9d, ff, 34, 3a, 1e, 69, 14, 6e, b3, da, b3]] } }
[2m2026-09-14T11:24:32.020632Z[0m [31mERROR[0m codec_extension ThreadId(12) [2mzenoh_codec::common::extension[0m[2m:[0m Unknown Test ext: ZExtUnknown { Id: 2, Mandatory: true, Encoding: "ZBuf", Value: ZBuf { slices: [[5b, 84, 48, 6e, ac, b9, 2e, b6, 4e, cb, bb, 2a, 90, d5, 9b, f3, 8e, 71, 9d, b5, bf, de, f1]] } }
[2m2026-09-14T11:24:32.020651Z[0m [31mERROR[0m codec_extension ThreadId(12) [2mzenoh_codec::common::extension[0m[2m:[0m Unknown Test ext: ZExtUnknown { Id: 2, Mandatory: true, Encoding: "ZBuf", Value: ZBuf { slices: [[04, d9, 7c, 84, e2, ba, b4, 8b, ca, c8, 5b, 98, 15, f7, c4, fe, bb, e1, bb, 78, f1, c5, e8, f8, 24, 48]] } }
[2m2026-09-14T11:24:32.020670Z[0m [31mERROR[0m codec_extension ThreadId(12) [2mzenoh_codec::common::extension[0m[2m:[0m Unknown Test ext: ZExtUnknown { Id: 2, Mandatory: true, Encoding: "ZBuf", Value: ZBuf { slices: [[90, 42, 45, ad, 87, 13, 3f, 22, 00, 87, b5, fc, a4, f6, e7, f7, fa, 0b, d1, 84, 5c, bc, 70, ed, 9f, 64, e4, eb, bd, b7, a4, e2, 7e, 75, 2e, af, 87, 4e, ef, da, b2]] } }
[2m2026-09-14T11:24:32.020676Z[0m [31mERROR[0m codec_extension ThreadId(12) [2mzenoh_codec::common::extension[0m[2m:[0m Unknown Test ext: ZExtUnknown { Id: 2, Mandatory: true, Encoding: "ZBuf", Value: ZBuf { slices: [[73, 76, 21, 97, 66, 32, 0c, 46, e9, 72, be, 59, c6, b8, bb, 21, a6, 4c, 24, 17, 72, 94, 73, ed, 0d, 9a, 0b, fc, a6, 67, 1e, c4, 81, 29, 23, 1f, 8b, c2, 13, 67, 7d]] } }
[2m2026-09-14T11:24:32.020713Z[0m [31mERROR[0m codec_extension ThreadId(12) [2mzenoh_codec::common::extension[0m[2m:[0m Unknown Test ext: ZExtUnknown { Id: 2, Mandatory: true, Encoding: "ZBuf", Value: ZBuf { slices: [[ce, 03, 01, c9, 03, 6c, 06, 32, 6e, 81, 37, f8, b3, e3, 00, f4, ed, 1b, 6d, 37, 4f, 16, 8a, 77, d3, 04, e3, 14, a7, 49, 6f, 10, 3a, 10, f6, 3c, 1b, 2b, d1, 35]] } }
[2m2026-09-14T11:24:32.020720Z[0m [31mERROR[0m codec_extension ThreadId(12) [2mzenoh_codec::common::extension[0m[2m:[0m Unknown Test ext: ZExtUnknown { Id: 2, Mandatory: true, Encoding: "ZBuf", Value: ZBuf { slices: [[ee, 33, 7b, 7f, cc, f4, 23, ab, f8, b7, 95, 75, f4, 3c, fd, 4b, 30, 34, b8, ba, 98, c2, f5, a5, 73, de]] } }
[2m2026-09-14T11:24:32.020739Z[0m [31mERROR[0m codec_extension ThreadId(12) [2mzenoh_codec::common::extension[0m[2m:[0m Unknown Test ext: ZExtUnknown { Id: 2, Mandatory: true, Encoding: "ZBuf", Value: ZBuf { slices: [[6b, 83, d1, 3d, b9, 9e, 43, e6, a7, bd, 59, 43, f3, c8]] } }
[2m2026-09-14T11:24:32.020758Z[0m [31mERROR[0m codec_extension ThreadId(12) [2mzenoh_codec::common::extension[0m[2m:[0m Unknown Test ext: ZExtUnknown { Id: 2, Mandatory: true, Encoding: "ZBuf", Value: ZBuf { slices: [[6d, ac, 01, 2e, 58, ac, 3d, f7, 49, 1a, 82, a3, 16, 6d, e3, 0f, 39, 99, 74, c0, db, 5f, 53, ea, 99, 8e, 23, 07, 67, a8, 49, f3, 9d, 7b, 0c, 02, 40, 53, da, 25, 5c, 4e, 0a, 22, 56, fa, 4a, 36, ac, 44, 40, ed, 06, 9d, 63, f4, 35, 37, 3f, 44]] } }
[2m2026-09-14T11:24:32.020766Z[0m [31mERROR[0m codec_extension ThreadId(12) [2mzenoh_codec::common::extension[0m[2m:[0m Unknown Test ext: ZExtUnknown { Id: 2, Mandatory: true, Encoding: "ZBuf", Value: ZBuf { slices: [[9b, 95, c5, 87, 68, 09, 8b, d3, 1b, d5, 97, 2c, 68, 45, c2, 39, b8, 39, fb, d1, 48, b7, 66, c3, be, f9, 91, 05]] } }
[2m2026-09-14T11:24:32.020786Z[0m [31mERROR[0m codec_extension ThreadId(12) [2mzenoh_codec::common::extension[0m[2m:[0m Unknown Test ext: ZExtUnknown { Id: 2, Mandatory: true, Encoding: "ZBuf", Value: ZBuf { slices: [[fb, 54, 2f, d6, 6c, ae, 91, 73, f5, 39, 5b, ab, 59, 56, 31, 0a, bd, a2, 99, 92, eb, 0b, 15, 5c, fb, 3c, 02, 15, 85, 19, ac, f1, a3, 94, 46, 32, f0, 81, 8d, 56, 2d, 38, 35, 99, 3b, e1, 28, bb, 8e, 98, 3e, d1, 2f]] } }
[2m2026-09-14T11:24:32.020793Z[0m [31mERROR[0m codec_extension ThreadId(12) [2mzenoh_codec::common::extension[0m[2m:[0m Unknown Test ext: ZExtUnknown { Id: 2, Mandatory: true, Encoding: "ZBuf", Value: ZBuf { slices: [[2c, 63, ba, 83, 8b, 78, 2c, 3e, 23, af, 15, 03, f3, 76, ff, e4, d2, 86, 4b, 8b, 3f, 10, 28, 6e, ee, 46, 32, 06]] } }
[2m2026-09-14T11:24:32.020811Z[0m [31mERROR[0m codec_extension ThreadId(12) [2mzenoh_codec::common::extension[0m[2m:[0m Unknown Test ext: ZExtUnknown { Id: 2, Mandatory: true, Encoding: "ZBuf", Value: ZBuf { slices: [[0e, 88, cb, c2, 7f, fc, 69, 6b, e8, db, 62, 9c, 18, a9, 92, a0, ae, 7d, f8, d3, 88, 5e, 6f, b6]] } }
[2m2026-09-14T11:24:32.020816Z[0m [31mERROR[0m codec_extension ThreadId(12) [2mzenoh_codec::common::extension[0m[2m:[0m Unknown Test ext: ZExtUnknown { Id: 2, Mandatory: true, Encoding: "ZBuf", Value: ZBuf { slices: [[0a, 64, c6, bc, 09, d1, f4, d4]] } }
[2m2026-09-14T11:24:32.020821Z[0m [31mERROR[0m codec_extension ThreadId(12) [2mzenoh_codec::common::extension[0m[2m:[0m Unknown Test ext: ZExtUnknown { Id: 2, Mandatory: true, Encoding: "ZBuf", Value: ZBuf { slices: [[2a, f4, b6, ac, 76, 2f, 2e, 7d, 8c, c2, 3c, c4, a7]] } }
[2m2026-09-14T11:24:32.020839Z[0m [31mERROR[0m codec_extension ThreadId(12) [2mzenoh_codec::common::extension[0m[2m:[0m Unknown Test ext: ZExtUnknown { Id: 2, Mandatory: true, Encoding: "ZBuf", Value: ZBuf { slices: [[be, 49, e9, 15, b3, 55, af, bb, 1b, 8f, b0, c8, 08]] } }
[2m2026-09-14T11:24:32.020843Z[0m [31mERROR[0m codec_extension ThreadId(12) [2mzenoh_codec::common::extension[0m[2m:[0m Unknown Test ext: ZExtUnknown { Id: 2, Mandatory: true, Encoding: "ZBuf", Value: ZBuf { slices: [[c0, e8, e5, 59, 37, e9, ad, 65, 09, 47]] } }
[2m2026-09-14T11:24:32.020848Z[0m [31mERROR[0m codec_extension ThreadId(12) [2mzenoh_codec::common::extension[0m[2m:[0m Unknown Test ext: ZExtUnknown { Id: 2, Mandatory: true, Encoding: "ZBuf", Value: ZBuf { slices: [[e5, 59, ac, 07, ef, cd, 22, 14, ca, e5]] } }
[2m2026-09-14T11:24:32.020866Z[0m [31mERROR[0m codec_extension ThreadId(12) [2mzenoh_codec::common::extension[0m[2m:[0m Unknown Test ext: ZExtUnknown { Id: 2, Mandatory: true, Encoding: "ZBuf", Value: ZBuf { slices: [[69, 10, 4c, 3c, 00, ac, 3d, 80, 27, 91, ad, 7e, c1, d6, 69, 91, ca, 1c, 14, 50, ba, 5c, 30, 77, ba, 76, b5, 14, 14, 08, 17, 70, a0, 6f, ca, c2, 3c, 24, 03, e9, 39, 87, 7e, ae, 80]] } }
[2m2026-09-14T11:24:32.020885Z[0m [31mERROR[0m codec_extension ThreadId(12) [2mzenoh_codec::common::extension[0m[2m:[0m Unknown Test ext: ZExtUnknown { Id: 2, Mandatory: true, Encoding: "ZBuf", Value: ZBuf { slices: [[5e, 1a, 56, e5, a8, 5a, 09, ef, 9a, df, 1d, 01, 91, 48, f3, 5e, 98, 68, 19, 1a, c2, 5f, 1b, c7, bf, cc, 20, e3, 2b, 78, f8, 32, 45, 8a, 8e, 74, cd, a5, bf, 22, 35, e9, 10, 41, 31, 5c, d7, 28, bb, 79]] } }
[2m2026-09-14T11:24:32.020892Z[0m [31mERROR[0m codec_extension ThreadId(12) [2mzenoh_codec::common::extension[0m[2m:[0m Unknown Test ext: ZExtUnknown { Id: 2, Mandatory: true, Encoding: "ZBuf", Value: ZBuf { slices: [[f3, a0, 6a, d2, f0, 3a, 40, 9d, b2, 30, 00, 81, d4, c7, e4, b2, c1, fc, 1c, 3f, 30, a0, 9b, 80, 6b, ae, 50, a5, bc, d7, fc, 98, b5, 4c, d1, 54, 95, e6, 83, fa, f1, e5, 28, 59, 4d, 28, c0, d0, c6]] } }
[2m2026-09-14T11:24:32.020915Z[0m [31mERROR[0m codec_extension ThreadId(12) [2mzenoh_codec::common::extension[0m[2m:[0m Unknown Test ext: ZExtUnknown { Id: 2, Mandatory: true, Encoding: "ZBuf", Value: ZBuf { slices: [[f4, 7e, a4, bc, 60, b4, a5, 73, 4f, 59, bc, 78, 24, 54, 8d, c0, 79, 6f, 96, 4d, 46, d4, c3, 8e, d9, b4, 73, e8, 0f, 82, 9d, 8b, 86, e0, ef, 15, 59, 89, 7f, 77, da, 2c, a9, 3e, 32, a9, 84, 52, a3, 4d, 50, 16, d7, fd, b3, 62, 80, aa, a8, c8, c1, c5]] } }
[2m2026-09-14T11:24:32.020937Z[0m [31mERROR[0m codec_extension ThreadId(12) [2mzenoh_codec::common::extension[0m[2m:[0m Unknown Test ext: ZExtUnknown { Id: 2, Mandatory: true, Encoding: "ZBuf", Value: ZBuf { slices: [[d7, 0c, 3d, 5f, 4b, 3b, fc, f8, 0a, 78, 21, 7c, 26, 49, 7e, b5, f5, 36, e3, a6, dc, 37, 99, d5, b5, 8f, b4, ae, 87, 3e, 03, 9b, 97, db, 3c, 7e, 7e, b2, a2, eb, ad]] } }
[2m2026-09-14T11:24:32.020943Z[0m [31mERROR[0m codec_extension ThreadId(12) [2mzenoh_codec::common::extension[0m[2m:[0m Unknown Test ext: ZExtUnknown { Id: 2, Mandatory: true, Encoding: "ZBuf", Value: ZBuf { slices: [[4d, 8d, c8, 61, c3, ed, 52, 87, b9, 46, 31, 5d, 3e]] } }
[2m2026-09-14T11:24:32.020962Z[0m [31mERROR[0m codec_extension ThreadId(12) [2mzenoh_codec::common::extension[0m[2m:[0m Unknown Test ext: ZExtUnknown { Id: 2, Mandatory: true, Encoding: "ZBuf", Value: ZBuf { slices: [[ab, 61, 0f, 85, 21, 8e, 26, 03, 50, c9, 32, 36, 3c, 10, f1, d0, b0, cc, ca, 61, 2b, 8d, 18, ad, f5, 71, 9c, 06, 25, b1, 2f, 47]] } }
[2m2026-09-14T11:24:32.020968Z[0m [31mERROR[0m codec_extension ThreadId(12) [2mzenoh_codec::common::extension[0m[2m:[0m Unknown Test ext: ZExtUnknown { Id: 2, Mandatory: true, Encoding: "ZBuf", Value: ZBuf { slices: [[04, 50, 51, dd, bb, 12, 11, f4]] } }
[2m2026-09-14T11:24:32.020972Z[0m [31mERROR[0m codec_extension ThreadId(12) [2mzenoh_codec::common::extension[0m[2m:[0m Unknown Test ext: ZExtUnknown { Id: 2, Mandatory: true, Encoding: "ZBuf", Value: ZBuf { slices: [[ba, 45, 90, 1b, f1, 46, a5, b4, 5a, da, 5b, 28, 5d, 59, 2c, 6f, d0, 29, 31]] } }
[2m2026-09-14T11:24:32.020991Z[0m [31mERROR[0m codec_extension ThreadId(12) [2mzenoh_codec::common::extension[0m[2m:[0m Unknown Test ext: ZExtUnknown { Id: 2, Mandatory: true, Encoding: "ZBuf", Value: ZBuf { slices: [[e2, 0d, 9f, 19, bd, cf, 17, 04, b3, 00, e0, fc, 76, 5a, 2a, 6c, e2, 4e, f5, 25, 01, 4f, 4b, f8, 0c, d0, b8, 04, 23, ec, 2b, 42, 92, f1, 29, f0]] } }
[2m2026-09-14T11:24:32.020996Z[0m [31mERROR[0m codec_extension ThreadId(12) [2mzenoh_codec::common::extension[0m[2m:[0m Unknown Test ext: ZExtUnknown { Id: 2, Mandatory: true, Encoding: "ZBuf", Value: ZBuf { slices: [[1b, b4, e0, 71, 06, 2c, 1a, 94, df]] } }
[2m2026-09-14T11:24:32.021015Z[0m [31mERROR[0m codec_extension ThreadId(12) [2mzenoh_codec::common::extension[0m[2m:[0m Unknown Test ext: ZExtUnknown { Id: 2, Mandatory: true, Encoding: "ZBuf", Value: ZBuf { slices: [[08, 7f, bd, 33, bb, 46, b7, f6, 11, 2f, f9, 59, 76, e4, b3, d6, 41, 2d, 39, 37, 7c, d3, 5f, 62, 2d, 29, 9b, 8a, 18, 0e, 27, 6c, 53, 52, 50, 10, 19, a3, 2b, 04, 31, 7a, 01, 9f, 6c, f6, 62, 30, a1, a8, b8, a4, 41, e5, 6e, d4, fb, 6d, 01, 59, 63, 54]] } }
[2m2026-09-14T11:24:32.021037Z[0m [31mERROR[0m codec_extension ThreadId(12) [2mzenoh_codec::common::extension[0m[2m:[0m Unknown Test ext: ZExtUnknown { Id: 2, Mandatory: true, Encoding: "ZBuf", Value: ZBuf { slices: [[10, 11, 6c, 62, 80, c6, 28, 76, f8, 1b, 8d, 17, 1f, 26, e9, ab, a3, 07]] } }
[2m2026-09-14T11:24:32.021041Z[0m [31mERROR[0m codec_extension ThreadId(12) [2mzenoh_codec::common::extension[0m[2m:[0m Unknown Test ext: ZExtUnknown { Id: 2, Mandatory: true, Encoding: "ZBuf", Value: ZBuf { slices: [[1c, 1d, 09, fb, bd, 60, 9e, 7b, b5]] } }
[2m2026-09-14T11:24:32.021047Z[0m [31mERROR[0m codec_extension ThreadId(12) [2mzenoh_codec::common::extension[0m[2m:[0m Unknown Test ext: ZExtUnknown { Id: 2, Mandatory: true, Encoding: "ZBuf", Value: ZBuf { slices: [[bc, 6d, b4, 07, 8e, b3, 53, 32, 68, ab, 77, 7d, a7]] } }
[2m2026-09-14T11:24:32.021066Z[0m [31mERROR[0m codec_extension ThreadId(12) [2mzenoh_codec::common::extension[0m[2m:[0m Unknown Test ext: ZExtUnknown { Id: 2, Mandatory: true, Encoding: "ZBuf", Value: ZBuf { slices: [[91, f9, 6b, b1, 95, 4b, 28, b5, 53, 3e, 37, 16, 9c, 7e, e5, 9e, 04, 2f, c2, 3a, aa, 8b, da, 77, dd, bb, c1, f8, a0, 58, 09, 0c, 3d, 7d, 21, a8, 2c, 7f, d9, 1d, 6e, 8f, 64, 28, e0, 34, 55, 13, df, 4e, 4d, ec]] } }
[2m2026-09-14T11:24:32.021086Z[0m [31mERROR[0m codec_extension ThreadId(12) [2mzenoh_codec::common::extension[0m[2m:[0m Unknown Test ext: ZExtUnknown { Id: 2, Mandatory: true, Encoding: "ZBuf", Value: ZBuf { slices: [[49, 77, 7d, c2, 5a, 0a, 72, 23, c4, 3a, 04, be, 37, 20, 09, 7f, fa, d3, 1a, e0, d0, f6, 12, 92, da, db, 80, 30, f3, 92, e3, 41, 80, aa, cd, 1e, 35, 2f, a8, c4, bd, e2, 7f, 61, 2f, 69, e3, 2c, 23]] } }
[2m2026-09-14T11:24:32.021106Z[0m [31mERROR[0m codec_extension ThreadId(12) [2mzenoh_codec::common::extension[0m[2m:[0m Unknown Test ext: ZExtUnknown { Id: 2, Mandatory: true, Encoding: "ZBuf", Value: ZBuf { slices: [[ab, a2, de, ca, 49, b1, 1f, f2, 9e, 6f, 33, 65, d1, 9c, 9b, 06, aa, c1, b3, b6, 19, 7c, ac, 95, 7d, 4a, 4d, ac, fa, 7c, a9, 43, ec, fc, 5b, 66, 71, f2, d7, 8f, 9a, 01, 24, 53, f6, b2, d6, 0b, 23, f1, 4c, ee, 51, 98, c8, a2, 50, 0f, ed, 4b]] } }
[2m2026-09-14T11:24:32.021112Z[0m [31mERROR[0m codec_extension ThreadId(12) [2mzenoh_codec::common::extension[0m[2m:[0m Unknown Test ext: ZExtUnknown { Id: 2, Mandatory: true, Encoding: "ZBuf", Value: ZBuf { slices: [[0e, 24, 84, 0b, af, d3, 02, 10, 0f, 11, 8c, 65, 13, 4c, 7f, 1a, 85, 45, 0c]] } }
[2m2026-09-14T11:24:32.021117Z[0m [31mERROR[0m codec_extension ThreadId(12) [2mzenoh_codec::common::extension[0m[2m:[0m Unknown Test ext: ZExtUnknown { Id: 2, Mandatory: true, Encoding: "ZBuf", Value: ZBuf { slices: [[ff, 53, a9, f3, d4, 07, 24, 54, d6, 22, b9, aa, 3b, 2f, f6, 87, 66]] } }
[2m2026-09-14T11:24:32.021135Z[0m [31mERROR[0m codec_extension ThreadId(12) [2mzenoh_codec::common::extension[0m[2m:[0m Unknown Test ext: ZExtUnknown { Id: 2, Mandatory: true, Encoding: "ZBuf", Value: ZBuf { slices: [[ea, 9f, 26, bc, 77, 07, 29, c0, 38, 39, 8d, fa, cd, 64, 3e, 53, 94, 58, f4, a2, b5, 86, 57, 6c, 0e]] } }
[2m2026-09-14T11:24:32.021141Z[0m [31mERROR[0m codec_extension ThreadId(12) [2mzenoh_codec::common::extension[0m[2m:[0m Unknown Test ext: ZExtUnknown { Id: 2, Mandatory: true, Encoding: "ZBuf", Value: ZBuf { slices: [[02, 23, 6d, 13, 89, 22, 61, 71, 22, 2a, 9e, 8e, ae, 2c, 90, 75, 11, a9, 1d, 5b, ef, de, b9, a8, 04, 5f]] } }
[2m2026-09-14T11:24:32.021160Z[0m [31mERROR[0m codec_extension ThreadId(12) [2mzenoh_codec::common::extension[0m[2m:[0m Unknown Test ext: ZExtUnknown { Id: 2, Mandatory: true, Encoding: "ZBuf", Value: ZBuf { slices: [[c9, 94, 22, 11, 4c, f0, 7f, ea, d1, e1, 7b, 77, 7d, 13, b0, bc, 6a, e8, 7c, 9a, 5b, 20, c9, 46, a3, 99, e5]] } }
[2m2026-09-14T11:24:32.021165Z[0m [31mERROR[0m codec_extension ThreadId(12) [2mzenoh_codec::common::extension[0m[2m:[0m Unknown Test ext: ZExtUnknown { Id: 2, Mandatory: true, Encoding: "ZBuf", Value: ZBuf { slices: [[14, c1, 2c, be, f1, ee, 33, 76, e5, b0, b6, 43, 06, eb, e6, 58, 07, c9, 1e, 58, 6c, 72, e4, ce, 4d, ea, 6d, 08, 57, 38, 11, 42, 6a]] } }
[2m2026-09-14T11:24:32.021184Z[0m [31mERROR[0m codec_extension ThreadId(12) [2mzenoh_codec::common::extension[0m[2m:[0m Unknown Test ext: ZExtUnknown { Id: 2, Mandatory: true, Encoding: "ZBuf", Value: ZBuf { slices: [[75, cd, fd, f1, ca, 55, 34, 3d, f1, 0b, 1f, 34, 3b, 21, b5, e3, fd, a3, c0, 9f, 94, 6b, 27, fc, 12, 08, 28, 72, d0, ec, 0b, 77, d0, 79, f1, 29, 45, a1, 2c]] } }
[2m2026-09-14T11:24:32.021190Z[0m [31mERROR[0m codec_extension ThreadId(12) [2mzenoh_codec::common::extension[0m[2m:[0m Unknown Test ext: ZExtUnknown { Id: 2, Mandatory: true, Encoding: "ZBuf", Value: ZBuf { slices: [[14, 77, fd, 03, d6, 4f, 1c, 55, 7b, 17, 41, c5, f9, 57, 68, 43, 03, e7, 0a]] } }
[2m2026-09-14T11:24:32.021209Z[0m [31mERROR[0m codec_extension ThreadId(12) [2mzenoh_codec::common::extension[0m[2m:[0m Unknown Test ext: ZExtUnknown { Id: 2, Mandatory: true, Encoding: "ZBuf", Value: ZBuf { slices: [[f3, d7, fb, 09, 66, 67, 19, f6, 09, a3, a0, c0, 34, 04, a2, 39, 86, c2]] } }
[2m2026-09-14T11:24:32.021214Z[0m [31mERROR[0m codec_extension ThreadId(12) [2mzenoh_codec::common::extension[0m[2m:[0m Unknown Test ext: ZExtUnknown { Id: 2, Mandatory: true, Encoding: "ZBuf", Value: ZBuf { slices: [[bc, 5d, 94, e3, 7a, cb, 02, 12, 3b, 58, ff, 4e, 9b, 1b]] } }
[2m2026-09-14T11:24:32.021232Z[0m [31mERROR[0m codec_extension ThreadId(12) [2mzenoh_codec::common::extension[0m[2m:[0m Unknown Test ext: ZExtUnknown { Id: 2, Mandatory: true, Encoding: "ZBuf", Value: ZBuf { slices: [[95, 9d, fa, cb, f1, de, 4b, 1a, 1e, e8, fd, 83, 51, a1, 94, fc, 79, d4, 65, 0d, 4a, 8b, b2, 90, 64, 7c, 69, 25, 6f, 23, 70, e0, c7, cf, a5, 81, cb, f1, b9, 42, 69, 81]] } }
[2m2026-09-14T11:24:32.021252Z[0m [31mERROR[0m codec_extension ThreadId(12) [2mzenoh_codec::common::extension[0m[2m:[0m Unknown Test ext: ZExtUnknown { Id: 2, Mandatory: true, Encoding: "ZBuf", Value: ZBuf { slices: [[97, 0a, 02, 38, 54, 14, 85, 88, 61, 1b, e9, 33, 8d, a6, 6c, 79, 91, 16, ef, a0, 5a, 65, ce, 0a, 89, 45, 91, 55, f1, fb, f7, 92, 22, 29, 5a, 02, a3, 37, 4b, 08, 40, ad, dd, 83, c7, 07, 50, f6, 03, 65, 80, 07, d8, e4, ab, d4, 46, 46, 68, 02, 64]] } }
[2m2026-09-14T11:24:32.021262Z[0m [31mERROR[0m codec_extension ThreadId(12) [2mzenoh_codec::common::extension[0m[2m:[0m Unknown Test ext: ZExtUnknown { Id: 2, Mandatory: true, Encoding: "ZBuf", Value: ZBuf { slices: [[95, ad, d1, 39, e5, e0, 1f, ba, 8e, 2a, 95, fd, 15, da, e8, 7d, b3, d5, 00, 64, c8, 16, 05, 89, 7f, 02, a7, 22]] } }
[2m2026-09-14T11:24:32.021282Z[0m [31mERROR[0m codec_extension ThreadId(12) [2mzenoh_codec::common::extension[0m[2m:[0m Unknown Test ext: ZExtUnknown { Id: 2, Mandatory: true, Encoding: "ZBuf", Value: ZBuf { slices: [[3b, f8, bd, 12, 19, 3c, 3e, 0d, 6f, 6a, 32, 6a, a3, c0, d8, 97, 7f, 5f, ac, a9, 47, d5, 73, 06, e3, 41, c8, f7, 49, f0, 93, 16, c2, 41, 1a, ff, c6, 95, 3f, 4b, 91, 2b, 76, 88, 07, ca, 51, c8, ff, 13, 43, 55, 60, e2, 02, 6c]] } }
[2m2026-09-14T11:24:32.021302Z[0m [31mERROR[0m codec_extension ThreadId(12) [2mzenoh_codec::common::extension[0m[2m:[0m Unknown Test ext: ZExtUnknown { Id: 2, Mandatory: true, Encoding: "ZBuf", Value: ZBuf { slices: [[2c, 62, d7, 1c, 7c, 14, 44, c6, 2b, 18, 8d, e9, e1, d5, a0, 33, 9d, 09, c7, a8, 8e, 37, 9b, 2c, a6, 1f, b1, df, 95, d1, ac, ae, f0, 09, f8, 08, 7a, 28, 88, 89, b9, b5, 73, 61, c7, 9f, 61, e9, e3, bc, ae, 61, 87]] } }
[2m2026-09-14T11:24:32.021322Z[0m [31mERROR[0m codec_extension ThreadId(12) [2mzenoh_codec::common::extension[0m[2m:[0m Unknown Test ext: ZExtUnknown { Id: 2, Mandatory: true, Encoding: "ZBuf", Value: ZBuf { slices: [[e9, f0, 0b, 37, f1, 89, 5a, 41, b6, c7, e7, 1c, 25, 46, a7, 6d, c2, e9, aa, 00, f4, 07, 2d, 8f, b8, 0c, 49, 5f, 8d, 60, e5, 3c, 2c, 18, f5, 0e, f6, a8, 3f, 89, 51, 76, 52, c3, 51, 51, d7, 43, 77, 73, d3, 5c, 74, 46, 2a]] } }
[2m2026-09-14T11:24:32.021329Z[0m [31mERROR[0m codec_extension ThreadId(12) [2mzenoh_codec::common::extension[0m[2m:[0m Unknown Test ext: ZExtUnknown { Id: 2, Mandatory: true, Encoding: "ZBuf", Value: ZBuf { slices: [[26, 69, 9f, b4, 98, d4, 9e, 46, c0, 9c, c7, 4c]] } }
[2m2026-09-14T11:24:32.021350Z[0m [31mERROR[0m codec_extension ThreadId(12) [2mzenoh_codec::common::extension[0m[2m:[0m Unknown Test ext: ZExtUnknown { Id: 2, Mandatory: true, Encoding: "ZBuf", Value: ZBuf { slices: [[2f, 88, 0a, 1f, b6, 52, b6, 78, 7f, ae, 79, 63, fe, 29, 40, e8, d8, e1, 3d, 4e, 33, 33, 9c, 5a, c3, a1, 00, f7, ed, 55, 40, c1, 99, 9a, 84, fa, 74, 58, 03, e8, b2, 75, 4d, 00, 37, f3, b3, 70, f7, bd, 2a, e7, 6d, bd, 64, 7c, c2, 0d, 65, 37, ca, 9f]] } }
[2m2026-09-14T11:24:32.021373Z[0m [31mERROR[0m codec_extension ThreadId(12) [2mzenoh_codec::common::extension[0m[2m:[0m Unknown Test ext: ZExtUnknown { Id: 2, Mandatory: true, Encoding: "ZBuf", Value: ZBuf { slices: [[6b, b6, 7f, 74, 29, a0, bf, c2, 46, 68, 6e, 71, 4b, 61, b7, 1f, fb, c4, 72, c1, b2, c2, 03, b2, b1, 3c, 97, 45, 3a, c8, 85, 0f, 2a, a9, 6a, b5, cc, 7d, 76, 7f, b1, 30, 2d, 6e, ea, 32, 4a, 20, 62, 87, e7, 7b]] } }
[2m2026-09-14T11:24:32.021379Z[0m [31mERROR[0m codec_extension ThreadId(12) [2mzenoh_codec::common::extension[0m[2m:[0m Unknown Test ext: ZExtUnknown { Id: 2, Mandatory: true, Encoding: "ZBuf", Value: ZBuf { slices: [[38, e0, 59, 5f, 72, 5c, 0f, 12, 60, 80, ce, 0c, 47, 81, ea, 16, cd, ce, 02, 36, c9, da, 38, 47, 1d, 94]] } }
[2m2026-09-14T11:24:32.021399Z[0m [31mERROR[0m codec_extension ThreadId(12) [2mzenoh_codec::common::extension[0m[2m:[0m Unknown Test ext: ZExtUnknown { Id: 2, Mandatory: true, Encoding: "ZBuf", Value: ZBuf { slices: [[05, 19, fd, 70, 23, 67, 45, eb, 0b, 8b, 27, ec, 7e, 42, cf, 5e, 6c, dd, de, e4, 6f, 2a, d4, 19, 85, 37]] } }
[2m2026-09-14T11:24:32.021405Z[0m [31mERROR[0m codec_extension ThreadId(12) [2mzenoh_codec::common::extension[0m[2m:[0m Unknown Test ext: ZExtUnknown { Id: 2, Mandatory: true, Encoding: "ZBuf", Value: ZBuf { slices: [[51, 6a, e3, 6d, e1, 65, 1b, b9, 53, 37, 46, f2, cb, 11, c1, 4c, f0, a3, 40, af, ae, 8f, b8, f9]] } }
[2m2026-09-14T11:24:32.021423Z[0m [31mERROR[0m codec_extension ThreadId(12) [2mzenoh_codec::common::extension[0m[2m:[0m Unknown Test ext: ZExtUnknown { Id: 2, Mandatory: true, Encoding: "ZBuf", Value: ZBuf { slices: [[46, 4c, 2b, 71, 77, c0, 43, da, ed, 46, bf, f3, 7a]] } }
[2m2026-09-14T11:24:32.021428Z[0m [31mERROR[0m codec_extension ThreadId(12) [2mzenoh_codec::common::extension[0m[2m:[0m Unknown Test ext: ZExtUnknown { Id: 2, Mandatory: true, Encoding: "ZBuf", Value: ZBuf { slices: [[10, f5, ea, d6, c9, ba, 56, 3a, b5, 43, 56, 73, 03, 83, 7f, bb, 1a, 8a, c9, 43, de, 08, cf, ec, 03, 3a, 51, 91, b3, b0, 88, be, a8, 29, 9b, eb, 28, a2, a5, 87, e8, 23, e8, 30, 8e, 41, a3, 58, f6, 25, c6, a9, 9c, 29, be, 78]] } }
[2m2026-09-14T11:24:32.021449Z[0m [31mERROR[0m codec_extension ThreadId(12) [2mzenoh_codec::common::extension[0m[2m:[0m Unknown Test ext: ZExtUnknown { Id: 2, Mandatory: true, Encoding: "ZBuf", Value: ZBuf { slices: [[b3, 8e, 06, f1, cc, 5b, b8, ae, 87, 1c, ec, ac, fb, 41, df, 17, 99, ee, 03, ce, dd, ba, ba, c5, 12, 24, f3, 9c]] } }
[2m2026-09-14T11:24:32.021454Z[0m [31mERROR[0m codec_extension ThreadId(12) [2mzenoh_codec::common::extension[0m[2m:[0m Unknown Test ext: ZExtUnknown { Id: 2, Mandatory: true, Encoding: "ZBuf", Value: ZBuf { slices: [[f6, 6b, 0f, ca, 9f, 58, b2, f4, 3f, eb, 4b, 06, 2d, 69, d4, 26, 8a, 42, f1, 7b, d2]] } }
[2m2026-09-14T11:24:32.021473Z[0m [31mERROR[0m codec_extension ThreadId(12) [2mzenoh_codec::common::extension[0m[2m:[0m Unknown Test ext: ZExtUnknown { Id: 2, Mandatory: true, Encoding: "ZBuf", Value: ZBuf { slices: [[ae, 94, 2a, 58, d5, 76, 73, c0, 22, 61, 5e, 5d, d3, 4c, 71, 6b, da, fd, 2e, e2, 49, 29, a0, e0, ab, e0, 2a, 64, ca, 1a, 99, 5a, 1d, f9, 03, 87, a3, 8e, 35, f9, b8, 6f, c4, 7a, 1f, 69, 91, 66, d2, cb, 5c, da, 20, e1, 92, 95, 68, 5d, b7, 1a, db, 4a]] } }
[2m2026-09-14T11:24:32.021494Z[0m [31mERROR[0m codec_extension ThreadId(12) [2mzenoh_codec::common::extension[0m[2m:[0m Unknown Test ext: ZExtUnknown { Id: 2, Mandatory: true, Encoding: "ZBuf", Value: ZBuf { slices: [[28, ad, 28, ba, 99, cd, e3, ba, ed, 10, 70, 97, 88, 62, ce, 69, ac, 41, 69, 58, 2b, ba, 1f, bb, 62, fc, a7, 31, 33, f3, 73, 8d, 94, de, 76, 55, e3, 15, d5, 7f, 72, 48, 50, 44, e3, fe, 2d, 21, e9, 9e]] } }
[2m2026-09-14T11:24:32.021513Z[0m [31mERROR[0m codec_extension ThreadId(12) [2mzenoh_codec::common::extension[0m[2m:[0m Unknown Test ext: ZExtUnknown { Id: 2, Mandatory: true, Encoding: "ZBuf", Value: ZBuf { slices: [[03, b1, 7b, d9, 6a, fc, c3, 62, e1, 79, 9f, 28, cf, e7, a8, 5b, d7, f4, d8, ee, 55, d5, 53, b4, b8, a7, 6d, 55, 7c, f2, 18, 02, 77, 7f, a5, b3, 26, 33, 79, f4, 69, 35, 7c, cd, 87, e0, 1d, 94, cc]] } }
[2m2026-09-14T11:24:32.021534Z[0m [31mERROR[0m codec_extension ThreadId(12) [2mzenoh_codec::common::extension[0m[2m:[0m Unknown Test ext: ZExtUnknown { Id: 2, Mandatory: true, Encoding: "ZBuf", Value: ZBuf { slices: [[88, ce, 5f, 23, 73, 56, a0, ef, 80, 2b, 15, 4d, 9b, 41, 7f, fe, 93, 68, 90, 0c, f6, e6, 41, ac, 31, d6, 16, 21, 78, cb, 66, 98, 32, de, aa, 10, e0, b1, 4c, 1c, bb, a2, 3f, d7, 97, fa, 62, 31, 7d, 79, 44, ad, b0, 3f, ed, 2d, df, 6c, d5, f8]] } }
[2m2026-09-14T11:24:32.021555Z[0m [31mERROR[0m codec_extension ThreadId(12) [2mzenoh_codec::common::extension[0m[2m:[0m Unknown Test ext: ZExtUnknown { Id: 2, Mandatory: true, Encoding: "ZBuf", Value: ZBuf { slices: [[7d, c3, af, 35, 4e, 2b, 48, f0, 45, 6d, 7e, 4a, 52, 9d, bb, 72, d2, 7f, 3d, f6, 93, 75, dd, 17, 69, d3, 33, 87, 6c, 1d, 9f, a7, 29, 60, 4a, a9, ed, 3d, ab, b5, 41, 16, 5f, 74, be, 1d, b9, db, 4e, 46, 19, 73, 43, 92, c1, 96, a7, 50, 7c, 58, 35, 16]] } }
[2m2026-09-14T11:24:32.021576Z[0m [31mERROR[0m codec_extension ThreadId(12) [2mzenoh_codec::common::extension[0m[2m:[0m Unknown Test ext: ZExtUnknown { Id: 2, Mandatory: true, Encoding: "ZBuf", Value: ZBuf { slices: [[90, 79, 1e, 89, bf, 75, 96, c0, 63, 8b, ab, 13, cd, 34, f4, 0f, 5a, ad, 5b, a9, 5e, c0, 1b, ab, f1, 15, 0e, f8, 96, f9, ea, 4a, 4c, 7f, 1d, 95, e5, 2c, a1, e9, 4b, 8e, 2b, b7, 53, 70, 05, 1e, 11, fa, c7, bb, 9f, 87, c0]] } }
[2m2026-09-14T11:24:32.021582Z[0m [31mERROR[0m codec_extension ThreadId(12) [2mzenoh_codec::common::extension[0m[2m:[0m Unknown Test ext: ZExtUnknown { Id: 2, Mandatory: true, Encoding: "ZBuf", Value: ZBuf { slices: [[9c, 99, 4b, 57, e3, f1, bb, 0d, af, 2f, 58, ba, 34, 17, c0, 39, 9c, c5, c6, 29, 35, 08, 3c, e9, d3, e4, 8a]] } }
[2m2026-09-14T11:24:32.021601Z[0m [31mERROR[0m codec_extension ThreadId(12) [2mzenoh_codec::common::extension[0m[2m:[0m Unknown Test ext: ZExtUnknown { Id: 2, Mandatory: true, Encoding: "ZBuf", Value: ZBuf { slices: [[d4, 1f, ec, 8d, dd, 98, ee, 0a, bc]] } }
[2m2026-09-14T11:24:32.021606Z[0m [31mERROR[0m codec_extension ThreadId(12) [2mzenoh_codec::common::extension[0m[2m:[0m Unknown Test ext: ZExtUnknown { Id: 2, Mandatory: true, Encoding: "ZBuf", Value: ZBuf { slices: [[9e, 54, 9c, a4, a1, 7b, 7b, fe, ff, ca, 09, 08, 86, 29, 53, b7, 9b, eb, d3, a4, 93, b2, 37, 5f, 2f, a3, 0f, f1, 02, 86, 94, 3a, f5, 27, 01]] } }
[2m2026-09-14T11:24:32.021625Z[0m [31mERROR[0m codec_extension ThreadId(12) [2mzenoh_codec::common::extension[0m[2m:[0m Unknown Test ext: ZExtUnknown { Id: 2, Mandatory: true, Encoding: "ZBuf", Value: ZBuf { slices: [[e0, d3, 24, f2, 1d, e1, 23, ad, 2b, 29, 8f, cc, d8, 5d, 4a, db, 5b, 22, 20, 15, 16]] } }
[2m2026-09-14T11:24:32.021630Z[0m [31mERROR[0m codec_extension ThreadId(12) [2mzenoh_codec::common::extension[0m[2m:[0m Unknown Test ext: ZExtUnknown { Id: 2, Mandatory: true, Encoding: "ZBuf", Value: ZBuf { slices: [[ce, 0b, 9f, ba, 11, 85, 1a, 89, 56, c9, 1d, db, b6, 10, 9b, 54, 0e, 01, ce, 7d, 53, d7, 9d, 56, 0b, eb, 16, 0b, f4, c6, f4, f6, c9, 6e, d8, f0, 96, ef, 51, 2d, 14, cf, fb, 4c, 1c, 59, df, dd, 81, c8, b1, 50]] } }
[2m2026-09-14T11:24:32.021664Z[0m [31mERROR[0m codec_extension ThreadId(12) [2mzenoh_codec::common::extension[0m[2m:[0m Unknown Test ext: ZExtUnknown { Id: 2, Mandatory: true, Encoding: "ZBuf", Value: ZBuf { slices: [[e0, 25, 47, 0a, e5, 00, 54, 3f, df, b3, 80, 7d, 32, ca, 40, 67, 5f, 48, 30, 9a, 5a, b3, 75, 3f, 8a, eb, e5, bc, 8e, 05, 9d, 9b, 0c, 5f, 3a, 20, 9d, 25, 3c, 09, f2, 24, ac, 09, f1, 3d, 9c, 05, 79, e4, af, ca, 37, 59, da, 06, b4, 7c, f5, d6, d1, 40]] } }
[2m2026-09-14T11:24:32.021671Z[0m [31mERROR[0m codec_extension ThreadId(12) [2mzenoh_codec::common::extension[0m[2m:[0m Unknown Test ext: ZExtUnknown { Id: 2, Mandatory: true, Encoding: "ZBuf", Value: ZBuf { slices: [[76, 38, 76, 3f, 67, dc, 45, e1, d9, eb, 64, ca, 3d, 38, 01, a9, 2b, 80, 49, 19, c8, c9, 95, 17, 38, 5c, 56, 6a, c2, 18, 97, e6, 8b, f0, 71]] } }
[2m2026-09-14T11:24:32.021704Z[0m [31mERROR[0m codec_extension ThreadId(12) [2mzenoh_codec::common::extension[0m[2m:[0m Unknown Test ext: ZExtUnknown { Id: 2, Mandatory: true, Encoding: "ZBuf", Value: ZBuf { slices: [[51, 37, 7f, 48, ed, 7d, f2, 8a, 58, 38, a3, e4, 5c, ad, 4c, ea, 31, 8e, 5c, a4, 9b, fe, 58, f1, c1, d1, e6, d3, ec, c2, ee, 8e, 39, aa, 46, c9, 17, ef, e6, 33, f5, 3a, 95, 27, f7, 45, 43, 5b, 5b, 0f, 66, a4, 71]] } }
[2m2026-09-14T11:24:32.021725Z[0m [31mERROR[0m codec_extension ThreadId(12) [2mzenoh_codec::common::extension[0m[2m:[0m Unknown Test ext: ZExtUnknown { Id: 2, Mandatory: true, Encoding: "ZBuf", Value: ZBuf { slices: [[9a, 86, c7, 50, 83, 41, af, 58, d5, fd, 0b, 54, 4e, 62, 44, c2, 15, d4, f3, 31, f6, 58, c7, 25, ea, 99, 5d, b6, c2, eb, 26, 0c, 9c, d3, 4d, 76, d3, e1, 0a, bd, 38, 14, cf, f1]] } }
[2m2026-09-14T11:24:32.021746Z[0m [31mERROR[0m codec_extension ThreadId(12) [2mzenoh_codec::common::extension[0m[2m:[0m Unknown Test ext: ZExtUnknown { Id: 2, Mandatory: true, Encoding: "ZBuf", Value: ZBuf { slices: [[a1, 6b, 81, 82, 56, d4, 78, 19, 0e, f9, d2, 1e, 66, 56, 03, 7e, c8, 8e, 64, 80, 81, 9a, 2e, 74, 7c, 86, 45, 40, 5d, 1d, 43, 1e, b9, d3, 4a, 29, 15, fb, 5e, d5, 3a, 1e, 62, 75, e4, ee, 01]] } }
[2m2026-09-14T11:24:32.021752Z[0m [31mERROR[0m codec_extension ThreadId(12) [2mzenoh_codec::common::extension[0m[2m:[0m Unknown Test ext: ZExtUnknown { Id: 2, Mandatory: true, Encoding: "ZBuf", Value: ZBuf { slices: [[43, 95, 8e, 30, 00, 5b, 31, 2a, 53, 40, d8, 28, 35, a0, c1, 8b, 65, b1, fb]] } }
[2m2026-09-14T11:24:32.021771Z[0m [31mERROR[0m codec_extension ThreadId(12) [2mzenoh_codec::common::extension[0m[2m:[0m Unknown Test ext: ZExtUnknown { Id: 2, Mandatory: true, Encoding: "ZBuf", Value: ZBuf { slices: [[22, 4b, ea, ef, 3d, 7a, 58, 42, e6, 63, 13, bd, c9, 3c, 94, c1, 34, 6f, a8, 9e, d0, f2, b7, b9, 8e, 8b, 2e, c1, ac, ce, 41, be, d2, 7d, 96, c8, c1, fb, 36, 02, fc, 09, eb, 67, 43, 7e, ee, 38, 64]] } }
[2m2026-09-14T11:24:32.021777Z[0m [31mERROR[0m codec_extension ThreadId(12) [2mzenoh_codec::common::extension[0m[2m:[0m Unknown Test ext: ZExtUnknown { Id: 2, Mandatory: true, Encoding: "ZBuf", Value: ZBuf { slices: [[22, cc, 99, ec, c4, 98, 65, e9, 8b, 73, c6, f5, bd, 67, e4, 5b]] } }
[2m2026-09-14T11:24:32.021796Z[0m [31mERROR[0m codec_extension ThreadId(12) [2mzenoh_codec::common::extension[0m[2m:[0m Unknown Test ext: ZExtUnknown { Id: 2, Mandatory: true, Encoding: "ZBuf", Value: ZBuf { slices: [[68, b0, ce, 31, 9b, 77, b6, af, 4e, 86, e6, cd, 94, 9d, 56, 35, 59, a6, 67, f8, 44, 6c, c8, 3f, 6e, 3a, 66, 68, 63, 98, a0, cc, 8a, 5e, 71, 16, 18, 25, 35, c8, 93, 2b, c2, 04, 2c, 4a, 9e, 5d, 81, a5, bc, 27, c2, 36, 9a, 76, 0a, 46, 82, 34, 99]] } }
[2m2026-09-14T11:24:32.021802Z[0m [31mERROR[0m codec_extension ThreadId(12) [2mzenoh_codec::common::extension[0m[2m:[0m Unknown Test ext: ZExtUnknown { Id: 2, Mandatory: true, Encoding: "ZBuf", Value: ZBuf { slices: [[c7, 56, f8, 52, 5f, 87, 01, 0f, a7, 05, 3e, d8, d0, d1, 28, 5c, 3a, d5, 73, 4f]] } }
[2m2026-09-14T11:24:32.021821Z[0m [31mERROR[0m codec_extension ThreadId(12) [2mzenoh_codec::common::extension[0m[2m:[0m Unknown Test ext: ZExtUnknown { Id: 2, Mandatory: true, Encoding: "ZBuf", Value: ZBuf { slices: [[cb, 88, c3, db, 82, 6b, 38, b5, 27, 2b, 4a, 72, 8b, f4, d3, db, a6, 1f, 22, d1, 00, 76, 66, ff, 3e, 3b, 8a, 2f, da, 14, 7c, 8e, 49, 52, e1, 45, 04, 43]] } }
[2m2026-09-14T11:24:32.021827Z[0m [31mERROR[0m codec_extension ThreadId(12) [2mzenoh_codec::common::extension[0m[2m:[0m Unknown Test ext: ZExtUnknown { Id: 2, Mandatory: true, Encoding: "ZBuf", Value: ZBuf { slices: [[50, bd, 28, 27, c5, 53, ad, d9, cb, 48, c5, 0a, ab]] } }
[2m2026-09-14T11:24:32.021846Z[0m [31mERROR[0m codec_extension ThreadId(12) [2mzenoh_codec::common::extension[0m[2m:[0m Unknown Test ext: ZExtUnknown { Id: 2, Mandatory: true, Encoding: "ZBuf", Value: ZBuf { slices: [[64, 18, 40, 4a, 3e, a5, 88, 2b, f1, e0, 8b, d2, d5, e3, bf, db, 17, 6e, bd, dd, 7d, 76, f8, 06, 4e, 55, 42, ef, 45, ac]] } }
[2m2026-09-14T11:24:32.021870Z[0m [31mERROR[0m codec_extension ThreadId(12) [2mzenoh_codec::common::extension[0m[2m:[0m Unknown Test ext: ZExtUnknown { Id: 2, Mandatory: true, Encoding: "ZBuf", Value: ZBuf { slices: [[8e, ec, d1, 8a, c7, c7, b3, 52, bb, de, cc, b4, 7d, de, cd, 26, eb, de, 33, 1d, 15, f0, 4e, 15, 7d, 37, 5e, 94, 85, 05, 03, fa, de, 23, 1c, 15, f4, fa, 44, a0, bf, 72, 8a, 80, 37, 60, d8, 30]] } }
[2m2026-09-14T11:24:32.021877Z[0m [31mERROR[0m codec_extension ThreadId(12) [2mzenoh_codec::common::extension[0m[2m:[0m Unknown Test ext: ZExtUnknown { Id: 2, Mandatory: true, Encoding: "ZBuf", Value: ZBuf { slices: [[32, ae, 39, 36, 8b, c6, 0e, 47, c0, 04, 6d, b7, 3f, d2, 66, cd, 3e, 79, 90, 8d, 2b, 79, 74, f6, a5, dc, ea, 8a, cf, 30, 3b, 7a, bf, 32, 93, ad, f5, 49, 30]] } }
[2m2026-09-14T11:24:32.021897Z[0m [31mERROR[0m codec_extension ThreadId(12) [2mzenoh_codec::common::extension[0m[2m:[0m Unknown Test ext: ZExtUnknown { Id: 2, Mandatory: true, Encoding: "ZBuf", Value: ZBuf { slices: [[6e, f8, fd, 40, 1f, 4e, c0, 04, 52, d4, 69, a8, 4f, 64, 65, 3d, bc, 89, 7f, 93, 68, 46, c1, 8d, ba]] } }
[2m2026-09-14T11:24:32.021902Z[0m [31mERROR[0m codec_extension ThreadId(12) [2mzenoh_codec::common::extension[0m[2m:[0m Unknown Test ext: ZExtUnknown { Id: 2, Mandatory: true, Encoding: "ZBuf", Value: ZBuf { slices: [[e7, ed, 85, 12, 0c, 02, df, cf, d5, 96, ff, ea, 80, a1, 7f, f5, 4f, 7d, 8e, ac, 04, 01, b3, 3a, 7d, 87, 6e, 62, db, 26, 47, c8, 48, 3a, 8f, 4c, 53, 95, d3, aa, 07, 67, 20, 98, 54, 64, 0f, 75, 46, 43]] } }
[2m2026-09-14T11:24:32.021922Z[0m [31mERROR[0m codec_extension ThreadId(12) [2mzenoh_codec::common::extension[0m[2m:[0m Unknown Test ext: ZExtUnknown { Id: 2, Mandatory: true, Encoding: "ZBuf", Value: ZBuf { slices: [[f3, c9, ba, 0a, 41, 88, 82, b6, 69, af, 6d, be, 3b, 52, 56, fc, 10, 41, 30, e0, d9, ba, 88, 3c, c7, 4c, d4, b1, 2b, 18, bd, 27, 59, 6e, 56, e5, f2, b9, 9a]] } }
[2m2026-09-14T11:24:32.021942Z[0m [31mERROR[0m codec_extension ThreadId(12) [2mzenoh_codec::common::extension[0m[2m:[0m Unknown Test ext: ZExtUnknown { Id: 2, Mandatory: true, Encoding: "ZBuf", Value: ZBuf { slices: [[02, 7f, 5f, 7d, 38, 3f, 69, 07, b6, 7c, c2, 8d, b1, 3e, 60, 39, 09, b0, 87, cf, 09, 86, 60, c0, 0f, 24, e6, 42, e2, 82, fb, 6e, 52, d5, b6, 40, 26, 51, 52, 71, cb, 8c, 92, c7, 1e, f7, 3c, 09, e1, 00, 94, 19, f7]] } }
[2m2026-09-14T11:24:32.021964Z[0m [31mERROR[0m codec_extension ThreadId(12) [2mzenoh_codec::common::extension[0m[2m:[0m Unknown Test ext: ZExtUnknown { Id: 2, Mandatory: true, Encoding: "ZBuf", Value: ZBuf { slices: [[14, 7f, 55, 49, ea, b6, 1a, 8f, fd, 53, be, 99, 48, 66, 06, 9a, ab, 2c, f4, 85, 65, 60, aa, 71, 13, b4, ab, f2, 6e, 82, 2e, 02, 70, 21, 5a, be, 44, ca, 8b, bc, 1b, 25, 53, 11, e4, 57, 21, db, 3c, a7, 82, a4, ab, f0, 09, 33]] } }
[2m2026-09-14T11:24:32.021987Z[0m [31mERROR[0m codec_extension ThreadId(12) [2mzenoh_codec::common::extension[0m[2m:[0m Unknown Test ext: ZExtUnknown { Id: 2, Mandatory: true, Encoding: "ZBuf", Value: ZBuf { slices: [[2a, ee, 0a, 83, e2, 05, 2d, a0, 9d, 46, 8d, cf, ed, 38, 51, 57, b5, 7f, b9, fe, bd, dc, ec, 0d, b8, fc, 8e, 10, 1e, b5, ab, 1f, 42, b1, d6, b8, ea, b0, ce, 75, 9d, 4b, 8f, 0a, c1, ff, a1, 7f, 27, aa, 6b, 22, 0d, f6, ca, f1, ae, 92, ca, a4, 2c, 30, 00, 8e]] } }
[2m2026-09-14T11:24:32.022008Z[0m [31mERROR[0m codec_extension ThreadId(12) [2mzenoh_codec::common::extension[0m[2m:[0m Unknown Test ext: ZExtUnknown { Id: 2, Mandatory: true, Encoding: "ZBuf", Value: ZBuf { slices: [[1f, 18, 0d, de, f6, 25, 8d, ef, 9d, 9a, b9, 6e, da, 82, 35, 96, d9, 98, 64, 43, 0f, c9, b1, 4c, 1f, 6c, 21, 6a, 06, 8b, 7a]] } }
[2m2026-09-14T11:24:32.022013Z[0m [31mERROR[0m codec_extension ThreadId(12) [2mzenoh_codec::common::extension[0m[2m:[0m Unknown Test ext: ZExtUnknown { Id: 2, Mandatory: true, Encoding: "ZBuf", Value: ZBuf { slices: [[9d, a6, 71, ff, 59, a3, 6c, f4, e5, 43, 7b, d6, 65, 3b, 98, d5, c0, f0, 84, 07, ce, f2, a9, 4f, e4, 1b, f1, 81, c9, dc, 90, 19, 10, 63, 9e, ab, f6]] } }
[2m2026-09-14T11:24:32.022034Z[0m [31mERROR[0m codec_extension ThreadId(12) [2mzenoh_codec::common::extension[0m[2m:[0m Unknown Test ext: ZExtUnknown { Id: 2, Mandatory: true, Encoding: "ZBuf", Value: ZBuf { slices: [[19, 65, 73, 25, 62, e4, e8, bb, d6, 22, ea, 60, 95, dc, d1, 64, 09, bd, fd, 1d, a0, 30, 33, db, e7, 98, 47, 98, f4, 1f, a9, d9, d3, 18]] } }
[2m2026-09-14T11:24:32.022054Z[0m [31mERROR[0m codec_extension ThreadId(12) [2mzenoh_codec::common::extension[0m[2m:[0m Unknown Test ext: ZExtUnknown { Id: 2, Mandatory: true, Encoding: "ZBuf", Value: ZBuf { slices: [[ba, 55, 48, 58, 61, 29, cf, 1a, b6, b1, 36, b9, 4d, 16, 36, 68, 54, 52, 5f, 6a, ec, a5, 23, 39, 27, a7, 0f, 4d, 58, 92, 4d, e5, d5, 6c, 9e, fe, a8, 63, 51, 7d, 8e, 08, a5, e3, 6c, bf, 4d, ca, f0, 91, 78, 1b, ff, b1, 4f, e6]] } }
[2m2026-09-14T11:24:32.022061Z[0m [31mERROR[0m codec_extension ThreadId(12) [2mzenoh_codec::common::extension[0m[2m:[0m Unknown Test ext: ZExtUnknown { Id: 2, Mandatory: true, Encoding: "ZBuf", Value: ZBuf { slices: [[81, de, 22, e4, 1a, 9c, ae, d8, cf, 9b, d7, 8a, 86, e7, 71, 5b, 4f, 2c, 67, 3a, 2e, 2b, 25, 28, ba, 3c, 02, bc, 3b, 26, 2d, e3, a2, 83, e0, 43, 8f, 3b, a6, db, fc]] } }
[2m2026-09-14T11:24:32.022080Z[0m [31mERROR[0m codec_extension ThreadId(12) [2mzenoh_codec::common::extension[0m[2m:[0m Unknown Test ext: ZExtUnknown { Id: 2, Mandatory: true, Encoding: "ZBuf", Value: ZBuf { slices: [[b4, 0f, 98, 99, 03, 74, 8c, bd, 10, 9d, 03, 69, a9, 10, 68, f5, 44, 86, dd, a0, 00, 41, d7, 81, b7, 63, 39, 8f, 7d, 4e, db, 68, f4, 6a, c4, 1d, 45, 8a, 7e, 4f, 14, 6b, 5a, b2, 3f, 52, c4, 86, a1, e0, 23, c7, 20, 8f, c7, 04, ee, b4, fb, ed, 81, 14, 04]] } }
[2m2026-09-14T11:24:32.022101Z[0m [31mERROR[0m codec_extension ThreadId(12) [2mzenoh_codec::common::extension[0m[2m:[0m Unknown Test ext: ZExtUnknown { Id: 2, Mandatory: true, Encoding: "ZBuf", Value: ZBuf { slices: [[c6, c2, 8a, e8, 03, da, a2, 72, 86, ab, 9c, ed, 40, e0, 4e, 27, 40, af, 5a, cb, 31, 36, cf, 2b, e0, 98, ec, 98, fa, 85, e4, fb, e2, 32, 2c, cd, e9, 51, f9, 29, c7, a5, 60, f2, 9b, 6b, dd, 16, 05]] } }
[2m2026-09-14T11:24:32.022121Z[0m [31mERROR[0m codec_extension ThreadId(12) [2mzenoh_codec::common::extension[0m[2m:[0m Unknown Test ext: ZExtUnknown { Id: 2, Mandatory: true, Encoding: "ZBuf", Value: ZBuf { slices: [[e5, 65, 2d, 5d, d7, 1a, 2d, 19, 9b, 8d, 34, bb, c8, 8f, 20, 19, b3, 45, a3, 11, df, 23, 80, 47, be, 09, e7, b2, 1a, 4e, f1, 95, b4, b8, dd]] } }
[2m2026-09-14T11:24:32.022140Z[0m [31mERROR[0m codec_extension ThreadId(12) [2mzenoh_codec::common::extension[0m[2m:[0m Unknown Test ext: ZExtUnknown { Id: 2, Mandatory: true, Encoding: "ZBuf", Value: ZBuf { slices: [[94, 37, ec, ea, 44, 1d, bd, 61, 86, 99, d8, d3, 5a, 1a, 6f, 98, 39, 35, 9d, 93, 44, 40, 42, 4c, 4b, be, 89, 2b, 22, 6a, 6c, 22, 0c, 61, 17, 36, f6, 37, cd, f9, 89, 61, 73, 16, b1, 49, 8f, 0b, fd, b7, 7c, a2, 89, ef, d8, a6, 92, 0b, 70, d9]] } }
[2m2026-09-14T11:24:32.022161Z[0m [31mERROR[0m codec_extension ThreadId(12) [2mzenoh_codec::common::extension[0m[2m:[0m Unknown Test ext: ZExtUnknown { Id: 2, Mandatory: true, Encoding: "ZBuf", Value: ZBuf { slices: [[9e, 56, 13, 1b, 8f, 30, 42, 1b, 70, 9f, 6e, 97, 7e, e5, 86, 4e, fb, 31, b0, dd, 62, e9, 26, 4b, 3e, f6, 51, 47, d2, 5c, ec, e2, 45, 2b, 27, 3c, e2, 04, 6a, e7, 4c, a1, 3f, e0, f6, 70, d9, 21, ff]] } }
[2m2026-09-14T11:24:32.022167Z[0m [31mERROR[0m codec_extension ThreadId(12) [2mzenoh_codec::common::extension[0m[2m:[0m Unknown Test ext: ZExtUnknown { Id: 2, Mandatory: true, Encoding: "ZBuf", Value: ZBuf { slices: [[69, 15, 6a, cc, 93, e3, c1, 60, bc, 6d, cb, 4f, 5f, 3e, 80, e7, 14, 36, 72, cf, 5c, 41, 8f, 73, 18, 4a, f5, 72, 93, 3d, 05, 05, 9b, 1d, 5d, f9, b9]] } }
[2m2026-09-14T11:24:32.022187Z[0m [31mERROR[0m codec_extension ThreadId(12) [2mzenoh_codec::common::extension[0m[2m:[0m Unknown Test ext: ZExtUnknown { Id: 2, Mandatory: true, Encoding: "ZBuf", Value: ZBuf { slices: [[df, 5e, b2, 60, bd, 9f, bd, 02, fa, a9, 31, 15, 2a, 80, 60, bd, 23, 51, ba, 38, 35, 4d, 66, f6, 20, fa, 2e, ac, d7, ad, 7e, 1d, c8, 28, fb, 8e, 47, c5, ba, 76, 1e, 2c, 78, e2, 77, dd, 48, 64, 56, 8f, 53, 38, 67, 5a, bc, d2, a7, 06, 9a]] } }
[2m2026-09-14T11:24:32.022209Z[0m [31mERROR[0m codec_extension ThreadId(12) [2mzenoh_codec::common::extension[0m[2m:[0m Unknown Test ext: ZExtUnknown { Id: 2, Mandatory: true, Encoding: "ZBuf", Value: ZBuf { slices: [[e2, f8, 81, ea, 19, 9c, b8, dc, 06, c2, 5d, bf, 3b, 6a, e8, fd, ea, a6, 9b, db, e3, 09, 50, 33, 48, 4e, ef, 97, 20, 30, 49, e7, a9, 62, 74, f4, a6, 44, ee, 28, 75, ef, 92]] } }
[2m2026-09-14T11:24:32.022229Z[0m [31mERROR[0m codec_extension ThreadId(12) [2mzenoh_codec::common::extension[0m[2m:[0m Unknown Test ext: ZExtUnknown { Id: 2, Mandatory: true, Encoding: "ZBuf", Value: ZBuf { slices: [[cc, 5d, d7, cc, fd, ba, 18, 43, 52, 5c, 40, a9, 91, c8, a3, c1, 8d, 63, 7b, 28, 34, a1, 23, 23, 37, 94, b5, 54, 83, d6, a6, ee, 44, 0e, f8, 9f, eb, fe, 4c, b9, c7]] } }
[2m2026-09-14T11:24:32.022235Z[0m [31mERROR[0m codec_extension ThreadId(12) [2mzenoh_codec::common::extension[0m[2m:[0m Unknown Test ext: ZExtUnknown { Id: 2, Mandatory: true, Encoding: "ZBuf", Value: ZBuf { slices: [[38, 02, 4d, c3, 4b, 01, 33, da, 62, 0a, 51, f1, fc, d3, 83, 9b, 4c, 38, 86, d4, 7c, d2, 76, d7, 0e, 89, aa, 72, 46, 4e, a0, ec, 14, 29, 53, 29, c8]] } }
[2m2026-09-14T11:24:32.022254Z[0m [31mERROR[0m codec_extension ThreadId(12) [2mzenoh_codec::common::extension[0m[2m:[0m Unknown Test ext: ZExtUnknown { Id: 2, Mandatory: true, Encoding: "ZBuf", Value: ZBuf { slices: [[75, e2, 10, cd, cf, 8b, b6, e0, 3f, e1, bc, e3, af, 58, 22, 84]] } }
[2m2026-09-14T11:24:32.022259Z[0m [31mERROR[0m codec_extension ThreadId(12) [2mzenoh_codec::common::extension[0m[2m:[0m Unknown Test ext: ZExtUnknown { Id: 2, Mandatory: true, Encoding: "ZBuf", Value: ZBuf { slices: [[d8, 05, a6, 27, 24, 56, f6, c3, 89, 4f, d3, 41, 70, d0, ae, 37, 28, 6a, 0f, f3, 64, a3, a6, ed, 24, af, f5, 5a]] } }
[2m2026-09-14T11:24:32.022264Z[0m [31mERROR[0m codec_extension ThreadId(12) [2mzenoh_codec::common::extension[0m[2m:[0m Unknown Test ext: ZExtUnknown { Id: 2, Mandatory: true, Encoding: "ZBuf", Value: ZBuf { slices: [[dc, 8f, 74, 5b, 30, 7a, 34, b2]] } }
[2m2026-09-14T11:24:32.022268Z[0m [31mERROR[0m codec_extension ThreadId(12) [2mzenoh_codec::common::extension[0m[2m:[0m Unknown Test ext: ZExtUnknown { Id: 2, Mandatory: true, Encoding: "ZBuf", Value: ZBuf { slices: [[20, ed, 7c, 3a, 31, a2, d0, df]] } }
[2m2026-09-14T11:24:32.022286Z[0m [31mERROR[0m codec_extension ThreadId(12) [2mzenoh_codec::common::extension[0m[2m:[0m Unknown Test ext: ZExtUnknown { Id: 2, Mandatory: true, Encoding: "ZBuf", Value: ZBuf { slices: [[c1, 72, df, 7c, 1d, cf, 94, a7, ef, e1, 4b, 7b, e8, c1, 2e, 0e, 22, 1d, 13, 94, 43, 4b, 4a, e3, 5e, 70, 87, a9, 53, 59, 69, 4b, 94, 38, ea, c8, f9, ad, c9, b6, a0]] } }
[2m2026-09-14T11:24:32.022292Z[0m [31mERROR[0m codec_extension ThreadId(12) [2mzenoh_codec::common::extension[0m[2m:[0m Unknown Test ext: ZExtUnknown { Id: 2, Mandatory: true, Encoding: "ZBuf", Value: ZBuf { slices: [[22, c0, 39, d0, 9d, 1d, 6d, 38, 21, 7f, e2, 34]] } }
[2m2026-09-14T11:24:32.022311Z[0m [31mERROR[0m codec_extension ThreadId(12) [2mzenoh_codec::common::extension[0m[2m:[0m Unknown Test ext: ZExtUnknown { Id: 2, Mandatory: true, Encoding: "ZBuf", Value: ZBuf { slices: [[c5, 0f, 0c, 83, d7, 69, 2b, 4c, bb, c1, 67, 44, a5, ab, 7a, 40, 7a, 37, 19, 2f, 87, 26, ee, 3b, a8]] } }
[2m2026-09-14T11:24:32.022316Z[0m [31mERROR[0m codec_extension ThreadId(12) [2mzenoh_codec::common::extension[0m[2m:[0m Unknown Test ext: ZExtUnknown { Id: 2, Mandatory: true, Encoding: "ZBuf", Value: ZBuf { slices: [[a8, ec, 0b, 44, ce, e5, 7b, 8d, cd, 01, 06, b1, ce, b2, eb, f7, 1f, 2e, f6, 08, 6f, 89, 43, 62, e1, 74, 8a, 4e, 35, 1f, 61, 4f, c1, a0, 33, 70, b0, 00, 28, fd, c1]] } }
[2m2026-09-14T11:24:32.022335Z[0m [31mERROR[0m codec_extension ThreadId(12) [2mzenoh_codec::common::extension[0m[2m:[0m Unknown Test ext: ZExtUnknown { Id: 2, Mandatory: true, Encoding: "ZBuf", Value: ZBuf { slices: [[b1, 55, e4, 7a, 50, c7, ac, ef, 1b, 38, 84, 0b, a5, 78, 29, cb, 9d, e8, cc, 2a, cb, e4, 32, 1e, e8, 20, 23, dd, e8, e7, a4, 6e, f8, 66, bc, 41, 81, f4, 32, 1a, 26, 8f, d6, d2]] } }
[2m2026-09-14T11:24:32.022356Z[0m [31mERROR[0m codec_extension ThreadId(12) [2mzenoh_codec::common::extension[0m[2m:[0m Unknown Test ext: ZExtUnknown { Id: 2, Mandatory: true, Encoding: "ZBuf", Value: ZBuf { slices: [[22, d1, 3d, e0, 42, 1b, e5, 17, a8, a3, dc, 20, 18, 0e, 57, bd, 68, 4b, 5d, 1f, 39, 96, 13, 24, 8e, 19, d2, d1, 5f, 85, 01, 8f, 6f, 49, 55, a4, bf, 59, 36, 69]] } }
[2m2026-09-14T11:24:32.022362Z[0m [31mERROR[0m codec_extension ThreadId(12) [2mzenoh_codec::common::extension[0m[2m:[0m Unknown Test ext: ZExtUnknown { Id: 2, Mandatory: true, Encoding: "ZBuf", Value: ZBuf { slices: [[17, 21, 31, d3, 33, 84, be, e0, 95, e4, 89, 9e, 11, 46, 51, ae, 0b, c7, bb, 77, 41, 8b, b5, eb, cf]] } }
[2m2026-09-14T11:24:32.022381Z[0m [31mERROR[0m codec_extension ThreadId(12) [2mzenoh_codec::common::extension[0m[2m:[0m Unknown Test ext: ZExtUnknown { Id: 2, Mandatory: true, Encoding: "ZBuf", Value: ZBuf { slices: [[d8, 10, a1, 9c, c9, 84, e1, 59, 3e, 14, 3b, bb, a7, 29, 3a]] } }
[2m2026-09-14T11:24:32.022385Z[0m [31mERROR[0m codec_extension ThreadId(12) [2mzenoh_codec::common::extension[0m[2m:[0m Unknown Test ext: ZExtUnknown { Id: 2, Mandatory: true, Encoding: "ZBuf", Value: ZBuf { slices: [[73, fb, 94, 6f, 5b, 00, fd, bd, 8a, b2, 73, 2c, 24, 6c, 3b, 42, 43, 1e, 80, 0e, c7, a9, 68, 07, c7, e0, d0, 98]] } }
[2m2026-09-14T11:24:32.022391Z[0m [31mERROR[0m codec_extension ThreadId(12) [2mzenoh_codec::common::extension[0m[2m:[0m Unknown Test ext: ZExtUnknown { Id: 2, Mandatory: true, Encoding: "ZBuf", Value: ZBuf { slices: [[07, 0d, fd, 25, 49, 35, 83, 47, 9b, ba, bc, ac, ca, 61, 67, 96, 4b, b5, ba, 10, f4, 57, 68]] } }
[2m2026-09-14T11:24:32.022409Z[0m [31mERROR[0m codec_extension ThreadId(12) [2mzenoh_codec::common::extension[0m[2m:[0m Unknown Test ext: ZExtUnknown { Id: 2, Mandatory: true, Encoding: "ZBuf", Value: ZBuf { slices: [[41, 7d, 58, 86, ed, 8f, 26, 60, 07, f9, fb, 5b, 25, 6d, 82, 83, 8c, 4f, 18, 18, b6]] } }
[2m2026-09-14T11:24:32.022415Z[0m [31mERROR[0m codec_extension ThreadId(12) [2mzenoh_codec::common::extension[0m[2m:[0m Unknown Test ext: ZExtUnknown { Id: 2, Mandatory: true, Encoding: "ZBuf", Value: ZBuf { slices: [[7f, 8d, af, 10, e9, f0, 11, 27, 76, 84, 08, 3a, e0, 49, f2, 4d, 43, fc, b2, a2, 72, ce, e2, cf, 39, 2e, 6c, 62, 0a, ab, b7, 98, 0d, ae, ce, 71, e8, ef, 39, 5c]] } }
[2m2026-09-14T11:24:32.022434Z[0m [31mERROR[0m codec_extension ThreadId(12) [2mzenoh_codec::common::extension[0m[2m:[0m Unknown Test ext: ZExtUnknown { Id: 2, Mandatory: true, Encoding: "ZBuf", Value: ZBuf { slices: [[9d, 1b, 83, 6a, a7, 96, 37, 80, b4, bd, 8e, 1e, 5b, 01, eb, 35, f8, e8, 9e, 36, a7, 0b, 61, 57]] } }
[2m2026-09-14T11:24:32.022439Z[0m [31mERROR[0m codec_extension ThreadId(12) [2mzenoh_codec::common::extension[0m[2m:[0m Unknown Test ext: ZExtUnknown { Id: 2, Mandatory: true, Encoding: "ZBuf", Value: ZBuf { slices: [[48, e2, 82, b2, 70, 18, dc, 26, 7f, c2, 1e]] } }
[2m2026-09-14T11:24:32.022457Z[0m [31mERROR[0m codec_extension ThreadId(12) [2mzenoh_codec::common::extension[0m[2m:[0m Unknown Test ext: ZExtUnknown { Id: 2, Mandatory: true, Encoding: "ZBuf", Value: ZBuf { slices: [[f3, 6a, 94, c4, 9c, 99, 6e, 84, b4, ec, 38, b3, ab, 08, 92, a4, 6d, af, fa, e8, 4f, c6, c9, 18, 2d, 8f, a0, 97, 0e, cd, b4, 21]] } }
[2m2026-09-14T11:24:32.022463Z[0m [31mERROR[0m codec_extension ThreadId(12) [2mzenoh_codec::common::extension[0m[2m:[0m Unknown Test ext: ZExtUnknown { Id: 2, Mandatory: true, Encoding: "ZBuf", Value: ZBuf { slices: [[df, 36, b8, 24, 39, 69, f7, f6]] } }
[2m2026-09-14T11:24:32.022467Z[0m [31mERROR[0m codec_extension ThreadId(12) [2mzenoh_codec::common::extension[0m[2m:[0m Unknown Test ext: ZExtUnknown { Id: 2, Mandatory: true, Encoding: "ZBuf", Value: ZBuf { slices: [[69, 28, 14, 2a, 0e, 82, e7, 8a, 55, 11, 25, 69, 0c, 1a, 92]] } }
[2m2026-09-14T11:24:32.022487Z[0m [31mERROR[0m codec_extension ThreadId(12) [2mzenoh_codec::common::extension[0m[2m:[0m Unknown Test ext: ZExtUnknown { Id: 2, Mandatory: true, Encoding: "ZBuf", Value: ZBuf { slices: [[92, 0b, d3, 27, 0d, 57, 09, 13, b5, a8, c4, 0c, af, 82, a0, 6a, be, 5a, 66, f1, ac, 22, 5f, 6a, de, c6, 5f, 50, 14]] } }
[2m2026-09-14T11:24:32.022506Z[0m [31mERROR[0m codec_extension ThreadId(12) [2mzenoh_codec::common::extension[0m[2m:[0m Unknown Test ext: ZExtUnknown { Id: 2, Mandatory: true, Encoding: "ZBuf", Value: ZBuf { slices: [[4a, 69, 22, 26, b4, 04, 60, b3, f7, 1d, 19, c6, 00, 56, fd, a8, ce, b5, b8, 82, b3, d7, 45, da, e9, c9, ee, 15, 53, fd, 55, 66, ca, ea, 13, b7, 87, 1d, ea, 78, 89, 0c, 58, 4b, 80, 33, c9, 50, 16, 4b, 7e, 32, c2, ba, 50, 4f, 08, 14, 72]] } }
[2m2026-09-14T11:24:32.022512Z[0m [31mERROR[0m codec_extension ThreadId(12) [2mzenoh_codec::common::extension[0m[2m:[0m Unknown Test ext: ZExtUnknown { Id: 2, Mandatory: true, Encoding: "ZBuf", Value: ZBuf { slices: [[64, d7, 97, 3a, ce, 25, 74, 28, b2, f9, a4, 41, c0, 9f, 92, 7b]] } }
[2m2026-09-14T11:24:32.022531Z[0m [31mERROR[0m codec_extension ThreadId(12) [2mzenoh_codec::common::extension[0m[2m:[0m Unknown Test ext: ZExtUnknown { Id: 2, Mandatory: true, Encoding: "ZBuf", Value: ZBuf { slices: [[e3, aa, e9, b8, 73, 2c, 36, c0, 32, 90, 98, 2c, 40, 75, d3, da, 40, d1, 3f, 9b, 3b, 24, 78, ab, 02, ed, 82, 9d, 8a, 48, 72, 1d, b4, 15, 4d, 81, 8b, b0, 4c, 19, b4, a0, bd, dd, 77, d4, 0a, 2d, 53, 20, 51, 0b, 07, e7, e0]] } }
[2m2026-09-14T11:24:32.022537Z[0m [31mERROR[0m codec_extension ThreadId(12) [2mzenoh_codec::common::extension[0m[2m:[0m Unknown Test ext: ZExtUnknown { Id: 2, Mandatory: true, Encoding: "ZBuf", Value: ZBuf { slices: [[c1, 2a, ea, 02, 5e, 4c, 43, b7, e6, 8e, 78, 8b]] } }
[2m2026-09-14T11:24:32.022556Z[0m [31mERROR[0m codec_extension ThreadId(12) [2mzenoh_codec::common::extension[0m[2m:[0m Unknown Test ext: ZExtUnknown { Id: 2, Mandatory: true, Encoding: "ZBuf", Value: ZBuf { slices: [[c2, 9e, 5a, 80, b0, 64, 52, 3e, 78, 45, 8c, 9c, 6b, cb, 89, c1, 8b, 2a, 4d, 47, 2f, 59, 6e, 01, f2, 41, 17, 0f, ca, 2c, 7b, af, b2, d1, ba, b6, e2, 36, a0, a2, c5, 19, 3c, 01, 25, ea, f8, 53, 73, 97, 44, fd, 19, 44, 94, a1, 7e, 0d, 15, 67, 59, 2e, ee, 3f]] } }
[2m2026-09-14T11:24:32.022577Z[0m [31mERROR[0m codec_extension ThreadId(12) [2mzenoh_codec::common::extension[0m[2m:[0m Unknown Test ext: ZExtUnknown { Id: 2, Mandatory: true, Encoding: "ZBuf", Value: ZBuf { slices: [[a5, f5, a5, a8, 9f, 01, b8, 0c, d1, 84, 7a, cd, 8d, 6f, b5, 61, 90, 94, 4a, 76, eb, f3, 5c, ea, c4, 4c, ca, c9, f5, 78, 2d, 6e, 22, a0, 67, bc, a0, 0b, e1, 9c, 46, da, 17, bd, 12, fa, ac, 34, 56, 10, d7, 97, e2, 89, 1c, 2e, 21, 05, 5c, bf, 66]] } }
[2m2026-09-14T11:24:32.022598Z[0m [31mERROR[0m codec_extension ThreadId(12) [2mzenoh_codec::common::extension[0m[2m:[0m Unknown Test ext: ZExtUnknown { Id: 2, Mandatory: true, Encoding: "ZBuf", Value: ZBuf { slices: [[9b, 2c, bb, 22, e5, 5e, 2a, 0b, a3, 92, e7, 04, 1c, 53, 96, 2c, 56, 04, 0a, 24, 7f, 78, a9, bd, d5, 1f, b1, dc, 7c, fe, 96, d3, da, e3, 56, 17, 26, af, 47, 0a, 44, bd, 83, 92, 63, e0, ca, fe, 6f, 06, 00, a5, 47, 61]] } }
[2m2026-09-14T11:24:32.022618Z[0m [31mERROR[0m codec_extension ThreadId(12) [2mzenoh_codec::common::extension[0m[2m:[0m Unknown Test ext: ZExtUnknown { Id: 2, Mandatory: true, Encoding: "ZBuf", Value: ZBuf { slices: [[b5, 0d, 42, 96, ce, e6, 6f, 15, df, 00, 5d, 14, 06, ba, e3, 30, 43, ce, 8a, e2, 6d, 74, 4a, 02, 9f, b9, 8d, de, b4, 10, fa, 9b, dd, 27, 4b, c8, 85, b2, f3, e5, b2, 91, 01, b8, f7, 1d, 1f, 13, c3, 2c, 72, 68, 75, a9, fa, 7a, 97, 85, 0d, 85, 68, 1a, 62]] } }
[2m2026-09-14T11:24:32.022625Z[0m [31mERROR[0m codec_extension ThreadId(12) [2mzenoh_codec::common::extension[0m[2m:[0m Unknown Test ext: ZExtUnknown { Id: 2, Mandatory: true, Encoding: "ZBuf", Value: ZBuf { slices: [[e9, e1, 4a, fd, a5, 4f, 46, e8, 7e, 23, 5a, 53]] } }
[2m2026-09-14T11:24:32.022644Z[0m [31mERROR[0m codec_extension ThreadId(12) [2mzenoh_codec::common::extension[0m[2m:[0m Unknown Test ext: ZExtUnknown { Id: 2, Mandatory: true, Encoding: "ZBuf", Value: ZBuf { slices: [[2d, 7c, d3, 4c, 99, 82, 32, fd, eb, af, 70, 03, 7b, 83, 64, 22, bb, be, 0b, c3, 8d, d9, 6e, cd, 80, 3e, 16, 6f, 8c, 42, 1e]] } }
[2m2026-09-14T11:24:32.022650Z[0m [31mERROR[0m codec_extension ThreadId(12) [2mzenoh_codec::common::extension[0m[2m:[0m Unknown Test ext: ZExtUnknown { Id: 2, Mandatory: true, Encoding: "ZBuf", Value: ZBuf { slices: [[0c, 63, 9c, 48, f6, ac, cf, 44, a9, 8a, c3, 2c, 21, 6f, 49, 5c, 72, 03, 49, 88, 92, 9b, da, 82, f2, 30, 74, 80]] } }
[2m2026-09-14T11:24:32.022670Z[0m [31mERROR[0m codec_extension ThreadId(12) [2mzenoh_codec::common::extension[0m[2m:[0m Unknown Test ext: ZExtUnknown { Id: 2, Mandatory: true, Encoding: "ZBuf", Value: ZBuf { slices: [[36, 04, 07, 5f, df, 68, ff, a8, a5, 83, cd, 0d, 7e, 30, 40, 5b, f6, 7a, b2, 1b, 96, 83, 7c, 86, 0f, a4, 53, 6b, fd, 3a, 41, dc, 91, d7, 46, 00, 5c, 1f, 0a, 8f, 24, 2a, 25, 2c, 67, a6, 07, cd, 48, e6, 6b]] } }
[2m2026-09-14T11:24:32.022695Z[0m [31mERROR[0m codec_extension ThreadId(12) [2mzenoh_codec::common::extension[0m[2m:[0m Unknown Test ext: ZExtUnknown { Id: 2, Mandatory: true, Encoding: "ZBuf", Value: ZBuf { slices: [[46, 83, fc, b9, 1a, 3b, bd, 15, 29, c7, 61, 08, 05, 13, a2, 78, 97, 35, 02, 9a, 74, 46, 36, 7d, 2d, 91, f0, 56, 0f, aa, d5, bd, f0, 96, 75, da, d1, 50, b0, 09, 46, 3d, 26, 45, 05, 5a, 1d, 62]] } }
[2m2026-09-14T11:24:32.022715Z[0m [31mERROR[0m codec_extension ThreadId(12) [2mzenoh_codec::common::extension[0m[2m:[0m Unknown Test ext: ZExtUnknown { Id: 2, Mandatory: true, Encoding: "ZBuf", Value: ZBuf { slices: [[bd, 4c, 39, 2f, 8b, 0d, bd, 22, 8a, 9b, d4, 82, 7e, c1, af, 2d, 97, 40, 7c, b0, c8, 21, 9e, bb, d7, ea, ed, a0, 0b, c4, 75, 91, b2, 38, ec]] } }
[2m2026-09-14T11:24:32.022735Z[0m [31mERROR[0m codec_extension ThreadId(12) [2mzenoh_codec::common::extension[0m[2m:[0m Unknown Test ext: ZExtUnknown { Id: 2, Mandatory: true, Encoding: "ZBuf", Value: ZBuf { slices: [[55, d0, d4, e5, bc, 24, 41, 00, ac, 42, c4, cd, 19, 38, 74, 1b, cc, c5, 76, 73, ac, bf, 14, 2c, 5e, df, c6, c3, 84, e1, ca, 78, 4e, ad, 76, d9, 75, 90, 12, 29, 7a, 6c, e0, cc, 9a, ab, a7, c8, 42, 42, 06, 83, 66, d5, d3, dd, 19]] } }
[2m2026-09-14T11:24:32.022742Z[0m [31mERROR[0m codec_extension ThreadId(12) [2mzenoh_codec::common::extension[0m[2m:[0m Unknown Test ext: ZExtUnknown { Id: 2, Mandatory: true, Encoding: "ZBuf", Value: ZBuf { slices: [[0f, c5, 87, b6, d4, 14, 0d, bd, 0f, 1e, 38, 22]] } }
[2m2026-09-14T11:24:32.022760Z[0m [31mERROR[0m codec_extension ThreadId(12) [2mzenoh_codec::common::extension[0m[2m:[0m Unknown Test ext: ZExtUnknown { Id: 2, Mandatory: true, Encoding: "ZBuf", Value: ZBuf { slices: [[67, 22, b1, 4a, c4, 53, ae, 3b, 1d, f6, 59, a7, 34, 29, 3d, 68, da, 78, d9, ee, 13, 88, 9f, f3, 75, 6e, ef, 11, 40, d9, cc, 09, 31, 3d, 34, 5d, d3, 69, 1f, f6, ce, 63, bd, 47, 0a, c8, 1d, 38, 9b, 7c, c7, 55, 90, b0, 9e, 34, 06, b8, 55, f8, 3b, 53, fe, 87]] } }
[2m2026-09-14T11:24:32.022769Z[0m [31mERROR[0m codec_extension ThreadId(12) [2mzenoh_codec::common::extension[0m[2m:[0m Unknown Test ext: ZExtUnknown { Id: 2, Mandatory: true, Encoding: "ZBuf", Value: ZBuf { slices: [[03, 5d, a6, 26, c8, 7a, 3a, 2e, cd, ff, ee, c9, dc, 5d, 3c, fe, 71, 6c, ef, 53, 0b, 9f, 19, c1, 64, 9c, ca]] } }
[2m2026-09-14T11:24:32.022788Z[0m [31mERROR[0m codec_extension ThreadId(12) [2mzenoh_codec::common::extension[0m[2m:[0m Unknown Test ext: ZExtUnknown { Id: 2, Mandatory: true, Encoding: "ZBuf", Value: ZBuf { slices: [[20, 50, 33, 82, c7, 84, 4f, 01, bd, ca, 9d, 0b, ea, 12, e9, 6c, fc, ff, 1f, f9, 63, 35, b4, 9a, 93, b3, df, 99, c0, f2, 2c, 8c, 73, 11, 03, 06, 79, a3, 3d, c9, d2, 5b, 4f, fb, 99, 29, 9e, 26, 3f, 78, 24, a2, 23, 08, 1c, cf, 96, 21, 09]] } }
[2m2026-09-14T11:24:32.022809Z[0m [31mERROR[0m codec_extension ThreadId(12) [2mzenoh_codec::common::extension[0m[2m:[0m Unknown Test ext: ZExtUnknown { Id: 2, Mandatory: true, Encoding: "ZBuf", Value: ZBuf { slices: [[ff, f8, 6b, e7, 8b, 2b, 50, 45, 44, 67, 5b, f7, 5d, 10, 53, e9, 86, 1a, 49, 1c, a8, 11, 04, 27, 91, f5, 70, e8]] } }
[2m2026-09-14T11:24:32.022815Z[0m [31mERROR[0m codec_extension ThreadId(12) [2mzenoh_codec::common::extension[0m[2m:[0m Unknown Test ext: ZExtUnknown { Id: 2, Mandatory: true, Encoding: "ZBuf", Value: ZBuf { slices: [[ff, 98, f6, ad, d2, 29, 83, c7, 26, 8b, e0, de, 90, a6, 95, f6, 91, bd, 62, 86, ec, a4, 0f]] } }
[2m2026-09-14T11:24:32.022834Z[0m [31mERROR[0m codec_extension ThreadId(12) [2mzenoh_codec::common::extension[0m[2m:[0m Unknown Test ext: ZExtUnknown { Id: 2, Mandatory: true, Encoding: "ZBuf", Value: ZBuf { slices: [[55, 7a, d1, 4a, b0, 57, 6f, d4, 60, 34, b5, d4, d1, 5b, 76, 26, a1, b6, af, 3c, b7, da, ce, 34, 21, 8b, 74, 05, ef, 64, d9, d5, fb, 62, e1, 76, d7, 22, 23, 97, df, 27, a8, 76, c0, 53]] } }
[2m2026-09-14T11:24:32.022854Z[0m [31mERROR[0m codec_extension ThreadId(12) [2mzenoh_codec::common::extension[0m[2m:[0m Unknown Test ext: ZExtUnknown { Id: 2, Mandatory: true, Encoding: "ZBuf", Value: ZBuf { slices: [[73, 96, ae, 6f, 5e, 04, 05, 0f, 05, 51, 85, 5e, 5c, f0, 26, 98, 16, de, 65, 6d, 64, c4, 2f, f3, 9f, d4, 57, f1, 12, 70, a1, 35, bb, ed]] } }
[2m2026-09-14T11:24:32.022859Z[0m [31mERROR[0m codec_extension ThreadId(12) [2mzenoh_codec::common::extension[0m[2m:[0m Unknown Test ext: ZExtUnknown { Id: 2, Mandatory: true, Encoding: "ZBuf", Value: ZBuf { slices: [[d1, 8c, 11, a2, 17, df, 56, 0d, 27, 61, c6, 90, 69, 5e, b5, b1, a3, dd, 7a, 7c, 5c, 51, 8b, 8f, 57, bd]] } }
[2m2026-09-14T11:24:32.022878Z[0m [31mERROR[0m codec_extension ThreadId(12) [2mzenoh_codec::common::extension[0m[2m:[0m Unknown Test ext: ZExtUnknown { Id: 2, Mandatory: true, Encoding: "ZBuf", Value: ZBuf { slices: [[8b, 86, 1d, 89, 61, 78, 18, 43, 72, b9, 1d, 36, da, 94, 09, 0f, f9, a5, a4, 78, ce, 75, 63, 75, 63, a3, ae, f2, 04, ee, 38, 44, cf, 82, be, d1, 89, fe, e7, ad, 11, 0c, a6, d6, 13, 49, 43, a0, b8, b5, c1, 59, 1a, 8a, 0a]] } }
[2m2026-09-14T11:24:32.022885Z[0m [31mERROR[0m codec_extension ThreadId(12) [2mzenoh_codec::common::extension[0m[2m:[0m Unknown Test ext: ZExtUnknown { Id: 2, Mandatory: true, Encoding: "ZBuf", Value: ZBuf { slices: [[a9, cb, ad, 69, 66, 2e, ee, 55, b2, c7, 4a, dd, 05, 12, 09, 20, c0, 4b]] } }
[2m2026-09-14T11:24:32.022903Z[0m [31mERROR[0m codec_extension ThreadId(12) [2mzenoh_codec::common::extension[0m[2m:[0m Unknown Test ext: ZExtUnknown { Id: 2, Mandatory: true, Encoding: "ZBuf", Value: ZBuf { slices: [[02, 70, 7c, 21, cf, bd, 25, c1, ff, 98, 87, 78, 3b, 65, dd, 8e, 5a, ae, 30, bc, e1, f5, d7, c1, 1f, e7, 9d, 74, 0f]] } }
[2m2026-09-14T11:24:32.022923Z[0m [31mERROR[0m codec_extension ThreadId(12) [2mzenoh_codec::common::extension[0m[2m:[0m Unknown Test ext: ZExtUnknown { Id: 2, Mandatory: true, Encoding: "ZBuf", Value: ZBuf { slices: [[d1, f0, 0b, 6e, ba, f7, d9, 26, e7, ee, 20, fc, 48, 2d, 5b, d2, 81, 32, b8, ea, f5, b5, 55, 38, b4, fb, 34, 4f, 80, 6b, 93, 3c, 5d, 44, a2, 88, a9, 8e, c1, 0c, fa, 1a, 2c, fa]] } }
[2m2026-09-14T11:24:32.022929Z[0m [31mERROR[0m codec_extension ThreadId(12) [2mzenoh_codec::common::extension[0m[2m:[0m Unknown Test ext: ZExtUnknown { Id: 2, Mandatory: true, Encoding: "ZBuf", Value: ZBuf { slices: [[32, 36, df, dd, 67, 10, 38, c5, bc, 85, 16, 12, 8b, 7f, 9a, 87, 22, af, f8, e5, 44, ba, ca, 45, d5, 1e, 6e, 9f, 40, 5d, 99, 7c, ca, b2, 32, 37, 22, f3, 33, e8, 08, a8, 76]] } }
[2m2026-09-14T11:24:32.022949Z[0m [31mERROR[0m codec_extension ThreadId(12) [2mzenoh_codec::common::extension[0m[2m:[0m Unknown Test ext: ZExtUnknown { Id: 2, Mandatory: true, Encoding: "ZBuf", Value: ZBuf { slices: [[d9, 92, 86, 26, 77, d2, 93, 7f, 6b, 3d, f9, 09, 0e, 50, bf, 11, e7, 91, 9f, c8, 71, 68, 0d, 75, 68, 21, 1a, ea, 23, 90, 24, 97, 0f, b8, 99, 24, 21, 88, fe]] } }
[2m2026-09-14T11:24:32.022969Z[0m [31mERROR[0m codec_extension ThreadId(12) [2mzenoh_codec::common::extension[0m[2m:[0m Unknown Test ext: ZExtUnknown { Id: 2, Mandatory: true, Encoding: "ZBuf", Value: ZBuf { slices: [[dc, 89, 7b, 29, 90, be, 08, cd, 4e, 83, e7, 40, 9d, d4, e8, 36, ae, 25, 14, e8, 32, e9, 46, 6f, f4, 4e, fe, b1, 8f, 9d, dc, 59, 08, 14, ae, 9c, a6, 8e, 1b, 9f, 5e, 17, ac, 9b, fb, be, 61]] } }
[2m2026-09-14T11:24:32.022992Z[0m [31mERROR[0m codec_extension ThreadId(12) [2mzenoh_codec::common::extension[0m[2m:[0m Unknown Test ext: ZExtUnknown { Id: 2, Mandatory: true, Encoding: "ZBuf", Value: ZBuf { slices: [[46, df, df, f2, 47, d6, e7, 4b, e8, b7, e4, e5, 7e, d0, 4b, aa, a2, c4, e8, f5, 5a, c4, 06, 35, a1, 9c, b9, 5d, 42, af, bc, 53, 79, 22, 0c, ce, 9f, 1f, f2, c0, 6b, ad, c4, ee, 35, cf, 5c, 26, 2b, 11, 2a]] } }
[2m2026-09-14T11:24:32.022999Z[0m [31mERROR[0m codec_extension ThreadId(12) [2mzenoh_codec::common::extension[0m[2m:[0m Unknown Test ext: ZExtUnknown { Id: 2, Mandatory: true, Encoding: "ZBuf", Value: ZBuf { slices: [[da, e5, 8b, d4, 07, a4, 89, 29, 73, ad, a3, 81, ac, 81, 77, 0a, ae, 8b, b4, de, 11, 5a, e3, 87, 7b, 72, e9, 3d, 9f, ac, 1e, 48, 74, 65, 15, 86, ac, 17, 95, 1d, d4, 68]] } }
[2m2026-09-14T11:24:32.023018Z[0m [31mERROR[0m codec_extension ThreadId(12) [2mzenoh_codec::common::extension[0m[2m:[0m Unknown Test ext: ZExtUnknown { Id: 2, Mandatory: true, Encoding: "ZBuf", Value: ZBuf { slices: [[11, 6c, c0, 82, 54, dd, 41, 45, c6, ae, 0c, 35, e7, 31, 40, 6f, 11, f9, c5, 74, a6, 1c, 94, 93, 95, 33, 12, 2d, a0, 1e, c4, c0, 3f, ba, b2, eb, b3, 43, 27, f2, be]] } }
[2m2026-09-14T11:24:32.023025Z[0m [31mERROR[0m codec_extension ThreadId(12) [2mzenoh_codec::common::extension[0m[2m:[0m Unknown Test ext: ZExtUnknown { Id: 2, Mandatory: true, Encoding: "ZBuf", Value: ZBuf { slices: [[d4, bc, 9b, b7, c0, 23, 3e, d8, d4, b9, 9d, 08, ca, 7d, 79, 43, 97, 07, 91, b3, ca, 08, 8e, 97, 2e, 32, 57]] } }
[2m2026-09-14T11:24:32.023045Z[0m [31mERROR[0m codec_extension ThreadId(12) [2mzenoh_codec::common::extension[0m[2m:[0m Unknown Test ext: ZExtUnknown { Id: 2, Mandatory: true, Encoding: "ZBuf", Value: ZBuf { slices: [[2d, f2, a2, 60, 3c, 7e, 1d, 29, 1c, 06, 52, 7a, 92, 19, 79, 31, b2, 3e, 0a, 3b, 1d, 8c, ab, 5a, fa, ae, db, d7, 65, 61, 22, a6, 45]] } }
[2m2026-09-14T11:24:32.023050Z[0m [31mERROR[0m codec_extension ThreadId(12) [2mzenoh_codec::common::extension[0m[2m:[0m Unknown Test ext: ZExtUnknown { Id: 2, Mandatory: true, Encoding: "ZBuf", Value: ZBuf { slices: [[bc, 09, 2c, d7, 40, 16, 74, b1, 65, a7, 29, 53, 49, 3a, 4b, de, 58, 98, 02, 56, e9, 37, 8d]] } }
[2m2026-09-14T11:24:32.023069Z[0m [31mERROR[0m codec_extension ThreadId(12) [2mzenoh_codec::common::extension[0m[2m:[0m Unknown Test ext: ZExtUnknown { Id: 2, Mandatory: true, Encoding: "ZBuf", Value: ZBuf { slices: [[ef, 76, a3, 4f, 91, de, f5, 09, 60, 5c, 68, da, f8, 5a, 3a, e2, e1, e1, 05, f6, bd, 2c, f1, 13, ef, 80, 34, f7, ed, dc, 1f, a7, f4, 27, b2, 7f, e6, 6b, e7, e6, 79, ab, b6, 70, 3f, 22, 7c, 71, 88, a9, 9a, d9]] } }
[2m2026-09-14T11:24:32.023091Z[0m [31mERROR[0m codec_extension ThreadId(12) [2mzenoh_codec::common::extension[0m[2m:[0m Unknown Test ext: ZExtUnknown { Id: 2, Mandatory: true, Encoding: "ZBuf", Value: ZBuf { slices: [[57, 77, b7, e5, a7, 21, 74, 1c, 5f, e5, 83, 62, b0, ee, 51, 25, ff, d5, 55, 11, 8b, 75, 43, f5, 61, df, cf, a0, 3e, 1d, 68, 2d, 31, 98, 3c, 0d, 83, dd, 07, b3, 66, d2, 28, 3c, 90, 70, 35, 96, 0c, 2a, 89, 43, cc, 21, 92]] } }
[2m2026-09-14T11:24:32.023112Z[0m [31mERROR[0m codec_extension ThreadId(12) [2mzenoh_codec::common::extension[0m[2m:[0m Unknown Test ext: ZExtUnknown { Id: 2, Mandatory: true, Encoding: "ZBuf", Value: ZBuf { slices: [[b8, 7e, 2b, 8e, 8f, 9e, 4f, fa, 33, 7f, 81, d9, f1, fd, 36, 36, 7d, 07, c4, 49, 0b, 8f, 05, 4a, fd, 67, ce, bc, 69, 5f, fb, ee, 1b, e3, 90, 12, fc, 3d, 61, 63, 43, bc, ee, 0d, 2d, f4, 3f, cd, 41, 4d]] } }
[2m2026-09-14T11:24:32.023132Z[0m [31mERROR[0m codec_extension ThreadId(12) [2mzenoh_codec::common::extension[0m[2m:[0m Unknown Test ext: ZExtUnknown { Id: 2, Mandatory: true, Encoding: "ZBuf", Value: ZBuf { slices: [[97, fc, f9, 4a, f4, 69, 5b, 27, 5d, c9, fe, 55, 88, ba, d8, 9f, d8, 59, 76, f3, 92, 84, 3d, a6, 7e, 7d, a2, 77, 7d, 4c, 76, 84, d0, 03, 97, 89, dc, b1, 79, 3f, 27, 37, ce, 9a, 0e, 81, fd, ce, 68, 5a, c6, b4, d7, f9, 61, 57]] } }
[2m2026-09-14T11:24:32.023153Z[0m [31mERROR[0m codec_extension ThreadId(12) [2mzenoh_codec::common::extension[0m[2m:[0m Unknown Test ext: ZExtUnknown { Id: 2, Mandatory: true, Encoding: "ZBuf", Value: ZBuf { slices: [[0a, f5, 0d, b1, 9f, a9, 7e, 0b, 2f, 14, 20, 3f, 7c, 6a, a8, 3b, 9c, 44, e2, cf, 32, 30, 69, 3f, 28, 2c, 76, 55, 61, 34, a3, e7, d8, 6d, 7a, 0d, 4d, c5, d3, 28, 85, ec, 58, ef]] } }
[2m2026-09-14T11:24:32.023174Z[0m [31mERROR[0m codec_extension ThreadId(12) [2mzenoh_codec::common::extension[0m[2m:[0m Unknown Test ext: ZExtUnknown { Id: 2, Mandatory: true, Encoding: "ZBuf", Value: ZBuf { slices: [[56, 7e, c2, 5e, 85, 29, 78, e4, d7, bb, ff, 5d, 59, f3, b0, a4, 47, 18, d9, 5a, ce, 42, 7d, 7c, 8c, a9, 07, c1, 1e, 2d, b8, fb, 6d, 9b, 80, 40, 1c, ed, 91, a5, d6, e6, 07, c3, 4b, 70, 62, 20, 14, 63, 04, 73, 8c, 4f, b9]] } }
[2m2026-09-14T11:24:32.023180Z[0m [31mERROR[0m codec_extension ThreadId(12) [2mzenoh_codec::common::extension[0m[2m:[0m Unknown Test ext: ZExtUnknown { Id: 2, Mandatory: true, Encoding: "ZBuf", Value: ZBuf { slices: [[16, f5, 18, 31, e0, 6e, 97, 37, 7d, 00, 83, 5a, df, f8, 24, d9, 42, fc, 3f, 61, a8, 5b, 4c, 57, 60, c7, 1e, 04, 44, 27, 6f, 2a, 29, 84, a2, c9, a6, ed, c1, 4d, 89, e0, 3b, 62, 1d]] } }
[2m2026-09-14T11:24:32.023200Z[0m [31mERROR[0m codec_extension ThreadId(12) [2mzenoh_codec::common::extension[0m[2m:[0m Unknown Test ext: ZExtUnknown { Id: 2, Mandatory: true, Encoding: "ZBuf", Value: ZBuf { slices: [[36, 02, 77, 43, d4, 3d, 4e, 4b, 4f, 78, e6, 02, f0, a7, a3, fe, 4a, 2b, 7c, af, 1d, a2, cd, c2, 3a, f8, cb, 3c, ae, 89, 0e, 62, b2, a6, ca, d5, fb, 17, 84, 1b, 3a, 74, a9, 15, 53, a2, 4e, 4b, a6, aa, 33, c0]] } }
[2m2026-09-14T11:24:32.023221Z[0m [31mERROR[0m codec_extension ThreadId(12) [2mzenoh_codec::common::extension[0m[2m:[0m Unknown Test ext: ZExtUnknown { Id: 2, Mandatory: true, Encoding: "ZBuf", Value: ZBuf { slices: [[15, d3, 66, de, 8c, fe, 62, 6a, 90, 16, 2b, 04, c6, 72, 2e, 8f, 9b, fd, 83, 98, 31, e6, 31, 82, 4d, 59, 0d, 6d, a6, ab, b9, 58, 86, f7, c8, 40, 6e, 01, e0, e6, 58, 5e, 16, a2, 6e, 3d, be, 28, d6, 00, ad, 2e, a9, 24, 3b, 08, 15]] } }
[2m2026-09-14T11:24:32.023241Z[0m [31mERROR[0m codec_extension ThreadId(12) [2mzenoh_codec::common::extension[0m[2m:[0m Unknown Test ext: ZExtUnknown { Id: 2, Mandatory: true, Encoding: "ZBuf", Value: ZBuf { slices: [[52, 90, 53, 94, 54, 7f, f3, 29, 4e, 36, 06, 3c, 7a, 3a, 8a, fa, f2, e7, 28, af, e5, f8, 9d, ab, 6e, c1, b1, 08, c3, c7, ef, 92]] } }
[2m2026-09-14T11:24:32.023246Z[0m [31mERROR[0m codec_extension ThreadId(12) [2mzenoh_codec::common::extension[0m[2m:[0m Unknown Test ext: ZExtUnknown { Id: 2, Mandatory: true, Encoding: "ZBuf", Value: ZBuf { slices: [[22, ae, 30, 43, 3d, ef, 00, e7, cb, cb, f5, 02, 1e, 91, c6, 99, 52, 11, f8, bd, 21, 4c, 0b, 46, 26, c2, d3, d9]] } }
[2m2026-09-14T11:24:32.023265Z[0m [31mERROR[0m codec_extension ThreadId(12) [2mzenoh_codec::common::extension[0m[2m:[0m Unknown Test ext: ZExtUnknown { Id: 2, Mandatory: true, Encoding: "ZBuf", Value: ZBuf { slices: [[f4, 17, ef, d5, 78, 2f, 56, 6e, 8c, 83, 13, ac, 88, 01, 31, 1f, c4, 15, f0, 99, bc, 16, 8d, dc, dd, 5e, 95, 3f, ad, 2b]] } }
[2m2026-09-14T11:24:32.023287Z[0m [31mERROR[0m codec_extension ThreadId(12) [2mzenoh_codec::common::extension[0m[2m:[0m Unknown Test ext: ZExtUnknown { Id: 2, Mandatory: true, Encoding: "ZBuf", Value: ZBuf { slices: [[63, a3, 84, f8, ce, 11, 32, 93, 56, e7, 6e, 07, d9, d4, 85, 20, ec, e7, 8a, ab, d0, e4, 82, 00, 1a, ab, 83, b5, 85, 57, 5d, 08, fc, ab, 1a, 3a, d6, 46, a2, 61, 52, fa, 65, 48, d7, 07, 11, db, c5, 07, 88, e7]] } }
[2m2026-09-14T11:24:32.023294Z[0m [31mERROR[0m codec_extension ThreadId(12) [2mzenoh_codec::common::extension[0m[2m:[0m Unknown Test ext: ZExtUnknown { Id: 2, Mandatory: true, Encoding: "ZBuf", Value: ZBuf { slices: [[8a, e9, 4e, 7a, c7, 10, b2, f3, 15, 7b, 22, 3a, 9f, 4d, ba]] } }
[2m2026-09-14T11:24:32.023300Z[0m [31mERROR[0m codec_extension ThreadId(12) [2mzenoh_codec::common::extension[0m[2m:[0m Unknown Test ext: ZExtUnknown { Id: 2, Mandatory: true, Encoding: "ZBuf", Value: ZBuf { slices: [[ec, 50, 8d, e5, 04, db, 0c, c9, 26]] } }
[2m2026-09-14T11:24:32.023304Z[0m [31mERROR[0m codec_extension ThreadId(12) [2mzenoh_codec::common::extension[0m[2m:[0m Unknown Test ext: ZExtUnknown { Id: 2, Mandatory: true, Encoding: "ZBuf", Value: ZBuf { slices: [[75, 2b, dc, 17, a2, 0a, da, 42, 3f, 90, b6, 6a]] } }
[2m2026-09-14T11:24:32.023323Z[0m [31mERROR[0m codec_extension ThreadId(12) [2mzenoh_codec::common::extension[0m[2m:[0m Unknown Test ext: ZExtUnknown { Id: 2, Mandatory: true, Encoding: "ZBuf", Value: ZBuf { slices: [[ac, 51, e9, 1a, 6a, 54, e6, 06, 27, 2a, f8, bf, 7c, 10, 94, 18, a5, e4, cb, ab, 2f, 0b, e7, ad, 52, 2c, 78, 20, 47, 8c, 87, f8, 96, 04, c8, 94, 7b, 39, 2d, e4, 58, 4d, 96, 3b, bc, 33, 2c, 07, c7, 11, 0d, bb, 79, 00]] } }
[2m2026-09-14T11:24:32.023343Z[0m [31mERROR[0m codec_extension ThreadId(12) [2mzenoh_codec::common::extension[0m[2m:[0m Unknown Test ext: ZExtUnknown { Id: 2, Mandatory: true, Encoding: "ZBuf", Value: ZBuf { slices: [[ce, 51, f1, d8, 47, d9, a6, 66, f4, d7, bd, ff, 23, 37, 14, 2b, 83, f3, 7c, 7c, c6, c0, b8, f9, 28, b2, 53]] } }
[2m2026-09-14T11:24:32.023363Z[0m [31mERROR[0m codec_extension ThreadId(12) [2mzenoh_codec::common::extension[0m[2m:[0m Unknown Test ext: ZExtUnknown { Id: 2, Mandatory: true, Encoding: "ZBuf", Value: ZBuf { slices: [[23, 92, 88, 5f, 4e, df, 74, eb, 8f, d6, 56, 86, 23, 5a, 82, ad, a6, 7e, 13, 1e, 76, b8, ca, e7, 4b, 7f, 93, 21, 6f, f2, 1c, c7, 4f, 6e, 1d, 2d, f7, d2, 8d, b7, 32, 12, 93, af, e4, 92, 30, ca, 4a, 15, 7e, 65, 8b]] } }
[2m2026-09-14T11:24:32.023369Z[0m [31mERROR[0m codec_extension ThreadId(12) [2mzenoh_codec::common::extension[0m[2m:[0m Unknown Test ext: ZExtUnknown { Id: 2, Mandatory: true, Encoding: "ZBuf", Value: ZBuf { slices: [[73, 9e, bf, 55, 64, fa, 43, 4d, 17, 29, 17, ee, b4, 8e, 0b, 76, 02, 3d, 7b, e8, 8c, c9, 5f, 80, 8d, c1, 75, 2f, 17, 1d, d0, 86, d0, 33, 4d, 9c, 5d, ae, bd, aa, 66, 2b, a5, b5, da, c5, 69, 39, a5, f9, 8d, af, 21, a0, a0, 6f, 8c]] } }
[2m2026-09-14T11:24:32.023390Z[0m [31mERROR[0m codec_extension ThreadId(12) [2mzenoh_codec::common::extension[0m[2m:[0m Unknown Test ext: ZExtUnknown { Id: 2, Mandatory: true, Encoding: "ZBuf", Value: ZBuf { slices: [[16, 73, e4, f1, f8, 7c, da, 33, bb, d3, e6, 7d, 1d]] } }
[2m2026-09-14T11:24:32.023408Z[0m [31mERROR[0m codec_extension ThreadId(12) [2mzenoh_codec::common::extension[0m[2m:[0m Unknown Test ext: ZExtUnknown { Id: 2, Mandatory: true, Encoding: "ZBuf", Value: ZBuf { slices: [[b9, c4, 7a, 1f, 29, 8d, 5b, cd, 22, 7d, a2, 53, 99, 54, 68, 7c, 67, 2a, 6e, af, 64, c5, fc, b6, d1, 66, 1f, 6b, 5b, 20, 9c, db, b7, 5d, cc, 16, 4c, 5c, 4d, 6f, 51, 13, 68, c0, 9c, 31, a3, 06, 31, 91, cf, 6e, b0, 93, 36, 25, 95, d7]] } }
[2m2026-09-14T11:24:32.023429Z[0m [31mERROR[0m codec_extension ThreadId(12) [2mzenoh_codec::common::extension[0m[2m:[0m Unknown Test ext: ZExtUnknown { Id: 2, Mandatory: true, Encoding: "ZBuf", Value: ZBuf { slices: [[5a, e5, 16, e2, bc, 9a, de, 0f, 3e, e3, fc, fd, 98, ac, a7, 25, 27, b3, 1f, 7f, 55, 69, b0, c8, 47, e7, ce, 8c, 55, 2b, fc, ea, 11, 84, 57, 1a, 1f, bc, cb, 62, 6c, c6, ca, f9, 45, 6e, 10, 28, 99, 6e, 0a, d9, f7]] } }
[2m2026-09-14T11:24:32.023435Z[0m [31mERROR[0m codec_extension ThreadId(12) [2mzenoh_codec::common::extension[0m[2m:[0m Unknown Test ext: ZExtUnknown { Id: 2, Mandatory: true, Encoding: "ZBuf", Value: ZBuf { slices: [[c7, ec, 47, ba, a2, f8, 93, 46, 00, f6, c5, 39, 2a, 89]] } }
[2m2026-09-14T11:24:32.023454Z[0m [31mERROR[0m codec_extension ThreadId(12) [2mzenoh_codec::common::extension[0m[2m:[0m Unknown Test ext: ZExtUnknown { Id: 2, Mandatory: true, Encoding: "ZBuf", Value: ZBuf { slices: [[f1, da, 92, 52, 75, 98, 92, d4, 9a, e2, 16, 7b, 3f, d2, 14, 95, 11, 17, b4, 26, e0, c5, 36, 05, a2, 9d, 40, d6, 20, 8f, 6c, 62, a1, 27, 14, cb, 14, 6d, 2f, 48, 46, 10, 00, fd, b4, 0a, 82, c9]] } }
[2m2026-09-14T11:24:32.023461Z[0m [31mERROR[0m codec_extension ThreadId(12) [2mzenoh_codec::common::extension[0m[2m:[0m Unknown Test ext: ZExtUnknown { Id: 2, Mandatory: true, Encoding: "ZBuf", Value: ZBuf { slices: [[f7, ab, c0, 1c, 47, d2, 4a, 68, 35, 00, b8, da, 33, 0e, 4a, ca, 8a, d7, 7f, 71, b4, f2, e8, d5, 3d]] } }
[2m2026-09-14T11:24:32.023466Z[0m [31mERROR[0m codec_extension ThreadId(12) [2mzenoh_codec::common::extension[0m[2m:[0m Unknown Test ext: ZExtUnknown { Id: 2, Mandatory: true, Encoding: "ZBuf", Value: ZBuf { slices: [[e2, f0, c8, fb, ff, 34, de, 44, d3, b9, 39, e1, 43, 8c, b5, d8, 05]] } }
[2m2026-09-14T11:24:32.023485Z[0m [31mERROR[0m codec_extension ThreadId(12) [2mzenoh_codec::common::extension[0m[2m:[0m Unknown Test ext: ZExtUnknown { Id: 2, Mandatory: true, Encoding: "ZBuf", Value: ZBuf { slices: [[7e, 64, 5f, c1, a8, 8f, 53, 9b, 46, b5, 7e, b8, 48, 93, d8, 9b, eb, b0, 83, 78, fe, c1, 11, a5, 2a, 4e, 58, f4, 65, a7, 2b, 90, e6, 53, bc, 29, b9, 66, fa, 53, be, 89, 4f, 8a, 99, e8, ed, c7, 4c, 09, 11, 2a]] } }
[2m2026-09-14T11:24:32.023505Z[0m [31mERROR[0m codec_extension ThreadId(12) [2mzenoh_codec::common::extension[0m[2m:[0m Unknown Test ext: ZExtUnknown { Id: 2, Mandatory: true, Encoding: "ZBuf", Value: ZBuf { slices: [[61, 93, 4c, 45, 1f, c0, 3a, b8, 06, 87, d3, 7d, b6, e0, 97, 4b, 79, b3, 6f, 17, 75, 3e, a7, d4, 38, e6, bb, 29, 11, 5e, 0d, 05, 4f, 90, fd, 62, fb, 51, 86, 1b, df, 7c, 6d]] } }
[2m2026-09-14T11:24:32.023525Z[0m [31mERROR[0m codec_extension ThreadId(12) [2mzenoh_codec::common::extension[0m[2m:[0m Unknown Test ext: ZExtUnknown { Id: 2, Mandatory: true, Encoding: "ZBuf", Value: ZBuf { slices: [[51, 1c, f2, be, 3c, 3f, 2f, 24, b7, 90, 3b, 53, 36, 10, b5, 90, c9, d3, a5, 1c, 7e, 0f, c1, 06, 9c, a5, 64, 1d, 89, d1, a7, f2, 0d, 19, 65]] } }
[2m2026-09-14T11:24:32.023530Z[0m [31mERROR[0m codec_extension ThreadId(12) [2mzenoh_codec::common::extension[0m[2m:[0m Unknown Test ext: ZExtUnknown { Id: 2, Mandatory: true, Encoding: "ZBuf", Value: ZBuf { slices: [[22, e7, 92, ec, cf, 0c, 69, 64, eb, c4, db, d9, 06, 71, db, 34, 61, b4, fa, 0a, 37, 0f, 67, b3, bd, ed, d1, ea, 6f, e9, 32, ed, 79, 91, 11, 11, c7, 1a, 7c]] } }
[2m2026-09-14T11:24:32.023550Z[0m [31mERROR[0m codec_extension ThreadId(12) [2mzenoh_codec::common::extension[0m[2m:[0m Unknown Test ext: ZExtUnknown { Id: 2, Mandatory: true, Encoding: "ZBuf", Value: ZBuf { slices: [[d2, 0d, 50, 6d, 0c, eb, de, be, 1f, 6b, e6, 9a, 47, a9, f9, 74, 75, 51, 3f, 4a, 53, e1, f6, d7, f2, 60, b9, 95, 8d, 92, 9a, 9d, 1b, 84, 39, d9, 90, ce, bf, 28, c3, 2b, a4, 59, 00, 13, 83, b0, 21, e1, f1, ba, 7e, 7a, ce, d0, 40, fe, fc, ce, f4]] } }
[2m2026-09-14T11:24:32.023557Z[0m [31mERROR[0m codec_extension ThreadId(12) [2mzenoh_codec::common::extension[0m[2m:[0m Unknown Test ext: ZExtUnknown { Id: 2, Mandatory: true, Encoding: "ZBuf", Value: ZBuf { slices: [[29, a4, 37, ce, c9, 1f, b7, 20, af, bc]] } }
[2m2026-09-14T11:24:32.023575Z[0m [31mERROR[0m codec_extension ThreadId(12) [2mzenoh_codec::common::extension[0m[2m:[0m Unknown Test ext: ZExtUnknown { Id: 2, Mandatory: true, Encoding: "ZBuf", Value: ZBuf { slices: [[db, 6f, 50, ad, 25, 77, cb, 17, b4, 9b, 42, 3c, d2, ba, de, 54, ff, 40, cf, fc, 18, b1]] } }
[2m2026-09-14T11:24:32.023594Z[0m [31mERROR[0m codec_extension ThreadId(12) [2mzenoh_codec::common::extension[0m[2m:[0m Unknown Test ext: ZExtUnknown { Id: 2, Mandatory: true, Encoding: "ZBuf", Value: ZBuf { slices: [[2b, d2, af, 71, f0, 37, 6c, 5f, 56, c3, e4, 84, 2c, c9, a5, a9, 9c, cf, 65, d6, da, d7, de, 40, c3, e4, de, 69, 10, db, a7, ad, fd, 8c, 51, 0c, 7a, 5d, bc, ae, 77, c0, d3, 6f, a4, 5c, 15, 9c, ef, 20, 66, 1a, 48, e6, 9c, bb, 50, 12, 29, 52, c0, 8a]] } }
[2m2026-09-14T11:24:32.023601Z[0m [31mERROR[0m codec_extension ThreadId(12) [2mzenoh_codec::common::extension[0m[2m:[0m Unknown Test ext: ZExtUnknown { Id: 2, Mandatory: true, Encoding: "ZBuf", Value: ZBuf { slices: [[1d, c3, e8, 44, 78, 14, e5, 54, d2, e1]] } }
[2m2026-09-14T11:24:32.023621Z[0m [31mERROR[0m codec_extension ThreadId(12) [2mzenoh_codec::common::extension[0m[2m:[0m Unknown Test ext: ZExtUnknown { Id: 2, Mandatory: true, Encoding: "ZBuf", Value: ZBuf { slices: [[62, d7, 7d, b6, b0, b2, 2d, 36, 4e, 46, 9f, ea, 94, 29, 0d, a6, 31, 9f, 5c, 5b, bd, b2, 64, 7a, bc, 44, 87, 73, 6f]] } }
[2m2026-09-14T11:24:32.023626Z[0m [31mERROR[0m codec_extension ThreadId(12) [2mzenoh_codec::common::extension[0m[2m:[0m Unknown Test ext: ZExtUnknown { Id: 2, Mandatory: true, Encoding: "ZBuf", Value: ZBuf { slices: [[8b, 11, 06, 86, 79, 3f, e0, 9d, 85, 6a, e8, ce, 78, 01, 2b, 5a, 50, a7, 3a, 5a, 0e, 5b, 62, 29, ce, c1, 6f, a2, 58, 08, 7d, e1, 18, 2e, 52]] } }
[2m2026-09-14T11:24:32.023646Z[0m [31mERROR[0m codec_extension ThreadId(12) [2mzenoh_codec::common::extension[0m[2m:[0m Unknown Test ext: ZExtUnknown { Id: 2, Mandatory: true, Encoding: "ZBuf", Value: ZBuf { slices: [[62, b1, 41, 14, f7, 28, 77, da, fd, 4d, 3e, 17, 1b, 81, 3a, be, 78, 64, cd, 5c, 38, 07, 0f, 28, de, 82, dc, 75, cc]] } }
[2m2026-09-14T11:24:32.023651Z[0m [31mERROR[0m codec_extension ThreadId(12) [2mzenoh_codec::common::extension[0m[2m:[0m Unknown Test ext: ZExtUnknown { Id: 2, Mandatory: true, Encoding: "ZBuf", Value: ZBuf { slices: [[95, d8, 03, 84, 05, 94, 54, 92, 7d, 9a, 5e, 97, 14, ff, 03, a0, e0, bb, 29, 3f, cf, c1, e1, 6b, 0c, a0, c9, c4, 84, ef, b3, e0, 48, bd]] } }
[2m2026-09-14T11:24:32.023670Z[0m [31mERROR[0m codec_extension ThreadId(12) [2mzenoh_codec::common::extension[0m[2m:[0m Unknown Test ext: ZExtUnknown { Id: 2, Mandatory: true, Encoding: "ZBuf", Value: ZBuf { slices: [[6d, 35, 3d, d7, c5, 3f, 94, 05, 35, 92, bc, 9e, 79, 7a, 8d, 62, 61, 12, 31, 1f, 5d, 86, b7, 42, e9, ee, 9b, af, ea, 3d, f1, 29, 63, 1e, 3f, be, fa, 39, 1c, ae, e5, 3e, a7, d0, ff, 32, 3e, 70, b8, e5, 20, 29, 9e]] } }
[2m2026-09-14T11:24:32.023676Z[0m [31mERROR[0m codec_extension ThreadId(12) [2mzenoh_codec::common::extension[0m[2m:[0m Unknown Test ext: ZExtUnknown { Id: 2, Mandatory: true, Encoding: "ZBuf", Value: ZBuf { slices: [[02, 13, 4c, 98, 7f, f7, 98, 4e, 2b, 5c, 8d, 8e, 48]] } }
[2m2026-09-14T11:24:32.023705Z[0m [31mERROR[0m codec_extension ThreadId(12) [2mzenoh_codec::common::extension[0m[2m:[0m Unknown Test ext: ZExtUnknown { Id: 2, Mandatory: true, Encoding: "ZBuf", Value: ZBuf { slices: [[2a, 83, c3, 63, 3f, 63, 5c, 17, 43, 36, f5, 68, cc, 29, b7, 61, 55, 09, 7d, b7, 6c, 04, 5d, 9d, 85, d9, 2f]] } }
[2m2026-09-14T11:24:32.023725Z[0m [31mERROR[0m codec_extension ThreadId(12) [2mzenoh_codec::common::extension[0m[2m:[0m Unknown Test ext: ZExtUnknown { Id: 2, Mandatory: true, Encoding: "ZBuf", Value: ZBuf { slices: [[b2, 20, 57, 41, 76, f6, 95, dd, e5, 1d, 32, a3, 07, 8c, 4e, 24, 91, da, df, f0, cb, 3d, ba, 86, 9d, ca, 34, 95, b3, 96, 91, 63, 2d, 64, ea, b3, 54, a6, 84, c4, b2, 4a]] } }
[2m2026-09-14T11:24:32.023731Z[0m [31mERROR[0m codec_extension ThreadId(12) [2mzenoh_codec::common::extension[0m[2m:[0m Unknown Test ext: ZExtUnknown { Id: 2, Mandatory: true, Encoding: "ZBuf", Value: ZBuf { slices: [[32, 0d, 48, 2c, 7f, 54, fd, b7, bf, ce, d8, ed, 8b, 38, 37, 6a, 00, 97, ba, 86, a8, 14, ba, a9, 5e, bf, 48, 3f, b9, 3a, 37, b2]] } }
[2m2026-09-14T11:24:32.023750Z[0m [31mERROR[0m codec_extension ThreadId(12) [2mzenoh_codec::common::extension[0m[2m:[0m Unknown Test ext: ZExtUnknown { Id: 2, Mandatory: true, Encoding: "ZBuf", Value: ZBuf { slices: [[0f, 30, 88, 1b, 6e, a1, e4, 06, 03, a0, 5b, 85, 15, fa, 12, 79, c7, 13, 1d, b8, 79, 36, c6, 58, f3, 38, 65, 70, fd, fd, 3d, 9f, 44, 0c, ea, 79, 5c, e4, 28, a8, 98, 5f, ec, 98, ca, 03, 43, 02, f2, 8d, da, 93, 39, 4b, 5b, 84, a7, e3, a1]] } }
[2m2026-09-14T11:24:32.023771Z[0m [31mERROR[0m codec_extension ThreadId(12) [2mzenoh_codec::common::extension[0m[2m:[0m Unknown Test ext: ZExtUnknown { Id: 2, Mandatory: true, Encoding: "ZBuf", Value: ZBuf { slices: [[0a, 14, 73, 24, fc, 2f, 21, 9a, 8d, 24, 8c, e8, 6e, 68, 2b, c2, da, 0b, 3f, 9c, 25, c9, 6d, 44, a9, 97, 1d, ca, 34, bd, 58, 77, 59, b1, 14, a0, 2a, 79, 4f, d0, 56, e1, 19, f4, 19, ba, d4, 3c, ed, 54, e2, c0, 89]] } }
[2m2026-09-14T11:24:32.023792Z[0m [31mERROR[0m codec_extension ThreadId(12) [2mzenoh_codec::common::extension[0m[2m:[0m Unknown Test ext: ZExtUnknown { Id: 2, Mandatory: true, Encoding: "ZBuf", Value: ZBuf { slices: [[80, b5, d0, d3, e1, 77, 09, 14, 38, 26, 65, eb, d8, 38, 11, 51, 26, f7, a4, 61, 31, 6d, 8c, 2f, 1b, a2, 0b, ca, ef, 0f, ec, da, ef, 77, 81, a7, 1b, 46, cf, ee, e7, 69, ed, c7, 11, a1, ec, 13, 89, 5b, 87, 18]] } }
[2m2026-09-14T11:24:32.023812Z[0m [31mERROR[0m codec_extension ThreadId(12) [2mzenoh_codec::common::extension[0m[2m:[0m Unknown Test ext: ZExtUnknown { Id: 2, Mandatory: true, Encoding: "ZBuf", Value: ZBuf { slices: [[49, 1e, d4, 80, d4, 34, 79, 4d, c4, 40, ae, fd, 0a, 10, d5, 49, d1, 4d, fb, 95, 45, d5, e4, 35, cf, 62, 10, fd, 44, f8, 08, ab, 15, c9, 58, 3a, 3c, 59, 7b, 46, dc, ea, e9, 76, 30, 6d, b3, 36, 33, 74, 46, 69, 40, 14, 2b, c4, ca, b3, e6, 7e, 77, d9]] } }
[2m2026-09-14T11:24:32.023833Z[0m [31mERROR[0m codec_extension ThreadId(12) [2mzenoh_codec::common::extension[0m[2m:[0m Unknown Test ext: ZExtUnknown { Id: 2, Mandatory: true, Encoding: "ZBuf", Value: ZBuf { slices: [[af, 41, 4d, 43, 5c, 36, 09, 83, 82, 1f, 0d, b3, 96, 9c, 9d, 40, 4e, 73, ad, 56, 1e, ba, 18, 41, 74, a2, f6, cd, ef, e0, 66, b1, 13, 5f, 6a, e6, 7b, 1d, e9, d0, da, bb, d9, 87, 0b, 8a, e8, 8c, 53, a5, fd, 54]] } }
[2m2026-09-14T11:24:32.023839Z[0m [31mERROR[0m codec_extension ThreadId(12) [2mzenoh_codec::common::extension[0m[2m:[0m Unknown Test ext: ZExtUnknown { Id: 2, Mandatory: true, Encoding: "ZBuf", Value: ZBuf { slices: [[44, 9f, d2, 25, 9a, 79, 02, 78, 87, c4, b3, 58, 26, 49, 72, 03, 54, 0f, 80, d0, 4e, 76, 17, c9, cd, 11, 38, 8a, bb, 32, ac, 64, 43, 69, cf, 1a, e7, 5b, 75, c6, 02, f0, fe, a3, 53]] } }
[2m2026-09-14T11:24:32.023859Z[0m [31mERROR[0m codec_extension ThreadId(12) [2mzenoh_codec::common::extension[0m[2m:[0m Unknown Test ext: ZExtUnknown { Id: 2, Mandatory: true, Encoding: "ZBuf", Value: ZBuf { slices: [[2d, cc, f2, b1, 77, 0c, 43, 91, 32, 7a, bf, 0a, de, 01, d7, 73, c2, 83, 8d, 29, a1, 0f, 07]] } }
[2m2026-09-14T11:24:32.023878Z[0m [31mERROR[0m codec_extension ThreadId(12) [2mzenoh_codec::common::extension[0m[2m:[0m Unknown Test ext: ZExtUnknown { Id: 2, Mandatory: true, Encoding: "ZBuf", Value: ZBuf { slices: [[b8, 0f, 72, d3, 18, 40, 55, 98, 0d, 73, e4, 06, 5e, d7, 62, f3, 9b, af, 85, 36, 03, 72, 2f, 80, 80, b2, 24, 0e, c1, 4c, 04, 13, ec, 80, ac, 01, 2d, 56, 46, e6, 47, c1, fc, 18, dd, 5e]] } }
[2m2026-09-14T11:24:32.023898Z[0m [31mERROR[0m codec_extension ThreadId(12) [2mzenoh_codec::common::extension[0m[2m:[0m Unknown Test ext: ZExtUnknown { Id: 2, Mandatory: true, Encoding: "ZBuf", Value: ZBuf { slices: [[92, e7, a8, 23, 3b, 2c, e5, 97, e2, e6, 3a, 3f, 3a, 52, 0b, fd, 90, 05, 11, ed, a7, 5d, d3, 3c, 0e, de, ad, 1a, f2, bd, ec, 63, 4d, 1f, 52, 59, d6, fa, ba, 73, 12, 47, 91, 4b, d5, 19, cd, e1, e2, 90, 33, fc, 19, b4, 26, 5d, 6f, 35, 73, e6, 56, 20]] } }
[2m2026-09-14T11:24:32.023905Z[0m [31mERROR[0m codec_extension ThreadId(12) [2mzenoh_codec::common::extension[0m[2m:[0m Unknown Test ext: ZExtUnknown { Id: 2, Mandatory: true, Encoding: "ZBuf", Value: ZBuf { slices: [[86, 04, b9, bc, 92, 62, a8, a9, d3, 2a, 99, 99, bb, 12, d4, 3b, b0, 7b, 59, 1f, 50, 64, b6, 8e, 6b, 7b, 81, 55, c3, ad, 7b, 0f, 63, fa, 0d, ec, 63, 34, 29, 7e]] } }
[2m2026-09-14T11:24:32.023925Z[0m [31mERROR[0m codec_extension ThreadId(12) [2mzenoh_codec::common::extension[0m[2m:[0m Unknown Test ext: ZExtUnknown { Id: 2, Mandatory: true, Encoding: "ZBuf", Value: ZBuf { slices: [[57, ca, 67, f4, eb, 72, 58, 50, 63, 8f, 88, 01, f4, 3f, 4e, 27, 8a, a7, 50, 55, cb, 5c, a6, b8, c3, e1, 62, a7, cf, 1f, 8f, da, d3, e2, d9, a1, 22, 4e, 6b]] } }
[2m2026-09-14T11:24:32.023944Z[0m [31mERROR[0m codec_extension ThreadId(12) [2mzenoh_codec::common::extension[0m[2m:[0m Unknown Test ext: ZExtUnknown { Id: 2, Mandatory: true, Encoding: "ZBuf", Value: ZBuf { slices: [[84, 6a, a4, 0b, ee, 98, 96, 01, cc, fc, c7, fe, f4, 98, 9e, 78, 9c, 8e, 71, a5, de, 46, 15, a1, 15, 26, 36, 46, 4b, ee, 25, 57, 6f, d8, f7, 7c, b3, 50, 62, 54, dd]] } }
[2m2026-09-14T11:24:32.023965Z[0m [31mERROR[0m codec_extension ThreadId(12) [2mzenoh_codec::common::extension[0m[2m:[0m Unknown Test ext: ZExtUnknown { Id: 2, Mandatory: true, Encoding: "ZBuf", Value: ZBuf { slices: [[81, 2e, 30, 92, d6, 41, c3, 7a, 63, b6, 62, bb, 22, 81, 1a, ca, 62, ed, a0, 4a, d2, 47, f1, ed, a1, a0, 8f, 42, 35, d8, a8, 73, 68, b3, c5, 06, 97, 79, f8, b7, 8d, 4f, 72, 9a, ec, e1, c3, e1, 64, e7, 07, 31]] } }
[2m2026-09-14T11:24:32.023973Z[0m [31mERROR[0m codec_extension ThreadId(12) [2mzenoh_codec::common::extension[0m[2m:[0m Unknown Test ext: ZExtUnknown { Id: 2, Mandatory: true, Encoding: "ZBuf", Value: ZBuf { slices: [[e3, 12, bf, a3, 06, 79, 35, 28, 23, 83, 61, 2f, 02, 63, e1, a3, 75, 69, 67, f2, 58, 98, 16, 29, 21, 74, 8d, 45, a4, 80, 51, 5e, 19, 03, d5, 2b, 74, db, c8, 40, c3, d8, 4d, 4b, b5, ba]] } }
[2m2026-09-14T11:24:32.023994Z[0m [31mERROR[0m codec_extension ThreadId(12) [2mzenoh_codec::common::extension[0m[2m:[0m Unknown Test ext: ZExtUnknown { Id: 2, Mandatory: true, Encoding: "ZBuf", Value: ZBuf { slices: [[00, dd, d8, 50, ea, 97, 17, 49, 59, d8, c5, b7, 50, 8b, 90, 2b, a1, b9, ce, 59, e8, f5, ca, 45, 05, a1, c6, 65, e2, 19, f3, 6e, 76, 34, 09, d0, b3, 99, f5, 2b, 05, 26, f5, bc, ff, 95]] } }
[2m2026-09-14T11:24:32.024014Z[0m [31mERROR[0m codec_extension ThreadId(12) [2mzenoh_codec::common::extension[0m[2m:[0m Unknown Test ext: ZExtUnknown { Id: 2, Mandatory: true, Encoding: "ZBuf", Value: ZBuf { slices: [[b9, ea, 0d, 92, bd, c5, b5, 61, aa, 53, 92, 37, 66, b9, 55, 05, 92, a0, 84, 93, 23, 02, 1b, ee, 01, 46, 1c, 3d, 30, 70, 4e, f7, 92, 97, f9, a3, 5a, 57, ab, 42, ac, bf, 8d, 43, e2, 58, 1c, d5, d8, 9e, d0, 33, b5, 74, 3e, 7f, 3d, aa, 7d, 62, 1f, 03, e9]] } }
[2m2026-09-14T11:24:32.024036Z[0m [31mERROR[0m codec_extension ThreadId(12) [2mzenoh_codec::common::extension[0m[2m:[0m Unknown Test ext: ZExtUnknown { Id: 2, Mandatory: true, Encoding: "ZBuf", Value: ZBuf { slices: [[66, b1, 7d, d6, 19, 3a, 57, b6, e6, 6d, b0, d8, fb, dc, 2d, 57, 47, 03, 3c, 9f, ba, a7, 46, 73, e0, 3e, 53, c1, 1f, f3, 0d, 82, 29, 75, 94, 1d, 7d, a8, 4d, 21, 38, 6e]] } }
[2m2026-09-14T11:24:32.024042Z[0m [31mERROR[0m codec_extension ThreadId(12) [2mzenoh_codec::common::extension[0m[2m:[0m Unknown Test ext: ZExtUnknown { Id: 2, Mandatory: true, Encoding: "ZBuf", Value: ZBuf { slices: [[23, c8, 90, 94, 79, 7e, e5, 6f, a7, c9, 21, b2, cf, 04, dc, 96]] } }
[2m2026-09-14T11:24:32.024046Z[0m [31mERROR[0m codec_extension ThreadId(12) [2mzenoh_codec::common::extension[0m[2m:[0m Unknown Test ext: ZExtUnknown { Id: 2, Mandatory: true, Encoding: "ZBuf", Value: ZBuf { slices: [[40, 39, 89, 6e, 77, 4e, 9a, 17, 0e, b2, 64, 29, 7c, 05, 22, dd, 24, 56, 6b]] } }
[2m2026-09-14T11:24:32.024065Z[0m [31mERROR[0m codec_extension ThreadId(12) [2mzenoh_codec::common::extension[0m[2m:[0m Unknown Test ext: ZExtUnknown { Id: 2, Mandatory: true, Encoding: "ZBuf", Value: ZBuf { slices: [[79, ba, dc, 4f, 7d, 5c, ea, 09, ba, 42, 98, eb, 21, 24, 08, 1f, c2, 45, 3a, f0, 94, 1c, 4d, f4, dc, b0, 19, c4, 00, c1, c3, 41, 0a, 1a]] } }
[2m2026-09-14T11:24:32.024084Z[0m [31mERROR[0m codec_extension ThreadId(12) [2mzenoh_codec::common::extension[0m[2m:[0m Unknown Test ext: ZExtUnknown { Id: 2, Mandatory: true, Encoding: "ZBuf", Value: ZBuf { slices: [[7b, ba, 33, 33, 80, 44, bd, 50, 80, 03, a0, 91, 4f, 51, c3, f7, 81, 91, 59, c0, e6, fa, 76, a8, 8f, b3, cb, 32, 9f, 6d, 11, 1b, 40, 2c, 8b, 19, 55, 91, a8, 9c, 11, 8a, 70, 3a, 51, 93, 59, e4, 11, 8a, 50, cc, 9d, 6f, b7]] } }
[2m2026-09-14T11:24:32.024091Z[0m [31mERROR[0m codec_extension ThreadId(12) [2mzenoh_codec::common::extension[0m[2m:[0m Unknown Test ext: ZExtUnknown { Id: 2, Mandatory: true, Encoding: "ZBuf", Value: ZBuf { slices: [[2e, cd, cd, 36, f9, 80, d8, ac, 6c, a7, e0, d8, ec, 26, f3, d3, 9d, f9, f9, 47, 1b, be, 78, 8c, 6d, 94, 26, dc, 7b, 2e]] } }
[2m2026-09-14T11:24:32.024110Z[0m [31mERROR[0m codec_extension ThreadId(12) [2mzenoh_codec::common::extension[0m[2m:[0m Unknown Test ext: ZExtUnknown { Id: 2, Mandatory: true, Encoding: "ZBuf", Value: ZBuf { slices: [[fe, 6e, 0f, 65, 71, 75, d4, e9, bf, cb, 6f, 19, 6d, 13, 22, 0d, 59, d7, e1, 48, ef, 25, b7, 40, ba, 6e, 44, 7f, ea, ab, ea, f9, a2, cd, 90, 98, 39, e0, 90, 39, 87, 90, b2, fb, d8, 71, fc, 81, b4, fa, d8, 64, 40, b4, 8c, a1, 3a, 01, 19, f6, cd]] } }
[2m2026-09-14T11:24:32.024132Z[0m [31mERROR[0m codec_extension ThreadId(12) [2mzenoh_codec::common::extension[0m[2m:[0m Unknown Test ext: ZExtUnknown { Id: 2, Mandatory: true, Encoding: "ZBuf", Value: ZBuf { slices: [[43, 75, 7b, 0f, f3, 41, 23, 8f, 4c, f3, 76, 97, 59, 9c, 3a, 51, d3, e2, 74, 1a, ce, 67, 47, 12, bf, 8d, f0, 89, 65, af, b3, 93, cb, d6, f9, 10, f7, d2, 53, 9f, dd, 29, d7, ab, 82, 07, 15, 04, fd, 34, 3b, 1f, 37, 93, 09, e5, e6, d6, 1a]] } }
[2m2026-09-14T11:24:32.024152Z[0m [31mERROR[0m codec_extension ThreadId(12) [2mzenoh_codec::common::extension[0m[2m:[0m Unknown Test ext: ZExtUnknown { Id: 2, Mandatory: true, Encoding: "ZBuf", Value: ZBuf { slices: [[cf, c1, 74, 6b, 07, 63, ca, 1a, ef, b1, 03, 23, b7, e7, c3, 54, 82, 21, 5e, 7a, b6, 6a, c9, 99, 13, 71, 21, 61, c2, f4, 0f, 58, 09, ed, c6, 42, c1, 8e]] } }
[2m2026-09-14T11:24:32.024158Z[0m [31mERROR[0m codec_extension ThreadId(12) [2mzenoh_codec::common::extension[0m[2m:[0m Unknown Test ext: ZExtUnknown { Id: 2, Mandatory: true, Encoding: "ZBuf", Value: ZBuf { slices: [[31, e0, bf, 5b, d0, 30, 32, 09, 7d, f4, 56, e2, e3, bd, 69, 27, 8c, 2b]] } }
[2m2026-09-14T11:24:32.024176Z[0m [31mERROR[0m codec_extension ThreadId(12) [2mzenoh_codec::common::extension[0m[2m:[0m Unknown Test ext: ZExtUnknown { Id: 2, Mandatory: true, Encoding: "ZBuf", Value: ZBuf { slices: [[aa, 22, a0, 33, 50, fb, 04, 48, 0b, dc, 8a, dd, a6, 2a, 1a, 85, 29, 0b, 60, 38, b4, 35, a6, 2f, 8c, 19, a0, 6f, 59, 5b, dc, 99, 6e, 1b, 21, cb, 4b, f5, f2, 2a, 6e, ee, b7, 3c, 1d, 1c, 49, 58, 0d, 87, c5, 7b, 6d, 31, c8, 5f, 93, 3d, cd, b8, 28, 46, a6, 06]] } }
[2m2026-09-14T11:24:32.024197Z[0m [31mERROR[0m codec_extension ThreadId(12) [2mzenoh_codec::common::extension[0m[2m:[0m Unknown Test ext: ZExtUnknown { Id: 2, Mandatory: true, Encoding: "ZBuf", Value: ZBuf { slices: [[d0, 71, 3c, 4a, 4d, 35, a4, cc, a4, 33, 1b, c6, df, d4, e3, 11, 5b, db, 50, f3, 39, 13, 39]] } }
[2m2026-09-14T11:24:32.024216Z[0m [31mERROR[0m codec_extension ThreadId(12) [2mzenoh_codec::common::extension[0m[2m:[0m Unknown Test ext: ZExtUnknown { Id: 2, Mandatory: true, Encoding: "ZBuf", Value: ZBuf { slices: [[f4, 36, 3d, 5d, 12, 68, ba, 13, b4, 5e, 59, 9a, b3, 98, 61, 49, 7a, 85, 2b, ed, 67, b1, 55, ae, 11, b6, a8, 24, 35, 11, 02, f7, 9d, 50, 2f, 98, 37, 9a, c7, 46, 3b]] } }
[2m2026-09-14T11:24:32.024222Z[0m [31mERROR[0m codec_extension ThreadId(12) [2mzenoh_codec::common::extension[0m[2m:[0m Unknown Test ext: ZExtUnknown { Id: 2, Mandatory: true, Encoding: "ZBuf", Value: ZBuf { slices: [[22, 8c, 68, a0, 31, f2, c5, 4a, bd, ca, 57, a9, ba, 27, cb, 59, a9, ec, e6, 69, 50, 86, df, 93, b7, a2, 2d, 86, b3, 9e, e7, 05, 8a, 33, cb, 36, aa, 70, 90, ad, b2, 05, a3, 5f, 87]] } }
[2m2026-09-14T11:24:32.024241Z[0m [31mERROR[0m codec_extension ThreadId(12) [2mzenoh_codec::common::extension[0m[2m:[0m Unknown Test ext: ZExtUnknown { Id: 2, Mandatory: true, Encoding: "ZBuf", Value: ZBuf { slices: [[55, df, 6d, 8b, c7, 54, 84, c8, 9b, be, 67, 19, 3f, b7, f6, 05, f2, 96, c7, 87, 25, 5e, 44, 86, a4, b0, 70, 82, ce, 95, 83, 83, 96, 78, 6d, 26, 06, 6e, 36, 74, be, 4d, 09, cb, fc, 0b, f6, 00, cd, 44, 7f, 8c]] } }
[2m2026-09-14T11:24:32.024261Z[0m [31mERROR[0m codec_extension ThreadId(12) [2mzenoh_codec::common::extension[0m[2m:[0m Unknown Test ext: ZExtUnknown { Id: 2, Mandatory: true, Encoding: "ZBuf", Value: ZBuf { slices: [[0c, 15, b0, b9, 74, e9, cb, 85, 38, 9f, 61, 98, e5, c5, ea, 31, c4, 71, 5f, bf, 3f, 62, 64, 2d, 87, 3b, 1c, d5, c9, 98, e9, 1b, b7, a6, c7, a8, 8a, 3b, 22, 3b, f9, 70]] } }
[2m2026-09-14T11:24:32.024281Z[0m [31mERROR[0m codec_extension ThreadId(12) [2mzenoh_codec::common::extension[0m[2m:[0m Unknown Test ext: ZExtUnknown { Id: 2, Mandatory: true, Encoding: "ZBuf", Value: ZBuf { slices: [[79, 39, 2f, 9d, d6, 8a, 91, b0, f0, 6e, ec, df, c7, ad, 41, 8d, 7f, a1, f9, 37, 21, d2, 15, ed, 42, cb, b4, 9a, 19, 1c, b4, 22, 71, 3f, a1, 3f, f8, 9d, 6e, 79, 4c, 17, 6f, 95, 30, 0f, ca, b0, e9, 5e, 02, de, 26, f9, 29, 9b, 86, 9f, 8f, bb, d8, bd, b7, a0]] } }
[2m2026-09-14T11:24:32.024303Z[0m [31mERROR[0m codec_extension ThreadId(12) [2mzenoh_codec::common::extension[0m[2m:[0m Unknown Test ext: ZExtUnknown { Id: 2, Mandatory: true, Encoding: "ZBuf", Value: ZBuf { slices: [[c7, c6, 5b, b7, 41, e5, 8c, 64, 78, 2c, 67, 8e, 77, 17, 7c, 14, 8c, a5, 65, 56, c1, 8a, 3e, ad, 03, 1d, 65, 39, 31, 2f, 69, 4b, d1, 3b, 23, da, 4d, 0a]] } }
[2m2026-09-14T11:24:32.024323Z[0m [31mERROR[0m codec_extension ThreadId(12) [2mzenoh_codec::common::extension[0m[2m:[0m Unknown Test ext: ZExtUnknown { Id: 2, Mandatory: true, Encoding: "ZBuf", Value: ZBuf { slices: [[d3, 1c, 57, 32, 4e, f9, 89, 7b, b9, 09, 88, 86, 8a, 4a, 41, d2, 08, 6b, 9d, ae, a7, 76, c2, 4f, d5, a6, 76, d1, 56, 4d, a8, a2, e9, 91, 48, 36, fd, 36, 02, 6f, 3e, e7, 9f, e6, 26, 9c, 14, 56, c5, 4a, 07, 4b, a2, a4, ca, 36, de, b1, fc, da, 78, ee, ab]] } }
[2m2026-09-14T11:24:32.027197Z[0m [31mERROR[0m codec_extension ThreadId(12) [2mzenoh_codec::common::extension[0m[2m:[0m Unknown Test ext: ZExtUnknown { Id: 1, Mandatory: true, Encoding: "Z64", Value: 13551523257977852312 }
[2m2026-09-14T11:24:32.027224Z[0m [31mERROR[0m codec_extension ThreadId(12) [2mzenoh_codec::common::extension[0m[2m:[0m Unknown Test ext: ZExtUnknown { Id: 12, Mandatory: true, Encoding: "Unit" }
[2m2026-09-14T11:24:32.027259Z[0m [31mERROR[0m codec_extension ThreadId(12) [2mzenoh_codec::common::extension[0m[2m:[0m Unknown Test ext: ZExtUnknown { Id: 9, Mandatory: true, Encoding: "Unit" }
[2m2026-09-14T11:24:32.027278Z[0m [31mERROR[0m codec_extension ThreadId(12) [2mzenoh_codec::common::extension[0m[2m:[0m Unknown Test ext: ZExtUnknown { Id: 10, Mandatory: true, Encoding: "ZBuf", Value: ZBuf { slices: [[54, 67, 45, 1f, 24, b2, bd, 48, d4, 92, 7b, 32, 50, 70, b9, 5a, 77, 5c, 64, a6, 46, d6, 1e, ae, 8e, 60, 61, 30, 8e, ad, 6e, b1, 74, 45, 20, 33, 91, 54, cf, 48, 36, b8, 96, 18, 04, bc, 1f, 9a, 23]] } }
[2m2026-09-14T11:24:32.027285Z[0m [31mERROR[0m codec_extension ThreadId(12) [2mzenoh_codec::common::extension[0m[2m:[0m Unknown Test ext: ZExtUnknown { Id: 3, Mandatory: true, Encoding: "Unit" }
[2m2026-09-14T11:24:32.027319Z[0m [31mERROR[0m codec_extension ThreadId(12) [2mzenoh_codec::common::extension[0m[2m:[0m Unknown Test ext: ZExtUnknown { Id: 0, Mandatory: true, Encoding: "ZBuf", Value: ZBuf { slices: [[1c, c4, c4, 32, a7, e0, 97, 69, 1a, f5, 60, 61, 8b, d6, 1e, 88, 31, c3, 00, fc, 1e, a8, b8, 8a, bb, 48, 8b, 31, bc, 34, 00, 53, 51, 67, 9c, 07, e8, ef, 85, fc, 16, 51, 6b, 5e, f9, ed, 41, a5, 37, 3b, d8, d2]] } }
[2m2026-09-14T11:24:32.027341Z[0m [31mERROR[0m codec_extension ThreadId(12) [2mzenoh_codec::common::extension[0m[2m:[0m Unknown Test ext: ZExtUnknown { Id: 5, Mandatory: true, Encoding: "ZBuf", Value: ZBuf { slices: [[d5, c5, 5f, 1e, fe, b6, 92, 59, f5, ca, 32, 55, 85, fe, ec, 90, d6, 4e, 17, 94, ff, 56, b8, b9, 2d, 6a, d6, 63, a0, a6, fc, 68, 91, b3, 41, ea, fc, d7, 9f, f1, 4a, 65, a1, 18, 78, af, d7, 60]] } }
[2m2026-09-14T11:24:32.027362Z[0m [31mERROR[0m codec_extension ThreadId(12) [2mzenoh_codec::common::extension[0m[2m:[0m Unknown Test ext: ZExtUnknown { Id: 8, Mandatory: true, Encoding: "ZBuf", Value: ZBuf { slices: [[ca, 90, ce, ff, 3c, 6f, 36, 43, 8a, a4, 1c, 43, 59, e2, fe, 87, d5, db, 51, 0c, 75, be, 29, c0, a6, 03, 7e, dd, 50, 7f, 19, 4e, c5, c0, c1, d1, 61, ac]] } }
[2m2026-09-14T11:24:32.027382Z[0m [31mERROR[0m codec_extension ThreadId(12) [2mzenoh_codec::common::extension[0m[2m:[0m Unknown Test ext: ZExtUnknown { Id: 10, Mandatory: true, Encoding: "ZBuf", Value: ZBuf { slices: [[b2, 50, ca, 1b, 74, 9f, 91, 33, b6, 35, 76, 00, 5b, 33, 8b, 6d, 79, 14, 0f, 50, e8, a7, 04, de, 2f, ec, 60, 28, 0e, 01, e3, 2f, 13, a6, e3, 9a, b0, b0, fb, 6a, 63, 07, 03, ed, da, bd, dc, 9a, a9, a6, 8b, 36, 39, 0d]] } }
[2m2026-09-14T11:24:32.027407Z[0m [31mERROR[0m codec_extension ThreadId(12) [2mzenoh_codec::common::extension[0m[2m:[0m Unknown Test ext: ZExtUnknown { Id: 3, Mandatory: true, Encoding: "ZBuf", Value: ZBuf { slices: [[76, 7e, 4c, 82, 0e, 00, a9, f0, 56, 11, 2e, 1c, 6b, 0a, 46, d2, 13, 41, 36, 05, d5, 0a, 96, 67, 44, f2]] } }
[2m2026-09-14T11:24:32.027476Z[0m [31mERROR[0m codec_extension ThreadId(12) [2mzenoh_codec::common::extension[0m[2m:[0m Unknown Test ext: ZExtUnknown { Id: 15, Mandatory: true, Encoding: "Unit" }
[2m2026-09-14T11:24:32.027527Z[0m [31mERROR[0m codec_extension ThreadId(12) [2mzenoh_codec::common::extension[0m[2m:[0m Unknown Test ext: ZExtUnknown { Id: 2, Mandatory: true, Encoding: "ZBuf", Value: ZBuf { slices: [[6b, ed, a3, 50, d9, 12, 0c, 46, 28, b1, 1a, cf, 81, 91, 02, cb, 57, dd, 36, 9b, ae, a3, e8, fb, 4c, 1d, 59, 80, 8c, cc, ea, ac, d4, 83, 32, 51, ba, bc, f0, 40, 29, d7, de, 97, 2a, c6, a0, 9a, e8, f0, e3, 89]] } }
[2m2026-09-14T11:24:32.027596Z[0m [31mERROR[0m codec_extension ThreadId(12) [2mzenoh_codec::common::extension[0m[2m:[0m Unknown Test ext: ZExtUnknown { Id: 7, Mandatory: true, Encoding: "Z64", Value: 8419982241720116294 }
[2m2026-09-14T11:24:32.027616Z[0m [31mERROR[0m codec_extension ThreadId(12) [2mzenoh_codec::common::extension[0m[2m:[0m Unknown Test ext: ZExtUnknown { Id: 11, Mandatory: true, Encoding: "Z64", Value: 12514992177318021509 }
[2m2026-09-14T11:24:32.027680Z[0m [31mERROR[0m codec_extension ThreadId(12) [2mzenoh_codec::common::extension[0m[2m:[0m Unknown Test ext: ZExtUnknown { Id: 12, Mandatory: true, Encoding: "Unit" }
[2m2026-09-14T11:24:32.027709Z[0m [31mERROR[0m codec_extension ThreadId(12) [2mzenoh_codec::common::extension[0m[2m:[0m Unknown Test ext: ZExtUnknown { Id: 3, Mandatory: true, Encoding: "Z64", Value: 13052388392400194226 }
[2m2026-09-14T11:24:32.027775Z[0m [31mERROR[0m codec_extension ThreadId(12) [2mzenoh_codec::common::extension[0m[2m:[0m Unknown Test ext: ZExtUnknown { Id: 7, Mandatory: true, Encoding: "Z64", Value: 10311414612643318989 }
[2m2026-09-14T11:24:32.027794Z[0m [31mERROR[0m codec_extension ThreadId(12) [2mzenoh_codec::common::extension[0m[2m:[0m Unknown Test ext: ZExtUnknown { Id: 1, Mandatory: true, Encoding: "ZBuf", Value: ZBuf { slices: [[0f, 17, c2, 5b, 5c, e0, 55, ba, a6, 86, 95, 7e, f2, ef, ca, dd, b2, 33, cc, e9, f4, ac, 8e, 10, 1a, b1, b5, 30, d3, 96, 89, b0, 9d, 8b, c1, 0a, fc, 6c, 04, 63, 6f, a9, 9b, f7, 8b]] } }
[2m2026-09-14T11:24:32.027800Z[0m [31mERROR[0m codec_extension ThreadId(12) [2mzenoh_codec::common::extension[0m[2m:[0m Unknown Test ext: ZExtUnknown { Id: 14, Mandatory: true, Encoding: "ZBuf", Value: ZBuf { slices: [[eb, 7c, 2d, d9, 9e, 81, 2f, ac, 25, e8, fa, 2b, 01, fe, 88, d5, e1, 35, 43, b1, cc, f3, d8, 5c]] } }
[2m2026-09-14T11:24:32.027849Z[0m [31mERROR[0m codec_extension ThreadId(12) [2mzenoh_codec::common::extension[0m[2m:[0m Unknown Test ext: ZExtUnknown { Id: 10, Mandatory: true, Encoding: "Unit" }
[2m2026-09-14T11:24:32.027853Z[0m [31mERROR[0m codec_extension ThreadId(12) [2mzenoh_codec::common::extension[0m[2m:[0m Unknown Test ext: ZExtUnknown { Id: 11, Mandatory: true, Encoding: "Unit" }
[2m2026-09-14T11:24:32.027885Z[0m [31mERROR[0m codec_extension ThreadId(12) [2mzenoh_codec::common::extension[0m[2m:[0m Unknown Test ext: ZExtUnknown { Id: 7, Mandatory: true, Encoding: "Unit" }
[2m2026-09-14T11:24:32.027918Z[0m [31mERROR[0m codec_extension ThreadId(12) [2mzenoh_codec::common::extension[0m[2m:[0m Unknown Test ext: ZExtUnknown { Id: 15, Mandatory: true, Encoding: "Unit" }
[2m2026-09-14T11:24:32.027936Z[0m [31mERROR[0m codec_extension ThreadId(12) [2mzenoh_codec::common::extension[0m[2m:[0m Unknown Test ext: ZExtUnknown { Id: 9, Mandatory: true, Encoding: "ZBuf", Value: ZBuf { slices: [[2d, a3, 18, 1c, d2, dd, 4e, c3, 9d, d5, 4b, 41, c7, 7a, 68, f2, 7d, 1d, 45, 51, 67, d3, 12, 33, 2b, 8b, fa, 49, 50, ce, 80, b6]] } }
[2m2026-09-14T11:24:32.027943Z[0m [31mERROR[0m codec_extension ThreadId(12) [2mzenoh_codec::common::extension[0m[2m:[0m Unknown Test ext: ZExtUnknown { Id: 15, Mandatory: true, Encoding: "Unit" }
[2m2026-09-14T11:24:32.027962Z[0m [31mERROR[0m codec_extension ThreadId(12) [2mzenoh_codec::common::extension[0m[2m:[0m Unknown Test ext: ZExtUnknown { Id: 12, Mandatory: true, Encoding: "Unit" }
[2m2026-09-14T11:24:32.027980Z[0m [31mERROR[0m codec_extension ThreadId(12) [2mzenoh_codec::common::extension[0m[2m:[0m Unknown Test ext: ZExtUnknown { Id: 2, Mandatory: true, Encoding: "Unit" }
[2m2026-09-14T11:24:32.027998Z[0m [31mERROR[0m codec_extension ThreadId(12) [2mzenoh_codec::common::extension[0m[2m:[0m Unknown Test ext: ZExtUnknown { Id: 4, Mandatory: true, Encoding: "Z64", Value: 17581240109761455352 }
[2m2026-09-14T11:24:32.028002Z[0m [31mERROR[0m codec_extension ThreadId(12) [2mzenoh_codec::common::extension[0m[2m:[0m Unknown Test ext: ZExtUnknown { Id: 9, Mandatory: true, Encoding: "ZBuf", Value: ZBuf { slices: [[69, be, 86, 79, 6d, 7a, a9, 01, 18, e2, 91, 45, db, d9, 64, 10, 28, 89, 99, 07, c5, 68, bb]] } }
[2m2026-09-14T11:24:32.028038Z[0m [31mERROR[0m codec_extension ThreadId(12) [2mzenoh_codec::common::extension[0m[2m:[0m Unknown Test ext: ZExtUnknown { Id: 12, Mandatory: true, Encoding: "Unit" }
[2m2026-09-14T11:24:32.028056Z[0m [31mERROR[0m codec_extension ThreadId(12) [2mzenoh_codec::common::extension[0m[2m:[0m Unknown Test ext: ZExtUnknown { Id: 12, Mandatory: true, Encoding: "Unit" }
[2m2026-09-14T11:24:32.028060Z[0m [31mERROR[0m codec_extension ThreadId(12) [2mzenoh_codec::common::extension[0m[2m:[0m Unknown Test ext: ZExtUnknown { Id: 14, Mandatory: true, Encoding: "Z64", Value: 9516861617437530164 }
[2m2026-09-14T11:24:32.028078Z[0m [31mERROR[0m codec_extension ThreadId(12) [2mzenoh_codec::common::extension[0m[2m:[0m Unknown Test ext: ZExtUnknown { Id: 9, Mandatory: true, Encoding: "ZBuf", Value: ZBuf { slices: [[df, 40, cf, bf, e1, 9c, d1, 89, 7d, 6c, 6a, af, 66, 2e, 7e, 39, a9, 20, 46, 97, 32, 71, 31, cb, 30, 49, 56, c5, 0f, 6d, ac, dc, d1, f9, 8b, 2b, f8]] } }
[2m2026-09-14T11:24:32.028113Z[0m [31mERROR[0m codec_extension ThreadId(12) [2mzenoh_codec::common::extension[0m[2m:[0m Unknown Test ext: ZExtUnknown { Id: 3, Mandatory: true, Encoding: "ZBuf", Value: ZBuf { slices: [[41, 90, b7, f6, b6, 68, 06, 5f, 62, 6f, 0d, f9, 00, c3, e2, 0f, 2a, 34, 33, ac, 52, bd, 87, 71]] } }
[2m2026-09-14T11:24:32.028118Z[0m [31mERROR[0m codec_extension ThreadId(12) [2mzenoh_codec::common::extension[0m[2m:[0m Unknown Test ext: ZExtUnknown { Id: 15, Mandatory: true, Encoding: "Unit" }
[2m2026-09-14T11:24:32.028122Z[0m [31mERROR[0m codec_extension ThreadId(12) [2mzenoh_codec::common::extension[0m[2m:[0m Unknown Test ext: ZExtUnknown { Id: 14, Mandatory: true, Encoding: "ZBuf", Value: ZBuf { slices: [[3a, b6, f6, 6b, b1, 17, 33, 22, 96, 23, 7a, 37, ae, 3d, f4, c1, 1c]] } }
[2m2026-09-14T11:24:32.028171Z[0m [31mERROR[0m codec_extension ThreadId(12) [2mzenoh_codec::common::extension[0m[2m:[0m Unknown Test ext: ZExtUnknown { Id: 5, Mandatory: true, Encoding: "ZBuf", Value: ZBuf { slices: [[ea, 69, 30, cf, 8c, 25, bb, 82, 76, f6, ec, 05, 29, 8f, b7, 36, 9e, 83, 5d, 55, 58, e3, b7, 46, c4, 46, 09, b0, c4, a6, 4e, c1, e9, ff, 2f, 2d, 41, b1, aa, 7e, f9, d2, 3b, 18, 15, cf, 25, a8, a8, ad, f2, 84, 85]] } }
[2m2026-09-14T11:24:32.028212Z[0m [31mERROR[0m codec_extension ThreadId(12) [2mzenoh_codec::common::extension[0m[2m:[0m Unknown Test ext: ZExtUnknown { Id: 4, Mandatory: true, Encoding: "Unit" }
[2m2026-09-14T11:24:32.028216Z[0m [31mERROR[0m codec_extension ThreadId(12) [2mzenoh_codec::common::extension[0m[2m:[0m Unknown Test ext: ZExtUnknown { Id: 2, Mandatory: true, Encoding: "Z64", Value: 8777550552988523171 }
[2m2026-09-14T11:24:32.028234Z[0m [31mERROR[0m codec_extension ThreadId(12) [2mzenoh_codec::common::extension[0m[2m:[0m Unknown Test ext: ZExtUnknown { Id: 15, Mandatory: true, Encoding: "Z64", Value: 3856624345783105532 }
[2m2026-09-14T11:24:32.028247Z[0m [31mERROR[0m codec_extension ThreadId(12) [2mzenoh_codec::common::extension[0m[2m:[0m Unknown Test ext: ZExtUnknown { Id: 10, Mandatory: true, Encoding: "Unit" }
[2m2026-09-14T11:24:32.028294Z[0m [31mERROR[0m codec_extension ThreadId(12) [2mzenoh_codec::common::extension[0m[2m:[0m Unknown Test ext: ZExtUnknown { Id: 1, Mandatory: true, Encoding: "Unit" }
[2m2026-09-14T11:24:32.028344Z[0m [31mERROR[0m codec_extension ThreadId(12) [2mzenoh_codec::common::extension[0m[2m:[0m Unknown Test ext: ZExtUnknown { Id: 0, Mandatory: true, Encoding: "Z64", Value: 209442872285549540 }
[2m2026-09-14T11:24:32.028392Z[0m [31mERROR[0m codec_extension ThreadId(12) [2mzenoh_codec::common::extension[0m[2m:[0m Unknown Test ext: ZExtUnknown { Id: 14, Mandatory: true, Encoding: "Z64", Value: 3633705533201376296 }
[2m2026-09-14T11:24:32.028425Z[0m [31mERROR[0m codec_extension ThreadId(12) [2mzenoh_codec::common::extension[0m[2m:[0m Unknown Test ext: ZExtUnknown { Id: 14, Mandatory: true, Encoding: "Z64", Value: 5785517182134235697 }
[2m2026-09-14T11:24:32.028429Z[0m [31mERROR[0m codec_extension ThreadId(12) [2mzenoh_codec::common::extension[0m[2m:[0m Unknown Test ext: ZExtUnknown { Id: 1, Mandatory: true, Encoding: "ZBuf", Value: ZBuf { slices: [[b7, c3, ac, f1, f7, 11, 64, 2f, b2, e4, 67, bb]] } }
[2m2026-09-14T11:24:32.028449Z[0m [31mERROR[0m codec_extension ThreadId(12) [2mzenoh_codec::common::extension[0m[2m:[0m Unknown Test ext: ZExtUnknown { Id: 1, Mandatory: true, Encoding: "Unit" }
[2m2026-09-14T11:24:32.028482Z[0m [31mERROR[0m codec_extension ThreadId(12) [2mzenoh_codec::common::extension[0m[2m:[0m Unknown Test ext: ZExtUnknown { Id: 1, Mandatory: true, Encoding: "ZBuf", Value: ZBuf { slices: [[39, be, b8, 3b, 0f, d2, 97, 78, 88, e1, 94, 8d, ad, 60, 89, af, 60, 7c, ec, 1b, 6c, 7d, 35, 3b, 50, 8e, ca, e1, c0, 4d, 49, 1c, e4, c3, 65, e9, 71, 87, 49, a6, 1f, 7a, cd, bd, 04]] } }
[2m2026-09-14T11:24:32.028518Z[0m [31mERROR[0m codec_extension ThreadId(12) [2mzenoh_codec::common::extension[0m[2m:[0m Unknown Test ext: ZExtUnknown { Id: 8, Mandatory: true, Encoding: "Z64", Value: 13964095172081951641 }
[2m2026-09-14T11:24:32.028556Z[0m [31mERROR[0m codec_extension ThreadId(12) [2mzenoh_codec::common::extension[0m[2m:[0m Unknown Test ext: ZExtUnknown { Id: 4, Mandatory: true, Encoding: "Unit" }
[2m2026-09-14T11:24:32.028590Z[0m [31mERROR[0m codec_extension ThreadId(12) [2mzenoh_codec::common::extension[0m[2m:[0m Unknown Test ext: ZExtUnknown { Id: 6, Mandatory: true, Encoding: "ZBuf", Value: ZBuf { slices: [[f3, 1b, 47, 62, 26, 23, 96, 7e, ce, d0, 35, 7f, 91, 65, 92, 66, 29, d7, 21, 94, a3, a9, 95, db, 8b, 43, 4d, a6, 11, 78, f9, ba, 7f, 0e, a3, e5, b8, 13, ad, 56, ad, d0, f9, ad, af, 8c, 0f]] } }
[2m2026-09-14T11:24:32.028611Z[0m [31mERROR[0m codec_extension ThreadId(12) [2mzenoh_codec::common::extension[0m[2m:[0m Unknown Test ext: ZExtUnknown { Id: 10, Mandatory: true, Encoding: "Z64", Value: 16365156013010420360 }
[2m2026-09-14T11:24:32.028629Z[0m [31mERROR[0m codec_extension ThreadId(12) [2mzenoh_codec::common::extension[0m[2m:[0m Unknown Test ext: ZExtUnknown { Id: 2, Mandatory: true, Encoding: "Unit" }
[2m2026-09-14T11:24:32.028661Z[0m [31mERROR[0m codec_extension ThreadId(12) [2mzenoh_codec::common::extension[0m[2m:[0m Unknown Test ext: ZExtUnknown { Id: 11, Mandatory: true, Encoding: "Z64", Value: 15900217435129040344 }
[2m2026-09-14T11:24:32.028665Z[0m [31mERROR[0m codec_extension ThreadId(12) [2mzenoh_codec::common::extension[0m[2m:[0m Unknown Test ext: ZExtUnknown { Id: 7, Mandatory: true, Encoding: "Unit" }
[2m2026-09-14T11:24:32.028723Z[0m [31mERROR[0m codec_extension ThreadId(12) [2mzenoh_codec::common::extension[0m[2m:[0m Unknown Test ext: ZExtUnknown { Id: 3, Mandatory: true, Encoding: "Unit" }
[2m2026-09-14T11:24:32.028741Z[0m [31mERROR[0m codec_extension ThreadId(12) [2mzenoh_codec::common::extension[0m[2m:[0m Unknown Test ext: ZExtUnknown { Id: 10, Mandatory: true, Encoding: "Unit" }
[2m2026-09-14T11:24:32.028745Z[0m [31mERROR[0m codec_extension ThreadId(12) [2mzenoh_codec::common::extension[0m[2m:[0m Unknown Test ext: ZExtUnknown { Id: 3, Mandatory: true, Encoding: "Unit" }
[2m2026-09-14T11:24:32.028749Z[0m [31mERROR[0m codec_extension ThreadId(12) [2mzenoh_codec::common::extension[0m[2m:[0m Unknown Test ext: ZExtUnknown { Id: 2, Mandatory: true, Encoding: "ZBuf", Value: ZBuf { slices: [[65, dd, be, 17, 66, 05, 50, 5c, 45, 53, 54, b9]] } }
[2m2026-09-14T11:24:32.028815Z[0m [31mERROR[0m codec_extension ThreadId(12) [2mzenoh_codec::common::extension[0m[2m:[0m Unknown Test ext: ZExtUnknown { Id: 1, Mandatory: true, Encoding: "Unit" }
[2m2026-09-14T11:24:32.028834Z[0m [31mERROR[0m codec_extension ThreadId(12) [2mzenoh_codec::common::extension[0m[2m:[0m Unknown Test ext: ZExtUnknown { Id: 8, Mandatory: true, Encoding: "Unit" }
[2m2026-09-14T11:24:32.028912Z[0m [31mERROR[0m codec_extension ThreadId(12) [2mzenoh_codec::common::extension[0m[2m:[0m Unknown Test ext: ZExtUnknown { Id: 7, Mandatory: true, Encoding: "Z64", Value: 14587865228570978506 }
[2m2026-09-14T11:24:32.028916Z[0m [31mERROR[0m codec_extension ThreadId(12) [2mzenoh_codec::common::extension[0m[2m:[0m Unknown Test ext: ZExtUnknown { Id: 15, Mandatory: true, Encoding: "Unit" }
[2m2026-09-14T11:24:32.028933Z[0m [31mERROR[0m codec_extension ThreadId(12) [2mzenoh_codec::common::extension[0m[2m:[0m Unknown Test ext: ZExtUnknown { Id: 13, Mandatory: true, Encoding: "ZBuf", Value: ZBuf { slices: [[09, 7f, 5d, ee, 12, 78, 98, ba, 03, cc]] } }
[2m2026-09-14T11:24:32.028953Z[0m [31mERROR[0m codec_extension ThreadId(12) [2mzenoh_codec::common::extension[0m[2m:[0m Unknown Test ext: ZExtUnknown { Id: 0, Mandatory: true, Encoding: "ZBuf", Value: ZBuf { slices: [[fd, 4d, cd, 86, 88, ea, 8d, bc, 5a, b4, 6a, ab, c2, 28, b5, c0, 1e, 80, f5, 95, ca, 3e, c6, 53, 30, 98, 0b, 5b, 93, eb, 9a, 39, 40, 3a, a5, 05, 52, d5, 96, 48, 9e, 50, b4, 86, 91, f5, 16, ed, fb, ec, 5f, 11, 96, eb, a1, 90, 61, 9a, 0d, 81, 0f]] } }
[2m2026-09-14T11:24:32.028989Z[0m [31mERROR[0m codec_extension ThreadId(12) [2mzenoh_codec::common::extension[0m[2m:[0m Unknown Test ext: ZExtUnknown { Id: 9, Mandatory: true, Encoding: "Z64", Value: 8734941423388024243 }
[2m2026-09-14T11:24:32.028993Z[0m [31mERROR[0m codec_extension ThreadId(12) [2mzenoh_codec::common::extension[0m[2m:[0m Unknown Test ext: ZExtUnknown { Id: 9, Mandatory: true, Encoding: "Unit" }
[2m2026-09-14T11:24:32.029024Z[0m [31mERROR[0m codec_extension ThreadId(12) [2mzenoh_codec::common::extension[0m[2m:[0m Unknown Test ext: ZExtUnknown { Id: 1, Mandatory: true, Encoding: "Z64", Value: 3842051715837992160 }
[2m2026-09-14T11:24:32.029054Z[0m [31mERROR[0m codec_extension ThreadId(12) [2mzenoh_codec::common::extension[0m[2m:[0m Unknown Test ext: ZExtUnknown { Id: 3, Mandatory: true, Encoding: "Unit" }
[2m2026-09-14T11:24:32.029071Z[0m [31mERROR[0m codec_extension ThreadId(12) [2mzenoh_codec::common::extension[0m[2m:[0m Unknown Test ext: ZExtUnknown { Id: 9, Mandatory: true, Encoding: "Z64", Value: 4290460885570519637 }
[2m2026-09-14T11:24:32.029075Z[0m [31mERROR[0m codec_extension ThreadId(12) [2mzenoh_codec::common::extension[0m[2m:[0m Unknown Test ext: ZExtUnknown { Id: 11, Mandatory: true, Encoding: "Unit" }
[2m2026-09-14T11:24:32.029093Z[0m [31mERROR[0m codec_extension ThreadId(12) [2mzenoh_codec::common::extension[0m[2m:[0m Unknown Test ext: ZExtUnknown { Id: 6, Mandatory: true, Encoding: "Unit" }
[2m2026-09-14T11:24:32.029109Z[0m [31mERROR[0m codec_extension ThreadId(12) [2mzenoh_codec::common::extension[0m[2m:[0m Unknown Test ext: ZExtUnknown { Id: 12, Mandatory: true, Encoding: "Unit" }
[2m2026-09-14T11:24:32.029126Z[0m [31mERROR[0m codec_extension ThreadId(12) [2mzenoh_codec::common::extension[0m[2m:[0m Unknown Test ext: ZExtUnknown { Id: 7, Mandatory: true, Encoding: "Z64", Value: 8147194516507276683 }
[2m2026-09-14T11:24:32.029131Z[0m [31mERROR[0m codec_extension ThreadId(12) [2mzenoh_codec::common::extension[0m[2m:[0m Unknown Test ext: ZExtUnknown { Id: 8, Mandatory: true, Encoding: "Z64", Value: 16162288121197591169 }
[2m2026-09-14T11:24:32.029135Z[0m [31mERROR[0m codec_extension ThreadId(12) [2mzenoh_codec::common::extension[0m[2m:[0m Unknown Test ext: ZExtUnknown { Id: 7, Mandatory: true, Encoding: "ZBuf", Value: ZBuf { slices: [[ed, ec, 63, 68, ae, eb, be, bb, 71]] } }
[2m2026-09-14T11:24:32.029181Z[0m [31mERROR[0m codec_extension ThreadId(12) [2mzenoh_codec::common::extension[0m[2m:[0m Unknown Test ext: ZExtUnknown { Id: 3, Mandatory: true, Encoding: "Z64", Value: 683604075145093705 }
[2m2026-09-14T11:24:32.029198Z[0m [31mERROR[0m codec_extension ThreadId(12) [2mzenoh_codec::common::extension[0m[2m:[0m Unknown Test ext: ZExtUnknown { Id: 0, Mandatory: true, Encoding: "Unit" }
[2m2026-09-14T11:24:32.029201Z[0m [31mERROR[0m codec_extension ThreadId(12) [2mzenoh_codec::common::extension[0m[2m:[0m Unknown Test ext: ZExtUnknown { Id: 3, Mandatory: true, Encoding: "Unit" }
[2m2026-09-14T11:24:32.029231Z[0m [31mERROR[0m codec_extension ThreadId(12) [2mzenoh_codec::common::extension[0m[2m:[0m Unknown Test ext: ZExtUnknown { Id: 9, Mandatory: true, Encoding: "ZBuf", Value: ZBuf { slices: [[87, bd, 9b, ce, 6c, ba, c4, 59, 21, de, d5, 2b, 32, 2a, b7, 59, 10, f2, f9, 21, 3e, 9d, f9, 61]] } }
[2m2026-09-14T11:24:32.029250Z[0m [31mERROR[0m codec_extension ThreadId(12) [2mzenoh_codec::common::extension[0m[2m:[0m Unknown Test ext: ZExtUnknown { Id: 11, Mandatory: true, Encoding: "Unit" }
[2m2026-09-14T11:24:32.029253Z[0m [31mERROR[0m codec_extension ThreadId(12) [2mzenoh_codec::common::extension[0m[2m:[0m Unknown Test ext: ZExtUnknown { Id: 5, Mandatory: true, Encoding: "ZBuf", Value: ZBuf { slices: [[ae, 56, 14, 8a, bc, 1e, 55, fa, 8f, 87]] } }
[2m2026-09-14T11:24:32.029271Z[0m [31mERROR[0m codec_extension ThreadId(12) [2mzenoh_codec::common::extension[0m[2m:[0m Unknown Test ext: ZExtUnknown { Id: 3, Mandatory: true, Encoding: "Unit" }
[2m2026-09-14T11:24:32.029303Z[0m [31mERROR[0m codec_extension ThreadId(12) [2mzenoh_codec::common::extension[0m[2m:[0m Unknown Test ext: ZExtUnknown { Id: 13, Mandatory: true, Encoding: "Unit" }
[2m2026-09-14T11:24:32.029324Z[0m [31mERROR[0m codec_extension ThreadId(12) [2mzenoh_codec::common::extension[0m[2m:[0m Unknown Test ext: ZExtUnknown { Id: 7, Mandatory: true, Encoding: "ZBuf", Value: ZBuf { slices: [[f7, 6c, 19, 74, a7, 01, e1, 0d, 21, 98, e1, 65, 77, 2b, 80, e1, 5d, dd, 92, 6d, f6, 60, f9, 17, e7, 67, c6, 6a, 24, e5, 2c, b1, b5, 0c, 37, d8, 55, c4, 53, e0, c0, 86, c4, 2b, a8, 9f, fc, 72, 25]] } }
[2m2026-09-14T11:24:32.029360Z[0m [31mERROR[0m codec_extension ThreadId(12) [2mzenoh_codec::common::extension[0m[2m:[0m Unknown Test ext: ZExtUnknown { Id: 12, Mandatory: true, Encoding: "Z64", Value: 1973379875846731461 }
[2m2026-09-14T11:24:32.029407Z[0m [31mERROR[0m codec_extension ThreadId(12) [2mzenoh_codec::common::extension[0m[2m:[0m Unknown Test ext: ZExtUnknown { Id: 8, Mandatory: true, Encoding: "ZBuf", Value: ZBuf { slices: [[16, 53, 3d, f7, ab, b8, 96, ac, bc, 5d, 16, df, ea, 3d, 05, 37, 28, a3, b3, 4b, 60, 59, 25, cd, 81, 83, c5, 62, 19, d0, 85, 12, 62, e9, 1e, 4d, 3a, 60, 48, 84, 23, e2, 31, 7f, 0e, 8a, 6b, 0c, 59, 73]] } }
[2m2026-09-14T11:24:32.029440Z[0m [31mERROR[0m codec_extension ThreadId(12) [2mzenoh_codec::common::extension[0m[2m:[0m Unknown Test ext: ZExtUnknown { Id: 4, Mandatory: true, Encoding: "Z64", Value: 2305774593690659039 }
[2m2026-09-14T11:24:32.029458Z[0m [31mERROR[0m codec_extension ThreadId(12) [2mzenoh_codec::common::extension[0m[2m:[0m Unknown Test ext: ZExtUnknown { Id: 3, Mandatory: true, Encoding: "ZBuf", Value: ZBuf { slices: [[f1, 73, 88, 0b, e8, d6, 59, 17, 2c, df, 1c, 54, 18, d7, b5, d0, 9e, 88, f2, 6a, e8, 9d, 57, cb, 95, 5c, 29, ce, bf, e4, 7c, 18, 01, 39, 1b, e6, 9a, 6f, cb, 81, 95, eb]] } }
[2m2026-09-14T11:24:32.029479Z[0m [31mERROR[0m codec_extension ThreadId(12) [2mzenoh_codec::common::extension[0m[2m:[0m Unknown Test ext: ZExtUnknown { Id: 9, Mandatory: true, Encoding: "Z64", Value: 17050391108079523213 }
[2m2026-09-14T11:24:32.029496Z[0m [31mERROR[0m codec_extension ThreadId(12) [2mzenoh_codec::common::extension[0m[2m:[0m Unknown Test ext: ZExtUnknown { Id: 5, Mandatory: true, Encoding: "Z64", Value: 728957464573287444 }
[2m2026-09-14T11:24:32.029500Z[0m [31mERROR[0m codec_extension ThreadId(12) [2mzenoh_codec::common::extension[0m[2m:[0m Unknown Test ext: ZExtUnknown { Id: 13, Mandatory: true, Encoding: "Z64", Value: 5241338829373687555 }
[2m2026-09-14T11:24:32.029518Z[0m [31mERROR[0m codec_extension ThreadId(12) [2mzenoh_codec::common::extension[0m[2m:[0m Unknown Test ext: ZExtUnknown { Id: 8, Mandatory: true, Encoding: "ZBuf", Value: ZBuf { slices: [[b6, d5, d4, 2b, 44, 95, 28, 52, b9, 63, e9, 16, 2f, 79, 86, b2, bc, c7, e3, 15, 24, c4, a7, a7, 27, d3, cc, d7, 74, 83, 7d, 76, e2, c8, f6, 60, fa, d0, 11, 1a, 2b]] } }
[2m2026-09-14T11:24:32.029537Z[0m [31mERROR[0m codec_extension ThreadId(12) [2mzenoh_codec::common::extension[0m[2m:[0m Unknown Test ext: ZExtUnknown { Id: 15, Mandatory: true, Encoding: "Z64", Value: 4098599201851802734 }
[2m2026-09-14T11:24:32.029584Z[0m [31mERROR[0m codec_extension ThreadId(12) [2mzenoh_codec::common::extension[0m[2m:[0m Unknown Test ext: ZExtUnknown { Id: 13, Mandatory: true, Encoding: "Unit" }
[2m2026-09-14T11:24:32.029600Z[0m [31mERROR[0m codec_extension ThreadId(12) [2mzenoh_codec::common::extension[0m[2m:[0m Unknown Test ext: ZExtUnknown { Id: 7, Mandatory: true, Encoding: "Z64", Value: 13037691245001465010 }
[2m2026-09-14T11:24:32.029631Z[0m [31mERROR[0m codec_extension ThreadId(12) [2mzenoh_codec::common::extension[0m[2m:[0m Unknown Test ext: ZExtUnknown { Id: 2, Mandatory: true, Encoding: "Unit" }
[2m2026-09-14T11:24:32.029648Z[0m [31mERROR[0m codec_extension ThreadId(12) [2mzenoh_codec::common::extension[0m[2m:[0m Unknown Test ext: ZExtUnknown { Id: 2, Mandatory: true, Encoding: "Z64", Value: 3973268928748123007 }
[2m2026-09-14T11:24:32.029652Z[0m [31mERROR[0m codec_extension ThreadId(12) [2mzenoh_codec::common::extension[0m[2m:[0m Unknown Test ext: ZExtUnknown { Id: 3, Mandatory: true, Encoding: "ZBuf", Value: ZBuf { slices: [[dc, 1d, 0f, f5, ca, 0d, 11, 33, 65, 27, e7, 57, 3d, eb, bd, f5, cf, 51, 6e, 5f, 72, b1, 98, f3, dd, 7e, c1, a8, 49, f2, 2e, 96, 0f, e0, 05, 26, 1e, bc, 7b, 9b, b0, db, 70, f8, b3, ef, 27, 13, 4f, 13, 00, 71, cb]] } }
[2m2026-09-14T11:24:32.029681Z[0m [31mERROR[0m codec_extension ThreadId(12) [2mzenoh_codec::common::extension[0m[2m:[0m Unknown Test ext: ZExtUnknown { Id: 14, Mandatory: true, Encoding: "Unit" }
[2m2026-09-14T11:24:32.029717Z[0m [31mERROR[0m codec_extension ThreadId(12) [2mzenoh_codec::common::extension[0m[2m:[0m Unknown Test ext: ZExtUnknown { Id: 0, Mandatory: true, Encoding: "Z64", Value: 13839864510072214198 }
[2m2026-09-14T11:24:32.029738Z[0m [31mERROR[0m codec_extension ThreadId(12) [2mzenoh_codec::common::extension[0m[2m:[0m Unknown Test ext: ZExtUnknown { Id: 9, Mandatory: true, Encoding: "Z64", Value: 15608447564645669135 }
[2m2026-09-14T11:24:32.029755Z[0m [31mERROR[0m codec_extension ThreadId(12) [2mzenoh_codec::common::extension[0m[2m:[0m Unknown Test ext: ZExtUnknown { Id: 9, Mandatory: true, Encoding: "ZBuf", Value: ZBuf { slices: [[90, 58, 66, 8a, 6e, 12, 76, b3, 29]] } }
[2m2026-09-14T11:24:32.029788Z[0m [31mERROR[0m codec_extension ThreadId(12) [2mzenoh_codec::common::extension[0m[2m:[0m Unknown Test ext: ZExtUnknown { Id: 10, Mandatory: true, Encoding: "ZBuf", Value: ZBuf { slices: [[02, 15, d2, b3, c7, 0e, 46, c8, d2, cd, 8f, 45, 7c, 2e, 66, 59, cb, 6c, e2, 95, f8, 44, c9, f6, 37, 8a, ef, 30, 28, 35, 9b, 07, 4c, 33, 32, d6, 2e, 17, 36, cd, e2, 2c, 09, 06, f1, 3b, 5d, 6c, a5, fa, 81, 3a, 9d, 17, e6]] } }
[2m2026-09-14T11:24:32.029795Z[0m [31mERROR[0m codec_extension ThreadId(12) [2mzenoh_codec::common::extension[0m[2m:[0m Unknown Test ext: ZExtUnknown { Id: 10, Mandatory: true, Encoding: "ZBuf", Value: ZBuf { slices: [[17, e8, 3e, 68, 95, 65, 7e, bb, 3a, 06, 74, 29, 60, 4e, 12, 71, ec, 12, 2e, 12, f8, 6c, 26, b1, 6d, 9c, 6b, 96, 3c, 95, b5, 2a, bc]] } }
[2m2026-09-14T11:24:32.029815Z[0m [31mERROR[0m codec_extension ThreadId(12) [2mzenoh_codec::common::extension[0m[2m:[0m Unknown Test ext: ZExtUnknown { Id: 1, Mandatory: true, Encoding: "Unit" }
[2m2026-09-14T11:24:32.029832Z[0m [31mERROR[0m codec_extension ThreadId(12) [2mzenoh_codec::common::extension[0m[2m:[0m Unknown Test ext: ZExtUnknown { Id: 1, Mandatory: true, Encoding: "Unit" }
[2m2026-09-14T11:24:32.029850Z[0m [31mERROR[0m codec_extension ThreadId(12) [2mzenoh_codec::common::extension[0m[2m:[0m Unknown Test ext: ZExtUnknown { Id: 8, Mandatory: true, Encoding: "Z64", Value: 9682164890129800099 }
[2m2026-09-14T11:24:32.029880Z[0m [31mERROR[0m codec_extension ThreadId(12) [2mzenoh_codec::common::extension[0m[2m:[0m Unknown Test ext: ZExtUnknown { Id: 13, Mandatory: true, Encoding: "Unit" }
[2m2026-09-14T11:24:32.029896Z[0m [31mERROR[0m codec_extension ThreadId(12) [2mzenoh_codec::common::extension[0m[2m:[0m Unknown Test ext: ZExtUnknown { Id: 6, Mandatory: true, Encoding: "Unit" }
[2m2026-09-14T11:24:32.029899Z[0m [31mERROR[0m codec_extension ThreadId(12) [2mzenoh_codec::common::extension[0m[2m:[0m Unknown Test ext: ZExtUnknown { Id: 10, Mandatory: true, Encoding: "Unit" }
[2m2026-09-14T11:24:32.029903Z[0m [31mERROR[0m codec_extension ThreadId(12) [2mzenoh_codec::common::extension[0m[2m:[0m Unknown Test ext: ZExtUnknown { Id: 2, Mandatory: true, Encoding: "Z64", Value: 6267141829362090546 }
[2m2026-09-14T11:24:32.029948Z[0m [31mERROR[0m codec_extension ThreadId(12) [2mzenoh_codec::common::extension[0m[2m:[0m Unknown Test ext: ZExtUnknown { Id: 7, Mandatory: true, Encoding: "Z64", Value: 4322943002997917115 }
[2m2026-09-14T11:24:32.029970Z[0m [31mERROR[0m codec_extension ThreadId(12) [2mzenoh_codec::common::extension[0m[2m:[0m Unknown Test ext: ZExtUnknown { Id: 12, Mandatory: true, Encoding: "ZBuf", Value: ZBuf { slices: [[67, 10, 90, 77, ac, 7d, b1, 95, 47, e3, c8, 4a, 97, 56, cd, 72, 7e, 10]] } }
[2m2026-09-14T11:24:32.030016Z[0m [31mERROR[0m codec_extension ThreadId(12) [2mzenoh_codec::common::extension[0m[2m:[0m Unknown Test ext: ZExtUnknown { Id: 5, Mandatory: true, Encoding: "Unit" }
[2m2026-09-14T11:24:32.030034Z[0m [31mERROR[0m codec_extension ThreadId(12) [2mzenoh_codec::common::extension[0m[2m:[0m Unknown Test ext: ZExtUnknown { Id: 6, Mandatory: true, Encoding: "Z64", Value: 1119768394221194156 }
[2m2026-09-14T11:24:32.030038Z[0m [31mERROR[0m codec_extension ThreadId(12) [2mzenoh_codec::common::extension[0m[2m:[0m Unknown Test ext: ZExtUnknown { Id: 7, Mandatory: true, Encoding: "ZBuf", Value: ZBuf { slices: [[bf, a1, 4b, 36, 32, b6, 25, f8, 20, 59, 88, 9d, 60]] } }
[2m2026-09-14T11:24:32.030057Z[0m [31mERROR[0m codec_extension ThreadId(12) [2mzenoh_codec::common::extension[0m[2m:[0m Unknown Test ext: ZExtUnknown { Id: 0, Mandatory: true, Encoding: "Z64", Value: 456445290744335470 }
[2m2026-09-14T11:24:32.030074Z[0m [31mERROR[0m codec_extension ThreadId(12) [2mzenoh_codec::common::extension[0m[2m:[0m Unknown Test ext: ZExtUnknown { Id: 1, Mandatory: true, Encoding: "ZBuf", Value: ZBuf { slices: [[7a, 09, 75, 9b, 57, 37, ea, ed, 25, 5c, 2a, 22, 96, 14, c4, e0, 68, 18, 1e, 47, a5, 7c, 20, 9d, 12, bb, 16, ae, db]] } }
[2m2026-09-14T11:24:32.030122Z[0m [31mERROR[0m codec_extension ThreadId(12) [2mzenoh_codec::common::extension[0m[2m:[0m Unknown Test ext: ZExtUnknown { Id: 6, Mandatory: true, Encoding: "ZBuf", Value: ZBuf { slices: [[8a, ec, 91, b3, 1e, c0, 79, 24, 13, b5, e3, 93, 0b, 96, 9a, 68, 24, 93, 02, f8, 86, 1c, 37, 36, 3b, 25, 5b, 0c, 8d, 7a, 45, 24, 89, e6, 53, 3a, f7, 17, 68, 6b, 45, b8, ca, a7, 30, 52, fe, 58]] } }
[2m2026-09-14T11:24:32.030210Z[0m [31mERROR[0m codec_extension ThreadId(12) [2mzenoh_codec::common::extension[0m[2m:[0m Unknown Test ext: ZExtUnknown { Id: 3, Mandatory: true, Encoding: "ZBuf", Value: ZBuf { slices: [[95, 87, 20, b5, 7b, 9f, 29, f4, d2, c5, 08, 4b, 10, 75, 3b, e4, 3d, de, fb, 42, fa, 69, f9, ed, 3c, 14, ae, 6a, fa, 43, 4e, 1f, c1, 7d, 00, b5, 2a, 02, 1a, f0, 96, 4c, d2, fe, a2, c4]] } }
[2m2026-09-14T11:24:32.030218Z[0m [31mERROR[0m codec_extension ThreadId(12) [2mzenoh_codec::common::extension[0m[2m:[0m Unknown Test ext: ZExtUnknown { Id: 1, Mandatory: true, Encoding: "Z64", Value: 6569033627477826555 }
[2m2026-09-14T11:24:32.030235Z[0m [31mERROR[0m codec_extension ThreadId(12) [2mzenoh_codec::common::extension[0m[2m:[0m Unknown Test ext: ZExtUnknown { Id: 8, Mandatory: true, Encoding: "ZBuf", Value: ZBuf { slices: [[6b, 0b, 21, b3, 89, 95, 85, 43, 45, 6e, 80, f4, 02, d7, 25, 36, 89, f7, 1f, 0a, cd, 35, ad, 18, af, d7, d7, ca, 91, b0, ca, 14, 8e, 49, 64]] } }
[2m2026-09-14T11:24:32.030255Z[0m [31mERROR[0m codec_extension ThreadId(12) [2mzenoh_codec::common::extension[0m[2m:[0m Unknown Test ext: ZExtUnknown { Id: 2, Mandatory: true, Encoding: "Unit" }
[2m2026-09-14T11:24:32.030314Z[0m [31mERROR[0m codec_extension ThreadId(12) [2mzenoh_codec::common::extension[0m[2m:[0m Unknown Test ext: ZExtUnknown { Id: 9, Mandatory: true, Encoding: "Unit" }
[2m2026-09-14T11:24:32.030331Z[0m [31mERROR[0m codec_extension ThreadId(12) [2mzenoh_codec::common::extension[0m[2m:[0m Unknown Test ext: ZExtUnknown { Id: 1, Mandatory: true, Encoding: "Unit" }
[2m2026-09-14T11:24:32.030405Z[0m [31mERROR[0m codec_extension ThreadId(12) [2mzenoh_codec::common::extension[0m[2m:[0m Unknown Test ext: ZExtUnknown { Id: 7, Mandatory: true, Encoding: "Unit" }
[2m2026-09-14T11:24:32.030408Z[0m [31mERROR[0m codec_extension ThreadId(12) [2mzenoh_codec::common::extension[0m[2m:[0m Unknown Test ext: ZExtUnknown { Id: 10, Mandatory: true, Encoding: "Z64", Value: 5065439816013139248 }
[2m2026-09-14T11:24:32.030438Z[0m [31mERROR[0m codec_extension ThreadId(12) [2mzenoh_codec::common::extension[0m[2m:[0m Unknown Test ext: ZExtUnknown { Id: 15, Mandatory: true, Encoding: "Unit" }
[2m2026-09-14T11:24:32.030469Z[0m [31mERROR[0m codec_extension ThreadId(12) [2mzenoh_codec::common::extension[0m[2m:[0m Unknown Test ext: ZExtUnknown { Id: 15, Mandatory: true, Encoding: "Unit" }
[2m2026-09-14T11:24:32.030473Z[0m [31mERROR[0m codec_extension ThreadId(12) [2mzenoh_codec::common::extension[0m[2m:[0m Unknown Test ext: ZExtUnknown { Id: 11, Mandatory: true, Encoding: "Z64", Value: 15418592635884508105 }
[2m2026-09-14T11:24:32.030490Z[0m [31mERROR[0m codec_extension ThreadId(12) [2mzenoh_codec::common::extension[0m[2m:[0m Unknown Test ext: ZExtUnknown { Id: 3, Mandatory: true, Encoding: "Z64", Value: 1711908596966016544 }
[2m2026-09-14T11:24:32.030539Z[0m [31mERROR[0m codec_extension ThreadId(12) [2mzenoh_codec::common::extension[0m[2m:[0m Unknown Test ext: ZExtUnknown { Id: 14, Mandatory: true, Encoding: "Z64", Value: 4142296311504591240 }
[2m2026-09-14T11:24:32.030558Z[0m [31mERROR[0m codec_extension ThreadId(12) [2mzenoh_codec::common::extension[0m[2m:[0m Unknown Test ext: ZExtUnknown { Id: 9, Mandatory: true, Encoding: "ZBuf", Value: ZBuf { slices: [[39, 3a, 89, 19, f3, 83, 75, a7, 58, d1, 0a, ea, 17, 11, 10, d9, 8e, 66, 07, 59, e1, ab, 1a, 11, 39, 22, b3, 10, 30, 9d, e1, c2, 28]] } }
[2m2026-09-14T11:24:32.030579Z[0m [31mERROR[0m codec_extension ThreadId(12) [2mzenoh_codec::common::extension[0m[2m:[0m Unknown Test ext: ZExtUnknown { Id: 10, Mandatory: true, Encoding: "ZBuf", Value: ZBuf { slices: [[8c, 8e, 2d, be, 31, d9, 79, fc, 60, 9b, dd, be, 9f, b1, 47, de, 5a, 2b, 1b, cf, d6, 58, 78, 72, d9]] } }
[2m2026-09-14T11:24:32.030598Z[0m [31mERROR[0m codec_extension ThreadId(12) [2mzenoh_codec::common::extension[0m[2m:[0m Unknown Test ext: ZExtUnknown { Id: 3, Mandatory: true, Encoding: "ZBuf", Value: ZBuf { slices: [[9d, d4, 5d, ab, 01, 7e, db, a3, 66, 1e, 36, 7d, 62, 94, 01, 6e, 23, 46]] } }
[2m2026-09-14T11:24:32.030617Z[0m [31mERROR[0m codec_extension ThreadId(12) [2mzenoh_codec::common::extension[0m[2m:[0m Unknown Test ext: ZExtUnknown { Id: 11, Mandatory: true, Encoding: "Unit" }
[2m2026-09-14T11:24:32.030714Z[0m [31mERROR[0m codec_extension ThreadId(12) [2mzenoh_codec::common::extension[0m[2m:[0m Unknown Test ext: ZExtUnknown { Id: 15, Mandatory: true, Encoding: "Z64", Value: 466418336263695670 }
[2m2026-09-14T11:24:32.030733Z[0m [31mERROR[0m codec_extension ThreadId(12) [2mzenoh_codec::common::extension[0m[2m:[0m Unknown Test ext: ZExtUnknown { Id: 12, Mandatory: true, Encoding: "Unit" }
[2m2026-09-14T11:24:32.030751Z[0m [31mERROR[0m codec_extension ThreadId(12) [2mzenoh_codec::common::extension[0m[2m:[0m Unknown Test ext: ZExtUnknown { Id: 6, Mandatory: true, Encoding: "Z64", Value: 1473299891803031732 }
[2m2026-09-14T11:24:32.030799Z[0m [31mERROR[0m codec_extension ThreadId(12) [2mzenoh_codec::common::extension[0m[2m:[0m Unknown Test ext: ZExtUnknown { Id: 2, Mandatory: true, Encoding: "Z64", Value: 17331513850083513172 }
[2m2026-09-14T11:24:32.030833Z[0m [31mERROR[0m codec_extension ThreadId(12) [2mzenoh_codec::common::extension[0m[2m:[0m Unknown Test ext: ZExtUnknown { Id: 1, Mandatory: true, Encoding: "Z64", Value: 13403082121712431635 }
[2m2026-09-14T11:24:32.030851Z[0m [31mERROR[0m codec_extension ThreadId(12) [2mzenoh_codec::common::extension[0m[2m:[0m Unknown Test ext: ZExtUnknown { Id: 2, Mandatory: true, Encoding: "ZBuf", Value: ZBuf { slices: [[8c, 8a, 03, 3b, ce, 76, a6, 8a, 0b, 23, 2b, 9b, 41, 34, 87, 35, 78, 88, 5a, fa, 3f, c3, 84, 30, d9, e9, 3a, f5, 16, 04]] } }
[2m2026-09-14T11:24:32.030870Z[0m [31mERROR[0m codec_extension ThreadId(12) [2mzenoh_codec::common::extension[0m[2m:[0m Unknown Test ext: ZExtUnknown { Id: 5, Mandatory: true, Encoding: "Unit" }
[2m2026-09-14T11:24:32.030944Z[0m [31mERROR[0m codec_extension ThreadId(12) [2mzenoh_codec::common::extension[0m[2m:[0m Unknown Test ext: ZExtUnknown { Id: 8, Mandatory: true, Encoding: "Z64", Value: 1245979294590316039 }
[2m2026-09-14T11:24:32.030948Z[0m [31mERROR[0m codec_extension ThreadId(12) [2mzenoh_codec::common::extension[0m[2m:[0m Unknown Test ext: ZExtUnknown { Id: 8, Mandatory: true, Encoding: "Z64", Value: 3387454613788499328 }
[2m2026-09-14T11:24:32.030993Z[0m [31mERROR[0m codec_extension ThreadId(12) [2mzenoh_codec::common::extension[0m[2m:[0m Unknown Test ext: ZExtUnknown { Id: 15, Mandatory: true, Encoding: "Unit" }
[2m2026-09-14T11:24:32.031016Z[0m [31mERROR[0m codec_extension ThreadId(12) [2mzenoh_codec::common::extension[0m[2m:[0m Unknown Test ext: ZExtUnknown { Id: 15, Mandatory: true, Encoding: "Unit" }
[2m2026-09-14T11:24:32.031050Z[0m [31mERROR[0m codec_extension ThreadId(12) [2mzenoh_codec::common::extension[0m[2m:[0m Unknown Test ext: ZExtUnknown { Id: 4, Mandatory: true, Encoding: "ZBuf", Value: ZBuf { slices: [[e2, 2d, 7f, 81, 6e, 06, 07, 20, cf, c8, ec, 06, d7, 11, 03, 29, 91, 35, ed, 7e, c9, cb, 06, dc, 8c, d5, c1, 7d, 9a, 19, 3a, e2, 05, 87, 83, 21, 61, 6b, ec, f9, 26, 17, 5e, e3, a7, 1b, 42, cb, 94, 97]] } }
[2m2026-09-14T11:24:32.031071Z[0m [31mERROR[0m codec_extension ThreadId(12) [2mzenoh_codec::common::extension[0m[2m:[0m Unknown Test ext: ZExtUnknown { Id: 5, Mandatory: true, Encoding: "ZBuf", Value: ZBuf { slices: [[97, b5, 07, 1e, 12, 72, ee, 83, 43, 44, ef, 53, 63, b4]] } }
ok
test codec_fragment ... ok
test codec_fragment_header ... ok
test codec_frame ... ok
test codec_frame_header ... ok
test codec_hello ... ok
test codec_init_ack ... ok
test codec_init_syn ... ok
test codec_interest ... ok
test codec_join ... ok
test codec_keep_alive ... ok
test codec_locator ... ok
test codec_network ... ok
test codec_network_oam ... ok
test codec_open_ack ... ok
test codec_open_syn ... ok
test codec_push ... ok
test codec_put ... ok
test codec_query ... ok
test codec_reply ... ok
test codec_request ... ok
test codec_response ... ok
test codec_response_final ... ok
test codec_scout ... ok
test codec_scouting ... ok
test codec_string ... ok
test codec_string_bounded ... ok
test codec_timestamp ... ok
test codec_transport ... ok
test codec_transport_oam ... ok
test codec_undeclare_keyexpr ... ok
test codec_undeclare_queryable ... ok
test codec_undeclare_subscriber ... ok
test codec_undeclare_token ... ok
test codec_zbuf ... ok
test codec_zbuf_bounded ... ok
test codec_zid ... ok
test codec_zint ... ok
test codec_zint_bounded ... ok
test codec_zint_len ... ok
test codec_zslice ... ok
test codec_zslice_bounded ... ok
test zbuf_test ... ok

test result: ok. 53 passed; 0 failed; 0 ignored; 0 measured; 0 filtered out; finished in 1.12s

