    Finished `test` profile [unoptimized + debuginfo] target(s) in 0.47s
     Running unittests src/lib.rs (target/debug/deps/zenoh-6b58e23279eb4691)

running 101 tests
test api::cancellation::test::concurrent_cancel ... ok
test api::cancellation::test::concurrent_cancel_async ... ok
test api::cancellation::test::concurrent_cancel_with_err ... ok
test api::config::tests::insert_remove_json5_array_item ... ok
test api::config::tests::runtime_try_insert_json5_array_item_rejects_non_plugin_keys ... ok
test api::encoding::tests::hash ... ok
test api::encoding::tests::test_default_encoding ... ok
test api::encoding::tests::test_from_str ... ok
test api::encoding::tests::test_schema ... ok
test api::encoding::tests::test_to_string ... ok
test api::info::tests::test_new_from_fields_equals_new_from_peer ... ok
test api::key_expr::size_of_KeyExpr ... ok
test api::publisher::tests::priority_from ... ok
test api::publisher::tests::sample_kind_integrity_in_publication ... ok
test api::publisher::tests::sample_kind_integrity_in_put_builder ... ok
test api::selector::selector_accessors ... ok
test net::protocol::network::tests::test_gossip_singlehop_linkstate_empty_links_not_overwritten ... ok
test net::routing::dispatcher::local_resources::tests::test_aggregate ... ok
test net::routing::dispatcher::local_resources::tests::test_simple ... ok
test net::routing::dispatcher::region::region_indexes ... ok
test net::tests::regions::adminspace::test_sourced_entities_and_interests::whatami_peer_expects ... ok
test net::tests::regions::adminspace::test_sourced_entities_and_interests::whatami_router_expects ... ok
test net::tests::regions::declare::test_against_invalid_token_propagation_to_source_north_router_region ... ok
test net::tests::regions::declare::test_against_invalid_token_propagation_to_source_south_router_region ... ok
test net::tests::regions::declare::test_client_token_repropagation ... ok
test net::tests::regions::declare::test_duplicate_queryable_undeclaration ... ok
test net::tests::regions::declare::test_multiple_gateways_r2r_token_propagation_downstream ... ok
test net::tests::regions::declare::test_multiple_gateways_r2r_token_propagation_upstream ... ok
test net::tests::regions::forwarding::test_c2c_inter_subregion_data_routing ... ok
test net::tests::regions::forwarding::test_c2c_inter_subregion_query_routing ... ok
test net::tests::regions::forwarding::test_complete_queryable_failover ... ok
test net::tests::regions::forwarding::test_multiple_gateways_data_routing_p2p_downstream ... ok
test net::tests::regions::forwarding::test_multiple_gateways_data_routing_p2p_upstream ... ok
test net::tests::regions::forwarding::test_multiple_gateways_data_routing_p2p_upstream_with_interest ... ok
test net::tests::regions::forwarding::test_multiple_gateways_data_routing_p2r_upstream ... ok
test net::tests::regions::forwarding::test_multiple_gateways_data_routing_p2r_upstream_with_interest ... ok
test net::tests::regions::forwarding::test_multiple_gateways_data_routing_r2p_downstream ... ok
test net::tests::regions::forwarding::test_multiple_gateways_data_routing_r2r_downstream ... ok
test net::tests::regions::forwarding::test_multiple_gateways_data_routing_r2r_upstream ... ok
test net::tests::regions::forwarding::test_multiple_gateways_data_routing_r2r_upstream_gateway_source ... ok
test net::tests::regions::forwarding::test_multiple_gateways_query_routing_p2p_downstream ... ok
test net::tests::regions::forwarding::test_multiple_gateways_query_routing_p2p_upstream ... ok
test net::tests::regions::forwarding::test_multiple_gateways_query_routing_p2p_upstream_with_interest ... ok
test net::tests::regions::forwarding::test_multiple_gateways_query_routing_p2r_upstream ... ok
test net::tests::regions::forwarding::test_multiple_gateways_query_routing_p2r_upstream_with_interest ... ok
test net::tests::regions::forwarding::test_multiple_gateways_query_routing_r2p_downstream ... ok
test net::tests::regions::forwarding::test_multiple_gateways_query_routing_r2r_downstream ... ok
test net::tests::regions::forwarding::test_multiple_gateways_query_routing_r2r_upstream ... ok
test net::tests::regions::forwarding::test_multiple_gateways_query_routing_r2r_upstream_gateway_source ... ok
test net::tests::regions::forwarding::test_p2p_inter_subregion_data_routing ... ok
test net::tests::regions::forwarding::test_p2p_inter_subregion_query_routing ... ok
test net::tests::regions::forwarding::test_push_message_consumption ... ok
test net::tests::regions::forwarding::test_r2r_inter_subregion_data_routing ... ok
test net::tests::regions::forwarding::test_r2r_inter_subregion_query_routing ... ok
test net::tests::regions::interest::test_concurrent_current_future_interests::whatami_client_whatami_client_expects ... ok
test net::tests::regions::interest::test_concurrent_current_future_interests::whatami_client_whatami_peer_expects ... ok
test net::tests::regions::interest::test_concurrent_current_future_interests::whatami_peer_whatami_client_expects ... ok
test net::tests::regions::interest::test_concurrent_current_future_interests::whatami_peer_whatami_peer_expects ... ok
test net::tests::regions::interest::test_current_future_interest_propagation_on_open::whatami_client_whatami_client_expects ... ok
test net::tests::regions::interest::test_current_future_interest_propagation_on_open::whatami_client_whatami_peer_expects ... ok
test net::tests::regions::interest::test_current_future_interest_propagation_on_open::whatami_peer_whatami_client_expects ... ok
test net::tests::regions::interest::test_current_future_interest_propagation_on_open::whatami_peer_whatami_peer_expects ... ok
test net::tests::regions::interest::test_current_interest_finalization::whatami_client_expects ... ok
test net::tests::regions::interest::test_current_interest_finalization::whatami_peer_expects ... ok
test net::tests::regions::interest::test_current_interest_finalization::whatami_router_expects ... ok
test net::tests::regions::interest::test_current_token_repropagation ... ok
test net::tests::regions::interest::test_p2p_interest_routing_with_finalized_initial_interests ... ok
test net::tests::regions::interest::test_p2p_interest_routing_with_unfinalized_initial_interests ... ok
test net::tests::regions::oam::test_peer_singlehop_gossip_linkstate_propagation ... ok
test net::tests::runtime::tests::test_state_weak_alive_with_runtime ... ok
test net::tests::runtime::tests::test_state_weak_dead_after_close_and_drop ... ok
test net::tests::runtime::tests::test_state_weak_dead_after_drop ... ok
test net::tests::runtime::tests::test_state_weak_still_alive_after_close ... ok
test net::tests::tables::base_test ... ok
test net::tests::tables::big_key_expr ... ok
test net::tests::tables::clean_test ... ok
test net::tests::tables::client_test ... ok
test net::tests::tables::get_best_key_test ... ok
test net::tests::tables::match_test ... ok
test net::tests::tables::multisub_test ... ok
test net::tests::tables::test_response_wireexpr ... ok
test tests::interceptor_cache::test_interceptors_cache_update_egress ... ok
test tests::interceptor_cache::test_interceptors_cache_update_egress_then_ingress ... ok
test tests::interceptor_cache::test_interceptors_cache_update_ingress ... ok
test tests::link_weights::test_link_weights_diamond ... [2m2026-09-14T10:58:02.286057Z[0m [31mERROR[0m [2mzenoh_task[0m[2m:[0m Failed to terminate the task
[2m2026-09-14T10:58:02.286058Z[0m [31mERROR[0m [2mzenoh_task[0m[2m:[0m Failed to terminate the task
[2m2026-09-14T10:58:02.288217Z[0m [31mERROR[0m [2mzenoh_task[0m[2m:[0m Failed to terminate the task
[2m2026-09-14T10:58:02.286056Z[0m [31mERROR[0m [2mzenoh_task[0m[2m:[0m Failed to terminate the task
[2m2026-09-14T10:58:08.316072Z[0m [31mERROR[0m [2mzenoh_task[0m[2m:[0m Failed to terminate the task
[2m2026-09-14T10:58:08.316071Z[0m [31mERROR[0m [2mzenoh_task[0m[2m:[0m Failed to terminate the task
[2m2026-09-14T10:58:08.316077Z[0m [31mERROR[0m [2mzenoh_task[0m[2m:[0m Failed to terminate the task
[2m2026-09-14T10:58:08.318167Z[0m [31mERROR[0m [2mzenoh_task[0m[2m:[0m Failed to terminate the task
ok
test tests::link_weights::test_link_weights_hexagon ... [2m2026-09-14T10:58:14.351593Z[0m [31mERROR[0m [2mzenoh_task[0m[2m:[0m Failed to terminate the task
[2m2026-09-14T10:58:14.351627Z[0m [31mERROR[0m [2mzenoh_task[0m[2m:[0m Failed to terminate the task
[2m2026-09-14T10:58:14.351593Z[0m [31mERROR[0m [2mzenoh_task[0m[2m:[0m Failed to terminate the task
[2m2026-09-14T10:58:14.351600Z[0m [31mERROR[0m [2mzenoh_task[0m[2m:[0m Failed to terminate the task
[2m2026-09-14T10:58:20.382342Z[0m [31mERROR[0m [2mzenoh_task[0m[2m:[0m Failed to terminate the task
[2m2026-09-14T10:58:20.382342Z[0m [31mERROR[0m [2mzenoh_task[0m[2m:[0m Failed to terminate the task
[2m2026-09-14T10:58:20.382363Z[0m [31mERROR[0m [2mzenoh_task[0m[2m:[0m Failed to terminate the task
[2m2026-09-14T10:58:20.382340Z[0m [31mERROR[0m [2mzenoh_task[0m[2m:[0m Failed to terminate the task
ok
test tests::link_weights::test_link_weights_info_diamond_routers ... [2m2026-09-14T10:58:27.918601Z[0m [31mERROR[0m [2mzenoh_task[0m[2m:[0m Failed to terminate the task
[2m2026-09-14T10:58:27.918607Z[0m [31mERROR[0m [2mzenoh_task[0m[2m:[0m Failed to terminate the task
[2m2026-09-14T10:58:27.918679Z[0m [31mERROR[0m [2mzenoh_task[0m[2m:[0m Failed to terminate the task
[2m2026-09-14T10:58:27.918626Z[0m [31mERROR[0m [2mzenoh_task[0m[2m:[0m Failed to terminate the task
[2m2026-09-14T10:58:27.918689Z[0m [31mERROR[0m [2mzenoh_task[0m[2m:[0m Failed to terminate the task
[2m2026-09-14T10:58:27.918695Z[0m [31mERROR[0m [2mzenoh_task[0m[2m:[0m Failed to terminate the task
[2m2026-09-14T10:58:27.918695Z[0m [31mERROR[0m [2mzenoh_task[0m[2m:[0m Failed to terminate the task
ok
test tests::link_weights::test_link_weights_triangle ... [2m2026-09-14T10:58:35.467634Z[0m [31mERROR[0m [2mzenoh_task[0m[2m:[0m Failed to terminate the task
[2m2026-09-14T10:58:35.467605Z[0m [31mERROR[0m [2mzenoh_task[0m[2m:[0m Failed to terminate the task
[2m2026-09-14T10:58:35.467599Z[0m [31mERROR[0m [2mzenoh_task[0m[2m:[0m Failed to terminate the task
[2m2026-09-14T10:58:35.467571Z[0m [31mERROR[0m [2mzenoh_task[0m[2m:[0m Failed to terminate the task
[2m2026-09-14T10:58:35.467573Z[0m [31mERROR[0m [2mzenoh_task[0m[2m:[0m Failed to terminate the task
[2m2026-09-14T10:58:35.467586Z[0m [31mERROR[0m [2mzenoh_task[0m[2m:[0m Failed to terminate the task
[2m2026-09-14T10:58:35.467565Z[0m [31mERROR[0m [2mzenoh_task[0m[2m:[0m Failed to terminate the task
[2m2026-09-14T10:58:38.517569Z[0m [31mERROR[0m [2mzenoh_task[0m[2m:[0m Failed to terminate the task
[2m2026-09-14T10:58:38.517565Z[0m [31mERROR[0m [2mzenoh_task[0m[2m:[0m Failed to terminate the task
[2m2026-09-14T10:58:38.517604Z[0m [31mERROR[0m [2mzenoh_task[0m[2m:[0m Failed to terminate the task
[2m2026-09-14T10:58:38.519364Z[0m [31mERROR[0m [2mzenoh_task[0m[2m:[0m Failed to terminate the task
[2m2026-09-14T10:58:44.071705Z[0m [31mERROR[0m [2mzenoh_task[0m[2m:[0m Failed to terminate the task
[2m2026-09-14T10:58:44.071706Z[0m [31mERROR[0m [2mzenoh_task[0m[2m:[0m Failed to terminate the task
[2m2026-09-14T10:58:44.071705Z[0m [31mERROR[0m [2mzenoh_task[0m[2m:[0m Failed to terminate the task
[2m2026-09-14T10:58:49.607982Z[0m [31mERROR[0m [2mzenoh_task[0m[2m:[0m Failed to terminate the task
[2m2026-09-14T10:58:49.607973Z[0m [31mERROR[0m [2mzenoh_task[0m[2m:[0m Failed to terminate the task
[2m2026-09-14T10:58:49.607981Z[0m [31mERROR[0m [2mzenoh_task[0m[2m:[0m Failed to terminate the task
[2m2026-09-14T10:58:55.143503Z[0m [31mERROR[0m [2mzenoh_task[0m[2m:[0m Failed to terminate the task
[2m2026-09-14T10:58:55.143497Z[0m [31mERROR[0m [2mzenoh_task[0m[2m:[0m Failed to terminate the task
[2m2026-09-14T10:58:55.146835Z[0m [31mERROR[0m [2mzenoh_task[0m[2m:[0m Failed to terminate the task
ok
test tests::link_weights::test_link_weights_update_diamond ... [2m2026-09-14T10:59:00.728195Z[0m [31mERROR[0m [2mzenoh_task[0m[2m:[0m Failed to terminate the task
[2m2026-09-14T10:59:00.728194Z[0m [31mERROR[0m [2mzenoh_task[0m[2m:[0m Failed to terminate the task
[2m2026-09-14T10:59:00.728194Z[0m [31mERROR[0m [2mzenoh_task[0m[2m:[0m Failed to terminate the task
[2m2026-09-14T10:59:06.346513Z[0m [31mERROR[0m [2mzenoh_task[0m[2m:[0m Failed to terminate the task
[2m2026-09-14T10:59:06.346505Z[0m [31mERROR[0m [2mzenoh_task[0m[2m:[0m Failed to terminate the task
[2m2026-09-14T10:59:06.346545Z[0m [31mERROR[0m [2mzenoh_task[0m[2m:[0m Failed to terminate the task
ok
test tests::link_weights::test_link_weights_update_hexagon ... [2m2026-09-14T10:59:18.408682Z[0m [31mERROR[0m [2mzenoh_task[0m[2m:[0m Failed to terminate the task
[2m2026-09-14T10:59:18.408673Z[0m [31mERROR[0m [2mzenoh_task[0m[2m:[0m Failed to terminate the task
[2m2026-09-14T10:59:18.408682Z[0m [31mERROR[0m [2mzenoh_task[0m[2m:[0m Failed to terminate the task
[2m2026-09-14T10:59:18.408683Z[0m [31mERROR[0m [2mzenoh_task[0m[2m:[0m Failed to terminate the task
ok
test tests::query_reply::test_reply_preserves_optimized_ke ... ok
test tests::session::runtime_state_weak_tests::alive_before_close::whatami_peer_false_expects ... ok
test tests::session::runtime_state_weak_tests::alive_before_close::whatami_peer_true_expects ... ok
test tests::session::runtime_state_weak_tests::dead_after_drop::whatami_peer_false_expects ... ok
test tests::session::runtime_state_weak_tests::dead_after_drop::whatami_peer_true_expects ... ok
test tests::session::runtime_state_weak_tests::dead_after_drop_many_times::whatami_peer_false_expects ... ok
test tests::session::runtime_state_weak_tests::dead_after_drop_many_times::whatami_peer_true_expects ... ok
test tests::session::runtime_state_weak_tests::multiple_sessions_independent::whatami_peer_false_expects ... ok
test tests::session::runtime_state_weak_tests::multiple_sessions_independent::whatami_peer_true_expects ... ok
test tests::session::runtime_state_weak_tests::still_alive_after_close::whatami_peer_false_expects ... ok
test tests::session::runtime_state_weak_tests::still_alive_after_close::whatami_peer_true_expects ... ok

test result: ok. 101 passed; 0 failed; 0 ignored; 0 measured; 0 filtered out; finished in 133.34s

     Running tests/adminspace.rs (target/debug/deps/adminspace-92b90aac86731471)

running 5 tests
test test_adminspace_ronly ... [2m2026-09-14T10:59:20.154818Z[0m [31mERROR[0m test_adminspace_ronly ThreadId(02) [2mzenoh::net::runtime::adminspace[0m[2m:[0m Received PUT on '@/8d4e1f7311db8e408ae1c3edbe4d1355/router/config/zid' but adminspace.permissions.write=false in configuration
[2m2026-09-14T10:59:20.154927Z[0m [31mERROR[0m test_adminspace_ronly ThreadId(02) [2mzenoh::net::runtime::adminspace[0m[2m:[0m Received PUT on '@/8d4e1f7311db8e408ae1c3edbe4d1355/router/config/zid' but adminspace.permissions.write=false in configuration
ok
test test_adminspace_transports_and_links ... ok
test test_adminspace_wonly ... [2m2026-09-14T10:59:22.708912Z[0m [31mERROR[0m test_adminspace_wonly ThreadId(20) [2mzenoh::net::runtime::adminspace[0m[2m:[0m Received GET on '@/6517cacd6c3e1f87fc892c499b418f6c/router' but adminspace.permissions.read=false in configuration
ok
test test_adminspace_write ... [2m2026-09-14T10:59:23.221382Z[0m [31mERROR[0m test_adminspace_write ThreadId(25) [2mzenoh::net::runtime::adminspace[0m[2m:[0m Error inserting conf value @/449bc4dbe4d64b0af06d8b18458eb48/router/config/zid : 1 - Error inserting conf value zid : updating config is only supported for keys starting with `plugins/` at zenoh/src/api/config.rs:181.
[2m2026-09-14T10:59:23.223667Z[0m [31mERROR[0m test_adminspace_write ThreadId(25) [2mzenoh::net::runtime::adminspace[0m[2m:[0m Error deleting conf value @/449bc4dbe4d64b0af06d8b18458eb48/router/config/zid : Removal of values from Config is only supported for keys starting with `plugins/` at commons/zenoh-config/src/lib.rs:1397.
ok
test test_adminspace_write_with_zid_and_mode_wildcards ... ok

test result: ok. 5 passed; 0 failed; 0 ignored; 0 measured; 1 filtered out; finished in 4.21s

     Running tests/attachments.rs (target/debug/deps/attachments-405fe9918896e09f)

running 2 tests
test attachment_pubsub ... ok
test attachment_queries ... ok

test result: ok. 2 passed; 0 failed; 0 ignored; 0 measured; 0 filtered out; finished in 1.43s

     Running tests/matching.rs (target/debug/deps/matching-8a111b4eaba41156)

running 24 tests
test zenoh_matching_listener_drop_deadlock ... ok
test zenoh_publisher_matching_status ... ok
test zenoh_querier_matching_status::locality_any_testtype_clientpeer_expects ... ok
test zenoh_querier_matching_status::locality_any_testtype_clientrouterclient_expects ... ok
test zenoh_querier_matching_status::locality_any_testtype_peerclient_expects ... ok
test zenoh_querier_matching_status::locality_any_testtype_peerpeer_expects ... ok
test zenoh_querier_matching_status::locality_any_testtype_routerclient_expects ... ok
test zenoh_querier_matching_status::locality_any_testtype_routerrouter_expects ... ok
test zenoh_querier_matching_status::locality_any_testtype_samesession_expects ... ok
test zenoh_querier_matching_status::locality_remote_testtype_clientpeer_expects ... ok
test zenoh_querier_matching_status::locality_remote_testtype_clientrouterclient_expects ... ok
test zenoh_querier_matching_status::locality_remote_testtype_peerclient_expects ... ok
test zenoh_querier_matching_status::locality_remote_testtype_peerpeer_expects ... ok
test zenoh_querier_matching_status::locality_remote_testtype_routerclient_expects ... ok
test zenoh_querier_matching_status::locality_remote_testtype_routerrouter_expects ... ok
test zenoh_querier_matching_status::locality_remote_testtype_samesession_expects ... ok
test zenoh_querier_matching_status::locality_sessionlocal_testtype_clientpeer_expects ... ok
test zenoh_querier_matching_status::locality_sessionlocal_testtype_clientrouterclient_expects ... ok
test zenoh_querier_matching_status::locality_sessionlocal_testtype_peerclient_expects ... ok
test zenoh_querier_matching_status::locality_sessionlocal_testtype_peerpeer_expects ... ok
test zenoh_querier_matching_status::locality_sessionlocal_testtype_routerclient_expects ... ok
test zenoh_querier_matching_status::locality_sessionlocal_testtype_routerrouter_expects ... ok
test zenoh_querier_matching_status::locality_sessionlocal_testtype_samesession_expects ... ok
test zenoh_querier_matching_status_session_drop ... ok

test result: ok. 24 passed; 0 failed; 0 ignored; 0 measured; 0 filtered out; finished in 196.60s

     Running tests/qos.rs (target/debug/deps/qos-b04945ea34ccca1d)

running 0 tests

test result: ok. 0 passed; 0 failed; 0 ignored; 0 measured; 2 filtered out; finished in 0.00s

     Running tests/queryable.rs (target/debug/deps/queryable-93aa6d64b7b6379f)

running 1 test
test test_queryable_same_session ... ok

test result: ok. 1 passed; 0 failed; 0 ignored; 0 measured; 2 filtered out; finished in 1.57s

     Running tests/routing.rs (target/debug/deps/routing-eda43f1265016c2c)

running 8 tests
test gossip_regression_1 ... ok
test gossip_regression_2 ... ok
test gossip_regression_3 ... ok
test router_linkstate ... [2m2026-09-14T11:03:01.620462Z[0m [31mERROR[0m rx-2 ThreadId(15) [2mzenoh::api::session[0m[2m:[0m Received Data for unknown expr_id: 1
[2m2026-09-14T11:03:09.883419Z[0m [31mERROR[0m rx-1 ThreadId(14) [2mzenoh::net::routing::hat::router::token[0m[2m:[0m Network graph doesn't contain destination node [3mnode_id[0m[2m=[0m1
[2m2026-09-14T11:03:09.883604Z[0m [31mERROR[0m rx-1 ThreadId(14) [2mzenoh::net::routing::hat::router::token[0m[2m:[0m Network graph doesn't contain destination node [3mnode_id[0m[2m=[0m1
[2m2026-09-14T11:03:09.884351Z[0m [31mERROR[0m rx-1 ThreadId(14) [2mzenoh::net::routing::hat::router::token[0m[2m:[0m Network graph doesn't contain destination node [3mnode_id[0m[2m=[0m2
[2m2026-09-14T11:03:09.884402Z[0m [31mERROR[0m rx-1 ThreadId(14) [2mzenoh::net::routing::hat::router::token[0m[2m:[0m Network graph doesn't contain destination node [3mnode_id[0m[2m=[0m2
[2m2026-09-14T11:03:09.884422Z[0m [31mERROR[0m rx-1 ThreadId(14) [2mzenoh::net::routing::hat::router::token[0m[2m:[0m Network graph doesn't contain destination node [3mnode_id[0m[2m=[0m2
[2m2026-09-14T11:03:09.884457Z[0m [31mERROR[0m rx-1 ThreadId(14) [2mzenoh::net::routing::hat::router::token[0m[2m:[0m Network graph doesn't contain destination node [3mnode_id[0m[2m=[0m2
[2m2026-09-14T11:03:09.884471Z[0m [31mERROR[0m rx-1 ThreadId(14) [2mzenoh::net::routing::hat::router::token[0m[2m:[0m Network graph doesn't contain destination node [3mnode_id[0m[2m=[0m2
[2m2026-09-14T11:03:09.884483Z[0m [31mERROR[0m rx-1 ThreadId(14) [2mzenoh::net::routing::hat::router::token[0m[2m:[0m Network graph doesn't contain destination node [3mnode_id[0m[2m=[0m2
[2m2026-09-14T11:03:09.884494Z[0m [31mERROR[0m rx-1 ThreadId(14) [2mzenoh::net::routing::hat::router::token[0m[2m:[0m Network graph doesn't contain destination node [3mnode_id[0m[2m=[0m2
[2m2026-09-14T11:03:09.884506Z[0m [31mERROR[0m rx-1 ThreadId(14) [2mzenoh::net::routing::hat::router::token[0m[2m:[0m Network graph doesn't contain destination node [3mnode_id[0m[2m=[0m2
[2m2026-09-14T11:03:09.884517Z[0m [31mERROR[0m rx-1 ThreadId(14) [2mzenoh::net::routing::hat::router::token[0m[2m:[0m Network graph doesn't contain destination node [3mnode_id[0m[2m=[0m2
[2m2026-09-14T11:03:09.884529Z[0m [31mERROR[0m rx-1 ThreadId(14) [2mzenoh::net::routing::hat::router::token[0m[2m:[0m Network graph doesn't contain destination node [3mnode_id[0m[2m=[0m2
[2m2026-09-14T11:03:09.884540Z[0m [31mERROR[0m rx-1 ThreadId(14) [2mzenoh::net::routing::hat::router::token[0m[2m:[0m Network graph doesn't contain destination node [3mnode_id[0m[2m=[0m2
[2m2026-09-14T11:03:09.884551Z[0m [31mERROR[0m rx-1 ThreadId(14) [2mzenoh::net::routing::hat::router::token[0m[2m:[0m Network graph doesn't contain destination node [3mnode_id[0m[2m=[0m2
[2m2026-09-14T11:03:09.884562Z[0m [31mERROR[0m rx-1 ThreadId(14) [2mzenoh::net::routing::hat::router::token[0m[2m:[0m Network graph doesn't contain destination node [3mnode_id[0m[2m=[0m2
[2m2026-09-14T11:03:09.884573Z[0m [31mERROR[0m rx-1 ThreadId(14) [2mzenoh::net::routing::hat::router::token[0m[2m:[0m Network graph doesn't contain destination node [3mnode_id[0m[2m=[0m2
[2m2026-09-14T11:03:09.884587Z[0m [31mERROR[0m rx-1 ThreadId(14) [2mzenoh::net::routing::hat::router::token[0m[2m:[0m Network graph doesn't contain destination node [3mnode_id[0m[2m=[0m2
[2m2026-09-14T11:03:09.884601Z[0m [31mERROR[0m rx-1 ThreadId(14) [2mzenoh::net::routing::hat::router::token[0m[2m:[0m Network graph doesn't contain destination node [3mnode_id[0m[2m=[0m2
[2m2026-09-14T11:03:09.884612Z[0m [31mERROR[0m rx-1 ThreadId(14) [2mzenoh::net::routing::hat::router::token[0m[2m:[0m Network graph doesn't contain destination node [3mnode_id[0m[2m=[0m2
[2m2026-09-14T11:03:09.884624Z[0m [31mERROR[0m rx-1 ThreadId(14) [2mzenoh::net::routing::hat::router::token[0m[2m:[0m Network graph doesn't contain destination node [3mnode_id[0m[2m=[0m2
[2m2026-09-14T11:03:09.884635Z[0m [31mERROR[0m rx-1 ThreadId(14) [2mzenoh::net::routing::hat::router::token[0m[2m:[0m Network graph doesn't contain destination node [3mnode_id[0m[2m=[0m2
[2m2026-09-14T11:03:09.884646Z[0m [31mERROR[0m rx-1 ThreadId(14) [2mzenoh::net::routing::hat::router::token[0m[2m:[0m Network graph doesn't contain destination node [3mnode_id[0m[2m=[0m2
[2m2026-09-14T11:03:09.884657Z[0m [31mERROR[0m rx-1 ThreadId(14) [2mzenoh::net::routing::hat::router::token[0m[2m:[0m Network graph doesn't contain destination node [3mnode_id[0m[2m=[0m2
[2m2026-09-14T11:03:09.884668Z[0m [31mERROR[0m rx-1 ThreadId(14) [2mzenoh::net::routing::hat::router::token[0m[2m:[0m Network graph doesn't contain destination node [3mnode_id[0m[2m=[0m2
[2m2026-09-14T11:03:09.884678Z[0m [31mERROR[0m rx-1 ThreadId(14) [2mzenoh::net::routing::hat::router::token[0m[2m:[0m Network graph doesn't contain destination node [3mnode_id[0m[2m=[0m2
[2m2026-09-14T11:03:09.884691Z[0m [31mERROR[0m rx-1 ThreadId(14) [2mzenoh::net::routing::hat::router::token[0m[2m:[0m Network graph doesn't contain destination node [3mnode_id[0m[2m=[0m2
[2m2026-09-14T11:03:09.884702Z[0m [31mERROR[0m rx-1 ThreadId(14) [2mzenoh::net::routing::hat::router::token[0m[2m:[0m Network graph doesn't contain destination node [3mnode_id[0m[2m=[0m2
[2m2026-09-14T11:03:09.884713Z[0m [31mERROR[0m rx-1 ThreadId(14) [2mzenoh::net::routing::hat::router::token[0m[2m:[0m Network graph doesn't contain destination node [3mnode_id[0m[2m=[0m2
[2m2026-09-14T11:03:09.884724Z[0m [31mERROR[0m rx-1 ThreadId(14) [2mzenoh::net::routing::hat::router::token[0m[2m:[0m Network graph doesn't contain destination node [3mnode_id[0m[2m=[0m2
[2m2026-09-14T11:03:09.884735Z[0m [31mERROR[0m rx-1 ThreadId(14) [2mzenoh::net::routing::hat::router::token[0m[2m:[0m Network graph doesn't contain destination node [3mnode_id[0m[2m=[0m2
[2m2026-09-14T11:03:09.884745Z[0m [31mERROR[0m rx-1 ThreadId(14) [2mzenoh::net::routing::hat::router::token[0m[2m:[0m Network graph doesn't contain destination node [3mnode_id[0m[2m=[0m2
[2m2026-09-14T11:03:09.884756Z[0m [31mERROR[0m rx-1 ThreadId(14) [2mzenoh::net::routing::hat::router::token[0m[2m:[0m Network graph doesn't contain destination node [3mnode_id[0m[2m=[0m2
[2m2026-09-14T11:03:09.884767Z[0m [31mERROR[0m rx-1 ThreadId(14) [2mzenoh::net::routing::hat::router::token[0m[2m:[0m Network graph doesn't contain destination node [3mnode_id[0m[2m=[0m2
[2m2026-09-14T11:03:09.884778Z[0m [31mERROR[0m rx-1 ThreadId(14) [2mzenoh::net::routing::hat::router::token[0m[2m:[0m Network graph doesn't contain destination node [3mnode_id[0m[2m=[0m2
[2m2026-09-14T11:03:09.884789Z[0m [31mERROR[0m rx-1 ThreadId(14) [2mzenoh::net::routing::hat::router::token[0m[2m:[0m Network graph doesn't contain destination node [3mnode_id[0m[2m=[0m2
[2m2026-09-14T11:03:09.884800Z[0m [31mERROR[0m rx-1 ThreadId(14) [2mzenoh::net::routing::hat::router::token[0m[2m:[0m Network graph doesn't contain destination node [3mnode_id[0m[2m=[0m2
[2m2026-09-14T11:03:09.884810Z[0m [31mERROR[0m rx-1 ThreadId(14) [2mzenoh::net::routing::hat::router::token[0m[2m:[0m Network graph doesn't contain destination node [3mnode_id[0m[2m=[0m2
[2m2026-09-14T11:03:09.884821Z[0m [31mERROR[0m rx-1 ThreadId(14) [2mzenoh::net::routing::hat::router::token[0m[2m:[0m Network graph doesn't contain destination node [3mnode_id[0m[2m=[0m2
[2m2026-09-14T11:03:09.884832Z[0m [31mERROR[0m rx-1 ThreadId(14) [2mzenoh::net::routing::hat::router::token[0m[2m:[0m Network graph doesn't contain destination node [3mnode_id[0m[2m=[0m2
[2m2026-09-14T11:03:09.884843Z[0m [31mERROR[0m rx-1 ThreadId(14) [2mzenoh::net::routing::hat::router::token[0m[2m:[0m Network graph doesn't contain destination node [3mnode_id[0m[2m=[0m2
[2m2026-09-14T11:03:09.884853Z[0m [31mERROR[0m rx-1 ThreadId(14) [2mzenoh::net::routing::hat::router::token[0m[2m:[0m Network graph doesn't contain destination node [3mnode_id[0m[2m=[0m2
[2m2026-09-14T11:03:09.884864Z[0m [31mERROR[0m rx-1 ThreadId(14) [2mzenoh::net::routing::hat::router::token[0m[2m:[0m Network graph doesn't contain destination node [3mnode_id[0m[2m=[0m2
[2m2026-09-14T11:03:09.884875Z[0m [31mERROR[0m rx-1 ThreadId(14) [2mzenoh::net::routing::hat::router::token[0m[2m:[0m Network graph doesn't contain destination node [3mnode_id[0m[2m=[0m2
[2m2026-09-14T11:03:09.884885Z[0m [31mERROR[0m rx-1 ThreadId(14) [2mzenoh::net::routing::hat::router::token[0m[2m:[0m Network graph doesn't contain destination node [3mnode_id[0m[2m=[0m2
[2m2026-09-14T11:03:09.884896Z[0m [31mERROR[0m rx-1 ThreadId(14) [2mzenoh::net::routing::hat::router::token[0m[2m:[0m Network graph doesn't contain destination node [3mnode_id[0m[2m=[0m2
[2m2026-09-14T11:03:09.884907Z[0m [31mERROR[0m rx-1 ThreadId(14) [2mzenoh::net::routing::hat::router::token[0m[2m:[0m Network graph doesn't contain destination node [3mnode_id[0m[2m=[0m2
[2m2026-09-14T11:03:09.884919Z[0m [31mERROR[0m rx-1 ThreadId(14) [2mzenoh::net::routing::hat::router::token[0m[2m:[0m Network graph doesn't contain destination node [3mnode_id[0m[2m=[0m2
[2m2026-09-14T11:03:09.884930Z[0m [31mERROR[0m rx-1 ThreadId(14) [2mzenoh::net::routing::hat::router::token[0m[2m:[0m Network graph doesn't contain destination node [3mnode_id[0m[2m=[0m2
[2m2026-09-14T11:03:09.884941Z[0m [31mERROR[0m rx-1 ThreadId(14) [2mzenoh::net::routing::hat::router::token[0m[2m:[0m Network graph doesn't contain destination node [3mnode_id[0m[2m=[0m2
[2m2026-09-14T11:03:09.884951Z[0m [31mERROR[0m rx-1 ThreadId(14) [2mzenoh::net::routing::hat::router::token[0m[2m:[0m Network graph doesn't contain destination node [3mnode_id[0m[2m=[0m2
[2m2026-09-14T11:03:09.884962Z[0m [31mERROR[0m rx-1 ThreadId(14) [2mzenoh::net::routing::hat::router::token[0m[2m:[0m Network graph doesn't contain destination node [3mnode_id[0m[2m=[0m2
[2m2026-09-14T11:03:09.884973Z[0m [31mERROR[0m rx-1 ThreadId(14) [2mzenoh::net::routing::hat::router::token[0m[2m:[0m Network graph doesn't contain destination node [3mnode_id[0m[2m=[0m2
[2m2026-09-14T11:03:09.884983Z[0m [31mERROR[0m rx-1 ThreadId(14) [2mzenoh::net::routing::hat::router::token[0m[2m:[0m Network graph doesn't contain destination node [3mnode_id[0m[2m=[0m2
[2m2026-09-14T11:03:09.884994Z[0m [31mERROR[0m rx-1 ThreadId(14) [2mzenoh::net::routing::hat::router::token[0m[2m:[0m Network graph doesn't contain destination node [3mnode_id[0m[2m=[0m2
[2m2026-09-14T11:03:09.885005Z[0m [31mERROR[0m rx-1 ThreadId(14) [2mzenoh::net::routing::hat::router::token[0m[2m:[0m Network graph doesn't contain destination node [3mnode_id[0m[2m=[0m2
[2m2026-09-14T11:03:09.885016Z[0m [31mERROR[0m rx-1 ThreadId(14) [2mzenoh::net::routing::hat::router::token[0m[2m:[0m Network graph doesn't contain destination node [3mnode_id[0m[2m=[0m2
[2m2026-09-14T11:03:09.885026Z[0m [31mERROR[0m rx-1 ThreadId(14) [2mzenoh::net::routing::hat::router::token[0m[2m:[0m Network graph doesn't contain destination node [3mnode_id[0m[2m=[0m2
[2m2026-09-14T11:03:09.885037Z[0m [31mERROR[0m rx-1 ThreadId(14) [2mzenoh::net::routing::hat::router::token[0m[2m:[0m Network graph doesn't contain destination node [3mnode_id[0m[2m=[0m2
[2m2026-09-14T11:03:09.885048Z[0m [31mERROR[0m rx-1 ThreadId(14) [2mzenoh::net::routing::hat::router::token[0m[2m:[0m Network graph doesn't contain destination node [3mnode_id[0m[2m=[0m2
[2m2026-09-14T11:03:09.885058Z[0m [31mERROR[0m rx-1 ThreadId(14) [2mzenoh::net::routing::hat::router::token[0m[2m:[0m Network graph doesn't contain destination node [3mnode_id[0m[2m=[0m2
[2m2026-09-14T11:03:09.885069Z[0m [31mERROR[0m rx-1 ThreadId(14) [2mzenoh::net::routing::hat::router::token[0m[2m:[0m Network graph doesn't contain destination node [3mnode_id[0m[2m=[0m2
[2m2026-09-14T11:03:09.885080Z[0m [31mERROR[0m rx-1 ThreadId(14) [2mzenoh::net::routing::hat::router::token[0m[2m:[0m Network graph doesn't contain destination node [3mnode_id[0m[2m=[0m2
[2m2026-09-14T11:03:09.885090Z[0m [31mERROR[0m rx-1 ThreadId(14) [2mzenoh::net::routing::hat::router::token[0m[2m:[0m Network graph doesn't contain destination node [3mnode_id[0m[2m=[0m2
[2m2026-09-14T11:03:09.885101Z[0m [31mERROR[0m rx-1 ThreadId(14) [2mzenoh::net::routing::hat::router::token[0m[2m:[0m Network graph doesn't contain destination node [3mnode_id[0m[2m=[0m2
[2m2026-09-14T11:03:09.885112Z[0m [31mERROR[0m rx-1 ThreadId(14) [2mzenoh::net::routing::hat::router::token[0m[2m:[0m Network graph doesn't contain destination node [3mnode_id[0m[2m=[0m2
[2m2026-09-14T11:03:09.885122Z[0m [31mERROR[0m rx-1 ThreadId(14) [2mzenoh::net::routing::hat::router::token[0m[2m:[0m Network graph doesn't contain destination node [3mnode_id[0m[2m=[0m2
[2m2026-09-14T11:03:09.885134Z[0m [31mERROR[0m rx-1 ThreadId(14) [2mzenoh::net::routing::hat::router::token[0m[2m:[0m Network graph doesn't contain destination node [3mnode_id[0m[2m=[0m2
[2m2026-09-14T11:03:09.885145Z[0m [31mERROR[0m rx-1 ThreadId(14) [2mzenoh::net::routing::hat::router::token[0m[2m:[0m Network graph doesn't contain destination node [3mnode_id[0m[2m=[0m2
[2m2026-09-14T11:03:09.885156Z[0m [31mERROR[0m rx-1 ThreadId(14) [2mzenoh::net::routing::hat::router::token[0m[2m:[0m Network graph doesn't contain destination node [3mnode_id[0m[2m=[0m2
[2m2026-09-14T11:03:09.885166Z[0m [31mERROR[0m rx-1 ThreadId(14) [2mzenoh::net::routing::hat::router::token[0m[2m:[0m Network graph doesn't contain destination node [3mnode_id[0m[2m=[0m2
[2m2026-09-14T11:03:09.885177Z[0m [31mERROR[0m rx-1 ThreadId(14) [2mzenoh::net::routing::hat::router::token[0m[2m:[0m Network graph doesn't contain destination node [3mnode_id[0m[2m=[0m2
[2m2026-09-14T11:03:09.885188Z[0m [31mERROR[0m rx-1 ThreadId(14) [2mzenoh::net::routing::hat::router::token[0m[2m:[0m Network graph doesn't contain destination node [3mnode_id[0m[2m=[0m2
[2m2026-09-14T11:03:09.885198Z[0m [31mERROR[0m rx-1 ThreadId(14) [2mzenoh::net::routing::hat::router::token[0m[2m:[0m Network graph doesn't contain destination node [3mnode_id[0m[2m=[0m2
[2m2026-09-14T11:03:09.885209Z[0m [31mERROR[0m rx-1 ThreadId(14) [2mzenoh::net::routing::hat::router::token[0m[2m:[0m Network graph doesn't contain destination node [3mnode_id[0m[2m=[0m2
[2m2026-09-14T11:03:09.885220Z[0m [31mERROR[0m rx-1 ThreadId(14) [2mzenoh::net::routing::hat::router::token[0m[2m:[0m Network graph doesn't contain destination node [3mnode_id[0m[2m=[0m2
[2m2026-09-14T11:03:09.885231Z[0m [31mERROR[0m rx-1 ThreadId(14) [2mzenoh::net::routing::hat::router::token[0m[2m:[0m Network graph doesn't contain destination node [3mnode_id[0m[2m=[0m2
[2m2026-09-14T11:03:09.885241Z[0m [31mERROR[0m rx-1 ThreadId(14) [2mzenoh::net::routing::hat::router::token[0m[2m:[0m Network graph doesn't contain destination node [3mnode_id[0m[2m=[0m2
[2m2026-09-14T11:03:09.885252Z[0m [31mERROR[0m rx-1 ThreadId(14) [2mzenoh::net::routing::hat::router::token[0m[2m:[0m Network graph doesn't contain destination node [3mnode_id[0m[2m=[0m2
[2m2026-09-14T11:03:09.885263Z[0m [31mERROR[0m rx-1 ThreadId(14) [2mzenoh::net::routing::hat::router::token[0m[2m:[0m Network graph doesn't contain destination node [3mnode_id[0m[2m=[0m2
[2m2026-09-14T11:03:09.885273Z[0m [31mERROR[0m rx-1 ThreadId(14) [2mzenoh::net::routing::hat::router::token[0m[2m:[0m Network graph doesn't contain destination node [3mnode_id[0m[2m=[0m2
[2m2026-09-14T11:03:09.885284Z[0m [31mERROR[0m rx-1 ThreadId(14) [2mzenoh::net::routing::hat::router::token[0m[2m:[0m Network graph doesn't contain destination node [3mnode_id[0m[2m=[0m2
[2m2026-09-14T11:03:09.885295Z[0m [31mERROR[0m rx-1 ThreadId(14) [2mzenoh::net::routing::hat::router::token[0m[2m:[0m Network graph doesn't contain destination node [3mnode_id[0m[2m=[0m2
[2m2026-09-14T11:03:09.885305Z[0m [31mERROR[0m rx-1 ThreadId(14) [2mzenoh::net::routing::hat::router::token[0m[2m:[0m Network graph doesn't contain destination node [3mnode_id[0m[2m=[0m2
[2m2026-09-14T11:03:09.885316Z[0m [31mERROR[0m rx-1 ThreadId(14) [2mzenoh::net::routing::hat::router::token[0m[2m:[0m Network graph doesn't contain destination node [3mnode_id[0m[2m=[0m2
[2m2026-09-14T11:03:09.885326Z[0m [31mERROR[0m rx-1 ThreadId(14) [2mzenoh::net::routing::hat::router::token[0m[2m:[0m Network graph doesn't contain destination node [3mnode_id[0m[2m=[0m2
[2m2026-09-14T11:03:09.885342Z[0m [31mERROR[0m rx-1 ThreadId(14) [2mzenoh::net::routing::hat::router::token[0m[2m:[0m Network graph doesn't contain destination node [3mnode_id[0m[2m=[0m2
[2m2026-09-14T11:03:09.885354Z[0m [31mERROR[0m rx-1 ThreadId(14) [2mzenoh::net::routing::hat::router::token[0m[2m:[0m Network graph doesn't contain destination node [3mnode_id[0m[2m=[0m2
[2m2026-09-14T11:03:09.885367Z[0m [31mERROR[0m rx-1 ThreadId(14) [2mzenoh::net::routing::hat::router::token[0m[2m:[0m Network graph doesn't contain destination node [3mnode_id[0m[2m=[0m2
[2m2026-09-14T11:03:09.885377Z[0m [31mERROR[0m rx-1 ThreadId(14) [2mzenoh::net::routing::hat::router::token[0m[2m:[0m Network graph doesn't contain destination node [3mnode_id[0m[2m=[0m2
[2m2026-09-14T11:03:09.885404Z[0m [31mERROR[0m rx-1 ThreadId(14) [2mzenoh::net::routing::hat::router::token[0m[2m:[0m Network graph doesn't contain destination node [3mnode_id[0m[2m=[0m2
[2m2026-09-14T11:03:09.885415Z[0m [31mERROR[0m rx-1 ThreadId(14) [2mzenoh::net::routing::hat::router::token[0m[2m:[0m Network graph doesn't contain destination node [3mnode_id[0m[2m=[0m2
[2m2026-09-14T11:03:09.885426Z[0m [31mERROR[0m rx-1 ThreadId(14) [2mzenoh::net::routing::hat::router::token[0m[2m:[0m Network graph doesn't contain destination node [3mnode_id[0m[2m=[0m2
[2m2026-09-14T11:03:09.885436Z[0m [31mERROR[0m rx-1 ThreadId(14) [2mzenoh::net::routing::hat::router::token[0m[2m:[0m Network graph doesn't contain destination node [3mnode_id[0m[2m=[0m2
[2m2026-09-14T11:03:09.885447Z[0m [31mERROR[0m rx-1 ThreadId(14) [2mzenoh::net::routing::hat::router::token[0m[2m:[0m Network graph doesn't contain destination node [3mnode_id[0m[2m=[0m2
[2m2026-09-14T11:03:09.885458Z[0m [31mERROR[0m rx-1 ThreadId(14) [2mzenoh::net::routing::hat::router::token[0m[2m:[0m Network graph doesn't contain destination node [3mnode_id[0m[2m=[0m2
[2m2026-09-14T11:03:09.885473Z[0m [31mERROR[0m rx-1 ThreadId(14) [2mzenoh::net::routing::hat::router::token[0m[2m:[0m Network graph doesn't contain destination node [3mnode_id[0m[2m=[0m2
[2m2026-09-14T11:03:09.885489Z[0m [31mERROR[0m rx-1 ThreadId(14) [2mzenoh::net::routing::hat::router::token[0m[2m:[0m Network graph doesn't contain destination node [3mnode_id[0m[2m=[0m2
[2m2026-09-14T11:03:09.885505Z[0m [31mERROR[0m rx-1 ThreadId(14) [2mzenoh::net::routing::hat::router::token[0m[2m:[0m Network graph doesn't contain destination node [3mnode_id[0m[2m=[0m2
[2m2026-09-14T11:03:09.885516Z[0m [31mERROR[0m rx-1 ThreadId(14) [2mzenoh::net::routing::hat::router::token[0m[2m:[0m Network graph doesn't contain destination node [3mnode_id[0m[2m=[0m2
[2m2026-09-14T11:03:09.885526Z[0m [31mERROR[0m rx-1 ThreadId(14) [2mzenoh::net::routing::hat::router::token[0m[2m:[0m Network graph doesn't contain destination node [3mnode_id[0m[2m=[0m2
[2m2026-09-14T11:03:09.885537Z[0m [31mERROR[0m rx-1 ThreadId(14) [2mzenoh::net::routing::hat::router::token[0m[2m:[0m Network graph doesn't contain destination node [3mnode_id[0m[2m=[0m2
[2m2026-09-14T11:03:09.885548Z[0m [31mERROR[0m rx-1 ThreadId(14) [2mzenoh::net::routing::hat::router::token[0m[2m:[0m Network graph doesn't contain destination node [3mnode_id[0m[2m=[0m2
[2m2026-09-14T11:03:09.885558Z[0m [31mERROR[0m rx-1 ThreadId(14) [2mzenoh::net::routing::hat::router::token[0m[2m:[0m Network graph doesn't contain destination node [3mnode_id[0m[2m=[0m2
[2m2026-09-14T11:03:09.885569Z[0m [31mERROR[0m rx-1 ThreadId(14) [2mzenoh::net::routing::hat::router::token[0m[2m:[0m Network graph doesn't contain destination node [3mnode_id[0m[2m=[0m2
[2m2026-09-14T11:03:09.885580Z[0m [31mERROR[0m rx-1 ThreadId(14) [2mzenoh::net::routing::hat::router::token[0m[2m:[0m Network graph doesn't contain destination node [3mnode_id[0m[2m=[0m2
[2m2026-09-14T11:03:09.885591Z[0m [31mERROR[0m rx-1 ThreadId(14) [2mzenoh::net::routing::hat::router::token[0m[2m:[0m Network graph doesn't contain destination node [3mnode_id[0m[2m=[0m2
[2m2026-09-14T11:03:09.885605Z[0m [31mERROR[0m rx-1 ThreadId(14) [2mzenoh::net::routing::hat::router::token[0m[2m:[0m Network graph doesn't contain destination node [3mnode_id[0m[2m=[0m2
[2m2026-09-14T11:03:09.885618Z[0m [31mERROR[0m rx-1 ThreadId(14) [2mzenoh::net::routing::hat::router::token[0m[2m:[0m Network graph doesn't contain destination node [3mnode_id[0m[2m=[0m2
[2m2026-09-14T11:03:09.885629Z[0m [31mERROR[0m rx-1 ThreadId(14) [2mzenoh::net::routing::hat::router::token[0m[2m:[0m Network graph doesn't contain destination node [3mnode_id[0m[2m=[0m2
[2m2026-09-14T11:03:09.885640Z[0m [31mERROR[0m rx-1 ThreadId(14) [2mzenoh::net::routing::hat::router::token[0m[2m:[0m Network graph doesn't contain destination node [3mnode_id[0m[2m=[0m2
[2m2026-09-14T11:03:09.885651Z[0m [31mERROR[0m rx-1 ThreadId(14) [2mzenoh::net::routing::hat::router::token[0m[2m:[0m Network graph doesn't contain destination node [3mnode_id[0m[2m=[0m2
[2m2026-09-14T11:03:09.885666Z[0m [31mERROR[0m rx-1 ThreadId(14) [2mzenoh::net::routing::hat::router::token[0m[2m:[0m Network graph doesn't contain destination node [3mnode_id[0m[2m=[0m2
[2m2026-09-14T11:03:09.885677Z[0m [31mERROR[0m rx-1 ThreadId(14) [2mzenoh::net::routing::hat::router::token[0m[2m:[0m Network graph doesn't contain destination node [3mnode_id[0m[2m=[0m2
[2m2026-09-14T11:03:09.885688Z[0m [31mERROR[0m rx-1 ThreadId(14) [2mzenoh::net::routing::hat::router::token[0m[2m:[0m Network graph doesn't contain destination node [3mnode_id[0m[2m=[0m2
[2m2026-09-14T11:03:09.885699Z[0m [31mERROR[0m rx-1 ThreadId(14) [2mzenoh::net::routing::hat::router::token[0m[2m:[0m Network graph doesn't contain destination node [3mnode_id[0m[2m=[0m2
[2m2026-09-14T11:03:09.885710Z[0m [31mERROR[0m rx-1 ThreadId(14) [2mzenoh::net::routing::hat::router::token[0m[2m:[0m Network graph doesn't contain destination node [3mnode_id[0m[2m=[0m2
[2m2026-09-14T11:03:09.885721Z[0m [31mERROR[0m rx-1 ThreadId(14) [2mzenoh::net::routing::hat::router::token[0m[2m:[0m Network graph doesn't contain destination node [3mnode_id[0m[2m=[0m2
[2m2026-09-14T11:03:09.885731Z[0m [31mERROR[0m rx-1 ThreadId(14) [2mzenoh::net::routing::hat::router::token[0m[2m:[0m Network graph doesn't contain destination node [3mnode_id[0m[2m=[0m2
[2m2026-09-14T11:03:09.885742Z[0m [31mERROR[0m rx-1 ThreadId(14) [2mzenoh::net::routing::hat::router::token[0m[2m:[0m Network graph doesn't contain destination node [3mnode_id[0m[2m=[0m2
[2m2026-09-14T11:03:09.885753Z[0m [31mERROR[0m rx-1 ThreadId(14) [2mzenoh::net::routing::hat::router::token[0m[2m:[0m Network graph doesn't contain destination node [3mnode_id[0m[2m=[0m2
[2m2026-09-14T11:03:09.885763Z[0m [31mERROR[0m rx-1 ThreadId(14) [2mzenoh::net::routing::hat::router::token[0m[2m:[0m Network graph doesn't contain destination node [3mnode_id[0m[2m=[0m2
[2m2026-09-14T11:03:09.885774Z[0m [31mERROR[0m rx-1 ThreadId(14) [2mzenoh::net::routing::hat::router::token[0m[2m:[0m Network graph doesn't contain destination node [3mnode_id[0m[2m=[0m2
[2m2026-09-14T11:03:09.885785Z[0m [31mERROR[0m rx-1 ThreadId(14) [2mzenoh::net::routing::hat::router::token[0m[2m:[0m Network graph doesn't contain destination node [3mnode_id[0m[2m=[0m2
[2m2026-09-14T11:03:09.885795Z[0m [31mERROR[0m rx-1 ThreadId(14) [2mzenoh::net::routing::hat::router::token[0m[2m:[0m Network graph doesn't contain destination node [3mnode_id[0m[2m=[0m2
[2m2026-09-14T11:03:09.885806Z[0m [31mERROR[0m rx-1 ThreadId(14) [2mzenoh::net::routing::hat::router::token[0m[2m:[0m Network graph doesn't contain destination node [3mnode_id[0m[2m=[0m2
[2m2026-09-14T11:03:09.885816Z[0m [31mERROR[0m rx-1 ThreadId(14) [2mzenoh::net::routing::hat::router::token[0m[2m:[0m Network graph doesn't contain destination node [3mnode_id[0m[2m=[0m2
[2m2026-09-14T11:03:09.885827Z[0m [31mERROR[0m rx-1 ThreadId(14) [2mzenoh::net::routing::hat::router::token[0m[2m:[0m Network graph doesn't contain destination node [3mnode_id[0m[2m=[0m2
[2m2026-09-14T11:03:09.885838Z[0m [31mERROR[0m rx-1 ThreadId(14) [2mzenoh::net::routing::hat::router::token[0m[2m:[0m Network graph doesn't contain destination node [3mnode_id[0m[2m=[0m2
[2m2026-09-14T11:03:09.885850Z[0m [31mERROR[0m rx-1 ThreadId(14) [2mzenoh::net::routing::hat::router::token[0m[2m:[0m Network graph doesn't contain destination node [3mnode_id[0m[2m=[0m2
[2m2026-09-14T11:03:09.885860Z[0m [31mERROR[0m rx-1 ThreadId(14) [2mzenoh::net::routing::hat::router::token[0m[2m:[0m Network graph doesn't contain destination node [3mnode_id[0m[2m=[0m2
[2m2026-09-14T11:03:09.885871Z[0m [31mERROR[0m rx-1 ThreadId(14) [2mzenoh::net::routing::hat::router::token[0m[2m:[0m Network graph doesn't contain destination node [3mnode_id[0m[2m=[0m2
[2m2026-09-14T11:03:09.885881Z[0m [31mERROR[0m rx-1 ThreadId(14) [2mzenoh::net::routing::hat::router::token[0m[2m:[0m Network graph doesn't contain destination node [3mnode_id[0m[2m=[0m2
[2m2026-09-14T11:03:09.885892Z[0m [31mERROR[0m rx-1 ThreadId(14) [2mzenoh::net::routing::hat::router::token[0m[2m:[0m Network graph doesn't contain destination node [3mnode_id[0m[2m=[0m2
[2m2026-09-14T11:03:09.885903Z[0m [31mERROR[0m rx-1 ThreadId(14) [2mzenoh::net::routing::hat::router::token[0m[2m:[0m Network graph doesn't contain destination node [3mnode_id[0m[2m=[0m2
[2m2026-09-14T11:03:09.885913Z[0m [31mERROR[0m rx-1 ThreadId(14) [2mzenoh::net::routing::hat::router::token[0m[2m:[0m Network graph doesn't contain destination node [3mnode_id[0m[2m=[0m2
[2m2026-09-14T11:03:09.885924Z[0m [31mERROR[0m rx-1 ThreadId(14) [2mzenoh::net::routing::hat::router::token[0m[2m:[0m Network graph doesn't contain destination node [3mnode_id[0m[2m=[0m2
[2m2026-09-14T11:03:09.885934Z[0m [31mERROR[0m rx-1 ThreadId(14) [2mzenoh::net::routing::hat::router::token[0m[2m:[0m Network graph doesn't contain destination node [3mnode_id[0m[2m=[0m2
[2m2026-09-14T11:03:09.885945Z[0m [31mERROR[0m rx-1 ThreadId(14) [2mzenoh::net::routing::hat::router::token[0m[2m:[0m Network graph doesn't contain destination node [3mnode_id[0m[2m=[0m2
[2m2026-09-14T11:03:09.885956Z[0m [31mERROR[0m rx-1 ThreadId(14) [2mzenoh::net::routing::hat::router::token[0m[2m:[0m Network graph doesn't contain destination node [3mnode_id[0m[2m=[0m2
[2m2026-09-14T11:03:09.885966Z[0m [31mERROR[0m rx-1 ThreadId(14) [2mzenoh::net::routing::hat::router::token[0m[2m:[0m Network graph doesn't contain destination node [3mnode_id[0m[2m=[0m2
[2m2026-09-14T11:03:09.885977Z[0m [31mERROR[0m rx-1 ThreadId(14) [2mzenoh::net::routing::hat::router::token[0m[2m:[0m Network graph doesn't contain destination node [3mnode_id[0m[2m=[0m2
[2m2026-09-14T11:03:09.885987Z[0m [31mERROR[0m rx-1 ThreadId(14) [2mzenoh::net::routing::hat::router::token[0m[2m:[0m Network graph doesn't contain destination node [3mnode_id[0m[2m=[0m2
[2m2026-09-14T11:03:09.885998Z[0m [31mERROR[0m rx-1 ThreadId(14) [2mzenoh::net::routing::hat::router::token[0m[2m:[0m Network graph doesn't contain destination node [3mnode_id[0m[2m=[0m2
[2m2026-09-14T11:03:09.886009Z[0m [31mERROR[0m rx-1 ThreadId(14) [2mzenoh::net::routing::hat::router::token[0m[2m:[0m Network graph doesn't contain destination node [3mnode_id[0m[2m=[0m2
[2m2026-09-14T11:03:09.886020Z[0m [31mERROR[0m rx-1 ThreadId(14) [2mzenoh::net::routing::hat::router::token[0m[2m:[0m Network graph doesn't contain destination node [3mnode_id[0m[2m=[0m2
[2m2026-09-14T11:03:09.886030Z[0m [31mERROR[0m rx-1 ThreadId(14) [2mzenoh::net::routing::hat::router::token[0m[2m:[0m Network graph doesn't contain destination node [3mnode_id[0m[2m=[0m2
[2m2026-09-14T11:03:09.886041Z[0m [31mERROR[0m rx-1 ThreadId(14) [2mzenoh::net::routing::hat::router::token[0m[2m:[0m Network graph doesn't contain destination node [3mnode_id[0m[2m=[0m2
[2m2026-09-14T11:03:09.886051Z[0m [31mERROR[0m rx-1 ThreadId(14) [2mzenoh::net::routing::hat::router::token[0m[2m:[0m Network graph doesn't contain destination node [3mnode_id[0m[2m=[0m2
[2m2026-09-14T11:03:09.886062Z[0m [31mERROR[0m rx-1 ThreadId(14) [2mzenoh::net::routing::hat::router::token[0m[2m:[0m Network graph doesn't contain destination node [3mnode_id[0m[2m=[0m2
[2m2026-09-14T11:03:09.886074Z[0m [31mERROR[0m rx-1 ThreadId(14) [2mzenoh::net::routing::hat::router::token[0m[2m:[0m Network graph doesn't contain destination node [3mnode_id[0m[2m=[0m2
[2m2026-09-14T11:03:09.886084Z[0m [31mERROR[0m rx-1 ThreadId(14) [2mzenoh::net::routing::hat::router::token[0m[2m:[0m Network graph doesn't contain destination node [3mnode_id[0m[2m=[0m2
[2m2026-09-14T11:03:09.886095Z[0m [31mERROR[0m rx-1 ThreadId(14) [2mzenoh::net::routing::hat::router::token[0m[2m:[0m Network graph doesn't contain destination node [3mnode_id[0m[2m=[0m2
[2m2026-09-14T11:03:09.886106Z[0m [31mERROR[0m rx-1 ThreadId(14) [2mzenoh::net::routing::hat::router::token[0m[2m:[0m Network graph doesn't contain destination node [3mnode_id[0m[2m=[0m2
[2m2026-09-14T11:03:09.886116Z[0m [31mERROR[0m rx-1 ThreadId(14) [2mzenoh::net::routing::hat::router::token[0m[2m:[0m Network graph doesn't contain destination node [3mnode_id[0m[2m=[0m2
[2m2026-09-14T11:03:09.886127Z[0m [31mERROR[0m rx-1 ThreadId(14) [2mzenoh::net::routing::hat::router::token[0m[2m:[0m Network graph doesn't contain destination node [3mnode_id[0m[2m=[0m2
[2m2026-09-14T11:03:09.886137Z[0m [31mERROR[0m rx-1 ThreadId(14) [2mzenoh::net::routing::hat::router::token[0m[2m:[0m Network graph doesn't contain destination node [3mnode_id[0m[2m=[0m2
[2m2026-09-14T11:03:09.886148Z[0m [31mERROR[0m rx-1 ThreadId(14) [2mzenoh::net::routing::hat::router::token[0m[2m:[0m Network graph doesn't contain destination node [3mnode_id[0m[2m=[0m2
[2m2026-09-14T11:03:09.886159Z[0m [31mERROR[0m rx-1 ThreadId(14) [2mzenoh::net::routing::hat::router::token[0m[2m:[0m Network graph doesn't contain destination node [3mnode_id[0m[2m=[0m2
[2m2026-09-14T11:03:11.724572Z[0m [31mERROR[0m net-0 ThreadId(08) [2mzenoh_task[0m[2m:[0m Failed to terminate the task
[2m2026-09-14T11:03:14.304663Z[0m [31mERROR[0m net-1 ThreadId(12) [2mzenoh_task[0m[2m:[0m Failed to terminate the task
[2m2026-09-14T11:03:17.447552Z[0m [31mERROR[0m net-2 ThreadId(40) [2mzenoh_task[0m[2m:[0m Failed to terminate the task
[2m2026-09-14T11:03:18.914740Z[0m [31mERROR[0m  rx-1 ThreadId(14) [2mzenoh::net::routing::hat::client::token[0m[2m:[0m Unknown token [3mid[0m[2m=[0m0
[2m2026-09-14T11:03:19.992828Z[0m [31mERROR[0m net-3 ThreadId(42) [2mzenoh_task[0m[2m:[0m Failed to terminate the task
[2m2026-09-14T11:03:21.504041Z[0m [31mERROR[0m net-4 ThreadId(43) [2mzenoh_task[0m[2m:[0m Failed to terminate the task
[2m2026-09-14T11:03:27.111527Z[0m [31mERROR[0m net-5 ThreadId(44) [2mzenoh_task[0m[2m:[0m Failed to terminate the task
[2m2026-09-14T11:03:27.111528Z[0m [31mERROR[0m net-0 ThreadId(08) [2mzenoh_task[0m[2m:[0m Failed to terminate the task
[2m2026-09-14T11:03:28.956185Z[0m [31mERROR[0m  rx-6 ThreadId(49) [2mzenoh::net::routing::hat::router::token[0m[2m:[0m Network graph doesn't contain destination node [3mnode_id[0m[2m=[0m1
[2m2026-09-14T11:03:28.956301Z[0m [31mERROR[0m  rx-6 ThreadId(49) [2mzenoh::net::routing::hat::router::token[0m[2m:[0m Network graph doesn't contain destination node [3mnode_id[0m[2m=[0m1
[2m2026-09-14T11:03:37.142604Z[0m [31mERROR[0m net-1 ThreadId(12) [2mzenoh_task[0m[2m:[0m Failed to terminate the task
[2m2026-09-14T11:03:37.142604Z[0m [31mERROR[0m net-4 ThreadId(43) [2mzenoh_task[0m[2m:[0m Failed to terminate the task
[2m2026-09-14T11:03:40.907692Z[0m [31mERROR[0m  rx-1 ThreadId(14) [2mzenoh::net::routing::hat::client::token[0m[2m:[0m Unknown token [3mid[0m[2m=[0m0
[2m2026-09-14T11:03:40.910858Z[0m [31mERROR[0m  rx-6 ThreadId(49) [2mzenoh::net::routing::hat::router::token[0m[2m:[0m Network graph doesn't contain destination node [3mnode_id[0m[2m=[0m2
[2m2026-09-14T11:03:40.910911Z[0m [31mERROR[0m  rx-6 ThreadId(49) [2mzenoh::net::routing::hat::router::token[0m[2m:[0m Network graph doesn't contain destination node [3mnode_id[0m[2m=[0m2
[2m2026-09-14T11:03:40.910960Z[0m [31mERROR[0m  rx-6 ThreadId(49) [2mzenoh::net::routing::hat::router::token[0m[2m:[0m Network graph doesn't contain destination node [3mnode_id[0m[2m=[0m2
[2m2026-09-14T11:03:40.910974Z[0m [31mERROR[0m  rx-6 ThreadId(49) [2mzenoh::net::routing::hat::router::token[0m[2m:[0m Network graph doesn't contain destination node [3mnode_id[0m[2m=[0m2
[2m2026-09-14T11:03:40.910986Z[0m [31mERROR[0m  rx-6 ThreadId(49) [2mzenoh::net::routing::hat::router::token[0m[2m:[0m Network graph doesn't contain destination node [3mnode_id[0m[2m=[0m2
[2m2026-09-14T11:03:40.911001Z[0m [31mERROR[0m  rx-6 ThreadId(49) [2mzenoh::net::routing::hat::router::token[0m[2m:[0m Network graph doesn't contain destination node [3mnode_id[0m[2m=[0m2
[2m2026-09-14T11:03:40.911014Z[0m [31mERROR[0m  rx-6 ThreadId(49) [2mzenoh::net::routing::hat::router::token[0m[2m:[0m Network graph doesn't contain destination node [3mnode_id[0m[2m=[0m2
[2m2026-09-14T11:03:40.911025Z[0m [31mERROR[0m  rx-6 ThreadId(49) [2mzenoh::net::routing::hat::router::token[0m[2m:[0m Network graph doesn't contain destination node [3mnode_id[0m[2m=[0m2
[2m2026-09-14T11:03:40.911061Z[0m [31mERROR[0m  rx-6 ThreadId(49) [2mzenoh::net::routing::hat::router::token[0m[2m:[0m Network graph doesn't contain destination node [3mnode_id[0m[2m=[0m2
[2m2026-09-14T11:03:40.911073Z[0m [31mERROR[0m  rx-6 ThreadId(49) [2mzenoh::net::routing::hat::router::token[0m[2m:[0m Network graph doesn't contain destination node [3mnode_id[0m[2m=[0m2
[2m2026-09-14T11:03:40.911084Z[0m [31mERROR[0m  rx-6 ThreadId(49) [2mzenoh::net::routing::hat::router::token[0m[2m:[0m Network graph doesn't contain destination node [3mnode_id[0m[2m=[0m2
[2m2026-09-14T11:03:40.911096Z[0m [31mERROR[0m  rx-6 ThreadId(49) [2mzenoh::net::routing::hat::router::token[0m[2m:[0m Network graph doesn't contain destination node [3mnode_id[0m[2m=[0m2
[2m2026-09-14T11:03:40.911107Z[0m [31mERROR[0m  rx-6 ThreadId(49) [2mzenoh::net::routing::hat::router::token[0m[2m:[0m Network graph doesn't contain destination node [3mnode_id[0m[2m=[0m2
[2m2026-09-14T11:03:40.911118Z[0m [31mERROR[0m  rx-6 ThreadId(49) [2mzenoh::net::routing::hat::router::token[0m[2m:[0m Network graph doesn't contain destination node [3mnode_id[0m[2m=[0m2
[2m2026-09-14T11:03:40.911134Z[0m [31mERROR[0m  rx-6 ThreadId(49) [2mzenoh::net::routing::hat::router::token[0m[2m:[0m Network graph doesn't contain destination node [3mnode_id[0m[2m=[0m2
[2m2026-09-14T11:03:40.911152Z[0m [31mERROR[0m  rx-6 ThreadId(49) [2mzenoh::net::routing::hat::router::token[0m[2m:[0m Network graph doesn't contain destination node [3mnode_id[0m[2m=[0m2
[2m2026-09-14T11:03:40.911168Z[0m [31mERROR[0m  rx-6 ThreadId(49) [2mzenoh::net::routing::hat::router::token[0m[2m:[0m Network graph doesn't contain destination node [3mnode_id[0m[2m=[0m2
[2m2026-09-14T11:03:40.911180Z[0m [31mERROR[0m  rx-6 ThreadId(49) [2mzenoh::net::routing::hat::router::token[0m[2m:[0m Network graph doesn't contain destination node [3mnode_id[0m[2m=[0m2
[2m2026-09-14T11:03:40.911191Z[0m [31mERROR[0m  rx-6 ThreadId(49) [2mzenoh::net::routing::hat::router::token[0m[2m:[0m Network graph doesn't contain destination node [3mnode_id[0m[2m=[0m2
[2m2026-09-14T11:03:40.911202Z[0m [31mERROR[0m  rx-6 ThreadId(49) [2mzenoh::net::routing::hat::router::token[0m[2m:[0m Network graph doesn't contain destination node [3mnode_id[0m[2m=[0m2
[2m2026-09-14T11:03:40.911213Z[0m [31mERROR[0m  rx-6 ThreadId(49) [2mzenoh::net::routing::hat::router::token[0m[2m:[0m Network graph doesn't contain destination node [3mnode_id[0m[2m=[0m2
[2m2026-09-14T11:03:40.911224Z[0m [31mERROR[0m  rx-6 ThreadId(49) [2mzenoh::net::routing::hat::router::token[0m[2m:[0m Network graph doesn't contain destination node [3mnode_id[0m[2m=[0m2
[2m2026-09-14T11:03:40.911237Z[0m [31mERROR[0m  rx-6 ThreadId(49) [2mzenoh::net::routing::hat::router::token[0m[2m:[0m Network graph doesn't contain destination node [3mnode_id[0m[2m=[0m2
[2m2026-09-14T11:03:40.911247Z[0m [31mERROR[0m  rx-6 ThreadId(49) [2mzenoh::net::routing::hat::router::token[0m[2m:[0m Network graph doesn't contain destination node [3mnode_id[0m[2m=[0m2
[2m2026-09-14T11:03:40.911260Z[0m [31mERROR[0m  rx-6 ThreadId(49) [2mzenoh::net::routing::hat::router::token[0m[2m:[0m Network graph doesn't contain destination node [3mnode_id[0m[2m=[0m2
[2m2026-09-14T11:03:40.911272Z[0m [31mERROR[0m  rx-6 ThreadId(49) [2mzenoh::net::routing::hat::router::token[0m[2m:[0m Network graph doesn't contain destination node [3mnode_id[0m[2m=[0m2
[2m2026-09-14T11:03:40.911282Z[0m [31mERROR[0m  rx-6 ThreadId(49) [2mzenoh::net::routing::hat::router::token[0m[2m:[0m Network graph doesn't contain destination node [3mnode_id[0m[2m=[0m2
[2m2026-09-14T11:03:40.911293Z[0m [31mERROR[0m  rx-6 ThreadId(49) [2mzenoh::net::routing::hat::router::token[0m[2m:[0m Network graph doesn't contain destination node [3mnode_id[0m[2m=[0m2
[2m2026-09-14T11:03:40.911304Z[0m [31mERROR[0m  rx-6 ThreadId(49) [2mzenoh::net::routing::hat::router::token[0m[2m:[0m Network graph doesn't contain destination node [3mnode_id[0m[2m=[0m2
[2m2026-09-14T11:03:40.911319Z[0m [31mERROR[0m  rx-6 ThreadId(49) [2mzenoh::net::routing::hat::router::token[0m[2m:[0m Network graph doesn't contain destination node [3mnode_id[0m[2m=[0m2
[2m2026-09-14T11:03:40.911332Z[0m [31mERROR[0m  rx-6 ThreadId(49) [2mzenoh::net::routing::hat::router::token[0m[2m:[0m Network graph doesn't contain destination node [3mnode_id[0m[2m=[0m2
[2m2026-09-14T11:03:40.911347Z[0m [31mERROR[0m  rx-6 ThreadId(49) [2mzenoh::net::routing::hat::router::token[0m[2m:[0m Network graph doesn't contain destination node [3mnode_id[0m[2m=[0m2
[2m2026-09-14T11:03:40.911358Z[0m [31mERROR[0m  rx-6 ThreadId(49) [2mzenoh::net::routing::hat::router::token[0m[2m:[0m Network graph doesn't contain destination node [3mnode_id[0m[2m=[0m2
[2m2026-09-14T11:03:40.911369Z[0m [31mERROR[0m  rx-6 ThreadId(49) [2mzenoh::net::routing::hat::router::token[0m[2m:[0m Network graph doesn't contain destination node [3mnode_id[0m[2m=[0m2
[2m2026-09-14T11:03:40.911380Z[0m [31mERROR[0m  rx-6 ThreadId(49) [2mzenoh::net::routing::hat::router::token[0m[2m:[0m Network graph doesn't contain destination node [3mnode_id[0m[2m=[0m2
[2m2026-09-14T11:03:40.911391Z[0m [31mERROR[0m  rx-6 ThreadId(49) [2mzenoh::net::routing::hat::router::token[0m[2m:[0m Network graph doesn't contain destination node [3mnode_id[0m[2m=[0m2
[2m2026-09-14T11:03:40.911401Z[0m [31mERROR[0m  rx-6 ThreadId(49) [2mzenoh::net::routing::hat::router::token[0m[2m:[0m Network graph doesn't contain destination node [3mnode_id[0m[2m=[0m2
[2m2026-09-14T11:03:40.911412Z[0m [31mERROR[0m  rx-6 ThreadId(49) [2mzenoh::net::routing::hat::router::token[0m[2m:[0m Network graph doesn't contain destination node [3mnode_id[0m[2m=[0m2
[2m2026-09-14T11:03:40.911422Z[0m [31mERROR[0m  rx-6 ThreadId(49) [2mzenoh::net::routing::hat::router::token[0m[2m:[0m Network graph doesn't contain destination node [3mnode_id[0m[2m=[0m2
[2m2026-09-14T11:03:40.911433Z[0m [31mERROR[0m  rx-6 ThreadId(49) [2mzenoh::net::routing::hat::router::token[0m[2m:[0m Network graph doesn't contain destination node [3mnode_id[0m[2m=[0m2
[2m2026-09-14T11:03:40.911443Z[0m [31mERROR[0m  rx-6 ThreadId(49) [2mzenoh::net::routing::hat::router::token[0m[2m:[0m Network graph doesn't contain destination node [3mnode_id[0m[2m=[0m2
[2m2026-09-14T11:03:40.911454Z[0m [31mERROR[0m  rx-6 ThreadId(49) [2mzenoh::net::routing::hat::router::token[0m[2m:[0m Network graph doesn't contain destination node [3mnode_id[0m[2m=[0m2
[2m2026-09-14T11:03:40.911464Z[0m [31mERROR[0m  rx-6 ThreadId(49) [2mzenoh::net::routing::hat::router::token[0m[2m:[0m Network graph doesn't contain destination node [3mnode_id[0m[2m=[0m2
[2m2026-09-14T11:03:40.911477Z[0m [31mERROR[0m  rx-6 ThreadId(49) [2mzenoh::net::routing::hat::router::token[0m[2m:[0m Network graph doesn't contain destination node [3mnode_id[0m[2m=[0m2
[2m2026-09-14T11:03:40.911487Z[0m [31mERROR[0m  rx-6 ThreadId(49) [2mzenoh::net::routing::hat::router::token[0m[2m:[0m Network graph doesn't contain destination node [3mnode_id[0m[2m=[0m2
[2m2026-09-14T11:03:40.911498Z[0m [31mERROR[0m  rx-6 ThreadId(49) [2mzenoh::net::routing::hat::router::token[0m[2m:[0m Network graph doesn't contain destination node [3mnode_id[0m[2m=[0m2
[2m2026-09-14T11:03:40.911508Z[0m [31mERROR[0m  rx-6 ThreadId(49) [2mzenoh::net::routing::hat::router::token[0m[2m:[0m Network graph doesn't contain destination node [3mnode_id[0m[2m=[0m2
[2m2026-09-14T11:03:40.911518Z[0m [31mERROR[0m  rx-6 ThreadId(49) [2mzenoh::net::routing::hat::router::token[0m[2m:[0m Network graph doesn't contain destination node [3mnode_id[0m[2m=[0m2
[2m2026-09-14T11:03:40.911529Z[0m [31mERROR[0m  rx-6 ThreadId(49) [2mzenoh::net::routing::hat::router::token[0m[2m:[0m Network graph doesn't contain destination node [3mnode_id[0m[2m=[0m2
[2m2026-09-14T11:03:40.911539Z[0m [31mERROR[0m  rx-6 ThreadId(49) [2mzenoh::net::routing::hat::router::token[0m[2m:[0m Network graph doesn't contain destination node [3mnode_id[0m[2m=[0m2
[2m2026-09-14T11:03:40.911550Z[0m [31mERROR[0m  rx-6 ThreadId(49) [2mzenoh::net::routing::hat::router::token[0m[2m:[0m Network graph doesn't contain destination node [3mnode_id[0m[2m=[0m2
[2m2026-09-14T11:03:40.911560Z[0m [31mERROR[0m  rx-6 ThreadId(49) [2mzenoh::net::routing::hat::router::token[0m[2m:[0m Network graph doesn't contain destination node [3mnode_id[0m[2m=[0m2
[2m2026-09-14T11:03:40.911570Z[0m [31mERROR[0m  rx-6 ThreadId(49) [2mzenoh::net::routing::hat::router::token[0m[2m:[0m Network graph doesn't contain destination node [3mnode_id[0m[2m=[0m2
[2m2026-09-14T11:03:40.911581Z[0m [31mERROR[0m  rx-6 ThreadId(49) [2mzenoh::net::routing::hat::router::token[0m[2m:[0m Network graph doesn't contain destination node [3mnode_id[0m[2m=[0m2
[2m2026-09-14T11:03:40.911591Z[0m [31mERROR[0m  rx-6 ThreadId(49) [2mzenoh::net::routing::hat::router::token[0m[2m:[0m Network graph doesn't contain destination node [3mnode_id[0m[2m=[0m2
[2m2026-09-14T11:03:40.911601Z[0m [31mERROR[0m  rx-6 ThreadId(49) [2mzenoh::net::routing::hat::router::token[0m[2m:[0m Network graph doesn't contain destination node [3mnode_id[0m[2m=[0m2
[2m2026-09-14T11:03:40.911612Z[0m [31mERROR[0m  rx-6 ThreadId(49) [2mzenoh::net::routing::hat::router::token[0m[2m:[0m Network graph doesn't contain destination node [3mnode_id[0m[2m=[0m2
[2m2026-09-14T11:03:40.911622Z[0m [31mERROR[0m  rx-6 ThreadId(49) [2mzenoh::net::routing::hat::router::token[0m[2m:[0m Network graph doesn't contain destination node [3mnode_id[0m[2m=[0m2
[2m2026-09-14T11:03:40.911632Z[0m [31mERROR[0m  rx-6 ThreadId(49) [2mzenoh::net::routing::hat::router::token[0m[2m:[0m Network graph doesn't contain destination node [3mnode_id[0m[2m=[0m2
[2m2026-09-14T11:03:40.911642Z[0m [31mERROR[0m  rx-6 ThreadId(49) [2mzenoh::net::routing::hat::router::token[0m[2m:[0m Network graph doesn't contain destination node [3mnode_id[0m[2m=[0m2
[2m2026-09-14T11:03:40.911653Z[0m [31mERROR[0m  rx-6 ThreadId(49) [2mzenoh::net::routing::hat::router::token[0m[2m:[0m Network graph doesn't contain destination node [3mnode_id[0m[2m=[0m2
[2m2026-09-14T11:03:40.911663Z[0m [31mERROR[0m  rx-6 ThreadId(49) [2mzenoh::net::routing::hat::router::token[0m[2m:[0m Network graph doesn't contain destination node [3mnode_id[0m[2m=[0m2
[2m2026-09-14T11:03:40.911673Z[0m [31mERROR[0m  rx-6 ThreadId(49) [2mzenoh::net::routing::hat::router::token[0m[2m:[0m Network graph doesn't contain destination node [3mnode_id[0m[2m=[0m2
[2m2026-09-14T11:03:40.911685Z[0m [31mERROR[0m  rx-6 ThreadId(49) [2mzenoh::net::routing::hat::router::token[0m[2m:[0m Network graph doesn't contain destination node [3mnode_id[0m[2m=[0m2
[2m2026-09-14T11:03:40.911695Z[0m [31mERROR[0m  rx-6 ThreadId(49) [2mzenoh::net::routing::hat::router::token[0m[2m:[0m Network graph doesn't contain destination node [3mnode_id[0m[2m=[0m2
[2m2026-09-14T11:03:40.911706Z[0m [31mERROR[0m  rx-6 ThreadId(49) [2mzenoh::net::routing::hat::router::token[0m[2m:[0m Network graph doesn't contain destination node [3mnode_id[0m[2m=[0m2
[2m2026-09-14T11:03:40.911716Z[0m [31mERROR[0m  rx-6 ThreadId(49) [2mzenoh::net::routing::hat::router::token[0m[2m:[0m Network graph doesn't contain destination node [3mnode_id[0m[2m=[0m2
[2m2026-09-14T11:03:40.911726Z[0m [31mERROR[0m  rx-6 ThreadId(49) [2mzenoh::net::routing::hat::router::token[0m[2m:[0m Network graph doesn't contain destination node [3mnode_id[0m[2m=[0m2
[2m2026-09-14T11:03:40.911737Z[0m [31mERROR[0m  rx-6 ThreadId(49) [2mzenoh::net::routing::hat::router::token[0m[2m:[0m Network graph doesn't contain destination node [3mnode_id[0m[2m=[0m2
[2m2026-09-14T11:03:40.911747Z[0m [31mERROR[0m  rx-6 ThreadId(49) [2mzenoh::net::routing::hat::router::token[0m[2m:[0m Network graph doesn't contain destination node [3mnode_id[0m[2m=[0m2
[2m2026-09-14T11:03:40.911757Z[0m [31mERROR[0m  rx-6 ThreadId(49) [2mzenoh::net::routing::hat::router::token[0m[2m:[0m Network graph doesn't contain destination node [3mnode_id[0m[2m=[0m2
[2m2026-09-14T11:03:40.911767Z[0m [31mERROR[0m  rx-6 ThreadId(49) [2mzenoh::net::routing::hat::router::token[0m[2m:[0m Network graph doesn't contain destination node [3mnode_id[0m[2m=[0m2
[2m2026-09-14T11:03:40.911778Z[0m [31mERROR[0m  rx-6 ThreadId(49) [2mzenoh::net::routing::hat::router::token[0m[2m:[0m Network graph doesn't contain destination node [3mnode_id[0m[2m=[0m2
[2m2026-09-14T11:03:40.911788Z[0m [31mERROR[0m  rx-6 ThreadId(49) [2mzenoh::net::routing::hat::router::token[0m[2m:[0m Network graph doesn't contain destination node [3mnode_id[0m[2m=[0m2
[2m2026-09-14T11:03:40.911799Z[0m [31mERROR[0m  rx-6 ThreadId(49) [2mzenoh::net::routing::hat::router::token[0m[2m:[0m Network graph doesn't contain destination node [3mnode_id[0m[2m=[0m2
[2m2026-09-14T11:03:40.911809Z[0m [31mERROR[0m  rx-6 ThreadId(49) [2mzenoh::net::routing::hat::router::token[0m[2m:[0m Network graph doesn't contain destination node [3mnode_id[0m[2m=[0m2
[2m2026-09-14T11:03:40.911819Z[0m [31mERROR[0m  rx-6 ThreadId(49) [2mzenoh::net::routing::hat::router::token[0m[2m:[0m Network graph doesn't contain destination node [3mnode_id[0m[2m=[0m2
[2m2026-09-14T11:03:40.911830Z[0m [31mERROR[0m  rx-6 ThreadId(49) [2mzenoh::net::routing::hat::router::token[0m[2m:[0m Network graph doesn't contain destination node [3mnode_id[0m[2m=[0m2
[2m2026-09-14T11:03:40.911840Z[0m [31mERROR[0m  rx-6 ThreadId(49) [2mzenoh::net::routing::hat::router::token[0m[2m:[0m Network graph doesn't contain destination node [3mnode_id[0m[2m=[0m2
[2m2026-09-14T11:03:40.911851Z[0m [31mERROR[0m  rx-6 ThreadId(49) [2mzenoh::net::routing::hat::router::token[0m[2m:[0m Network graph doesn't contain destination node [3mnode_id[0m[2m=[0m2
[2m2026-09-14T11:03:40.911861Z[0m [31mERROR[0m  rx-6 ThreadId(49) [2mzenoh::net::routing::hat::router::token[0m[2m:[0m Network graph doesn't contain destination node [3mnode_id[0m[2m=[0m2
[2m2026-09-14T11:03:40.911872Z[0m [31mERROR[0m  rx-6 ThreadId(49) [2mzenoh::net::routing::hat::router::token[0m[2m:[0m Network graph doesn't contain destination node [3mnode_id[0m[2m=[0m2
[2m2026-09-14T11:03:40.911882Z[0m [31mERROR[0m  rx-6 ThreadId(49) [2mzenoh::net::routing::hat::router::token[0m[2m:[0m Network graph doesn't contain destination node [3mnode_id[0m[2m=[0m2
[2m2026-09-14T11:03:40.911893Z[0m [31mERROR[0m  rx-6 ThreadId(49) [2mzenoh::net::routing::hat::router::token[0m[2m:[0m Network graph doesn't contain destination node [3mnode_id[0m[2m=[0m2
[2m2026-09-14T11:03:40.911917Z[0m [31mERROR[0m  rx-6 ThreadId(49) [2mzenoh::net::routing::hat::router::token[0m[2m:[0m Network graph doesn't contain destination node [3mnode_id[0m[2m=[0m2
[2m2026-09-14T11:03:40.911929Z[0m [31mERROR[0m  rx-6 ThreadId(49) [2mzenoh::net::routing::hat::router::token[0m[2m:[0m Network graph doesn't contain destination node [3mnode_id[0m[2m=[0m2
[2m2026-09-14T11:03:40.911939Z[0m [31mERROR[0m  rx-6 ThreadId(49) [2mzenoh::net::routing::hat::router::token[0m[2m:[0m Network graph doesn't contain destination node [3mnode_id[0m[2m=[0m2
[2m2026-09-14T11:03:40.911950Z[0m [31mERROR[0m  rx-6 ThreadId(49) [2mzenoh::net::routing::hat::router::token[0m[2m:[0m Network graph doesn't contain destination node [3mnode_id[0m[2m=[0m2
[2m2026-09-14T11:03:40.911960Z[0m [31mERROR[0m  rx-6 ThreadId(49) [2mzenoh::net::routing::hat::router::token[0m[2m:[0m Network graph doesn't contain destination node [3mnode_id[0m[2m=[0m2
[2m2026-09-14T11:03:42.741868Z[0m [31mERROR[0m net-5 ThreadId(44) [2mzenoh_task[0m[2m:[0m Failed to terminate the task
[2m2026-09-14T11:03:45.347268Z[0m [31mERROR[0m net-6 ThreadId(50) [2mzenoh_task[0m[2m:[0m Failed to terminate the task
[2m2026-09-14T11:03:45.347256Z[0m [31mERROR[0m net-3 ThreadId(42) [2mzenoh_task[0m[2m:[0m Failed to terminate the task
[2m2026-09-14T11:03:48.492428Z[0m [31mERROR[0m net-2 ThreadId(40) [2mzenoh_task[0m[2m:[0m Failed to terminate the task
[2m2026-09-14T11:03:51.015169Z[0m [31mERROR[0m net-7 ThreadId(51) [2mzenoh_task[0m[2m:[0m Failed to terminate the task
[2m2026-09-14T11:03:53.527244Z[0m [31mERROR[0m net-4 ThreadId(43) [2mzenoh_task[0m[2m:[0m Failed to terminate the task
[2m2026-09-14T11:03:59.196350Z[0m [31mERROR[0m net-0 ThreadId(08) [2mzenoh_task[0m[2m:[0m Failed to terminate the task
[2m2026-09-14T11:03:59.196345Z[0m [31mERROR[0m net-1 ThreadId(12) [2mzenoh_task[0m[2m:[0m Failed to terminate the task
[2m2026-09-14T11:03:59.196344Z[0m [31mERROR[0m net-5 ThreadId(44) [2mzenoh_task[0m[2m:[0m Failed to terminate the task
ok
test scouting_delay_regression ... [2m2026-09-14T11:04:04.863440Z[0m [31mERROR[0m net-3 ThreadId(42) [2mzenoh_task[0m[2m:[0m Failed to terminate the task
[2m2026-09-14T11:04:04.866566Z[0m [31mERROR[0m net-4 ThreadId(43) [2mzenoh_task[0m[2m:[0m Failed to terminate the task
[2m2026-09-14T11:04:04.866570Z[0m [31mERROR[0m net-7 ThreadId(51) [2mzenoh_task[0m[2m:[0m Failed to terminate the task
ok
test static_failover_brokering ... ignored, https://github.com/eclipse-zenoh/zenoh/issues/2224
test three_node_combination_multicast ... ignored, This is a flaky test
test two_node_combination ... [2m2026-09-14T11:04:07.308191Z[0m [31mERROR[0m tokio-rt-worker ThreadId(65) [2mrouting[0m[2m:[0m Failed to open session [3mnode[0m[2m=[0m"Pub client" [3merr[0m[2m=[0mUnable to connect to any of [Single(tcp/127.0.0.1:39123)]!  at zenoh/src/net/runtime/orchestrator.rs:419.
[2m2026-09-14T11:04:07.308468Z[0m [31mERROR[0m tokio-rt-worker ThreadId(71) [2mrouting[0m[2m:[0m Failed to open session [3mnode[0m[2m=[0m"Pub client" [3merr[0m[2m=[0mUnable to connect to any of [Single(tcp/127.0.0.1:34023)]!  at zenoh/src/net/runtime/orchestrator.rs:419.
[2m2026-09-14T11:04:07.985771Z[0m [31mERROR[0m           net-6 ThreadId(50) [2mzenoh_task[0m[2m:[0m Failed to terminate the task
[2m2026-09-14T11:04:07.985801Z[0m [31mERROR[0m           net-2 ThreadId(40) [2mzenoh_task[0m[2m:[0m Failed to terminate the task
[2m2026-09-14T11:04:07.985809Z[0m [31mERROR[0m           net-8 ThreadId(56) [2mzenoh_task[0m[2m:[0m Failed to terminate the task
ok

test result: ok. 6 passed; 0 failed; 2 ignored; 0 measured; 2 filtered out; finished in 86.23s

     Running tests/session.rs (target/debug/deps/session-7aa3e77888ea414b)

running 8 tests
test test_querier_drop_pending_query_completion_callback_reentrancy ... ok
test test_session_from_cloned_config ... ok
test test_undeclare_subscribers_same_keyexpr ... ok
test zenoh_2sessions_1runtime_init ... ok
test zenoh_session_close ... ok
test zenoh_session_close_in_background_async ... ok
test zenoh_session_close_in_background_sync ... ok
test zenoh_session_unicast ... ok

test result: ok. 8 passed; 0 failed; 0 ignored; 0 measured; 1 filtered out; finished in 31.82s

     Running tests/source_info.rs (target/debug/deps/source_info-43ba225c0dee72ed)

running 4 tests
test test_source_info_pub_sub ... ok
test test_source_info_pub_sub_no_source_info ... ok
test test_source_info_query_reply ... ok
test test_source_info_query_reply_no_source_info ... ok

test result: ok. 4 passed; 0 failed; 0 ignored; 0 measured; 0 filtered out; finished in 4.09s

     Running tests/unicity.rs (target/debug/deps/unicity-4e640255455bd691)

running 2 tests
test zenoh_unicity_brokered ... ok
test zenoh_unicity_p2p ... ok

test result: ok. 2 passed; 0 failed; 0 ignored; 0 measured; 0 filtered out; finished in 24.73s

     Running unittests src/lib.rs (target/debug/deps/zenoh_codec-3e01f29e98a497b4)

running 0 tests

test result: ok. 0 passed; 0 failed; 0 ignored; 0 measured; 0 filtered out; finished in 0.00s

     Running tests/codec.rs (target/debug/deps/codec-76bfd8dfa56ebfc1)

running 53 tests
test codec_close ... ok
test codec_declare ... ok
test codec_declare_body ... ok
test codec_declare_keyexpr ... ok
test codec_declare_queryable ... ok
test codec_declare_subscriber ... ok
test codec_declare_token ... ok
test codec_del ... ok
test codec_encoding ... ok
test codec_err ... ok
test codec_extension ... [2m2026-09-14T11:05:10.552664Z[0m [31mERROR[0m codec_extension ThreadId(12) [2mzenoh_codec::common::extension[0m[2m:[0m Unknown Test ext: ZExtUnknown { Id: 0, Mandatory: true, Encoding: "Unit" }
[2m2026-09-14T11:05:10.552706Z[0m [31mERROR[0m codec_extension ThreadId(12) [2mzenoh_codec::common::extension[0m[2m:[0m Unknown Test ext: ZExtUnknown { Id: 0, Mandatory: true, Encoding: "Unit" }
[2m2026-09-14T11:05:10.552712Z[0m [31mERROR[0m codec_extension ThreadId(12) [2mzenoh_codec::common::extension[0m[2m:[0m Unknown Test ext: ZExtUnknown { Id: 0, Mandatory: true, Encoding: "Unit" }
[2m2026-09-14T11:05:10.552715Z[0m [31mERROR[0m codec_extension ThreadId(12) [2mzenoh_codec::common::extension[0m[2m:[0m Unknown Test ext: ZExtUnknown { Id: 0, Mandatory: true, Encoding: "Unit" }
[2m2026-09-14T11:05:10.552719Z[0m [31mERROR[0m codec_extension ThreadId(12) [2mzenoh_codec::common::extension[0m[2m:[0m Unknown Test ext: ZExtUnknown { Id: 0, Mandatory: true, Encoding: "Unit" }
[2m2026-09-14T11:05:10.552722Z[0m [31mERROR[0m codec_extension ThreadId(12) [2mzenoh_codec::common::extension[0m[2m:[0m Unknown Test ext: ZExtUnknown { Id: 0, Mandatory: true, Encoding: "Unit" }
[2m2026-09-14T11:05:10.552726Z[0m [31mERROR[0m codec_extension ThreadId(12) [2mzenoh_codec::common::extension[0m[2m:[0m Unknown Test ext: ZExtUnknown { Id: 0, Mandatory: true, Encoding: "Unit" }
[2m2026-09-14T11:05:10.552732Z[0m [31mERROR[0m codec_extension ThreadId(12) [2mzenoh_codec::common::extension[0m[2m:[0m Unknown Test ext: ZExtUnknown { Id: 0, Mandatory: true, Encoding: "Unit" }
[2m2026-09-14T11:05:10.552735Z[0m [31mERROR[0m codec_extension ThreadId(12) [2mzenoh_codec::common::extension[0m[2m:[0m Unknown Test ext: ZExtUnknown { Id: 0, Mandatory: true, Encoding: "Unit" }
[2m2026-09-14T11:05:10.552738Z[0m [31mERROR[0m codec_extension ThreadId(12) [2mzenoh_codec::common::extension[0m[2m:[0m Unknown Test ext: ZExtUnknown { Id: 0, Mandatory: true, Encoding: "Unit" }
[2m2026-09-14T11:05:10.552741Z[0m [31mERROR[0m codec_extension ThreadId(12) [2mzenoh_codec::common::extension[0m[2m:[0m Unknown Test ext: ZExtUnknown { Id: 0, Mandatory: true, Encoding: "Unit" }
[2m2026-09-14T11:05:10.552744Z[0m [31mERROR[0m codec_extension ThreadId(12) [2mzenoh_codec::common::extension[0m[2m:[0m Unknown Test ext: ZExtUnknown { Id: 0, Mandatory: true, Encoding: "Unit" }
[2m2026-09-14T11:05:10.552763Z[0m [31mERROR[0m codec_extension ThreadId(12) [2mzenoh_codec::common::extension[0m[2m:[0m Unknown Test ext: ZExtUnknown { Id: 0, Mandatory: true, Encoding: "Unit" }
[2m2026-09-14T11:05:10.552770Z[0m [31mERROR[0m codec_extension ThreadId(12) [2mzenoh_codec::common::extension[0m[2m:[0m Unknown Test ext: ZExtUnknown { Id: 0, Mandatory: true, Encoding: "Unit" }
[2m2026-09-14T11:05:10.552774Z[0m [31mERROR[0m codec_extension ThreadId(12) [2mzenoh_codec::common::extension[0m[2m:[0m Unknown Test ext: ZExtUnknown { Id: 0, Mandatory: true, Encoding: "Unit" }
[2m2026-09-14T11:05:10.552777Z[0m [31mERROR[0m codec_extension ThreadId(12) [2mzenoh_codec::common::extension[0m[2m:[0m Unknown Test ext: ZExtUnknown { Id: 0, Mandatory: true, Encoding: "Unit" }
[2m2026-09-14T11:05:10.552783Z[0m [31mERROR[0m codec_extension ThreadId(12) [2mzenoh_codec::common::extension[0m[2m:[0m Unknown Test ext: ZExtUnknown { Id: 0, Mandatory: true, Encoding: "Unit" }
[2m2026-09-14T11:05:10.552788Z[0m [31mERROR[0m codec_extension ThreadId(12) [2mzenoh_codec::common::extension[0m[2m:[0m Unknown Test ext: ZExtUnknown { Id: 0, Mandatory: true, Encoding: "Unit" }
[2m2026-09-14T11:05:10.552792Z[0m [31mERROR[0m codec_extension ThreadId(12) [2mzenoh_codec::common::extension[0m[2m:[0m Unknown Test ext: ZExtUnknown { Id: 0, Mandatory: true, Encoding: "Unit" }
[2m2026-09-14T11:05:10.552794Z[0m [31mERROR[0m codec_extension ThreadId(12) [2mzenoh_codec::common::extension[0m[2m:[0m Unknown Test ext: ZExtUnknown { Id: 0, Mandatory: true, Encoding: "Unit" }
[2m2026-09-14T11:05:10.552797Z[0m [31mERROR[0m codec_extension ThreadId(12) [2mzenoh_codec::common::extension[0m[2m:[0m Unknown Test ext: ZExtUnknown { Id: 0, Mandatory: true, Encoding: "Unit" }
[2m2026-09-14T11:05:10.552802Z[0m [31mERROR[0m codec_extension ThreadId(12) [2mzenoh_codec::common::extension[0m[2m:[0m Unknown Test ext: ZExtUnknown { Id: 0, Mandatory: true, Encoding: "Unit" }
[2m2026-09-14T11:05:10.552808Z[0m [31mERROR[0m codec_extension ThreadId(12) [2mzenoh_codec::common::extension[0m[2m:[0m Unknown Test ext: ZExtUnknown { Id: 0, Mandatory: true, Encoding: "Unit" }
[2m2026-09-14T11:05:10.552813Z[0m [31mERROR[0m codec_extension ThreadId(12) [2mzenoh_codec::common::extension[0m[2m:[0m Unknown Test ext: ZExtUnknown { Id: 0, Mandatory: true, Encoding: "Unit" }
[2m2026-09-14T11:05:10.552815Z[0m [31mERROR[0m codec_extension ThreadId(12) [2mzenoh_codec::common::extension[0m[2m:[0m Unknown Test ext: ZExtUnknown { Id: 0, Mandatory: true, Encoding: "Unit" }
[2m2026-09-14T11:05:10.552820Z[0m [31mERROR[0m codec_extension ThreadId(12) [2mzenoh_codec::common::extension[0m[2m:[0m Unknown Test ext: ZExtUnknown { Id: 0, Mandatory: true, Encoding: "Unit" }
[2m2026-09-14T11:05:10.552823Z[0m [31mERROR[0m codec_extension ThreadId(12) [2mzenoh_codec::common::extension[0m[2m:[0m Unknown Test ext: ZExtUnknown { Id: 0, Mandatory: true, Encoding: "Unit" }
[2m2026-09-14T11:05:10.552826Z[0m [31mERROR[0m codec_extension ThreadId(12) [2mzenoh_codec::common::extension[0m[2m:[0m Unknown Test ext: ZExtUnknown { Id: 0, Mandatory: true, Encoding: "Unit" }
[2m2026-09-14T11:05:10.552829Z[0m [31mERROR[0m codec_extension ThreadId(12) [2mzenoh_codec::common::extension[0m[2m:[0m Unknown Test ext: ZExtUnknown { Id: 0, Mandatory: true, Encoding: "Unit" }
[2m2026-09-14T11:05:10.552832Z[0m [31mERROR[0m codec_extension ThreadId(12) [2mzenoh_codec::common::extension[0m[2m:[0m Unknown Test ext: ZExtUnknown { Id: 0, Mandatory: true, Encoding: "Unit" }
[2m2026-09-14T11:05:10.552834Z[0m [31mERROR[0m codec_extension ThreadId(12) [2mzenoh_codec::common::extension[0m[2m:[0m Unknown Test ext: ZExtUnknown { Id: 0, Mandatory: true, Encoding: "Unit" }
[2m2026-09-14T11:05:10.552837Z[0m [31mERROR[0m codec_extension ThreadId(12) [2mzenoh_codec::common::extension[0m[2m:[0m Unknown Test ext: ZExtUnknown { Id: 0, Mandatory: true, Encoding: "Unit" }
[2m2026-09-14T11:05:10.552843Z[0m [31mERROR[0m codec_extension ThreadId(12) [2mzenoh_codec::common::extension[0m[2m:[0m Unknown Test ext: ZExtUnknown { Id: 0, Mandatory: true, Encoding: "Unit" }
[2m2026-09-14T11:05:10.552846Z[0m [31mERROR[0m codec_extension ThreadId(12) [2mzenoh_codec::common::extension[0m[2m:[0m Unknown Test ext: ZExtUnknown { Id: 0, Mandatory: true, Encoding: "Unit" }
[2m2026-09-14T11:05:10.552849Z[0m [31mERROR[0m codec_extension ThreadId(12) [2mzenoh_codec::common::extension[0m[2m:[0m Unknown Test ext: ZExtUnknown { Id: 0, Mandatory: true, Encoding: "Unit" }
[2m2026-09-14T11:05:10.552855Z[0m [31mERROR[0m codec_extension ThreadId(12) [2mzenoh_codec::common::extension[0m[2m:[0m Unknown Test ext: ZExtUnknown { Id: 0, Mandatory: true, Encoding: "Unit" }
[2m2026-09-14T11:05:10.552860Z[0m [31mERROR[0m codec_extension ThreadId(12) [2mzenoh_codec::common::extension[0m[2m:[0m Unknown Test ext: ZExtUnknown { Id: 0, Mandatory: true, Encoding: "Unit" }
[2m2026-09-14T11:05:10.552863Z[0m [31mERROR[0m codec_extension ThreadId(12) [2mzenoh_codec::common::extension[0m[2m:[0m Unknown Test ext: ZExtUnknown { Id: 0, Mandatory: true, Encoding: "Unit" }
[2m2026-09-14T11:05:10.552865Z[0m [31mERROR[0m codec_extension ThreadId(12) [2mzenoh_codec::common::extension[0m[2m:[0m Unknown Test ext: ZExtUnknown { Id: 0, Mandatory: true, Encoding: "Unit" }
[2m2026-09-14T11:05:10.552868Z[0m [31mERROR[0m codec_extension ThreadId(12) [2mzenoh_codec::common::extension[0m[2m:[0m Unknown Test ext: ZExtUnknown { Id: 0, Mandatory: true, Encoding: "Unit" }
[2m2026-09-14T11:05:10.552871Z[0m [31mERROR[0m codec_extension ThreadId(12) [2mzenoh_codec::common::extension[0m[2m:[0m Unknown Test ext: ZExtUnknown { Id: 0, Mandatory: true, Encoding: "Unit" }
[2m2026-09-14T11:05:10.552877Z[0m [31mERROR[0m codec_extension ThreadId(12) [2mzenoh_codec::common::extension[0m[2m:[0m Unknown Test ext: ZExtUnknown { Id: 0, Mandatory: true, Encoding: "Unit" }
[2m2026-09-14T11:05:10.552880Z[0m [31mERROR[0m codec_extension ThreadId(12) [2mzenoh_codec::common::extension[0m[2m:[0m Unknown Test ext: ZExtUnknown { Id: 0, Mandatory: true, Encoding: "Unit" }
[2m2026-09-14T11:05:10.552882Z[0m [31mERROR[0m codec_extension ThreadId(12) [2mzenoh_codec::common::extension[0m[2m:[0m Unknown Test ext: ZExtUnknown { Id: 0, Mandatory: true, Encoding: "Unit" }
[2m2026-09-14T11:05:10.552886Z[0m [31mERROR[0m codec_extension ThreadId(12) [2mzenoh_codec::common::extension[0m[2m:[0m Unknown Test ext: ZExtUnknown { Id: 0, Mandatory: true, Encoding: "Unit" }
[2m2026-09-14T11:05:10.552891Z[0m [31mERROR[0m codec_extension ThreadId(12) [2mzenoh_codec::common::extension[0m[2m:[0m Unknown Test ext: ZExtUnknown { Id: 0, Mandatory: true, Encoding: "Unit" }
[2m2026-09-14T11:05:10.552897Z[0m [31mERROR[0m codec_extension ThreadId(12) [2mzenoh_codec::common::extension[0m[2m:[0m Unknown Test ext: ZExtUnknown { Id: 0, Mandatory: true, Encoding: "Unit" }
[2m2026-09-14T11:05:10.552903Z[0m [31mERROR[0m codec_extension ThreadId(12) [2mzenoh_codec::common::extension[0m[2m:[0m Unknown Test ext: ZExtUnknown { Id: 0, Mandatory: true, Encoding: "Unit" }
[2m2026-09-14T11:05:10.552906Z[0m [31mERROR[0m codec_extension ThreadId(12) [2mzenoh_codec::common::extension[0m[2m:[0m Unknown Test ext: ZExtUnknown { Id: 0, Mandatory: true, Encoding: "Unit" }
[2m2026-09-14T11:05:10.552908Z[0m [31mERROR[0m codec_extension ThreadId(12) [2mzenoh_codec::common::extension[0m[2m:[0m Unknown Test ext: ZExtUnknown { Id: 0, Mandatory: true, Encoding: "Unit" }
[2m2026-09-14T11:05:10.552911Z[0m [31mERROR[0m codec_extension ThreadId(12) [2mzenoh_codec::common::extension[0m[2m:[0m Unknown Test ext: ZExtUnknown { Id: 0, Mandatory: true, Encoding: "Unit" }
[2m2026-09-14T11:05:10.552916Z[0m [31mERROR[0m codec_extension ThreadId(12) [2mzenoh_codec::common::extension[0m[2m:[0m Unknown Test ext: ZExtUnknown { Id: 0, Mandatory: true, Encoding: "Unit" }
[2m2026-09-14T11:05:10.552921Z[0m [31mERROR[0m codec_extension ThreadId(12) [2mzenoh_codec::common::extension[0m[2m:[0m Unknown Test ext: ZExtUnknown { Id: 0, Mandatory: true, Encoding: "Unit" }
[2m2026-09-14T11:05:10.552932Z[0m [31mERROR[0m codec_extension ThreadId(12) [2mzenoh_codec::common::extension[0m[2m:[0m Unknown Test ext: ZExtUnknown { Id: 0, Mandatory: true, Encoding: "Unit" }
[2m2026-09-14T11:05:10.552938Z[0m [31mERROR[0m codec_extension ThreadId(12) [2mzenoh_codec::common::extension[0m[2m:[0m Unknown Test ext: ZExtUnknown { Id: 0, Mandatory: true, Encoding: "Unit" }
[2m2026-09-14T11:05:10.552944Z[0m [31mERROR[0m codec_extension ThreadId(12) [2mzenoh_codec::common::extension[0m[2m:[0m Unknown Test ext: ZExtUnknown { Id: 0, Mandatory: true, Encoding: "Unit" }
[2m2026-09-14T11:05:10.552949Z[0m [31mERROR[0m codec_extension ThreadId(12) [2mzenoh_codec::common::extension[0m[2m:[0m Unknown Test ext: ZExtUnknown { Id: 0, Mandatory: true, Encoding: "Unit" }
[2m2026-09-14T11:05:10.552952Z[0m [31mERROR[0m codec_extension ThreadId(12) [2mzenoh_codec::common::extension[0m[2m:[0m Unknown Test ext: ZExtUnknown { Id: 0, Mandatory: true, Encoding: "Unit" }
[2m2026-09-14T11:05:10.552955Z[0m [31mERROR[0m codec_extension ThreadId(12) [2mzenoh_codec::common::extension[0m[2m:[0m Unknown Test ext: ZExtUnknown { Id: 0, Mandatory: true, Encoding: "Unit" }
[2m2026-09-14T11:05:10.552958Z[0m [31mERROR[0m codec_extension ThreadId(12) [2mzenoh_codec::common::extension[0m[2m:[0m Unknown Test ext: ZExtUnknown { Id: 0, Mandatory: true, Encoding: "Unit" }
[2m2026-09-14T11:05:10.552960Z[0m [31mERROR[0m codec_extension ThreadId(12) [2mzenoh_codec::common::extension[0m[2m:[0m Unknown Test ext: ZExtUnknown { Id: 0, Mandatory: true, Encoding: "Unit" }
[2m2026-09-14T11:05:10.552966Z[0m [31mERROR[0m codec_extension ThreadId(12) [2mzenoh_codec::common::extension[0m[2m:[0m Unknown Test ext: ZExtUnknown { Id: 0, Mandatory: true, Encoding: "Unit" }
[2m2026-09-14T11:05:10.552990Z[0m [31mERROR[0m codec_extension ThreadId(12) [2mzenoh_codec::common::extension[0m[2m:[0m Unknown Test ext: ZExtUnknown { Id: 0, Mandatory: true, Encoding: "Unit" }
[2m2026-09-14T11:05:10.552993Z[0m [31mERROR[0m codec_extension ThreadId(12) [2mzenoh_codec::common::extension[0m[2m:[0m Unknown Test ext: ZExtUnknown { Id: 0, Mandatory: true, Encoding: "Unit" }
[2m2026-09-14T11:05:10.553014Z[0m [31mERROR[0m codec_extension ThreadId(12) [2mzenoh_codec::common::extension[0m[2m:[0m Unknown Test ext: ZExtUnknown { Id: 0, Mandatory: true, Encoding: "Unit" }
[2m2026-09-14T11:05:10.553017Z[0m [31mERROR[0m codec_extension ThreadId(12) [2mzenoh_codec::common::extension[0m[2m:[0m Unknown Test ext: ZExtUnknown { Id: 0, Mandatory: true, Encoding: "Unit" }
[2m2026-09-14T11:05:10.553019Z[0m [31mERROR[0m codec_extension ThreadId(12) [2mzenoh_codec::common::extension[0m[2m:[0m Unknown Test ext: ZExtUnknown { Id: 0, Mandatory: true, Encoding: "Unit" }
[2m2026-09-14T11:05:10.553022Z[0m [31mERROR[0m codec_extension ThreadId(12) [2mzenoh_codec::common::extension[0m[2m:[0m Unknown Test ext: ZExtUnknown { Id: 0, Mandatory: true, Encoding: "Unit" }
[2m2026-09-14T11:05:10.553025Z[0m [31mERROR[0m codec_extension ThreadId(12) [2mzenoh_codec::common::extension[0m[2m:[0m Unknown Test ext: ZExtUnknown { Id: 0, Mandatory: true, Encoding: "Unit" }
[2m2026-09-14T11:05:10.553028Z[0m [31mERROR[0m codec_extension ThreadId(12) [2mzenoh_codec::common::extension[0m[2m:[0m Unknown Test ext: ZExtUnknown { Id: 0, Mandatory: true, Encoding: "Unit" }
[2m2026-09-14T11:05:10.553030Z[0m [31mERROR[0m codec_extension ThreadId(12) [2mzenoh_codec::common::extension[0m[2m:[0m Unknown Test ext: ZExtUnknown { Id: 0, Mandatory: true, Encoding: "Unit" }
[2m2026-09-14T11:05:10.553033Z[0m [31mERROR[0m codec_extension ThreadId(12) [2mzenoh_codec::common::extension[0m[2m:[0m Unknown Test ext: ZExtUnknown { Id: 0, Mandatory: true, Encoding: "Unit" }
[2m2026-09-14T11:05:10.553036Z[0m [31mERROR[0m codec_extension ThreadId(12) [2mzenoh_codec::common::extension[0m[2m:[0m Unknown Test ext: ZExtUnknown { Id: 0, Mandatory: true, Encoding: "Unit" }
[2m2026-09-14T11:05:10.553044Z[0m [31mERROR[0m codec_extension ThreadId(12) [2mzenoh_codec::common::extension[0m[2m:[0m Unknown Test ext: ZExtUnknown { Id: 0, Mandatory: true, Encoding: "Unit" }
[2m2026-09-14T11:05:10.553047Z[0m [31mERROR[0m codec_extension ThreadId(12) [2mzenoh_codec::common::extension[0m[2m:[0m Unknown Test ext: ZExtUnknown { Id: 0, Mandatory: true, Encoding: "Unit" }
[2m2026-09-14T11:05:10.553050Z[0m [31mERROR[0m codec_extension ThreadId(12) [2mzenoh_codec::common::extension[0m[2m:[0m Unknown Test ext: ZExtUnknown { Id: 0, Mandatory: true, Encoding: "Unit" }
[2m2026-09-14T11:05:10.553053Z[0m [31mERROR[0m codec_extension ThreadId(12) [2mzenoh_codec::common::extension[0m[2m:[0m Unknown Test ext: ZExtUnknown { Id: 0, Mandatory: true, Encoding: "Unit" }
[2m2026-09-14T11:05:10.553055Z[0m [31mERROR[0m codec_extension ThreadId(12) [2mzenoh_codec::common::extension[0m[2m:[0m Unknown Test ext: ZExtUnknown { Id: 0, Mandatory: true, Encoding: "Unit" }
[2m2026-09-14T11:05:10.553058Z[0m [31mERROR[0m codec_extension ThreadId(12) [2mzenoh_codec::common::extension[0m[2m:[0m Unknown Test ext: ZExtUnknown { Id: 0, Mandatory: true, Encoding: "Unit" }
[2m2026-09-14T11:05:10.553061Z[0m [31mERROR[0m codec_extension ThreadId(12) [2mzenoh_codec::common::extension[0m[2m:[0m Unknown Test ext: ZExtUnknown { Id: 0, Mandatory: true, Encoding: "Unit" }
[2m2026-09-14T11:05:10.553064Z[0m [31mERROR[0m codec_extension ThreadId(12) [2mzenoh_codec::common::extension[0m[2m:[0m Unknown Test ext: ZExtUnknown { Id: 0, Mandatory: true, Encoding: "Unit" }
[2m2026-09-14T11:05:10.553070Z[0m [31mERROR[0m codec_extension ThreadId(12) [2mzenoh_codec::common::extension[0m[2m:[0m Unknown Test ext: ZExtUnknown { Id: 0, Mandatory: true, Encoding: "Unit" }
[2m2026-09-14T11:05:10.553073Z[0m [31mERROR[0m codec_extension ThreadId(12) [2mzenoh_codec::common::extension[0m[2m:[0m Unknown Test ext: ZExtUnknown { Id: 0, Mandatory: true, Encoding: "Unit" }
[2m2026-09-14T11:05:10.553076Z[0m [31mERROR[0m codec_extension ThreadId(12) [2mzenoh_codec::common::extension[0m[2m:[0m Unknown Test ext: ZExtUnknown { Id: 0, Mandatory: true, Encoding: "Unit" }
[2m2026-09-14T11:05:10.553078Z[0m [31mERROR[0m codec_extension ThreadId(12) [2mzenoh_codec::common::extension[0m[2m:[0m Unknown Test ext: ZExtUnknown { Id: 0, Mandatory: true, Encoding: "Unit" }
[2m2026-09-14T11:05:10.553081Z[0m [31mERROR[0m codec_extension ThreadId(12) [2mzenoh_codec::common::extension[0m[2m:[0m Unknown Test ext: ZExtUnknown { Id: 0, Mandatory: true, Encoding: "Unit" }
[2m2026-09-14T11:05:10.553084Z[0m [31mERROR[0m codec_extension ThreadId(12) [2mzenoh_codec::common::extension[0m[2m:[0m Unknown Test ext: ZExtUnknown { Id: 0, Mandatory: true, Encoding: "Unit" }
[2m2026-09-14T11:05:10.553087Z[0m [31mERROR[0m codec_extension ThreadId(12) [2mzenoh_codec::common::extension[0m[2m:[0m Unknown Test ext: ZExtUnknown { Id: 0, Mandatory: true, Encoding: "Unit" }
[2m2026-09-14T11:05:10.553111Z[0m [31mERROR[0m codec_extension ThreadId(12) [2mzenoh_codec::common::extension[0m[2m:[0m Unknown Test ext: ZExtUnknown { Id: 0, Mandatory: true, Encoding: "Unit" }
[2m2026-09-14T11:05:10.553121Z[0m [31mERROR[0m codec_extension ThreadId(12) [2mzenoh_codec::common::extension[0m[2m:[0m Unknown Test ext: ZExtUnknown { Id: 0, Mandatory: true, Encoding: "Unit" }
[2m2026-09-14T11:05:10.553125Z[0m [31mERROR[0m codec_extension ThreadId(12) [2mzenoh_codec::common::extension[0m[2m:[0m Unknown Test ext: ZExtUnknown { Id: 0, Mandatory: true, Encoding: "Unit" }
[2m2026-09-14T11:05:10.553128Z[0m [31mERROR[0m codec_extension ThreadId(12) [2mzenoh_codec::common::extension[0m[2m:[0m Unknown Test ext: ZExtUnknown { Id: 0, Mandatory: true, Encoding: "Unit" }
[2m2026-09-14T11:05:10.553131Z[0m [31mERROR[0m codec_extension ThreadId(12) [2mzenoh_codec::common::extension[0m[2m:[0m Unknown Test ext: ZExtUnknown { Id: 0, Mandatory: true, Encoding: "Unit" }
[2m2026-09-14T11:05:10.553141Z[0m [31mERROR[0m codec_extension ThreadId(12) [2mzenoh_codec::common::extension[0m[2m:[0m Unknown Test ext: ZExtUnknown { Id: 0, Mandatory: true, Encoding: "Unit" }
[2m2026-09-14T11:05:10.553144Z[0m [31mERROR[0m codec_extension ThreadId(12) [2mzenoh_codec::common::extension[0m[2m:[0m Unknown Test ext: ZExtUnknown { Id: 0, Mandatory: true, Encoding: "Unit" }
[2m2026-09-14T11:05:10.553147Z[0m [31mERROR[0m codec_extension ThreadId(12) [2mzenoh_codec::common::extension[0m[2m:[0m Unknown Test ext: ZExtUnknown { Id: 0, Mandatory: true, Encoding: "Unit" }
[2m2026-09-14T11:05:10.553150Z[0m [31mERROR[0m codec_extension ThreadId(12) [2mzenoh_codec::common::extension[0m[2m:[0m Unknown Test ext: ZExtUnknown { Id: 0, Mandatory: true, Encoding: "Unit" }
[2m2026-09-14T11:05:10.553153Z[0m [31mERROR[0m codec_extension ThreadId(12) [2mzenoh_codec::common::extension[0m[2m:[0m Unknown Test ext: ZExtUnknown { Id: 0, Mandatory: true, Encoding: "Unit" }
[2m2026-09-14T11:05:10.553156Z[0m [31mERROR[0m codec_extension ThreadId(12) [2mzenoh_codec::common::extension[0m[2m:[0m Unknown Test ext: ZExtUnknown { Id: 0, Mandatory: true, Encoding: "Unit" }
[2m2026-09-14T11:05:10.553159Z[0m [31mERROR[0m codec_extension ThreadId(12) [2mzenoh_codec::common::extension[0m[2m:[0m Unknown Test ext: ZExtUnknown { Id: 0, Mandatory: true, Encoding: "Unit" }
[2m2026-09-14T11:05:10.553164Z[0m [31mERROR[0m codec_extension ThreadId(12) [2mzenoh_codec::common::extension[0m[2m:[0m Unknown Test ext: ZExtUnknown { Id: 0, Mandatory: true, Encoding: "Unit" }
[2m2026-09-14T11:05:10.553167Z[0m [31mERROR[0m codec_extension ThreadId(12) [2mzenoh_codec::common::extension[0m[2m:[0m Unknown Test ext: ZExtUnknown { Id: 0, Mandatory: true, Encoding: "Unit" }
[2m2026-09-14T11:05:10.553170Z[0m [31mERROR[0m codec_extension ThreadId(12) [2mzenoh_codec::common::extension[0m[2m:[0m Unknown Test ext: ZExtUnknown { Id: 0, Mandatory: true, Encoding: "Unit" }
[2m2026-09-14T11:05:10.553173Z[0m [31mERROR[0m codec_extension ThreadId(12) [2mzenoh_codec::common::extension[0m[2m:[0m Unknown Test ext: ZExtUnknown { Id: 0, Mandatory: true, Encoding: "Unit" }
[2m2026-09-14T11:05:10.553176Z[0m [31mERROR[0m codec_extension ThreadId(12) [2mzenoh_codec::common::extension[0m[2m:[0m Unknown Test ext: ZExtUnknown { Id: 0, Mandatory: true, Encoding: "Unit" }
[2m2026-09-14T11:05:10.553179Z[0m [31mERROR[0m codec_extension ThreadId(12) [2mzenoh_codec::common::extension[0m[2m:[0m Unknown Test ext: ZExtUnknown { Id: 0, Mandatory: true, Encoding: "Unit" }
[2m2026-09-14T11:05:10.553182Z[0m [31mERROR[0m codec_extension ThreadId(12) [2mzenoh_codec::common::extension[0m[2m:[0m Unknown Test ext: ZExtUnknown { Id: 0, Mandatory: true, Encoding: "Unit" }
[2m2026-09-14T11:05:10.553185Z[0m [31mERROR[0m codec_extension ThreadId(12) [2mzenoh_codec::common::extension[0m[2m:[0m Unknown Test ext: ZExtUnknown { Id: 0, Mandatory: true, Encoding: "Unit" }
[2m2026-09-14T11:05:10.553188Z[0m [31mERROR[0m codec_extension ThreadId(12) [2mzenoh_codec::common::extension[0m[2m:[0m Unknown Test ext: ZExtUnknown { Id: 0, Mandatory: true, Encoding: "Unit" }
[2m2026-09-14T11:05:10.553190Z[0m [31mERROR[0m codec_extension ThreadId(12) [2mzenoh_codec::common::extension[0m[2m:[0m Unknown Test ext: ZExtUnknown { Id: 0, Mandatory: true, Encoding: "Unit" }
[2m2026-09-14T11:05:10.553193Z[0m [31mERROR[0m codec_extension ThreadId(12) [2mzenoh_codec::common::extension[0m[2m:[0m Unknown Test ext: ZExtUnknown { Id: 0, Mandatory: true, Encoding: "Unit" }
[2m2026-09-14T11:05:10.553196Z[0m [31mERROR[0m codec_extension ThreadId(12) [2mzenoh_codec::common::extension[0m[2m:[0m Unknown Test ext: ZExtUnknown { Id: 0, Mandatory: true, Encoding: "Unit" }
[2m2026-09-14T11:05:10.553199Z[0m [31mERROR[0m codec_extension ThreadId(12) [2mzenoh_codec::common::extension[0m[2m:[0m Unknown Test ext: ZExtUnknown { Id: 0, Mandatory: true, Encoding: "Unit" }
[2m2026-09-14T11:05:10.553205Z[0m [31mERROR[0m codec_extension ThreadId(12) [2mzenoh_codec::common::extension[0m[2m:[0m Unknown Test ext: ZExtUnknown { Id: 0, Mandatory: true, Encoding: "Unit" }
[2m2026-09-14T11:05:10.553208Z[0m [31mERROR[0m codec_extension ThreadId(12) [2mzenoh_codec::common::extension[0m[2m:[0m Unknown Test ext: ZExtUnknown { Id: 0, Mandatory: true, Encoding: "Unit" }
[2m2026-09-14T11:05:10.553214Z[0m [31mERROR[0m codec_extension ThreadId(12) [2mzenoh_codec::common::extension[0m[2m:[0m Unknown Test ext: ZExtUnknown { Id: 0, Mandatory: true, Encoding: "Unit" }
[2m2026-09-14T11:05:10.553219Z[0m [31mERROR[0m codec_extension ThreadId(12) [2mzenoh_codec::common::extension[0m[2m:[0m Unknown Test ext: ZExtUnknown { Id: 0, Mandatory: true, Encoding: "Unit" }
[2m2026-09-14T11:05:10.553222Z[0m [31mERROR[0m codec_extension ThreadId(12) [2mzenoh_codec::common::extension[0m[2m:[0m Unknown Test ext: ZExtUnknown { Id: 0, Mandatory: true, Encoding: "Unit" }
[2m2026-09-14T11:05:10.553227Z[0m [31mERROR[0m codec_extension ThreadId(12) [2mzenoh_codec::common::extension[0m[2m:[0m Unknown Test ext: ZExtUnknown { Id: 0, Mandatory: true, Encoding: "Unit" }
[2m2026-09-14T11:05:10.553230Z[0m [31mERROR[0m codec_extension ThreadId(12) [2mzenoh_codec::common::extension[0m[2m:[0m Unknown Test ext: ZExtUnknown { Id: 0, Mandatory: true, Encoding: "Unit" }
[2m2026-09-14T11:05:10.553233Z[0m [31mERROR[0m codec_extension ThreadId(12) [2mzenoh_codec::common::extension[0m[2m:[0m Unknown Test ext: ZExtUnknown { Id: 0, Mandatory: true, Encoding: "Unit" }
[2m2026-09-14T11:05:10.553236Z[0m [31mERROR[0m codec_extension ThreadId(12) [2mzenoh_codec::common::extension[0m[2m:[0m Unknown Test ext: ZExtUnknown { Id: 0, Mandatory: true, Encoding: "Unit" }
[2m2026-09-14T11:05:10.553242Z[0m [31mERROR[0m codec_extension ThreadId(12) [2mzenoh_codec::common::extension[0m[2m:[0m Unknown Test ext: ZExtUnknown { Id: 0, Mandatory: true, Encoding: "Unit" }
[2m2026-09-14T11:05:10.553246Z[0m [31mERROR[0m codec_extension ThreadId(12) [2mzenoh_codec::common::extension[0m[2m:[0m Unknown Test ext: ZExtUnknown { Id: 0, Mandatory: true, Encoding: "Unit" }
[2m2026-09-14T11:05:10.553249Z[0m [31mERROR[0m codec_extension ThreadId(12) [2mzenoh_codec::common::extension[0m[2m:[0m Unknown Test ext: ZExtUnknown { Id: 0, Mandatory: true, Encoding: "Unit" }
[2m2026-09-14T11:05:10.553252Z[0m [31mERROR[0m codec_extension ThreadId(12) [2mzenoh_codec::common::extension[0m[2m:[0m Unknown Test ext: ZExtUnknown { Id: 0, Mandatory: true, Encoding: "Unit" }
[2m2026-09-14T11:05:10.553254Z[0m [31mERROR[0m codec_extension ThreadId(12) [2mzenoh_codec::common::extension[0m[2m:[0m Unknown Test ext: ZExtUnknown { Id: 0, Mandatory: true, Encoding: "Unit" }
[2m2026-09-14T11:05:10.553260Z[0m [31mERROR[0m codec_extension ThreadId(12) [2mzenoh_codec::common::extension[0m[2m:[0m Unknown Test ext: ZExtUnknown { Id: 0, Mandatory: true, Encoding: "Unit" }
[2m2026-09-14T11:05:10.553281Z[0m [31mERROR[0m codec_extension ThreadId(12) [2mzenoh_codec::common::extension[0m[2m:[0m Unknown Test ext: ZExtUnknown { Id: 0, Mandatory: true, Encoding: "Unit" }
[2m2026-09-14T11:05:10.553285Z[0m [31mERROR[0m codec_extension ThreadId(12) [2mzenoh_codec::common::extension[0m[2m:[0m Unknown Test ext: ZExtUnknown { Id: 0, Mandatory: true, Encoding: "Unit" }
[2m2026-09-14T11:05:10.553288Z[0m [31mERROR[0m codec_extension ThreadId(12) [2mzenoh_codec::common::extension[0m[2m:[0m Unknown Test ext: ZExtUnknown { Id: 0, Mandatory: true, Encoding: "Unit" }
[2m2026-09-14T11:05:10.553291Z[0m [31mERROR[0m codec_extension ThreadId(12) [2mzenoh_codec::common::extension[0m[2m:[0m Unknown Test ext: ZExtUnknown { Id: 0, Mandatory: true, Encoding: "Unit" }
[2m2026-09-14T11:05:10.553296Z[0m [31mERROR[0m codec_extension ThreadId(12) [2mzenoh_codec::common::extension[0m[2m:[0m Unknown Test ext: ZExtUnknown { Id: 0, Mandatory: true, Encoding: "Unit" }
[2m2026-09-14T11:05:10.553309Z[0m [31mERROR[0m codec_extension ThreadId(12) [2mzenoh_codec::common::extension[0m[2m:[0m Unknown Test ext: ZExtUnknown { Id: 0, Mandatory: true, Encoding: "Unit" }
[2m2026-09-14T11:05:10.553313Z[0m [31mERROR[0m codec_extension ThreadId(12) [2mzenoh_codec::common::extension[0m[2m:[0m Unknown Test ext: ZExtUnknown { Id: 0, Mandatory: true, Encoding: "Unit" }
[2m2026-09-14T11:05:10.553316Z[0m [31mERROR[0m codec_extension ThreadId(12) [2mzenoh_codec::common::extension[0m[2m:[0m Unknown Test ext: ZExtUnknown { Id: 0, Mandatory: true, Encoding: "Unit" }
[2m2026-09-14T11:05:10.553319Z[0m [31mERROR[0m codec_extension ThreadId(12) [2mzenoh_codec::common::extension[0m[2m:[0m Unknown Test ext: ZExtUnknown { Id: 0, Mandatory: true, Encoding: "Unit" }
[2m2026-09-14T11:05:10.553322Z[0m [31mERROR[0m codec_extension ThreadId(12) [2mzenoh_codec::common::extension[0m[2m:[0m Unknown Test ext: ZExtUnknown { Id: 0, Mandatory: true, Encoding: "Unit" }
[2m2026-09-14T11:05:10.553325Z[0m [31mERROR[0m codec_extension ThreadId(12) [2mzenoh_codec::common::extension[0m[2m:[0m Unknown Test ext: ZExtUnknown { Id: 0, Mandatory: true, Encoding: "Unit" }
[2m2026-09-14T11:05:10.553327Z[0m [31mERROR[0m codec_extension ThreadId(12) [2mzenoh_codec::common::extension[0m[2m:[0m Unknown Test ext: ZExtUnknown { Id: 0, Mandatory: true, Encoding: "Unit" }
[2m2026-09-14T11:05:10.553330Z[0m [31mERROR[0m codec_extension ThreadId(12) [2mzenoh_codec::common::extension[0m[2m:[0m Unknown Test ext: ZExtUnknown { Id: 0, Mandatory: true, Encoding: "Unit" }
[2m2026-09-14T11:05:10.553333Z[0m [31mERROR[0m codec_extension ThreadId(12) [2mzenoh_codec::common::extension[0m[2m:[0m Unknown Test ext: ZExtUnknown { Id: 0, Mandatory: true, Encoding: "Unit" }
[2m2026-09-14T11:05:10.553336Z[0m [31mERROR[0m codec_extension ThreadId(12) [2mzenoh_codec::common::extension[0m[2m:[0m Unknown Test ext: ZExtUnknown { Id: 0, Mandatory: true, Encoding: "Unit" }
[2m2026-09-14T11:05:10.553339Z[0m [31mERROR[0m codec_extension ThreadId(12) [2mzenoh_codec::common::extension[0m[2m:[0m Unknown Test ext: ZExtUnknown { Id: 0, Mandatory: true, Encoding: "Unit" }
[2m2026-09-14T11:05:10.553342Z[0m [31mERROR[0m codec_extension ThreadId(12) [2mzenoh_codec::common::extension[0m[2m:[0m Unknown Test ext: ZExtUnknown { Id: 0, Mandatory: true, Encoding: "Unit" }
[2m2026-09-14T11:05:10.553344Z[0m [31mERROR[0m codec_extension ThreadId(12) [2mzenoh_codec::common::extension[0m[2m:[0m Unknown Test ext: ZExtUnknown { Id: 0, Mandatory: true, Encoding: "Unit" }
[2m2026-09-14T11:05:10.553347Z[0m [31mERROR[0m codec_extension ThreadId(12) [2mzenoh_codec::common::extension[0m[2m:[0m Unknown Test ext: ZExtUnknown { Id: 0, Mandatory: true, Encoding: "Unit" }
[2m2026-09-14T11:05:10.553350Z[0m [31mERROR[0m codec_extension ThreadId(12) [2mzenoh_codec::common::extension[0m[2m:[0m Unknown Test ext: ZExtUnknown { Id: 0, Mandatory: true, Encoding: "Unit" }
[2m2026-09-14T11:05:10.553353Z[0m [31mERROR[0m codec_extension ThreadId(12) [2mzenoh_codec::common::extension[0m[2m:[0m Unknown Test ext: ZExtUnknown { Id: 0, Mandatory: true, Encoding: "Unit" }
[2m2026-09-14T11:05:10.553356Z[0m [31mERROR[0m codec_extension ThreadId(12) [2mzenoh_codec::common::extension[0m[2m:[0m Unknown Test ext: ZExtUnknown { Id: 0, Mandatory: true, Encoding: "Unit" }
[2m2026-09-14T11:05:10.553359Z[0m [31mERROR[0m codec_extension ThreadId(12) [2mzenoh_codec::common::extension[0m[2m:[0m Unknown Test ext: ZExtUnknown { Id: 0, Mandatory: true, Encoding: "Unit" }
[2m2026-09-14T11:05:10.553361Z[0m [31mERROR[0m codec_extension ThreadId(12) [2mzenoh_codec::common::extension[0m[2m:[0m Unknown Test ext: ZExtUnknown { Id: 0, Mandatory: true, Encoding: "Unit" }
[2m2026-09-14T11:05:10.553364Z[0m [31mERROR[0m codec_extension ThreadId(12) [2mzenoh_codec::common::extension[0m[2m:[0m Unknown Test ext: ZExtUnknown { Id: 0, Mandatory: true, Encoding: "Unit" }
[2m2026-09-14T11:05:10.553368Z[0m [31mERROR[0m codec_extension ThreadId(12) [2mzenoh_codec::common::extension[0m[2m:[0m Unknown Test ext: ZExtUnknown { Id: 0, Mandatory: true, Encoding: "Unit" }
[2m2026-09-14T11:05:10.553371Z[0m [31mERROR[0m codec_extension ThreadId(12) [2mzenoh_codec::common::extension[0m[2m:[0m Unknown Test ext: ZExtUnknown { Id: 0, Mandatory: true, Encoding: "Unit" }
[2m2026-09-14T11:05:10.553374Z[0m [31mERROR[0m codec_extension ThreadId(12) [2mzenoh_codec::common::extension[0m[2m:[0m Unknown Test ext: ZExtUnknown { Id: 0, Mandatory: true, Encoding: "Unit" }
[2m2026-09-14T11:05:10.553377Z[0m [31mERROR[0m codec_extension ThreadId(12) [2mzenoh_codec::common::extension[0m[2m:[0m Unknown Test ext: ZExtUnknown { Id: 0, Mandatory: true, Encoding: "Unit" }
[2m2026-09-14T11:05:10.553383Z[0m [31mERROR[0m codec_extension ThreadId(12) [2mzenoh_codec::common::extension[0m[2m:[0m Unknown Test ext: ZExtUnknown { Id: 0, Mandatory: true, Encoding: "Unit" }
[2m2026-09-14T11:05:10.553386Z[0m [31mERROR[0m codec_extension ThreadId(12) [2mzenoh_codec::common::extension[0m[2m:[0m Unknown Test ext: ZExtUnknown { Id: 0, Mandatory: true, Encoding: "Unit" }
[2m2026-09-14T11:05:10.553389Z[0m [31mERROR[0m codec_extension ThreadId(12) [2mzenoh_codec::common::extension[0m[2m:[0m Unknown Test ext: ZExtUnknown { Id: 0, Mandatory: true, Encoding: "Unit" }
[2m2026-09-14T11:05:10.553392Z[0m [31mERROR[0m codec_extension ThreadId(12) [2mzenoh_codec::common::extension[0m[2m:[0m Unknown Test ext: ZExtUnknown { Id: 0, Mandatory: true, Encoding: "Unit" }
[2m2026-09-14T11:05:10.553394Z[0m [31mERROR[0m codec_extension ThreadId(12) [2mzenoh_codec::common::extension[0m[2m:[0m Unknown Test ext: ZExtUnknown { Id: 0, Mandatory: true, Encoding: "Unit" }
[2m2026-09-14T11:05:10.553397Z[0m [31mERROR[0m codec_extension ThreadId(12) [2mzenoh_codec::common::extension[0m[2m:[0m Unknown Test ext: ZExtUnknown { Id: 0, Mandatory: true, Encoding: "Unit" }
[2m2026-09-14T11:05:10.553403Z[0m [31mERROR[0m codec_extension ThreadId(12) [2mzenoh_codec::common::extension[0m[2m:[0m Unknown Test ext: ZExtUnknown { Id: 0, Mandatory: true, Encoding: "Unit" }
[2m2026-09-14T11:05:10.553407Z[0m [31mERROR[0m codec_extension ThreadId(12) [2mzenoh_codec::common::extension[0m[2m:[0m Unknown Test ext: ZExtUnknown { Id: 0, Mandatory: true, Encoding: "Unit" }
[2m2026-09-14T11:05:10.553409Z[0m [31mERROR[0m codec_extension ThreadId(12) [2mzenoh_codec::common::extension[0m[2m:[0m Unknown Test ext: ZExtUnknown { Id: 0, Mandatory: true, Encoding: "Unit" }
[2m2026-09-14T11:05:10.553412Z[0m [31mERROR[0m codec_extension ThreadId(12) [2mzenoh_codec::common::extension[0m[2m:[0m Unknown Test ext: ZExtUnknown { Id: 0, Mandatory: true, Encoding: "Unit" }
[2m2026-09-14T11:05:10.553415Z[0m [31mERROR[0m codec_extension ThreadId(12) [2mzenoh_codec::common::extension[0m[2m:[0m Unknown Test ext: ZExtUnknown { Id: 0, Mandatory: true, Encoding: "Unit" }
[2m2026-09-14T11:05:10.553418Z[0m [31mERROR[0m codec_extension ThreadId(12) [2mzenoh_codec::common::extension[0m[2m:[0m Unknown Test ext: ZExtUnknown { Id: 0, Mandatory: true, Encoding: "Unit" }
[2m2026-09-14T11:05:10.553421Z[0m [31mERROR[0m codec_extension ThreadId(12) [2mzenoh_codec::common::extension[0m[2m:[0m Unknown Test ext: ZExtUnknown { Id: 0, Mandatory: true, Encoding: "Unit" }
[2m2026-09-14T11:05:10.553423Z[0m [31mERROR[0m codec_extension ThreadId(12) [2mzenoh_codec::common::extension[0m[2m:[0m Unknown Test ext: ZExtUnknown { Id: 0, Mandatory: true, Encoding: "Unit" }
[2m2026-09-14T11:05:10.553426Z[0m [31mERROR[0m codec_extension ThreadId(12) [2mzenoh_codec::common::extension[0m[2m:[0m Unknown Test ext: ZExtUnknown { Id: 0, Mandatory: true, Encoding: "Unit" }
[2m2026-09-14T11:05:10.553430Z[0m [31mERROR[0m codec_extension ThreadId(12) [2mzenoh_codec::common::extension[0m[2m:[0m Unknown Test ext: ZExtUnknown { Id: 0, Mandatory: true, Encoding: "Unit" }
[2m2026-09-14T11:05:10.553433Z[0m [31mERROR[0m codec_extension ThreadId(12) [2mzenoh_codec::common::extension[0m[2m:[0m Unknown Test ext: ZExtUnknown { Id: 0, Mandatory: true, Encoding: "Unit" }
[2m2026-09-14T11:05:10.553442Z[0m [31mERROR[0m codec_extension ThreadId(12) [2mzenoh_codec::common::extension[0m[2m:[0m Unknown Test ext: ZExtUnknown { Id: 0, Mandatory: true, Encoding: "Unit" }
[2m2026-09-14T11:05:10.553445Z[0m [31mERROR[0m codec_extension ThreadId(12) [2mzenoh_codec::common::extension[0m[2m:[0m Unknown Test ext: ZExtUnknown { Id: 0, Mandatory: true, Encoding: "Unit" }
[2m2026-09-14T11:05:10.553448Z[0m [31mERROR[0m codec_extension ThreadId(12) [2mzenoh_codec::common::extension[0m[2m:[0m Unknown Test ext: ZExtUnknown { Id: 0, Mandatory: true, Encoding: "Unit" }
[2m2026-09-14T11:05:10.553451Z[0m [31mERROR[0m codec_extension ThreadId(12) [2mzenoh_codec::common::extension[0m[2m:[0m Unknown Test ext: ZExtUnknown { Id: 0, Mandatory: true, Encoding: "Unit" }
[2m2026-09-14T11:05:10.553456Z[0m [31mERROR[0m codec_extension ThreadId(12) [2mzenoh_codec::common::extension[0m[2m:[0m Unknown Test ext: ZExtUnknown { Id: 0, Mandatory: true, Encoding: "Unit" }
[2m2026-09-14T11:05:10.553459Z[0m [31mERROR[0m codec_extension ThreadId(12) [2mzenoh_codec::common::extension[0m[2m:[0m Unknown Test ext: ZExtUnknown { Id: 0, Mandatory: true, Encoding: "Unit" }
[2m2026-09-14T11:05:10.553462Z[0m [31mERROR[0m codec_extension ThreadId(12) [2mzenoh_codec::common::extension[0m[2m:[0m Unknown Test ext: ZExtUnknown { Id: 0, Mandatory: true, Encoding: "Unit" }
[2m2026-09-14T11:05:10.553465Z[0m [31mERROR[0m codec_extension ThreadId(12) [2mzenoh_codec::common::extension[0m[2m:[0m Unknown Test ext: ZExtUnknown { Id: 0, Mandatory: true, Encoding: "Unit" }
[2m2026-09-14T11:05:10.553467Z[0m [31mERROR[0m codec_extension ThreadId(12) [2mzenoh_codec::common::extension[0m[2m:[0m Unknown Test ext: ZExtUnknown { Id: 0, Mandatory: true, Encoding: "Unit" }
[2m2026-09-14T11:05:10.553470Z[0m [31mERROR[0m codec_extension ThreadId(12) [2mzenoh_codec::common::extension[0m[2m:[0m Unknown Test ext: ZExtUnknown { Id: 0, Mandatory: true, Encoding: "Unit" }
[2m2026-09-14T11:05:10.553473Z[0m [31mERROR[0m codec_extension ThreadId(12) [2mzenoh_codec::common::extension[0m[2m:[0m Unknown Test ext: ZExtUnknown { Id: 0, Mandatory: true, Encoding: "Unit" }
[2m2026-09-14T11:05:10.553476Z[0m [31mERROR[0m codec_extension ThreadId(12) [2mzenoh_codec::common::extension[0m[2m:[0m Unknown Test ext: ZExtUnknown { Id: 0, Mandatory: true, Encoding: "Unit" }
[2m2026-09-14T11:05:10.553481Z[0m [31mERROR[0m codec_extension ThreadId(12) [2mzenoh_codec::common::extension[0m[2m:[0m Unknown Test ext: ZExtUnknown { Id: 0, Mandatory: true, Encoding: "Unit" }
[2m2026-09-14T11:05:10.553484Z[0m [31mERROR[0m codec_extension ThreadId(12) [2mzenoh_codec::common::extension[0m[2m:[0m Unknown Test ext: ZExtUnknown { Id: 0, Mandatory: true, Encoding: "Unit" }
[2m2026-09-14T11:05:10.553487Z[0m [31mERROR[0m codec_extension ThreadId(12) [2mzenoh_codec::common::extension[0m[2m:[0m Unknown Test ext: ZExtUnknown { Id: 0, Mandatory: true, Encoding: "Unit" }
[2m2026-09-14T11:05:10.553492Z[0m [31mERROR[0m codec_extension ThreadId(12) [2mzenoh_codec::common::extension[0m[2m:[0m Unknown Test ext: ZExtUnknown { Id: 0, Mandatory: true, Encoding: "Unit" }
[2m2026-09-14T11:05:10.553495Z[0m [31mERROR[0m codec_extension ThreadId(12) [2mzenoh_codec::common::extension[0m[2m:[0m Unknown Test ext: ZExtUnknown { Id: 0, Mandatory: true, Encoding: "Unit" }
[2m2026-09-14T11:05:10.553500Z[0m [31mERROR[0m codec_extension ThreadId(12) [2mzenoh_codec::common::extension[0m[2m:[0m Unknown Test ext: ZExtUnknown { Id: 0, Mandatory: true, Encoding: "Unit" }
[2m2026-09-14T11:05:10.553518Z[0m [31mERROR[0m codec_extension ThreadId(12) [2mzenoh_codec::common::extension[0m[2m:[0m Unknown Test ext: ZExtUnknown { Id: 0, Mandatory: true, Encoding: "Unit" }
[2m2026-09-14T11:05:10.553521Z[0m [31mERROR[0m codec_extension ThreadId(12) [2mzenoh_codec::common::extension[0m[2m:[0m Unknown Test ext: ZExtUnknown { Id: 0, Mandatory: true, Encoding: "Unit" }
[2m2026-09-14T11:05:10.553533Z[0m [31mERROR[0m codec_extension ThreadId(12) [2mzenoh_codec::common::extension[0m[2m:[0m Unknown Test ext: ZExtUnknown { Id: 0, Mandatory: true, Encoding: "Unit" }
[2m2026-09-14T11:05:10.553537Z[0m [31mERROR[0m codec_extension ThreadId(12) [2mzenoh_codec::common::extension[0m[2m:[0m Unknown Test ext: ZExtUnknown { Id: 0, Mandatory: true, Encoding: "Unit" }
[2m2026-09-14T11:05:10.553540Z[0m [31mERROR[0m codec_extension ThreadId(12) [2mzenoh_codec::common::extension[0m[2m:[0m Unknown Test ext: ZExtUnknown { Id: 0, Mandatory: true, Encoding: "Unit" }
[2m2026-09-14T11:05:10.553543Z[0m [31mERROR[0m codec_extension ThreadId(12) [2mzenoh_codec::common::extension[0m[2m:[0m Unknown Test ext: ZExtUnknown { Id: 0, Mandatory: true, Encoding: "Unit" }
[2m2026-09-14T11:05:10.553548Z[0m [31mERROR[0m codec_extension ThreadId(12) [2mzenoh_codec::common::extension[0m[2m:[0m Unknown Test ext: ZExtUnknown { Id: 0, Mandatory: true, Encoding: "Unit" }
[2m2026-09-14T11:05:10.553551Z[0m [31mERROR[0m codec_extension ThreadId(12) [2mzenoh_codec::common::extension[0m[2m:[0m Unknown Test ext: ZExtUnknown { Id: 0, Mandatory: true, Encoding: "Unit" }
[2m2026-09-14T11:05:10.553559Z[0m [31mERROR[0m codec_extension ThreadId(12) [2mzenoh_codec::common::extension[0m[2m:[0m Unknown Test ext: ZExtUnknown { Id: 0, Mandatory: true, Encoding: "Unit" }
[2m2026-09-14T11:05:10.553563Z[0m [31mERROR[0m codec_extension ThreadId(12) [2mzenoh_codec::common::extension[0m[2m:[0m Unknown Test ext: ZExtUnknown { Id: 0, Mandatory: true, Encoding: "Unit" }
[2m2026-09-14T11:05:10.553566Z[0m [31mERROR[0m codec_extension ThreadId(12) [2mzenoh_codec::common::extension[0m[2m:[0m Unknown Test ext: ZExtUnknown { Id: 0, Mandatory: true, Encoding: "Unit" }
[2m2026-09-14T11:05:10.553569Z[0m [31mERROR[0m codec_extension ThreadId(12) [2mzenoh_codec::common::extension[0m[2m:[0m Unknown Test ext: ZExtUnknown { Id: 0, Mandatory: true, Encoding: "Unit" }
[2m2026-09-14T11:05:10.553572Z[0m [31mERROR[0m codec_extension ThreadId(12) [2mzenoh_codec::common::extension[0m[2m:[0m Unknown Test ext: ZExtUnknown { Id: 0, Mandatory: true, Encoding: "Unit" }
[2m2026-09-14T11:05:10.553575Z[0m [31mERROR[0m codec_extension ThreadId(12) [2mzenoh_codec::common::extension[0m[2m:[0m Unknown Test ext: ZExtUnknown { Id: 0, Mandatory: true, Encoding: "Unit" }
[2m2026-09-14T11:05:10.553578Z[0m [31mERROR[0m codec_extension ThreadId(12) [2mzenoh_codec::common::extension[0m[2m:[0m Unknown Test ext: ZExtUnknown { Id: 0, Mandatory: true, Encoding: "Unit" }
[2m2026-09-14T11:05:10.553581Z[0m [31mERROR[0m codec_extension ThreadId(12) [2mzenoh_codec::common::extension[0m[2m:[0m Unknown Test ext: ZExtUnknown { Id: 0, Mandatory: true, Encoding: "Unit" }
[2m2026-09-14T11:05:10.553584Z[0m [31mERROR[0m codec_extension ThreadId(12) [2mzenoh_codec::common::extension[0m[2m:[0m Unknown Test ext: ZExtUnknown { Id: 0, Mandatory: true, Encoding: "Unit" }
[2m2026-09-14T11:05:10.553587Z[0m [31mERROR[0m codec_extension ThreadId(12) [2mzenoh_codec::common::extension[0m[2m:[0m Unknown Test ext: ZExtUnknown { Id: 0, Mandatory: true, Encoding: "Unit" }
[2m2026-09-14T11:05:10.553593Z[0m [31mERROR[0m codec_extension ThreadId(12) [2mzenoh_codec::common::extension[0m[2m:[0m Unknown Test ext: ZExtUnknown { Id: 0, Mandatory: true, Encoding: "Unit" }
[2m2026-09-14T11:05:10.553596Z[0m [31mERROR[0m codec_extension ThreadId(12) [2mzenoh_codec::common::extension[0m[2m:[0m Unknown Test ext: ZExtUnknown { Id: 0, Mandatory: true, Encoding: "Unit" }
[2m2026-09-14T11:05:10.553599Z[0m [31mERROR[0m codec_extension ThreadId(12) [2mzenoh_codec::common::extension[0m[2m:[0m Unknown Test ext: ZExtUnknown { Id: 0, Mandatory: true, Encoding: "Unit" }
[2m2026-09-14T11:05:10.553602Z[0m [31mERROR[0m codec_extension ThreadId(12) [2mzenoh_codec::common::extension[0m[2m:[0m Unknown Test ext: ZExtUnknown { Id: 0, Mandatory: true, Encoding: "Unit" }
[2m2026-09-14T11:05:10.553616Z[0m [31mERROR[0m codec_extension ThreadId(12) [2mzenoh_codec::common::extension[0m[2m:[0m Unknown Test ext: ZExtUnknown { Id: 0, Mandatory: true, Encoding: "Unit" }
[2m2026-09-14T11:05:10.553621Z[0m [31mERROR[0m codec_extension ThreadId(12) [2mzenoh_codec::common::extension[0m[2m:[0m Unknown Test ext: ZExtUnknown { Id: 0, Mandatory: true, Encoding: "Unit" }
[2m2026-09-14T11:05:10.553624Z[0m [31mERROR[0m codec_extension ThreadId(12) [2mzenoh_codec::common::extension[0m[2m:[0m Unknown Test ext: ZExtUnknown { Id: 0, Mandatory: true, Encoding: "Unit" }
[2m2026-09-14T11:05:10.553629Z[0m [31mERROR[0m codec_extension ThreadId(12) [2mzenoh_codec::common::extension[0m[2m:[0m Unknown Test ext: ZExtUnknown { Id: 0, Mandatory: true, Encoding: "Unit" }
[2m2026-09-14T11:05:10.553632Z[0m [31mERROR[0m codec_extension ThreadId(12) [2mzenoh_codec::common::extension[0m[2m:[0m Unknown Test ext: ZExtUnknown { Id: 0, Mandatory: true, Encoding: "Unit" }
[2m2026-09-14T11:05:10.553635Z[0m [31mERROR[0m codec_extension ThreadId(12) [2mzenoh_codec::common::extension[0m[2m:[0m Unknown Test ext: ZExtUnknown { Id: 0, Mandatory: true, Encoding: "Unit" }
[2m2026-09-14T11:05:10.553638Z[0m [31mERROR[0m codec_extension ThreadId(12) [2mzenoh_codec::common::extension[0m[2m:[0m Unknown Test ext: ZExtUnknown { Id: 0, Mandatory: true, Encoding: "Unit" }
[2m2026-09-14T11:05:10.553641Z[0m [31mERROR[0m codec_extension ThreadId(12) [2mzenoh_codec::common::extension[0m[2m:[0m Unknown Test ext: ZExtUnknown { Id: 0, Mandatory: true, Encoding: "Unit" }
[2m2026-09-14T11:05:10.553644Z[0m [31mERROR[0m codec_extension ThreadId(12) [2mzenoh_codec::common::extension[0m[2m:[0m Unknown Test ext: ZExtUnknown { Id: 0, Mandatory: true, Encoding: "Unit" }
[2m2026-09-14T11:05:10.553647Z[0m [31mERROR[0m codec_extension ThreadId(12) [2mzenoh_codec::common::extension[0m[2m:[0m Unknown Test ext: ZExtUnknown { Id: 0, Mandatory: true, Encoding: "Unit" }
[2m2026-09-14T11:05:10.553650Z[0m [31mERROR[0m codec_extension ThreadId(12) [2mzenoh_codec::common::extension[0m[2m:[0m Unknown Test ext: ZExtUnknown { Id: 0, Mandatory: true, Encoding: "Unit" }
[2m2026-09-14T11:05:10.553653Z[0m [31mERROR[0m codec_extension ThreadId(12) [2mzenoh_codec::common::extension[0m[2m:[0m Unknown Test ext: ZExtUnknown { Id: 0, Mandatory: true, Encoding: "Unit" }
[2m2026-09-14T11:05:10.553655Z[0m [31mERROR[0m codec_extension ThreadId(12) [2mzenoh_codec::common::extension[0m[2m:[0m Unknown Test ext: ZExtUnknown { Id: 0, Mandatory: true, Encoding: "Unit" }
[2m2026-09-14T11:05:10.553658Z[0m [31mERROR[0m codec_extension ThreadId(12) [2mzenoh_codec::common::extension[0m[2m:[0m Unknown Test ext: ZExtUnknown { Id: 0, Mandatory: true, Encoding: "Unit" }
[2m2026-09-14T11:05:10.553661Z[0m [31mERROR[0m codec_extension ThreadId(12) [2mzenoh_codec::common::extension[0m[2m:[0m Unknown Test ext: ZExtUnknown { Id: 0, Mandatory: true, Encoding: "Unit" }
[2m2026-09-14T11:05:10.553664Z[0m [31mERROR[0m codec_extension ThreadId(12) [2mzenoh_codec::common::extension[0m[2m:[0m Unknown Test ext: ZExtUnknown { Id: 0, Mandatory: true, Encoding: "Unit" }
[2m2026-09-14T11:05:10.553667Z[0m [31mERROR[0m codec_extension ThreadId(12) [2mzenoh_codec::common::extension[0m[2m:[0m Unknown Test ext: ZExtUnknown { Id: 0, Mandatory: true, Encoding: "Unit" }
[2m2026-09-14T11:05:10.553670Z[0m [31mERROR[0m codec_extension ThreadId(12) [2mzenoh_codec::common::extension[0m[2m:[0m Unknown Test ext: ZExtUnknown { Id: 0, Mandatory: true, Encoding: "Unit" }
[2m2026-09-14T11:05:10.553673Z[0m [31mERROR[0m codec_extension ThreadId(12) [2mzenoh_codec::common::extension[0m[2m:[0m Unknown Test ext: ZExtUnknown { Id: 0, Mandatory: true, Encoding: "Unit" }
[2m2026-09-14T11:05:10.553676Z[0m [31mERROR[0m codec_extension ThreadId(12) [2mzenoh_codec::common::extension[0m[2m:[0m Unknown Test ext: ZExtUnknown { Id: 0, Mandatory: true, Encoding: "Unit" }
[2m2026-09-14T11:05:10.553686Z[0m [31mERROR[0m codec_extension ThreadId(12) [2mzenoh_codec::common::extension[0m[2m:[0m Unknown Test ext: ZExtUnknown { Id: 0, Mandatory: true, Encoding: "Unit" }
[2m2026-09-14T11:05:10.553689Z[0m [31mERROR[0m codec_extension ThreadId(12) [2mzenoh_codec::common::extension[0m[2m:[0m Unknown Test ext: ZExtUnknown { Id: 0, Mandatory: true, Encoding: "Unit" }
[2m2026-09-14T11:05:10.553692Z[0m [31mERROR[0m codec_extension ThreadId(12) [2mzenoh_codec::common::extension[0m[2m:[0m Unknown Test ext: ZExtUnknown { Id: 0, Mandatory: true, Encoding: "Unit" }
[2m2026-09-14T11:05:10.553695Z[0m [31mERROR[0m codec_extension ThreadId(12) [2mzenoh_codec::common::extension[0m[2m:[0m Unknown Test ext: ZExtUnknown { Id: 0, Mandatory: true, Encoding: "Unit" }
[2m2026-09-14T11:05:10.553698Z[0m [31mERROR[0m codec_extension ThreadId(12) [2mzenoh_codec::common::extension[0m[2m:[0m Unknown Test ext: ZExtUnknown { Id: 0, Mandatory: true, Encoding: "Unit" }
[2m2026-09-14T11:05:10.553701Z[0m [31mERROR[0m codec_extension ThreadId(12) [2mzenoh_codec::common::extension[0m[2m:[0m Unknown Test ext: ZExtUnknown { Id: 0, Mandatory: true, Encoding: "Unit" }
[2m2026-09-14T11:05:10.553704Z[0m [31mERROR[0m codec_extension ThreadId(12) [2mzenoh_codec::common::extension[0m[2m:[0m Unknown Test ext: ZExtUnknown { Id: 0, Mandatory: true, Encoding: "Unit" }
[2m2026-09-14T11:05:10.553707Z[0m [31mERROR[0m codec_extension ThreadId(12) [2mzenoh_codec::common::extension[0m[2m:[0m Unknown Test ext: ZExtUnknown { Id: 0, Mandatory: true, Encoding: "Unit" }
[2m2026-09-14T11:05:10.553710Z[0m [31mERROR[0m codec_extension ThreadId(12) [2mzenoh_codec::common::extension[0m[2m:[0m Unknown Test ext: ZExtUnknown { Id: 0, Mandatory: true, Encoding: "Unit" }
[2m2026-09-14T11:05:10.553715Z[0m [31mERROR[0m codec_extension ThreadId(12) [2mzenoh_codec::common::extension[0m[2m:[0m Unknown Test ext: ZExtUnknown { Id: 0, Mandatory: true, Encoding: "Unit" }
[2m2026-09-14T11:05:10.553721Z[0m [31mERROR[0m codec_extension ThreadId(12) [2mzenoh_codec::common::extension[0m[2m:[0m Unknown Test ext: ZExtUnknown { Id: 0, Mandatory: true, Encoding: "Unit" }
[2m2026-09-14T11:05:10.553726Z[0m [31mERROR[0m codec_extension ThreadId(12) [2mzenoh_codec::common::extension[0m[2m:[0m Unknown Test ext: ZExtUnknown { Id: 0, Mandatory: true, Encoding: "Unit" }
[2m2026-09-14T11:05:10.553731Z[0m [31mERROR[0m codec_extension ThreadId(12) [2mzenoh_codec::common::extension[0m[2m:[0m Unknown Test ext: ZExtUnknown { Id: 0, Mandatory: true, Encoding: "Unit" }
[2m2026-09-14T11:05:10.553735Z[0m [31mERROR[0m codec_extension ThreadId(12) [2mzenoh_codec::common::extension[0m[2m:[0m Unknown Test ext: ZExtUnknown { Id: 0, Mandatory: true, Encoding: "Unit" }
[2m2026-09-14T11:05:10.553738Z[0m [31mERROR[0m codec_extension ThreadId(12) [2mzenoh_codec::common::extension[0m[2m:[0m Unknown Test ext: ZExtUnknown { Id: 0, Mandatory: true, Encoding: "Unit" }
[2m2026-09-14T11:05:10.553741Z[0m [31mERROR[0m codec_extension ThreadId(12) [2mzenoh_codec::common::extension[0m[2m:[0m Unknown Test ext: ZExtUnknown { Id: 0, Mandatory: true, Encoding: "Unit" }
[2m2026-09-14T11:05:10.553744Z[0m [31mERROR[0m codec_extension ThreadId(12) [2mzenoh_codec::common::extension[0m[2m:[0m Unknown Test ext: ZExtUnknown { Id: 0, Mandatory: true, Encoding: "Unit" }
[2m2026-09-14T11:05:10.553749Z[0m [31mERROR[0m codec_extension ThreadId(12) [2mzenoh_codec::common::extension[0m[2m:[0m Unknown Test ext: ZExtUnknown { Id: 0, Mandatory: true, Encoding: "Unit" }
[2m2026-09-14T11:05:10.553752Z[0m [31mERROR[0m codec_extension ThreadId(12) [2mzenoh_codec::common::extension[0m[2m:[0m Unknown Test ext: ZExtUnknown { Id: 0, Mandatory: true, Encoding: "Unit" }
[2m2026-09-14T11:05:10.553755Z[0m [31mERROR[0m codec_extension ThreadId(12) [2mzenoh_codec::common::extension[0m[2m:[0m Unknown Test ext: ZExtUnknown { Id: 0, Mandatory: true, Encoding: "Unit" }
[2m2026-09-14T11:05:10.553763Z[0m [31mERROR[0m codec_extension ThreadId(12) [2mzenoh_codec::common::extension[0m[2m:[0m Unknown Test ext: ZExtUnknown { Id: 0, Mandatory: true, Encoding: "Unit" }
[2m2026-09-14T11:05:10.553766Z[0m [31mERROR[0m codec_extension ThreadId(12) [2mzenoh_codec::common::extension[0m[2m:[0m Unknown Test ext: ZExtUnknown { Id: 0, Mandatory: true, Encoding: "Unit" }
[2m2026-09-14T11:05:10.553785Z[0m [31mERROR[0m codec_extension ThreadId(12) [2mzenoh_codec::common::extension[0m[2m:[0m Unknown Test ext: ZExtUnknown { Id: 0, Mandatory: true, Encoding: "Unit" }
[2m2026-09-14T11:05:10.553790Z[0m [31mERROR[0m codec_extension ThreadId(12) [2mzenoh_codec::common::extension[0m[2m:[0m Unknown Test ext: ZExtUnknown { Id: 0, Mandatory: true, Encoding: "Unit" }
[2m2026-09-14T11:05:10.553792Z[0m [31mERROR[0m codec_extension ThreadId(12) [2mzenoh_codec::common::extension[0m[2m:[0m Unknown Test ext: ZExtUnknown { Id: 0, Mandatory: true, Encoding: "Unit" }
[2m2026-09-14T11:05:10.553795Z[0m [31mERROR[0m codec_extension ThreadId(12) [2mzenoh_codec::common::extension[0m[2m:[0m Unknown Test ext: ZExtUnknown { Id: 0, Mandatory: true, Encoding: "Unit" }
[2m2026-09-14T11:05:10.553798Z[0m [31mERROR[0m codec_extension ThreadId(12) [2mzenoh_codec::common::extension[0m[2m:[0m Unknown Test ext: ZExtUnknown { Id: 0, Mandatory: true, Encoding: "Unit" }
[2m2026-09-14T11:05:10.553801Z[0m [31mERROR[0m codec_extension ThreadId(12) [2mzenoh_codec::common::extension[0m[2m:[0m Unknown Test ext: ZExtUnknown { Id: 0, Mandatory: true, Encoding: "Unit" }
[2m2026-09-14T11:05:10.553804Z[0m [31mERROR[0m codec_extension ThreadId(12) [2mzenoh_codec::common::extension[0m[2m:[0m Unknown Test ext: ZExtUnknown { Id: 0, Mandatory: true, Encoding: "Unit" }
[2m2026-09-14T11:05:10.553807Z[0m [31mERROR[0m codec_extension ThreadId(12) [2mzenoh_codec::common::extension[0m[2m:[0m Unknown Test ext: ZExtUnknown { Id: 0, Mandatory: true, Encoding: "Unit" }
[2m2026-09-14T11:05:10.553810Z[0m [31mERROR[0m codec_extension ThreadId(12) [2mzenoh_codec::common::extension[0m[2m:[0m Unknown Test ext: ZExtUnknown { Id: 0, Mandatory: true, Encoding: "Unit" }
[2m2026-09-14T11:05:10.553815Z[0m [31mERROR[0m codec_extension ThreadId(12) [2mzenoh_codec::common::extension[0m[2m:[0m Unknown Test ext: ZExtUnknown { Id: 0, Mandatory: true, Encoding: "Unit" }
[2m2026-09-14T11:05:10.553818Z[0m [31mERROR[0m codec_extension ThreadId(12) [2mzenoh_codec::common::extension[0m[2m:[0m Unknown Test ext: ZExtUnknown { Id: 0, Mandatory: true, Encoding: "Unit" }
[2m2026-09-14T11:05:10.553821Z[0m [31mERROR[0m codec_extension ThreadId(12) [2mzenoh_codec::common::extension[0m[2m:[0m Unknown Test ext: ZExtUnknown { Id: 0, Mandatory: true, Encoding: "Unit" }
[2m2026-09-14T11:05:10.553824Z[0m [31mERROR[0m codec_extension ThreadId(12) [2mzenoh_codec::common::extension[0m[2m:[0m Unknown Test ext: ZExtUnknown { Id: 0, Mandatory: true, Encoding: "Unit" }
[2m2026-09-14T11:05:10.553827Z[0m [31mERROR[0m codec_extension ThreadId(12) [2mzenoh_codec::common::extension[0m[2m:[0m Unknown Test ext: ZExtUnknown { Id: 0, Mandatory: true, Encoding: "Unit" }
[2m2026-09-14T11:05:10.553829Z[0m [31mERROR[0m codec_extension ThreadId(12) [2mzenoh_codec::common::extension[0m[2m:[0m Unknown Test ext: ZExtUnknown { Id: 0, Mandatory: true, Encoding: "Unit" }
[2m2026-09-14T11:05:10.553832Z[0m [31mERROR[0m codec_extension ThreadId(12) [2mzenoh_codec::common::extension[0m[2m:[0m Unknown Test ext: ZExtUnknown { Id: 0, Mandatory: true, Encoding: "Unit" }
[2m2026-09-14T11:05:10.553835Z[0m [31mERROR[0m codec_extension ThreadId(12) [2mzenoh_codec::common::extension[0m[2m:[0m Unknown Test ext: ZExtUnknown { Id: 0, Mandatory: true, Encoding: "Unit" }
[2m2026-09-14T11:05:10.553838Z[0m [31mERROR[0m codec_extension ThreadId(12) [2mzenoh_codec::common::extension[0m[2m:[0m Unknown Test ext: ZExtUnknown { Id: 0, Mandatory: true, Encoding: "Unit" }
[2m2026-09-14T11:05:10.553843Z[0m [31mERROR[0m codec_extension ThreadId(12) [2mzenoh_codec::common::extension[0m[2m:[0m Unknown Test ext: ZExtUnknown { Id: 0, Mandatory: true, Encoding: "Unit" }
[2m2026-09-14T11:05:10.553855Z[0m [31mERROR[0m codec_extension ThreadId(12) [2mzenoh_codec::common::extension[0m[2m:[0m Unknown Test ext: ZExtUnknown { Id: 0, Mandatory: true, Encoding: "Unit" }
[2m2026-09-14T11:05:10.553859Z[0m [31mERROR[0m codec_extension ThreadId(12) [2mzenoh_codec::common::extension[0m[2m:[0m Unknown Test ext: ZExtUnknown { Id: 0, Mandatory: true, Encoding: "Unit" }
[2m2026-09-14T11:05:10.553861Z[0m [31mERROR[0m codec_extension ThreadId(12) [2mzenoh_codec::common::extension[0m[2m:[0m Unknown Test ext: ZExtUnknown { Id: 0, Mandatory: true, Encoding: "Unit" }
[2m2026-09-14T11:05:10.553864Z[0m [31mERROR[0m codec_extension ThreadId(12) [2mzenoh_codec::common::extension[0m[2m:[0m Unknown Test ext: ZExtUnknown { Id: 0, Mandatory: true, Encoding: "Unit" }
[2m2026-09-14T11:05:10.553867Z[0m [31mERROR[0m codec_extension ThreadId(12) [2mzenoh_codec::common::extension[0m[2m:[0m Unknown Test ext: ZExtUnknown { Id: 0, Mandatory: true, Encoding: "Unit" }
[2m2026-09-14T11:05:10.553870Z[0m [31mERROR[0m codec_extension ThreadId(12) [2mzenoh_codec::common::extension[0m[2m:[0m Unknown Test ext: ZExtUnknown { Id: 0, Mandatory: true, Encoding: "Unit" }
[2m2026-09-14T11:05:10.553873Z[0m [31mERROR[0m codec_extension ThreadId(12) [2mzenoh_codec::common::extension[0m[2m:[0m Unknown Test ext: ZExtUnknown { Id: 0, Mandatory: true, Encoding: "Unit" }
[2m2026-09-14T11:05:10.553876Z[0m [31mERROR[0m codec_extension ThreadId(12) [2mzenoh_codec::common::extension[0m[2m:[0m Unknown Test ext: ZExtUnknown { Id: 0, Mandatory: true, Encoding: "Unit" }
[2m2026-09-14T11:05:10.553881Z[0m [31mERROR[0m codec_extension ThreadId(12) [2mzenoh_codec::common::extension[0m[2m:[0m Unknown Test ext: ZExtUnknown { Id: 0, Mandatory: true, Encoding: "Unit" }
[2m2026-09-14T11:05:10.553884Z[0m [31mERROR[0m codec_extension ThreadId(12) [2mzenoh_codec::common::extension[0m[2m:[0m Unknown Test ext: ZExtUnknown { Id: 0, Mandatory: true, Encoding: "Unit" }
[2m2026-09-14T11:05:10.553888Z[0m [31mERROR[0m codec_extension ThreadId(12) [2mzenoh_codec::common::extension[0m[2m:[0m Unknown Test ext: ZExtUnknown { Id: 0, Mandatory: true, Encoding: "Unit" }
[2m2026-09-14T11:05:10.553892Z[0m [31mERROR[0m codec_extension ThreadId(12) [2mzenoh_codec::common::extension[0m[2m:[0m Unknown Test ext: ZExtUnknown { Id: 0, Mandatory: true, Encoding: "Unit" }
[2m2026-09-14T11:05:10.553895Z[0m [31mERROR[0m codec_extension ThreadId(12) [2mzenoh_codec::common::extension[0m[2m:[0m Unknown Test ext: ZExtUnknown { Id: 0, Mandatory: true, Encoding: "Unit" }
[2m2026-09-14T11:05:10.553900Z[0m [31mERROR[0m codec_extension ThreadId(12) [2mzenoh_codec::common::extension[0m[2m:[0m Unknown Test ext: ZExtUnknown { Id: 0, Mandatory: true, Encoding: "Unit" }
[2m2026-09-14T11:05:10.553906Z[0m [31mERROR[0m codec_extension ThreadId(12) [2mzenoh_codec::common::extension[0m[2m:[0m Unknown Test ext: ZExtUnknown { Id: 0, Mandatory: true, Encoding: "Unit" }
[2m2026-09-14T11:05:10.553909Z[0m [31mERROR[0m codec_extension ThreadId(12) [2mzenoh_codec::common::extension[0m[2m:[0m Unknown Test ext: ZExtUnknown { Id: 0, Mandatory: true, Encoding: "Unit" }
[2m2026-09-14T11:05:10.553912Z[0m [31mERROR[0m codec_extension ThreadId(12) [2mzenoh_codec::common::extension[0m[2m:[0m Unknown Test ext: ZExtUnknown { Id: 0, Mandatory: true, Encoding: "Unit" }
[2m2026-09-14T11:05:10.553914Z[0m [31mERROR[0m codec_extension ThreadId(12) [2mzenoh_codec::common::extension[0m[2m:[0m Unknown Test ext: ZExtUnknown { Id: 0, Mandatory: true, Encoding: "Unit" }
[2m2026-09-14T11:05:10.553917Z[0m [31mERROR[0m codec_extension ThreadId(12) [2mzenoh_codec::common::extension[0m[2m:[0m Unknown Test ext: ZExtUnknown { Id: 0, Mandatory: true, Encoding: "Unit" }
[2m2026-09-14T11:05:10.553920Z[0m [31mERROR[0m codec_extension ThreadId(12) [2mzenoh_codec::common::extension[0m[2m:[0m Unknown Test ext: ZExtUnknown { Id: 0, Mandatory: true, Encoding: "Unit" }
[2m2026-09-14T11:05:10.553932Z[0m [31mERROR[0m codec_extension ThreadId(12) [2mzenoh_codec::common::extension[0m[2m:[0m Unknown Test ext: ZExtUnknown { Id: 0, Mandatory: true, Encoding: "Unit" }
[2m2026-09-14T11:05:10.553936Z[0m [31mERROR[0m codec_extension ThreadId(12) [2mzenoh_codec::common::extension[0m[2m:[0m Unknown Test ext: ZExtUnknown { Id: 0, Mandatory: true, Encoding: "Unit" }
[2m2026-09-14T11:05:10.553939Z[0m [31mERROR[0m codec_extension ThreadId(12) [2mzenoh_codec::common::extension[0m[2m:[0m Unknown Test ext: ZExtUnknown { Id: 0, Mandatory: true, Encoding: "Unit" }
[2m2026-09-14T11:05:10.553942Z[0m [31mERROR[0m codec_extension ThreadId(12) [2mzenoh_codec::common::extension[0m[2m:[0m Unknown Test ext: ZExtUnknown { Id: 0, Mandatory: true, Encoding: "Unit" }
[2m2026-09-14T11:05:10.553945Z[0m [31mERROR[0m codec_extension ThreadId(12) [2mzenoh_codec::common::extension[0m[2m:[0m Unknown Test ext: ZExtUnknown { Id: 0, Mandatory: true, Encoding: "Unit" }
[2m2026-09-14T11:05:10.554207Z[0m [31mERROR[0m codec_extension ThreadId(12) [2mzenoh_codec::common::extension[0m[2m:[0m Unknown Test ext: ZExtUnknown { Id: 1, Mandatory: true, Encoding: "Z64", Value: 8563567055423787611 }
[2m2026-09-14T11:05:10.554266Z[0m [31mERROR[0m codec_extension ThreadId(12) [2mzenoh_codec::common::extension[0m[2m:[0m Unknown Test ext: ZExtUnknown { Id: 1, Mandatory: true, Encoding: "Z64", Value: 5223217072302741539 }
[2m2026-09-14T11:05:10.554284Z[0m [31mERROR[0m codec_extension ThreadId(12) [2mzenoh_codec::common::extension[0m[2m:[0m Unknown Test ext: ZExtUnknown { Id: 1, Mandatory: true, Encoding: "Z64", Value: 3147174239230134341 }
[2m2026-09-14T11:05:10.554290Z[0m [31mERROR[0m codec_extension ThreadId(12) [2mzenoh_codec::common::extension[0m[2m:[0m Unknown Test ext: ZExtUnknown { Id: 1, Mandatory: true, Encoding: "Z64", Value: 8051185203626256826 }
[2m2026-09-14T11:05:10.554296Z[0m [31mERROR[0m codec_extension ThreadId(12) [2mzenoh_codec::common::extension[0m[2m:[0m Unknown Test ext: ZExtUnknown { Id: 1, Mandatory: true, Encoding: "Z64", Value: 8938106073428264323 }
[2m2026-09-14T11:05:10.554306Z[0m [31mERROR[0m codec_extension ThreadId(12) [2mzenoh_codec::common::extension[0m[2m:[0m Unknown Test ext: ZExtUnknown { Id: 1, Mandatory: true, Encoding: "Z64", Value: 4520151220272454243 }
[2m2026-09-14T11:05:10.554315Z[0m [31mERROR[0m codec_extension ThreadId(12) [2mzenoh_codec::common::extension[0m[2m:[0m Unknown Test ext: ZExtUnknown { Id: 1, Mandatory: true, Encoding: "Z64", Value: 6120638823348619924 }
[2m2026-09-14T11:05:10.554327Z[0m [31mERROR[0m codec_extension ThreadId(12) [2mzenoh_codec::common::extension[0m[2m:[0m Unknown Test ext: ZExtUnknown { Id: 1, Mandatory: true, Encoding: "Z64", Value: 3364228056950164158 }
[2m2026-09-14T11:05:10.554335Z[0m [31mERROR[0m codec_extension ThreadId(12) [2mzenoh_codec::common::extension[0m[2m:[0m Unknown Test ext: ZExtUnknown { Id: 1, Mandatory: true, Encoding: "Z64", Value: 10910963103190226600 }
[2m2026-09-14T11:05:10.554340Z[0m [31mERROR[0m codec_extension ThreadId(12) [2mzenoh_codec::common::extension[0m[2m:[0m Unknown Test ext: ZExtUnknown { Id: 1, Mandatory: true, Encoding: "Z64", Value: 4455069269775323711 }
[2m2026-09-14T11:05:10.554345Z[0m [31mERROR[0m codec_extension ThreadId(12) [2mzenoh_codec::common::extension[0m[2m:[0m Unknown Test ext: ZExtUnknown { Id: 1, Mandatory: true, Encoding: "Z64", Value: 7563191126848554936 }
[2m2026-09-14T11:05:10.554354Z[0m [31mERROR[0m codec_extension ThreadId(12) [2mzenoh_codec::common::extension[0m[2m:[0m Unknown Test ext: ZExtUnknown { Id: 1, Mandatory: true, Encoding: "Z64", Value: 5901865106909574198 }
[2m2026-09-14T11:05:10.554366Z[0m [31mERROR[0m codec_extension ThreadId(12) [2mzenoh_codec::common::extension[0m[2m:[0m Unknown Test ext: ZExtUnknown { Id: 1, Mandatory: true, Encoding: "Z64", Value: 15893212466032195097 }
[2m2026-09-14T11:05:10.554410Z[0m [31mERROR[0m codec_extension ThreadId(12) [2mzenoh_codec::common::extension[0m[2m:[0m Unknown Test ext: ZExtUnknown { Id: 1, Mandatory: true, Encoding: "Z64", Value: 15233675705983538137 }
[2m2026-09-14T11:05:10.554418Z[0m [31mERROR[0m codec_extension ThreadId(12) [2mzenoh_codec::common::extension[0m[2m:[0m Unknown Test ext: ZExtUnknown { Id: 1, Mandatory: true, Encoding: "Z64", Value: 6879420367948736988 }
[2m2026-09-14T11:05:10.554423Z[0m [31mERROR[0m codec_extension ThreadId(12) [2mzenoh_codec::common::extension[0m[2m:[0m Unknown Test ext: ZExtUnknown { Id: 1, Mandatory: true, Encoding: "Z64", Value: 8629124972829449829 }
[2m2026-09-14T11:05:10.554427Z[0m [31mERROR[0m codec_extension ThreadId(12) [2mzenoh_codec::common::extension[0m[2m:[0m Unknown Test ext: ZExtUnknown { Id: 1, Mandatory: true, Encoding: "Z64", Value: 3135899515918843530 }
[2m2026-09-14T11:05:10.554432Z[0m [31mERROR[0m codec_extension ThreadId(12) [2mzenoh_codec::common::extension[0m[2m:[0m Unknown Test ext: ZExtUnknown { Id: 1, Mandatory: true, Encoding: "Z64", Value: 12192867063309346609 }
[2m2026-09-14T11:05:10.554441Z[0m [31mERROR[0m codec_extension ThreadId(12) [2mzenoh_codec::common::extension[0m[2m:[0m Unknown Test ext: ZExtUnknown { Id: 1, Mandatory: true, Encoding: "Z64", Value: 13452253366018482372 }
[2m2026-09-14T11:05:10.554451Z[0m [31mERROR[0m codec_extension ThreadId(12) [2mzenoh_codec::common::extension[0m[2m:[0m Unknown Test ext: ZExtUnknown { Id: 1, Mandatory: true, Encoding: "Z64", Value: 8012548849904722750 }
[2m2026-09-14T11:05:10.554457Z[0m [31mERROR[0m codec_extension ThreadId(12) [2mzenoh_codec::common::extension[0m[2m:[0m Unknown Test ext: ZExtUnknown { Id: 1, Mandatory: true, Encoding: "Z64", Value: 15297952689147772725 }
[2m2026-09-14T11:05:10.554462Z[0m [31mERROR[0m codec_extension ThreadId(12) [2mzenoh_codec::common::extension[0m[2m:[0m Unknown Test ext: ZExtUnknown { Id: 1, Mandatory: true, Encoding: "Z64", Value: 432997443683383253 }
[2m2026-09-14T11:05:10.554466Z[0m [31mERROR[0m codec_extension ThreadId(12) [2mzenoh_codec::common::extension[0m[2m:[0m Unknown Test ext: ZExtUnknown { Id: 1, Mandatory: true, Encoding: "Z64", Value: 10881825213625527415 }
[2m2026-09-14T11:05:10.554473Z[0m [31mERROR[0m codec_extension ThreadId(12) [2mzenoh_codec::common::extension[0m[2m:[0m Unknown Test ext: ZExtUnknown { Id: 1, Mandatory: true, Encoding: "Z64", Value: 7510017808329047690 }
[2m2026-09-14T11:05:10.554482Z[0m [31mERROR[0m codec_extension ThreadId(12) [2mzenoh_codec::common::extension[0m[2m:[0m Unknown Test ext: ZExtUnknown { Id: 1, Mandatory: true, Encoding: "Z64", Value: 17235941195255927099 }
[2m2026-09-14T11:05:10.554491Z[0m [31mERROR[0m codec_extension ThreadId(12) [2mzenoh_codec::common::extension[0m[2m:[0m Unknown Test ext: ZExtUnknown { Id: 1, Mandatory: true, Encoding: "Z64", Value: 16958856262744256697 }
[2m2026-09-14T11:05:10.554496Z[0m [31mERROR[0m codec_extension ThreadId(12) [2mzenoh_codec::common::extension[0m[2m:[0m Unknown Test ext: ZExtUnknown { Id: 1, Mandatory: true, Encoding: "Z64", Value: 10709640748192506171 }
[2m2026-09-14T11:05:10.554500Z[0m [31mERROR[0m codec_extension ThreadId(12) [2mzenoh_codec::common::extension[0m[2m:[0m Unknown Test ext: ZExtUnknown { Id: 1, Mandatory: true, Encoding: "Z64", Value: 12262347738538761740 }
[2m2026-09-14T11:05:10.554506Z[0m [31mERROR[0m codec_extension ThreadId(12) [2mzenoh_codec::common::extension[0m[2m:[0m Unknown Test ext: ZExtUnknown { Id: 1, Mandatory: true, Encoding: "Z64", Value: 11970988679112152005 }
[2m2026-09-14T11:05:10.554516Z[0m [31mERROR[0m codec_extension ThreadId(12) [2mzenoh_codec::common::extension[0m[2m:[0m Unknown Test ext: ZExtUnknown { Id: 1, Mandatory: true, Encoding: "Z64", Value: 6118802493637783857 }
[2m2026-09-14T11:05:10.554526Z[0m [31mERROR[0m codec_extension ThreadId(12) [2mzenoh_codec::common::extension[0m[2m:[0m Unknown Test ext: ZExtUnknown { Id: 1, Mandatory: true, Encoding: "Z64", Value: 13535713126140840116 }
[2m2026-09-14T11:05:10.554546Z[0m [31mERROR[0m codec_extension ThreadId(12) [2mzenoh_codec::common::extension[0m[2m:[0m Unknown Test ext: ZExtUnknown { Id: 1, Mandatory: true, Encoding: "Z64", Value: 14461360363029916296 }
[2m2026-09-14T11:05:10.554551Z[0m [31mERROR[0m codec_extension ThreadId(12) [2mzenoh_codec::common::extension[0m[2m:[0m Unknown Test ext: ZExtUnknown { Id: 1, Mandatory: true, Encoding: "Z64", Value: 17919352900292777595 }
[2m2026-09-14T11:05:10.554556Z[0m [31mERROR[0m codec_extension ThreadId(12) [2mzenoh_codec::common::extension[0m[2m:[0m Unknown Test ext: ZExtUnknown { Id: 1, Mandatory: true, Encoding: "Z64", Value: 11141522240124356033 }
[2m2026-09-14T11:05:10.554578Z[0m [31mERROR[0m codec_extension ThreadId(12) [2mzenoh_codec::common::extension[0m[2m:[0m Unknown Test ext: ZExtUnknown { Id: 1, Mandatory: true, Encoding: "Z64", Value: 15419709070564904262 }
[2m2026-09-14T11:05:10.554587Z[0m [31mERROR[0m codec_extension ThreadId(12) [2mzenoh_codec::common::extension[0m[2m:[0m Unknown Test ext: ZExtUnknown { Id: 1, Mandatory: true, Encoding: "Z64", Value: 6682907695005838920 }
[2m2026-09-14T11:05:10.554592Z[0m [31mERROR[0m codec_extension ThreadId(12) [2mzenoh_codec::common::extension[0m[2m:[0m Unknown Test ext: ZExtUnknown { Id: 1, Mandatory: true, Encoding: "Z64", Value: 7571338178488792407 }
[2m2026-09-14T11:05:10.554597Z[0m [31mERROR[0m codec_extension ThreadId(12) [2mzenoh_codec::common::extension[0m[2m:[0m Unknown Test ext: ZExtUnknown { Id: 1, Mandatory: true, Encoding: "Z64", Value: 566926911734623612 }
[2m2026-09-14T11:05:10.554601Z[0m [31mERROR[0m codec_extension ThreadId(12) [2mzenoh_codec::common::extension[0m[2m:[0m Unknown Test ext: ZExtUnknown { Id: 1, Mandatory: true, Encoding: "Z64", Value: 7319066506540703629 }
[2m2026-09-14T11:05:10.554610Z[0m [31mERROR[0m codec_extension ThreadId(12) [2mzenoh_codec::common::extension[0m[2m:[0m Unknown Test ext: ZExtUnknown { Id: 1, Mandatory: true, Encoding: "Z64", Value: 119890950738917353 }
[2m2026-09-14T11:05:10.554622Z[0m [31mERROR[0m codec_extension ThreadId(12) [2mzenoh_codec::common::extension[0m[2m:[0m Unknown Test ext: ZExtUnknown { Id: 1, Mandatory: true, Encoding: "Z64", Value: 988171289423930732 }
[2m2026-09-14T11:05:10.554630Z[0m [31mERROR[0m codec_extension ThreadId(12) [2mzenoh_codec::common::extension[0m[2m:[0m Unknown Test ext: ZExtUnknown { Id: 1, Mandatory: true, Encoding: "Z64", Value: 17856853138448433652 }
[2m2026-09-14T11:05:10.554635Z[0m [31mERROR[0m codec_extension ThreadId(12) [2mzenoh_codec::common::extension[0m[2m:[0m Unknown Test ext: ZExtUnknown { Id: 1, Mandatory: true, Encoding: "Z64", Value: 11605182030743777700 }
[2m2026-09-14T11:05:10.554639Z[0m [31mERROR[0m codec_extension ThreadId(12) [2mzenoh_codec::common::extension[0m[2m:[0m Unknown Test ext: ZExtUnknown { Id: 1, Mandatory: true, Encoding: "Z64", Value: 10510886988425577423 }
[2m2026-09-14T11:05:10.554644Z[0m [31mERROR[0m codec_extension ThreadId(12) [2mzenoh_codec::common::extension[0m[2m:[0m Unknown Test ext: ZExtUnknown { Id: 1, Mandatory: true, Encoding: "Z64", Value: 8458071268707154806 }
[2m2026-09-14T11:05:10.554649Z[0m [31mERROR[0m codec_extension ThreadId(12) [2mzenoh_codec::common::extension[0m[2m:[0m Unknown Test ext: ZExtUnknown { Id: 1, Mandatory: true, Encoding: "Z64", Value: 6170539078294741954 }
[2m2026-09-14T11:05:10.554657Z[0m [31mERROR[0m codec_extension ThreadId(12) [2mzenoh_codec::common::extension[0m[2m:[0m Unknown Test ext: ZExtUnknown { Id: 1, Mandatory: true, Encoding: "Z64", Value: 10130020672451455791 }
[2m2026-09-14T11:05:10.554664Z[0m [31mERROR[0m codec_extension ThreadId(12) [2mzenoh_codec::common::extension[0m[2m:[0m Unknown Test ext: ZExtUnknown { Id: 1, Mandatory: true, Encoding: "Z64", Value: 6337161358400241830 }
[2m2026-09-14T11:05:10.554670Z[0m [31mERROR[0m codec_extension ThreadId(12) [2mzenoh_codec::common::extension[0m[2m:[0m Unknown Test ext: ZExtUnknown { Id: 1, Mandatory: true, Encoding: "Z64", Value: 5612306662830674340 }
[2m2026-09-14T11:05:10.554677Z[0m [31mERROR[0m codec_extension ThreadId(12) [2mzenoh_codec::common::extension[0m[2m:[0m Unknown Test ext: ZExtUnknown { Id: 1, Mandatory: true, Encoding: "Z64", Value: 18150283632113411181 }
[2m2026-09-14T11:05:10.554681Z[0m [31mERROR[0m codec_extension ThreadId(12) [2mzenoh_codec::common::extension[0m[2m:[0m Unknown Test ext: ZExtUnknown { Id: 1, Mandatory: true, Encoding: "Z64", Value: 15354939985987767844 }
[2m2026-09-14T11:05:10.554686Z[0m [31mERROR[0m codec_extension ThreadId(12) [2mzenoh_codec::common::extension[0m[2m:[0m Unknown Test ext: ZExtUnknown { Id: 1, Mandatory: true, Encoding: "Z64", Value: 14339997798954702651 }
[2m2026-09-14T11:05:10.554695Z[0m [31mERROR[0m codec_extension ThreadId(12) [2mzenoh_codec::common::extension[0m[2m:[0m Unknown Test ext: ZExtUnknown { Id: 1, Mandatory: true, Encoding: "Z64", Value: 4072418021552047965 }
[2m2026-09-14T11:05:10.554703Z[0m [31mERROR[0m codec_extension ThreadId(12) [2mzenoh_codec::common::extension[0m[2m:[0m Unknown Test ext: ZExtUnknown { Id: 1, Mandatory: true, Encoding: "Z64", Value: 8880771809158596414 }
[2m2026-09-14T11:05:10.554708Z[0m [31mERROR[0m codec_extension ThreadId(12) [2mzenoh_codec::common::extension[0m[2m:[0m Unknown Test ext: ZExtUnknown { Id: 1, Mandatory: true, Encoding: "Z64", Value: 9252177585240366906 }
[2m2026-09-14T11:05:10.554712Z[0m [31mERROR[0m codec_extension ThreadId(12) [2mzenoh_codec::common::extension[0m[2m:[0m Unknown Test ext: ZExtUnknown { Id: 1, Mandatory: true, Encoding: "Z64", Value: 16640248793871573664 }
[2m2026-09-14T11:05:10.554734Z[0m [31mERROR[0m codec_extension ThreadId(12) [2mzenoh_codec::common::extension[0m[2m:[0m Unknown Test ext: ZExtUnknown { Id: 1, Mandatory: true, Encoding: "Z64", Value: 14422735959701660695 }
[2m2026-09-14T11:05:10.554745Z[0m [31mERROR[0m codec_extension ThreadId(12) [2mzenoh_codec::common::extension[0m[2m:[0m Unknown Test ext: ZExtUnknown { Id: 1, Mandatory: true, Encoding: "Z64", Value: 9303351146867062626 }
[2m2026-09-14T11:05:10.554755Z[0m [31mERROR[0m codec_extension ThreadId(12) [2mzenoh_codec::common::extension[0m[2m:[0m Unknown Test ext: ZExtUnknown { Id: 1, Mandatory: true, Encoding: "Z64", Value: 9333412306959510544 }
[2m2026-09-14T11:05:10.554762Z[0m [31mERROR[0m codec_extension ThreadId(12) [2mzenoh_codec::common::extension[0m[2m:[0m Unknown Test ext: ZExtUnknown { Id: 1, Mandatory: true, Encoding: "Z64", Value: 2728436016639145187 }
[2m2026-09-14T11:05:10.554766Z[0m [31mERROR[0m codec_extension ThreadId(12) [2mzenoh_codec::common::extension[0m[2m:[0m Unknown Test ext: ZExtUnknown { Id: 1, Mandatory: true, Encoding: "Z64", Value: 1207667809504091556 }
[2m2026-09-14T11:05:10.554771Z[0m [31mERROR[0m codec_extension ThreadId(12) [2mzenoh_codec::common::extension[0m[2m:[0m Unknown Test ext: ZExtUnknown { Id: 1, Mandatory: true, Encoding: "Z64", Value: 10222985612985643373 }
[2m2026-09-14T11:05:10.554775Z[0m [31mERROR[0m codec_extension ThreadId(12) [2mzenoh_codec::common::extension[0m[2m:[0m Unknown Test ext: ZExtUnknown { Id: 1, Mandatory: true, Encoding: "Z64", Value: 14832215633665198701 }
[2m2026-09-14T11:05:10.554787Z[0m [31mERROR[0m codec_extension ThreadId(12) [2mzenoh_codec::common::extension[0m[2m:[0m Unknown Test ext: ZExtUnknown { Id: 1, Mandatory: true, Encoding: "Z64", Value: 13130787154433660168 }
[2m2026-09-14T11:05:10.554798Z[0m [31mERROR[0m codec_extension ThreadId(12) [2mzenoh_codec::common::extension[0m[2m:[0m Unknown Test ext: ZExtUnknown { Id: 1, Mandatory: true, Encoding: "Z64", Value: 10902197408120231142 }
[2m2026-09-14T11:05:10.554807Z[0m [31mERROR[0m codec_extension ThreadId(12) [2mzenoh_codec::common::extension[0m[2m:[0m Unknown Test ext: ZExtUnknown { Id: 1, Mandatory: true, Encoding: "Z64", Value: 13175449719506175682 }
[2m2026-09-14T11:05:10.554816Z[0m [31mERROR[0m codec_extension ThreadId(12) [2mzenoh_codec::common::extension[0m[2m:[0m Unknown Test ext: ZExtUnknown { Id: 1, Mandatory: true, Encoding: "Z64", Value: 4762054349469685992 }
[2m2026-09-14T11:05:10.554822Z[0m [31mERROR[0m codec_extension ThreadId(12) [2mzenoh_codec::common::extension[0m[2m:[0m Unknown Test ext: ZExtUnknown { Id: 1, Mandatory: true, Encoding: "Z64", Value: 7366078147897178934 }
[2m2026-09-14T11:05:10.554827Z[0m [31mERROR[0m codec_extension ThreadId(12) [2mzenoh_codec::common::extension[0m[2m:[0m Unknown Test ext: ZExtUnknown { Id: 1, Mandatory: true, Encoding: "Z64", Value: 10960196949707912134 }
[2m2026-09-14T11:05:10.554831Z[0m [31mERROR[0m codec_extension ThreadId(12) [2mzenoh_codec::common::extension[0m[2m:[0m Unknown Test ext: ZExtUnknown { Id: 1, Mandatory: true, Encoding: "Z64", Value: 8114773938930260322 }
[2m2026-09-14T11:05:10.554841Z[0m [31mERROR[0m codec_extension ThreadId(12) [2mzenoh_codec::common::extension[0m[2m:[0m Unknown Test ext: ZExtUnknown { Id: 1, Mandatory: true, Encoding: "Z64", Value: 12330047812050112469 }
[2m2026-09-14T11:05:10.554852Z[0m [31mERROR[0m codec_extension ThreadId(12) [2mzenoh_codec::common::extension[0m[2m:[0m Unknown Test ext: ZExtUnknown { Id: 1, Mandatory: true, Encoding: "Z64", Value: 2110162817209173029 }
[2m2026-09-14T11:05:10.554860Z[0m [31mERROR[0m codec_extension ThreadId(12) [2mzenoh_codec::common::extension[0m[2m:[0m Unknown Test ext: ZExtUnknown { Id: 1, Mandatory: true, Encoding: "Z64", Value: 16857301658054817784 }
[2m2026-09-14T11:05:10.554864Z[0m [31mERROR[0m codec_extension ThreadId(12) [2mzenoh_codec::common::extension[0m[2m:[0m Unknown Test ext: ZExtUnknown { Id: 1, Mandatory: true, Encoding: "Z64", Value: 3873902684840490665 }
[2m2026-09-14T11:05:10.554874Z[0m [31mERROR[0m codec_extension ThreadId(12) [2mzenoh_codec::common::extension[0m[2m:[0m Unknown Test ext: ZExtUnknown { Id: 1, Mandatory: true, Encoding: "Z64", Value: 15695050805504269549 }
[2m2026-09-14T11:05:10.554885Z[0m [31mERROR[0m codec_extension ThreadId(12) [2mzenoh_codec::common::extension[0m[2m:[0m Unknown Test ext: ZExtUnknown { Id: 1, Mandatory: true, Encoding: "Z64", Value: 6062282632840150403 }
[2m2026-09-14T11:05:10.554894Z[0m [31mERROR[0m codec_extension ThreadId(12) [2mzenoh_codec::common::extension[0m[2m:[0m Unknown Test ext: ZExtUnknown { Id: 1, Mandatory: true, Encoding: "Z64", Value: 11654650485838402610 }
[2m2026-09-14T11:05:10.554920Z[0m [31mERROR[0m codec_extension ThreadId(12) [2mzenoh_codec::common::extension[0m[2m:[0m Unknown Test ext: ZExtUnknown { Id: 1, Mandatory: true, Encoding: "Z64", Value: 745095070472338290 }
[2m2026-09-14T11:05:10.554930Z[0m [31mERROR[0m codec_extension ThreadId(12) [2mzenoh_codec::common::extension[0m[2m:[0m Unknown Test ext: ZExtUnknown { Id: 1, Mandatory: true, Encoding: "Z64", Value: 903267338338848386 }
[2m2026-09-14T11:05:10.554938Z[0m [31mERROR[0m codec_extension ThreadId(12) [2mzenoh_codec::common::extension[0m[2m:[0m Unknown Test ext: ZExtUnknown { Id: 1, Mandatory: true, Encoding: "Z64", Value: 9001921810597119283 }
[2m2026-09-14T11:05:10.554945Z[0m [31mERROR[0m codec_extension ThreadId(12) [2mzenoh_codec::common::extension[0m[2m:[0m Unknown Test ext: ZExtUnknown { Id: 1, Mandatory: true, Encoding: "Z64", Value: 12203379065589725332 }
[2m2026-09-14T11:05:10.554951Z[0m [31mERROR[0m codec_extension ThreadId(12) [2mzenoh_codec::common::extension[0m[2m:[0m Unknown Test ext: ZExtUnknown { Id: 1, Mandatory: true, Encoding: "Z64", Value: 9463843135831087773 }
[2m2026-09-14T11:05:10.554961Z[0m [31mERROR[0m codec_extension ThreadId(12) [2mzenoh_codec::common::extension[0m[2m:[0m Unknown Test ext: ZExtUnknown { Id: 1, Mandatory: true, Encoding: "Z64", Value: 3119463422869675979 }
[2m2026-09-14T11:05:10.554992Z[0m [31mERROR[0m codec_extension ThreadId(12) [2mzenoh_codec::common::extension[0m[2m:[0m Unknown Test ext: ZExtUnknown { Id: 1, Mandatory: true, Encoding: "Z64", Value: 1468759498645385781 }
[2m2026-09-14T11:05:10.555128Z[0m [31mERROR[0m codec_extension ThreadId(12) [2mzenoh_codec::common::extension[0m[2m:[0m Unknown Test ext: ZExtUnknown { Id: 1, Mandatory: true, Encoding: "Z64", Value: 17239538581242148949 }
[2m2026-09-14T11:05:10.555141Z[0m [31mERROR[0m codec_extension ThreadId(12) [2mzenoh_codec::common::extension[0m[2m:[0m Unknown Test ext: ZExtUnknown { Id: 1, Mandatory: true, Encoding: "Z64", Value: 456043623788893786 }
[2m2026-09-14T11:05:10.555147Z[0m [31mERROR[0m codec_extension ThreadId(12) [2mzenoh_codec::common::extension[0m[2m:[0m Unknown Test ext: ZExtUnknown { Id: 1, Mandatory: true, Encoding: "Z64", Value: 11738452449209636571 }
[2m2026-09-14T11:05:10.555150Z[0m [31mERROR[0m codec_extension ThreadId(12) [2mzenoh_codec::common::extension[0m[2m:[0m Unknown Test ext: ZExtUnknown { Id: 1, Mandatory: true, Encoding: "Z64", Value: 10001650706551621681 }
[2m2026-09-14T11:05:10.555154Z[0m [31mERROR[0m codec_extension ThreadId(12) [2mzenoh_codec::common::extension[0m[2m:[0m Unknown Test ext: ZExtUnknown { Id: 1, Mandatory: true, Encoding: "Z64", Value: 13919169511186365920 }
[2m2026-09-14T11:05:10.555158Z[0m [31mERROR[0m codec_extension ThreadId(12) [2mzenoh_codec::common::extension[0m[2m:[0m Unknown Test ext: ZExtUnknown { Id: 1, Mandatory: true, Encoding: "Z64", Value: 8740900843689609701 }
[2m2026-09-14T11:05:10.555162Z[0m [31mERROR[0m codec_extension ThreadId(12) [2mzenoh_codec::common::extension[0m[2m:[0m Unknown Test ext: ZExtUnknown { Id: 1, Mandatory: true, Encoding: "Z64", Value: 6225182469686286861 }
[2m2026-09-14T11:05:10.555168Z[0m [31mERROR[0m codec_extension ThreadId(12) [2mzenoh_codec::common::extension[0m[2m:[0m Unknown Test ext: ZExtUnknown { Id: 1, Mandatory: true, Encoding: "Z64", Value: 10672933687682057713 }
[2m2026-09-14T11:05:10.555175Z[0m [31mERROR[0m codec_extension ThreadId(12) [2mzenoh_codec::common::extension[0m[2m:[0m Unknown Test ext: ZExtUnknown { Id: 1, Mandatory: true, Encoding: "Z64", Value: 17085808017568615245 }
[2m2026-09-14T11:05:10.555179Z[0m [31mERROR[0m codec_extension ThreadId(12) [2mzenoh_codec::common::extension[0m[2m:[0m Unknown Test ext: ZExtUnknown { Id: 1, Mandatory: true, Encoding: "Z64", Value: 1206840921788953656 }
[2m2026-09-14T11:05:10.555184Z[0m [31mERROR[0m codec_extension ThreadId(12) [2mzenoh_codec::common::extension[0m[2m:[0m Unknown Test ext: ZExtUnknown { Id: 1, Mandatory: true, Encoding: "Z64", Value: 4168239987527388607 }
[2m2026-09-14T11:05:10.555189Z[0m [31mERROR[0m codec_extension ThreadId(12) [2mzenoh_codec::common::extension[0m[2m:[0m Unknown Test ext: ZExtUnknown { Id: 1, Mandatory: true, Encoding: "Z64", Value: 14937137130838136139 }
[2m2026-09-14T11:05:10.555193Z[0m [31mERROR[0m codec_extension ThreadId(12) [2mzenoh_codec::common::extension[0m[2m:[0m Unknown Test ext: ZExtUnknown { Id: 1, Mandatory: true, Encoding: "Z64", Value: 16806860645386819192 }
[2m2026-09-14T11:05:10.555197Z[0m [31mERROR[0m codec_extension ThreadId(12) [2mzenoh_codec::common::extension[0m[2m:[0m Unknown Test ext: ZExtUnknown { Id: 1, Mandatory: true, Encoding: "Z64", Value: 7016486567293922548 }
[2m2026-09-14T11:05:10.555245Z[0m [31mERROR[0m codec_extension ThreadId(12) [2mzenoh_codec::common::extension[0m[2m:[0m Unknown Test ext: ZExtUnknown { Id: 1, Mandatory: true, Encoding: "Z64", Value: 14551883503805065182 }
[2m2026-09-14T11:05:10.555252Z[0m [31mERROR[0m codec_extension ThreadId(12) [2mzenoh_codec::common::extension[0m[2m:[0m Unknown Test ext: ZExtUnknown { Id: 1, Mandatory: true, Encoding: "Z64", Value: 8213463777571922608 }
[2m2026-09-14T11:05:10.555272Z[0m [31mERROR[0m codec_extension ThreadId(12) [2mzenoh_codec::common::extension[0m[2m:[0m Unknown Test ext: ZExtUnknown { Id: 1, Mandatory: true, Encoding: "Z64", Value: 7580222353844324901 }
[2m2026-09-14T11:05:10.555279Z[0m [31mERROR[0m codec_extension ThreadId(12) [2mzenoh_codec::common::extension[0m[2m:[0m Unknown Test ext: ZExtUnknown { Id: 1, Mandatory: true, Encoding: "Z64", Value: 7048037976479834224 }
[2m2026-09-14T11:05:10.555338Z[0m [31mERROR[0m codec_extension ThreadId(12) [2mzenoh_codec::common::extension[0m[2m:[0m Unknown Test ext: ZExtUnknown { Id: 1, Mandatory: true, Encoding: "Z64", Value: 14267675766199438726 }
[2m2026-09-14T11:05:10.555377Z[0m [31mERROR[0m codec_extension ThreadId(12) [2mzenoh_codec::common::extension[0m[2m:[0m Unknown Test ext: ZExtUnknown { Id: 1, Mandatory: true, Encoding: "Z64", Value: 52847239452340067 }
[2m2026-09-14T11:05:10.555386Z[0m [31mERROR[0m codec_extension ThreadId(12) [2mzenoh_codec::common::extension[0m[2m:[0m Unknown Test ext: ZExtUnknown { Id: 1, Mandatory: true, Encoding: "Z64", Value: 559157877066024028 }
[2m2026-09-14T11:05:10.555391Z[0m [31mERROR[0m codec_extension ThreadId(12) [2mzenoh_codec::common::extension[0m[2m:[0m Unknown Test ext: ZExtUnknown { Id: 1, Mandatory: true, Encoding: "Z64", Value: 10170799687488861280 }
[2m2026-09-14T11:05:10.555395Z[0m [31mERROR[0m codec_extension ThreadId(12) [2mzenoh_codec::common::extension[0m[2m:[0m Unknown Test ext: ZExtUnknown { Id: 1, Mandatory: true, Encoding: "Z64", Value: 3447473761965613121 }
[2m2026-09-14T11:05:10.555400Z[0m [31mERROR[0m codec_extension ThreadId(12) [2mzenoh_codec::common::extension[0m[2m:[0m Unknown Test ext: ZExtUnknown { Id: 1, Mandatory: true, Encoding: "Z64", Value: 5434309528165556767 }
[2m2026-09-14T11:05:10.555407Z[0m [31mERROR[0m codec_extension ThreadId(12) [2mzenoh_codec::common::extension[0m[2m:[0m Unknown Test ext: ZExtUnknown { Id: 1, Mandatory: true, Encoding: "Z64", Value: 3611806298219037098 }
[2m2026-09-14T11:05:10.555418Z[0m [31mERROR[0m codec_extension ThreadId(12) [2mzenoh_codec::common::extension[0m[2m:[0m Unknown Test ext: ZExtUnknown { Id: 1, Mandatory: true, Encoding: "Z64", Value: 4774790157998436081 }
[2m2026-09-14T11:05:10.555426Z[0m [31mERROR[0m codec_extension ThreadId(12) [2mzenoh_codec::common::extension[0m[2m:[0m Unknown Test ext: ZExtUnknown { Id: 1, Mandatory: true, Encoding: "Z64", Value: 16968666600990682012 }
[2m2026-09-14T11:05:10.555431Z[0m [31mERROR[0m codec_extension ThreadId(12) [2mzenoh_codec::common::extension[0m[2m:[0m Unknown Test ext: ZExtUnknown { Id: 1, Mandatory: true, Encoding: "Z64", Value: 7083985316463848882 }
[2m2026-09-14T11:05:10.555435Z[0m [31mERROR[0m codec_extension ThreadId(12) [2mzenoh_codec::common::extension[0m[2m:[0m Unknown Test ext: ZExtUnknown { Id: 1, Mandatory: true, Encoding: "Z64", Value: 17523008724441184121 }
[2m2026-09-14T11:05:10.555440Z[0m [31mERROR[0m codec_extension ThreadId(12) [2mzenoh_codec::common::extension[0m[2m:[0m Unknown Test ext: ZExtUnknown { Id: 1, Mandatory: true, Encoding: "Z64", Value: 2343332863120340795 }
[2m2026-09-14T11:05:10.555449Z[0m [31mERROR[0m codec_extension ThreadId(12) [2mzenoh_codec::common::extension[0m[2m:[0m Unknown Test ext: ZExtUnknown { Id: 1, Mandatory: true, Encoding: "Z64", Value: 12326039122455304460 }
[2m2026-09-14T11:05:10.555459Z[0m [31mERROR[0m codec_extension ThreadId(12) [2mzenoh_codec::common::extension[0m[2m:[0m Unknown Test ext: ZExtUnknown { Id: 1, Mandatory: true, Encoding: "Z64", Value: 17717847392927510359 }
[2m2026-09-14T11:05:10.555468Z[0m [31mERROR[0m codec_extension ThreadId(12) [2mzenoh_codec::common::extension[0m[2m:[0m Unknown Test ext: ZExtUnknown { Id: 1, Mandatory: true, Encoding: "Z64", Value: 17277201590625593012 }
[2m2026-09-14T11:05:10.555473Z[0m [31mERROR[0m codec_extension ThreadId(12) [2mzenoh_codec::common::extension[0m[2m:[0m Unknown Test ext: ZExtUnknown { Id: 1, Mandatory: true, Encoding: "Z64", Value: 1434984113241247470 }
[2m2026-09-14T11:05:10.555481Z[0m [31mERROR[0m codec_extension ThreadId(12) [2mzenoh_codec::common::extension[0m[2m:[0m Unknown Test ext: ZExtUnknown { Id: 1, Mandatory: true, Encoding: "Z64", Value: 13361783163677173126 }
[2m2026-09-14T11:05:10.555487Z[0m [31mERROR[0m codec_extension ThreadId(12) [2mzenoh_codec::common::extension[0m[2m:[0m Unknown Test ext: ZExtUnknown { Id: 1, Mandatory: true, Encoding: "Z64", Value: 17505366475651626123 }
[2m2026-09-14T11:05:10.555517Z[0m [31mERROR[0m codec_extension ThreadId(12) [2mzenoh_codec::common::extension[0m[2m:[0m Unknown Test ext: ZExtUnknown { Id: 1, Mandatory: true, Encoding: "Z64", Value: 4232676643365147244 }
[2m2026-09-14T11:05:10.555527Z[0m [31mERROR[0m codec_extension ThreadId(12) [2mzenoh_codec::common::extension[0m[2m:[0m Unknown Test ext: ZExtUnknown { Id: 1, Mandatory: true, Encoding: "Z64", Value: 17646284426345565178 }
[2m2026-09-14T11:05:10.555534Z[0m [31mERROR[0m codec_extension ThreadId(12) [2mzenoh_codec::common::extension[0m[2m:[0m Unknown Test ext: ZExtUnknown { Id: 1, Mandatory: true, Encoding: "Z64", Value: 6825323972229974293 }
[2m2026-09-14T11:05:10.555544Z[0m [31mERROR[0m codec_extension ThreadId(12) [2mzenoh_codec::common::extension[0m[2m:[0m Unknown Test ext: ZExtUnknown { Id: 1, Mandatory: true, Encoding: "Z64", Value: 5428188969720747772 }
[2m2026-09-14T11:05:10.555550Z[0m [31mERROR[0m codec_extension ThreadId(12) [2mzenoh_codec::common::extension[0m[2m:[0m Unknown Test ext: ZExtUnknown { Id: 1, Mandatory: true, Encoding: "Z64", Value: 12864375393158250247 }
[2m2026-09-14T11:05:10.555555Z[0m [31mERROR[0m codec_extension ThreadId(12) [2mzenoh_codec::common::extension[0m[2m:[0m Unknown Test ext: ZExtUnknown { Id: 1, Mandatory: true, Encoding: "Z64", Value: 17611991826819059275 }
[2m2026-09-14T11:05:10.555559Z[0m [31mERROR[0m codec_extension ThreadId(12) [2mzenoh_codec::common::extension[0m[2m:[0m Unknown Test ext: ZExtUnknown { Id: 1, Mandatory: true, Encoding: "Z64", Value: 6026460506838854819 }
[2m2026-09-14T11:05:10.555566Z[0m [31mERROR[0m codec_extension ThreadId(12) [2mzenoh_codec::common::extension[0m[2m:[0m Unknown Test ext: ZExtUnknown { Id: 1, Mandatory: true, Encoding: "Z64", Value: 16695233378116975638 }
[2m2026-09-14T11:05:10.555575Z[0m [31mERROR[0m codec_extension ThreadId(12) [2mzenoh_codec::common::extension[0m[2m:[0m Unknown Test ext: ZExtUnknown { Id: 1, Mandatory: true, Encoding: "Z64", Value: 1836639683104822345 }
[2m2026-09-14T11:05:10.555586Z[0m [31mERROR[0m codec_extension ThreadId(12) [2mzenoh_codec::common::extension[0m[2m:[0m Unknown Test ext: ZExtUnknown { Id: 1, Mandatory: true, Encoding: "Z64", Value: 5406015109062340920 }
[2m2026-09-14T11:05:10.555595Z[0m [31mERROR[0m codec_extension ThreadId(12) [2mzenoh_codec::common::extension[0m[2m:[0m Unknown Test ext: ZExtUnknown { Id: 1, Mandatory: true, Encoding: "Z64", Value: 6883078072889593876 }
[2m2026-09-14T11:05:10.555600Z[0m [31mERROR[0m codec_extension ThreadId(12) [2mzenoh_codec::common::extension[0m[2m:[0m Unknown Test ext: ZExtUnknown { Id: 1, Mandatory: true, Encoding: "Z64", Value: 14336636472182866718 }
[2m2026-09-14T11:05:10.555605Z[0m [31mERROR[0m codec_extension ThreadId(12) [2mzenoh_codec::common::extension[0m[2m:[0m Unknown Test ext: ZExtUnknown { Id: 1, Mandatory: true, Encoding: "Z64", Value: 10686883109148162605 }
[2m2026-09-14T11:05:10.555609Z[0m [31mERROR[0m codec_extension ThreadId(12) [2mzenoh_codec::common::extension[0m[2m:[0m Unknown Test ext: ZExtUnknown { Id: 1, Mandatory: true, Encoding: "Z64", Value: 9425338207881577358 }
[2m2026-09-14T11:05:10.555617Z[0m [31mERROR[0m codec_extension ThreadId(12) [2mzenoh_codec::common::extension[0m[2m:[0m Unknown Test ext: ZExtUnknown { Id: 1, Mandatory: true, Encoding: "Z64", Value: 14462519827086769579 }
[2m2026-09-14T11:05:10.555626Z[0m [31mERROR[0m codec_extension ThreadId(12) [2mzenoh_codec::common::extension[0m[2m:[0m Unknown Test ext: ZExtUnknown { Id: 1, Mandatory: true, Encoding: "Z64", Value: 14568990865220342579 }
[2m2026-09-14T11:05:10.555631Z[0m [31mERROR[0m codec_extension ThreadId(12) [2mzenoh_codec::common::extension[0m[2m:[0m Unknown Test ext: ZExtUnknown { Id: 1, Mandatory: true, Encoding: "Z64", Value: 17873842189107639115 }
[2m2026-09-14T11:05:10.555636Z[0m [31mERROR[0m codec_extension ThreadId(12) [2mzenoh_codec::common::extension[0m[2m:[0m Unknown Test ext: ZExtUnknown { Id: 1, Mandatory: true, Encoding: "Z64", Value: 2173597755011361611 }
[2m2026-09-14T11:05:10.555642Z[0m [31mERROR[0m codec_extension ThreadId(12) [2mzenoh_codec::common::extension[0m[2m:[0m Unknown Test ext: ZExtUnknown { Id: 1, Mandatory: true, Encoding: "Z64", Value: 575820076652408519 }
[2m2026-09-14T11:05:10.555651Z[0m [31mERROR[0m codec_extension ThreadId(12) [2mzenoh_codec::common::extension[0m[2m:[0m Unknown Test ext: ZExtUnknown { Id: 1, Mandatory: true, Encoding: "Z64", Value: 16102168764536592500 }
[2m2026-09-14T11:05:10.555660Z[0m [31mERROR[0m codec_extension ThreadId(12) [2mzenoh_codec::common::extension[0m[2m:[0m Unknown Test ext: ZExtUnknown { Id: 1, Mandatory: true, Encoding: "Z64", Value: 15711579409596218542 }
[2m2026-09-14T11:05:10.555683Z[0m [31mERROR[0m codec_extension ThreadId(12) [2mzenoh_codec::common::extension[0m[2m:[0m Unknown Test ext: ZExtUnknown { Id: 1, Mandatory: true, Encoding: "Z64", Value: 430852187147536914 }
[2m2026-09-14T11:05:10.555695Z[0m [31mERROR[0m codec_extension ThreadId(12) [2mzenoh_codec::common::extension[0m[2m:[0m Unknown Test ext: ZExtUnknown { Id: 1, Mandatory: true, Encoding: "Z64", Value: 4341851996192250713 }
[2m2026-09-14T11:05:10.555703Z[0m [31mERROR[0m codec_extension ThreadId(12) [2mzenoh_codec::common::extension[0m[2m:[0m Unknown Test ext: ZExtUnknown { Id: 1, Mandatory: true, Encoding: "Z64", Value: 14521546894525477983 }
[2m2026-09-14T11:05:10.555708Z[0m [31mERROR[0m codec_extension ThreadId(12) [2mzenoh_codec::common::extension[0m[2m:[0m Unknown Test ext: ZExtUnknown { Id: 1, Mandatory: true, Encoding: "Z64", Value: 15626286769537447608 }
[2m2026-09-14T11:05:10.555716Z[0m [31mERROR[0m codec_extension ThreadId(12) [2mzenoh_codec::common::extension[0m[2m:[0m Unknown Test ext: ZExtUnknown { Id: 1, Mandatory: true, Encoding: "Z64", Value: 12833188664549705466 }
[2m2026-09-14T11:05:10.555726Z[0m [31mERROR[0m codec_extension ThreadId(12) [2mzenoh_codec::common::extension[0m[2m:[0m Unknown Test ext: ZExtUnknown { Id: 1, Mandatory: true, Encoding: "Z64", Value: 2773214030572202063 }
[2m2026-09-14T11:05:10.555735Z[0m [31mERROR[0m codec_extension ThreadId(12) [2mzenoh_codec::common::extension[0m[2m:[0m Unknown Test ext: ZExtUnknown { Id: 1, Mandatory: true, Encoding: "Z64", Value: 3590282332443591847 }
[2m2026-09-14T11:05:10.555745Z[0m [31mERROR[0m codec_extension ThreadId(12) [2mzenoh_codec::common::extension[0m[2m:[0m Unknown Test ext: ZExtUnknown { Id: 1, Mandatory: true, Encoding: "Z64", Value: 6290414078257019495 }
[2m2026-09-14T11:05:10.555757Z[0m [31mERROR[0m codec_extension ThreadId(12) [2mzenoh_codec::common::extension[0m[2m:[0m Unknown Test ext: ZExtUnknown { Id: 1, Mandatory: true, Encoding: "Z64", Value: 12177158057237323577 }
[2m2026-09-14T11:05:10.555762Z[0m [31mERROR[0m codec_extension ThreadId(12) [2mzenoh_codec::common::extension[0m[2m:[0m Unknown Test ext: ZExtUnknown { Id: 1, Mandatory: true, Encoding: "Z64", Value: 9786934536636127422 }
[2m2026-09-14T11:05:10.555766Z[0m [31mERROR[0m codec_extension ThreadId(12) [2mzenoh_codec::common::extension[0m[2m:[0m Unknown Test ext: ZExtUnknown { Id: 1, Mandatory: true, Encoding: "Z64", Value: 11956112311071438729 }
[2m2026-09-14T11:05:10.555771Z[0m [31mERROR[0m codec_extension ThreadId(12) [2mzenoh_codec::common::extension[0m[2m:[0m Unknown Test ext: ZExtUnknown { Id: 1, Mandatory: true, Encoding: "Z64", Value: 7379928976526027551 }
[2m2026-09-14T11:05:10.555780Z[0m [31mERROR[0m codec_extension ThreadId(12) [2mzenoh_codec::common::extension[0m[2m:[0m Unknown Test ext: ZExtUnknown { Id: 1, Mandatory: true, Encoding: "Z64", Value: 11576625480676401082 }
[2m2026-09-14T11:05:10.555791Z[0m [31mERROR[0m codec_extension ThreadId(12) [2mzenoh_codec::common::extension[0m[2m:[0m Unknown Test ext: ZExtUnknown { Id: 1, Mandatory: true, Encoding: "Z64", Value: 10907398066104552379 }
[2m2026-09-14T11:05:10.555814Z[0m [31mERROR[0m codec_extension ThreadId(12) [2mzenoh_codec::common::extension[0m[2m:[0m Unknown Test ext: ZExtUnknown { Id: 1, Mandatory: true, Encoding: "Z64", Value: 11958416607417361364 }
[2m2026-09-14T11:05:10.555824Z[0m [31mERROR[0m codec_extension ThreadId(12) [2mzenoh_codec::common::extension[0m[2m:[0m Unknown Test ext: ZExtUnknown { Id: 1, Mandatory: true, Encoding: "Z64", Value: 10540395169844152389 }
[2m2026-09-14T11:05:10.555835Z[0m [31mERROR[0m codec_extension ThreadId(12) [2mzenoh_codec::common::extension[0m[2m:[0m Unknown Test ext: ZExtUnknown { Id: 1, Mandatory: true, Encoding: "Z64", Value: 3175914110586967768 }
[2m2026-09-14T11:05:10.555845Z[0m [31mERROR[0m codec_extension ThreadId(12) [2mzenoh_codec::common::extension[0m[2m:[0m Unknown Test ext: ZExtUnknown { Id: 1, Mandatory: true, Encoding: "Z64", Value: 10716974576609081592 }
[2m2026-09-14T11:05:10.555855Z[0m [31mERROR[0m codec_extension ThreadId(12) [2mzenoh_codec::common::extension[0m[2m:[0m Unknown Test ext: ZExtUnknown { Id: 1, Mandatory: true, Encoding: "Z64", Value: 16748096878921961787 }
[2m2026-09-14T11:05:10.555861Z[0m [31mERROR[0m codec_extension ThreadId(12) [2mzenoh_codec::common::extension[0m[2m:[0m Unknown Test ext: ZExtUnknown { Id: 1, Mandatory: true, Encoding: "Z64", Value: 15704412114477154453 }
[2m2026-09-14T11:05:10.555870Z[0m [31mERROR[0m codec_extension ThreadId(12) [2mzenoh_codec::common::extension[0m[2m:[0m Unknown Test ext: ZExtUnknown { Id: 1, Mandatory: true, Encoding: "Z64", Value: 16420003424501305379 }
[2m2026-09-14T11:05:10.555896Z[0m [31mERROR[0m codec_extension ThreadId(12) [2mzenoh_codec::common::extension[0m[2m:[0m Unknown Test ext: ZExtUnknown { Id: 1, Mandatory: true, Encoding: "Z64", Value: 8766826364311571265 }
[2m2026-09-14T11:05:10.555905Z[0m [31mERROR[0m codec_extension ThreadId(12) [2mzenoh_codec::common::extension[0m[2m:[0m Unknown Test ext: ZExtUnknown { Id: 1, Mandatory: true, Encoding: "Z64", Value: 10813178070633006862 }
[2m2026-09-14T11:05:10.555914Z[0m [31mERROR[0m codec_extension ThreadId(12) [2mzenoh_codec::common::extension[0m[2m:[0m Unknown Test ext: ZExtUnknown { Id: 1, Mandatory: true, Encoding: "Z64", Value: 675951927330905135 }
[2m2026-09-14T11:05:10.555925Z[0m [31mERROR[0m codec_extension ThreadId(12) [2mzenoh_codec::common::extension[0m[2m:[0m Unknown Test ext: ZExtUnknown { Id: 1, Mandatory: true, Encoding: "Z64", Value: 2756106188078583907 }
[2m2026-09-14T11:05:10.555934Z[0m [31mERROR[0m codec_extension ThreadId(12) [2mzenoh_codec::common::extension[0m[2m:[0m Unknown Test ext: ZExtUnknown { Id: 1, Mandatory: true, Encoding: "Z64", Value: 4297073147499486574 }
[2m2026-09-14T11:05:10.555939Z[0m [31mERROR[0m codec_extension ThreadId(12) [2mzenoh_codec::common::extension[0m[2m:[0m Unknown Test ext: ZExtUnknown { Id: 1, Mandatory: true, Encoding: "Z64", Value: 16561779510038644893 }
[2m2026-09-14T11:05:10.555943Z[0m [31mERROR[0m codec_extension ThreadId(12) [2mzenoh_codec::common::extension[0m[2m:[0m Unknown Test ext: ZExtUnknown { Id: 1, Mandatory: true, Encoding: "Z64", Value: 5130674633392222655 }
[2m2026-09-14T11:05:10.555948Z[0m [31mERROR[0m codec_extension ThreadId(12) [2mzenoh_codec::common::extension[0m[2m:[0m Unknown Test ext: ZExtUnknown { Id: 1, Mandatory: true, Encoding: "Z64", Value: 4623450149205393491 }
[2m2026-09-14T11:05:10.555952Z[0m [31mERROR[0m codec_extension ThreadId(12) [2mzenoh_codec::common::extension[0m[2m:[0m Unknown Test ext: ZExtUnknown { Id: 1, Mandatory: true, Encoding: "Z64", Value: 13788767887161355052 }
[2m2026-09-14T11:05:10.555957Z[0m [31mERROR[0m codec_extension ThreadId(12) [2mzenoh_codec::common::extension[0m[2m:[0m Unknown Test ext: ZExtUnknown { Id: 1, Mandatory: true, Encoding: "Z64", Value: 10569139661298328764 }
[2m2026-09-14T11:05:10.555961Z[0m [31mERROR[0m codec_extension ThreadId(12) [2mzenoh_codec::common::extension[0m[2m:[0m Unknown Test ext: ZExtUnknown { Id: 1, Mandatory: true, Encoding: "Z64", Value: 14922744969667884430 }
[2m2026-09-14T11:05:10.555995Z[0m [31mERROR[0m codec_extension ThreadId(12) [2mzenoh_codec::common::extension[0m[2m:[0m Unknown Test ext: ZExtUnknown { Id: 1, Mandatory: true, Encoding: "Z64", Value: 15608151755512072322 }
[2m2026-09-14T11:05:10.556008Z[0m [31mERROR[0m codec_extension ThreadId(12) [2mzenoh_codec::common::extension[0m[2m:[0m Unknown Test ext: ZExtUnknown { Id: 1, Mandatory: true, Encoding: "Z64", Value: 5430266855089804844 }
[2m2026-09-14T11:05:10.556015Z[0m [31mERROR[0m codec_extension ThreadId(12) [2mzenoh_codec::common::extension[0m[2m:[0m Unknown Test ext: ZExtUnknown { Id: 1, Mandatory: true, Encoding: "Z64", Value: 7376602874190261411 }
[2m2026-09-14T11:05:10.556019Z[0m [31mERROR[0m codec_extension ThreadId(12) [2mzenoh_codec::common::extension[0m[2m:[0m Unknown Test ext: ZExtUnknown { Id: 1, Mandatory: true, Encoding: "Z64", Value: 6971213351097253888 }
[2m2026-09-14T11:05:10.556023Z[0m [31mERROR[0m codec_extension ThreadId(12) [2mzenoh_codec::common::extension[0m[2m:[0m Unknown Test ext: ZExtUnknown { Id: 1, Mandatory: true, Encoding: "Z64", Value: 9090108688113308923 }
[2m2026-09-14T11:05:10.556028Z[0m [31mERROR[0m codec_extension ThreadId(12) [2mzenoh_codec::common::extension[0m[2m:[0m Unknown Test ext: ZExtUnknown { Id: 1, Mandatory: true, Encoding: "Z64", Value: 15053186062357449505 }
[2m2026-09-14T11:05:10.556036Z[0m [31mERROR[0m codec_extension ThreadId(12) [2mzenoh_codec::common::extension[0m[2m:[0m Unknown Test ext: ZExtUnknown { Id: 1, Mandatory: true, Encoding: "Z64", Value: 12981792625922379293 }
[2m2026-09-14T11:05:10.556040Z[0m [31mERROR[0m codec_extension ThreadId(12) [2mzenoh_codec::common::extension[0m[2m:[0m Unknown Test ext: ZExtUnknown { Id: 1, Mandatory: true, Encoding: "Z64", Value: 784678363109702607 }
[2m2026-09-14T11:05:10.556046Z[0m [31mERROR[0m codec_extension ThreadId(12) [2mzenoh_codec::common::extension[0m[2m:[0m Unknown Test ext: ZExtUnknown { Id: 1, Mandatory: true, Encoding: "Z64", Value: 5837771269962701527 }
[2m2026-09-14T11:05:10.556056Z[0m [31mERROR[0m codec_extension ThreadId(12) [2mzenoh_codec::common::extension[0m[2m:[0m Unknown Test ext: ZExtUnknown { Id: 1, Mandatory: true, Encoding: "Z64", Value: 10641389196976148382 }
[2m2026-09-14T11:05:10.556060Z[0m [31mERROR[0m codec_extension ThreadId(12) [2mzenoh_codec::common::extension[0m[2m:[0m Unknown Test ext: ZExtUnknown { Id: 1, Mandatory: true, Encoding: "Z64", Value: 1251474901999231931 }
[2m2026-09-14T11:05:10.556081Z[0m [31mERROR[0m codec_extension ThreadId(12) [2mzenoh_codec::common::extension[0m[2m:[0m Unknown Test ext: ZExtUnknown { Id: 1, Mandatory: true, Encoding: "Z64", Value: 1451059151130663345 }
[2m2026-09-14T11:05:10.556091Z[0m [31mERROR[0m codec_extension ThreadId(12) [2mzenoh_codec::common::extension[0m[2m:[0m Unknown Test ext: ZExtUnknown { Id: 1, Mandatory: true, Encoding: "Z64", Value: 1912924098720611792 }
[2m2026-09-14T11:05:10.556101Z[0m [31mERROR[0m codec_extension ThreadId(12) [2mzenoh_codec::common::extension[0m[2m:[0m Unknown Test ext: ZExtUnknown { Id: 1, Mandatory: true, Encoding: "Z64", Value: 13443691865676184338 }
[2m2026-09-14T11:05:10.556107Z[0m [31mERROR[0m codec_extension ThreadId(12) [2mzenoh_codec::common::extension[0m[2m:[0m Unknown Test ext: ZExtUnknown { Id: 1, Mandatory: true, Encoding: "Z64", Value: 17952670313307036216 }
[2m2026-09-14T11:05:10.556112Z[0m [31mERROR[0m codec_extension ThreadId(12) [2mzenoh_codec::common::extension[0m[2m:[0m Unknown Test ext: ZExtUnknown { Id: 1, Mandatory: true, Encoding: "Z64", Value: 5702712913732943315 }
[2m2026-09-14T11:05:10.556116Z[0m [31mERROR[0m codec_extension ThreadId(12) [2mzenoh_codec::common::extension[0m[2m:[0m Unknown Test ext: ZExtUnknown { Id: 1, Mandatory: true, Encoding: "Z64", Value: 3752741564622891754 }
[2m2026-09-14T11:05:10.556121Z[0m [31mERROR[0m codec_extension ThreadId(12) [2mzenoh_codec::common::extension[0m[2m:[0m Unknown Test ext: ZExtUnknown { Id: 1, Mandatory: true, Encoding: "Z64", Value: 3794950082076762197 }
[2m2026-09-14T11:05:10.556142Z[0m [31mERROR[0m codec_extension ThreadId(12) [2mzenoh_codec::common::extension[0m[2m:[0m Unknown Test ext: ZExtUnknown { Id: 1, Mandatory: true, Encoding: "Z64", Value: 15647360005307712385 }
[2m2026-09-14T11:05:10.556148Z[0m [31mERROR[0m codec_extension ThreadId(12) [2mzenoh_codec::common::extension[0m[2m:[0m Unknown Test ext: ZExtUnknown { Id: 1, Mandatory: true, Encoding: "Z64", Value: 2405493801218722766 }
[2m2026-09-14T11:05:10.556152Z[0m [31mERROR[0m codec_extension ThreadId(12) [2mzenoh_codec::common::extension[0m[2m:[0m Unknown Test ext: ZExtUnknown { Id: 1, Mandatory: true, Encoding: "Z64", Value: 7332514112825644368 }
[2m2026-09-14T11:05:10.556162Z[0m [31mERROR[0m codec_extension ThreadId(12) [2mzenoh_codec::common::extension[0m[2m:[0m Unknown Test ext: ZExtUnknown { Id: 1, Mandatory: true, Encoding: "Z64", Value: 7701218816597003738 }
[2m2026-09-14T11:05:10.556171Z[0m [31mERROR[0m codec_extension ThreadId(12) [2mzenoh_codec::common::extension[0m[2m:[0m Unknown Test ext: ZExtUnknown { Id: 1, Mandatory: true, Encoding: "Z64", Value: 2459301291081053604 }
[2m2026-09-14T11:05:10.556181Z[0m [31mERROR[0m codec_extension ThreadId(12) [2mzenoh_codec::common::extension[0m[2m:[0m Unknown Test ext: ZExtUnknown { Id: 1, Mandatory: true, Encoding: "Z64", Value: 8361427166862598561 }
[2m2026-09-14T11:05:10.556188Z[0m [31mERROR[0m codec_extension ThreadId(12) [2mzenoh_codec::common::extension[0m[2m:[0m Unknown Test ext: ZExtUnknown { Id: 1, Mandatory: true, Encoding: "Z64", Value: 17111084924042629981 }
[2m2026-09-14T11:05:10.556192Z[0m [31mERROR[0m codec_extension ThreadId(12) [2mzenoh_codec::common::extension[0m[2m:[0m Unknown Test ext: ZExtUnknown { Id: 1, Mandatory: true, Encoding: "Z64", Value: 14539700246319605461 }
[2m2026-09-14T11:05:10.556197Z[0m [31mERROR[0m codec_extension ThreadId(12) [2mzenoh_codec::common::extension[0m[2m:[0m Unknown Test ext: ZExtUnknown { Id: 1, Mandatory: true, Encoding: "Z64", Value: 17279389498252304804 }
[2m2026-09-14T11:05:10.556211Z[0m [31mERROR[0m codec_extension ThreadId(12) [2mzenoh_codec::common::extension[0m[2m:[0m Unknown Test ext: ZExtUnknown { Id: 1, Mandatory: true, Encoding: "Z64", Value: 1795743065813620989 }
[2m2026-09-14T11:05:10.556226Z[0m [31mERROR[0m codec_extension ThreadId(12) [2mzenoh_codec::common::extension[0m[2m:[0m Unknown Test ext: ZExtUnknown { Id: 1, Mandatory: true, Encoding: "Z64", Value: 17470719852831047125 }
[2m2026-09-14T11:05:10.556233Z[0m [31mERROR[0m codec_extension ThreadId(12) [2mzenoh_codec::common::extension[0m[2m:[0m Unknown Test ext: ZExtUnknown { Id: 1, Mandatory: true, Encoding: "Z64", Value: 3603597240339278634 }
[2m2026-09-14T11:05:10.556238Z[0m [31mERROR[0m codec_extension ThreadId(12) [2mzenoh_codec::common::extension[0m[2m:[0m Unknown Test ext: ZExtUnknown { Id: 1, Mandatory: true, Encoding: "Z64", Value: 8652858908983170267 }
[2m2026-09-14T11:05:10.556250Z[0m [31mERROR[0m codec_extension ThreadId(12) [2mzenoh_codec::common::extension[0m[2m:[0m Unknown Test ext: ZExtUnknown { Id: 1, Mandatory: true, Encoding: "Z64", Value: 5618223365443391458 }
[2m2026-09-14T11:05:10.556277Z[0m [31mERROR[0m codec_extension ThreadId(12) [2mzenoh_codec::common::extension[0m[2m:[0m Unknown Test ext: ZExtUnknown { Id: 1, Mandatory: true, Encoding: "Z64", Value: 7962355527479725765 }
[2m2026-09-14T11:05:10.556288Z[0m [31mERROR[0m codec_extension ThreadId(12) [2mzenoh_codec::common::extension[0m[2m:[0m Unknown Test ext: ZExtUnknown { Id: 1, Mandatory: true, Encoding: "Z64", Value: 16848107088496202781 }
[2m2026-09-14T11:05:10.556300Z[0m [31mERROR[0m codec_extension ThreadId(12) [2mzenoh_codec::common::extension[0m[2m:[0m Unknown Test ext: ZExtUnknown { Id: 1, Mandatory: true, Encoding: "Z64", Value: 11368401730594827917 }
[2m2026-09-14T11:05:10.556311Z[0m [31mERROR[0m codec_extension ThreadId(12) [2mzenoh_codec::common::extension[0m[2m:[0m Unknown Test ext: ZExtUnknown { Id: 1, Mandatory: true, Encoding: "Z64", Value: 11304717609227053168 }
[2m2026-09-14T11:05:10.556351Z[0m [31mERROR[0m codec_extension ThreadId(12) [2mzenoh_codec::common::extension[0m[2m:[0m Unknown Test ext: ZExtUnknown { Id: 1, Mandatory: true, Encoding: "Z64", Value: 17036123745462211800 }
[2m2026-09-14T11:05:10.556363Z[0m [31mERROR[0m codec_extension ThreadId(12) [2mzenoh_codec::common::extension[0m[2m:[0m Unknown Test ext: ZExtUnknown { Id: 1, Mandatory: true, Encoding: "Z64", Value: 9838321160514516320 }
[2m2026-09-14T11:05:10.556369Z[0m [31mERROR[0m codec_extension ThreadId(12) [2mzenoh_codec::common::extension[0m[2m:[0m Unknown Test ext: ZExtUnknown { Id: 1, Mandatory: true, Encoding: "Z64", Value: 12731519011330117465 }
[2m2026-09-14T11:05:10.556373Z[0m [31mERROR[0m codec_extension ThreadId(12) [2mzenoh_codec::common::extension[0m[2m:[0m Unknown Test ext: ZExtUnknown { Id: 1, Mandatory: true, Encoding: "Z64", Value: 18402378505771741389 }
[2m2026-09-14T11:05:10.556378Z[0m [31mERROR[0m codec_extension ThreadId(12) [2mzenoh_codec::common::extension[0m[2m:[0m Unknown Test ext: ZExtUnknown { Id: 1, Mandatory: true, Encoding: "Z64", Value: 6495049314249976695 }
[2m2026-09-14T11:05:10.556386Z[0m [31mERROR[0m codec_extension ThreadId(12) [2mzenoh_codec::common::extension[0m[2m:[0m Unknown Test ext: ZExtUnknown { Id: 1, Mandatory: true, Encoding: "Z64", Value: 13997483078187611511 }
[2m2026-09-14T11:05:10.556397Z[0m [31mERROR[0m codec_extension ThreadId(12) [2mzenoh_codec::common::extension[0m[2m:[0m Unknown Test ext: ZExtUnknown { Id: 1, Mandatory: true, Encoding: "Z64", Value: 9081387455605981877 }
[2m2026-09-14T11:05:10.556406Z[0m [31mERROR[0m codec_extension ThreadId(12) [2mzenoh_codec::common::extension[0m[2m:[0m Unknown Test ext: ZExtUnknown { Id: 1, Mandatory: true, Encoding: "Z64", Value: 11854425435322191732 }
[2m2026-09-14T11:05:10.556412Z[0m [31mERROR[0m codec_extension ThreadId(12) [2mzenoh_codec::common::extension[0m[2m:[0m Unknown Test ext: ZExtUnknown { Id: 1, Mandatory: true, Encoding: "Z64", Value: 268179458508516609 }
[2m2026-09-14T11:05:10.556416Z[0m [31mERROR[0m codec_extension ThreadId(12) [2mzenoh_codec::common::extension[0m[2m:[0m Unknown Test ext: ZExtUnknown { Id: 1, Mandatory: true, Encoding: "Z64", Value: 15583116737656498508 }
[2m2026-09-14T11:05:10.556421Z[0m [31mERROR[0m codec_extension ThreadId(12) [2mzenoh_codec::common::extension[0m[2m:[0m Unknown Test ext: ZExtUnknown { Id: 1, Mandatory: true, Encoding: "Z64", Value: 15788535682417616652 }
[2m2026-09-14T11:05:10.556430Z[0m [31mERROR[0m codec_extension ThreadId(12) [2mzenoh_codec::common::extension[0m[2m:[0m Unknown Test ext: ZExtUnknown { Id: 1, Mandatory: true, Encoding: "Z64", Value: 4463124014251192185 }
[2m2026-09-14T11:05:10.556441Z[0m [31mERROR[0m codec_extension ThreadId(12) [2mzenoh_codec::common::extension[0m[2m:[0m Unknown Test ext: ZExtUnknown { Id: 1, Mandatory: true, Encoding: "Z64", Value: 14745722449465399656 }
[2m2026-09-14T11:05:10.556448Z[0m [31mERROR[0m codec_extension ThreadId(12) [2mzenoh_codec::common::extension[0m[2m:[0m Unknown Test ext: ZExtUnknown { Id: 1, Mandatory: true, Encoding: "Z64", Value: 14368319997789522846 }
[2m2026-09-14T11:05:10.556453Z[0m [31mERROR[0m codec_extension ThreadId(12) [2mzenoh_codec::common::extension[0m[2m:[0m Unknown Test ext: ZExtUnknown { Id: 1, Mandatory: true, Encoding: "Z64", Value: 2371594891094301608 }
[2m2026-09-14T11:05:10.556458Z[0m [31mERROR[0m codec_extension ThreadId(12) [2mzenoh_codec::common::extension[0m[2m:[0m Unknown Test ext: ZExtUnknown { Id: 1, Mandatory: true, Encoding: "Z64", Value: 12104717144328609296 }
[2m2026-09-14T11:05:10.556462Z[0m [31mERROR[0m codec_extension ThreadId(12) [2mzenoh_codec::common::extension[0m[2m:[0m Unknown Test ext: ZExtUnknown { Id: 1, Mandatory: true, Encoding: "Z64", Value: 11104005232830762172 }
[2m2026-09-14T11:05:10.556488Z[0m [31mERROR[0m codec_extension ThreadId(12) [2mzenoh_codec::common::extension[0m[2m:[0m Unknown Test ext: ZExtUnknown { Id: 1, Mandatory: true, Encoding: "Z64", Value: 2418799946081602824 }
[2m2026-09-14T11:05:10.556630Z[0m [31mERROR[0m codec_extension ThreadId(12) [2mzenoh_codec::common::extension[0m[2m:[0m Unknown Test ext: ZExtUnknown { Id: 1, Mandatory: true, Encoding: "Z64", Value: 759224196007817196 }
[2m2026-09-14T11:05:10.556649Z[0m [31mERROR[0m codec_extension ThreadId(12) [2mzenoh_codec::common::extension[0m[2m:[0m Unknown Test ext: ZExtUnknown { Id: 1, Mandatory: true, Encoding: "Z64", Value: 17481585046069341031 }
[2m2026-09-14T11:05:10.556656Z[0m [31mERROR[0m codec_extension ThreadId(12) [2mzenoh_codec::common::extension[0m[2m:[0m Unknown Test ext: ZExtUnknown { Id: 1, Mandatory: true, Encoding: "Z64", Value: 13861327851603647181 }
[2m2026-09-14T11:05:10.556661Z[0m [31mERROR[0m codec_extension ThreadId(12) [2mzenoh_codec::common::extension[0m[2m:[0m Unknown Test ext: ZExtUnknown { Id: 1, Mandatory: true, Encoding: "Z64", Value: 970819940416480470 }
[2m2026-09-14T11:05:10.556672Z[0m [31mERROR[0m codec_extension ThreadId(12) [2mzenoh_codec::common::extension[0m[2m:[0m Unknown Test ext: ZExtUnknown { Id: 1, Mandatory: true, Encoding: "Z64", Value: 4595310240054356774 }
[2m2026-09-14T11:05:10.556682Z[0m [31mERROR[0m codec_extension ThreadId(12) [2mzenoh_codec::common::extension[0m[2m:[0m Unknown Test ext: ZExtUnknown { Id: 1, Mandatory: true, Encoding: "Z64", Value: 16097977432204354760 }
[2m2026-09-14T11:05:10.556688Z[0m [31mERROR[0m codec_extension ThreadId(12) [2mzenoh_codec::common::extension[0m[2m:[0m Unknown Test ext: ZExtUnknown { Id: 1, Mandatory: true, Encoding: "Z64", Value: 14067259494239901894 }
[2m2026-09-14T11:05:10.556699Z[0m [31mERROR[0m codec_extension ThreadId(12) [2mzenoh_codec::common::extension[0m[2m:[0m Unknown Test ext: ZExtUnknown { Id: 1, Mandatory: true, Encoding: "Z64", Value: 6329458747921979674 }
[2m2026-09-14T11:05:10.556711Z[0m [31mERROR[0m codec_extension ThreadId(12) [2mzenoh_codec::common::extension[0m[2m:[0m Unknown Test ext: ZExtUnknown { Id: 1, Mandatory: true, Encoding: "Z64", Value: 7815184101116097646 }
[2m2026-09-14T11:05:10.556720Z[0m [31mERROR[0m codec_extension ThreadId(12) [2mzenoh_codec::common::extension[0m[2m:[0m Unknown Test ext: ZExtUnknown { Id: 1, Mandatory: true, Encoding: "Z64", Value: 1157973958041423427 }
[2m2026-09-14T11:05:10.556729Z[0m [31mERROR[0m codec_extension ThreadId(12) [2mzenoh_codec::common::extension[0m[2m:[0m Unknown Test ext: ZExtUnknown { Id: 1, Mandatory: true, Encoding: "Z64", Value: 14509606098094527927 }
[2m2026-09-14T11:05:10.556735Z[0m [31mERROR[0m codec_extension ThreadId(12) [2mzenoh_codec::common::extension[0m[2m:[0m Unknown Test ext: ZExtUnknown { Id: 1, Mandatory: true, Encoding: "Z64", Value: 998933857449738930 }
[2m2026-09-14T11:05:10.556743Z[0m [31mERROR[0m codec_extension ThreadId(12) [2mzenoh_codec::common::extension[0m[2m:[0m Unknown Test ext: ZExtUnknown { Id: 1, Mandatory: true, Encoding: "Z64", Value: 10350925516901727129 }
[2m2026-09-14T11:05:10.556747Z[0m [31mERROR[0m codec_extension ThreadId(12) [2mzenoh_codec::common::extension[0m[2m:[0m Unknown Test ext: ZExtUnknown { Id: 1, Mandatory: true, Encoding: "Z64", Value: 11104973873323144535 }
[2m2026-09-14T11:05:10.556756Z[0m [31mERROR[0m codec_extension ThreadId(12) [2mzenoh_codec::common::extension[0m[2m:[0m Unknown Test ext: ZExtUnknown { Id: 1, Mandatory: true, Encoding: "Z64", Value: 5767598089097484824 }
[2m2026-09-14T11:05:10.556765Z[0m [31mERROR[0m codec_extension ThreadId(12) [2mzenoh_codec::common::extension[0m[2m:[0m Unknown Test ext: ZExtUnknown { Id: 1, Mandatory: true, Encoding: "Z64", Value: 8832768645302979726 }
[2m2026-09-14T11:05:10.556773Z[0m [31mERROR[0m codec_extension ThreadId(12) [2mzenoh_codec::common::extension[0m[2m:[0m Unknown Test ext: ZExtUnknown { Id: 1, Mandatory: true, Encoding: "Z64", Value: 330765465527000556 }
[2m2026-09-14T11:05:10.556851Z[0m [31mERROR[0m codec_extension ThreadId(12) [2mzenoh_codec::common::extension[0m[2m:[0m Unknown Test ext: ZExtUnknown { Id: 1, Mandatory: true, Encoding: "Z64", Value: 431230606489681577 }
[2m2026-09-14T11:05:10.556889Z[0m [31mERROR[0m codec_extension ThreadId(12) [2mzenoh_codec::common::extension[0m[2m:[0m Unknown Test ext: ZExtUnknown { Id: 1, Mandatory: true, Encoding: "Z64", Value: 14546059295814398702 }
[2m2026-09-14T11:05:10.556906Z[0m [31mERROR[0m codec_extension ThreadId(12) [2mzenoh_codec::common::extension[0m[2m:[0m Unknown Test ext: ZExtUnknown { Id: 1, Mandatory: true, Encoding: "Z64", Value: 11526390000334230061 }
[2m2026-09-14T11:05:10.556917Z[0m [31mERROR[0m codec_extension ThreadId(12) [2mzenoh_codec::common::extension[0m[2m:[0m Unknown Test ext: ZExtUnknown { Id: 1, Mandatory: true, Encoding: "Z64", Value: 7794330895075762569 }
[2m2026-09-14T11:05:10.556947Z[0m [31mERROR[0m codec_extension ThreadId(12) [2mzenoh_codec::common::extension[0m[2m:[0m Unknown Test ext: ZExtUnknown { Id: 1, Mandatory: true, Encoding: "Z64", Value: 8083583313868143833 }
[2m2026-09-14T11:05:10.556958Z[0m [31mERROR[0m codec_extension ThreadId(12) [2mzenoh_codec::common::extension[0m[2m:[0m Unknown Test ext: ZExtUnknown { Id: 1, Mandatory: true, Encoding: "Z64", Value: 12340320749395527446 }
[2m2026-09-14T11:05:10.556966Z[0m [31mERROR[0m codec_extension ThreadId(12) [2mzenoh_codec::common::extension[0m[2m:[0m Unknown Test ext: ZExtUnknown { Id: 1, Mandatory: true, Encoding: "Z64", Value: 3415365448318529253 }
[2m2026-09-14T11:05:10.557010Z[0m [31mERROR[0m codec_extension ThreadId(12) [2mzenoh_codec::common::extension[0m[2m:[0m Unknown Test ext: ZExtUnknown { Id: 1, Mandatory: true, Encoding: "Z64", Value: 10478065935133078321 }
[2m2026-09-14T11:05:10.557016Z[0m [31mERROR[0m codec_extension ThreadId(12) [2mzenoh_codec::common::extension[0m[2m:[0m Unknown Test ext: ZExtUnknown { Id: 1, Mandatory: true, Encoding: "Z64", Value: 7434993575177852335 }
[2m2026-09-14T11:05:10.557021Z[0m [31mERROR[0m codec_extension ThreadId(12) [2mzenoh_codec::common::extension[0m[2m:[0m Unknown Test ext: ZExtUnknown { Id: 1, Mandatory: true, Encoding: "Z64", Value: 6461325090816477142 }
[2m2026-09-14T11:05:10.557026Z[0m [31mERROR[0m codec_extension ThreadId(12) [2mzenoh_codec::common::extension[0m[2m:[0m Unknown Test ext: ZExtUnknown { Id: 1, Mandatory: true, Encoding: "Z64", Value: 1938235677395011433 }
[2m2026-09-14T11:05:10.557033Z[0m [31mERROR[0m codec_extension ThreadId(12) [2mzenoh_codec::common::extension[0m[2m:[0m Unknown Test ext: ZExtUnknown { Id: 1, Mandatory: true, Encoding: "Z64", Value: 12231821426583806312 }
[2m2026-09-14T11:05:10.557049Z[0m [31mERROR[0m codec_extension ThreadId(12) [2mzenoh_codec::common::extension[0m[2m:[0m Unknown Test ext: ZExtUnknown { Id: 1, Mandatory: true, Encoding: "Z64", Value: 14738573125511973911 }
[2m2026-09-14T11:05:10.557059Z[0m [31mERROR[0m codec_extension ThreadId(12) [2mzenoh_codec::common::extension[0m[2m:[0m Unknown Test ext: ZExtUnknown { Id: 1, Mandatory: true, Encoding: "Z64", Value: 13092741540822123115 }
[2m2026-09-14T11:05:10.557066Z[0m [31mERROR[0m codec_extension ThreadId(12) [2mzenoh_codec::common::extension[0m[2m:[0m Unknown Test ext: ZExtUnknown { Id: 1, Mandatory: true, Encoding: "Z64", Value: 10746261868882015376 }
[2m2026-09-14T11:05:10.557070Z[0m [31mERROR[0m codec_extension ThreadId(12) [2mzenoh_codec::common::extension[0m[2m:[0m Unknown Test ext: ZExtUnknown { Id: 1, Mandatory: true, Encoding: "Z64", Value: 15836651277292707984 }
[2m2026-09-14T11:05:10.557077Z[0m [31mERROR[0m codec_extension ThreadId(12) [2mzenoh_codec::common::extension[0m[2m:[0m Unknown Test ext: ZExtUnknown { Id: 1, Mandatory: true, Encoding: "Z64", Value: 61201973525890161 }
[2m2026-09-14T11:05:10.557085Z[0m [31mERROR[0m codec_extension ThreadId(12) [2mzenoh_codec::common::extension[0m[2m:[0m Unknown Test ext: ZExtUnknown { Id: 1, Mandatory: true, Encoding: "Z64", Value: 5288725994633258721 }
[2m2026-09-14T11:05:10.557127Z[0m [31mERROR[0m codec_extension ThreadId(12) [2mzenoh_codec::common::extension[0m[2m:[0m Unknown Test ext: ZExtUnknown { Id: 1, Mandatory: true, Encoding: "Z64", Value: 11059409889320039348 }
[2m2026-09-14T11:05:10.557135Z[0m [31mERROR[0m codec_extension ThreadId(12) [2mzenoh_codec::common::extension[0m[2m:[0m Unknown Test ext: ZExtUnknown { Id: 1, Mandatory: true, Encoding: "Z64", Value: 9031786072317603386 }
[2m2026-09-14T11:05:10.557139Z[0m [31mERROR[0m codec_extension ThreadId(12) [2mzenoh_codec::common::extension[0m[2m:[0m Unknown Test ext: ZExtUnknown { Id: 1, Mandatory: true, Encoding: "Z64", Value: 583877411009424770 }
[2m2026-09-14T11:05:10.557160Z[0m [31mERROR[0m codec_extension ThreadId(12) [2mzenoh_codec::common::extension[0m[2m:[0m Unknown Test ext: ZExtUnknown { Id: 1, Mandatory: true, Encoding: "Z64", Value: 18259036072990981278 }
[2m2026-09-14T11:05:10.557169Z[0m [31mERROR[0m codec_extension ThreadId(12) [2mzenoh_codec::common::extension[0m[2m:[0m Unknown Test ext: ZExtUnknown { Id: 1, Mandatory: true, Encoding: "Z64", Value: 10286164784399737209 }
[2m2026-09-14T11:05:10.557175Z[0m [31mERROR[0m codec_extension ThreadId(12) [2mzenoh_codec::common::extension[0m[2m:[0m Unknown Test ext: ZExtUnknown { Id: 1, Mandatory: true, Encoding: "Z64", Value: 15969921873479185653 }
[2m2026-09-14T11:05:10.557186Z[0m [31mERROR[0m codec_extension ThreadId(12) [2mzenoh_codec::common::extension[0m[2m:[0m Unknown Test ext: ZExtUnknown { Id: 1, Mandatory: true, Encoding: "Z64", Value: 10724440686336300405 }
[2m2026-09-14T11:05:10.557212Z[0m [31mERROR[0m codec_extension ThreadId(12) [2mzenoh_codec::common::extension[0m[2m:[0m Unknown Test ext: ZExtUnknown { Id: 1, Mandatory: true, Encoding: "Z64", Value: 16069247165791923545 }
[2m2026-09-14T11:05:10.557219Z[0m [31mERROR[0m codec_extension ThreadId(12) [2mzenoh_codec::common::extension[0m[2m:[0m Unknown Test ext: ZExtUnknown { Id: 1, Mandatory: true, Encoding: "Z64", Value: 16974140387005220837 }
[2m2026-09-14T11:05:10.557224Z[0m [31mERROR[0m codec_extension ThreadId(12) [2mzenoh_codec::common::extension[0m[2m:[0m Unknown Test ext: ZExtUnknown { Id: 1, Mandatory: true, Encoding: "Z64", Value: 9898142457201757217 }
[2m2026-09-14T11:05:10.557228Z[0m [31mERROR[0m codec_extension ThreadId(12) [2mzenoh_codec::common::extension[0m[2m:[0m Unknown Test ext: ZExtUnknown { Id: 1, Mandatory: true, Encoding: "Z64", Value: 13941465351481984574 }
[2m2026-09-14T11:05:10.557237Z[0m [31mERROR[0m codec_extension ThreadId(12) [2mzenoh_codec::common::extension[0m[2m:[0m Unknown Test ext: ZExtUnknown { Id: 1, Mandatory: true, Encoding: "Z64", Value: 18035777542680445285 }
[2m2026-09-14T11:05:10.557246Z[0m [31mERROR[0m codec_extension ThreadId(12) [2mzenoh_codec::common::extension[0m[2m:[0m Unknown Test ext: ZExtUnknown { Id: 1, Mandatory: true, Encoding: "Z64", Value: 9677637594744489767 }
[2m2026-09-14T11:05:10.557255Z[0m [31mERROR[0m codec_extension ThreadId(12) [2mzenoh_codec::common::extension[0m[2m:[0m Unknown Test ext: ZExtUnknown { Id: 1, Mandatory: true, Encoding: "Z64", Value: 12857314238812837590 }
[2m2026-09-14T11:05:10.557269Z[0m [31mERROR[0m codec_extension ThreadId(12) [2mzenoh_codec::common::extension[0m[2m:[0m Unknown Test ext: ZExtUnknown { Id: 1, Mandatory: true, Encoding: "Z64", Value: 6303066350769069720 }
[2m2026-09-14T11:05:10.557274Z[0m [31mERROR[0m codec_extension ThreadId(12) [2mzenoh_codec::common::extension[0m[2m:[0m Unknown Test ext: ZExtUnknown { Id: 1, Mandatory: true, Encoding: "Z64", Value: 12271381064536963002 }
[2m2026-09-14T11:05:10.557283Z[0m [31mERROR[0m codec_extension ThreadId(12) [2mzenoh_codec::common::extension[0m[2m:[0m Unknown Test ext: ZExtUnknown { Id: 1, Mandatory: true, Encoding: "Z64", Value: 1232109922859993626 }
[2m2026-09-14T11:05:10.557290Z[0m [31mERROR[0m codec_extension ThreadId(12) [2mzenoh_codec::common::extension[0m[2m:[0m Unknown Test ext: ZExtUnknown { Id: 1, Mandatory: true, Encoding: "Z64", Value: 13011091436220141123 }
[2m2026-09-14T11:05:10.557306Z[0m [31mERROR[0m codec_extension ThreadId(12) [2mzenoh_codec::common::extension[0m[2m:[0m Unknown Test ext: ZExtUnknown { Id: 1, Mandatory: true, Encoding: "Z64", Value: 11822789956448764140 }
[2m2026-09-14T11:05:10.557315Z[0m [31mERROR[0m codec_extension ThreadId(12) [2mzenoh_codec::common::extension[0m[2m:[0m Unknown Test ext: ZExtUnknown { Id: 1, Mandatory: true, Encoding: "Z64", Value: 10183321145565720450 }
[2m2026-09-14T11:05:10.557324Z[0m [31mERROR[0m codec_extension ThreadId(12) [2mzenoh_codec::common::extension[0m[2m:[0m Unknown Test ext: ZExtUnknown { Id: 1, Mandatory: true, Encoding: "Z64", Value: 16297925258389254397 }
[2m2026-09-14T11:05:10.557332Z[0m [31mERROR[0m codec_extension ThreadId(12) [2mzenoh_codec::common::extension[0m[2m:[0m Unknown Test ext: ZExtUnknown { Id: 1, Mandatory: true, Encoding: "Z64", Value: 18355196499273328926 }
[2m2026-09-14T11:05:10.557384Z[0m [31mERROR[0m codec_extension ThreadId(12) [2mzenoh_codec::common::extension[0m[2m:[0m Unknown Test ext: ZExtUnknown { Id: 1, Mandatory: true, Encoding: "Z64", Value: 3988310183880295226 }
[2m2026-09-14T11:05:10.557395Z[0m [31mERROR[0m codec_extension ThreadId(12) [2mzenoh_codec::common::extension[0m[2m:[0m Unknown Test ext: ZExtUnknown { Id: 1, Mandatory: true, Encoding: "Z64", Value: 18286091028290104563 }
[2m2026-09-14T11:05:10.557425Z[0m [31mERROR[0m codec_extension ThreadId(12) [2mzenoh_codec::common::extension[0m[2m:[0m Unknown Test ext: ZExtUnknown { Id: 1, Mandatory: true, Encoding: "Z64", Value: 12031607135031562884 }
[2m2026-09-14T11:05:10.557432Z[0m [31mERROR[0m codec_extension ThreadId(12) [2mzenoh_codec::common::extension[0m[2m:[0m Unknown Test ext: ZExtUnknown { Id: 1, Mandatory: true, Encoding: "Z64", Value: 2838668107098086616 }
[2m2026-09-14T11:05:10.557437Z[0m [31mERROR[0m codec_extension ThreadId(12) [2mzenoh_codec::common::extension[0m[2m:[0m Unknown Test ext: ZExtUnknown { Id: 1, Mandatory: true, Encoding: "Z64", Value: 6085522900981498789 }
[2m2026-09-14T11:05:10.557441Z[0m [31mERROR[0m codec_extension ThreadId(12) [2mzenoh_codec::common::extension[0m[2m:[0m Unknown Test ext: ZExtUnknown { Id: 1, Mandatory: true, Encoding: "Z64", Value: 15204427400295655049 }
[2m2026-09-14T11:05:10.557463Z[0m [31mERROR[0m codec_extension ThreadId(12) [2mzenoh_codec::common::extension[0m[2m:[0m Unknown Test ext: ZExtUnknown { Id: 1, Mandatory: true, Encoding: "Z64", Value: 2521893394433966291 }
[2m2026-09-14T11:05:10.557471Z[0m [31mERROR[0m codec_extension ThreadId(12) [2mzenoh_codec::common::extension[0m[2m:[0m Unknown Test ext: ZExtUnknown { Id: 1, Mandatory: true, Encoding: "Z64", Value: 18190053818200335962 }
[2m2026-09-14T11:05:10.557478Z[0m [31mERROR[0m codec_extension ThreadId(12) [2mzenoh_codec::common::extension[0m[2m:[0m Unknown Test ext: ZExtUnknown { Id: 1, Mandatory: true, Encoding: "Z64", Value: 14420898309293291962 }
[2m2026-09-14T11:05:10.557482Z[0m [31mERROR[0m codec_extension ThreadId(12) [2mzenoh_codec::common::extension[0m[2m:[0m Unknown Test ext: ZExtUnknown { Id: 1, Mandatory: true, Encoding: "Z64", Value: 4532982372509129109 }
[2m2026-09-14T11:05:10.557486Z[0m [31mERROR[0m codec_extension ThreadId(12) [2mzenoh_codec::common::extension[0m[2m:[0m Unknown Test ext: ZExtUnknown { Id: 1, Mandatory: true, Encoding: "Z64", Value: 12470000315182615070 }
[2m2026-09-14T11:05:10.557489Z[0m [31mERROR[0m codec_extension ThreadId(12) [2mzenoh_codec::common::extension[0m[2m:[0m Unknown Test ext: ZExtUnknown { Id: 1, Mandatory: true, Encoding: "Z64", Value: 14465005192608280741 }
[2m2026-09-14T11:05:10.557521Z[0m [31mERROR[0m codec_extension ThreadId(12) [2mzenoh_codec::common::extension[0m[2m:[0m Unknown Test ext: ZExtUnknown { Id: 1, Mandatory: true, Encoding: "Z64", Value: 14267531718960482261 }
[2m2026-09-14T11:05:10.557545Z[0m [31mERROR[0m codec_extension ThreadId(12) [2mzenoh_codec::common::extension[0m[2m:[0m Unknown Test ext: ZExtUnknown { Id: 1, Mandatory: true, Encoding: "Z64", Value: 6442431786105166102 }
[2m2026-09-14T11:05:10.557564Z[0m [31mERROR[0m codec_extension ThreadId(12) [2mzenoh_codec::common::extension[0m[2m:[0m Unknown Test ext: ZExtUnknown { Id: 1, Mandatory: true, Encoding: "Z64", Value: 10366661485805165607 }
[2m2026-09-14T11:05:10.557571Z[0m [31mERROR[0m codec_extension ThreadId(12) [2mzenoh_codec::common::extension[0m[2m:[0m Unknown Test ext: ZExtUnknown { Id: 1, Mandatory: true, Encoding: "Z64", Value: 7571741168344957326 }
[2m2026-09-14T11:05:10.558280Z[0m [31mERROR[0m codec_extension ThreadId(12) [2mzenoh_codec::common::extension[0m[2m:[0m Unknown Test ext: ZExtUnknown { Id: 2, Mandatory: true, Encoding: "ZBuf", Value: ZBuf { slices: [[88, 3e, 06, ce, f9, 33, 5a, 05, 90, 59, b2, cf, 03, 0a, d7, f7, cf, d0, 59, 9c, 6d, 96, c3, c5, d4, 98, 36, 61]] } }
[2m2026-09-14T11:05:10.558335Z[0m [31mERROR[0m codec_extension ThreadId(12) [2mzenoh_codec::common::extension[0m[2m:[0m Unknown Test ext: ZExtUnknown { Id: 2, Mandatory: true, Encoding: "ZBuf", Value: ZBuf { slices: [[24, f8, 07, 1c, b4, ea, f0, a7, da, 41, 62, 14, 3c, b6, a8, 05, 44, d1, 6e, 63, 97, 52, 82, e4, b4, 88, 9d, 0c, 0b, 7c, 04, 56, 8d, 2f, fc, ec, 82, 56, 0b, aa, 6e, fd, c2, c8, 3d, 1c, b8, 18, be, 5b, 33, 73, 25, 94, 79, 61, 55, 89, d7]] } }
[2m2026-09-14T11:05:10.558372Z[0m [31mERROR[0m codec_extension ThreadId(12) [2mzenoh_codec::common::extension[0m[2m:[0m Unknown Test ext: ZExtUnknown { Id: 2, Mandatory: true, Encoding: "ZBuf", Value: ZBuf { slices: [[48, c9, 7f, de, e5, 4f, e5, 36, 28, ca, 1b, ae, 3f, 6e, 88, 92, 3e, 0a, f2, 08, df, 65, 47, 4a, 58, 0a, 0c, 88, fa, 28, 0f, 87, f4]] } }
[2m2026-09-14T11:05:10.558392Z[0m [31mERROR[0m codec_extension ThreadId(12) [2mzenoh_codec::common::extension[0m[2m:[0m Unknown Test ext: ZExtUnknown { Id: 2, Mandatory: true, Encoding: "ZBuf", Value: ZBuf { slices: [[35, 4e, 7f, b7, f0, 2e, 2f, 06, 01, a4, f3, 4f, 3d, b6, f1, 89, 6c, 0f, 4c, a5, fc, a4, 44, 67, 23, b1, a0]] } }
[2m2026-09-14T11:05:10.558434Z[0m [31mERROR[0m codec_extension ThreadId(12) [2mzenoh_codec::common::extension[0m[2m:[0m Unknown Test ext: ZExtUnknown { Id: 2, Mandatory: true, Encoding: "ZBuf", Value: ZBuf { slices: [[ee, 02, f6, b3, f6, 23, 91, 83, bf, 49, 16, d5, 12, 76, 74, a7, c8, 70, 22, d4, 7a, b1, 36, 09, bf, f9, f9, 14, 81, ac, 97, 5e, bc, f6, 6b, ce, 73, 80, ab, 09, fe, 97, 2d, 09, 22, 81, 76, 10, 12, 97, 84, 04, db, 43, 22, 21, ef, 9d, cb, 08, f9, 1f, 7c, 9b]] } }
[2m2026-09-14T11:05:10.558448Z[0m [31mERROR[0m codec_extension ThreadId(12) [2mzenoh_codec::common::extension[0m[2m:[0m Unknown Test ext: ZExtUnknown { Id: 2, Mandatory: true, Encoding: "ZBuf", Value: ZBuf { slices: [[7f, d4, 71, 5f, 61, a0, ba, 77, 7c, 99, 25]] } }
[2m2026-09-14T11:05:10.558478Z[0m [31mERROR[0m codec_extension ThreadId(12) [2mzenoh_codec::common::extension[0m[2m:[0m Unknown Test ext: ZExtUnknown { Id: 2, Mandatory: true, Encoding: "ZBuf", Value: ZBuf { slices: [[61, 08, fe, fd, 19, 45, ed, df, e4, 78, b0, b1, 91, 6a, 25, 2c, d9, b4, 5b, bc, 4c, 62, e5, f2, 8d, 6f, 1a, bf, ed, 4a, 64, 0c, 5c, d7, 9d, 47, 2a, bb, b7, 2c, 0d, 86, ff, 34, 85, f0, 78, e9, e9, c4, 4e, 35, eb, 38, 99, 18]] } }
[2m2026-09-14T11:05:10.558496Z[0m [31mERROR[0m codec_extension ThreadId(12) [2mzenoh_codec::common::extension[0m[2m:[0m Unknown Test ext: ZExtUnknown { Id: 2, Mandatory: true, Encoding: "ZBuf", Value: ZBuf { slices: [[e4, 9e, f3, 31, 55, 6a, 36, 38, 96, 83, 9f, fd, b9, 2b, d6, 99]] } }
[2m2026-09-14T11:05:10.558527Z[0m [31mERROR[0m codec_extension ThreadId(12) [2mzenoh_codec::common::extension[0m[2m:[0m Unknown Test ext: ZExtUnknown { Id: 2, Mandatory: true, Encoding: "ZBuf", Value: ZBuf { slices: [[a4, 7d, 3c, 92, c9, f7, 52, a1, 2c, ab, e5, 0c, b1, 89, 17, 5c, 9f, d8, 2b, b1, 32, 8d, 2f, 64, eb, ff, b1, cb, a6, d0, 9c, ad]] } }
[2m2026-09-14T11:05:10.558540Z[0m [31mERROR[0m codec_extension ThreadId(12) [2mzenoh_codec::common::extension[0m[2m:[0m Unknown Test ext: ZExtUnknown { Id: 2, Mandatory: true, Encoding: "ZBuf", Value: ZBuf { slices: [[ed, 3d, 84, 95, 6f, 5d, 95, a5, 5a, 6f, 67, ee, 9d, 26, 1c, a8, a1]] } }
[2m2026-09-14T11:05:10.558566Z[0m [31mERROR[0m codec_extension ThreadId(12) [2mzenoh_codec::common::extension[0m[2m:[0m Unknown Test ext: ZExtUnknown { Id: 2, Mandatory: true, Encoding: "ZBuf", Value: ZBuf { slices: [[1f, 62, f9, d0, f8, 2d, af, ed, 2c, b2, a3, 69, 1e, 73, 4a, f8, 1d, fb, 5b, 9a, f0, ac, b2, 92, 32, 96, 80, 19, 7a, c3, 8c, 10, ca, 6e, 12, eb, 66]] } }
[2m2026-09-14T11:05:10.558594Z[0m [31mERROR[0m codec_extension ThreadId(12) [2mzenoh_codec::common::extension[0m[2m:[0m Unknown Test ext: ZExtUnknown { Id: 2, Mandatory: true, Encoding: "ZBuf", Value: ZBuf { slices: [[0e, 5f, ba, e6, 43, 25, 02, 0a, 12, 5d, d3, 28, 55, ca, 12, 03, 79, b1, 27, d4, 01, 35, 60, b4, bd, f4, f1, 93, 68, 1c, 21, a2, 40, 1d, 3c, 9f, 75, 19, fe, d2, 06, 1f, ae, 4e, a7, ed, 38, 0d, 13, 8d, fd, 7a, 1b, de, c7, 35, bb, 8c, ed]] } }
[2m2026-09-14T11:05:10.558626Z[0m [31mERROR[0m codec_extension ThreadId(12) [2mzenoh_codec::common::extension[0m[2m:[0m Unknown Test ext: ZExtUnknown { Id: 2, Mandatory: true, Encoding: "ZBuf", Value: ZBuf { slices: [[d8, c1, ae, 6c, 30, a1, 0f, 87, eb, 8f, ca, 0a, 36, d5, b1, 1b, bb, 48, 21, 23, 49, 7d, 1c, 67, e8, 95, fd, cc, 0e]] } }
[2m2026-09-14T11:05:10.558653Z[0m [31mERROR[0m codec_extension ThreadId(12) [2mzenoh_codec::common::extension[0m[2m:[0m Unknown Test ext: ZExtUnknown { Id: 2, Mandatory: true, Encoding: "ZBuf", Value: ZBuf { slices: [[9f, a4, ce, 3d, d5, a4, 74, 9b, 9b, 4f, 33, 18, 76, e8, 64, df, 39, 03, 06, 0b, ce, 8d, e9, 6f, 08, 8f, 7a, c9, 32, 83, 86, c2, a5, 69, e0, 1e, 2d, 36, 46, 44, 45]] } }
[2m2026-09-14T11:05:10.558668Z[0m [31mERROR[0m codec_extension ThreadId(12) [2mzenoh_codec::common::extension[0m[2m:[0m Unknown Test ext: ZExtUnknown { Id: 2, Mandatory: true, Encoding: "ZBuf", Value: ZBuf { slices: [[b3, 27, e4, 20, ca, 40, 9e, cf, f3, 24, ea, 32, f3, 4f, 5b, 5f, 68, eb, f2, 8d, ab, 89, 7c, ed, dc, ee, a9, 4c, cb, 43, 20, 31, 87, 01, 44, 06, 26, 72, 48, e0, 2f, fa, 66, 24, c3]] } }
[2m2026-09-14T11:05:10.558696Z[0m [31mERROR[0m codec_extension ThreadId(12) [2mzenoh_codec::common::extension[0m[2m:[0m Unknown Test ext: ZExtUnknown { Id: 2, Mandatory: true, Encoding: "ZBuf", Value: ZBuf { slices: [[16, 5e, 3f, 95, c6, 8c, b6, 9b, 7f, 0b, ff, 58, a3, 3e, 9d, 12, bc, 67, 85, 2a, b5, 01, a3, c5, a8, 7f, 02, 9d, c2, a4, c6, 58, 66, e3, 8c, c4, 0f, 60]] } }
[2m2026-09-14T11:05:10.558710Z[0m [31mERROR[0m codec_extension ThreadId(12) [2mzenoh_codec::common::extension[0m[2m:[0m Unknown Test ext: ZExtUnknown { Id: 2, Mandatory: true, Encoding: "ZBuf", Value: ZBuf { slices: [[42, 83, f1, f0, 68, 8c, a0, d0, ab, 2b, f0, 02, 5e, 5c, 12, b7, 3b]] } }
[2m2026-09-14T11:05:10.558736Z[0m [31mERROR[0m codec_extension ThreadId(12) [2mzenoh_codec::common::extension[0m[2m:[0m Unknown Test ext: ZExtUnknown { Id: 2, Mandatory: true, Encoding: "ZBuf", Value: ZBuf { slices: [[09, 0f, 0b, e5, 31, a3, bb, c4, 3e, d9, c2, 1e, 42, 6d, 74, 18, af, 08, 0b, b1, 1d, 9a, 63, a4, a1, 8d, 72, e1, 06, e4, c9, 4f, c1, 6a, 76, 8f, 29, e9, 28, 89, a8, 15, 79, 06, a9, ed, fa, 9c, 26, 81, 09, c9, 02, 16]] } }
[2m2026-09-14T11:05:10.558768Z[0m [31mERROR[0m codec_extension ThreadId(12) [2mzenoh_codec::common::extension[0m[2m:[0m Unknown Test ext: ZExtUnknown { Id: 2, Mandatory: true, Encoding: "ZBuf", Value: ZBuf { slices: [[e5, 2e, 44, 10, e0, 14, 81, 60, 00, ed, 5a, 29, 29, 1b, 96, 9d, 7f, 6e, fb, 2b]] } }
[2m2026-09-14T11:05:10.558779Z[0m [31mERROR[0m codec_extension ThreadId(12) [2mzenoh_codec::common::extension[0m[2m:[0m Unknown Test ext: ZExtUnknown { Id: 2, Mandatory: true, Encoding: "ZBuf", Value: ZBuf { slices: [[12, 3c, 36, 59, 38, 2b, f9, ba, e9, eb, 5c, 31, 5c, 43, 29, c8, c7, 75, 92, 28, 56, 9f, 90, aa, ea]] } }
[2m2026-09-14T11:05:10.558789Z[0m [31mERROR[0m codec_extension ThreadId(12) [2mzenoh_codec::common::extension[0m[2m:[0m Unknown Test ext: ZExtUnknown { Id: 2, Mandatory: true, Encoding: "ZBuf", Value: ZBuf { slices: [[00, 1b, 1f, 95, 3b, 32, 8f, 6e, e1, 31, 72, a2, 97, 36, 8b, 6a, c2, 88, 9a, 83, db, 5c, 42]] } }
[2m2026-09-14T11:05:10.558820Z[0m [31mERROR[0m codec_extension ThreadId(12) [2mzenoh_codec::common::extension[0m[2m:[0m Unknown Test ext: ZExtUnknown { Id: 2, Mandatory: true, Encoding: "ZBuf", Value: ZBuf { slices: [[c0, 55, 83, ee, 84, 39, 3d, b3, 00, bd, 65, c3, 74, ea, b1, a1, f0, 27, 28, ee, f6, 33, ca, 79, 4b, c2, 43, 17, be, 3a, f4, 23, 34, a0, e0, d8, 24, fd, 52, 97, 8a, 90, 2f, dd, ee]] } }
[2m2026-09-14T11:05:10.558848Z[0m [31mERROR[0m codec_extension ThreadId(12) [2mzenoh_codec::common::extension[0m[2m:[0m Unknown Test ext: ZExtUnknown { Id: 2, Mandatory: true, Encoding: "ZBuf", Value: ZBuf { slices: [[8b, b1, e5, f9, f6, c1, 8b, 20, be, 64, 39, 9b, b5, 69, f4, 10, b7, a3, 3f, 5e, fa, 92, fa, 2b, 7b, c6, db, 7f, 92, 97, 83, f2, f5, e0, 9f, 86, 40, d5, c5, 85, 6d, 60, 00, 86, 99, b7, 26, 01, fe, c9, c3, 22, b1, f0, c3, 55, 51, b4, ad, 29, cf, e1]] } }
[2m2026-09-14T11:05:10.558879Z[0m [31mERROR[0m codec_extension ThreadId(12) [2mzenoh_codec::common::extension[0m[2m:[0m Unknown Test ext: ZExtUnknown { Id: 2, Mandatory: true, Encoding: "ZBuf", Value: ZBuf { slices: [[e1, 90, 5f, 90, b2, 62, 98, db, 21, 7b, 3c, f7, 5a, 15, d6, bc, b0, 85, 98, b7, 9a, d4, e0, 94, 1c, 0b, e5, da, 74, 19, dd, 75, 65, f3, 80, 00, 7d, 1b, 24, 9d, 34, 82, 30, b8, 20]] } }
[2m2026-09-14T11:05:10.558912Z[0m [31mERROR[0m codec_extension ThreadId(12) [2mzenoh_codec::common::extension[0m[2m:[0m Unknown Test ext: ZExtUnknown { Id: 2, Mandatory: true, Encoding: "ZBuf", Value: ZBuf { slices: [[55, ce, ad, 5d, 41, 2e, a5, 13, 68, aa, 80, 83, 4b, 25, f8, 68, 93, 50, aa, 9c, f9, 73, 3e, 96, f7, 5c, 79, 71, af, 64, f4, 7a, 52, 4d, 6b, 17, 83, c1, 68, a0, 80, 40, 9d, ed, b6, 88, 09, 1c, ec]] } }
[2m2026-09-14T11:05:10.558927Z[0m [31mERROR[0m codec_extension ThreadId(12) [2mzenoh_codec::common::extension[0m[2m:[0m Unknown Test ext: ZExtUnknown { Id: 2, Mandatory: true, Encoding: "ZBuf", Value: ZBuf { slices: [[14, 3a, 94, c6, 9b, b3, 0e, ce, fd, 82, a8, 38, 61, 38, b8, b2, df, 26, d3, 9a, 79, 88, 11, 87, e2, 7a, 6e, 08, 5b, 4e, e1]] } }
[2m2026-09-14T11:05:10.558957Z[0m [31mERROR[0m codec_extension ThreadId(12) [2mzenoh_codec::common::extension[0m[2m:[0m Unknown Test ext: ZExtUnknown { Id: 2, Mandatory: true, Encoding: "ZBuf", Value: ZBuf { slices: [[74, 07, 6a, 35, 4b, e1, fe, 5f, 2d, 8e, bd, f1, e5, 7f, 91, 96, ba, 9c, a3, 98, e0, 39, 26, 6d, f7, fb, 2e, 77, 8c, 5f, 37, 0c, f3, 89, c5, 04, 92, 48, e0, ca, 21, 4e, e1, c5, cf, 95, 1f, 00, bf, e4, 9e, c8, 77, 9d, 85, bf, 70, 72]] } }
[2m2026-09-14T11:05:10.559002Z[0m [31mERROR[0m codec_extension ThreadId(12) [2mzenoh_codec::common::extension[0m[2m:[0m Unknown Test ext: ZExtUnknown { Id: 2, Mandatory: true, Encoding: "ZBuf", Value: ZBuf { slices: [[8d, 87, 45, c1, f8, 19, 37, fb, c7, 83, db, ef, f1, 6e, 80, 10, 04, 81, ed, 98, db, c7, a1, 84, 3b, b6, 48, 5e, 1e, 6a, db, aa, 3a, 8d, cd, d4, d3, 71, 2c, 4b, 5e, 16, 95, db, a6, ca, cd, 38]] } }
[2m2026-09-14T11:05:10.559019Z[0m [31mERROR[0m codec_extension ThreadId(12) [2mzenoh_codec::common::extension[0m[2m:[0m Unknown Test ext: ZExtUnknown { Id: 2, Mandatory: true, Encoding: "ZBuf", Value: ZBuf { slices: [[7e, f4, 62, a1, f1, 40, 3d, ee, 8d, a3, 64, fe]] } }
[2m2026-09-14T11:05:10.559047Z[0m [31mERROR[0m codec_extension ThreadId(12) [2mzenoh_codec::common::extension[0m[2m:[0m Unknown Test ext: ZExtUnknown { Id: 2, Mandatory: true, Encoding: "ZBuf", Value: ZBuf { slices: [[7d, 83, ca, 18, 7e, af, 06, 34, 04, db, 35, b8, 71, 4b]] } }
[2m2026-09-14T11:05:10.559057Z[0m [31mERROR[0m codec_extension ThreadId(12) [2mzenoh_codec::common::extension[0m[2m:[0m Unknown Test ext: ZExtUnknown { Id: 2, Mandatory: true, Encoding: "ZBuf", Value: ZBuf { slices: [[ae, 8d, 50, 27, 98, 8f, 94, 69, 7d, b9, cc, ff, 38, c3, a6, eb, c4, 65, bb, 22, 7d, b0, 7c, e4, f1, 90, 21, e6]] } }
[2m2026-09-14T11:05:10.559130Z[0m [31mERROR[0m codec_extension ThreadId(12) [2mzenoh_codec::common::extension[0m[2m:[0m Unknown Test ext: ZExtUnknown { Id: 2, Mandatory: true, Encoding: "ZBuf", Value: ZBuf { slices: [[ca, ce, 8d, 3b, e0, e5, 73, f7, 78, 95, 77, 38, d6, 95, ad, ac, b1, b8, 86, 97]] } }
[2m2026-09-14T11:05:10.559168Z[0m [31mERROR[0m codec_extension ThreadId(12) [2mzenoh_codec::common::extension[0m[2m:[0m Unknown Test ext: ZExtUnknown { Id: 2, Mandatory: true, Encoding: "ZBuf", Value: ZBuf { slices: [[8b, 86, 77, 25, e1, 8b, 3d, 1a, 80, 60, 77, d6, 8c, c2, fa, 82, 29, 49, 57, 4f, 7f, a2, b4, 0d, c0, eb, 02, 49, 5b, e4, 96, 5b, 41, c0, 38, e5]] } }
[2m2026-09-14T11:05:10.559179Z[0m [31mERROR[0m codec_extension ThreadId(12) [2mzenoh_codec::common::extension[0m[2m:[0m Unknown Test ext: ZExtUnknown { Id: 2, Mandatory: true, Encoding: "ZBuf", Value: ZBuf { slices: [[14, 54, c0, 08, 97, be, df, 5d, 5d, c0, fe]] } }
[2m2026-09-14T11:05:10.559204Z[0m [31mERROR[0m codec_extension ThreadId(12) [2mzenoh_codec::common::extension[0m[2m:[0m Unknown Test ext: ZExtUnknown { Id: 2, Mandatory: true, Encoding: "ZBuf", Value: ZBuf { slices: [[8f, cf, 8d, 02, 54, 28, ef, 47, e9, 76, 30, 5b, 31, bc, 71, 03, 65, 5f, af, 2a, 9b, df, 4c, 18, d0, 8c, 25, 1e, cd, 3a, b3, da, 70, e3, e8, 83, 5f, 4f, fa, 8b, a7, dd, 75, 40, 8d, 03, 7c, 91, 62, 7e, 9c, 2a, 57, 15, ce, c8]] } }
[2m2026-09-14T11:05:10.559212Z[0m [31mERROR[0m codec_extension ThreadId(12) [2mzenoh_codec::common::extension[0m[2m:[0m Unknown Test ext: ZExtUnknown { Id: 2, Mandatory: true, Encoding: "ZBuf", Value: ZBuf { slices: [[fd, f2, 23, 3a, ee, 90, 68, c0, fa, e4]] } }
[2m2026-09-14T11:05:10.559235Z[0m [31mERROR[0m codec_extension ThreadId(12) [2mzenoh_codec::common::extension[0m[2m:[0m Unknown Test ext: ZExtUnknown { Id: 2, Mandatory: true, Encoding: "ZBuf", Value: ZBuf { slices: [[1c, 66, 75, 98, 0b, 0a, 4c, 38, 0a, 9d, 3d, bb, a1, 8e, 18, c8, 72, 3b, 84, 01, f8, 56, d5, 00, ad, c4, 0b, de, 33, bf, bf, af, 8f, e0, ee, 15, 2d, e0, e8, 17]] } }
[2m2026-09-14T11:05:10.559261Z[0m [31mERROR[0m codec_extension ThreadId(12) [2mzenoh_codec::common::extension[0m[2m:[0m Unknown Test ext: ZExtUnknown { Id: 2, Mandatory: true, Encoding: "ZBuf", Value: ZBuf { slices: [[16, e1, 5b, 23, 4f, 22, cc, c1, 36, d2, e6, 65, 61, 31, 11, 32, a8, ff, 24, 82, 82, 1a, d3, 1f, 29, db, 06, 60, 00, ee, f3, 71, e6, cb, 43, 03, 99, 2c, e3, 2e, 35, ae, 16]] } }
[2m2026-09-14T11:05:10.559269Z[0m [31mERROR[0m codec_extension ThreadId(12) [2mzenoh_codec::common::extension[0m[2m:[0m Unknown Test ext: ZExtUnknown { Id: 2, Mandatory: true, Encoding: "ZBuf", Value: ZBuf { slices: [[25, 59, 6d, ea, d5, ce, 1d, 60, 7e, d5, 04, 20, a6, d9, 8c, 7b, b4, 00, 94, a3, f7, 34, c6, 68, 6b, 8f, be, 5b, 23, 32, ae, 99, 58]] } }
[2m2026-09-14T11:05:10.559291Z[0m [31mERROR[0m codec_extension ThreadId(12) [2mzenoh_codec::common::extension[0m[2m:[0m Unknown Test ext: ZExtUnknown { Id: 2, Mandatory: true, Encoding: "ZBuf", Value: ZBuf { slices: [[3c, 47, 01, 2d, 2b, f7, 44, da, b9, f8, c5, 54, 28, 35, 9d, da, 4d, 9a, d0, f1, de, f4, 35, ff, c6, 85, 5e]] } }
[2m2026-09-14T11:05:10.559300Z[0m [31mERROR[0m codec_extension ThreadId(12) [2mzenoh_codec::common::extension[0m[2m:[0m Unknown Test ext: ZExtUnknown { Id: 2, Mandatory: true, Encoding: "ZBuf", Value: ZBuf { slices: [[70, 6f, a8, c3, 98, 51, a4, fa, 68, 44, bb, 78, f3, a2, 8a, 53, fe, ec, 56, 94, 47, 93, 5c]] } }
[2m2026-09-14T11:05:10.559362Z[0m [31mERROR[0m codec_extension ThreadId(12) [2mzenoh_codec::common::extension[0m[2m:[0m Unknown Test ext: ZExtUnknown { Id: 2, Mandatory: true, Encoding: "ZBuf", Value: ZBuf { slices: [[ba, 3c, f8, 73, ba, 03, 08, a3, 36, da, 85, 8a, f7, 77, 43, 82, 2c, af, 9f, 38, e2, 91, 0a, 63, 86, 50, 5f, f2, 5a, fc, 37, 1a, d4, 95, 53, f6, d1, 69, e4, 34, 86, 11, e4, 72, f6, ea, ba, b6]] } }
[2m2026-09-14T11:05:10.559402Z[0m [31mERROR[0m codec_extension ThreadId(12) [2mzenoh_codec::common::extension[0m[2m:[0m Unknown Test ext: ZExtUnknown { Id: 2, Mandatory: true, Encoding: "ZBuf", Value: ZBuf { slices: [[df, 8d, be, f2, 6d, f9, 5f, 0f, 25, 06, f4, 6f, 90, 43, 57, 36, b1, bd, e1, ba, 17, 32, a5, ad, 36, 29, 27, 14, 22, 82, 25, fc, d7, 9a, 0d, 8b, 33, e4, f3, 3b, 81, 60, 83, bb, 4d, 46, be, aa, e7, 66, 6d, 8b, 07, a4, b2, eb, 29]] } }
[2m2026-09-14T11:05:10.559457Z[0m [31mERROR[0m codec_extension ThreadId(12) [2mzenoh_codec::common::extension[0m[2m:[0m Unknown Test ext: ZExtUnknown { Id: 2, Mandatory: true, Encoding: "ZBuf", Value: ZBuf { slices: [[cf, a4, 23, 3f, 64, 87, c6, 74, b2, e9, 6b, f0, df]] } }
[2m2026-09-14T11:05:10.559536Z[0m [31mERROR[0m codec_extension ThreadId(12) [2mzenoh_codec::common::extension[0m[2m:[0m Unknown Test ext: ZExtUnknown { Id: 2, Mandatory: true, Encoding: "ZBuf", Value: ZBuf { slices: [[f3, b5, 49, f6, 16, 46, 4a, d2, 08, 19, ea, 4f, db, b6, 7d, 38, c3, 4e, 4e, ac, d4, 2c]] } }
[2m2026-09-14T11:05:10.559594Z[0m [31mERROR[0m codec_extension ThreadId(12) [2mzenoh_codec::common::extension[0m[2m:[0m Unknown Test ext: ZExtUnknown { Id: 2, Mandatory: true, Encoding: "ZBuf", Value: ZBuf { slices: [[a5, 40, b0, 91, c5, 25, 9e, 29, 4b, ee, 04, 45, de, d4, 47, 26, 3d, 1d, e6, 98, 28, 5a, fb, 9b, f7, f0, f3, 4b, 47, be, 2c, cf, fe, f0, af, 69, 5a, 74, 97, ff, 23, 21, ef, 5a, 07, 0f, c6, b2, db, d7, b9, 98, c2, 6b, 21, 94, 84, 14, cd, 06, 4e, 4e, 90, 66]] } }
[2m2026-09-14T11:05:10.559624Z[0m [31mERROR[0m codec_extension ThreadId(12) [2mzenoh_codec::common::extension[0m[2m:[0m Unknown Test ext: ZExtUnknown { Id: 2, Mandatory: true, Encoding: "ZBuf", Value: ZBuf { slices: [[cf, 22, 71, 0b, c5, 10, 1a, 08, f4, d3, a9, 4c, ba, 9f, 34, 1d, 22, 94, 08, 15, 5e, 9d, 1b, 15, 98, 56, 29, 31, 52, ad, 78, c3, 36, ae, 0c, cf, fc, 31, 3f, 63, d9, db, 5b, fc, 5f, 28, 96, ee, de]] } }
[2m2026-09-14T11:05:10.559636Z[0m [31mERROR[0m codec_extension ThreadId(12) [2mzenoh_codec::common::extension[0m[2m:[0m Unknown Test ext: ZExtUnknown { Id: 2, Mandatory: true, Encoding: "ZBuf", Value: ZBuf { slices: [[41, 8d, 61, f8, 5b, c9, fd, ac, f3, a7, df, 59, e0, 68, 9e, 1a, 06, d5, c7, 6b, a9, 3d, 27, 84, 2d, dd, f3, 5c, 1d, c2, c1, b7, 54, e4, 32, f3, 03, 89, ff]] } }
[2m2026-09-14T11:05:10.559700Z[0m [31mERROR[0m codec_extension ThreadId(12) [2mzenoh_codec::common::extension[0m[2m:[0m Unknown Test ext: ZExtUnknown { Id: 2, Mandatory: true, Encoding: "ZBuf", Value: ZBuf { slices: [[8c, 74, 84, 5e, d0, b0, c1, 96, ed, 69, a5, 6c, 3b, d1, 67, 6c, 7b, 07, be, f4, 49, ba, 6c, 30, ce, 96, 09, 79, 58, 21, 7a, c9, f1, 37, bf, db, bd, 83, 9c, 40, 0c, cd, 48, 92, 34, 87, 30, 9f, 67, 5f, f3, c2, 75, a6, c0, c1, 00, fb, 2b, 15, 50, 0a]] } }
[2m2026-09-14T11:05:10.559747Z[0m [31mERROR[0m codec_extension ThreadId(12) [2mzenoh_codec::common::extension[0m[2m:[0m Unknown Test ext: ZExtUnknown { Id: 2, Mandatory: true, Encoding: "ZBuf", Value: ZBuf { slices: [[b1, b4, 11, c3, 14, 1b, 1e, 66, 4d, 0d, b2, 4a, 41, 28, cd, 3d, 02, ea, 47, 9b, a9, 2e, 5b, 89, 71, 4e, 2a, 3d, fd, 9e, 65, 0c, ae, e9, 96, 0c, 28, 34, c8, 6e, a0, e7, b1, fc, 54, 3d, 6e, fd, e2, bf, 3f]] } }
[2m2026-09-14T11:05:10.559778Z[0m [31mERROR[0m codec_extension ThreadId(12) [2mzenoh_codec::common::extension[0m[2m:[0m Unknown Test ext: ZExtUnknown { Id: 2, Mandatory: true, Encoding: "ZBuf", Value: ZBuf { slices: [[44, dc, bb, 9b, 21, 61, 0f, 48, 34, f5, 12, 9c, 36, 23, 65, 33, 20, e7, f8, 2d, f6, 63, 4d, eb, 2e]] } }
[2m2026-09-14T11:05:10.559788Z[0m [31mERROR[0m codec_extension ThreadId(12) [2mzenoh_codec::common::extension[0m[2m:[0m Unknown Test ext: ZExtUnknown { Id: 2, Mandatory: true, Encoding: "ZBuf", Value: ZBuf { slices: [[3d, f0, 40, 2b, e3, 7e, bf, dd, 64, 4d, 5e, 06, 14, c7, 31, a8, 0f, 0b, b9, 78, c8, aa, 33, 0a, 6d, ce, c0, f0, 16, 2c, d5, da, bd, 52, 5d, 00, c1, 4d, e0, df, 3c, 92]] } }
[2m2026-09-14T11:05:10.559802Z[0m [31mERROR[0m codec_extension ThreadId(12) [2mzenoh_codec::common::extension[0m[2m:[0m Unknown Test ext: ZExtUnknown { Id: 2, Mandatory: true, Encoding: "ZBuf", Value: ZBuf { slices: [[25, cc, 06, a9, 52, 94, 57, 3b, 08, cd, 31, bb, c6, 44, 59]] } }
[2m2026-09-14T11:05:10.559841Z[0m [31mERROR[0m codec_extension ThreadId(12) [2mzenoh_codec::common::extension[0m[2m:[0m Unknown Test ext: ZExtUnknown { Id: 2, Mandatory: true, Encoding: "ZBuf", Value: ZBuf { slices: [[13, 6c, c5, 68, ac, 91, a0, ae, dc, 41, 96, 74, 0d, 81, b0, da, 88, fc, 72, 76, ae, b4, 53, 13, dc, 79, ee, ac, 0a, b9, f9, 65, 3c, 51, 56, f2, f8, 6d, 5a, 9e, a1, fc, 41]] } }
[2m2026-09-14T11:05:10.559870Z[0m [31mERROR[0m codec_extension ThreadId(12) [2mzenoh_codec::common::extension[0m[2m:[0m Unknown Test ext: ZExtUnknown { Id: 2, Mandatory: true, Encoding: "ZBuf", Value: ZBuf { slices: [[cb, 6a, d5, b5, a4, e8, f9, 63, 6b, 7b, cf, 9c, b8, e5, 7c, 4e, 2f, 8c, db, 84, ab, fb, fd]] } }
[2m2026-09-14T11:05:10.559906Z[0m [31mERROR[0m codec_extension ThreadId(12) [2mzenoh_codec::common::extension[0m[2m:[0m Unknown Test ext: ZExtUnknown { Id: 2, Mandatory: true, Encoding: "ZBuf", Value: ZBuf { slices: [[ec, 4c, f4, 77, d9, 62, f5, 54, 60, eb, 61, a2, a5, 68, 7d, 81, 45, be, 19, 8e, ac, 10, 0a, 1d, f6, 9a, c5, f2, d2, ef, ae, 13, ad, 0f, c9, 5b, a4, cd, 73, 8d, be, 55, ea, bf, c7, 50, 48]] } }
[2m2026-09-14T11:05:10.559939Z[0m [31mERROR[0m codec_extension ThreadId(12) [2mzenoh_codec::common::extension[0m[2m:[0m Unknown Test ext: ZExtUnknown { Id: 2, Mandatory: true, Encoding: "ZBuf", Value: ZBuf { slices: [[cc, aa, e2, 31, ba, 47, 94, e0, 09, 07]] } }
[2m2026-09-14T11:05:10.559950Z[0m [31mERROR[0m codec_extension ThreadId(12) [2mzenoh_codec::common::extension[0m[2m:[0m Unknown Test ext: ZExtUnknown { Id: 2, Mandatory: true, Encoding: "ZBuf", Value: ZBuf { slices: [[cd, 9a, 0f, 40, 5b, fb, 9f, d4, e1, fa, 45, 14, 15, 0d, 78, bd, dd, f3, 2b, 7f, 07, 42, d3, 4c, 66, 15, d8, 20, 69, 41, 67, 99, fc, 1f, c1, 18, e0, 48, b2, cb, 95, b7, 32, 22, 1e, 94, 19, 3f, d1, 44, 6c, 41, 80, c2]] } }
[2m2026-09-14T11:05:10.559998Z[0m [31mERROR[0m codec_extension ThreadId(12) [2mzenoh_codec::common::extension[0m[2m:[0m Unknown Test ext: ZExtUnknown { Id: 2, Mandatory: true, Encoding: "ZBuf", Value: ZBuf { slices: [[1b, 79, 54, a6, c6, e2, 16, 89, d3, 9b, 6d, c5]] } }
[2m2026-09-14T11:05:10.560014Z[0m [31mERROR[0m codec_extension ThreadId(12) [2mzenoh_codec::common::extension[0m[2m:[0m Unknown Test ext: ZExtUnknown { Id: 2, Mandatory: true, Encoding: "ZBuf", Value: ZBuf { slices: [[ad, 47, 8b, f5, 3b, f6, 38, 52, 58, 84, 6a, ec, a5, 1d, 44, 3c, 31, 39, d6, b3, 76, 4a, 0f, 0a, db, e2, c0, 94, a2, 5c, 16, 4d, 1b, 04, cc, a5, 3c, d9, 52, e7, 71]] } }
[2m2026-09-14T11:05:10.560040Z[0m [31mERROR[0m codec_extension ThreadId(12) [2mzenoh_codec::common::extension[0m[2m:[0m Unknown Test ext: ZExtUnknown { Id: 2, Mandatory: true, Encoding: "ZBuf", Value: ZBuf { slices: [[ca, 77, 0b, ee, e2, bf, d1, 29, 9d, d4, 52, e4, a3, 2f, de, c2, 68, 51, 87, b8, 43, 88, 28, 40, 2b, bf, ea, 83, 37, 09, 65, a7, d2, 39, 9b, 20, 80, 17, 1a, 47, a2, df, 6a, 2d, 57, 95, 1c, 91, e7, dd, 52, d4, e2, d6, 1b]] } }
[2m2026-09-14T11:05:10.560067Z[0m [31mERROR[0m codec_extension ThreadId(12) [2mzenoh_codec::common::extension[0m[2m:[0m Unknown Test ext: ZExtUnknown { Id: 2, Mandatory: true, Encoding: "ZBuf", Value: ZBuf { slices: [[7c, c6, c4, 1b, 07, 4a, 10, 48, c7, b1, ba, a7, c5, 37, 98, 3b, 63, 34, 22, 2e, 41, 9f, aa]] } }
[2m2026-09-14T11:05:10.560078Z[0m [31mERROR[0m codec_extension ThreadId(12) [2mzenoh_codec::common::extension[0m[2m:[0m Unknown Test ext: ZExtUnknown { Id: 2, Mandatory: true, Encoding: "ZBuf", Value: ZBuf { slices: [[0f, 29, ac, 56, 44, 06, c3, dc, 83, 8d, 24, 3f, c4, d2, e4]] } }
[2m2026-09-14T11:05:10.560109Z[0m [31mERROR[0m codec_extension ThreadId(12) [2mzenoh_codec::common::extension[0m[2m:[0m Unknown Test ext: ZExtUnknown { Id: 2, Mandatory: true, Encoding: "ZBuf", Value: ZBuf { slices: [[81, de, 21, 6a, b4, 04, ae, f5, 6c, a4, be, ba, a0, a2, cf, fb, a4, fd, b6, 30, 3e, 93, 2d, fa, 22, e3, ac, 95, d7, e1, ac, ce, be, fd, 52, e5, 47, 64, b5, 03, c9, 25, 82, d6, 77, 62, e2, cc, 69, 9f, ca, ef, 0a, 21, fe, 89]] } }
[2m2026-09-14T11:05:10.560148Z[0m [31mERROR[0m codec_extension ThreadId(12) [2mzenoh_codec::common::extension[0m[2m:[0m Unknown Test ext: ZExtUnknown { Id: 2, Mandatory: true, Encoding: "ZBuf", Value: ZBuf { slices: [[c1, 55, 92, 3b, 00, 6d, a3, 34, d0, d4, cf, 93, 92, 08, 12, 23, 5c, 8e, cd, b2, 51, d8, 36, ec, 1e, 6b, fa, 70, ad, 46, b4, 08, 29, 36, dc, 41]] } }
[2m2026-09-14T11:05:10.560157Z[0m [31mERROR[0m codec_extension ThreadId(12) [2mzenoh_codec::common::extension[0m[2m:[0m Unknown Test ext: ZExtUnknown { Id: 2, Mandatory: true, Encoding: "ZBuf", Value: ZBuf { slices: [[11, 60, 4b, 4e, 16, 3b, f0, 0d]] } }
[2m2026-09-14T11:05:10.560167Z[0m [31mERROR[0m codec_extension ThreadId(12) [2mzenoh_codec::common::extension[0m[2m:[0m Unknown Test ext: ZExtUnknown { Id: 2, Mandatory: true, Encoding: "ZBuf", Value: ZBuf { slices: [[44, e9, ba, 2d, cd, 5a, 34, aa, 66, e7, d7, d8, 42]] } }
[2m2026-09-14T11:05:10.560194Z[0m [31mERROR[0m codec_extension ThreadId(12) [2mzenoh_codec::common::extension[0m[2m:[0m Unknown Test ext: ZExtUnknown { Id: 2, Mandatory: true, Encoding: "ZBuf", Value: ZBuf { slices: [[a5, 72, df, f3, 4c, 25, e1, 7a, fe, 01, 89, 31, bd, 62, 74, 4c, fa, 49, 6f, d3, 21, ed, 7e, 38, 9a, e6, 5b, a7, c6, 14, 07, 3d, a3, 3a, af, 36, 64, 5f, e5, 4a, b8, 15, b4, b6, a0, e5, 0e, 6a, 29, 37, 5b, 87, 5e, 39, d7, 7b, a6, d4]] } }
[2m2026-09-14T11:05:10.560210Z[0m [31mERROR[0m codec_extension ThreadId(12) [2mzenoh_codec::common::extension[0m[2m:[0m Unknown Test ext: ZExtUnknown { Id: 2, Mandatory: true, Encoding: "ZBuf", Value: ZBuf { slices: [[3e, d0, 9f, 1f, fb, a2, 3a, 81, 55, 6d, 0b, bc, 0b, 94, b2, 29, 7b, 85, 7e, e3, e0, 87, f5, 12]] } }
[2m2026-09-14T11:05:10.560243Z[0m [31mERROR[0m codec_extension ThreadId(12) [2mzenoh_codec::common::extension[0m[2m:[0m Unknown Test ext: ZExtUnknown { Id: 2, Mandatory: true, Encoding: "ZBuf", Value: ZBuf { slices: [[49, 53, 36, 03, f8, 6e, bb, be, 64, 2b, 06, c8, 71, 61, b9, ce, 1e, b6, d9, 4f, 6b, e6, 11, 11, 9a, a9, 75]] } }
[2m2026-09-14T11:05:10.560268Z[0m [31mERROR[0m codec_extension ThreadId(12) [2mzenoh_codec::common::extension[0m[2m:[0m Unknown Test ext: ZExtUnknown { Id: 2, Mandatory: true, Encoding: "ZBuf", Value: ZBuf { slices: [[4f, a4, 44, c7, 33, 01, 6a, 2c, ab, 80, 66, c3, 59, 1a, df, d4, 7f, 6a, 30, b0, f5, a6, 22, 5d, 9b, 43, 29, 4e, 69, 72, 5e, 0b, 4e, 86, 6c, b8, 3f, 11, 56, 42, e3, 7b]] } }
[2m2026-09-14T11:05:10.560337Z[0m [31mERROR[0m codec_extension ThreadId(12) [2mzenoh_codec::common::extension[0m[2m:[0m Unknown Test ext: ZExtUnknown { Id: 2, Mandatory: true, Encoding: "ZBuf", Value: ZBuf { slices: [[e5, 0d, 23, 23, 7a, 16, c8, e0, 9e, 31, 7e, ea, 20, bd, 1d, 6a, 3a, 2e, 03, 42, 3a, 91, dc, 6f, c4, 76, b2, f2, 70, 64, ed, 98, 71, 13, 6f, a9, a7, 12, 49, 3b, 83, 1f, 0c, 4a, 65, 5f, 24, 50, df, 70, e1]] } }
[2m2026-09-14T11:05:10.560384Z[0m [31mERROR[0m codec_extension ThreadId(12) [2mzenoh_codec::common::extension[0m[2m:[0m Unknown Test ext: ZExtUnknown { Id: 2, Mandatory: true, Encoding: "ZBuf", Value: ZBuf { slices: [[19, 76, fe, f3, e2, 8a, e0, fb, 68, 15, 2f, 04, 1f, b0, 00, 68, a5, 82, 24, 81, ed, c9, 8c, 81, 71, 60, 84, 02, 6c, 5a, dc, 60, aa, a0, ca, b5, 36, 9a, b9, 9a, 5c, ca, 53, 4c, 86, a4]] } }
[2m2026-09-14T11:05:10.560401Z[0m [31mERROR[0m codec_extension ThreadId(12) [2mzenoh_codec::common::extension[0m[2m:[0m Unknown Test ext: ZExtUnknown { Id: 2, Mandatory: true, Encoding: "ZBuf", Value: ZBuf { slices: [[41, 4b, fd, b9, 0b, fd, f6, fd, d6, 9e, fa, 86, 30, 30, 1c, 3b, f5]] } }
[2m2026-09-14T11:05:10.560427Z[0m [31mERROR[0m codec_extension ThreadId(12) [2mzenoh_codec::common::extension[0m[2m:[0m Unknown Test ext: ZExtUnknown { Id: 2, Mandatory: true, Encoding: "ZBuf", Value: ZBuf { slices: [[d2, a2, f3, bf, 22, ce, 00, 61, 30, 5f, e3, 8c, f7, 37, 4c, f2, b7, e4, 41, 9c, cd, fd, 7d, 5c, b2, a3, 6b, 90, 28, 9c, a0, a8, d4]] } }
[2m2026-09-14T11:05:10.560437Z[0m [31mERROR[0m codec_extension ThreadId(12) [2mzenoh_codec::common::extension[0m[2m:[0m Unknown Test ext: ZExtUnknown { Id: 2, Mandatory: true, Encoding: "ZBuf", Value: ZBuf { slices: [[59, d8, 36, 59, 3a, b7, 28, 9a, 6e, 1b, 0e, 3f, b3, fa, 6f, 20, e2, c6, 9e, 10, f8, c4, a4]] } }
[2m2026-09-14T11:05:10.560467Z[0m [31mERROR[0m codec_extension ThreadId(12) [2mzenoh_codec::common::extension[0m[2m:[0m Unknown Test ext: ZExtUnknown { Id: 2, Mandatory: true, Encoding: "ZBuf", Value: ZBuf { slices: [[22, 9f, 76, 13, 53, 93, f4, 5c]] } }
[2m2026-09-14T11:05:10.560477Z[0m [31mERROR[0m codec_extension ThreadId(12) [2mzenoh_codec::common::extension[0m[2m:[0m Unknown Test ext: ZExtUnknown { Id: 2, Mandatory: true, Encoding: "ZBuf", Value: ZBuf { slices: [[38, 4e, af, fe, c0, 47, 76, 8e, fd, ca, 55, c9, 10, e0, aa, e7, f5, 8e, 8c, 4e, 01, fb, cc]] } }
[2m2026-09-14T11:05:10.560500Z[0m [31mERROR[0m codec_extension ThreadId(12) [2mzenoh_codec::common::extension[0m[2m:[0m Unknown Test ext: ZExtUnknown { Id: 2, Mandatory: true, Encoding: "ZBuf", Value: ZBuf { slices: [[8f, ee, 85, 45, 3d, 42, 79, f1, 2e, 42, 1e, 12, 46, e6, 71, 5b, 30, 4d, 77, 47, f6, f5, f2, 6b, d7, 42, 27, 05, fb, d0, 50, 58, fd, a6, 4b]] } }
[2m2026-09-14T11:05:10.560538Z[0m [31mERROR[0m codec_extension ThreadId(12) [2mzenoh_codec::common::extension[0m[2m:[0m Unknown Test ext: ZExtUnknown { Id: 2, Mandatory: true, Encoding: "ZBuf", Value: ZBuf { slices: [[91, 2c, 8e, ea, 92, 1f, b7, cf, 08, 7a, 3e, 0d, a1, 09, d7, bb, b3, c7, 6d, 8a, ba, f4, ce, 44]] } }
[2m2026-09-14T11:05:10.560580Z[0m [31mERROR[0m codec_extension ThreadId(12) [2mzenoh_codec::common::extension[0m[2m:[0m Unknown Test ext: ZExtUnknown { Id: 2, Mandatory: true, Encoding: "ZBuf", Value: ZBuf { slices: [[f3, ab, 80, 11, 1f, e7, 3b, 7c, 5b, 92, 9d, 19, 37, 25, e1, 9f, e1, a4, f2, 45, de, 1d, 0f, 31, d1, 75, 92, a5, d1, 30]] } }
[2m2026-09-14T11:05:10.560615Z[0m [31mERROR[0m codec_extension ThreadId(12) [2mzenoh_codec::common::extension[0m[2m:[0m Unknown Test ext: ZExtUnknown { Id: 2, Mandatory: true, Encoding: "ZBuf", Value: ZBuf { slices: [[e3, e8, e9, 2e, 91, fd, 44, 47, 30, 38, 96, 85, 2e, a2, fe, a1, 55, cf, ee, 14, 39, 72, 10, bb, 79, 1b, f5, 40, fc, 81, 91, ad, 5d, fc, 43, 27, f5, a7, bf, 85, 04, d4]] } }
[2m2026-09-14T11:05:10.560646Z[0m [31mERROR[0m codec_extension ThreadId(12) [2mzenoh_codec::common::extension[0m[2m:[0m Unknown Test ext: ZExtUnknown { Id: 2, Mandatory: true, Encoding: "ZBuf", Value: ZBuf { slices: [[78, 56, c1, c0, 01, 9d, d6, b0, 76, 3e, 92, 1d, ac, 1d, 5e, f2, 2f, d0, 0e, 64, fa, 0c, 31, 05, 56, 01, 1c, c4, 33]] } }
[2m2026-09-14T11:05:10.560672Z[0m [31mERROR[0m codec_extension ThreadId(12) [2mzenoh_codec::common::extension[0m[2m:[0m Unknown Test ext: ZExtUnknown { Id: 2, Mandatory: true, Encoding: "ZBuf", Value: ZBuf { slices: [[b3, 67, db, 46, 1f, 87, 1f, 93, bc, 0c, 26, 28, 63, 46, 91, f3, af, f3, a0, 8a, ea, f8, ed, d7, 1b, ac, 0c, 6a, 7c, 6f, 0f, e6, 97, 3f, 8c, aa, 19, f4, 3e, e2, ea, f3, 95, 06, 12, 5d, 18, c6, 05, c6, 63, 62, 05, 64, b4, 61, f9, cb, 03, 3f, da]] } }
[2m2026-09-14T11:05:10.560688Z[0m [31mERROR[0m codec_extension ThreadId(12) [2mzenoh_codec::common::extension[0m[2m:[0m Unknown Test ext: ZExtUnknown { Id: 2, Mandatory: true, Encoding: "ZBuf", Value: ZBuf { slices: [[70, 6e, 97, b7, 52, 1b, b2, b7, 66, f2, 5d, b7, 26, 3a, 4c]] } }
[2m2026-09-14T11:05:10.560716Z[0m [31mERROR[0m codec_extension ThreadId(12) [2mzenoh_codec::common::extension[0m[2m:[0m Unknown Test ext: ZExtUnknown { Id: 2, Mandatory: true, Encoding: "ZBuf", Value: ZBuf { slices: [[01, 01, 34, 33, a3, a8, 91, fb, 37, 03, 3a, 1c, c4, 7b, 4e, f2, 98, 20, 6c, c7, 24, f7, 4f, 97, 32, 36, de, 3e, 61, e6, 77, 36, 9e, 9a, 84, ff, 9c, ad, c1, 94, 89, 8c]] } }
[2m2026-09-14T11:05:10.560733Z[0m [31mERROR[0m codec_extension ThreadId(12) [2mzenoh_codec::common::extension[0m[2m:[0m Unknown Test ext: ZExtUnknown { Id: 2, Mandatory: true, Encoding: "ZBuf", Value: ZBuf { slices: [[97, 75, fe, 73, af, c7, c4, 37, c6, be, cd, 34, 16, 91, 81, d9, c1, 1f, a4, b2, b2, ab, 4e, 5d, 6f, a1, 62, ba, 3a, e8, 35, 17, 1e, 5b, df, d9, ac]] } }
[2m2026-09-14T11:05:10.560773Z[0m [31mERROR[0m codec_extension ThreadId(12) [2mzenoh_codec::common::extension[0m[2m:[0m Unknown Test ext: ZExtUnknown { Id: 2, Mandatory: true, Encoding: "ZBuf", Value: ZBuf { slices: [[06, a2, c9, f5, a7, 70, 52, 79, e3, 26]] } }
[2m2026-09-14T11:05:10.560801Z[0m [31mERROR[0m codec_extension ThreadId(12) [2mzenoh_codec::common::extension[0m[2m:[0m Unknown Test ext: ZExtUnknown { Id: 2, Mandatory: true, Encoding: "ZBuf", Value: ZBuf { slices: [[7d, 09, 16, 97, f5, 20, 6d, 84, 22, f9, b4, e8, 39, 1d, 95, 90, 2b, 43, 0a, 4b, cb, eb, 64, 49, f9, 4a, 33, 68, ad, 57, 5d, 6a, 01, 90, 77, c5, 71, 0e, ae, d7, 74, c8, f4, 8f, e2, d2, b9, 01, de, a8, 03, 40, f0, 3a, 2a, c0, fd, ce]] } }
[2m2026-09-14T11:05:10.560814Z[0m [31mERROR[0m codec_extension ThreadId(12) [2mzenoh_codec::common::extension[0m[2m:[0m Unknown Test ext: ZExtUnknown { Id: 2, Mandatory: true, Encoding: "ZBuf", Value: ZBuf { slices: [[9f, da, 89, 10, 50, 9e, 91, 1b, 09, 94, fa, 72, c0, ec, 2e, 38, 65, 15, 25, c7, f5, cf, f5, 3f, 73, 7e, 9c, 36]] } }
[2m2026-09-14T11:05:10.560829Z[0m [31mERROR[0m codec_extension ThreadId(12) [2mzenoh_codec::common::extension[0m[2m:[0m Unknown Test ext: ZExtUnknown { Id: 2, Mandatory: true, Encoding: "ZBuf", Value: ZBuf { slices: [[bb, c6, 6b, fa, 1a, 35, d9, 29, 12, 3f, 93, 0d, 13, d9, 58]] } }
[2m2026-09-14T11:05:10.560858Z[0m [31mERROR[0m codec_extension ThreadId(12) [2mzenoh_codec::common::extension[0m[2m:[0m Unknown Test ext: ZExtUnknown { Id: 2, Mandatory: true, Encoding: "ZBuf", Value: ZBuf { slices: [[8c, 28, 4f, c4, 43, a3, f8, 65, 5b, cc, 2b, a3, 9a, 62, 12, f5, 23, 36, 2c, 0e, 4c, 75, 5c, 3c, de]] } }
[2m2026-09-14T11:05:10.560869Z[0m [31mERROR[0m codec_extension ThreadId(12) [2mzenoh_codec::common::extension[0m[2m:[0m Unknown Test ext: ZExtUnknown { Id: 2, Mandatory: true, Encoding: "ZBuf", Value: ZBuf { slices: [[40, dc, f3, be, 56, a9, f0, eb, 26, a8, 80, 70, ab, ec, 37, ec, 5b, 34, 95, 71, e4, 74, 40]] } }
[2m2026-09-14T11:05:10.560883Z[0m [31mERROR[0m codec_extension ThreadId(12) [2mzenoh_codec::common::extension[0m[2m:[0m Unknown Test ext: ZExtUnknown { Id: 2, Mandatory: true, Encoding: "ZBuf", Value: ZBuf { slices: [[96, 25, 03, ec, 1c, 6f, 0e, 64, 7f, 27, 5c]] } }
[2m2026-09-14T11:05:10.560908Z[0m [31mERROR[0m codec_extension ThreadId(12) [2mzenoh_codec::common::extension[0m[2m:[0m Unknown Test ext: ZExtUnknown { Id: 2, Mandatory: true, Encoding: "ZBuf", Value: ZBuf { slices: [[77, d3, 77, 0f, 46, a4, f0, a7, fd, d9, f9, eb, eb, d0, e5, 5a, 2f, 2a, b5, d8, a5, 6c, cb, 2e, c0, a6, ac]] } }
[2m2026-09-14T11:05:10.560936Z[0m [31mERROR[0m codec_extension ThreadId(12) [2mzenoh_codec::common::extension[0m[2m:[0m Unknown Test ext: ZExtUnknown { Id: 2, Mandatory: true, Encoding: "ZBuf", Value: ZBuf { slices: [[87, 31, 55, 1a, ae, bd, 10, 7e, be, 9a, e1, 55, 77, 23, 80, 37, c3, a9, 87, 3a, 55, c1, a6, 81, db, 9c, 7a, c4, 5c, 80, 45, 8f, 00, 7e, 2a, 82, 03, 4e, b8, 0b, cc, df, e6, d1, 22, fa, 62]] } }
[2m2026-09-14T11:05:10.560965Z[0m [31mERROR[0m codec_extension ThreadId(12) [2mzenoh_codec::common::extension[0m[2m:[0m Unknown Test ext: ZExtUnknown { Id: 2, Mandatory: true, Encoding: "ZBuf", Value: ZBuf { slices: [[45, ae, 48, db, 0d, ae, 80, 06, ef, 44, 0b, 46, 98, 0c, 65, 4e, 2f, d9, 7d, 88, 3a, 2b, 42, 3f, d5, 2c, 62, 53, 17, 84, 5d, 72, 43, a9, ba, 95, 5b, 39, 7b, fe, 91, 6c, 4a, 3e, 9d, 00, 53, af, 3e, d8, 05, 1e, c3, c7, 73, e2, 7e, 2c]] } }
[2m2026-09-14T11:05:10.560990Z[0m [31mERROR[0m codec_extension ThreadId(12) [2mzenoh_codec::common::extension[0m[2m:[0m Unknown Test ext: ZExtUnknown { Id: 2, Mandatory: true, Encoding: "ZBuf", Value: ZBuf { slices: [[77, 65, 63, 3c, e8, f2, 94, cc, 64, 0f, 6a, 71, b3, ef, f9, 99, c6, 7b, 9f, df, b1, cd, 27]] } }
[2m2026-09-14T11:05:10.561020Z[0m [31mERROR[0m codec_extension ThreadId(12) [2mzenoh_codec::common::extension[0m[2m:[0m Unknown Test ext: ZExtUnknown { Id: 2, Mandatory: true, Encoding: "ZBuf", Value: ZBuf { slices: [[ad, 16, 9c, 8d, 69, 6c, 26, c4, d8, ec, e4, d1, de, a4, 7e, 64, b8, 5e, d6, 5a, c5, 7f, 6c, 62, 64, b9, 6a, 3a, c3, c1, bf, 36, d0, fc, 29]] } }
[2m2026-09-14T11:05:10.561081Z[0m [31mERROR[0m codec_extension ThreadId(12) [2mzenoh_codec::common::extension[0m[2m:[0m Unknown Test ext: ZExtUnknown { Id: 2, Mandatory: true, Encoding: "ZBuf", Value: ZBuf { slices: [[12, 37, c3, de, 20, ff, fb, 20, f6, c6, 54, 13, 7b, c9, 99, 9b, 5c, 7c, be, 83, d8, c8, 15, b7, 51, 01, a6, 9b, 64, da, be, 1e, 78, 59, 22, f4, 43, bf, 70, 6c, 50, bd, 7e, 40, 56, 78, ce, c6, 4e, 64, b6, 96, 33, d5, d9, ab, f6]] } }
[2m2026-09-14T11:05:10.561117Z[0m [31mERROR[0m codec_extension ThreadId(12) [2mzenoh_codec::common::extension[0m[2m:[0m Unknown Test ext: ZExtUnknown { Id: 2, Mandatory: true, Encoding: "ZBuf", Value: ZBuf { slices: [[6c, 8a, 00, fa, ae, 34, 9c, f8, 6a, 7b, 0b, dd, 83, 92, 4f, d8, ab, e9, 4a, f3, ee, 91, ba, 3f]] } }
[2m2026-09-14T11:05:10.561143Z[0m [31mERROR[0m codec_extension ThreadId(12) [2mzenoh_codec::common::extension[0m[2m:[0m Unknown Test ext: ZExtUnknown { Id: 2, Mandatory: true, Encoding: "ZBuf", Value: ZBuf { slices: [[d4, b9, e4, 8f, df, 0f, 02, 7a, 8a, fb, be, d5, eb, cd, 94, 80, 96, 6e, 0c, 78, c0, c0, 0d, a1, 4f, 40, eb, c9, 55, 35, c9, c6, 1e, 5d, 70, 74, b3, 16, f7, 54, 52, 6a, c9, f0, 4e, ce, a3, 0a, 94, fd, 0b, 82, b7, 7a, e9, 4a, 05, 30, 8e, a4]] } }
[2m2026-09-14T11:05:10.561177Z[0m [31mERROR[0m codec_extension ThreadId(12) [2mzenoh_codec::common::extension[0m[2m:[0m Unknown Test ext: ZExtUnknown { Id: 2, Mandatory: true, Encoding: "ZBuf", Value: ZBuf { slices: [[64, 80, 91, fc, 5e, d8, 86, 88, 15, 9a, 5b, 1d, 5a, 98, c2, 05, 16, a3, d7, 12, aa, 29, cb, 56, 9d, 52, 8d, 18, 3b, 8f, 32, e2, 2c, f4, b0, 31, 6b, 02, ac, 25, 57, 47, ff, 93, 0e, 20, f5, f8, 3e, 2a, bc, ff, 79, 3b, c5, 32, fe, b9, 82]] } }
[2m2026-09-14T11:05:10.561198Z[0m [31mERROR[0m codec_extension ThreadId(12) [2mzenoh_codec::common::extension[0m[2m:[0m Unknown Test ext: ZExtUnknown { Id: 2, Mandatory: true, Encoding: "ZBuf", Value: ZBuf { slices: [[ef, 53, d9, 78, 06, 54, 35, 80]] } }
[2m2026-09-14T11:05:10.561212Z[0m [31mERROR[0m codec_extension ThreadId(12) [2mzenoh_codec::common::extension[0m[2m:[0m Unknown Test ext: ZExtUnknown { Id: 2, Mandatory: true, Encoding: "ZBuf", Value: ZBuf { slices: [[13, 61, 15, 06, f6, 0c, 5b, 70, 0e, ea, 8b, 7e, 77, 3a, a3, 59, af, 5a, cb, f3]] } }
[2m2026-09-14T11:05:10.561240Z[0m [31mERROR[0m codec_extension ThreadId(12) [2mzenoh_codec::common::extension[0m[2m:[0m Unknown Test ext: ZExtUnknown { Id: 2, Mandatory: true, Encoding: "ZBuf", Value: ZBuf { slices: [[5b, 32, 34, 86, 0f, 80, af, 02, 84, 96, 18, c2, de, f0, 1f, b3, c3, 60, 56, 1a, aa, fc, 6a, 2e, 46, ad, a1, 8a, 9f, 49, 24, b3, 44, 8b, 81, 52, 04, 01, ac, 88, 19, 6c, df, 40, 7d, e1, e2, c7, df, a2, 00, 43, d3, a2, 9b, 56]] } }
[2m2026-09-14T11:05:10.561270Z[0m [31mERROR[0m codec_extension ThreadId(12) [2mzenoh_codec::common::extension[0m[2m:[0m Unknown Test ext: ZExtUnknown { Id: 2, Mandatory: true, Encoding: "ZBuf", Value: ZBuf { slices: [[61, 7a, 51, c8, 58, 9f, b5, c9, 3e, e6, 58, a4, b5, a0, 29, 2a, 99, aa, b4, 0e, fd, d6, 83, 6a, 2e, a2, 02, db, 18, d9, 55, 62, 3d, 06, 75, 15, c5, 3c, 0c, 35, ea, 12, 7b, 67, 75]] } }
[2m2026-09-14T11:05:10.561300Z[0m [31mERROR[0m codec_extension ThreadId(12) [2mzenoh_codec::common::extension[0m[2m:[0m Unknown Test ext: ZExtUnknown { Id: 2, Mandatory: true, Encoding: "ZBuf", Value: ZBuf { slices: [[ed, 28, 2f, fe, 2b, d7, 19, 95, 94, d0, 34, 5c, 0b, 0c, 66, 35, 69, 81, e4, 64, 77, e1, e9, 36, bb, cd, b3, 51, f9, b0, ef, 80, 49]] } }
[2m2026-09-14T11:05:10.561329Z[0m [31mERROR[0m codec_extension ThreadId(12) [2mzenoh_codec::common::extension[0m[2m:[0m Unknown Test ext: ZExtUnknown { Id: 2, Mandatory: true, Encoding: "ZBuf", Value: ZBuf { slices: [[28, bd, 80, b8, 8f, 57, 50, 2c, 38, ee, a2, 8b, 71, 9a, 0c, 25, 1a, 66, 14, d3, 46, 52, d9, d0, 00, 25, 0a, 71, 90, 0a, 76, e2, 4b, 69, 80, fa, 7e, 2b, 0b, f7, 21, ca, f5, c1, 68, df, 3e, e6, 40, 2c]] } }
[2m2026-09-14T11:05:10.561355Z[0m [31mERROR[0m codec_extension ThreadId(12) [2mzenoh_codec::common::extension[0m[2m:[0m Unknown Test ext: ZExtUnknown { Id: 2, Mandatory: true, Encoding: "ZBuf", Value: ZBuf { slices: [[2d, a1, c7, 81, 85, 07, 65, 09, 85, 5e, c3, fa, 05, 2a, 5a, 68, 25, 84, 35, 04, 55, 75, da, ff, 9c, c1, bf, b3, 1d, 85, 0b, d3, a5, 53, 94]] } }
[2m2026-09-14T11:05:10.561363Z[0m [31mERROR[0m codec_extension ThreadId(12) [2mzenoh_codec::common::extension[0m[2m:[0m Unknown Test ext: ZExtUnknown { Id: 2, Mandatory: true, Encoding: "ZBuf", Value: ZBuf { slices: [[6b, 43, 37, 87, a9, a4, 3b, 74, ea, af, 47]] } }
[2m2026-09-14T11:05:10.561392Z[0m [31mERROR[0m codec_extension ThreadId(12) [2mzenoh_codec::common::extension[0m[2m:[0m Unknown Test ext: ZExtUnknown { Id: 2, Mandatory: true, Encoding: "ZBuf", Value: ZBuf { slices: [[5d, 46, 7e, 9d, cd, ed, 78, aa, 95, cf, 88, e1, 08, 41, 41, 4c, 9b, 84, cd, 6b, 9c, 90, 4a, 6d, f3, 68, 72, 21, ee, 3f, 65, 9a, ed, be]] } }
[2m2026-09-14T11:05:10.561420Z[0m [31mERROR[0m codec_extension ThreadId(12) [2mzenoh_codec::common::extension[0m[2m:[0m Unknown Test ext: ZExtUnknown { Id: 2, Mandatory: true, Encoding: "ZBuf", Value: ZBuf { slices: [[23, 77, be, 61, cc, 99, 5c, e3, c8, 61, fa, 50, b9, a0, ab, 3b, d3, 2f, a3, 36, c1, 66, d9, fd, 91, 5f, de, 41, d2, 15, ae, 8c, 3f, 02, 1f, 6a, 06, db, 31, fc, 7c, 32, 56, ac, 38, f4, 21, e2, 43, 1d, 7e, db, f6, 14, 40, da, d3]] } }
[2m2026-09-14T11:05:10.561451Z[0m [31mERROR[0m codec_extension ThreadId(12) [2mzenoh_codec::common::extension[0m[2m:[0m Unknown Test ext: ZExtUnknown { Id: 2, Mandatory: true, Encoding: "ZBuf", Value: ZBuf { slices: [[6b, 56, 66, 41, 5f, e9, b3, e8, f0, e8, 6f, 0b, e0, f7, e3, 86, 7d, cc, fe, 8a, bb, 0c, 1b, 65, f1, db, 21, f7, 81, 53, de, 27, 39, cd, 0a, dc, 35, ab, 68, 9c, c2, 14, 57, d4, f2, 8c, 24, bd, c9, 0b, 37, ef, d8, c5, 8e, 9a, 5f, b9]] } }
[2m2026-09-14T11:05:10.561523Z[0m [31mERROR[0m codec_extension ThreadId(12) [2mzenoh_codec::common::extension[0m[2m:[0m Unknown Test ext: ZExtUnknown { Id: 2, Mandatory: true, Encoding: "ZBuf", Value: ZBuf { slices: [[d5, 5a, e3, c0, 5c, 2a, 8a, dc, 05, e3, 15, 3b, f5, 0b, f2, 36, 59, 5b, 6b, 04, 41, 39, 69, 52, d9, 70, 22, c0, 88, f0, 4d, f0, 67, fa, 0d, fc, b6, 0c, f4, 87, 21, 70, d3, 6d, 87, 3f, 2f, f4, ea, ad, ec, 30, dd, 0b, d5]] } }
[2m2026-09-14T11:05:10.561564Z[0m [31mERROR[0m codec_extension ThreadId(12) [2mzenoh_codec::common::extension[0m[2m:[0m Unknown Test ext: ZExtUnknown { Id: 2, Mandatory: true, Encoding: "ZBuf", Value: ZBuf { slices: [[63, 2b, 16, 37, 81, 24, 2f, ed, c9, 1d, 2e, b3, d7, 5b, b3, 51, a3, 76]] } }
[2m2026-09-14T11:05:10.561596Z[0m [31mERROR[0m codec_extension ThreadId(12) [2mzenoh_codec::common::extension[0m[2m:[0m Unknown Test ext: ZExtUnknown { Id: 2, Mandatory: true, Encoding: "ZBuf", Value: ZBuf { slices: [[c6, 22, b8, a6, f4, a8, 5c, ac, 9a, 1b, 53, 2b, 59, 81, 70, d6, 7c, 71, 27, 58, 52, 5f, b0, 84, 1f, ab, 9a, 6c, 74, e4, ad, 1d, 90, e8, 50, 40, 2e, 81, c5, 0c, cf, ec, 4d, d9, 3d, 21, 7e, 00, f1, 4b, 64, 14, 3f, 77, 9c, 14, 75, e6, a3, d1, 30, 78, b6, c6]] } }
[2m2026-09-14T11:05:10.561643Z[0m [31mERROR[0m codec_extension ThreadId(12) [2mzenoh_codec::common::extension[0m[2m:[0m Unknown Test ext: ZExtUnknown { Id: 2, Mandatory: true, Encoding: "ZBuf", Value: ZBuf { slices: [[b6, 33, a2, 00, ba, 40, 3c, 6a, b6, b8, cd, 5a, 9f, 52, 9f, 24, 38, b7, a8, de, 29, f8, ec, 55, a9, d5, c1, 3f, b9, a9, 41, f4]] } }
[2m2026-09-14T11:05:10.561672Z[0m [31mERROR[0m codec_extension ThreadId(12) [2mzenoh_codec::common::extension[0m[2m:[0m Unknown Test ext: ZExtUnknown { Id: 2, Mandatory: true, Encoding: "ZBuf", Value: ZBuf { slices: [[5a, 5e, 48, 11, 04, 6c, 24, 7a, 0a, 31, fb, 28, a7, 7b, 3a, 51, c1, 26, 18, b3, c9, 00, 33, 7a, 7c, 12, c9, e1, e7, 12, 73, 36, af, 08, cd, b5, 85, 8f, d0, 77, 14, 95, 3e, 86, 2d, bf, d8, c0, d5, 18, bf, 54, 5f, 90, 6e, 64, bd, ea, 2f, 3a, 7b]] } }
[2m2026-09-14T11:05:10.561764Z[0m [31mERROR[0m codec_extension ThreadId(12) [2mzenoh_codec::common::extension[0m[2m:[0m Unknown Test ext: ZExtUnknown { Id: 2, Mandatory: true, Encoding: "ZBuf", Value: ZBuf { slices: [[2d, cf, bb, 9c, 6f, 14, ff, 02, f3, 3b, 60, a3, 70, f6, 91, ef, ca]] } }
[2m2026-09-14T11:05:10.561785Z[0m [31mERROR[0m codec_extension ThreadId(12) [2mzenoh_codec::common::extension[0m[2m:[0m Unknown Test ext: ZExtUnknown { Id: 2, Mandatory: true, Encoding: "ZBuf", Value: ZBuf { slices: [[d1, dc, e6, 07, 09, 07, 81, 44, 8b, 08, b0, fa, c5, ee, 54, 42, 75, 45, f6, 93, d2]] } }
[2m2026-09-14T11:05:10.561861Z[0m [31mERROR[0m codec_extension ThreadId(12) [2mzenoh_codec::common::extension[0m[2m:[0m Unknown Test ext: ZExtUnknown { Id: 2, Mandatory: true, Encoding: "ZBuf", Value: ZBuf { slices: [[26, 77, 6d, 5f, fd, 33, e3, 9f, 8f, d7, 0a, d1, 95, 50, 16, f9, e6, 5b, 5d, b8, 7c, d2, 20, 9f, ec, 8b, 6f, e3, c0, 08, 48, 57, 26, a5, b2, be, e4, 3e, 0d, c3, ee, 6e, 1f, dc, 56, 17, 5d, 24, 30]] } }
[2m2026-09-14T11:05:10.561893Z[0m [31mERROR[0m codec_extension ThreadId(12) [2mzenoh_codec::common::extension[0m[2m:[0m Unknown Test ext: ZExtUnknown { Id: 2, Mandatory: true, Encoding: "ZBuf", Value: ZBuf { slices: [[44, e5, 0c, 70, d5, 5b, 1f, 07, 5c, 08, 90, 0f, 55, fa, 4d, 59, c2, ff, 2b, 4d, 45, f7, 42, cc, 9a, 51, 5c, 5d, dc, 45, 0e, 7c, bb, 17, 2d, f8, 36, c0, 98, 80, 71, 95, c7, e8, 20, 5b, bc, 7b]] } }
[2m2026-09-14T11:05:10.561936Z[0m [31mERROR[0m codec_extension ThreadId(12) [2mzenoh_codec::common::extension[0m[2m:[0m Unknown Test ext: ZExtUnknown { Id: 2, Mandatory: true, Encoding: "ZBuf", Value: ZBuf { slices: [[72, 2f, 67, fd, 2a, c8, ca, fa]] } }
[2m2026-09-14T11:05:10.561950Z[0m [31mERROR[0m codec_extension ThreadId(12) [2mzenoh_codec::common::extension[0m[2m:[0m Unknown Test ext: ZExtUnknown { Id: 2, Mandatory: true, Encoding: "ZBuf", Value: ZBuf { slices: [[93, a3, 03, b2, 4a, c6, 48, 6e, 93]] } }
[2m2026-09-14T11:05:10.561990Z[0m [31mERROR[0m codec_extension ThreadId(12) [2mzenoh_codec::common::extension[0m[2m:[0m Unknown Test ext: ZExtUnknown { Id: 2, Mandatory: true, Encoding: "ZBuf", Value: ZBuf { slices: [[47, da, d0, 6f, 1c, 55, e1, b0, b6, 10, 10, 3c, ec, 6a, 33, 72, a6, 28, 79, e4, 59, 22, a3, 40, 9e, be, ec, 58, 31, 5b, 0d, cf, 5b, 25, fc, 2e, a0, 7c, df, 27, 19, 88, a8, 21, 0c, 0f, 2f, 2a, 52, 3f, d2, 19, e7, 9d, 5f, 8c]] } }
[2m2026-09-14T11:05:10.562021Z[0m [31mERROR[0m codec_extension ThreadId(12) [2mzenoh_codec::common::extension[0m[2m:[0m Unknown Test ext: ZExtUnknown { Id: 2, Mandatory: true, Encoding: "ZBuf", Value: ZBuf { slices: [[b4, e6, c6, 50, 52, 85, 2d, 7f, ae, 71, 29, 75, 71, 7d, a6, c1, a0, a0, 7c, a6, 96, 98, 13, 9d, 65, 84, 4d, fb]] } }
[2m2026-09-14T11:05:10.562029Z[0m [31mERROR[0m codec_extension ThreadId(12) [2mzenoh_codec::common::extension[0m[2m:[0m Unknown Test ext: ZExtUnknown { Id: 2, Mandatory: true, Encoding: "ZBuf", Value: ZBuf { slices: [[8a, ce, 39, e6, 9a, f8, 38, 39, 26, 46, 0b, 70, 37, 46, 13, 3f, d0, 34, 81, 38, c4]] } }
[2m2026-09-14T11:05:10.562053Z[0m [31mERROR[0m codec_extension ThreadId(12) [2mzenoh_codec::common::extension[0m[2m:[0m Unknown Test ext: ZExtUnknown { Id: 2, Mandatory: true, Encoding: "ZBuf", Value: ZBuf { slices: [[6c, fd, 43, 1d, 9a, 98, 5c, 17, b3, 1d, 60, 9e, e7, 12, dc, 98, 0b, 6b, dd, b5, 78, fa, 68, 16, a2, 37, 63, 3f, df]] } }
[2m2026-09-14T11:05:10.562079Z[0m [31mERROR[0m codec_extension ThreadId(12) [2mzenoh_codec::common::extension[0m[2m:[0m Unknown Test ext: ZExtUnknown { Id: 2, Mandatory: true, Encoding: "ZBuf", Value: ZBuf { slices: [[8b, 13, 75, 87, 79, 90, 69, 90, 74, 23, 68, 83, d1, b2, 3c, 61, 4f, 74, 3c, ea, b2, 2d, f7, d8, 7c, b5, 34, 95, 81, 56, c8, 69, fd, 8a, 30, 2e, 9b, a9, 52, a8, b6, 24, e7, 70, 2a, 8f, 83, 7a, 25, 13, 9f, 28, ab, f2, 66, 93, 1a, eb, c6, b8, d0, a9, c6]] } }
[2m2026-09-14T11:05:10.562091Z[0m [31mERROR[0m codec_extension ThreadId(12) [2mzenoh_codec::common::extension[0m[2m:[0m Unknown Test ext: ZExtUnknown { Id: 2, Mandatory: true, Encoding: "ZBuf", Value: ZBuf { slices: [[7b, 1c, 1e, 6f, dd, 9a, 38, c6, ac, 5c, fb, db, 50, 32, 67, 57, 36, f2, 9d, 2f, 86, 5a, 33, a5, 44, 6f, 65, f9, 2b, ad, e2, 01, aa, b1, f5, 90, 91, 26, da, 47, 4b]] } }
[2m2026-09-14T11:05:10.562122Z[0m [31mERROR[0m codec_extension ThreadId(12) [2mzenoh_codec::common::extension[0m[2m:[0m Unknown Test ext: ZExtUnknown { Id: 2, Mandatory: true, Encoding: "ZBuf", Value: ZBuf { slices: [[42, ca, 3b, 3e, c7, 8e, ff, 38, 58, 55, 9a, c7, f2, 63, 28, 7c, 24, cc, ca, 61, 6c]] } }
[2m2026-09-14T11:05:10.562146Z[0m [31mERROR[0m codec_extension ThreadId(12) [2mzenoh_codec::common::extension[0m[2m:[0m Unknown Test ext: ZExtUnknown { Id: 2, Mandatory: true, Encoding: "ZBuf", Value: ZBuf { slices: [[83, ee, 95, 8a, ed, 15, b8, cb, 99, 27, 59, 8d, 25, bf, fd, 38, d3, 3b, d2, bb, c9, c6, ff, d0, b7, 29, ae, 05, 50, 56, 07, c4, ee, 2c, 92, 8a, c1, 3d, 96, 71, a3, 7a, 85, 9f, 4c, ab, a8, a2, 53, 4c, 99, 72]] } }
[2m2026-09-14T11:05:10.562157Z[0m [31mERROR[0m codec_extension ThreadId(12) [2mzenoh_codec::common::extension[0m[2m:[0m Unknown Test ext: ZExtUnknown { Id: 2, Mandatory: true, Encoding: "ZBuf", Value: ZBuf { slices: [[1a, b2, e4, 4a, 4c, 9c, 7d, 67, cd, 0d, 87, 73, 3f, 13]] } }
[2m2026-09-14T11:05:10.562168Z[0m [31mERROR[0m codec_extension ThreadId(12) [2mzenoh_codec::common::extension[0m[2m:[0m Unknown Test ext: ZExtUnknown { Id: 2, Mandatory: true, Encoding: "ZBuf", Value: ZBuf { slices: [[62, 26, c1, bc, 85, a7, a4, 55, 6c, c7, fc, d1, 35, e6, a3]] } }
[2m2026-09-14T11:05:10.562191Z[0m [31mERROR[0m codec_extension ThreadId(12) [2mzenoh_codec::common::extension[0m[2m:[0m Unknown Test ext: ZExtUnknown { Id: 2, Mandatory: true, Encoding: "ZBuf", Value: ZBuf { slices: [[c5, 9f, 18, a2, 2c, 10, 72, bb, 73, 17, 2a, 43, 54, d8, bc, 39, 35, bc, fe, 96, 0c, 88, 16, a4, f1, f0, 5a, 81, 68, cd, 6e, ca, 74, 27, f2, 52, 6e, 0a, d4, 26, 40, 85, 58, 51, bd, 5b, 32, ea, 92, f2, 6a, 07, a2, 4a, 46, 2f, 70, 1b, eb, 0b, b0]] } }
[2m2026-09-14T11:05:10.562222Z[0m [31mERROR[0m codec_extension ThreadId(12) [2mzenoh_codec::common::extension[0m[2m:[0m Unknown Test ext: ZExtUnknown { Id: 2, Mandatory: true, Encoding: "ZBuf", Value: ZBuf { slices: [[9f, 4e, cf, f0, 33, c3, 9b, b9, c3, 4c, 19, 68, 73, 92, a4, e0, de, 13, c9, af, b0, 45, 9d, d3, 8a, 56, 2c, 6a, 8d, cc, 21, b2, f0, cb, 9c, 75, a5, d8, f2, 65, 8c, c5, d0, cc, 14, bc, 8d, 35, e6, e2, af, 4d, b8, d5, 6f, 8e, d2, a6, 89]] } }
[2m2026-09-14T11:05:10.562248Z[0m [31mERROR[0m codec_extension ThreadId(12) [2mzenoh_codec::common::extension[0m[2m:[0m Unknown Test ext: ZExtUnknown { Id: 2, Mandatory: true, Encoding: "ZBuf", Value: ZBuf { slices: [[4f, 64, ee, 19, 2a, 15, 00, d6, a9, 5c, cf, e9, 6e, 89, 0c, 2e, fc, cc, 58, f2, 13, 25, ca, 76, 3a, 06, 42, 64, 10, 2b, 6f, da]] } }
[2m2026-09-14T11:05:10.562257Z[0m [31mERROR[0m codec_extension ThreadId(12) [2mzenoh_codec::common::extension[0m[2m:[0m Unknown Test ext: ZExtUnknown { Id: 2, Mandatory: true, Encoding: "ZBuf", Value: ZBuf { slices: [[1e, e0, 25, 90, cb, 22, ed, 1a, 8c, aa, b8, 8b, 1d, 52, 6a, b3, f1, 86, 24, d5, 77, 52, 1a, de, 2e, ca, 3c, a9, cb, ff, f0, 58, 43, cb, 50, f4, 4b, d1, 68, 50, 18, db, d1]] } }
[2m2026-09-14T11:05:10.562283Z[0m [31mERROR[0m codec_extension ThreadId(12) [2mzenoh_codec::common::extension[0m[2m:[0m Unknown Test ext: ZExtUnknown { Id: 2, Mandatory: true, Encoding: "ZBuf", Value: ZBuf { slices: [[a3, a3, 1d, a9, 66, 89, ab, ae, 69, 94, eb, 18, a2, 94, 52, af, 21, 35, 52, e0, 30, 75, 85, ed, 26, a9, c6, 62, 6a, 92, 74, 02, b6, f8, c1, 38, c9, 84, 9e]] } }
[2m2026-09-14T11:05:10.562308Z[0m [31mERROR[0m codec_extension ThreadId(12) [2mzenoh_codec::common::extension[0m[2m:[0m Unknown Test ext: ZExtUnknown { Id: 2, Mandatory: true, Encoding: "ZBuf", Value: ZBuf { slices: [[6e, 8f, b6, a8, d9, 08, b2, ed, 07, 4d, 30, 79, 50, e8, 82, 64, b6, aa, cc, a0, 6c, 60, cc, bb, ce, 26, f0, 47, 23, c9, f2, 1a, fb, 03, 5d, 7b, ca, 72, 01, e4, af, c6, b2, 0b, 02, 17, 5c, 17, 47, 99, df, bd, b6, 59]] } }
[2m2026-09-14T11:05:10.562336Z[0m [31mERROR[0m codec_extension ThreadId(12) [2mzenoh_codec::common::extension[0m[2m:[0m Unknown Test ext: ZExtUnknown { Id: 2, Mandatory: true, Encoding: "ZBuf", Value: ZBuf { slices: [[24, cb, b2, 7a, dd, 27, 2f, 84, 3a, 52, 86, cd, 5f, 6b, e6, f2, 2a, f4, 8b, 19, 2c, d8, 92, 67, fd, db, 5a, 31, c9, 3a, 01, 64, 90, cc, 7d, 60, 75, 11, 03, d8, 2c, 6a, d2, 7f, ed, b7]] } }
[2m2026-09-14T11:05:10.562354Z[0m [31mERROR[0m codec_extension ThreadId(12) [2mzenoh_codec::common::extension[0m[2m:[0m Unknown Test ext: ZExtUnknown { Id: 2, Mandatory: true, Encoding: "ZBuf", Value: ZBuf { slices: [[13, b1, 59, 2e, fc, 75, 3a, 36, b8, 35, ff, 67, f1, b4, 12, 9a, 7a, 55, 4f, 39, 3a, 89, 6b, 5f, d6, 27, dd, c2, bb, ca, 0d, 26, 77, 90, 25, 68, 08, d4, 84, fe, bd, 9d, cb, ae]] } }
[2m2026-09-14T11:05:10.562377Z[0m [31mERROR[0m codec_extension ThreadId(12) [2mzenoh_codec::common::extension[0m[2m:[0m Unknown Test ext: ZExtUnknown { Id: 2, Mandatory: true, Encoding: "ZBuf", Value: ZBuf { slices: [[85, 8c, 5c, 87, 6a, 75, 12, 65, 65, 41, b2, 04, 4e, 4e, a0, 45]] } }
[2m2026-09-14T11:05:10.562384Z[0m [31mERROR[0m codec_extension ThreadId(12) [2mzenoh_codec::common::extension[0m[2m:[0m Unknown Test ext: ZExtUnknown { Id: 2, Mandatory: true, Encoding: "ZBuf", Value: ZBuf { slices: [[e1, 0e, aa, e1, 4c, 12, ae, 21, 8e, 8c, d4, e1, cd, 10, d3, f1, 47, 04, c3, d6, 24, d5, 95, d9, 83, 01]] } }
[2m2026-09-14T11:05:10.562413Z[0m [31mERROR[0m codec_extension ThreadId(12) [2mzenoh_codec::common::extension[0m[2m:[0m Unknown Test ext: ZExtUnknown { Id: 2, Mandatory: true, Encoding: "ZBuf", Value: ZBuf { slices: [[b9, e9, 02, 58, 95, 5d, ab, b0, 5e]] } }
[2m2026-09-14T11:05:10.562505Z[0m [31mERROR[0m codec_extension ThreadId(12) [2mzenoh_codec::common::extension[0m[2m:[0m Unknown Test ext: ZExtUnknown { Id: 2, Mandatory: true, Encoding: "ZBuf", Value: ZBuf { slices: [[da, f5, c0, f9, ef, d1, 90, 64, 67, dd, 03, 6b, e9, 20, 16, aa, ac, cb, 54, 8e, 95, 73, b2, 94, da, 69]] } }
[2m2026-09-14T11:05:10.562556Z[0m [31mERROR[0m codec_extension ThreadId(12) [2mzenoh_codec::common::extension[0m[2m:[0m Unknown Test ext: ZExtUnknown { Id: 2, Mandatory: true, Encoding: "ZBuf", Value: ZBuf { slices: [[f2, eb, bc, 0e, 80, 33, 33, a4, 2d, 75, 30, 9d, 39, 1f, ca, 31, f0, 54, 24, cd, 9d, 39, 96, 4c, 70, e6, 38, 34, 7a, d4, 21, cd, ec, db, 3d, d0, 25, 07, 87, ae, 3f, 27, 03, 25, 10, 80, 65, b8, 7b, 8a, 77, 36, aa, 38, 75, 68]] } }
[2m2026-09-14T11:05:10.562619Z[0m [31mERROR[0m codec_extension ThreadId(12) [2mzenoh_codec::common::extension[0m[2m:[0m Unknown Test ext: ZExtUnknown { Id: 2, Mandatory: true, Encoding: "ZBuf", Value: ZBuf { slices: [[d3, 4d, 46, 28, cf, ac, 9e, 10, 6e, 36, fe, 0e, ee, aa, a9, 7d, de, 56, ff, bf, 20, c3, 13, ae, b7, f1, ec, cf, 29, 25, 05, 7c, ef, 52, b6, 2a, e9, c1, b0, 42, 9b, 02, c5, 6c, 38, 61, 6b, ed, f0, 54, 1a, ed, 2e, 4d]] } }
[2m2026-09-14T11:05:10.562650Z[0m [31mERROR[0m codec_extension ThreadId(12) [2mzenoh_codec::common::extension[0m[2m:[0m Unknown Test ext: ZExtUnknown { Id: 2, Mandatory: true, Encoding: "ZBuf", Value: ZBuf { slices: [[6e, 6d, 44, ea, 61, 5c, 9e, 9e, 04, 8f, 84, 27, 83, 7f, b2, 66, 49, 91, 33, 36, a3, 3b, 4a, 56, 03, 08, a8, c9, 8a, 3f, b8, 4b, a2, 42, c1, 1b, 86, 0b, c1, 82, ae, a6, 8b, db, 4b, 81, 27, b1, a8]] } }
[2m2026-09-14T11:05:10.562683Z[0m [31mERROR[0m codec_extension ThreadId(12) [2mzenoh_codec::common::extension[0m[2m:[0m Unknown Test ext: ZExtUnknown { Id: 2, Mandatory: true, Encoding: "ZBuf", Value: ZBuf { slices: [[d4, 04, f9, 6e, 1a, 46, e4, b2, 01, 41, 75, 20, 9d, 1a, 72, ad, 7a, b7, 9f, 34, 5a, 98, f5, d8, bf, 09, 16, cb, f8, 90, ed, 85, 8c, 57, fa, 49, 66, 87, ff, 2e, fe, 81, 83]] } }
[2m2026-09-14T11:05:10.562728Z[0m [31mERROR[0m codec_extension ThreadId(12) [2mzenoh_codec::common::extension[0m[2m:[0m Unknown Test ext: ZExtUnknown { Id: 2, Mandatory: true, Encoding: "ZBuf", Value: ZBuf { slices: [[03, 31, 67, 36, 91, 46, 7e, 18, 32, ae, d3, f6, aa, 81, 77, 75, 7c, fd, aa, 85, 92, 9b, 76, e8, f5, a5, 32, ad, 5f, 64, d1, 5d, f7, 3b, 5c, 4a, ac, 21, 6f, 56, 3c, 7c, 1a, f8, 7b, 33, d3, 8f, b1, 23, 67, 68, f6, cc, a9, 05, 36, 75, 6e, 89, 58]] } }
[2m2026-09-14T11:05:10.562776Z[0m [31mERROR[0m codec_extension ThreadId(12) [2mzenoh_codec::common::extension[0m[2m:[0m Unknown Test ext: ZExtUnknown { Id: 2, Mandatory: true, Encoding: "ZBuf", Value: ZBuf { slices: [[a2, 01, 2c, d8, 64, 74, 3a, f1]] } }
[2m2026-09-14T11:05:10.562805Z[0m [31mERROR[0m codec_extension ThreadId(12) [2mzenoh_codec::common::extension[0m[2m:[0m Unknown Test ext: ZExtUnknown { Id: 2, Mandatory: true, Encoding: "ZBuf", Value: ZBuf { slices: [[44, 91, c4, 09, 2e, 96, 5b, 9c, 5b, d3, 19, ad, 97, 8c, bf, f4, 1e, fb, 87, 78, 18, 24, 35, a0, 1b, 0c, 1f, 74, 13, 7f, bd, 6b, fa, f8, b1, 8e, b5, e4, ed, c7, 06, 83, 39, df, 17, f8, dc, 05, 19, e9, 0d, 89, 3c, e9]] } }
[2m2026-09-14T11:05:10.562835Z[0m [31mERROR[0m codec_extension ThreadId(12) [2mzenoh_codec::common::extension[0m[2m:[0m Unknown Test ext: ZExtUnknown { Id: 2, Mandatory: true, Encoding: "ZBuf", Value: ZBuf { slices: [[8d, f6, db, 01, 64, 5c, c7, fe, 46, f4, 47, 53, 27, 2b, e9, bf, d9, 18, e9, 49, 7d, d5, b3, 8d, 35, 65, 1b, 3d, a6, 04, 91, ff, d3, 23, 7b, bb, 1b, 3e, df, 92, ec, 95, 88]] } }
[2m2026-09-14T11:05:10.562846Z[0m [31mERROR[0m codec_extension ThreadId(12) [2mzenoh_codec::common::extension[0m[2m:[0m Unknown Test ext: ZExtUnknown { Id: 2, Mandatory: true, Encoding: "ZBuf", Value: ZBuf { slices: [[89, 89, 75, 12, 31, 44, 5f, 8f, bf, 2b]] } }
[2m2026-09-14T11:05:10.562868Z[0m [31mERROR[0m codec_extension ThreadId(12) [2mzenoh_codec::common::extension[0m[2m:[0m Unknown Test ext: ZExtUnknown { Id: 2, Mandatory: true, Encoding: "ZBuf", Value: ZBuf { slices: [[c5, 7b, 5d, 84, 9c, 8d, e5, 0e, 26, 94, 45, 36, c9, 5f, c0, 7a, 8d, d7, df, 44, 7b, bb, 36, 99, a4, 71, f1, 75, 2c, 99, b5, 2d, 09, 76, 1e, 8f, 8a, eb, 2e, ad, e2, d4, b4, 62, ab, 89, b3, 73, 39, 3a, a3, 5e, d5]] } }
[2m2026-09-14T11:05:10.562886Z[0m [31mERROR[0m codec_extension ThreadId(12) [2mzenoh_codec::common::extension[0m[2m:[0m Unknown Test ext: ZExtUnknown { Id: 2, Mandatory: true, Encoding: "ZBuf", Value: ZBuf { slices: [[ec, 98, 66, 6f, 9e, 9c, 34, 9d, 44, 85, 29, a2, 2a, 29, 58, 8a, 28, d1, a1, 2c, 7e, 43, ea, 29, 76]] } }
[2m2026-09-14T11:05:10.562913Z[0m [31mERROR[0m codec_extension ThreadId(12) [2mzenoh_codec::common::extension[0m[2m:[0m Unknown Test ext: ZExtUnknown { Id: 2, Mandatory: true, Encoding: "ZBuf", Value: ZBuf { slices: [[88, 72, fb, 72, fe, 37, 9d, b5, 09, 44, ae, 2e, 91, 34, ea, 43, 10, f2, 49, 00, 07, d4, 7e, 77, 9f, d2, 5d, a3, a5, f9, 6a, 0c, 9e, 6d, b3, af, 1c, 23, 44, e8, 2c, 2c, 5f, 3e, 7f, 70, ef, 2b, bd, 60, 5f, 4f, 4e, df, 02, 1c]] } }
[2m2026-09-14T11:05:10.562967Z[0m [31mERROR[0m codec_extension ThreadId(12) [2mzenoh_codec::common::extension[0m[2m:[0m Unknown Test ext: ZExtUnknown { Id: 2, Mandatory: true, Encoding: "ZBuf", Value: ZBuf { slices: [[f7, 96, 51, bf, 29, 8a, 7d, 1d, a9, 4c, cb, 32, d6, b1, be, 5e, c8, de, a8, 28, 9f, 65, 23, b2, 3f, 30, b4, f6, 8e, 32]] } }
[2m2026-09-14T11:05:10.563015Z[0m [31mERROR[0m codec_extension ThreadId(12) [2mzenoh_codec::common::extension[0m[2m:[0m Unknown Test ext: ZExtUnknown { Id: 2, Mandatory: true, Encoding: "ZBuf", Value: ZBuf { slices: [[c1, 08, 68, 8f, 70, 40, e4, 4d, ac, 31, 2b, 1c, 86, c0, b7, f2, d2, 36, 2c, 07, 7f, 97, 4b, 97, 85, a0, 60, a6, 70, 5b, f4, cd, 65, 96, fa, a1, 1a, 76, 73, 68, 87, 4b, 18, a4, 46, 0d, 35, 4d, b9, 89, 33, 8b, 65, 24, 8e, 63, 82, a4, 0d, ef]] } }
[2m2026-09-14T11:05:10.563046Z[0m [31mERROR[0m codec_extension ThreadId(12) [2mzenoh_codec::common::extension[0m[2m:[0m Unknown Test ext: ZExtUnknown { Id: 2, Mandatory: true, Encoding: "ZBuf", Value: ZBuf { slices: [[d8, 64, d6, 13, 24, 99, 3e, 7f, 7a, 89, c3, 0d, 37, a6, 70, bb, 45, fa, 27, db, af, d2, ce, 96, 86, 9c, e8, dd, fb, 7d, e1, ae, 48, 1d, ac, a6, 61, 14, d2, c3, 43, dd, 20, 9a, a3, 03, f1, 0a, 11, ce, 7e, 6a, e3, 37, 20, f4, 07, 11, 9e, ef, 2e, 30, 4f, 42]] } }
[2m2026-09-14T11:05:10.563074Z[0m [31mERROR[0m codec_extension ThreadId(12) [2mzenoh_codec::common::extension[0m[2m:[0m Unknown Test ext: ZExtUnknown { Id: 2, Mandatory: true, Encoding: "ZBuf", Value: ZBuf { slices: [[82, b3, 0f, b6, 20, f9, 0c, 95, e3, 94, 99, b1, fc, 2c, 2d, 8c, 3f, 01, 73, a8, c8, 8b, 9e, 8d, 2d, 38, f0, ca, 6c, 8f, ce, f7, eb, 2d, fd, 54, 9c, d8, 75, 17, f4, 50, 7f]] } }
[2m2026-09-14T11:05:10.563091Z[0m [31mERROR[0m codec_extension ThreadId(12) [2mzenoh_codec::common::extension[0m[2m:[0m Unknown Test ext: ZExtUnknown { Id: 2, Mandatory: true, Encoding: "ZBuf", Value: ZBuf { slices: [[ef, 68, 51, 9b, cb, c6, 64, 2f, 56, b3, 56, ab, e6, d5, e0, 15, 3a, 44, d8, 81, ff, 06, 3d, 05, 91, a6, 77, 27, 21, 53, 95, b7, ea, 79, bb, 3f]] } }
[2m2026-09-14T11:05:10.563118Z[0m [31mERROR[0m codec_extension ThreadId(12) [2mzenoh_codec::common::extension[0m[2m:[0m Unknown Test ext: ZExtUnknown { Id: 2, Mandatory: true, Encoding: "ZBuf", Value: ZBuf { slices: [[92, b8, 2c, c9, ca, 7c, 15, 29, 1b, e1, bd, 5f, b8, c5, 13, 81, 8c, e0, f7, 4f, 8a, f2, 2d, fa, 6b, d8, 19, d2, c6, 56, 22, 06, 97, ec, 76, 84, b4, e9, 76, 18, 6f, d2, 67]] } }
[2m2026-09-14T11:05:10.563143Z[0m [31mERROR[0m codec_extension ThreadId(12) [2mzenoh_codec::common::extension[0m[2m:[0m Unknown Test ext: ZExtUnknown { Id: 2, Mandatory: true, Encoding: "ZBuf", Value: ZBuf { slices: [[9d, 69, 38, f3, 8c, 12, 5c, 17, 90, c2, 06, 32, 56, 95, 98, 1e, 38, 2d, 87, 81, 78, 2c, 5f, 9e, 99, b1, c5, cb, dc, e8, 4c, ef, 58, 2b, d4, 82, 48, 2a, 47, 96, 2a, a3, 6e, 92, 99, 10, 86]] } }
[2m2026-09-14T11:05:10.563170Z[0m [31mERROR[0m codec_extension ThreadId(12) [2mzenoh_codec::common::extension[0m[2m:[0m Unknown Test ext: ZExtUnknown { Id: 2, Mandatory: true, Encoding: "ZBuf", Value: ZBuf { slices: [[58, 59, 84, 4e, 22, 3c, 0f, 24, 35, 85, a2, 5a, fa, 97, d5, a2, 69, f3, e2, cf, 7c, 84, 90, eb, 4b, 29, 7a, e7, db, d0, 5e, 72, 9f, 4d, 61, f0, 1b, c2, bf, d8, 0e, cb, 4c, 48, 2b, 26, cb, d0]] } }
[2m2026-09-14T11:05:10.563228Z[0m [31mERROR[0m codec_extension ThreadId(12) [2mzenoh_codec::common::extension[0m[2m:[0m Unknown Test ext: ZExtUnknown { Id: 2, Mandatory: true, Encoding: "ZBuf", Value: ZBuf { slices: [[32, 94, f9, 93, 20, aa, e2, 82, cd, ff, 74, 01, 69, 97, 22, b5, 26, 4a, 02, 54, b6, 60, 8b, 87, 0c, a9, fe, 68, 2f, 9a, d9, 24, 69, 2a, be, 17, 0a, e0, ac, e2, e3, 0c, af, 11, 86, ce, cd, 3a]] } }
[2m2026-09-14T11:05:10.563283Z[0m [31mERROR[0m codec_extension ThreadId(12) [2mzenoh_codec::common::extension[0m[2m:[0m Unknown Test ext: ZExtUnknown { Id: 2, Mandatory: true, Encoding: "ZBuf", Value: ZBuf { slices: [[1f, b8, 0c, c6, cb, c4, de, 85, ef, 01, ab, 7e, a9, 52, ea, 32, 5f, ed, 52, 22, ff, e0, d4, e1, 27, b1, 5b, bb, ae, cc, 54, 74, 11, 6c, 90, 36, 08, 05, 83, 56, d8, a1, 8a, d2, b6]] } }
[2m2026-09-14T11:05:10.563361Z[0m [31mERROR[0m codec_extension ThreadId(12) [2mzenoh_codec::common::extension[0m[2m:[0m Unknown Test ext: ZExtUnknown { Id: 2, Mandatory: true, Encoding: "ZBuf", Value: ZBuf { slices: [[83, e0, c5, ea, 4d, 4d, 44, 8c, ed, 07, 91, b7, e1, 77, 1c, 48, 64, 48, f9, d2, e8, d5, 98, 7e, 04, 5a, d7, f1, 6d, d4, e8, 15, a7, 13, 51, ee, 19, ea, fd, 55, 4f, ef, 33, cc, 60, bd]] } }
[2m2026-09-14T11:05:10.563400Z[0m [31mERROR[0m codec_extension ThreadId(12) [2mzenoh_codec::common::extension[0m[2m:[0m Unknown Test ext: ZExtUnknown { Id: 2, Mandatory: true, Encoding: "ZBuf", Value: ZBuf { slices: [[f5, 6f, ba, 9f, 46, 6d, 01, 1b, ea, f7, 25, 40, aa, f8, 7c, d6, f4, ed, c1, 74, fa, 6c, 69, fa, 77, 06, e0, 1c, c1, d7, 14, 34, 16, 6c, dd, db, 6b]] } }
[2m2026-09-14T11:05:10.563479Z[0m [31mERROR[0m codec_extension ThreadId(12) [2mzenoh_codec::common::extension[0m[2m:[0m Unknown Test ext: ZExtUnknown { Id: 2, Mandatory: true, Encoding: "ZBuf", Value: ZBuf { slices: [[2e, 38, 3e, a9, c8, 8c, d1, 60, c7, a4, 13, 98, ed, a0, 7c, 14, e3, ce, 03, b7, 3e, bc, c7, 99, 3a, b0, 52, 4f, a3, e5, 17, 6f, b7, b4, 75, 72, f8, 39, 8f, e6, 5c]] } }
[2m2026-09-14T11:05:10.563543Z[0m [31mERROR[0m codec_extension ThreadId(12) [2mzenoh_codec::common::extension[0m[2m:[0m Unknown Test ext: ZExtUnknown { Id: 2, Mandatory: true, Encoding: "ZBuf", Value: ZBuf { slices: [[65, ba, 0a, f4, 68, 2e, a1, c5, 67, d2, fe, 13, 6c, b0, 16, f1, fa, 0e, cb]] } }
[2m2026-09-14T11:05:10.563590Z[0m [31mERROR[0m codec_extension ThreadId(12) [2mzenoh_codec::common::extension[0m[2m:[0m Unknown Test ext: ZExtUnknown { Id: 2, Mandatory: true, Encoding: "ZBuf", Value: ZBuf { slices: [[8b, fb, 2f, 6c, 16, 1b, a6, 74, 77, 25, f2, bf, 42, ad, bf, 4b, bb, 72, 4f, 4b, e7, 70, 55, 54, 5d, ec, 58, fd, 1d, 08, c1, 59, 80, 46, 74, eb, 4e, 75, 01, 2c, fa, 42, e9, 12, dd, ad, 52, ec, e7]] } }
[2m2026-09-14T11:05:10.563626Z[0m [31mERROR[0m codec_extension ThreadId(12) [2mzenoh_codec::common::extension[0m[2m:[0m Unknown Test ext: ZExtUnknown { Id: 2, Mandatory: true, Encoding: "ZBuf", Value: ZBuf { slices: [[51, ea, b0, 4a, b7, 07, 67, f0, 66, 8f, ff, 6f, b5, 56, b7, c4, 49]] } }
[2m2026-09-14T11:05:10.563638Z[0m [31mERROR[0m codec_extension ThreadId(12) [2mzenoh_codec::common::extension[0m[2m:[0m Unknown Test ext: ZExtUnknown { Id: 2, Mandatory: true, Encoding: "ZBuf", Value: ZBuf { slices: [[ff, 82, 72, 40, 90, 77, ef, 89, 58, 34, ae, e4, 8e, d7, 5e, 6c, 2f, 10, e3, 60]] } }
[2m2026-09-14T11:05:10.563645Z[0m [31mERROR[0m codec_extension ThreadId(12) [2mzenoh_codec::common::extension[0m[2m:[0m Unknown Test ext: ZExtUnknown { Id: 2, Mandatory: true, Encoding: "ZBuf", Value: ZBuf { slices: [[85, cd, b4, 91, 01, d5, 60, 19]] } }
[2m2026-09-14T11:05:10.563669Z[0m [31mERROR[0m codec_extension ThreadId(12) [2mzenoh_codec::common::extension[0m[2m:[0m Unknown Test ext: ZExtUnknown { Id: 2, Mandatory: true, Encoding: "ZBuf", Value: ZBuf { slices: [[b0, 1c, 39, 2e, cd, 9f, 81, 96, 49, 64, 01, 19, 5e, a2, 14, b0, f9]] } }
[2m2026-09-14T11:05:10.563679Z[0m [31mERROR[0m codec_extension ThreadId(12) [2mzenoh_codec::common::extension[0m[2m:[0m Unknown Test ext: ZExtUnknown { Id: 2, Mandatory: true, Encoding: "ZBuf", Value: ZBuf { slices: [[67, 35, 9f, ea, ad, 23, ea, 50, eb, df, ac, bd, 4e, 46, 94, fd, ed, 09, cb, 92, 24, 85, 16, 09, f1, 9d, 09, e1, 2c, f5, 4e, bb, 07, 3e, 02, 58, 10, b2, d1, ff, c1, 58, 05, 1e, 4d, 80, 64, d8, 77, f3, da]] } }
[2m2026-09-14T11:05:10.563709Z[0m [31mERROR[0m codec_extension ThreadId(12) [2mzenoh_codec::common::extension[0m[2m:[0m Unknown Test ext: ZExtUnknown { Id: 2, Mandatory: true, Encoding: "ZBuf", Value: ZBuf { slices: [[da, 88, 11, 0a, d3, 8b, a4, 39, bb, 7a, 9d, d4, db, e5, 67, d9, e4, d1, a1, ca, 00, ed, 03, 78, 67, f7, ce, 2b, b1, cc, 6f, da, df, 3f, f4, 8c]] } }
[2m2026-09-14T11:05:10.563746Z[0m [31mERROR[0m codec_extension ThreadId(12) [2mzenoh_codec::common::extension[0m[2m:[0m Unknown Test ext: ZExtUnknown { Id: 2, Mandatory: true, Encoding: "ZBuf", Value: ZBuf { slices: [[17, f6, 07, e2, 69, c5, 5c, 93, 9d, 3b, 05, ff, a8, de, df, 29, a6, bc, ce, 16, 6f, ec, bc, 29, f1, 6b, 2b, 24, e1, 51, 5b, 7f, a7, 7c, f7, 24, 26, 08, be, d9, 7f, 92, f1, a4, fd, 09, 64, e9, c2, 2a, cc, 08, 32, 70, 63, de, 06, 78]] } }
[2m2026-09-14T11:05:10.563779Z[0m [31mERROR[0m codec_extension ThreadId(12) [2mzenoh_codec::common::extension[0m[2m:[0m Unknown Test ext: ZExtUnknown { Id: 2, Mandatory: true, Encoding: "ZBuf", Value: ZBuf { slices: [[df, e2, 07, 32, 70, b9, 21, d1, 75, 09, e7, e9, 9b, 9b, 52, fa, d6, e7, 59, 70, 7b, 11, 85, 19, 9b, 5e, 3d, d8, 09, f9, 83, dc, 67, c7, 4f, 42, 18, 16, 19, 70]] } }
[2m2026-09-14T11:05:10.563795Z[0m [31mERROR[0m codec_extension ThreadId(12) [2mzenoh_codec::common::extension[0m[2m:[0m Unknown Test ext: ZExtUnknown { Id: 2, Mandatory: true, Encoding: "ZBuf", Value: ZBuf { slices: [[4e, f0, c0, ef, 75, 61, 25, 32, 77, dd, 2a]] } }
[2m2026-09-14T11:05:10.563807Z[0m [31mERROR[0m codec_extension ThreadId(12) [2mzenoh_codec::common::extension[0m[2m:[0m Unknown Test ext: ZExtUnknown { Id: 2, Mandatory: true, Encoding: "ZBuf", Value: ZBuf { slices: [[a3, a4, fb, cf, e2, d1, 83, 4f, 5b, 3c, 5a, b1, 81, 4b, 69, 37, 01, ff, 68, c8, bc]] } }
[2m2026-09-14T11:05:10.563836Z[0m [31mERROR[0m codec_extension ThreadId(12) [2mzenoh_codec::common::extension[0m[2m:[0m Unknown Test ext: ZExtUnknown { Id: 2, Mandatory: true, Encoding: "ZBuf", Value: ZBuf { slices: [[2b, 0c, 90, d6, bf, d8, 10, 60, ed, 31, 45, 5e, 8a, bc, f4, 77, 53, 9a, 7a, 1a, d1, c1]] } }
[2m2026-09-14T11:05:10.563884Z[0m [31mERROR[0m codec_extension ThreadId(12) [2mzenoh_codec::common::extension[0m[2m:[0m Unknown Test ext: ZExtUnknown { Id: 2, Mandatory: true, Encoding: "ZBuf", Value: ZBuf { slices: [[40, b1, 49, ff, 0a, eb, 93, 96, 57, f8, ee, 5f, 1d, d6, 18, bb, 11, 63, 19, e0, 6b, cf]] } }
[2m2026-09-14T11:05:10.563956Z[0m [31mERROR[0m codec_extension ThreadId(12) [2mzenoh_codec::common::extension[0m[2m:[0m Unknown Test ext: ZExtUnknown { Id: 2, Mandatory: true, Encoding: "ZBuf", Value: ZBuf { slices: [[a0, a5, f9, f5, 34, c1, ee, d4, 06, 31, c6, 6d, a1, a6, 3a, f4, 3a, 3e, e1, e2, bf, 5f, c4, 10, 38, 54, 78, eb, 5c, a4, 74, 23, b1, 98, ca, 5a, 4e, 87, bf, 24, 97, b1, a9, a5, 7f, 24, 94, 0b, ea]] } }
[2m2026-09-14T11:05:10.564066Z[0m [31mERROR[0m codec_extension ThreadId(12) [2mzenoh_codec::common::extension[0m[2m:[0m Unknown Test ext: ZExtUnknown { Id: 2, Mandatory: true, Encoding: "ZBuf", Value: ZBuf { slices: [[f5, fd, fc, 53, bb, a9, cc, 31, 02, a2, f0, e0, 49, 80, 56, b4, a2, be, 53, ac, d4, e3, c5, 24, 98, 2e, 6b, fd, 65, b6, d5, 29, 7c, b9, 74, b0, ad, d8, da, f7, 1c, e1, 9f, 12, 9e, de, df, 12, 7b, df, 32, 8d, 1d, 58, 1e, 6c, 4e]] } }
[2m2026-09-14T11:05:10.564114Z[0m [31mERROR[0m codec_extension ThreadId(12) [2mzenoh_codec::common::extension[0m[2m:[0m Unknown Test ext: ZExtUnknown { Id: 2, Mandatory: true, Encoding: "ZBuf", Value: ZBuf { slices: [[7e, 20, 21, 03, 95, b8, c6, 2d, 14, f2, 3f, 0d, cd, e4, 2e, 03, ae, 51, 71, 33, 38, 5a, 14, 8a, cc, e6, 07, 6b, 09, e8, 91, 4e, 1c, 89, 7c, c6, 47, 8e, 4f, 22, 3e, e0, 4a, 3f, 0a, fc, fc, 98, f4, 72, 25]] } }
[2m2026-09-14T11:05:10.564130Z[0m [31mERROR[0m codec_extension ThreadId(12) [2mzenoh_codec::common::extension[0m[2m:[0m Unknown Test ext: ZExtUnknown { Id: 2, Mandatory: true, Encoding: "ZBuf", Value: ZBuf { slices: [[7d, d2, 6b, d1, 38, 1f, e8, 89, 70, e3, 19, 69, d5, bf, 67, 3e]] } }
[2m2026-09-14T11:05:10.564154Z[0m [31mERROR[0m codec_extension ThreadId(12) [2mzenoh_codec::common::extension[0m[2m:[0m Unknown Test ext: ZExtUnknown { Id: 2, Mandatory: true, Encoding: "ZBuf", Value: ZBuf { slices: [[e1, 9d, 85, 26, b4, 02, 58, c4, cb, 9a, e4, f5, c8, 03, ee, c9, 49, 36, 92, 8e, 99, 13, a9, b0, 72, 03, b5, a9, aa, 60, 6f, d2, 75, 7c, b0, 02, 9b, 35, b6, d4, bf, 7f, 8a, 4d, ab, c7, b7, 1a, e6, 8a, 4e, 9a, 09, 5b, 48]] } }
[2m2026-09-14T11:05:10.564184Z[0m [31mERROR[0m codec_extension ThreadId(12) [2mzenoh_codec::common::extension[0m[2m:[0m Unknown Test ext: ZExtUnknown { Id: 2, Mandatory: true, Encoding: "ZBuf", Value: ZBuf { slices: [[62, ee, fd, 28, fa, 37, 8b, 26, ac, 45, 6c, 37, 28, 07, 32, 79, 17, bc, 05, e6, 90, e1, b7, d1, 66, ba, 07, 11, f8, 70, 90, 16, 2d, 93, 6f, 93, 3f, fa, 9b, 29, 76, 8c, ea, a8, 32, 8c, 08, cb, 9d, c3, 19, d1, 23, a5, 76, 8e, 3c, f3]] } }
[2m2026-09-14T11:05:10.564246Z[0m [31mERROR[0m codec_extension ThreadId(12) [2mzenoh_codec::common::extension[0m[2m:[0m Unknown Test ext: ZExtUnknown { Id: 2, Mandatory: true, Encoding: "ZBuf", Value: ZBuf { slices: [[bd, 56, cb, f8, 6c, 39, 3d, 70, 09, 92, dc, 23, 6f, 3e, 69, 73, cc, e8, b4, 5d, de, 1c, eb, 9c, 31, 18, 09, f2, 72, 95, ab, 94, 41, de, 97, b5, 42, c6, ec, fe, 0f, 16, c8, 53, 1d, 5f, 09, ed, 86, f6, b7, b8, fd]] } }
[2m2026-09-14T11:05:10.564282Z[0m [31mERROR[0m codec_extension ThreadId(12) [2mzenoh_codec::common::extension[0m[2m:[0m Unknown Test ext: ZExtUnknown { Id: 2, Mandatory: true, Encoding: "ZBuf", Value: ZBuf { slices: [[e8, 3f, c8, fc, 4f, c5, 93, f2, 72]] } }
[2m2026-09-14T11:05:10.564295Z[0m [31mERROR[0m codec_extension ThreadId(12) [2mzenoh_codec::common::extension[0m[2m:[0m Unknown Test ext: ZExtUnknown { Id: 2, Mandatory: true, Encoding: "ZBuf", Value: ZBuf { slices: [[86, a9, a2, 37, 76, 87, 5c, ef, ff, 9f, f1, 72, 34, 8e, 8b, 06, 02, 31, b5, 6f, f0, 78, 3a, a8, 69, 53, b7, e8, bd, 16, 27, c2, 5c, c0, 15, 91, c8, c8]] } }
[2m2026-09-14T11:05:10.564374Z[0m [31mERROR[0m codec_extension ThreadId(12) [2mzenoh_codec::common::extension[0m[2m:[0m Unknown Test ext: ZExtUnknown { Id: 2, Mandatory: true, Encoding: "ZBuf", Value: ZBuf { slices: [[91, 0b, bd, 0f, 91, c1, c1, 96, f7, 67, 97, 23, f7, 65, 04, 43]] } }
[2m2026-09-14T11:05:10.564406Z[0m [31mERROR[0m codec_extension ThreadId(12) [2mzenoh_codec::common::extension[0m[2m:[0m Unknown Test ext: ZExtUnknown { Id: 2, Mandatory: true, Encoding: "ZBuf", Value: ZBuf { slices: [[7d, e4, 36, 8f, 82, 31, bd, 0c, db, 03, 55, 6d, 2e, 8f, ec, 19, 31, 0a, aa, af, e6, f6, 21, 2a, 2b, 78, 9b, 3c, b0, f5, 1f, 77, 35, ea, 43, ca, 50, 1b, 01, 84, d0, 28, bb, 6b, 7b, 6a, a7, 73, f0, f8, 5a, 87, aa, 0b, 8e, 1a, f8]] } }
[2m2026-09-14T11:05:10.564434Z[0m [31mERROR[0m codec_extension ThreadId(12) [2mzenoh_codec::common::extension[0m[2m:[0m Unknown Test ext: ZExtUnknown { Id: 2, Mandatory: true, Encoding: "ZBuf", Value: ZBuf { slices: [[8b, 30, 04, 34, 47, 2a, 6e, 07, 26, c6, a7, ec, 9b, f7, d9, ce, fc, da, f9, d9, 21, 1f, 91, b9, ef, 8e, 1d, e1, 02, 1c, 2c, 3a, d1, 33, 04, 5a, 31, 86, 3a, 28, f8, fa, 83, c5, cf, 03, 84, 91, dc, f1, 8f, 01, af, 95, 2a, 2f]] } }
[2m2026-09-14T11:05:10.564469Z[0m [31mERROR[0m codec_extension ThreadId(12) [2mzenoh_codec::common::extension[0m[2m:[0m Unknown Test ext: ZExtUnknown { Id: 2, Mandatory: true, Encoding: "ZBuf", Value: ZBuf { slices: [[3b, 0d, b0, 54, b4, cd, 7c, 82, db, 70, d6, 65, 2c, ff, 75, 03, 3e, 9f, 66, be, e4, 6c, e3, 84, a6, 28, 3b, 30, c7, 6c, 8d, 7a, 67, ff, 9b, b4, f3, 78, fd, 26, b5, f1, b6, d2, 0e, a9, 96, 2e, 1d, b1, 70, 04, 71, 56, 29, 3b, 67, 2b, ec]] } }
[2m2026-09-14T11:05:10.564480Z[0m [31mERROR[0m codec_extension ThreadId(12) [2mzenoh_codec::common::extension[0m[2m:[0m Unknown Test ext: ZExtUnknown { Id: 2, Mandatory: true, Encoding: "ZBuf", Value: ZBuf { slices: [[c1, 5f, 28, 03, fb, d2, 10, 1b, f2, a6, a5, a6]] } }
[2m2026-09-14T11:05:10.564511Z[0m [31mERROR[0m codec_extension ThreadId(12) [2mzenoh_codec::common::extension[0m[2m:[0m Unknown Test ext: ZExtUnknown { Id: 2, Mandatory: true, Encoding: "ZBuf", Value: ZBuf { slices: [[31, d9, b3, cd, c4, e3, 17, 53, 9e, 95, 56, 48, ab, df, 68, b7, 47, e1, 9d, 53, 4d, a5, 94, 04, 15, 4f, b3, 37, e5, a2, 97, 76, 92, 30, de, 6f, 1a, 29, 0d, 6a, 51, 62, fa, 11, 1a, 68, 4e, 5f, 07, 2a, 73, 45, 4d, e5, 7e, ca, 4d, 5d, a3, 96, ce, 48]] } }
[2m2026-09-14T11:05:10.564531Z[0m [31mERROR[0m codec_extension ThreadId(12) [2mzenoh_codec::common::extension[0m[2m:[0m Unknown Test ext: ZExtUnknown { Id: 2, Mandatory: true, Encoding: "ZBuf", Value: ZBuf { slices: [[f0, 64, 51, 15, 6b, 56, ea, 44, 03, f9, 5d, 3b, 4f, b7, 78, 1b, d3, 35, 3d]] } }
[2m2026-09-14T11:05:10.564556Z[0m [31mERROR[0m codec_extension ThreadId(12) [2mzenoh_codec::common::extension[0m[2m:[0m Unknown Test ext: ZExtUnknown { Id: 2, Mandatory: true, Encoding: "ZBuf", Value: ZBuf { slices: [[b2, 9c, cb, 1d, b7, 9b, 20, 2c, f7, fe, 49, d3, 33, 21, a9, 5f, c9, 56, c9, 63, 2f, bd, 50, 57, 87, 67, d5, 1e, 35, 37, 93, 88, 75, 4a, bc, f0, f5, a3, d9, 94, b4, b1, 31, 57, 89]] } }
[2m2026-09-14T11:05:10.564572Z[0m [31mERROR[0m codec_extension ThreadId(12) [2mzenoh_codec::common::extension[0m[2m:[0m Unknown Test ext: ZExtUnknown { Id: 2, Mandatory: true, Encoding: "ZBuf", Value: ZBuf { slices: [[34, e0, 2a, 23, 6e, 2f, ed, 37, 99, c2, 6b, be, 40, 34, 6a, 4b, 29, 3c, d8, 8a, 9e, 82, 26, 46, 39, 41, c8, 09, 36, 23]] } }
[2m2026-09-14T11:05:10.564603Z[0m [31mERROR[0m codec_extension ThreadId(12) [2mzenoh_codec::common::extension[0m[2m:[0m Unknown Test ext: ZExtUnknown { Id: 2, Mandatory: true, Encoding: "ZBuf", Value: ZBuf { slices: [[07, 4b, 89, 65, 8b, 4c, 2b, 72, 26, 6b, 33, 92, cb, ff, 3f, 62, 1f, 8e, a0, 99, 38, e5, 46, 2c, 02]] } }
[2m2026-09-14T11:05:10.564632Z[0m [31mERROR[0m codec_extension ThreadId(12) [2mzenoh_codec::common::extension[0m[2m:[0m Unknown Test ext: ZExtUnknown { Id: 2, Mandatory: true, Encoding: "ZBuf", Value: ZBuf { slices: [[f2, 8b, e4, 6c, 5e, c6, b7, 86, 47, 4c, dc, 2d, 0c, 06, 11, 3e, dd, 8e, d3, bc, b7, c9, 99, 06, ba, 5b, 9a, cf, 6b, 06, 37, 83, 02, 4b, 6e, 2e, f5, 83, 83, d4, 20, 03, 5d, b1, 98, ed, e4, c4, 41, 80, 8d, 5d, f0, de]] } }
[2m2026-09-14T11:05:10.564669Z[0m [31mERROR[0m codec_extension ThreadId(12) [2mzenoh_codec::common::extension[0m[2m:[0m Unknown Test ext: ZExtUnknown { Id: 2, Mandatory: true, Encoding: "ZBuf", Value: ZBuf { slices: [[ab, 94, 45, e7, 16, 38, 72, 70, d7, 28, 38, b8, a4, 21, 5e, 9a, dc, d1, 16, 97]] } }
[2m2026-09-14T11:05:10.564697Z[0m [31mERROR[0m codec_extension ThreadId(12) [2mzenoh_codec::common::extension[0m[2m:[0m Unknown Test ext: ZExtUnknown { Id: 2, Mandatory: true, Encoding: "ZBuf", Value: ZBuf { slices: [[ff, 8d, da, ab, af, 4f, a8, 36, 66, 6a, 80, 8b, 43, 6f, dd, c8, 25, 9e, 70, c5, 06, 46, 8f, 32, e3, e5, 40, 00, 81, d4, 8c, 6f, 54, ac, 2b, f5, da, c1, dd, eb, aa, af, 9f, 67, 29, 62, 5f, 3a, 28, 18, ef, 01, 1d, c0, 0f, 74, 40, 32, a8, bf, dd, bd]] } }
[2m2026-09-14T11:05:10.564724Z[0m [31mERROR[0m codec_extension ThreadId(12) [2mzenoh_codec::common::extension[0m[2m:[0m Unknown Test ext: ZExtUnknown { Id: 2, Mandatory: true, Encoding: "ZBuf", Value: ZBuf { slices: [[a2, 8d, 86, c0, 9c, c1, 53, 00, 9d, 7b, 62, 64, 74, aa, 9c, f6, d2, 35, e3, f8, cf, eb, c5, 18, 61, 0f, 0d, ac, 33, e7, 43, 68, de, 4f, 94, 93, 29, 57, cb, 6e, 81, b5, e3]] } }
[2m2026-09-14T11:05:10.564775Z[0m [31mERROR[0m codec_extension ThreadId(12) [2mzenoh_codec::common::extension[0m[2m:[0m Unknown Test ext: ZExtUnknown { Id: 2, Mandatory: true, Encoding: "ZBuf", Value: ZBuf { slices: [[62, 66, b5, 2a, f4, 79, cf, 76, 22, 40, 24, 96, 7a, 9f, d1, 7c, 23, 47, 27, 9b, e0, f6, 81, 74, a9, 04, a6, 15, e1, 5f, bf, dc, 69, a7, 7b, ad, ab, c1, ee, c7, 81, 5d, a7, 3c, 25, 9e, a1, d7]] } }
[2m2026-09-14T11:05:10.564795Z[0m [31mERROR[0m codec_extension ThreadId(12) [2mzenoh_codec::common::extension[0m[2m:[0m Unknown Test ext: ZExtUnknown { Id: 2, Mandatory: true, Encoding: "ZBuf", Value: ZBuf { slices: [[dc, 5c, 10, 0b, c8, 1a, 0f, 70, 50, c0]] } }
[2m2026-09-14T11:05:10.564811Z[0m [31mERROR[0m codec_extension ThreadId(12) [2mzenoh_codec::common::extension[0m[2m:[0m Unknown Test ext: ZExtUnknown { Id: 2, Mandatory: true, Encoding: "ZBuf", Value: ZBuf { slices: [[fa, 37, 85, db, 97, 8e, 2f, 12, f8, 8d, 02, 73, 20, 38, 81, bf, 64, c0, 86, 41, 23, 9c, c0, 4a, 91, d0, 08, e3, 04, d9, 64, ce]] } }
[2m2026-09-14T11:05:10.564843Z[0m [31mERROR[0m codec_extension ThreadId(12) [2mzenoh_codec::common::extension[0m[2m:[0m Unknown Test ext: ZExtUnknown { Id: 2, Mandatory: true, Encoding: "ZBuf", Value: ZBuf { slices: [[d7, 03, 12, cd, 6d, ec, ad, 25, 40, 2a, ea, 7b, cb, 72, 66, 15, 86, c6]] } }
[2m2026-09-14T11:05:10.564876Z[0m [31mERROR[0m codec_extension ThreadId(12) [2mzenoh_codec::common::extension[0m[2m:[0m Unknown Test ext: ZExtUnknown { Id: 2, Mandatory: true, Encoding: "ZBuf", Value: ZBuf { slices: [[3f, 8f, 7d, 0a, 74, 91, 3e, 71, 4b, 6f, 2f, 73, f0, 4e, 8c, ee, f1, be, b0, 6b, 09, 59, 14, 5b, f5, 8d, 76, 8e, 08, 8f, 50, 6e, b7, 1c, 1f, 0f, 7f, ef, 1d, 05, 30, 45, 04, 62, 1c, 98, ce, f2, 1f, c7, 52, 1c, 47]] } }
[2m2026-09-14T11:05:10.564895Z[0m [31mERROR[0m codec_extension ThreadId(12) [2mzenoh_codec::common::extension[0m[2m:[0m Unknown Test ext: ZExtUnknown { Id: 2, Mandatory: true, Encoding: "ZBuf", Value: ZBuf { slices: [[48, 0c, 0f, be, dd, 04, 13, 0e, ca, 71, f6, 0d, f5, 2d, b1, 4f, 2b, 75, 48, 8b, d4, e7, c5, 5a, 51, 5d, a5, a0, 2e, e7, a4, 5b, 96, 37, d8, eb, 54, 01, 84, f0, 62, 05, 40]] } }
[2m2026-09-14T11:05:10.564929Z[0m [31mERROR[0m codec_extension ThreadId(12) [2mzenoh_codec::common::extension[0m[2m:[0m Unknown Test ext: ZExtUnknown { Id: 2, Mandatory: true, Encoding: "ZBuf", Value: ZBuf { slices: [[0c, d5, 4d, a2, 7d, f1, 6f, 0b, 91, 59, bd, bb, c6, 97, 07, 2f, 05, b3, 30, 7f, 4b, fb, 06, c0, c3, 22, ce, 0f, dd, 0d, dc, 8d, 27, 32, fe, fb, 7d, 9f, 7b, 67, 6b, 88, f5, fd, 25, 08, 5a, 51, cc, 42, d5, e2, c8, c3, c0, e3, 4a]] } }
[2m2026-09-14T11:05:10.564988Z[0m [31mERROR[0m codec_extension ThreadId(12) [2mzenoh_codec::common::extension[0m[2m:[0m Unknown Test ext: ZExtUnknown { Id: 2, Mandatory: true, Encoding: "ZBuf", Value: ZBuf { slices: [[62, 39, 81, d8, 23, 2e, 8f, fd, 6c, ee, 32, b8]] } }
[2m2026-09-14T11:05:10.565010Z[0m [31mERROR[0m codec_extension ThreadId(12) [2mzenoh_codec::common::extension[0m[2m:[0m Unknown Test ext: ZExtUnknown { Id: 2, Mandatory: true, Encoding: "ZBuf", Value: ZBuf { slices: [[60, aa, ee, 47, a6, 3d, 8b, cd, 39, e2, 66, 3c, 59, d9, 05, 23, 8e, ad, f7, aa, ee, 28, 2b, 7c, 8d, ca, d2, 68, 08, 84, 3a, 35, a8, 4f, df, f2, de, 4c, 44, 80, f8, 0d, d0, 9d, 8c, 53, af, e5, c6, d8, 7b, 0d, 96]] } }
[2m2026-09-14T11:05:10.565041Z[0m [31mERROR[0m codec_extension ThreadId(12) [2mzenoh_codec::common::extension[0m[2m:[0m Unknown Test ext: ZExtUnknown { Id: 2, Mandatory: true, Encoding: "ZBuf", Value: ZBuf { slices: [[ca, fb, 39, 22, 11, 8f, 47, 78, 96, 97, 6b, f7, 81, 8e, c7]] } }
[2m2026-09-14T11:05:10.565067Z[0m [31mERROR[0m codec_extension ThreadId(12) [2mzenoh_codec::common::extension[0m[2m:[0m Unknown Test ext: ZExtUnknown { Id: 2, Mandatory: true, Encoding: "ZBuf", Value: ZBuf { slices: [[62, f3, 72, 41, 0a, 12, 9d, 71, 3d, 06, fd, 50, 7a, 67, 3e, 63, c5, d8, 6b, a3, 01, ec, 64, 20, 30, bd, 5f, 1d, c6, 5e, 97, 9e, a4, f1, eb, 8d, 5d, 9d, 5b, 50, 43, 2b, 70, 01, 09, 2e, 5e, a9, 94, 3f, e5, e1, 4d, 06, 20, 39, ee, 31]] } }
[2m2026-09-14T11:05:10.565079Z[0m [31mERROR[0m codec_extension ThreadId(12) [2mzenoh_codec::common::extension[0m[2m:[0m Unknown Test ext: ZExtUnknown { Id: 2, Mandatory: true, Encoding: "ZBuf", Value: ZBuf { slices: [[70, 32, 0f, b5, 87, 9e, a9, 2a, b3, de, eb, 18, f8, 42, 03, 58, 0f, 2d, 4a, 68, a3, 02, 60, 4c, 3f, 08, 5b, f6, 1a, a4, ae, 6d, 8b, 20, f2]] } }
[2m2026-09-14T11:05:10.565107Z[0m [31mERROR[0m codec_extension ThreadId(12) [2mzenoh_codec::common::extension[0m[2m:[0m Unknown Test ext: ZExtUnknown { Id: 2, Mandatory: true, Encoding: "ZBuf", Value: ZBuf { slices: [[e9, 6d, 64, 65, a1, 12, 5f, 80, 9c, 7e, 52, bd, 94, b9, 52, 03, 3e, dd, 6d, 3e, 99, a0, d3, 86, 11, de, 72, 1b, 83, 37, 2f, 55, d3, d6, 48, ec, 84, 77, 81, be, c7, 0e, 21, 66]] } }
[2m2026-09-14T11:05:10.565117Z[0m [31mERROR[0m codec_extension ThreadId(12) [2mzenoh_codec::common::extension[0m[2m:[0m Unknown Test ext: ZExtUnknown { Id: 2, Mandatory: true, Encoding: "ZBuf", Value: ZBuf { slices: [[e4, 93, a6, a3, 2a, a4, bb, 4a, 14, 7d, 21]] } }
[2m2026-09-14T11:05:10.565143Z[0m [31mERROR[0m codec_extension ThreadId(12) [2mzenoh_codec::common::extension[0m[2m:[0m Unknown Test ext: ZExtUnknown { Id: 2, Mandatory: true, Encoding: "ZBuf", Value: ZBuf { slices: [[d8, 9d, de, 29, 2f, 80, 05, 52, 0f, 30, ed, f4, cd, 23, 58, 76, 89, cd, 43, f1, ab, b2, 25, 87, a9, 9b, 0e, ac, 10, 7c, 92, 60, d0, 99, db, 76, 9e, 94, aa, 66, 96, b5, 95, cd, aa]] } }
[2m2026-09-14T11:05:10.565173Z[0m [31mERROR[0m codec_extension ThreadId(12) [2mzenoh_codec::common::extension[0m[2m:[0m Unknown Test ext: ZExtUnknown { Id: 2, Mandatory: true, Encoding: "ZBuf", Value: ZBuf { slices: [[25, cf, 3e, 44, d6, a1, fd, da, 46, 9d, e8, 3a, 50, 85, 1c, 41, 83, b6, 0d, f6, 14, 37, 4c, f7, 47, f9, 05, 49, 99, f5, 9c, 65, 95, 69]] } }
[2m2026-09-14T11:05:10.565183Z[0m [31mERROR[0m codec_extension ThreadId(12) [2mzenoh_codec::common::extension[0m[2m:[0m Unknown Test ext: ZExtUnknown { Id: 2, Mandatory: true, Encoding: "ZBuf", Value: ZBuf { slices: [[f2, f1, 82, 0a, 76, 6a, 4c, 55, 89, 23, b6, 73, a5, 58, da, a7, 47, 9d, 4d, cf, 5a, a0, a8, 89, 82, d3, f4, 05]] } }
[2m2026-09-14T11:05:10.565211Z[0m [31mERROR[0m codec_extension ThreadId(12) [2mzenoh_codec::common::extension[0m[2m:[0m Unknown Test ext: ZExtUnknown { Id: 2, Mandatory: true, Encoding: "ZBuf", Value: ZBuf { slices: [[29, af, db, 05, 25, 4e, b5, c3, e8, fc, e1, 76, 75, d6, b7, 89, a1, 79, 21, 0e, 50, 7c, 22, 41, 69, 8a, 72, 59, 3c, 33, 0a, 3f]] } }
[2m2026-09-14T11:05:10.565225Z[0m [31mERROR[0m codec_extension ThreadId(12) [2mzenoh_codec::common::extension[0m[2m:[0m Unknown Test ext: ZExtUnknown { Id: 2, Mandatory: true, Encoding: "ZBuf", Value: ZBuf { slices: [[a7, f7, 21, 0f, 82, c0, 6a, ed, 86, 94, 48, 8c, cd, 53, ab]] } }
[2m2026-09-14T11:05:10.565294Z[0m [31mERROR[0m codec_extension ThreadId(12) [2mzenoh_codec::common::extension[0m[2m:[0m Unknown Test ext: ZExtUnknown { Id: 2, Mandatory: true, Encoding: "ZBuf", Value: ZBuf { slices: [[1a, 41, a5, 7f, 38, 69, 17, 08, e9, b5, 00, 0f, 54, 27, 16, 1b, 98, 1b, 88, 2c, 8f, ea, 98, ee, e8, b2, e1]] } }
[2m2026-09-14T11:05:10.565332Z[0m [31mERROR[0m codec_extension ThreadId(12) [2mzenoh_codec::common::extension[0m[2m:[0m Unknown Test ext: ZExtUnknown { Id: 2, Mandatory: true, Encoding: "ZBuf", Value: ZBuf { slices: [[c2, 71, 4e, 7f, 51, a5, e0, d6, d7, 0d, 57, 96, e1, 97, 4b, a4, 38, 74, a3, e0, 1a, 77, dd, e1, 54, 5c, 7f, 17, 37, 45, 87, d7, 73, 83, f9, 74, ec, 5d, ce, 34, 23, c2, 14, a4, 1f, c2, 84, 19, 5f, 26]] } }
[2m2026-09-14T11:05:10.565359Z[0m [31mERROR[0m codec_extension ThreadId(12) [2mzenoh_codec::common::extension[0m[2m:[0m Unknown Test ext: ZExtUnknown { Id: 2, Mandatory: true, Encoding: "ZBuf", Value: ZBuf { slices: [[3a, b8, 82, f2, 19, 81, e8, 68, 7a, ea, b7, 0b, ff, 1f, d0, 0e, 0b, f1, ca, d1, fc, 57, ae, 0a, 7d, 96, c9, 25, 4b, fb]] } }
[2m2026-09-14T11:05:10.565369Z[0m [31mERROR[0m codec_extension ThreadId(12) [2mzenoh_codec::common::extension[0m[2m:[0m Unknown Test ext: ZExtUnknown { Id: 2, Mandatory: true, Encoding: "ZBuf", Value: ZBuf { slices: [[b8, a6, 7f, 5f, b5, b0, 4d, f4, af, 3d, ea, e6, 7e, d8, 02, 73, d8, ea, dd, a0, f0, 06]] } }
[2m2026-09-14T11:05:10.565413Z[0m [31mERROR[0m codec_extension ThreadId(12) [2mzenoh_codec::common::extension[0m[2m:[0m Unknown Test ext: ZExtUnknown { Id: 2, Mandatory: true, Encoding: "ZBuf", Value: ZBuf { slices: [[e1, ea, e4, 85, ca, 99, d3, d0, 90, e5, c0, 1d, ec, 19, 99, b2, 82, 34, 2b, 8e, 7d, 80, 2a, e0, 6c, 3b, 96, 84, 16, fa, 52]] } }
[2m2026-09-14T11:05:10.565427Z[0m [31mERROR[0m codec_extension ThreadId(12) [2mzenoh_codec::common::extension[0m[2m:[0m Unknown Test ext: ZExtUnknown { Id: 2, Mandatory: true, Encoding: "ZBuf", Value: ZBuf { slices: [[17, db, b3, 21, 0e, b1, b5, 60, d1, 13, 2a, fc, da]] } }
[2m2026-09-14T11:05:10.565436Z[0m [31mERROR[0m codec_extension ThreadId(12) [2mzenoh_codec::common::extension[0m[2m:[0m Unknown Test ext: ZExtUnknown { Id: 2, Mandatory: true, Encoding: "ZBuf", Value: ZBuf { slices: [[2c, c3, e5, 0e, 09, e3, 4a, 93, e8, 2a, 62, 13, 46, 0e, 99, 28, 62, c9, c0, 9f, b9]] } }
[2m2026-09-14T11:05:10.565464Z[0m [31mERROR[0m codec_extension ThreadId(12) [2mzenoh_codec::common::extension[0m[2m:[0m Unknown Test ext: ZExtUnknown { Id: 2, Mandatory: true, Encoding: "ZBuf", Value: ZBuf { slices: [[52, 6a, 50, 7e, 20, c2, e1, 37, 46, e0, 09, 6e, a7, 3d, 52, 64]] } }
[2m2026-09-14T11:05:10.565496Z[0m [31mERROR[0m codec_extension ThreadId(12) [2mzenoh_codec::common::extension[0m[2m:[0m Unknown Test ext: ZExtUnknown { Id: 2, Mandatory: true, Encoding: "ZBuf", Value: ZBuf { slices: [[5f, 16, 17, 9d, 4b, 11, 83, a4, 26, 1b, 8a, fe, a1, 56, ad, 8e, 3c, 40, c3, bb, de, 74, aa, 90, 9c, 1a, 5a]] } }
[2m2026-09-14T11:05:10.565546Z[0m [31mERROR[0m codec_extension ThreadId(12) [2mzenoh_codec::common::extension[0m[2m:[0m Unknown Test ext: ZExtUnknown { Id: 2, Mandatory: true, Encoding: "ZBuf", Value: ZBuf { slices: [[f1, ac, ef, 67, 5a, df, f0, 98, 5c, 58, f1, ac, b0, bf, 3b, 1c, ae, 65, b5, ee, 6e, 09, 44, aa, 12, e4, 3d, 85, 08, 08, 41, 56, c2, 04, 92, 00, f2, 8e, df, a2, 66, 18, 7c, 95, 1e, 7f, 21, 8f, 22, 4d, be, 9a, db]] } }
[2m2026-09-14T11:05:10.565582Z[0m [31mERROR[0m codec_extension ThreadId(12) [2mzenoh_codec::common::extension[0m[2m:[0m Unknown Test ext: ZExtUnknown { Id: 2, Mandatory: true, Encoding: "ZBuf", Value: ZBuf { slices: [[78, 87, ba, a6, 19, d9, f9, 30, 29, be, 28]] } }
[2m2026-09-14T11:05:10.565606Z[0m [31mERROR[0m codec_extension ThreadId(12) [2mzenoh_codec::common::extension[0m[2m:[0m Unknown Test ext: ZExtUnknown { Id: 2, Mandatory: true, Encoding: "ZBuf", Value: ZBuf { slices: [[f5, 81, 41, e5, ab, db, f6, 1b, 9b, be, f8, e9, ca, e9, d7, de, 01, 9d, cf, 0a, 9c, 24, dc, 45, f1, e4, 6d, df, fe, c4, 25, 41, a7, f6, 4b, d4, ce, 3e, 0a, 53, 83, b4, d7, 89, 69, dc, d3, 6b, 18, 2a, 44, 7d, e2, 1b, c4, ec, d9]] } }
[2m2026-09-14T11:05:10.565668Z[0m [31mERROR[0m codec_extension ThreadId(12) [2mzenoh_codec::common::extension[0m[2m:[0m Unknown Test ext: ZExtUnknown { Id: 2, Mandatory: true, Encoding: "ZBuf", Value: ZBuf { slices: [[88, cb, 91, 69, 34, b5, 6b, 11]] } }
[2m2026-09-14T11:05:10.565720Z[0m [31mERROR[0m codec_extension ThreadId(12) [2mzenoh_codec::common::extension[0m[2m:[0m Unknown Test ext: ZExtUnknown { Id: 2, Mandatory: true, Encoding: "ZBuf", Value: ZBuf { slices: [[ca, 37, 98, 54, f6, f5, 61, 69, cd, 2a, 66, 2e, 5f, 3d, 06, 22, aa, 3c, ba, 1f, 3e, 83, 29, 41, 81, 1d, e6, 85, 66, d2, c4, f3, db, bb, ba, b1, 7e, fb, 18]] } }
[2m2026-09-14T11:05:10.565759Z[0m [31mERROR[0m codec_extension ThreadId(12) [2mzenoh_codec::common::extension[0m[2m:[0m Unknown Test ext: ZExtUnknown { Id: 2, Mandatory: true, Encoding: "ZBuf", Value: ZBuf { slices: [[53, 64, 28, 0f, 27, e3, 18, a4, 2a, a1, 87, 81, 90, 0e, 29, 6f, d9, 88, 4a, bc, 65, fe, 46, 11, 7d, ed, 35, 58, d1, df, af, 53, 01, 43, 75, 31, b2, 58, 04, c3, e1, 21, ad, e3, dd, 60, e6, d1, 4b, 81, 72, d8, 90, 0b, 64]] } }
[2m2026-09-14T11:05:10.565771Z[0m [31mERROR[0m codec_extension ThreadId(12) [2mzenoh_codec::common::extension[0m[2m:[0m Unknown Test ext: ZExtUnknown { Id: 2, Mandatory: true, Encoding: "ZBuf", Value: ZBuf { slices: [[73, d9, b3, 58, 91, 1a, f3, 79, c1, 68, 1b, 5a, 24]] } }
[2m2026-09-14T11:05:10.565797Z[0m [31mERROR[0m codec_extension ThreadId(12) [2mzenoh_codec::common::extension[0m[2m:[0m Unknown Test ext: ZExtUnknown { Id: 2, Mandatory: true, Encoding: "ZBuf", Value: ZBuf { slices: [[07, 22, 0b, 14, e3, a5, 13, e4, 95, 3f, 08, 5e, e3, c4, 61, 65, 0b, 3e, 21, b4, 2c, c2, 5b, 14, 1a, d6, b5, a2, 60, 65, 3d, a7, 08, dc, 57, fd, c3, f3, b9, ad, 7b, 39, 66, b2, 5e, 7d, f9, 51, 26, af, a9, 18, de, ce, dc, ee, c6, 69]] } }
[2m2026-09-14T11:05:10.565833Z[0m [31mERROR[0m codec_extension ThreadId(12) [2mzenoh_codec::common::extension[0m[2m:[0m Unknown Test ext: ZExtUnknown { Id: 2, Mandatory: true, Encoding: "ZBuf", Value: ZBuf { slices: [[f8, e6, 9e, e0, c8, f4, 9b, 57, 8b, db, 40, 68, 76, 7e, cf, 3a, a6, 98, 05, ad, 07, 31, cc, c9, e7, f3, 5f, 86, ef, 62, cc, 5c, c4, 40, 31, ff]] } }
[2m2026-09-14T11:05:10.565850Z[0m [31mERROR[0m codec_extension ThreadId(12) [2mzenoh_codec::common::extension[0m[2m:[0m Unknown Test ext: ZExtUnknown { Id: 2, Mandatory: true, Encoding: "ZBuf", Value: ZBuf { slices: [[6b, 39, 22, d2, a2, b6, b4, 57, 28, 85, 04, 93, 19, c8, ae, 54, d9, 68, 00, d5, 13, 16, df, 25, 7f, c3, 60]] } }
[2m2026-09-14T11:05:10.565882Z[0m [31mERROR[0m codec_extension ThreadId(12) [2mzenoh_codec::common::extension[0m[2m:[0m Unknown Test ext: ZExtUnknown { Id: 2, Mandatory: true, Encoding: "ZBuf", Value: ZBuf { slices: [[9d, ab, d1, 39, aa, dc, 34, 59, 56, 74, 01, 37, 1d, 36, c6]] } }
[2m2026-09-14T11:05:10.565901Z[0m [31mERROR[0m codec_extension ThreadId(12) [2mzenoh_codec::common::extension[0m[2m:[0m Unknown Test ext: ZExtUnknown { Id: 2, Mandatory: true, Encoding: "ZBuf", Value: ZBuf { slices: [[e1, a8, 44, 89, 3d, f9, da, cb, 7d, a4, a8, 71, 82, f7, 26, e9, 0e, 7e, e5, 6b, 42, fe, c0, 1f, ed, 4c, f8, 61, d9, dd, ea, de]] } }
[2m2026-09-14T11:05:10.565936Z[0m [31mERROR[0m codec_extension ThreadId(12) [2mzenoh_codec::common::extension[0m[2m:[0m Unknown Test ext: ZExtUnknown { Id: 2, Mandatory: true, Encoding: "ZBuf", Value: ZBuf { slices: [[91, bb, ee, 15, 31, 34, 90, c0, 54, a9, a6, e3, 36, cc, 39, ab, 84, a6, 13, e5, 75, e3, 07, 67, d0, 4e, 29, 85, 88, 8e, f2, 03, ec, 37, ee, 3d, f7, 2a, 35, 6c, 14, 80, a1, 1c, cc, 4b]] } }
[2m2026-09-14T11:05:10.565987Z[0m [31mERROR[0m codec_extension ThreadId(12) [2mzenoh_codec::common::extension[0m[2m:[0m Unknown Test ext: ZExtUnknown { Id: 2, Mandatory: true, Encoding: "ZBuf", Value: ZBuf { slices: [[e7, 94, fd, 5e, 05, bc, 93, 1b, 95, 6f, 2c, ed, b3, 7f, 38, c4, 9d, d0, 54, 83, 02, de, 81, 57, 15, 2f, 87, 13, 8e, 1f, e9, 3b, 88, 08, 09, ad, c8, 2b, 6c, cf, 70, fe, 47, 2c, c5, 8c, fb, 48, e8, 21, 25, 73, bb, 0d, a4, 21, cf, 96, d8, 58]] } }
[2m2026-09-14T11:05:10.566063Z[0m [31mERROR[0m codec_extension ThreadId(12) [2mzenoh_codec::common::extension[0m[2m:[0m Unknown Test ext: ZExtUnknown { Id: 2, Mandatory: true, Encoding: "ZBuf", Value: ZBuf { slices: [[a9, 69, 4f, 03, d6, b2, a4, b8, 2c, 0e, c3, 5c, 7c, b3, 0f, d4, 87, d5, 56, 9a, cf, 05, 02, 4c, 58, 96, af, de, 55, 18, 31, 99, ef, e2, b7, 80, 22, de, 3c, ba, 79, 66, 5d, 42, e8, 78]] } }
[2m2026-09-14T11:05:10.566082Z[0m [31mERROR[0m codec_extension ThreadId(12) [2mzenoh_codec::common::extension[0m[2m:[0m Unknown Test ext: ZExtUnknown { Id: 2, Mandatory: true, Encoding: "ZBuf", Value: ZBuf { slices: [[0b, e1, ef, e6, b4, 16, e8, ac, b7]] } }
[2m2026-09-14T11:05:10.566109Z[0m [31mERROR[0m codec_extension ThreadId(12) [2mzenoh_codec::common::extension[0m[2m:[0m Unknown Test ext: ZExtUnknown { Id: 2, Mandatory: true, Encoding: "ZBuf", Value: ZBuf { slices: [[e1, af, 06, 98, e3, c8, 1e, 60, 62, cf, 78, 2a, 70, 4b, 4e, cb, f3, f7, a5, 10, 28, 3d, f6, 93, 99, ab, a6, 68, 23, 44, 91, fb, 93, a5, 7e, 2b, fd, 78, 80, a6, cd, 51, b8, a4, d7, ef, 3d, 43, 3a, 44, 06, f4, 33, 59, 04, 3e, 3f, a5, 02, 15, 73, 66, f9]] } }
[2m2026-09-14T11:05:10.566124Z[0m [31mERROR[0m codec_extension ThreadId(12) [2mzenoh_codec::common::extension[0m[2m:[0m Unknown Test ext: ZExtUnknown { Id: 2, Mandatory: true, Encoding: "ZBuf", Value: ZBuf { slices: [[47, 34, 75, b9, 6b, fd, 86, 01, 9f, d2, b8, 3c, 46, 38, 07, f7, 42, 3c, a4, 83, 8a, 5b, 55, 66, 0d, 9d, 62, 0b, ee, 38, 8c]] } }
[2m2026-09-14T11:05:10.566152Z[0m [31mERROR[0m codec_extension ThreadId(12) [2mzenoh_codec::common::extension[0m[2m:[0m Unknown Test ext: ZExtUnknown { Id: 2, Mandatory: true, Encoding: "ZBuf", Value: ZBuf { slices: [[d2, 2c, 63, da, 62, cd, b9, 93, 1d]] } }
[2m2026-09-14T11:05:10.566165Z[0m [31mERROR[0m codec_extension ThreadId(12) [2mzenoh_codec::common::extension[0m[2m:[0m Unknown Test ext: ZExtUnknown { Id: 2, Mandatory: true, Encoding: "ZBuf", Value: ZBuf { slices: [[28, fd, 74, 47, f8, ac, 3c, 88, f4, 07, f2, 28, fd, 91, be, b7, ae, bd, c5, 30, 18, b8, 63, c3, 1c, 31, b9, 32, 81, 16, 1b, bc, af, 97, 15, 6f, 7e, 27, ac, 16, 3a, 50, 4b, 87, fc, 14, 5a, 7e, 39]] } }
[2m2026-09-14T11:05:10.566195Z[0m [31mERROR[0m codec_extension ThreadId(12) [2mzenoh_codec::common::extension[0m[2m:[0m Unknown Test ext: ZExtUnknown { Id: 2, Mandatory: true, Encoding: "ZBuf", Value: ZBuf { slices: [[33, 08, 87, 54, ad, 70, 84, 0d, 5f, 8c, eb, dd, bb, 6e, 9f, ba, a8, 9b, 8b, 13, 9d, cc, cb, 5d, 95, 9b, 70, f1, f2, 5c, e1, ee, 4a, f4, 4b, 63, c6, a6, e4, 0b, 44, 8d, e5, 19, 26, 37, d1]] } }
[2m2026-09-14T11:05:10.566222Z[0m [31mERROR[0m codec_extension ThreadId(12) [2mzenoh_codec::common::extension[0m[2m:[0m Unknown Test ext: ZExtUnknown { Id: 2, Mandatory: true, Encoding: "ZBuf", Value: ZBuf { slices: [[42, b4, a8, a1, 52, fa, b9, 25, ba, d6, c3, f3, fa, 60, c9, 97, 5b, b6, 0b, 80, 3f, 02, 6f, bb, 5f, 4d, 57, d3, f5, 5e, 91, f2, 62, 89, 20, 3f, ef, 9c, 6f, 94, 79, 5d, 7c, 7c, bb, f7, ed, 6b, ac, cc, 9d]] } }
[2m2026-09-14T11:05:10.566249Z[0m [31mERROR[0m codec_extension ThreadId(12) [2mzenoh_codec::common::extension[0m[2m:[0m Unknown Test ext: ZExtUnknown { Id: 2, Mandatory: true, Encoding: "ZBuf", Value: ZBuf { slices: [[eb, 63, b6, bd, 56, 2e, 07, f6, 3f, 7a, 5b, 0b, 53, ee, 15, 06, cf, 0b, 9a, 06, e4, 66, 6f, 43, 17, 84, 67, b6, d8, c0, dd, 96, 4f, 10, 23, d4, 49, 8d, 83, dd, 49, 4b, 8f, 53, 19, 0f, 0f, 83, dc, b0, 0f, 4e, 51, ea, 05, 06, 84, 50, e8]] } }
[2m2026-09-14T11:05:10.566279Z[0m [31mERROR[0m codec_extension ThreadId(12) [2mzenoh_codec::common::extension[0m[2m:[0m Unknown Test ext: ZExtUnknown { Id: 2, Mandatory: true, Encoding: "ZBuf", Value: ZBuf { slices: [[26, 8d, 4b, a5, f7, 6e, 29, df, 83, c4, 07, ca, fa, c9, 29, f0, 46, d6, 32, ec, 35, aa, b7, 1e, 44, ec, 34, 14, 2e, 8e, b8, 27, b5, 2e, 3c, 89, ec, 02, 3f, 69, 32, 03, b3, 1f, 30, f7, 0f, df, 66, c6, b3, db, 9a, ff, 63]] } }
[2m2026-09-14T11:05:10.566331Z[0m [31mERROR[0m codec_extension ThreadId(12) [2mzenoh_codec::common::extension[0m[2m:[0m Unknown Test ext: ZExtUnknown { Id: 2, Mandatory: true, Encoding: "ZBuf", Value: ZBuf { slices: [[25, 06, 6d, 06, 40, 1f, 39, 46, c3, f4, 77, 25, 9d, 36, 96, e5, ce, 87, 18, 6a, 1f, fc, 72, f9, 22, 7f, f9, 91, b5, fb, 4c, 03, 78, 9d, 55, a8]] } }
[2m2026-09-14T11:05:10.566361Z[0m [31mERROR[0m codec_extension ThreadId(12) [2mzenoh_codec::common::extension[0m[2m:[0m Unknown Test ext: ZExtUnknown { Id: 2, Mandatory: true, Encoding: "ZBuf", Value: ZBuf { slices: [[48, bc, 32, c8, e4, 4a, 70, 0f, 03, dd, 15, 41]] } }
[2m2026-09-14T11:05:10.566379Z[0m [31mERROR[0m codec_extension ThreadId(12) [2mzenoh_codec::common::extension[0m[2m:[0m Unknown Test ext: ZExtUnknown { Id: 2, Mandatory: true, Encoding: "ZBuf", Value: ZBuf { slices: [[29, 89, 52, 84, a3, 80, 65, f8, 23]] } }
[2m2026-09-14T11:05:10.566395Z[0m [31mERROR[0m codec_extension ThreadId(12) [2mzenoh_codec::common::extension[0m[2m:[0m Unknown Test ext: ZExtUnknown { Id: 2, Mandatory: true, Encoding: "ZBuf", Value: ZBuf { slices: [[9b, a2, 6d, a4, f1, 5b, 5b, c2, 2f, ad, 4e, 61]] } }
[2m2026-09-14T11:05:10.566412Z[0m [31mERROR[0m codec_extension ThreadId(12) [2mzenoh_codec::common::extension[0m[2m:[0m Unknown Test ext: ZExtUnknown { Id: 2, Mandatory: true, Encoding: "ZBuf", Value: ZBuf { slices: [[86, c1, b8, 40, 4f, b2, ca, 59, 70, d5, e4]] } }
[2m2026-09-14T11:05:10.566450Z[0m [31mERROR[0m codec_extension ThreadId(12) [2mzenoh_codec::common::extension[0m[2m:[0m Unknown Test ext: ZExtUnknown { Id: 2, Mandatory: true, Encoding: "ZBuf", Value: ZBuf { slices: [[5c, 0e, bd, d0, 96, a8, 31, 0c, d1, 4a, d9, 08, c2, d7, 6a, 41, 74, d8, 3e, ce, 99, f6, b1, e6, a8, 20, 7c, 27, 32, cd, 1d, 47, d1, e8, 40, 3e, d8, 58, a6, 16, c2, eb, 26, 42]] } }
[2m2026-09-14T11:05:10.566489Z[0m [31mERROR[0m codec_extension ThreadId(12) [2mzenoh_codec::common::extension[0m[2m:[0m Unknown Test ext: ZExtUnknown { Id: 2, Mandatory: true, Encoding: "ZBuf", Value: ZBuf { slices: [[d7, a7, 25, 96, a8, ec, d8, bc, 68, 2d, 0b, 17, 7a, 3b, e2, fc, d3, 1f, c3, 83, 41, 34, 51, ac, 6d, 49, 10, 73, ae, 5b, ab, 2b, 5f, c7, 7b, 00, 88, e3, ad, d1, c1, 46, e8, c7, 89, 4c, f3, ed, 9a, cb, 9c, dc, 03, ef, c6, 31, 53, 00]] } }
[2m2026-09-14T11:05:10.566536Z[0m [31mERROR[0m codec_extension ThreadId(12) [2mzenoh_codec::common::extension[0m[2m:[0m Unknown Test ext: ZExtUnknown { Id: 2, Mandatory: true, Encoding: "ZBuf", Value: ZBuf { slices: [[9a, f9, 9c, d3, 50, 6a, a9, 61, 25, aa, 30, b6, 9e, 43, 84, 60, 0e, 83, 32, a6, b3, a7, f5, 06, 4a, c3, c9, 77, a4, bf, 6d, c0, b5, 1e, 2c, e2, dc, 4e, d5, cf, 17, 83, fc, 9b, 17, bb, 7a, e4, cd, 78, 66, 0b, 7a, 64, 46, 36, a5, e0, 73, 85]] } }
[2m2026-09-14T11:05:10.566577Z[0m [31mERROR[0m codec_extension ThreadId(12) [2mzenoh_codec::common::extension[0m[2m:[0m Unknown Test ext: ZExtUnknown { Id: 2, Mandatory: true, Encoding: "ZBuf", Value: ZBuf { slices: [[eb, 73, f4, 65, 35, a1, dd, 1b, d8, 8e, 40, ba, c3, f8, a8, e4, 98, ab, 66, 5e, 16, 8e, be, a8, e3, 79, ef, 47, f8, 43, 02, 90, 0e, 72, 7d, 56, 7c, 5a, 37, c3, a6, 71, fd, 7e, 53, 0f, 5e, 73, 6c, 7b, c5, da, 2a, 2b, ea, dc]] } }
[2m2026-09-14T11:05:10.566616Z[0m [31mERROR[0m codec_extension ThreadId(12) [2mzenoh_codec::common::extension[0m[2m:[0m Unknown Test ext: ZExtUnknown { Id: 2, Mandatory: true, Encoding: "ZBuf", Value: ZBuf { slices: [[d5, a7, 4e, b1, f8, 90, db, 74, 9a, ac, e1, 63, 2b, 36, 29, 62, 38, cd, b7, cf, d4, 19, b1, ad, 96, 7d, bb, 70, fa, 09, 48, 13, 3c, d6, ec, 43]] } }
[2m2026-09-14T11:05:10.566638Z[0m [31mERROR[0m codec_extension ThreadId(12) [2mzenoh_codec::common::extension[0m[2m:[0m Unknown Test ext: ZExtUnknown { Id: 2, Mandatory: true, Encoding: "ZBuf", Value: ZBuf { slices: [[02, 3b, 73, 06, 1e, b1, bf, b5, 28, b8, 0c, f1, bd, 34, 48, c9, 4b, e2, e4, 52, b3, 8a, 54, 48, 97, 99, eb, 2a, 3d, fa, 0c, 22, 9b, 0f, d8, 8f, 38, d4, 01, 98, 84, be, e3, df, 59, 32, 2c, 8a, c4, be]] } }
[2m2026-09-14T11:05:10.566694Z[0m [31mERROR[0m codec_extension ThreadId(12) [2mzenoh_codec::common::extension[0m[2m:[0m Unknown Test ext: ZExtUnknown { Id: 2, Mandatory: true, Encoding: "ZBuf", Value: ZBuf { slices: [[11, 34, 4b, 69, f3, 3f, 74, 96, d1, 38, dc, fa, 68, d0, a5, 1b, a5, d2, 64, a9, df, 2c, 32, 8f, fc, e5, 64, 8a, e6]] } }
[2m2026-09-14T11:05:10.566737Z[0m [31mERROR[0m codec_extension ThreadId(12) [2mzenoh_codec::common::extension[0m[2m:[0m Unknown Test ext: ZExtUnknown { Id: 2, Mandatory: true, Encoding: "ZBuf", Value: ZBuf { slices: [[a1, a3, 69, a1, 4a, a9, aa, 00, 0a, 12, d6, 6f, 74, cb, 7b, 41, 12, b9, 50, a6, 0f, 02, a6, bd, 0b, ab, 91, 9a, bc, ad, 2a, 0b, 1e, 04, 12, e6, 80, bd, 7b, 0f, 29, e3, 58, ea, 03, 5c, 61, 1c, 7a, f8, 1c]] } }
[2m2026-09-14T11:05:10.566777Z[0m [31mERROR[0m codec_extension ThreadId(12) [2mzenoh_codec::common::extension[0m[2m:[0m Unknown Test ext: ZExtUnknown { Id: 2, Mandatory: true, Encoding: "ZBuf", Value: ZBuf { slices: [[37, dc, bf, 34, c9, 72, db, 4d, 96, ed, 1e, ad, 94, 73, ee, 75, bb, 77, 89, 3b, 4a, dd, 0c, 38, 36, 70, cc, 7a, 78, d6, 54, ab, 8d, 06, 75, 30, 99, 27, a5, 4d, 02, 24, 9d, 04]] } }
[2m2026-09-14T11:05:10.566795Z[0m [31mERROR[0m codec_extension ThreadId(12) [2mzenoh_codec::common::extension[0m[2m:[0m Unknown Test ext: ZExtUnknown { Id: 2, Mandatory: true, Encoding: "ZBuf", Value: ZBuf { slices: [[01, d5, a4, 8f, 9a, 7a, b8, fa, a0, 19, 4c, d5, ea, 49, 6d, 37, f8, 59, d4, 14, 9d, 0f, 69, 6c, a3, 16, 66, 0f, f0, 86, 0b, 28, 33, f5, 51, 49, e7, a0, b9, c7, 5b, 07, 79, f7, e6, 93, 31, 60]] } }
[2m2026-09-14T11:05:10.566832Z[0m [31mERROR[0m codec_extension ThreadId(12) [2mzenoh_codec::common::extension[0m[2m:[0m Unknown Test ext: ZExtUnknown { Id: 2, Mandatory: true, Encoding: "ZBuf", Value: ZBuf { slices: [[38, 2b, c1, 9b, 68, c2, a0, 9d, 2c, 62, ab, 50, 73, 0b, d3, e0, ac, e6, 80, 7a, 38, 3d, af, ca, e0, 8c, 2b, cc, 3b, 0d, ea, 93, 5a, be, f6, 95, b2, c6, 7c, da, 50, f4, 35, cc, 81, c4, 9a, 38, 56, 85, c7, 27, 06]] } }
[2m2026-09-14T11:05:10.566874Z[0m [31mERROR[0m codec_extension ThreadId(12) [2mzenoh_codec::common::extension[0m[2m:[0m Unknown Test ext: ZExtUnknown { Id: 2, Mandatory: true, Encoding: "ZBuf", Value: ZBuf { slices: [[04, 4f, 38, c0, b6, 15, 51, 83, 16, 4f, 2a, 2d, a5, 20, 47, 61, a6, 13, 00, d2, 9c, 1d, 8d, 85, 16, fa, 56, 9f, 7f, 89, 68, f1, 90, a7, 42, 57, a9, 33, b1, 44, 65, 9e, 8e, c5, 51, 34, ef, 34]] } }
[2m2026-09-14T11:05:10.566918Z[0m [31mERROR[0m codec_extension ThreadId(12) [2mzenoh_codec::common::extension[0m[2m:[0m Unknown Test ext: ZExtUnknown { Id: 2, Mandatory: true, Encoding: "ZBuf", Value: ZBuf { slices: [[bb, 3e, ee, 1e, da, b2, d5, 18, da, e0, cb, 08, 57, 07, 71, 23, 59, 6e, 6f, 39, aa, 39, 8b, 14, 5b, 8d, 2e, c0, b9, ad, 61, a9, c4, f0, 64, ba, 62, 45, a2, 19, 85, 73, 21, a9, 52, e1, 8a, ad, 1c, 21, 4d, f2]] } }
[2m2026-09-14T11:05:10.566942Z[0m [31mERROR[0m codec_extension ThreadId(12) [2mzenoh_codec::common::extension[0m[2m:[0m Unknown Test ext: ZExtUnknown { Id: 2, Mandatory: true, Encoding: "ZBuf", Value: ZBuf { slices: [[2e, ae, 92, ce, df, a3, 5d, 1f, 8e, dc, 79, f4, a0, 55, 16, 5c, 71, 91]] } }
[2m2026-09-14T11:05:10.567006Z[0m [31mERROR[0m codec_extension ThreadId(12) [2mzenoh_codec::common::extension[0m[2m:[0m Unknown Test ext: ZExtUnknown { Id: 2, Mandatory: true, Encoding: "ZBuf", Value: ZBuf { slices: [[20, d2, d4, 48, 35, 77, 4f, e8, 8f, ff, 0d, 7a, fc, aa, 4e, b1, 29, 75, d4, 3a, 94, 53, a4, 27, a1, 42, 05, 20, 73, c2, 1d, 0b, 9e, 2c, c6, 86, e7, af, c5, f1, 96, df]] } }
[2m2026-09-14T11:05:10.567056Z[0m [31mERROR[0m codec_extension ThreadId(12) [2mzenoh_codec::common::extension[0m[2m:[0m Unknown Test ext: ZExtUnknown { Id: 2, Mandatory: true, Encoding: "ZBuf", Value: ZBuf { slices: [[4b, 07, cf, 3c, 0a, d1, c6, 39, ff, 94, eb, 52, a5, f6, f0, 71, 5e, eb, c3, 17, 74, af, 3e, 25, f4, d1, 4b, 6d, 5b, 4d, 4f, db, fb, b2, d9, ac, e5]] } }
[2m2026-09-14T11:05:10.567082Z[0m [31mERROR[0m codec_extension ThreadId(12) [2mzenoh_codec::common::extension[0m[2m:[0m Unknown Test ext: ZExtUnknown { Id: 2, Mandatory: true, Encoding: "ZBuf", Value: ZBuf { slices: [[aa, 4d, 94, 0b, bc, 27, 19, 09, cb, 52, ce, c1, 94, ed, b6, 10, f9, 0b, 0f, 85, c5, 65, 99, 14, c8, 33, 95, b9, ba, 84, 8e, 8c, 39, c5, 27, dc, e4, 7b, cf, 92, 42, 12, db, d1, 8f, 1c]] } }
[2m2026-09-14T11:05:10.567121Z[0m [31mERROR[0m codec_extension ThreadId(12) [2mzenoh_codec::common::extension[0m[2m:[0m Unknown Test ext: ZExtUnknown { Id: 2, Mandatory: true, Encoding: "ZBuf", Value: ZBuf { slices: [[f8, ef, 00, 14, 4a, 47, 69, c2, 4c, bb, 1f, 79, 26, a1, 14, 78, a1, 9c, c2, 39, 02, 7a, 53, fd, 3c, 06]] } }
[2m2026-09-14T11:05:10.567142Z[0m [31mERROR[0m codec_extension ThreadId(12) [2mzenoh_codec::common::extension[0m[2m:[0m Unknown Test ext: ZExtUnknown { Id: 2, Mandatory: true, Encoding: "ZBuf", Value: ZBuf { slices: [[e4, 2c, 52, 11, fa, 0b, 42, 44, 45, d2, 3d, be, a1, 1c, a1, bb, 85, 03]] } }
[2m2026-09-14T11:05:10.567161Z[0m [31mERROR[0m codec_extension ThreadId(12) [2mzenoh_codec::common::extension[0m[2m:[0m Unknown Test ext: ZExtUnknown { Id: 2, Mandatory: true, Encoding: "ZBuf", Value: ZBuf { slices: [[ff, b1, 04, 3a, 7d, 1b, 42, 92, e2, f0, 03, 32, 25, 42, 3f, a8, c7, 1d, 7d, 60]] } }
[2m2026-09-14T11:05:10.567201Z[0m [31mERROR[0m codec_extension ThreadId(12) [2mzenoh_codec::common::extension[0m[2m:[0m Unknown Test ext: ZExtUnknown { Id: 2, Mandatory: true, Encoding: "ZBuf", Value: ZBuf { slices: [[cf, c9, ec, c3, 10, 65, a6, 01, 74, 70, cb, 8c, 93, b8, aa, 3f]] } }
[2m2026-09-14T11:05:10.567237Z[0m [31mERROR[0m codec_extension ThreadId(12) [2mzenoh_codec::common::extension[0m[2m:[0m Unknown Test ext: ZExtUnknown { Id: 2, Mandatory: true, Encoding: "ZBuf", Value: ZBuf { slices: [[18, 33, dc, 0b, dc, 22, 9e, 4f, 27, 51, 39, df, b3, 12, a4, c0, 66, c4, 22, 4a, fa, 51, 1e, 7e, 17, dd, e0, c3, 40, f2, d9, 6b, b2, 74, 81, 1c, f5, cc, 45, 6e, a0, 2a, 12, c7, f8, 5f, c8, fa, f1, ea, 8f, 60, 71]] } }
[2m2026-09-14T11:05:10.567256Z[0m [31mERROR[0m codec_extension ThreadId(12) [2mzenoh_codec::common::extension[0m[2m:[0m Unknown Test ext: ZExtUnknown { Id: 2, Mandatory: true, Encoding: "ZBuf", Value: ZBuf { slices: [[a1, 78, b4, b5, be, 52, 0c, 80, e0, 39, 1f, 27, 23, 5f, 4e, 18, fc, 74, f6, b0, b7, d6, e6, df, 35, 20, 40, 7d, b4, 1d, 95, 5f, 77, 58, 27, e5, 62]] } }
[2m2026-09-14T11:05:10.567290Z[0m [31mERROR[0m codec_extension ThreadId(12) [2mzenoh_codec::common::extension[0m[2m:[0m Unknown Test ext: ZExtUnknown { Id: 2, Mandatory: true, Encoding: "ZBuf", Value: ZBuf { slices: [[4c, a5, 71, 82, f3, e8, 8d, ba, fb, 41, 2b, 05, 78, 9c, 9e, b0, 4e, 2e, f7, d2, 6d, 95, ec, be, 21, 9d, d6, 66, 68, 94, d1, fc, b5, 97, 3e, b5, 65, 26, 01, d6, 13, b2, 41, 73, b7, dc, d9, 70, 76, 22, d7, 77, b7, 72, bc, dc, 1e, 05, fb, eb, b0, e2, ec]] } }
[2m2026-09-14T11:05:10.567322Z[0m [31mERROR[0m codec_extension ThreadId(12) [2mzenoh_codec::common::extension[0m[2m:[0m Unknown Test ext: ZExtUnknown { Id: 2, Mandatory: true, Encoding: "ZBuf", Value: ZBuf { slices: [[75, 25, 4f, 1c, bd, e7, a4, 8f, 07, 07, 43, e2, 13, a5, dc, d5, 5e, 51, d2, 90]] } }
[2m2026-09-14T11:05:10.567336Z[0m [31mERROR[0m codec_extension ThreadId(12) [2mzenoh_codec::common::extension[0m[2m:[0m Unknown Test ext: ZExtUnknown { Id: 2, Mandatory: true, Encoding: "ZBuf", Value: ZBuf { slices: [[ff, b8, 61, 53, 01, ec, 50, a3, 77, 66, 0e, 49, ce, 14, c4, 25, e6, 32, 10, 97, de, e0, 38, 09, 18, c8, 30, 92, 17, f4, ca, 60, 18, 00, d0, ea, e6, c8, 15, 74, f3, c8, 5c]] } }
[2m2026-09-14T11:05:10.567369Z[0m [31mERROR[0m codec_extension ThreadId(12) [2mzenoh_codec::common::extension[0m[2m:[0m Unknown Test ext: ZExtUnknown { Id: 2, Mandatory: true, Encoding: "ZBuf", Value: ZBuf { slices: [[d5, 57, ff, e9, bd, e8, c2, 3b, de, ac, 6c, 83, 6e, 02, 07, b7, cb, 4b, 0a, fa, e1, 95, 92, ce, fc, 43, 5c, 50, 6d, a0]] } }
[2m2026-09-14T11:05:10.567440Z[0m [31mERROR[0m codec_extension ThreadId(12) [2mzenoh_codec::common::extension[0m[2m:[0m Unknown Test ext: ZExtUnknown { Id: 2, Mandatory: true, Encoding: "ZBuf", Value: ZBuf { slices: [[e9, 16, 36, 72, a3, 3a, 0b, ce, 56, d3, f7, 16, f0, b0, 4a, b3, 17, 52, 7a, ae, 8c, 0d, 5f, 12, f5, b7, d2, 6f, 8f, 25, 8b, 1d, 3f, 8e, 8f, 6e, 77, 89, 68, 40, ab, 42, ca, a7, 40, e1, e0]] } }
[2m2026-09-14T11:05:10.567456Z[0m [31mERROR[0m codec_extension ThreadId(12) [2mzenoh_codec::common::extension[0m[2m:[0m Unknown Test ext: ZExtUnknown { Id: 2, Mandatory: true, Encoding: "ZBuf", Value: ZBuf { slices: [[79, e8, 1d, 9e, 99, 26, af, 8c, 12, a1, 61, ef, 02, 1d, 1c, 55, 8d, a4, 11, 40, ed, 0c, 61, 3b, 23, 4a, 5c]] } }
[2m2026-09-14T11:05:10.567496Z[0m [31mERROR[0m codec_extension ThreadId(12) [2mzenoh_codec::common::extension[0m[2m:[0m Unknown Test ext: ZExtUnknown { Id: 2, Mandatory: true, Encoding: "ZBuf", Value: ZBuf { slices: [[9a, 81, 7a, 18, d9, 3e, 8c, 62, c4, a7, b5, 6c, 23, 31, 77, 6e, 4f]] } }
[2m2026-09-14T11:05:10.567508Z[0m [31mERROR[0m codec_extension ThreadId(12) [2mzenoh_codec::common::extension[0m[2m:[0m Unknown Test ext: ZExtUnknown { Id: 2, Mandatory: true, Encoding: "ZBuf", Value: ZBuf { slices: [[a5, de, 48, 80, ab, 82, 85, d8, a3, 82, 9d, b0, fd, 3e, f0, fd, 27, 97, 46, 0e, c3, 1c]] } }
[2m2026-09-14T11:05:10.567536Z[0m [31mERROR[0m codec_extension ThreadId(12) [2mzenoh_codec::common::extension[0m[2m:[0m Unknown Test ext: ZExtUnknown { Id: 2, Mandatory: true, Encoding: "ZBuf", Value: ZBuf { slices: [[f7, 6f, 89, 07, 08, dd, 5b, 7b, b8, 1f, 59, 6c, 7b, 32, 32, b4, 8b, 42, 6f, 09, 98, 26, 88, 9a, 5f, fb, 98, 6d, bf, b0, be, 60, 3b, f2, 06, 6a, 1b, 84, 27, ab, 1a, 3f, 51, 6e, 9c, f9, c4, a5, de, 2a, 8e, 59]] } }
[2m2026-09-14T11:05:10.567547Z[0m [31mERROR[0m codec_extension ThreadId(12) [2mzenoh_codec::common::extension[0m[2m:[0m Unknown Test ext: ZExtUnknown { Id: 2, Mandatory: true, Encoding: "ZBuf", Value: ZBuf { slices: [[36, 56, ad, 22, a6, 77, 83, 6d, aa, 92, f7, 18, ef, e1, 54, f2, 35, 3c, 6d, 22]] } }
[2m2026-09-14T11:05:10.567574Z[0m [31mERROR[0m codec_extension ThreadId(12) [2mzenoh_codec::common::extension[0m[2m:[0m Unknown Test ext: ZExtUnknown { Id: 2, Mandatory: true, Encoding: "ZBuf", Value: ZBuf { slices: [[95, b7, 15, d9, 86, 6d, 23, f4, 16, 5c, 45, 6d, 99, a3, 35, 38, 9a, a1, 21, e5, b8, 70, 06, 0f, 29, 8f, 59, 5a, c2, 9f, 80, 1f, 6c, a7, 4c, 11, e7, 77, e4, 1d, ff, c2, c2, 54]] } }
[2m2026-09-14T11:05:10.571763Z[0m [31mERROR[0m codec_extension ThreadId(12) [2mzenoh_codec::common::extension[0m[2m:[0m Unknown Test ext: ZExtUnknown { Id: 10, Mandatory: true, Encoding: "Z64", Value: 16457289110668489209 }
[2m2026-09-14T11:05:10.571826Z[0m [31mERROR[0m codec_extension ThreadId(12) [2mzenoh_codec::common::extension[0m[2m:[0m Unknown Test ext: ZExtUnknown { Id: 9, Mandatory: true, Encoding: "Unit" }
[2m2026-09-14T11:05:10.571910Z[0m [31mERROR[0m codec_extension ThreadId(12) [2mzenoh_codec::common::extension[0m[2m:[0m Unknown Test ext: ZExtUnknown { Id: 15, Mandatory: true, Encoding: "Z64", Value: 10431464287842918678 }
[2m2026-09-14T11:05:10.572126Z[0m [31mERROR[0m codec_extension ThreadId(12) [2mzenoh_codec::common::extension[0m[2m:[0m Unknown Test ext: ZExtUnknown { Id: 15, Mandatory: true, Encoding: "ZBuf", Value: ZBuf { slices: [[e7, 8e, 80, 9e, 5d, 8e, b3, 49, fe, f4, 17, 4e, ad, d1, 12, ea, b4, 25, a4, dc, df, 08, 53, 0d, 11, d9, f9, 0f, 55, fd, e0, 4a, df, fc, cd, aa, 83, aa, e4, 23, b5, f2, 92, eb, d5, 2b, 02, 57, 44]] } }
[2m2026-09-14T11:05:10.572184Z[0m [31mERROR[0m codec_extension ThreadId(12) [2mzenoh_codec::common::extension[0m[2m:[0m Unknown Test ext: ZExtUnknown { Id: 3, Mandatory: true, Encoding: "Z64", Value: 11849588255807103396 }
[2m2026-09-14T11:05:10.572218Z[0m [31mERROR[0m codec_extension ThreadId(12) [2mzenoh_codec::common::extension[0m[2m:[0m Unknown Test ext: ZExtUnknown { Id: 14, Mandatory: true, Encoding: "ZBuf", Value: ZBuf { slices: [[0a, 8e, 4d, 59, 73, 9b, 00, 1e, 8d, fb, 9f, c5, 21, 2b, b4, 3e, 80, 86, dd, 89, 76, e6, 65, c3, e9, 1d, ca, a2, 04, 39, 28, 3e, f3, 50, d1, 7e, f9, 58, 1a, 81, 44, f8, 29, c5, c0, d1, a8, 20, a5, 84]] } }
[2m2026-09-14T11:05:10.572270Z[0m [31mERROR[0m codec_extension ThreadId(12) [2mzenoh_codec::common::extension[0m[2m:[0m Unknown Test ext: ZExtUnknown { Id: 7, Mandatory: true, Encoding: "Unit" }
[2m2026-09-14T11:05:10.572281Z[0m [31mERROR[0m codec_extension ThreadId(12) [2mzenoh_codec::common::extension[0m[2m:[0m Unknown Test ext: ZExtUnknown { Id: 14, Mandatory: true, Encoding: "Z64", Value: 8477331120747272255 }
[2m2026-09-14T11:05:10.572382Z[0m [31mERROR[0m codec_extension ThreadId(12) [2mzenoh_codec::common::extension[0m[2m:[0m Unknown Test ext: ZExtUnknown { Id: 7, Mandatory: true, Encoding: "Z64", Value: 5701612498101477197 }
[2m2026-09-14T11:05:10.572500Z[0m [31mERROR[0m codec_extension ThreadId(12) [2mzenoh_codec::common::extension[0m[2m:[0m Unknown Test ext: ZExtUnknown { Id: 0, Mandatory: true, Encoding: "Unit" }
[2m2026-09-14T11:05:10.572534Z[0m [31mERROR[0m codec_extension ThreadId(12) [2mzenoh_codec::common::extension[0m[2m:[0m Unknown Test ext: ZExtUnknown { Id: 12, Mandatory: true, Encoding: "Unit" }
[2m2026-09-14T11:05:10.572563Z[0m [31mERROR[0m codec_extension ThreadId(12) [2mzenoh_codec::common::extension[0m[2m:[0m Unknown Test ext: ZExtUnknown { Id: 14, Mandatory: true, Encoding: "Unit" }
[2m2026-09-14T11:05:10.572592Z[0m [31mERROR[0m codec_extension ThreadId(12) [2mzenoh_codec::common::extension[0m[2m:[0m Unknown Test ext: ZExtUnknown { Id: 4, Mandatory: true, Encoding: "ZBuf", Value: ZBuf { slices: [[4a, a4, 1d, 7f, 25, 4d, 5b, 90, d2, 26, e8, 14, 2d, 69, 85, a0, be, 99, 14, fe, a8, 58, 27, 24, 3a, 22, 80, 40, 63, b7, 2d, 0d, 93, 7e, 2a, 51, e1, a8, a8, ad, 1c, a4, da, d6, 9c, 2b, c0, 80, 45, ac, 1b, a0, 70, 19]] } }
[2m2026-09-14T11:05:10.572681Z[0m [31mERROR[0m codec_extension ThreadId(12) [2mzenoh_codec::common::extension[0m[2m:[0m Unknown Test ext: ZExtUnknown { Id: 3, Mandatory: true, Encoding: "Unit" }
[2m2026-09-14T11:05:10.572728Z[0m [31mERROR[0m codec_extension ThreadId(12) [2mzenoh_codec::common::extension[0m[2m:[0m Unknown Test ext: ZExtUnknown { Id: 3, Mandatory: true, Encoding: "Unit" }
[2m2026-09-14T11:05:10.572740Z[0m [31mERROR[0m codec_extension ThreadId(12) [2mzenoh_codec::common::extension[0m[2m:[0m Unknown Test ext: ZExtUnknown { Id: 9, Mandatory: true, Encoding: "Z64", Value: 14605985383696788915 }
[2m2026-09-14T11:05:10.572788Z[0m [31mERROR[0m codec_extension ThreadId(12) [2mzenoh_codec::common::extension[0m[2m:[0m Unknown Test ext: ZExtUnknown { Id: 10, Mandatory: true, Encoding: "Unit" }
[2m2026-09-14T11:05:10.572815Z[0m [31mERROR[0m codec_extension ThreadId(12) [2mzenoh_codec::common::extension[0m[2m:[0m Unknown Test ext: ZExtUnknown { Id: 9, Mandatory: true, Encoding: "ZBuf", Value: ZBuf { slices: [[64, 99, b9, ef, 54, ac, 88, 63, 37, 1b, f2, 67, bf, 6c, 4f, 58, 0e, 5b, d2, c4, 5c, fe, be, 45, 23, 65, 90, ee, 2f, a8, b3, db, 8f, 7a, f6, 87, 6c, 5e, b1, f6, 1f, 6c, 2d, 50, 80, 31, fb, 76, 8c, c5, e8, 05, 9d, c1, ea, 2b, b5, da, b2]] } }
[2m2026-09-14T11:05:10.572866Z[0m [31mERROR[0m codec_extension ThreadId(12) [2mzenoh_codec::common::extension[0m[2m:[0m Unknown Test ext: ZExtUnknown { Id: 12, Mandatory: true, Encoding: "Z64", Value: 16161207092717542135 }
[2m2026-09-14T11:05:10.572894Z[0m [31mERROR[0m codec_extension ThreadId(12) [2mzenoh_codec::common::extension[0m[2m:[0m Unknown Test ext: ZExtUnknown { Id: 10, Mandatory: true, Encoding: "ZBuf", Value: ZBuf { slices: [[dd, 41, 90, 8a, e5, 68, fd, 62, 76, c5, 23, 73, 58, ee, 4a, f2, 0b, 4b, 25, ed, f2, f3, 6c, ea, d1, ec, 5c, cf, 01, 1c, cf, bb, 8a, af, 2e, a0, 7d, 59, a1]] } }
[2m2026-09-14T11:05:10.572960Z[0m [31mERROR[0m codec_extension ThreadId(12) [2mzenoh_codec::common::extension[0m[2m:[0m Unknown Test ext: ZExtUnknown { Id: 11, Mandatory: true, Encoding: "Z64", Value: 5795683115774256401 }
[2m2026-09-14T11:05:10.573072Z[0m [31mERROR[0m codec_extension ThreadId(12) [2mzenoh_codec::common::extension[0m[2m:[0m Unknown Test ext: ZExtUnknown { Id: 9, Mandatory: true, Encoding: "Unit" }
[2m2026-09-14T11:05:10.573131Z[0m [31mERROR[0m codec_extension ThreadId(12) [2mzenoh_codec::common::extension[0m[2m:[0m Unknown Test ext: ZExtUnknown { Id: 8, Mandatory: true, Encoding: "Unit" }
[2m2026-09-14T11:05:10.573160Z[0m [31mERROR[0m codec_extension ThreadId(12) [2mzenoh_codec::common::extension[0m[2m:[0m Unknown Test ext: ZExtUnknown { Id: 2, Mandatory: true, Encoding: "Unit" }
[2m2026-09-14T11:05:10.573246Z[0m [31mERROR[0m codec_extension ThreadId(12) [2mzenoh_codec::common::extension[0m[2m:[0m Unknown Test ext: ZExtUnknown { Id: 14, Mandatory: true, Encoding: "Z64", Value: 9272671388251513898 }
[2m2026-09-14T11:05:10.573274Z[0m [31mERROR[0m codec_extension ThreadId(12) [2mzenoh_codec::common::extension[0m[2m:[0m Unknown Test ext: ZExtUnknown { Id: 6, Mandatory: true, Encoding: "Unit" }
[2m2026-09-14T11:05:10.573302Z[0m [31mERROR[0m codec_extension ThreadId(12) [2mzenoh_codec::common::extension[0m[2m:[0m Unknown Test ext: ZExtUnknown { Id: 10, Mandatory: true, Encoding: "Z64", Value: 685470098730648368 }
[2m2026-09-14T11:05:10.573327Z[0m [31mERROR[0m codec_extension ThreadId(12) [2mzenoh_codec::common::extension[0m[2m:[0m Unknown Test ext: ZExtUnknown { Id: 1, Mandatory: true, Encoding: "Unit" }
[2m2026-09-14T11:05:10.573405Z[0m [31mERROR[0m codec_extension ThreadId(12) [2mzenoh_codec::common::extension[0m[2m:[0m Unknown Test ext: ZExtUnknown { Id: 4, Mandatory: true, Encoding: "ZBuf", Value: ZBuf { slices: [[7e, fb, 02, 82, cc, 30, 9e, 56, 20, e0, 8f, ea, cb, b8, 8c, a1, 9a, ec, f6, 91, b9, dc, 64, fe]] } }
[2m2026-09-14T11:05:10.573436Z[0m [31mERROR[0m codec_extension ThreadId(12) [2mzenoh_codec::common::extension[0m[2m:[0m Unknown Test ext: ZExtUnknown { Id: 1, Mandatory: true, Encoding: "Z64", Value: 10799098431735555093 }
[2m2026-09-14T11:05:10.573444Z[0m [31mERROR[0m codec_extension ThreadId(12) [2mzenoh_codec::common::extension[0m[2m:[0m Unknown Test ext: ZExtUnknown { Id: 0, Mandatory: true, Encoding: "Z64", Value: 10357064716852525587 }
[2m2026-09-14T11:05:10.573567Z[0m [31mERROR[0m codec_extension ThreadId(12) [2mzenoh_codec::common::extension[0m[2m:[0m Unknown Test ext: ZExtUnknown { Id: 8, Mandatory: true, Encoding: "Z64", Value: 16245713345755409930 }
[2m2026-09-14T11:05:10.573649Z[0m [31mERROR[0m codec_extension ThreadId(12) [2mzenoh_codec::common::extension[0m[2m:[0m Unknown Test ext: ZExtUnknown { Id: 15, Mandatory: true, Encoding: "Z64", Value: 16821612360603705095 }
[2m2026-09-14T11:05:10.573680Z[0m [31mERROR[0m codec_extension ThreadId(12) [2mzenoh_codec::common::extension[0m[2m:[0m Unknown Test ext: ZExtUnknown { Id: 6, Mandatory: true, Encoding: "Z64", Value: 13911216263353905452 }
[2m2026-09-14T11:05:10.573709Z[0m [31mERROR[0m codec_extension ThreadId(12) [2mzenoh_codec::common::extension[0m[2m:[0m Unknown Test ext: ZExtUnknown { Id: 9, Mandatory: true, Encoding: "ZBuf", Value: ZBuf { slices: [[6b, ac, 1b, 33, 8c, f2, b0, 47, 25, 0e, 86, 6c, 5b, 9d, 01, 56, e7, 6a, 28, eb, e6, 63, cb, 77, c7, 60, a1, e9, 6d, 93, 40, 4e, 91, ec, dd, 3d, fc, e6, ec, 51, 6e, 57, fb, ef, d7, 8f, 38, 08, 47, 39, 08, 0b, 9f, fd, 84, c3, 01, 20, cf, 12, e0, 73, db, e5]] } }
[2m2026-09-14T11:05:10.573743Z[0m [31mERROR[0m codec_extension ThreadId(12) [2mzenoh_codec::common::extension[0m[2m:[0m Unknown Test ext: ZExtUnknown { Id: 9, Mandatory: true, Encoding: "Z64", Value: 5019896383868488525 }
[2m2026-09-14T11:05:10.573769Z[0m [31mERROR[0m codec_extension ThreadId(12) [2mzenoh_codec::common::extension[0m[2m:[0m Unknown Test ext: ZExtUnknown { Id: 11, Mandatory: true, Encoding: "Unit" }
[2m2026-09-14T11:05:10.573777Z[0m [31mERROR[0m codec_extension ThreadId(12) [2mzenoh_codec::common::extension[0m[2m:[0m Unknown Test ext: ZExtUnknown { Id: 2, Mandatory: true, Encoding: "Unit" }
[2m2026-09-14T11:05:10.573827Z[0m [31mERROR[0m codec_extension ThreadId(12) [2mzenoh_codec::common::extension[0m[2m:[0m Unknown Test ext: ZExtUnknown { Id: 7, Mandatory: true, Encoding: "Unit" }
[2m2026-09-14T11:05:10.573855Z[0m [31mERROR[0m codec_extension ThreadId(12) [2mzenoh_codec::common::extension[0m[2m:[0m Unknown Test ext: ZExtUnknown { Id: 13, Mandatory: true, Encoding: "Z64", Value: 3323009748214103618 }
[2m2026-09-14T11:05:10.573901Z[0m [31mERROR[0m codec_extension ThreadId(12) [2mzenoh_codec::common::extension[0m[2m:[0m Unknown Test ext: ZExtUnknown { Id: 12, Mandatory: true, Encoding: "ZBuf", Value: ZBuf { slices: [[14, 00, 51, 35, 39, 35, 05, 5b, 2e, 49, 50, e2, 2e, cf, 9f, 63, e2, 19, bc, 84, c4, 89, 9a, 7c, a3, 75, c0, 26, d5, 94, c8, b8, 1b, 45, 96, c4, cc, e4, 73, 3e, 55, be, 96, 5e, 7a, 42, 3e, 16, 1a, 6a, 6f, 3f, c6, 9e, fd, cd, 43, fd, de, 78, 47, 1c, fb, 46]] } }
[2m2026-09-14T11:05:10.573989Z[0m [31mERROR[0m codec_extension ThreadId(12) [2mzenoh_codec::common::extension[0m[2m:[0m Unknown Test ext: ZExtUnknown { Id: 7, Mandatory: true, Encoding: "Z64", Value: 2581515005471500442 }
[2m2026-09-14T11:05:10.574019Z[0m [31mERROR[0m codec_extension ThreadId(12) [2mzenoh_codec::common::extension[0m[2m:[0m Unknown Test ext: ZExtUnknown { Id: 7, Mandatory: true, Encoding: "Z64", Value: 8006925657661018003 }
[2m2026-09-14T11:05:10.574042Z[0m [31mERROR[0m codec_extension ThreadId(12) [2mzenoh_codec::common::extension[0m[2m:[0m Unknown Test ext: ZExtUnknown { Id: 11, Mandatory: true, Encoding: "Unit" }
[2m2026-09-14T11:05:10.574084Z[0m [31mERROR[0m codec_extension ThreadId(12) [2mzenoh_codec::common::extension[0m[2m:[0m Unknown Test ext: ZExtUnknown { Id: 9, Mandatory: true, Encoding: "ZBuf", Value: ZBuf { slices: [[35, 5e, 0e, 31, 45, 58, 81, 08, ca, 78, 18, e7, d0, 8c, bc, c7, fd, 97, 1d, 1d, 68, 86, 6f, c7, 98, cb, 60, 20, 1f, e0, b8, cf, 69, ec, 82, 7c, f3, 57, 7d, ce, b8, f3, 5f, 44, 33, cf, 77, 11, aa, b6, ab, 18, c1, f0, 11, 5e, 60, b1, 6e, 03, e1, ee]] } }
[2m2026-09-14T11:05:10.574115Z[0m [31mERROR[0m codec_extension ThreadId(12) [2mzenoh_codec::common::extension[0m[2m:[0m Unknown Test ext: ZExtUnknown { Id: 4, Mandatory: true, Encoding: "Z64", Value: 13171393042612997339 }
[2m2026-09-14T11:05:10.574122Z[0m [31mERROR[0m codec_extension ThreadId(12) [2mzenoh_codec::common::extension[0m[2m:[0m Unknown Test ext: ZExtUnknown { Id: 6, Mandatory: true, Encoding: "Unit" }
[2m2026-09-14T11:05:10.574164Z[0m [31mERROR[0m codec_extension ThreadId(12) [2mzenoh_codec::common::extension[0m[2m:[0m Unknown Test ext: ZExtUnknown { Id: 10, Mandatory: true, Encoding: "ZBuf", Value: ZBuf { slices: [[68, 24, d5, da, 7d, fa, cb, e7, c5, 2b, c4, 61, 92, ff, 1d, 12, 3b, bd, 2f, bb, e7, 4d, 63, 19, d1, 26, 09, a6, 72, 18, 91, 25, b9, 41, 9e, 12, a5, 53, eb, 73, 0c, 95, 5a]] } }
[2m2026-09-14T11:05:10.574228Z[0m [31mERROR[0m codec_extension ThreadId(12) [2mzenoh_codec::common::extension[0m[2m:[0m Unknown Test ext: ZExtUnknown { Id: 14, Mandatory: true, Encoding: "ZBuf", Value: ZBuf { slices: [[3f, ce, f2, ba, f8, 48, 93, 8b, 87, 7f, 7e, 97, d8, d2, 4c, e5, b0, 94, 6b, a0, 99, 81, 03, 7b, c9, e3, e2, da, c7, fc, 41, 07, e3, 69, 5d, 84, c7, 8a, c4, 48, c3, 8c]] } }
[2m2026-09-14T11:05:10.574330Z[0m [31mERROR[0m codec_extension ThreadId(12) [2mzenoh_codec::common::extension[0m[2m:[0m Unknown Test ext: ZExtUnknown { Id: 12, Mandatory: true, Encoding: "Z64", Value: 10906880335256962740 }
[2m2026-09-14T11:05:10.574404Z[0m [31mERROR[0m codec_extension ThreadId(12) [2mzenoh_codec::common::extension[0m[2m:[0m Unknown Test ext: ZExtUnknown { Id: 9, Mandatory: true, Encoding: "Z64", Value: 8688243730325394742 }
[2m2026-09-14T11:05:10.574416Z[0m [31mERROR[0m codec_extension ThreadId(12) [2mzenoh_codec::common::extension[0m[2m:[0m Unknown Test ext: ZExtUnknown { Id: 2, Mandatory: true, Encoding: "Unit" }
[2m2026-09-14T11:05:10.574442Z[0m [31mERROR[0m codec_extension ThreadId(12) [2mzenoh_codec::common::extension[0m[2m:[0m Unknown Test ext: ZExtUnknown { Id: 9, Mandatory: true, Encoding: "Z64", Value: 16469865961645353340 }
[2m2026-09-14T11:05:10.574500Z[0m [31mERROR[0m codec_extension ThreadId(12) [2mzenoh_codec::common::extension[0m[2m:[0m Unknown Test ext: ZExtUnknown { Id: 13, Mandatory: true, Encoding: "ZBuf", Value: ZBuf { slices: [[8e, f7, b4, 71, 5c, 7d, dd, ec, de, b4]] } }
[2m2026-09-14T11:05:10.574513Z[0m [31mERROR[0m codec_extension ThreadId(12) [2mzenoh_codec::common::extension[0m[2m:[0m Unknown Test ext: ZExtUnknown { Id: 8, Mandatory: true, Encoding: "ZBuf", Value: ZBuf { slices: [[d5, 01, 92, 55, c4, f5, 99, 59, 61, 08, b7, cb, 89, 6f, a7, 6c, 21, ed, 7b, 9d, de, 5c, fe, f4, ab, a8, 86, 8f, 8c, 5a, a2, 79, d9, d3, a2, d4, 10]] } }
[2m2026-09-14T11:05:10.574541Z[0m [31mERROR[0m codec_extension ThreadId(12) [2mzenoh_codec::common::extension[0m[2m:[0m Unknown Test ext: ZExtUnknown { Id: 8, Mandatory: true, Encoding: "ZBuf", Value: ZBuf { slices: [[bb, a3, bf, 62, f6, 88, 3d, e7, 30, 3a, 19, d1, 0d, 2d, da, 46, 5b, 9f, bb, 10, eb, 99, e0, 77, 50, 63, 7e, 1e, 09, ee, c1, b6, 8f, 46, 39, 85, 04, 22, e8, 9d, 9c, 88]] } }
[2m2026-09-14T11:05:10.574556Z[0m [31mERROR[0m codec_extension ThreadId(12) [2mzenoh_codec::common::extension[0m[2m:[0m Unknown Test ext: ZExtUnknown { Id: 11, Mandatory: true, Encoding: "Z64", Value: 17396150405991446 }
[2m2026-09-14T11:05:10.574649Z[0m [31mERROR[0m codec_extension ThreadId(12) [2mzenoh_codec::common::extension[0m[2m:[0m Unknown Test ext: ZExtUnknown { Id: 15, Mandatory: true, Encoding: "ZBuf", Value: ZBuf { slices: [[b9, 6b, 99, 76, 74, cc, bc, e4, 0b, 10, 3e, 7a, e5, f2, fd, 8f, bb, cd, 2f, 91]] } }
[2m2026-09-14T11:05:10.574672Z[0m [31mERROR[0m codec_extension ThreadId(12) [2mzenoh_codec::common::extension[0m[2m:[0m Unknown Test ext: ZExtUnknown { Id: 5, Mandatory: true, Encoding: "Z64", Value: 66066621670960080 }
[2m2026-09-14T11:05:10.574680Z[0m [31mERROR[0m codec_extension ThreadId(12) [2mzenoh_codec::common::extension[0m[2m:[0m Unknown Test ext: ZExtUnknown { Id: 10, Mandatory: true, Encoding: "ZBuf", Value: ZBuf { slices: [[a4, 4f, db, f2, 4c, 24, 0c, 10, 51, bc, fe, 66, 6b, 1e, 10, 7e, fe, 15, 6f, b4, d5, 3e, 54]] } }
[2m2026-09-14T11:05:10.574703Z[0m [31mERROR[0m codec_extension ThreadId(12) [2mzenoh_codec::common::extension[0m[2m:[0m Unknown Test ext: ZExtUnknown { Id: 8, Mandatory: true, Encoding: "Unit" }
[2m2026-09-14T11:05:10.574727Z[0m [31mERROR[0m codec_extension ThreadId(12) [2mzenoh_codec::common::extension[0m[2m:[0m Unknown Test ext: ZExtUnknown { Id: 0, Mandatory: true, Encoding: "ZBuf", Value: ZBuf { slices: [[25, b9, 8b, a0, 8c, 0b, 10, ad, 0c, f3, 8d, 76, 10, 1e, fe, 9e, 5b, a7, 0a, e6, a3, 98, 99, a3, 2e, e7, 79, fa, a2, df, 7a, 10, 7a, 99, 23, 90, 50, 6a, 28, 08, b1, b7, 7b, 71, ff]] } }
[2m2026-09-14T11:05:10.574773Z[0m [31mERROR[0m codec_extension ThreadId(12) [2mzenoh_codec::common::extension[0m[2m:[0m Unknown Test ext: ZExtUnknown { Id: 11, Mandatory: true, Encoding: "Z64", Value: 1756240116113681220 }
[2m2026-09-14T11:05:10.574835Z[0m [31mERROR[0m codec_extension ThreadId(12) [2mzenoh_codec::common::extension[0m[2m:[0m Unknown Test ext: ZExtUnknown { Id: 0, Mandatory: true, Encoding: "Unit" }
[2m2026-09-14T11:05:10.574994Z[0m [31mERROR[0m codec_extension ThreadId(12) [2mzenoh_codec::common::extension[0m[2m:[0m Unknown Test ext: ZExtUnknown { Id: 11, Mandatory: true, Encoding: "Unit" }
[2m2026-09-14T11:05:10.575112Z[0m [31mERROR[0m codec_extension ThreadId(12) [2mzenoh_codec::common::extension[0m[2m:[0m Unknown Test ext: ZExtUnknown { Id: 10, Mandatory: true, Encoding: "ZBuf", Value: ZBuf { slices: [[f2, 8b, 4e, 79, 5f, 69, 20, eb, 2f, 79, 59, 92, d2, d9, 92, a4, a4, 0b, 2e, 27, d3, 3d, b7, 2f, 2a, b0, 5e, 6d, 5a, 23, f5, 24, 07, b8, 5b, 5e, 8d, 58, 04, 0a, 98, df, 8e, 3f, 5c, 4f, 93, 99, 5f, f2, 48, 78, 51, 79, 61, 21, c7, 8b, d9, 1a, 26, 5d, af, af]] } }
[2m2026-09-14T11:05:10.575128Z[0m [31mERROR[0m codec_extension ThreadId(12) [2mzenoh_codec::common::extension[0m[2m:[0m Unknown Test ext: ZExtUnknown { Id: 10, Mandatory: true, Encoding: "Unit" }
[2m2026-09-14T11:05:10.575176Z[0m [31mERROR[0m codec_extension ThreadId(12) [2mzenoh_codec::common::extension[0m[2m:[0m Unknown Test ext: ZExtUnknown { Id: 10, Mandatory: true, Encoding: "Z64", Value: 4325511951584674975 }
[2m2026-09-14T11:05:10.575188Z[0m [31mERROR[0m codec_extension ThreadId(12) [2mzenoh_codec::common::extension[0m[2m:[0m Unknown Test ext: ZExtUnknown { Id: 14, Mandatory: true, Encoding: "ZBuf", Value: ZBuf { slices: [[b4, ef, 84, 89, 6a, de, 95, 7c, 26, 86, 46, 21, a8, 41]] } }
[2m2026-09-14T11:05:10.575215Z[0m [31mERROR[0m codec_extension ThreadId(12) [2mzenoh_codec::common::extension[0m[2m:[0m Unknown Test ext: ZExtUnknown { Id: 2, Mandatory: true, Encoding: "ZBuf", Value: ZBuf { slices: [[53, 6f, f0, 6f, 4f, d0, f1, 47]] } }
[2m2026-09-14T11:05:10.575258Z[0m [31mERROR[0m codec_extension ThreadId(12) [2mzenoh_codec::common::extension[0m[2m:[0m Unknown Test ext: ZExtUnknown { Id: 5, Mandatory: true, Encoding: "ZBuf", Value: ZBuf { slices: [[ff, d0, 35, 23, ab, 4f, 85, 6f, 02, d8]] } }
[2m2026-09-14T11:05:10.575284Z[0m [31mERROR[0m codec_extension ThreadId(12) [2mzenoh_codec::common::extension[0m[2m:[0m Unknown Test ext: ZExtUnknown { Id: 10, Mandatory: true, Encoding: "ZBuf", Value: ZBuf { slices: [[e7, 92, 68, 06, f8, 82, 04, 8b, af, 16, 7a, 90, cf, f6, 86, a1, 74, 81, 45, ff, 4b, 42, 4b, d2, ae, ed, e4, 69, 96, 22, 88, fc, 22, 44, de, b9, 9e, c9, c9, 7a, 1f, 47]] } }
[2m2026-09-14T11:05:10.575345Z[0m [31mERROR[0m codec_extension ThreadId(12) [2mzenoh_codec::common::extension[0m[2m:[0m Unknown Test ext: ZExtUnknown { Id: 12, Mandatory: true, Encoding: "ZBuf", Value: ZBuf { slices: [[3a, a9, f9, 8a, 73, 89, f9, f9, 3f, 0e, e1, 43, e2, 99, 3a, 09, 45, ac, 13, 36, af, e1, 01, 90, fd, 08, 1f, 92, d4, 0e, d3, 31, 75, e6, 0b, f3, c5, 87, bc, c1, c6, 78, a6, 3c]] } }
[2m2026-09-14T11:05:10.575355Z[0m [31mERROR[0m codec_extension ThreadId(12) [2mzenoh_codec::common::extension[0m[2m:[0m Unknown Test ext: ZExtUnknown { Id: 8, Mandatory: true, Encoding: "Unit" }
[2m2026-09-14T11:05:10.575379Z[0m [31mERROR[0m codec_extension ThreadId(12) [2mzenoh_codec::common::extension[0m[2m:[0m Unknown Test ext: ZExtUnknown { Id: 0, Mandatory: true, Encoding: "Z64", Value: 13700741363323529852 }
[2m2026-09-14T11:05:10.575391Z[0m [31mERROR[0m codec_extension ThreadId(12) [2mzenoh_codec::common::extension[0m[2m:[0m Unknown Test ext: ZExtUnknown { Id: 10, Mandatory: true, Encoding: "Z64", Value: 17258243092552051475 }
[2m2026-09-14T11:05:10.575431Z[0m [31mERROR[0m codec_extension ThreadId(12) [2mzenoh_codec::common::extension[0m[2m:[0m Unknown Test ext: ZExtUnknown { Id: 5, Mandatory: true, Encoding: "Z64", Value: 17742780592149587442 }
[2m2026-09-14T11:05:10.575498Z[0m [31mERROR[0m codec_extension ThreadId(12) [2mzenoh_codec::common::extension[0m[2m:[0m Unknown Test ext: ZExtUnknown { Id: 6, Mandatory: true, Encoding: "ZBuf", Value: ZBuf { slices: [[6c, 24, 85, 5c, 5c, f5, 3e, ce, 97, 24, 76, 4e, 68, 26, 96, df, 7c, 71, b9, a4, 1b, 8e, 7f, b2, bd, 7e, da, 5b, c8, b9, a2, 0f, 0e, 9a, c4, 15, 6f, a8, a8, ec, d7, 6a, ea, 25, 68, 9b, 7f, 5a, 8d, e7, 74]] } }
[2m2026-09-14T11:05:10.575525Z[0m [31mERROR[0m codec_extension ThreadId(12) [2mzenoh_codec::common::extension[0m[2m:[0m Unknown Test ext: ZExtUnknown { Id: 1, Mandatory: true, Encoding: "ZBuf", Value: ZBuf { slices: [[02, 8b, 2e, 71, ef, d8, 30, 2f, 69, 1c, e6, ed, 5e]] } }
[2m2026-09-14T11:05:10.575582Z[0m [31mERROR[0m codec_extension ThreadId(12) [2mzenoh_codec::common::extension[0m[2m:[0m Unknown Test ext: ZExtUnknown { Id: 13, Mandatory: true, Encoding: "ZBuf", Value: ZBuf { slices: [[70, e2, 4d, 62, fd, 34, c6, 1f, ee, 59, 06, 0d, f2, 22, 88, e5, 31, 40, ca, 4c, c0, b6, dd, 8e, b9, 28, c7, bc, ce, 31, ec, 12, ef, 36, e5, 5d, b1, 21, 9b, 77, 8b, 29, d8, ec, 45, 9c, 03, bc, e5]] } }
[2m2026-09-14T11:05:10.575605Z[0m [31mERROR[0m codec_extension ThreadId(12) [2mzenoh_codec::common::extension[0m[2m:[0m Unknown Test ext: ZExtUnknown { Id: 8, Mandatory: true, Encoding: "Z64", Value: 17993981689909737949 }
[2m2026-09-14T11:05:10.575659Z[0m [31mERROR[0m codec_extension ThreadId(12) [2mzenoh_codec::common::extension[0m[2m:[0m Unknown Test ext: ZExtUnknown { Id: 0, Mandatory: true, Encoding: "ZBuf", Value: ZBuf { slices: [[55, 89, 90, 5e, 0d, 21, 21, 3f, 14, b3, f8, a1, 61, ad, 86, b4, ce, 3a, c7, af, 77, cc, 33, 74, b6, 98, 0f, bf, c1, 7b, b7, 04, 0e, 68, 70, dc, dc, 77, c3, c9, 1f, 74, 68, e4, 35, 7e, 20, 6c, 22]] } }
[2m2026-09-14T11:05:10.575672Z[0m [31mERROR[0m codec_extension ThreadId(12) [2mzenoh_codec::common::extension[0m[2m:[0m Unknown Test ext: ZExtUnknown { Id: 10, Mandatory: true, Encoding: "ZBuf", Value: ZBuf { slices: [[a7, b9, c3, 1c, 89, a4, a0, 5e, 06, ea, 93, f8, 4f, c2, 8c, 05, ee, be, bd, 79, d2]] } }
[2m2026-09-14T11:05:10.575697Z[0m [31mERROR[0m codec_extension ThreadId(12) [2mzenoh_codec::common::extension[0m[2m:[0m Unknown Test ext: ZExtUnknown { Id: 10, Mandatory: true, Encoding: "Z64", Value: 858717355262794810 }
[2m2026-09-14T11:05:10.575741Z[0m [31mERROR[0m codec_extension ThreadId(12) [2mzenoh_codec::common::extension[0m[2m:[0m Unknown Test ext: ZExtUnknown { Id: 7, Mandatory: true, Encoding: "Z64", Value: 787002149608582900 }
[2m2026-09-14T11:05:10.575769Z[0m [31mERROR[0m codec_extension ThreadId(12) [2mzenoh_codec::common::extension[0m[2m:[0m Unknown Test ext: ZExtUnknown { Id: 11, Mandatory: true, Encoding: "Unit" }
[2m2026-09-14T11:05:10.575814Z[0m [31mERROR[0m codec_extension ThreadId(12) [2mzenoh_codec::common::extension[0m[2m:[0m Unknown Test ext: ZExtUnknown { Id: 0, Mandatory: true, Encoding: "Unit" }
[2m2026-09-14T11:05:10.575845Z[0m [31mERROR[0m codec_extension ThreadId(12) [2mzenoh_codec::common::extension[0m[2m:[0m Unknown Test ext: ZExtUnknown { Id: 4, Mandatory: true, Encoding: "ZBuf", Value: ZBuf { slices: [[3c, f4, b7, 7c, 6a, fe, 66, cc, 1d, 59, be, 9c, f4]] } }
[2m2026-09-14T11:05:10.575854Z[0m [31mERROR[0m codec_extension ThreadId(12) [2mzenoh_codec::common::extension[0m[2m:[0m Unknown Test ext: ZExtUnknown { Id: 12, Mandatory: true, Encoding: "Unit" }
[2m2026-09-14T11:05:10.575922Z[0m [31mERROR[0m codec_extension ThreadId(12) [2mzenoh_codec::common::extension[0m[2m:[0m Unknown Test ext: ZExtUnknown { Id: 2, Mandatory: true, Encoding: "Z64", Value: 16930653530787299546 }
[2m2026-09-14T11:05:10.575989Z[0m [31mERROR[0m codec_extension ThreadId(12) [2mzenoh_codec::common::extension[0m[2m:[0m Unknown Test ext: ZExtUnknown { Id: 0, Mandatory: true, Encoding: "ZBuf", Value: ZBuf { slices: [[84, df, 64, 0a, b3, 90, fe, 4f, c7, 07, 18, 76, 83, 09, 55, ba, e0, b9, 0f, ca, e5, db, 8e, e0]] } }
[2m2026-09-14T11:05:10.576072Z[0m [31mERROR[0m codec_extension ThreadId(12) [2mzenoh_codec::common::extension[0m[2m:[0m Unknown Test ext: ZExtUnknown { Id: 7, Mandatory: true, Encoding: "Unit" }
[2m2026-09-14T11:05:10.576147Z[0m [31mERROR[0m codec_extension ThreadId(12) [2mzenoh_codec::common::extension[0m[2m:[0m Unknown Test ext: ZExtUnknown { Id: 7, Mandatory: true, Encoding: "Z64", Value: 15196416978480441873 }
[2m2026-09-14T11:05:10.576174Z[0m [31mERROR[0m codec_extension ThreadId(12) [2mzenoh_codec::common::extension[0m[2m:[0m Unknown Test ext: ZExtUnknown { Id: 1, Mandatory: true, Encoding: "ZBuf", Value: ZBuf { slices: [[b0, 0b, 9b, 1c, 83, 6d, 3b, c8, c8, e6, 08, 72, 24, f5, 16, 63, 19, f5, db, 00, 91, 71, 1f, 6e, fd]] } }
[2m2026-09-14T11:05:10.576220Z[0m [31mERROR[0m codec_extension ThreadId(12) [2mzenoh_codec::common::extension[0m[2m:[0m Unknown Test ext: ZExtUnknown { Id: 8, Mandatory: true, Encoding: "ZBuf", Value: ZBuf { slices: [[c6, 1a, 79, 6c, bd, 8a, ab, 7e, 62, c1, fa, 58, 06, c4, 27, 90, d7, f0, 2d, 28, b3, b0, 7a, e0]] } }
[2m2026-09-14T11:05:10.576245Z[0m [31mERROR[0m codec_extension ThreadId(12) [2mzenoh_codec::common::extension[0m[2m:[0m Unknown Test ext: ZExtUnknown { Id: 3, Mandatory: true, Encoding: "Unit" }
[2m2026-09-14T11:05:10.576318Z[0m [31mERROR[0m codec_extension ThreadId(12) [2mzenoh_codec::common::extension[0m[2m:[0m Unknown Test ext: ZExtUnknown { Id: 1, Mandatory: true, Encoding: "Z64", Value: 8513849396714882034 }
[2m2026-09-14T11:05:10.576361Z[0m [31mERROR[0m codec_extension ThreadId(12) [2mzenoh_codec::common::extension[0m[2m:[0m Unknown Test ext: ZExtUnknown { Id: 9, Mandatory: true, Encoding: "Z64", Value: 10575923536711032427 }
[2m2026-09-14T11:05:10.576394Z[0m [31mERROR[0m codec_extension ThreadId(12) [2mzenoh_codec::common::extension[0m[2m:[0m Unknown Test ext: ZExtUnknown { Id: 4, Mandatory: true, Encoding: "ZBuf", Value: ZBuf { slices: [[05, e0, 6f, 71, cc, 51, b2, c0, df, 1f, a2, 6c, 0e, d6, e8, cc, 6a, 17, 58, 73, c5, 5e, cd]] } }
[2m2026-09-14T11:05:10.576406Z[0m [31mERROR[0m codec_extension ThreadId(12) [2mzenoh_codec::common::extension[0m[2m:[0m Unknown Test ext: ZExtUnknown { Id: 2, Mandatory: true, Encoding: "Z64", Value: 8015981128012000944 }
[2m2026-09-14T11:05:10.576450Z[0m [31mERROR[0m codec_extension ThreadId(12) [2mzenoh_codec::common::extension[0m[2m:[0m Unknown Test ext: ZExtUnknown { Id: 9, Mandatory: true, Encoding: "Unit" }
[2m2026-09-14T11:05:10.576509Z[0m [31mERROR[0m codec_extension ThreadId(12) [2mzenoh_codec::common::extension[0m[2m:[0m Unknown Test ext: ZExtUnknown { Id: 7, Mandatory: true, Encoding: "Unit" }
[2m2026-09-14T11:05:10.576572Z[0m [31mERROR[0m codec_extension ThreadId(12) [2mzenoh_codec::common::extension[0m[2m:[0m Unknown Test ext: ZExtUnknown { Id: 5, Mandatory: true, Encoding: "Z64", Value: 10539500433038478904 }
[2m2026-09-14T11:05:10.576621Z[0m [31mERROR[0m codec_extension ThreadId(12) [2mzenoh_codec::common::extension[0m[2m:[0m Unknown Test ext: ZExtUnknown { Id: 9, Mandatory: true, Encoding: "ZBuf", Value: ZBuf { slices: [[af, e5, ad, 31, 75, 05, 0a, 29, 25, ff, e9, c6, 81, 31, 4b, 50, 68, 06, e1, a7, 7f, 3f, a6, 3d, 9b, 6e]] } }
[2m2026-09-14T11:05:10.576638Z[0m [31mERROR[0m codec_extension ThreadId(12) [2mzenoh_codec::common::extension[0m[2m:[0m Unknown Test ext: ZExtUnknown { Id: 14, Mandatory: true, Encoding: "Unit" }
[2m2026-09-14T11:05:10.576644Z[0m [31mERROR[0m codec_extension ThreadId(12) [2mzenoh_codec::common::extension[0m[2m:[0m Unknown Test ext: ZExtUnknown { Id: 14, Mandatory: true, Encoding: "ZBuf", Value: ZBuf { slices: [[d8, 02, d6, 7b, 74, 70, c2, 98, 94, 22, 72, 27]] } }
[2m2026-09-14T11:05:10.576686Z[0m [31mERROR[0m codec_extension ThreadId(12) [2mzenoh_codec::common::extension[0m[2m:[0m Unknown Test ext: ZExtUnknown { Id: 3, Mandatory: true, Encoding: "Unit" }
[2m2026-09-14T11:05:10.576725Z[0m [31mERROR[0m codec_extension ThreadId(12) [2mzenoh_codec::common::extension[0m[2m:[0m Unknown Test ext: ZExtUnknown { Id: 5, Mandatory: true, Encoding: "Z64", Value: 6201874645052442338 }
[2m2026-09-14T11:05:10.576731Z[0m [31mERROR[0m codec_extension ThreadId(12) [2mzenoh_codec::common::extension[0m[2m:[0m Unknown Test ext: ZExtUnknown { Id: 11, Mandatory: true, Encoding: "Z64", Value: 6730095386016329016 }
[2m2026-09-14T11:05:10.576768Z[0m [31mERROR[0m codec_extension ThreadId(12) [2mzenoh_codec::common::extension[0m[2m:[0m Unknown Test ext: ZExtUnknown { Id: 2, Mandatory: true, Encoding: "Unit" }
[2m2026-09-14T11:05:10.576947Z[0m [31mERROR[0m codec_extension ThreadId(12) [2mzenoh_codec::common::extension[0m[2m:[0m Unknown Test ext: ZExtUnknown { Id: 14, Mandatory: true, Encoding: "Z64", Value: 14528032238291371627 }
[2m2026-09-14T11:05:10.576981Z[0m [31mERROR[0m codec_extension ThreadId(12) [2mzenoh_codec::common::extension[0m[2m:[0m Unknown Test ext: ZExtUnknown { Id: 15, Mandatory: true, Encoding: "Unit" }
[2m2026-09-14T11:05:10.577008Z[0m [31mERROR[0m codec_extension ThreadId(12) [2mzenoh_codec::common::extension[0m[2m:[0m Unknown Test ext: ZExtUnknown { Id: 7, Mandatory: true, Encoding: "ZBuf", Value: ZBuf { slices: [[5a, f9, 27, d7, 01, 3f, cc, 19, 54, 96, 92, 57, 1a, ae, 5a, 87, 5b, 4c, 57]] } }
[2m2026-09-14T11:05:10.577049Z[0m [31mERROR[0m codec_extension ThreadId(12) [2mzenoh_codec::common::extension[0m[2m:[0m Unknown Test ext: ZExtUnknown { Id: 11, Mandatory: true, Encoding: "Unit" }
[2m2026-09-14T11:05:10.577090Z[0m [31mERROR[0m codec_extension ThreadId(12) [2mzenoh_codec::common::extension[0m[2m:[0m Unknown Test ext: ZExtUnknown { Id: 4, Mandatory: true, Encoding: "Unit" }
[2m2026-09-14T11:05:10.577128Z[0m [31mERROR[0m codec_extension ThreadId(12) [2mzenoh_codec::common::extension[0m[2m:[0m Unknown Test ext: ZExtUnknown { Id: 0, Mandatory: true, Encoding: "ZBuf", Value: ZBuf { slices: [[4c, 0e, 00, f9, 0b, 71, 19, 7d, 63, 4b, 8e, 8d, 5e, d6, 4b, 6e, eb, 76, f7, 73, 5d, a9, b2, d5, ae, 7c, 71, 77, e6, 55, 73, c1, 74]] } }
[2m2026-09-14T11:05:10.577142Z[0m [31mERROR[0m codec_extension ThreadId(12) [2mzenoh_codec::common::extension[0m[2m:[0m Unknown Test ext: ZExtUnknown { Id: 8, Mandatory: true, Encoding: "Unit" }
[2m2026-09-14T11:05:10.577164Z[0m [31mERROR[0m codec_extension ThreadId(12) [2mzenoh_codec::common::extension[0m[2m:[0m Unknown Test ext: ZExtUnknown { Id: 7, Mandatory: true, Encoding: "Z64", Value: 14646121314843649807 }
[2m2026-09-14T11:05:10.577207Z[0m [31mERROR[0m codec_extension ThreadId(12) [2mzenoh_codec::common::extension[0m[2m:[0m Unknown Test ext: ZExtUnknown { Id: 8, Mandatory: true, Encoding: "Unit" }
[2m2026-09-14T11:05:10.577231Z[0m [31mERROR[0m codec_extension ThreadId(12) [2mzenoh_codec::common::extension[0m[2m:[0m Unknown Test ext: ZExtUnknown { Id: 10, Mandatory: true, Encoding: "Z64", Value: 8302449797282776982 }
[2m2026-09-14T11:05:10.577306Z[0m [31mERROR[0m codec_extension ThreadId(12) [2mzenoh_codec::common::extension[0m[2m:[0m Unknown Test ext: ZExtUnknown { Id: 4, Mandatory: true, Encoding: "ZBuf", Value: ZBuf { slices: [[19, 7b, 86, 1a, 4d, 00, cb, 2c, b4, b7, d5, e6, 49, 47, 62, e1, 38, 4a, 65]] } }
[2m2026-09-14T11:05:10.577332Z[0m [31mERROR[0m codec_extension ThreadId(12) [2mzenoh_codec::common::extension[0m[2m:[0m Unknown Test ext: ZExtUnknown { Id: 14, Mandatory: true, Encoding: "ZBuf", Value: ZBuf { slices: [[56, 12, a9, 66, 43, b4, 61, bc, 58, db, 0a, 1a, db, df, 07, 4f, b8, a3, 93, 4c, ee, 7b, 94, a3, 46, 94, f8, ad, b6, 68, b7, cc, 2e, 8f, 59, 57, 40, 43, 51, a4, 3e, 43, 6a, be, 0c, b7, 41, d7, a6, b9, ff, 81, 8a]] } }
[2m2026-09-14T11:05:10.577378Z[0m [31mERROR[0m codec_extension ThreadId(12) [2mzenoh_codec::common::extension[0m[2m:[0m Unknown Test ext: ZExtUnknown { Id: 4, Mandatory: true, Encoding: "Z64", Value: 6598256538434446980 }
[2m2026-09-14T11:05:10.577604Z[0m [31mERROR[0m codec_extension ThreadId(12) [2mzenoh_codec::common::extension[0m[2m:[0m Unknown Test ext: ZExtUnknown { Id: 12, Mandatory: true, Encoding: "ZBuf", Value: ZBuf { slices: [[48, a8, ec, 2f, 88, eb, a4, 2c, b9, 9f, 8f, c0, 69, 7a, 46, 21, f2, a8, 13, c2, 53, 0b, c2, 60, 47, 73, e7, bf, 54, fb, 46, b8, 6f, b3, 91, 77, 75, 13, 4e, 6b, 85, 70, 39]] } }
[2m2026-09-14T11:05:10.577619Z[0m [31mERROR[0m codec_extension ThreadId(12) [2mzenoh_codec::common::extension[0m[2m:[0m Unknown Test ext: ZExtUnknown { Id: 12, Mandatory: true, Encoding: "ZBuf", Value: ZBuf { slices: [[aa, 4f, 22, 6e, cc, e4, 4f, dd, 84, af, 91, b3]] } }
[2m2026-09-14T11:05:10.577646Z[0m [31mERROR[0m codec_extension ThreadId(12) [2mzenoh_codec::common::extension[0m[2m:[0m Unknown Test ext: ZExtUnknown { Id: 1, Mandatory: true, Encoding: "ZBuf", Value: ZBuf { slices: [[8d, b2, 93, 62, e7, da, c3, 99, 3d, 92, 93, b7, ec, 55, 40, ba, 9a, be, 61, f1, a4, ad, 98, ae, 01, 9e, af, 11, 52, 71, 17, 93, 37, e3]] } }
[2m2026-09-14T11:05:10.577654Z[0m [31mERROR[0m codec_extension ThreadId(12) [2mzenoh_codec::common::extension[0m[2m:[0m Unknown Test ext: ZExtUnknown { Id: 0, Mandatory: true, Encoding: "Z64", Value: 5871619132922051635 }
[2m2026-09-14T11:05:10.577676Z[0m [31mERROR[0m codec_extension ThreadId(12) [2mzenoh_codec::common::extension[0m[2m:[0m Unknown Test ext: ZExtUnknown { Id: 11, Mandatory: true, Encoding: "ZBuf", Value: ZBuf { slices: [[38, 30, af, 09, 95, 47, 66, af, 84, 69, 45, 5d, a8, b4, 48, ef, b5, 6b, d2, 1b, bb, fe, 76, ce, 05, 16, e5, e3, 0d, da, 18, 3d, 19, 31, 71, 9a, df, 7d, 6a, b1, cf, 2a, 24, bd, f5, 9e, 09, 1e, 6a, 9c, fe, 7b, 5a, da, 18, 15, dd, c9, d2, 9c, 95, c2, a8]] } }
[2m2026-09-14T11:05:10.577783Z[0m [31mERROR[0m codec_extension ThreadId(12) [2mzenoh_codec::common::extension[0m[2m:[0m Unknown Test ext: ZExtUnknown { Id: 15, Mandatory: true, Encoding: "Unit" }
[2m2026-09-14T11:05:10.577806Z[0m [31mERROR[0m codec_extension ThreadId(12) [2mzenoh_codec::common::extension[0m[2m:[0m Unknown Test ext: ZExtUnknown { Id: 12, Mandatory: true, Encoding: "Unit" }
[2m2026-09-14T11:05:10.577812Z[0m [31mERROR[0m codec_extension ThreadId(12) [2mzenoh_codec::common::extension[0m[2m:[0m Unknown Test ext: ZExtUnknown { Id: 1, Mandatory: true, Encoding: "Unit" }
[2m2026-09-14T11:05:10.577835Z[0m [31mERROR[0m codec_extension ThreadId(12) [2mzenoh_codec::common::extension[0m[2m:[0m Unknown Test ext: ZExtUnknown { Id: 6, Mandatory: true, Encoding: "Z64", Value: 7073397525828171824 }
[2m2026-09-14T11:05:10.577910Z[0m [31mERROR[0m codec_extension ThreadId(12) [2mzenoh_codec::common::extension[0m[2m:[0m Unknown Test ext: ZExtUnknown { Id: 3, Mandatory: true, Encoding: "Unit" }
[2m2026-09-14T11:05:10.577956Z[0m [31mERROR[0m codec_extension ThreadId(12) [2mzenoh_codec::common::extension[0m[2m:[0m Unknown Test ext: ZExtUnknown { Id: 2, Mandatory: true, Encoding: "ZBuf", Value: ZBuf { slices: [[a0, 58, 25, 1a, 54, 94, 4e, 3a, 52, 17, fe, 6a, 9b, f0, 8d, 7f, d2, 7d, f8, 20, 67, 8c, 75, 2f, 80, 18, 74, f3, 40, 08, 86, 91, eb, ef, fa, a1, 10, 6e, a6, 65, c9, 4d, 48, 58, 50, e2, 65, 70, 61, c8, c8, 3c, aa, e5, 1d, 22, d3, 1c, 29, a3, 43, 30, 77]] } }
[2m2026-09-14T11:05:10.578078Z[0m [31mERROR[0m codec_extension ThreadId(12) [2mzenoh_codec::common::extension[0m[2m:[0m Unknown Test ext: ZExtUnknown { Id: 6, Mandatory: true, Encoding: "Z64", Value: 5730431038448325389 }
[2m2026-09-14T11:05:10.578111Z[0m [31mERROR[0m codec_extension ThreadId(12) [2mzenoh_codec::common::extension[0m[2m:[0m Unknown Test ext: ZExtUnknown { Id: 9, Mandatory: true, Encoding: "Unit" }
[2m2026-09-14T11:05:10.578161Z[0m [31mERROR[0m codec_extension ThreadId(12) [2mzenoh_codec::common::extension[0m[2m:[0m Unknown Test ext: ZExtUnknown { Id: 14, Mandatory: true, Encoding: "Z64", Value: 4741459953125628513 }
[2m2026-09-14T11:05:10.578211Z[0m [31mERROR[0m codec_extension ThreadId(12) [2mzenoh_codec::common::extension[0m[2m:[0m Unknown Test ext: ZExtUnknown { Id: 6, Mandatory: true, Encoding: "Z64", Value: 6649345710367603180 }
[2m2026-09-14T11:05:10.578222Z[0m [31mERROR[0m codec_extension ThreadId(12) [2mzenoh_codec::common::extension[0m[2m:[0m Unknown Test ext: ZExtUnknown { Id: 5, Mandatory: true, Encoding: "Z64", Value: 10888463444725558114 }
[2m2026-09-14T11:05:10.578326Z[0m [31mERROR[0m codec_extension ThreadId(12) [2mzenoh_codec::common::extension[0m[2m:[0m Unknown Test ext: ZExtUnknown { Id: 5, Mandatory: true, Encoding: "ZBuf", Value: ZBuf { slices: [[32, 7a, 13, 4d, f5, cf, 5a, 44, 58, bf, cc, 25, b4, 9e, 91, 88, 2c, 91, 2f, 87, ba, cf, 84, 21, 8d, 4f, a5, 5f, 55, 02, 90, 89]] } }
[2m2026-09-14T11:05:10.578385Z[0m [31mERROR[0m codec_extension ThreadId(12) [2mzenoh_codec::common::extension[0m[2m:[0m Unknown Test ext: ZExtUnknown { Id: 2, Mandatory: true, Encoding: "Unit" }
[2m2026-09-14T11:05:10.578410Z[0m [31mERROR[0m codec_extension ThreadId(12) [2mzenoh_codec::common::extension[0m[2m:[0m Unknown Test ext: ZExtUnknown { Id: 3, Mandatory: true, Encoding: "ZBuf", Value: ZBuf { slices: [[0a, 9a, c2, 76, 50, 4b, ad, f7, ed, ab, 6e, 71, 84, 81, a0, 29, a1, 22, e1, 9c, db, 39, ae, 14, 24, 25, bd]] } }
[2m2026-09-14T11:05:10.578446Z[0m [31mERROR[0m codec_extension ThreadId(12) [2mzenoh_codec::common::extension[0m[2m:[0m Unknown Test ext: ZExtUnknown { Id: 11, Mandatory: true, Encoding: "ZBuf", Value: ZBuf { slices: [[e4, 4c, 08, 45, 79, 93, dc, 34, 44, d8, 6e, d4, b0, b5, 0b, eb, b6]] } }
ok
test codec_fragment ... ok
test codec_fragment_header ... ok
test codec_frame ... ok
test codec_frame_header ... ok
test codec_hello ... ok
test codec_init_ack ... ok
test codec_init_syn ... ok
test codec_interest ... ok
test codec_join ... ok
test codec_keep_alive ... ok
test codec_locator ... ok
test codec_network ... ok
test codec_network_oam ... ok
test codec_open_ack ... ok
test codec_open_syn ... ok
test codec_push ... ok
test codec_put ... ok
test codec_query ... ok
test codec_reply ... ok
test codec_request ... ok
test codec_response ... ok
test codec_response_final ... ok
test codec_scout ... ok
test codec_scouting ... ok
test codec_string ... ok
test codec_string_bounded ... ok
test codec_timestamp ... ok
test codec_transport ... ok
test codec_transport_oam ... ok
test codec_undeclare_keyexpr ... ok
test codec_undeclare_queryable ... ok
test codec_undeclare_subscriber ... ok
test codec_undeclare_token ... ok
test codec_zbuf ... ok
test codec_zbuf_bounded ... ok
test codec_zid ... ok
test codec_zint ... ok
test codec_zint_bounded ... ok
test codec_zint_len ... ok
test codec_zslice ... ok
test codec_zslice_bounded ... ok
test zbuf_test ... ok

test result: ok. 53 passed; 0 failed; 0 ignored; 0 measured; 0 filtered out; finished in 1.28s

