FFFFFFFFFFFFFFFFFFFFFFFFFFFFFFFFFFFFFFFFFFFFFFFFFFFFFFFFFFFFFFFFFFFFFFFF [ 21%]
FFFFFFFFFFFFFFFFFFFFFFFFFFFFFFFFFFFFFFFFFFFFFFF......................... [ 43%]
........................................................................ [ 65%]
........................................................................ [ 86%]
............................................                             [100%]
=================================== FAILURES ===================================
_________________ test_composed_graph_preserves_real_behavior __________________
/Users/sheil/Development/sheil_research/reinforcement_learning/abundant-take-home/candidates/sqlite-utils-schema-plan/tests/test_schema_plan.py:73: in test_composed_graph_preserves_real_behavior
    ???
/Users/sheil/Development/sheil_research/reinforcement_learning/abundant-take-home/candidates/sqlite-utils-schema-plan/tests/test_schema_plan.py:16: in apply
    ???
E   AssertionError: Database.transform_schema is missing
E   assert False
E    +  where False = callable(None)
E    +    where None = getattr(<Database <sqlite3.Connection object at 0xffff8a205990>>, 'transform_schema', None)
______________ test_simultaneous_swaps_quoted_names_and_literals _______________
/Users/sheil/Development/sheil_research/reinforcement_learning/abundant-take-home/candidates/sqlite-utils-schema-plan/tests/test_schema_plan.py:114: in test_simultaneous_swaps_quoted_names_and_literals
    ???
/Users/sheil/Development/sheil_research/reinforcement_learning/abundant-take-home/candidates/sqlite-utils-schema-plan/tests/test_schema_plan.py:16: in apply
    ???
E   AssertionError: Database.transform_schema is missing
E   assert False
E    +  where False = callable(None)
E    +    where None = getattr(<Database <sqlite3.Connection object at 0xffff8a207880>>, 'transform_schema', None)
_______________ test_incoming_fk_and_trigger_on_unplanned_table ________________
/Users/sheil/Development/sheil_research/reinforcement_learning/abundant-take-home/candidates/sqlite-utils-schema-plan/tests/test_schema_plan.py:129: in test_incoming_fk_and_trigger_on_unplanned_table
    ???
/Users/sheil/Development/sheil_research/reinforcement_learning/abundant-take-home/candidates/sqlite-utils-schema-plan/tests/test_schema_plan.py:16: in apply
    ???
E   AssertionError: Database.transform_schema is missing
E   assert False
E    +  where False = callable(None)
E    +    where None = getattr(<Database <sqlite3.Connection object at 0xffff8a207970>>, 'transform_schema', None)
________________ test_cycle_composite_fk_and_actions_preserved _________________
/Users/sheil/Development/sheil_research/reinforcement_learning/abundant-take-home/candidates/sqlite-utils-schema-plan/tests/test_schema_plan.py:146: in test_cycle_composite_fk_and_actions_preserved
    ???
/Users/sheil/Development/sheil_research/reinforcement_learning/abundant-take-home/candidates/sqlite-utils-schema-plan/tests/test_schema_plan.py:16: in apply
    ???
E   AssertionError: Database.transform_schema is missing
E   assert False
E    +  where False = callable(None)
E    +    where None = getattr(<Database <sqlite3.Connection object at 0xffff8a0745e0>>, 'transform_schema', None)
_ test_hidden_rowids[v TEXT-INSERT INTO t(rowid,v) VALUES(-4,'x'),(42,'y')-expected0] _
/Users/sheil/Development/sheil_research/reinforcement_learning/abundant-take-home/candidates/sqlite-utils-schema-plan/tests/test_schema_plan.py:161: in test_hidden_rowids
    ???
/Users/sheil/Development/sheil_research/reinforcement_learning/abundant-take-home/candidates/sqlite-utils-schema-plan/tests/test_schema_plan.py:16: in apply
    ???
E   AssertionError: Database.transform_schema is missing
E   assert False
E    +  where False = callable(None)
E    +    where None = getattr(<Database <sqlite3.Connection object at 0xffff8a205a80>>, 'transform_schema', None)
_ test_hidden_rowids[rowid TEXT, v TEXT-INSERT INTO t(_rowid_,rowid,v) VALUES(61,'named','x')-expected1] _
/Users/sheil/Development/sheil_research/reinforcement_learning/abundant-take-home/candidates/sqlite-utils-schema-plan/tests/test_schema_plan.py:161: in test_hidden_rowids
    ???
/Users/sheil/Development/sheil_research/reinforcement_learning/abundant-take-home/candidates/sqlite-utils-schema-plan/tests/test_schema_plan.py:16: in apply
    ???
E   AssertionError: Database.transform_schema is missing
E   assert False
E    +  where False = callable(None)
E    +    where None = getattr(<Database <sqlite3.Connection object at 0xffff8a204b80>>, 'transform_schema', None)
_ test_hidden_rowids[id INTEGER PRIMARY KEY DESC, v TEXT-INSERT INTO t(rowid,id,v) VALUES(91,4,'x')-expected2] _
/Users/sheil/Development/sheil_research/reinforcement_learning/abundant-take-home/candidates/sqlite-utils-schema-plan/tests/test_schema_plan.py:161: in test_hidden_rowids
    ???
/Users/sheil/Development/sheil_research/reinforcement_learning/abundant-take-home/candidates/sqlite-utils-schema-plan/tests/test_schema_plan.py:16: in apply
    ???
E   AssertionError: Database.transform_schema is missing
E   assert False
E    +  where False = callable(None)
E    +    where None = getattr(<Database <sqlite3.Connection object at 0xffff8a0749a0>>, 'transform_schema', None)
_ test_hidden_rowids[x TEXT, y INTEGER, PRIMARY KEY(x,y)-INSERT INTO t(rowid,x,y) VALUES(122,'a',3)-expected3] _
/Users/sheil/Development/sheil_research/reinforcement_learning/abundant-take-home/candidates/sqlite-utils-schema-plan/tests/test_schema_plan.py:161: in test_hidden_rowids
    ???
/Users/sheil/Development/sheil_research/reinforcement_learning/abundant-take-home/candidates/sqlite-utils-schema-plan/tests/test_schema_plan.py:16: in apply
    ???
E   AssertionError: Database.transform_schema is missing
E   assert False
E    +  where False = callable(None)
E    +    where None = getattr(<Database <sqlite3.Connection object at 0xffff8a074f40>>, 'transform_schema', None)
___________ test_empty_autoincrement_highwater_and_unrelated_objects ___________
/Users/sheil/Development/sheil_research/reinforcement_learning/abundant-take-home/candidates/sqlite-utils-schema-plan/tests/test_schema_plan.py:171: in test_empty_autoincrement_highwater_and_unrelated_objects
    ???
/Users/sheil/Development/sheil_research/reinforcement_learning/abundant-take-home/candidates/sqlite-utils-schema-plan/tests/test_schema_plan.py:16: in apply
    ???
E   AssertionError: Database.transform_schema is missing
E   assert False
E    +  where False = callable(None)
E    +    where None = getattr(<Database <sqlite3.Connection object at 0xffff8a075300>>, 'transform_schema', None)
_______________ test_explicit_conversion[INTEGER-  +1.20e2 -120] _______________
/Users/sheil/Development/sheil_research/reinforcement_learning/abundant-take-home/candidates/sqlite-utils-schema-plan/tests/test_schema_plan.py:188: in test_explicit_conversion
    ???
/Users/sheil/Development/sheil_research/reinforcement_learning/abundant-take-home/candidates/sqlite-utils-schema-plan/tests/test_schema_plan.py:16: in apply
    ???
E   AssertionError: Database.transform_schema is missing
E   assert False
E    +  where False = callable(None)
E    +    where None = getattr(<Database <sqlite3.Connection object at 0xffff8a207b50>>, 'transform_schema', None)
___________________ test_explicit_conversion[integer--None] ____________________
/Users/sheil/Development/sheil_research/reinforcement_learning/abundant-take-home/candidates/sqlite-utils-schema-plan/tests/test_schema_plan.py:188: in test_explicit_conversion
    ???
/Users/sheil/Development/sheil_research/reinforcement_learning/abundant-take-home/candidates/sqlite-utils-schema-plan/tests/test_schema_plan.py:16: in apply
    ???
E   AssertionError: Database.transform_schema is missing
E   assert False
E    +  where False = callable(None)
E    +    where None = getattr(<Database <sqlite3.Connection object at 0xffff8a207970>>, 'transform_schema', None)
_________________ test_explicit_conversion[INTEGER- \t -None] __________________
/Users/sheil/Development/sheil_research/reinforcement_learning/abundant-take-home/candidates/sqlite-utils-schema-plan/tests/test_schema_plan.py:188: in test_explicit_conversion
    ???
/Users/sheil/Development/sheil_research/reinforcement_learning/abundant-take-home/candidates/sqlite-utils-schema-plan/tests/test_schema_plan.py:16: in apply
    ???
E   AssertionError: Database.transform_schema is missing
E   assert False
E    +  where False = callable(None)
E    +    where None = getattr(<Database <sqlite3.Connection object at 0xffff8a075030>>, 'transform_schema', None)
___________________ test_explicit_conversion[INTEGER--2--2] ____________________
/Users/sheil/Development/sheil_research/reinforcement_learning/abundant-take-home/candidates/sqlite-utils-schema-plan/tests/test_schema_plan.py:188: in test_explicit_conversion
    ???
/Users/sheil/Development/sheil_research/reinforcement_learning/abundant-take-home/candidates/sqlite-utils-schema-plan/tests/test_schema_plan.py:16: in apply
    ???
E   AssertionError: Database.transform_schema is missing
E   assert False
E    +  where False = callable(None)
E    +    where None = getattr(<Database <sqlite3.Connection object at 0xffff8a074a90>>, 'transform_schema', None)
___________________ test_explicit_conversion[INTEGER-3.0-3] ____________________
/Users/sheil/Development/sheil_research/reinforcement_learning/abundant-take-home/candidates/sqlite-utils-schema-plan/tests/test_schema_plan.py:188: in test_explicit_conversion
    ???
/Users/sheil/Development/sheil_research/reinforcement_learning/abundant-take-home/candidates/sqlite-utils-schema-plan/tests/test_schema_plan.py:16: in apply
    ???
E   AssertionError: Database.transform_schema is missing
E   assert False
E    +  where False = callable(None)
E    +    where None = getattr(<Database <sqlite3.Connection object at 0xffff8a205a80>>, 'transform_schema', None)
__ test_explicit_conversion[INTEGER-9223372036854775807-9223372036854775807] ___
/Users/sheil/Development/sheil_research/reinforcement_learning/abundant-take-home/candidates/sqlite-utils-schema-plan/tests/test_schema_plan.py:188: in test_explicit_conversion
    ???
/Users/sheil/Development/sheil_research/reinforcement_learning/abundant-take-home/candidates/sqlite-utils-schema-plan/tests/test_schema_plan.py:16: in apply
    ???
E   AssertionError: Database.transform_schema is missing
E   assert False
E    +  where False = callable(None)
E    +    where None = getattr(<Database <sqlite3.Connection object at 0xffff8a207880>>, 'transform_schema', None)
_ test_explicit_conversion[INTEGER--9223372036854775808--9223372036854775808] __
/Users/sheil/Development/sheil_research/reinforcement_learning/abundant-take-home/candidates/sqlite-utils-schema-plan/tests/test_schema_plan.py:188: in test_explicit_conversion
    ???
/Users/sheil/Development/sheil_research/reinforcement_learning/abundant-take-home/candidates/sqlite-utils-schema-plan/tests/test_schema_plan.py:16: in apply
    ???
E   AssertionError: Database.transform_schema is missing
E   assert False
E    +  where False = callable(None)
E    +    where None = getattr(<Database <sqlite3.Connection object at 0xffff8a0748b0>>, 'transform_schema', None)
________________ test_explicit_conversion[REAL- .125e+2 -12.5] _________________
/Users/sheil/Development/sheil_research/reinforcement_learning/abundant-take-home/candidates/sqlite-utils-schema-plan/tests/test_schema_plan.py:188: in test_explicit_conversion
    ???
/Users/sheil/Development/sheil_research/reinforcement_learning/abundant-take-home/candidates/sqlite-utils-schema-plan/tests/test_schema_plan.py:16: in apply
    ???
E   AssertionError: Database.transform_schema is missing
E   assert False
E    +  where False = callable(None)
E    +    where None = getattr(<Database <sqlite3.Connection object at 0xffff8a075210>>, 'transform_schema', None)
_____________________ test_explicit_conversion[REAL--None] _____________________
/Users/sheil/Development/sheil_research/reinforcement_learning/abundant-take-home/candidates/sqlite-utils-schema-plan/tests/test_schema_plan.py:188: in test_explicit_conversion
    ???
/Users/sheil/Development/sheil_research/reinforcement_learning/abundant-take-home/candidates/sqlite-utils-schema-plan/tests/test_schema_plan.py:16: in apply
    ???
E   AssertionError: Database.transform_schema is missing
E   assert False
E    +  where False = callable(None)
E    +    where None = getattr(<Database <sqlite3.Connection object at 0xffff8a204b80>>, 'transform_schema', None)
_____________________ test_explicit_conversion[REAL-2-2.0] _____________________
/Users/sheil/Development/sheil_research/reinforcement_learning/abundant-take-home/candidates/sqlite-utils-schema-plan/tests/test_schema_plan.py:188: in test_explicit_conversion
    ???
/Users/sheil/Development/sheil_research/reinforcement_learning/abundant-take-home/candidates/sqlite-utils-schema-plan/tests/test_schema_plan.py:16: in apply
    ???
E   AssertionError: Database.transform_schema is missing
E   assert False
E    +  where False = callable(None)
E    +    where None = getattr(<Database <sqlite3.Connection object at 0xffff8a207970>>, 'transform_schema', None)
___________________ test_explicit_conversion[REAL-2.75-2.75] ___________________
/Users/sheil/Development/sheil_research/reinforcement_learning/abundant-take-home/candidates/sqlite-utils-schema-plan/tests/test_schema_plan.py:188: in test_explicit_conversion
    ???
/Users/sheil/Development/sheil_research/reinforcement_learning/abundant-take-home/candidates/sqlite-utils-schema-plan/tests/test_schema_plan.py:16: in apply
    ???
E   AssertionError: Database.transform_schema is missing
E   assert False
E    +  where False = callable(None)
E    +    where None = getattr(<Database <sqlite3.Connection object at 0xffff8a074e50>>, 'transform_schema', None)
______________ test_explicit_conversion[TEXT-caf\xc3\xa9-caf\xe9] ______________
/Users/sheil/Development/sheil_research/reinforcement_learning/abundant-take-home/candidates/sqlite-utils-schema-plan/tests/test_schema_plan.py:188: in test_explicit_conversion
    ???
/Users/sheil/Development/sheil_research/reinforcement_learning/abundant-take-home/candidates/sqlite-utils-schema-plan/tests/test_schema_plan.py:16: in apply
    ???
E   AssertionError: Database.transform_schema is missing
E   assert False
E    +  where False = callable(None)
E    +    where None = getattr(<Database <sqlite3.Connection object at 0xffff8a0755d0>>, 'transform_schema', None)
_____________________ test_explicit_conversion[TEXT-12-12] _____________________
/Users/sheil/Development/sheil_research/reinforcement_learning/abundant-take-home/candidates/sqlite-utils-schema-plan/tests/test_schema_plan.py:188: in test_explicit_conversion
    ???
/Users/sheil/Development/sheil_research/reinforcement_learning/abundant-take-home/candidates/sqlite-utils-schema-plan/tests/test_schema_plan.py:16: in apply
    ???
E   AssertionError: Database.transform_schema is missing
E   assert False
E    +  where False = callable(None)
E    +    where None = getattr(<Database <sqlite3.Connection object at 0xffff8a207a60>>, 'transform_schema', None)
____________________ test_explicit_conversion[TEXT-1.5-1.5] ____________________
/Users/sheil/Development/sheil_research/reinforcement_learning/abundant-take-home/candidates/sqlite-utils-schema-plan/tests/test_schema_plan.py:188: in test_explicit_conversion
    ???
/Users/sheil/Development/sheil_research/reinforcement_learning/abundant-take-home/candidates/sqlite-utils-schema-plan/tests/test_schema_plan.py:16: in apply
    ???
E   AssertionError: Database.transform_schema is missing
E   assert False
E    +  where False = callable(None)
E    +    where None = getattr(<Database <sqlite3.Connection object at 0xffff8a2058a0>>, 'transform_schema', None)
___________________ test_explicit_conversion[TEXT-NULL-NULL] ___________________
/Users/sheil/Development/sheil_research/reinforcement_learning/abundant-take-home/candidates/sqlite-utils-schema-plan/tests/test_schema_plan.py:188: in test_explicit_conversion
    ???
/Users/sheil/Development/sheil_research/reinforcement_learning/abundant-take-home/candidates/sqlite-utils-schema-plan/tests/test_schema_plan.py:16: in apply
    ???
E   AssertionError: Database.transform_schema is missing
E   assert False
E    +  where False = callable(None)
E    +    where None = getattr(<Database <sqlite3.Connection object at 0xffff8a0748b0>>, 'transform_schema', None)
______________ test_explicit_conversion[BLOB-caf\xe9-caf\xc3\xa9] ______________
/Users/sheil/Development/sheil_research/reinforcement_learning/abundant-take-home/candidates/sqlite-utils-schema-plan/tests/test_schema_plan.py:188: in test_explicit_conversion
    ???
/Users/sheil/Development/sheil_research/reinforcement_learning/abundant-take-home/candidates/sqlite-utils-schema-plan/tests/test_schema_plan.py:16: in apply
    ???
E   AssertionError: Database.transform_schema is missing
E   assert False
E    +  where False = callable(None)
E    +    where None = getattr(<Database <sqlite3.Connection object at 0xffff8a075990>>, 'transform_schema', None)
_______________ test_explicit_conversion[BLOB-\x00\xff-\x00\xff] _______________
/Users/sheil/Development/sheil_research/reinforcement_learning/abundant-take-home/candidates/sqlite-utils-schema-plan/tests/test_schema_plan.py:188: in test_explicit_conversion
    ???
/Users/sheil/Development/sheil_research/reinforcement_learning/abundant-take-home/candidates/sqlite-utils-schema-plan/tests/test_schema_plan.py:16: in apply
    ???
E   AssertionError: Database.transform_schema is missing
E   assert False
E    +  where False = callable(None)
E    +    where None = getattr(<Database <sqlite3.Connection object at 0xffff8a207880>>, 'transform_schema', None)
_________________ test_explicit_conversion[INTEGER-None-None] __________________
/Users/sheil/Development/sheil_research/reinforcement_learning/abundant-take-home/candidates/sqlite-utils-schema-plan/tests/test_schema_plan.py:188: in test_explicit_conversion
    ???
/Users/sheil/Development/sheil_research/reinforcement_learning/abundant-take-home/candidates/sqlite-utils-schema-plan/tests/test_schema_plan.py:16: in apply
    ???
E   AssertionError: Database.transform_schema is missing
E   assert False
E    +  where False = callable(None)
E    +    where None = getattr(<Database <sqlite3.Connection object at 0xffff8a205a80>>, 'transform_schema', None)
___________________ test_explicit_conversion[REAL-None-None] ___________________
/Users/sheil/Development/sheil_research/reinforcement_learning/abundant-take-home/candidates/sqlite-utils-schema-plan/tests/test_schema_plan.py:188: in test_explicit_conversion
    ???
/Users/sheil/Development/sheil_research/reinforcement_learning/abundant-take-home/candidates/sqlite-utils-schema-plan/tests/test_schema_plan.py:16: in apply
    ???
E   AssertionError: Database.transform_schema is missing
E   assert False
E    +  where False = callable(None)
E    +    where None = getattr(<Database <sqlite3.Connection object at 0xffff8a074e50>>, 'transform_schema', None)
___________________ test_explicit_conversion[TEXT-None-None] ___________________
/Users/sheil/Development/sheil_research/reinforcement_learning/abundant-take-home/candidates/sqlite-utils-schema-plan/tests/test_schema_plan.py:188: in test_explicit_conversion
    ???
/Users/sheil/Development/sheil_research/reinforcement_learning/abundant-take-home/candidates/sqlite-utils-schema-plan/tests/test_schema_plan.py:16: in apply
    ???
E   AssertionError: Database.transform_schema is missing
E   assert False
E    +  where False = callable(None)
E    +    where None = getattr(<Database <sqlite3.Connection object at 0xffff8a075d50>>, 'transform_schema', None)
___________________ test_explicit_conversion[BLOB-None-None] ___________________
/Users/sheil/Development/sheil_research/reinforcement_learning/abundant-take-home/candidates/sqlite-utils-schema-plan/tests/test_schema_plan.py:188: in test_explicit_conversion
    ???
/Users/sheil/Development/sheil_research/reinforcement_learning/abundant-take-home/candidates/sqlite-utils-schema-plan/tests/test_schema_plan.py:16: in apply
    ???
E   AssertionError: Database.transform_schema is missing
E   assert False
E    +  where False = callable(None)
E    +    where None = getattr(<Database <sqlite3.Connection object at 0xffff8a207970>>, 'transform_schema', None)
_________ test_conversion_failure_rolls_back_prior_table[INTEGER-3.2] __________
/Users/sheil/Development/sheil_research/reinforcement_learning/abundant-take-home/candidates/sqlite-utils-schema-plan/tests/test_schema_plan.py:202: in test_conversion_failure_rolls_back_prior_table
    ???
/Users/sheil/Development/sheil_research/reinforcement_learning/abundant-take-home/candidates/sqlite-utils-schema-plan/tests/test_schema_plan.py:31: in error_unchanged
    ???
/Users/sheil/Development/sheil_research/reinforcement_learning/abundant-take-home/candidates/sqlite-utils-schema-plan/tests/test_schema_plan.py:16: in apply
    ???
E   AssertionError: Database.transform_schema is missing
E   assert False
E    +  where False = callable(None)
E    +    where None = getattr(<Database <sqlite3.Connection object at 0xffff8a204b80>>, 'transform_schema', None)
_________ test_conversion_failure_rolls_back_prior_table[INTEGER-1e99] _________
/Users/sheil/Development/sheil_research/reinforcement_learning/abundant-take-home/candidates/sqlite-utils-schema-plan/tests/test_schema_plan.py:202: in test_conversion_failure_rolls_back_prior_table
    ???
/Users/sheil/Development/sheil_research/reinforcement_learning/abundant-take-home/candidates/sqlite-utils-schema-plan/tests/test_schema_plan.py:31: in error_unchanged
    ???
/Users/sheil/Development/sheil_research/reinforcement_learning/abundant-take-home/candidates/sqlite-utils-schema-plan/tests/test_schema_plan.py:16: in apply
    ???
E   AssertionError: Database.transform_schema is missing
E   assert False
E    +  where False = callable(None)
E    +    where None = getattr(<Database <sqlite3.Connection object at 0xffff8a0748b0>>, 'transform_schema', None)
_ test_conversion_failure_rolls_back_prior_table[INTEGER-9223372036854775808] __
/Users/sheil/Development/sheil_research/reinforcement_learning/abundant-take-home/candidates/sqlite-utils-schema-plan/tests/test_schema_plan.py:202: in test_conversion_failure_rolls_back_prior_table
    ???
/Users/sheil/Development/sheil_research/reinforcement_learning/abundant-take-home/candidates/sqlite-utils-schema-plan/tests/test_schema_plan.py:31: in error_unchanged
    ???
/Users/sheil/Development/sheil_research/reinforcement_learning/abundant-take-home/candidates/sqlite-utils-schema-plan/tests/test_schema_plan.py:16: in apply
    ???
E   AssertionError: Database.transform_schema is missing
E   assert False
E    +  where False = callable(None)
E    +    where None = getattr(<Database <sqlite3.Connection object at 0xffff8a076110>>, 'transform_schema', None)
__________ test_conversion_failure_rolls_back_prior_table[INTEGER-12] __________
/Users/sheil/Development/sheil_research/reinforcement_learning/abundant-take-home/candidates/sqlite-utils-schema-plan/tests/test_schema_plan.py:202: in test_conversion_failure_rolls_back_prior_table
    ???
/Users/sheil/Development/sheil_research/reinforcement_learning/abundant-take-home/candidates/sqlite-utils-schema-plan/tests/test_schema_plan.py:31: in error_unchanged
    ???
/Users/sheil/Development/sheil_research/reinforcement_learning/abundant-take-home/candidates/sqlite-utils-schema-plan/tests/test_schema_plan.py:16: in apply
    ???
E   AssertionError: Database.transform_schema is missing
E   assert False
E    +  where False = callable(None)
E    +    where None = getattr(<Database <sqlite3.Connection object at 0xffff8a2058a0>>, 'transform_schema', None)
_________ test_conversion_failure_rolls_back_prior_table[INTEGER-0x10] _________
/Users/sheil/Development/sheil_research/reinforcement_learning/abundant-take-home/candidates/sqlite-utils-schema-plan/tests/test_schema_plan.py:202: in test_conversion_failure_rolls_back_prior_table
    ???
/Users/sheil/Development/sheil_research/reinforcement_learning/abundant-take-home/candidates/sqlite-utils-schema-plan/tests/test_schema_plan.py:31: in error_unchanged
    ???
/Users/sheil/Development/sheil_research/reinforcement_learning/abundant-take-home/candidates/sqlite-utils-schema-plan/tests/test_schema_plan.py:16: in apply
    ???
E   AssertionError: Database.transform_schema is missing
E   assert False
E    +  where False = callable(None)
E    +    where None = getattr(<Database <sqlite3.Connection object at 0xffff8a207a60>>, 'transform_schema', None)
________ test_conversion_failure_rolls_back_prior_table[INTEGER-1_000] _________
/Users/sheil/Development/sheil_research/reinforcement_learning/abundant-take-home/candidates/sqlite-utils-schema-plan/tests/test_schema_plan.py:202: in test_conversion_failure_rolls_back_prior_table
    ???
/Users/sheil/Development/sheil_research/reinforcement_learning/abundant-take-home/candidates/sqlite-utils-schema-plan/tests/test_schema_plan.py:31: in error_unchanged
    ???
/Users/sheil/Development/sheil_research/reinforcement_learning/abundant-take-home/candidates/sqlite-utils-schema-plan/tests/test_schema_plan.py:16: in apply
    ???
E   AssertionError: Database.transform_schema is missing
E   assert False
E    +  where False = callable(None)
E    +    where None = getattr(<Database <sqlite3.Connection object at 0xffff8a074e50>>, 'transform_schema', None)
_________ test_conversion_failure_rolls_back_prior_table[INTEGER-NaN] __________
/Users/sheil/Development/sheil_research/reinforcement_learning/abundant-take-home/candidates/sqlite-utils-schema-plan/tests/test_schema_plan.py:202: in test_conversion_failure_rolls_back_prior_table
    ???
/Users/sheil/Development/sheil_research/reinforcement_learning/abundant-take-home/candidates/sqlite-utils-schema-plan/tests/test_schema_plan.py:31: in error_unchanged
    ???
/Users/sheil/Development/sheil_research/reinforcement_learning/abundant-take-home/candidates/sqlite-utils-schema-plan/tests/test_schema_plan.py:16: in apply
    ???
E   AssertionError: Database.transform_schema is missing
E   assert False
E    +  where False = callable(None)
E    +    where None = getattr(<Database <sqlite3.Connection object at 0xffff8a0764d0>>, 'transform_schema', None)
_________ test_conversion_failure_rolls_back_prior_table[INTEGER-inf] __________
/Users/sheil/Development/sheil_research/reinforcement_learning/abundant-take-home/candidates/sqlite-utils-schema-plan/tests/test_schema_plan.py:202: in test_conversion_failure_rolls_back_prior_table
    ???
/Users/sheil/Development/sheil_research/reinforcement_learning/abundant-take-home/candidates/sqlite-utils-schema-plan/tests/test_schema_plan.py:31: in error_unchanged
    ???
/Users/sheil/Development/sheil_research/reinforcement_learning/abundant-take-home/candidates/sqlite-utils-schema-plan/tests/test_schema_plan.py:16: in apply
    ???
E   AssertionError: Database.transform_schema is missing
E   assert False
E    +  where False = callable(None)
E    +    where None = getattr(<Database <sqlite3.Connection object at 0xffff8a207970>>, 'transform_schema', None)
_________ test_conversion_failure_rolls_back_prior_table[INTEGER-1.25] _________
/Users/sheil/Development/sheil_research/reinforcement_learning/abundant-take-home/candidates/sqlite-utils-schema-plan/tests/test_schema_plan.py:202: in test_conversion_failure_rolls_back_prior_table
    ???
/Users/sheil/Development/sheil_research/reinforcement_learning/abundant-take-home/candidates/sqlite-utils-schema-plan/tests/test_schema_plan.py:31: in error_unchanged
    ???
/Users/sheil/Development/sheil_research/reinforcement_learning/abundant-take-home/candidates/sqlite-utils-schema-plan/tests/test_schema_plan.py:16: in apply
    ???
E   AssertionError: Database.transform_schema is missing
E   assert False
E    +  where False = callable(None)
E    +    where None = getattr(<Database <sqlite3.Connection object at 0xffff8a207880>>, 'transform_schema', None)
___________ test_conversion_failure_rolls_back_prior_table[REAL-NaN] ___________
/Users/sheil/Development/sheil_research/reinforcement_learning/abundant-take-home/candidates/sqlite-utils-schema-plan/tests/test_schema_plan.py:202: in test_conversion_failure_rolls_back_prior_table
    ???
/Users/sheil/Development/sheil_research/reinforcement_learning/abundant-take-home/candidates/sqlite-utils-schema-plan/tests/test_schema_plan.py:31: in error_unchanged
    ???
/Users/sheil/Development/sheil_research/reinforcement_learning/abundant-take-home/candidates/sqlite-utils-schema-plan/tests/test_schema_plan.py:16: in apply
    ???
E   AssertionError: Database.transform_schema is missing
E   assert False
E    +  where False = callable(None)
E    +    where None = getattr(<Database <sqlite3.Connection object at 0xffff8a0766b0>>, 'transform_schema', None)
________ test_conversion_failure_rolls_back_prior_table[REAL-Infinity] _________
/Users/sheil/Development/sheil_research/reinforcement_learning/abundant-take-home/candidates/sqlite-utils-schema-plan/tests/test_schema_plan.py:202: in test_conversion_failure_rolls_back_prior_table
    ???
/Users/sheil/Development/sheil_research/reinforcement_learning/abundant-take-home/candidates/sqlite-utils-schema-plan/tests/test_schema_plan.py:31: in error_unchanged
    ???
/Users/sheil/Development/sheil_research/reinforcement_learning/abundant-take-home/candidates/sqlite-utils-schema-plan/tests/test_schema_plan.py:16: in apply
    ???
E   AssertionError: Database.transform_schema is missing
E   assert False
E    +  where False = callable(None)
E    +    where None = getattr(<Database <sqlite3.Connection object at 0xffff8a076890>>, 'transform_schema', None)
__________ test_conversion_failure_rolls_back_prior_table[REAL-1e999] __________
/Users/sheil/Development/sheil_research/reinforcement_learning/abundant-take-home/candidates/sqlite-utils-schema-plan/tests/test_schema_plan.py:202: in test_conversion_failure_rolls_back_prior_table
    ???
/Users/sheil/Development/sheil_research/reinforcement_learning/abundant-take-home/candidates/sqlite-utils-schema-plan/tests/test_schema_plan.py:31: in error_unchanged
    ???
/Users/sheil/Development/sheil_research/reinforcement_learning/abundant-take-home/candidates/sqlite-utils-schema-plan/tests/test_schema_plan.py:16: in apply
    ???
E   AssertionError: Database.transform_schema is missing
E   assert False
E    +  where False = callable(None)
E    +    where None = getattr(<Database <sqlite3.Connection object at 0xffff8a207b50>>, 'transform_schema', None)
___________ test_conversion_failure_rolls_back_prior_table[REAL-12] ____________
/Users/sheil/Development/sheil_research/reinforcement_learning/abundant-take-home/candidates/sqlite-utils-schema-plan/tests/test_schema_plan.py:202: in test_conversion_failure_rolls_back_prior_table
    ???
/Users/sheil/Development/sheil_research/reinforcement_learning/abundant-take-home/candidates/sqlite-utils-schema-plan/tests/test_schema_plan.py:31: in error_unchanged
    ???
/Users/sheil/Development/sheil_research/reinforcement_learning/abundant-take-home/candidates/sqlite-utils-schema-plan/tests/test_schema_plan.py:16: in apply
    ???
E   AssertionError: Database.transform_schema is missing
E   assert False
E    +  where False = callable(None)
E    +    where None = getattr(<Database <sqlite3.Connection object at 0xffff8a205a80>>, 'transform_schema', None)
______ test_conversion_failure_rolls_back_prior_table[REAL-\uff11\uff12] _______
/Users/sheil/Development/sheil_research/reinforcement_learning/abundant-take-home/candidates/sqlite-utils-schema-plan/tests/test_schema_plan.py:202: in test_conversion_failure_rolls_back_prior_table
    ???
/Users/sheil/Development/sheil_research/reinforcement_learning/abundant-take-home/candidates/sqlite-utils-schema-plan/tests/test_schema_plan.py:31: in error_unchanged
    ???
/Users/sheil/Development/sheil_research/reinforcement_learning/abundant-take-home/candidates/sqlite-utils-schema-plan/tests/test_schema_plan.py:16: in apply
    ???
E   AssertionError: Database.transform_schema is missing
E   assert False
E    +  where False = callable(None)
E    +    where None = getattr(<Database <sqlite3.Connection object at 0xffff8a076a70>>, 'transform_schema', None)
__________ test_conversion_failure_rolls_back_prior_table[TEXT-\xff] ___________
/Users/sheil/Development/sheil_research/reinforcement_learning/abundant-take-home/candidates/sqlite-utils-schema-plan/tests/test_schema_plan.py:202: in test_conversion_failure_rolls_back_prior_table
    ???
/Users/sheil/Development/sheil_research/reinforcement_learning/abundant-take-home/candidates/sqlite-utils-schema-plan/tests/test_schema_plan.py:31: in error_unchanged
    ???
/Users/sheil/Development/sheil_research/reinforcement_learning/abundant-take-home/candidates/sqlite-utils-schema-plan/tests/test_schema_plan.py:16: in apply
    ???
E   AssertionError: Database.transform_schema is missing
E   assert False
E    +  where False = callable(None)
E    +    where None = getattr(<Database <sqlite3.Connection object at 0xffff8a076c50>>, 'transform_schema', None)
___________ test_conversion_failure_rolls_back_prior_table[BLOB-12] ____________
/Users/sheil/Development/sheil_research/reinforcement_learning/abundant-take-home/candidates/sqlite-utils-schema-plan/tests/test_schema_plan.py:202: in test_conversion_failure_rolls_back_prior_table
    ???
/Users/sheil/Development/sheil_research/reinforcement_learning/abundant-take-home/candidates/sqlite-utils-schema-plan/tests/test_schema_plan.py:31: in error_unchanged
    ???
/Users/sheil/Development/sheil_research/reinforcement_learning/abundant-take-home/candidates/sqlite-utils-schema-plan/tests/test_schema_plan.py:16: in apply
    ???
E   AssertionError: Database.transform_schema is missing
E   assert False
E    +  where False = callable(None)
E    +    where None = getattr(<Database <sqlite3.Connection object at 0xffff8a207a60>>, 'transform_schema', None)
___________ test_conversion_failure_rolls_back_prior_table[BLOB-1.2] ___________
/Users/sheil/Development/sheil_research/reinforcement_learning/abundant-take-home/candidates/sqlite-utils-schema-plan/tests/test_schema_plan.py:202: in test_conversion_failure_rolls_back_prior_table
    ???
/Users/sheil/Development/sheil_research/reinforcement_learning/abundant-take-home/candidates/sqlite-utils-schema-plan/tests/test_schema_plan.py:31: in error_unchanged
    ???
/Users/sheil/Development/sheil_research/reinforcement_learning/abundant-take-home/candidates/sqlite-utils-schema-plan/tests/test_schema_plan.py:16: in apply
    ???
E   AssertionError: Database.transform_schema is missing
E   assert False
E    +  where False = callable(None)
E    +    where None = getattr(<Database <sqlite3.Connection object at 0xffff8a2058a0>>, 'transform_schema', None)
____________________ test_default_values_are_literals[NULL] ____________________
/Users/sheil/Development/sheil_research/reinforcement_learning/abundant-take-home/candidates/sqlite-utils-schema-plan/tests/test_schema_plan.py:208: in test_default_values_are_literals
    ???
/Users/sheil/Development/sheil_research/reinforcement_learning/abundant-take-home/candidates/sqlite-utils-schema-plan/tests/test_schema_plan.py:16: in apply
    ???
E   AssertionError: Database.transform_schema is missing
E   assert False
E    +  where False = callable(None)
E    +    where None = getattr(<Database <sqlite3.Connection object at 0xffff8a076e30>>, 'transform_schema', None)
____________________ test_default_values_are_literals[TRUE] ____________________
/Users/sheil/Development/sheil_research/reinforcement_learning/abundant-take-home/candidates/sqlite-utils-schema-plan/tests/test_schema_plan.py:208: in test_default_values_are_literals
    ???
/Users/sheil/Development/sheil_research/reinforcement_learning/abundant-take-home/candidates/sqlite-utils-schema-plan/tests/test_schema_plan.py:16: in apply
    ???
E   AssertionError: Database.transform_schema is missing
E   assert False
E    +  where False = callable(None)
E    +    where None = getattr(<Database <sqlite3.Connection object at 0xffff8a077010>>, 'transform_schema', None)
_____________ test_default_values_are_literals[CURRENT_TIMESTAMP] ______________
/Users/sheil/Development/sheil_research/reinforcement_learning/abundant-take-home/candidates/sqlite-utils-schema-plan/tests/test_schema_plan.py:208: in test_default_values_are_literals
    ???
/Users/sheil/Development/sheil_research/reinforcement_learning/abundant-take-home/candidates/sqlite-utils-schema-plan/tests/test_schema_plan.py:16: in apply
    ???
E   AssertionError: Database.transform_schema is missing
E   assert False
E    +  where False = callable(None)
E    +    where None = getattr(<Database <sqlite3.Connection object at 0xffff8a205990>>, 'transform_schema', None)
__________________ test_default_values_are_literals['quoted'] __________________
/Users/sheil/Development/sheil_research/reinforcement_learning/abundant-take-home/candidates/sqlite-utils-schema-plan/tests/test_schema_plan.py:208: in test_default_values_are_literals
    ???
/Users/sheil/Development/sheil_research/reinforcement_learning/abundant-take-home/candidates/sqlite-utils-schema-plan/tests/test_schema_plan.py:16: in apply
    ???
E   AssertionError: Database.transform_schema is missing
E   assert False
E    +  where False = callable(None)
E    +    where None = getattr(<Database <sqlite3.Connection object at 0xffff8a2058a0>>, 'transform_schema', None)
__________________ test_default_values_are_literals[foo(bar)] __________________
/Users/sheil/Development/sheil_research/reinforcement_learning/abundant-take-home/candidates/sqlite-utils-schema-plan/tests/test_schema_plan.py:208: in test_default_values_are_literals
    ???
/Users/sheil/Development/sheil_research/reinforcement_learning/abundant-take-home/candidates/sqlite-utils-schema-plan/tests/test_schema_plan.py:16: in apply
    ???
E   AssertionError: Database.transform_schema is missing
E   assert False
E    +  where False = callable(None)
E    +    where None = getattr(<Database <sqlite3.Connection object at 0xffff8a9663e0>>, 'transform_schema', None)
____________________ test_default_values_are_literals[a"b] _____________________
/Users/sheil/Development/sheil_research/reinforcement_learning/abundant-take-home/candidates/sqlite-utils-schema-plan/tests/test_schema_plan.py:208: in test_default_values_are_literals
    ???
/Users/sheil/Development/sheil_research/reinforcement_learning/abundant-take-home/candidates/sqlite-utils-schema-plan/tests/test_schema_plan.py:16: in apply
    ???
E   AssertionError: Database.transform_schema is missing
E   assert False
E    +  where False = callable(None)
E    +    where None = getattr(<Database <sqlite3.Connection object at 0xffff8a076e30>>, 'transform_schema', None)
___________________ test_default_values_are_literals[a\x00b] ___________________
/Users/sheil/Development/sheil_research/reinforcement_learning/abundant-take-home/candidates/sqlite-utils-schema-plan/tests/test_schema_plan.py:208: in test_default_values_are_literals
    ???
/Users/sheil/Development/sheil_research/reinforcement_learning/abundant-take-home/candidates/sqlite-utils-schema-plan/tests/test_schema_plan.py:16: in apply
    ???
E   AssertionError: Database.transform_schema is missing
E   assert False
E    +  where False = callable(None)
E    +    where None = getattr(<Database <sqlite3.Connection object at 0xffff8a077790>>, 'transform_schema', None)
_____________________ test_default_values_are_literals[12] _____________________
/Users/sheil/Development/sheil_research/reinforcement_learning/abundant-take-home/candidates/sqlite-utils-schema-plan/tests/test_schema_plan.py:208: in test_default_values_are_literals
    ???
/Users/sheil/Development/sheil_research/reinforcement_learning/abundant-take-home/candidates/sqlite-utils-schema-plan/tests/test_schema_plan.py:16: in apply
    ???
E   AssertionError: Database.transform_schema is missing
E   assert False
E    +  where False = callable(None)
E    +    where None = getattr(<Database <sqlite3.Connection object at 0xffff8a207a60>>, 'transform_schema', None)
____________________ test_default_values_are_literals[2.5] _____________________
/Users/sheil/Development/sheil_research/reinforcement_learning/abundant-take-home/candidates/sqlite-utils-schema-plan/tests/test_schema_plan.py:208: in test_default_values_are_literals
    ???
/Users/sheil/Development/sheil_research/reinforcement_learning/abundant-take-home/candidates/sqlite-utils-schema-plan/tests/test_schema_plan.py:16: in apply
    ???
E   AssertionError: Database.transform_schema is missing
E   assert False
E    +  where False = callable(None)
E    +    where None = getattr(<Database <sqlite3.Connection object at 0xffff8a2058a0>>, 'transform_schema', None)
____________________ test_default_values_are_literals[True] ____________________
/Users/sheil/Development/sheil_research/reinforcement_learning/abundant-take-home/candidates/sqlite-utils-schema-plan/tests/test_schema_plan.py:208: in test_default_values_are_literals
    ???
/Users/sheil/Development/sheil_research/reinforcement_learning/abundant-take-home/candidates/sqlite-utils-schema-plan/tests/test_schema_plan.py:16: in apply
    ???
E   AssertionError: Database.transform_schema is missing
E   assert False
E    +  where False = callable(None)
E    +    where None = getattr(<Database <sqlite3.Connection object at 0xffff8a076f20>>, 'transform_schema', None)
___________________ test_default_values_are_literals[False] ____________________
/Users/sheil/Development/sheil_research/reinforcement_learning/abundant-take-home/candidates/sqlite-utils-schema-plan/tests/test_schema_plan.py:208: in test_default_values_are_literals
    ???
/Users/sheil/Development/sheil_research/reinforcement_learning/abundant-take-home/candidates/sqlite-utils-schema-plan/tests/test_schema_plan.py:16: in apply
    ???
E   AssertionError: Database.transform_schema is missing
E   assert False
E    +  where False = callable(None)
E    +    where None = getattr(<Database <sqlite3.Connection object at 0xffff8a0772e0>>, 'transform_schema', None)
__________ test_original_defaults_collations_and_constraint_policies ___________
/Users/sheil/Development/sheil_research/reinforcement_learning/abundant-take-home/candidates/sqlite-utils-schema-plan/tests/test_schema_plan.py:223: in test_original_defaults_collations_and_constraint_policies
    ???
/Users/sheil/Development/sheil_research/reinforcement_learning/abundant-take-home/candidates/sqlite-utils-schema-plan/tests/test_schema_plan.py:16: in apply
    ???
E   AssertionError: Database.transform_schema is missing
E   assert False
E    +  where False = callable(None)
E    +    where None = getattr(<Database <sqlite3.Connection object at 0xffff8a076b60>>, 'transform_schema', None)
_____________________ test_plan_validation_is_atomic[bad0] _____________________
/Users/sheil/Development/sheil_research/reinforcement_learning/abundant-take-home/candidates/sqlite-utils-schema-plan/tests/test_schema_plan.py:244: in test_plan_validation_is_atomic
    ???
/Users/sheil/Development/sheil_research/reinforcement_learning/abundant-take-home/candidates/sqlite-utils-schema-plan/tests/test_schema_plan.py:31: in error_unchanged
    ???
/Users/sheil/Development/sheil_research/reinforcement_learning/abundant-take-home/candidates/sqlite-utils-schema-plan/tests/test_schema_plan.py:16: in apply
    ???
E   AssertionError: Database.transform_schema is missing
E   assert False
E    +  where False = callable(None)
E    +    where None = getattr(<Database <sqlite3.Connection object at 0xffff8a207880>>, 'transform_schema', None)
_____________________ test_plan_validation_is_atomic[bad1] _____________________
/Users/sheil/Development/sheil_research/reinforcement_learning/abundant-take-home/candidates/sqlite-utils-schema-plan/tests/test_schema_plan.py:244: in test_plan_validation_is_atomic
    ???
/Users/sheil/Development/sheil_research/reinforcement_learning/abundant-take-home/candidates/sqlite-utils-schema-plan/tests/test_schema_plan.py:31: in error_unchanged
    ???
/Users/sheil/Development/sheil_research/reinforcement_learning/abundant-take-home/candidates/sqlite-utils-schema-plan/tests/test_schema_plan.py:16: in apply
    ???
E   AssertionError: Database.transform_schema is missing
E   assert False
E    +  where False = callable(None)
E    +    where None = getattr(<Database <sqlite3.Connection object at 0xffff8a207a60>>, 'transform_schema', None)
_____________________ test_plan_validation_is_atomic[bad2] _____________________
/Users/sheil/Development/sheil_research/reinforcement_learning/abundant-take-home/candidates/sqlite-utils-schema-plan/tests/test_schema_plan.py:244: in test_plan_validation_is_atomic
    ???
/Users/sheil/Development/sheil_research/reinforcement_learning/abundant-take-home/candidates/sqlite-utils-schema-plan/tests/test_schema_plan.py:31: in error_unchanged
    ???
/Users/sheil/Development/sheil_research/reinforcement_learning/abundant-take-home/candidates/sqlite-utils-schema-plan/tests/test_schema_plan.py:16: in apply
    ???
E   AssertionError: Database.transform_schema is missing
E   assert False
E    +  where False = callable(None)
E    +    where None = getattr(<Database <sqlite3.Connection object at 0xffff8a077010>>, 'transform_schema', None)
_____________________ test_plan_validation_is_atomic[bad3] _____________________
/Users/sheil/Development/sheil_research/reinforcement_learning/abundant-take-home/candidates/sqlite-utils-schema-plan/tests/test_schema_plan.py:244: in test_plan_validation_is_atomic
    ???
/Users/sheil/Development/sheil_research/reinforcement_learning/abundant-take-home/candidates/sqlite-utils-schema-plan/tests/test_schema_plan.py:31: in error_unchanged
    ???
/Users/sheil/Development/sheil_research/reinforcement_learning/abundant-take-home/candidates/sqlite-utils-schema-plan/tests/test_schema_plan.py:16: in apply
    ???
E   AssertionError: Database.transform_schema is missing
E   assert False
E    +  where False = callable(None)
E    +    where None = getattr(<Database <sqlite3.Connection object at 0xffff8a076f20>>, 'transform_schema', None)
_____________________ test_plan_validation_is_atomic[bad4] _____________________
/Users/sheil/Development/sheil_research/reinforcement_learning/abundant-take-home/candidates/sqlite-utils-schema-plan/tests/test_schema_plan.py:244: in test_plan_validation_is_atomic
    ???
/Users/sheil/Development/sheil_research/reinforcement_learning/abundant-take-home/candidates/sqlite-utils-schema-plan/tests/test_schema_plan.py:31: in error_unchanged
    ???
/Users/sheil/Development/sheil_research/reinforcement_learning/abundant-take-home/candidates/sqlite-utils-schema-plan/tests/test_schema_plan.py:16: in apply
    ???
E   AssertionError: Database.transform_schema is missing
E   assert False
E    +  where False = callable(None)
E    +    where None = getattr(<Database <sqlite3.Connection object at 0xffff8a207970>>, 'transform_schema', None)
_____________________ test_plan_validation_is_atomic[bad5] _____________________
/Users/sheil/Development/sheil_research/reinforcement_learning/abundant-take-home/candidates/sqlite-utils-schema-plan/tests/test_schema_plan.py:244: in test_plan_validation_is_atomic
    ???
/Users/sheil/Development/sheil_research/reinforcement_learning/abundant-take-home/candidates/sqlite-utils-schema-plan/tests/test_schema_plan.py:31: in error_unchanged
    ???
/Users/sheil/Development/sheil_research/reinforcement_learning/abundant-take-home/candidates/sqlite-utils-schema-plan/tests/test_schema_plan.py:16: in apply
    ???
E   AssertionError: Database.transform_schema is missing
E   assert False
E    +  where False = callable(None)
E    +    where None = getattr(<Database <sqlite3.Connection object at 0xffff8a2058a0>>, 'transform_schema', None)
_____________________ test_plan_validation_is_atomic[bad6] _____________________
/Users/sheil/Development/sheil_research/reinforcement_learning/abundant-take-home/candidates/sqlite-utils-schema-plan/tests/test_schema_plan.py:244: in test_plan_validation_is_atomic
    ???
/Users/sheil/Development/sheil_research/reinforcement_learning/abundant-take-home/candidates/sqlite-utils-schema-plan/tests/test_schema_plan.py:31: in error_unchanged
    ???
/Users/sheil/Development/sheil_research/reinforcement_learning/abundant-take-home/candidates/sqlite-utils-schema-plan/tests/test_schema_plan.py:16: in apply
    ???
E   AssertionError: Database.transform_schema is missing
E   assert False
E    +  where False = callable(None)
E    +    where None = getattr(<Database <sqlite3.Connection object at 0xffff8a076c50>>, 'transform_schema', None)
_____________________ test_plan_validation_is_atomic[bad7] _____________________
/Users/sheil/Development/sheil_research/reinforcement_learning/abundant-take-home/candidates/sqlite-utils-schema-plan/tests/test_schema_plan.py:244: in test_plan_validation_is_atomic
    ???
/Users/sheil/Development/sheil_research/reinforcement_learning/abundant-take-home/candidates/sqlite-utils-schema-plan/tests/test_schema_plan.py:31: in error_unchanged
    ???
/Users/sheil/Development/sheil_research/reinforcement_learning/abundant-take-home/candidates/sqlite-utils-schema-plan/tests/test_schema_plan.py:16: in apply
    ???
E   AssertionError: Database.transform_schema is missing
E   assert False
E    +  where False = callable(None)
E    +    where None = getattr(<Database <sqlite3.Connection object at 0xffff8a077010>>, 'transform_schema', None)
_____________________ test_plan_validation_is_atomic[bad8] _____________________
/Users/sheil/Development/sheil_research/reinforcement_learning/abundant-take-home/candidates/sqlite-utils-schema-plan/tests/test_schema_plan.py:244: in test_plan_validation_is_atomic
    ???
/Users/sheil/Development/sheil_research/reinforcement_learning/abundant-take-home/candidates/sqlite-utils-schema-plan/tests/test_schema_plan.py:31: in error_unchanged
    ???
/Users/sheil/Development/sheil_research/reinforcement_learning/abundant-take-home/candidates/sqlite-utils-schema-plan/tests/test_schema_plan.py:16: in apply
    ???
E   AssertionError: Database.transform_schema is missing
E   assert False
E    +  where False = callable(None)
E    +    where None = getattr(<Database <sqlite3.Connection object at 0xffff8a205990>>, 'transform_schema', None)
_____________________ test_plan_validation_is_atomic[bad9] _____________________
/Users/sheil/Development/sheil_research/reinforcement_learning/abundant-take-home/candidates/sqlite-utils-schema-plan/tests/test_schema_plan.py:244: in test_plan_validation_is_atomic
    ???
/Users/sheil/Development/sheil_research/reinforcement_learning/abundant-take-home/candidates/sqlite-utils-schema-plan/tests/test_schema_plan.py:31: in error_unchanged
    ???
/Users/sheil/Development/sheil_research/reinforcement_learning/abundant-take-home/candidates/sqlite-utils-schema-plan/tests/test_schema_plan.py:16: in apply
    ???
E   AssertionError: Database.transform_schema is missing
E   assert False
E    +  where False = callable(None)
E    +    where None = getattr(<Database <sqlite3.Connection object at 0xffff8a2058a0>>, 'transform_schema', None)
____________________ test_plan_validation_is_atomic[bad10] _____________________
/Users/sheil/Development/sheil_research/reinforcement_learning/abundant-take-home/candidates/sqlite-utils-schema-plan/tests/test_schema_plan.py:244: in test_plan_validation_is_atomic
    ???
/Users/sheil/Development/sheil_research/reinforcement_learning/abundant-take-home/candidates/sqlite-utils-schema-plan/tests/test_schema_plan.py:31: in error_unchanged
    ???
/Users/sheil/Development/sheil_research/reinforcement_learning/abundant-take-home/candidates/sqlite-utils-schema-plan/tests/test_schema_plan.py:16: in apply
    ???
E   AssertionError: Database.transform_schema is missing
E   assert False
E    +  where False = callable(None)
E    +    where None = getattr(<Database <sqlite3.Connection object at 0xffff8a9663e0>>, 'transform_schema', None)
____________________ test_plan_validation_is_atomic[bad11] _____________________
/Users/sheil/Development/sheil_research/reinforcement_learning/abundant-take-home/candidates/sqlite-utils-schema-plan/tests/test_schema_plan.py:244: in test_plan_validation_is_atomic
    ???
/Users/sheil/Development/sheil_research/reinforcement_learning/abundant-take-home/candidates/sqlite-utils-schema-plan/tests/test_schema_plan.py:31: in error_unchanged
    ???
/Users/sheil/Development/sheil_research/reinforcement_learning/abundant-take-home/candidates/sqlite-utils-schema-plan/tests/test_schema_plan.py:16: in apply
    ???
E   AssertionError: Database.transform_schema is missing
E   assert False
E    +  where False = callable(None)
E    +    where None = getattr(<Database <sqlite3.Connection object at 0xffff8a076c50>>, 'transform_schema', None)
____________________ test_plan_validation_is_atomic[bad12] _____________________
/Users/sheil/Development/sheil_research/reinforcement_learning/abundant-take-home/candidates/sqlite-utils-schema-plan/tests/test_schema_plan.py:244: in test_plan_validation_is_atomic
    ???
/Users/sheil/Development/sheil_research/reinforcement_learning/abundant-take-home/candidates/sqlite-utils-schema-plan/tests/test_schema_plan.py:31: in error_unchanged
    ???
/Users/sheil/Development/sheil_research/reinforcement_learning/abundant-take-home/candidates/sqlite-utils-schema-plan/tests/test_schema_plan.py:16: in apply
    ???
E   AssertionError: Database.transform_schema is missing
E   assert False
E    +  where False = callable(None)
E    +    where None = getattr(<Database <sqlite3.Connection object at 0xffff8a9665c0>>, 'transform_schema', None)
____________________ test_plan_validation_is_atomic[bad13] _____________________
/Users/sheil/Development/sheil_research/reinforcement_learning/abundant-take-home/candidates/sqlite-utils-schema-plan/tests/test_schema_plan.py:244: in test_plan_validation_is_atomic
    ???
/Users/sheil/Development/sheil_research/reinforcement_learning/abundant-take-home/candidates/sqlite-utils-schema-plan/tests/test_schema_plan.py:31: in error_unchanged
    ???
/Users/sheil/Development/sheil_research/reinforcement_learning/abundant-take-home/candidates/sqlite-utils-schema-plan/tests/test_schema_plan.py:16: in apply
    ???
E   AssertionError: Database.transform_schema is missing
E   assert False
E    +  where False = callable(None)
E    +    where None = getattr(<Database <sqlite3.Connection object at 0xffff8a207880>>, 'transform_schema', None)
____________________ test_plan_validation_is_atomic[bad14] _____________________
/Users/sheil/Development/sheil_research/reinforcement_learning/abundant-take-home/candidates/sqlite-utils-schema-plan/tests/test_schema_plan.py:244: in test_plan_validation_is_atomic
    ???
/Users/sheil/Development/sheil_research/reinforcement_learning/abundant-take-home/candidates/sqlite-utils-schema-plan/tests/test_schema_plan.py:31: in error_unchanged
    ???
/Users/sheil/Development/sheil_research/reinforcement_learning/abundant-take-home/candidates/sqlite-utils-schema-plan/tests/test_schema_plan.py:16: in apply
    ???
E   AssertionError: Database.transform_schema is missing
E   assert False
E    +  where False = callable(None)
E    +    where None = getattr(<Database <sqlite3.Connection object at 0xffff8a207b50>>, 'transform_schema', None)
____________________ test_plan_validation_is_atomic[bad15] _____________________
/Users/sheil/Development/sheil_research/reinforcement_learning/abundant-take-home/candidates/sqlite-utils-schema-plan/tests/test_schema_plan.py:244: in test_plan_validation_is_atomic
    ???
/Users/sheil/Development/sheil_research/reinforcement_learning/abundant-take-home/candidates/sqlite-utils-schema-plan/tests/test_schema_plan.py:31: in error_unchanged
    ???
/Users/sheil/Development/sheil_research/reinforcement_learning/abundant-take-home/candidates/sqlite-utils-schema-plan/tests/test_schema_plan.py:16: in apply
    ???
E   AssertionError: Database.transform_schema is missing
E   assert False
E    +  where False = callable(None)
E    +    where None = getattr(<Database <sqlite3.Connection object at 0xffff8a076d40>>, 'transform_schema', None)
____________________ test_plan_validation_is_atomic[bad16] _____________________
/Users/sheil/Development/sheil_research/reinforcement_learning/abundant-take-home/candidates/sqlite-utils-schema-plan/tests/test_schema_plan.py:244: in test_plan_validation_is_atomic
    ???
/Users/sheil/Development/sheil_research/reinforcement_learning/abundant-take-home/candidates/sqlite-utils-schema-plan/tests/test_schema_plan.py:31: in error_unchanged
    ???
/Users/sheil/Development/sheil_research/reinforcement_learning/abundant-take-home/candidates/sqlite-utils-schema-plan/tests/test_schema_plan.py:16: in apply
    ???
E   AssertionError: Database.transform_schema is missing
E   assert False
E    +  where False = callable(None)
E    +    where None = getattr(<Database <sqlite3.Connection object at 0xffff8a0762f0>>, 'transform_schema', None)
____________________ test_plan_validation_is_atomic[bad17] _____________________
/Users/sheil/Development/sheil_research/reinforcement_learning/abundant-take-home/candidates/sqlite-utils-schema-plan/tests/test_schema_plan.py:244: in test_plan_validation_is_atomic
    ???
/Users/sheil/Development/sheil_research/reinforcement_learning/abundant-take-home/candidates/sqlite-utils-schema-plan/tests/test_schema_plan.py:31: in error_unchanged
    ???
/Users/sheil/Development/sheil_research/reinforcement_learning/abundant-take-home/candidates/sqlite-utils-schema-plan/tests/test_schema_plan.py:16: in apply
    ???
E   AssertionError: Database.transform_schema is missing
E   assert False
E    +  where False = callable(None)
E    +    where None = getattr(<Database <sqlite3.Connection object at 0xffff8a2058a0>>, 'transform_schema', None)
____________________ test_plan_validation_is_atomic[bad18] _____________________
/Users/sheil/Development/sheil_research/reinforcement_learning/abundant-take-home/candidates/sqlite-utils-schema-plan/tests/test_schema_plan.py:244: in test_plan_validation_is_atomic
    ???
/Users/sheil/Development/sheil_research/reinforcement_learning/abundant-take-home/candidates/sqlite-utils-schema-plan/tests/test_schema_plan.py:31: in error_unchanged
    ???
/Users/sheil/Development/sheil_research/reinforcement_learning/abundant-take-home/candidates/sqlite-utils-schema-plan/tests/test_schema_plan.py:16: in apply
    ???
E   AssertionError: Database.transform_schema is missing
E   assert False
E    +  where False = callable(None)
E    +    where None = getattr(<Database <sqlite3.Connection object at 0xffff8a207970>>, 'transform_schema', None)
____________________ test_plan_validation_is_atomic[bad19] _____________________
/Users/sheil/Development/sheil_research/reinforcement_learning/abundant-take-home/candidates/sqlite-utils-schema-plan/tests/test_schema_plan.py:244: in test_plan_validation_is_atomic
    ???
/Users/sheil/Development/sheil_research/reinforcement_learning/abundant-take-home/candidates/sqlite-utils-schema-plan/tests/test_schema_plan.py:31: in error_unchanged
    ???
/Users/sheil/Development/sheil_research/reinforcement_learning/abundant-take-home/candidates/sqlite-utils-schema-plan/tests/test_schema_plan.py:16: in apply
    ???
E   AssertionError: Database.transform_schema is missing
E   assert False
E    +  where False = callable(None)
E    +    where None = getattr(<Database <sqlite3.Connection object at 0xffff8a0771f0>>, 'transform_schema', None)
____________________ test_plan_validation_is_atomic[bad20] _____________________
/Users/sheil/Development/sheil_research/reinforcement_learning/abundant-take-home/candidates/sqlite-utils-schema-plan/tests/test_schema_plan.py:244: in test_plan_validation_is_atomic
    ???
/Users/sheil/Development/sheil_research/reinforcement_learning/abundant-take-home/candidates/sqlite-utils-schema-plan/tests/test_schema_plan.py:31: in error_unchanged
    ???
/Users/sheil/Development/sheil_research/reinforcement_learning/abundant-take-home/candidates/sqlite-utils-schema-plan/tests/test_schema_plan.py:16: in apply
    ???
E   AssertionError: Database.transform_schema is missing
E   assert False
E    +  where False = callable(None)
E    +    where None = getattr(<Database <sqlite3.Connection object at 0xffff8a074e50>>, 'transform_schema', None)
____________________ test_plan_validation_is_atomic[bad21] _____________________
/Users/sheil/Development/sheil_research/reinforcement_learning/abundant-take-home/candidates/sqlite-utils-schema-plan/tests/test_schema_plan.py:244: in test_plan_validation_is_atomic
    ???
/Users/sheil/Development/sheil_research/reinforcement_learning/abundant-take-home/candidates/sqlite-utils-schema-plan/tests/test_schema_plan.py:31: in error_unchanged
    ???
/Users/sheil/Development/sheil_research/reinforcement_learning/abundant-take-home/candidates/sqlite-utils-schema-plan/tests/test_schema_plan.py:16: in apply
    ???
E   AssertionError: Database.transform_schema is missing
E   assert False
E    +  where False = callable(None)
E    +    where None = getattr(<Database <sqlite3.Connection object at 0xffff8a207880>>, 'transform_schema', None)
____________________ test_plan_validation_is_atomic[bad22] _____________________
/Users/sheil/Development/sheil_research/reinforcement_learning/abundant-take-home/candidates/sqlite-utils-schema-plan/tests/test_schema_plan.py:244: in test_plan_validation_is_atomic
    ???
/Users/sheil/Development/sheil_research/reinforcement_learning/abundant-take-home/candidates/sqlite-utils-schema-plan/tests/test_schema_plan.py:31: in error_unchanged
    ???
/Users/sheil/Development/sheil_research/reinforcement_learning/abundant-take-home/candidates/sqlite-utils-schema-plan/tests/test_schema_plan.py:16: in apply
    ???
E   AssertionError: Database.transform_schema is missing
E   assert False
E    +  where False = callable(None)
E    +    where None = getattr(<Database <sqlite3.Connection object at 0xffff8a207a60>>, 'transform_schema', None)
____________________ test_plan_validation_is_atomic[bad23] _____________________
/Users/sheil/Development/sheil_research/reinforcement_learning/abundant-take-home/candidates/sqlite-utils-schema-plan/tests/test_schema_plan.py:244: in test_plan_validation_is_atomic
    ???
/Users/sheil/Development/sheil_research/reinforcement_learning/abundant-take-home/candidates/sqlite-utils-schema-plan/tests/test_schema_plan.py:31: in error_unchanged
    ???
/Users/sheil/Development/sheil_research/reinforcement_learning/abundant-take-home/candidates/sqlite-utils-schema-plan/tests/test_schema_plan.py:16: in apply
    ???
E   AssertionError: Database.transform_schema is missing
E   assert False
E    +  where False = callable(None)
E    +    where None = getattr(<Database <sqlite3.Connection object at 0xffff8a076020>>, 'transform_schema', None)
_ test_unsupported_selected_schema_rejected[CREATE TABLE t(k INTEGER PRIMARY KEY) WITHOUT ROWID] _
/Users/sheil/Development/sheil_research/reinforcement_learning/abundant-take-home/candidates/sqlite-utils-schema-plan/tests/test_schema_plan.py:254: in test_unsupported_selected_schema_rejected
    ???
/Users/sheil/Development/sheil_research/reinforcement_learning/abundant-take-home/candidates/sqlite-utils-schema-plan/tests/test_schema_plan.py:31: in error_unchanged
    ???
/Users/sheil/Development/sheil_research/reinforcement_learning/abundant-take-home/candidates/sqlite-utils-schema-plan/tests/test_schema_plan.py:16: in apply
    ???
E   AssertionError: Database.transform_schema is missing
E   assert False
E    +  where False = callable(None)
E    +    where None = getattr(<Database <sqlite3.Connection object at 0xffff8a0771f0>>, 'transform_schema', None)
_ test_unsupported_selected_schema_rejected[CREATE TABLE t(x INTEGER, y INTEGER GENERATED ALWAYS AS(x+1))] _
/Users/sheil/Development/sheil_research/reinforcement_learning/abundant-take-home/candidates/sqlite-utils-schema-plan/tests/test_schema_plan.py:254: in test_unsupported_selected_schema_rejected
    ???
/Users/sheil/Development/sheil_research/reinforcement_learning/abundant-take-home/candidates/sqlite-utils-schema-plan/tests/test_schema_plan.py:31: in error_unchanged
    ???
/Users/sheil/Development/sheil_research/reinforcement_learning/abundant-take-home/candidates/sqlite-utils-schema-plan/tests/test_schema_plan.py:16: in apply
    ???
E   AssertionError: Database.transform_schema is missing
E   assert False
E    +  where False = callable(None)
E    +    where None = getattr(<Database <sqlite3.Connection object at 0xffff8a205a80>>, 'transform_schema', None)
_ test_unsupported_selected_schema_rejected[CREATE TABLE t(rowid TEXT,_rowid_ TEXT,oid TEXT)] _
/Users/sheil/Development/sheil_research/reinforcement_learning/abundant-take-home/candidates/sqlite-utils-schema-plan/tests/test_schema_plan.py:254: in test_unsupported_selected_schema_rejected
    ???
/Users/sheil/Development/sheil_research/reinforcement_learning/abundant-take-home/candidates/sqlite-utils-schema-plan/tests/test_schema_plan.py:31: in error_unchanged
    ???
/Users/sheil/Development/sheil_research/reinforcement_learning/abundant-take-home/candidates/sqlite-utils-schema-plan/tests/test_schema_plan.py:16: in apply
    ???
E   AssertionError: Database.transform_schema is missing
E   assert False
E    +  where False = callable(None)
E    +    where None = getattr(<Database <sqlite3.Connection object at 0xffff8a207a60>>, 'transform_schema', None)
_ test_unsupported_selected_schema_rejected[CREATE VIRTUAL TABLE t USING fts5(v)] _
/Users/sheil/Development/sheil_research/reinforcement_learning/abundant-take-home/candidates/sqlite-utils-schema-plan/tests/test_schema_plan.py:254: in test_unsupported_selected_schema_rejected
    ???
/Users/sheil/Development/sheil_research/reinforcement_learning/abundant-take-home/candidates/sqlite-utils-schema-plan/tests/test_schema_plan.py:31: in error_unchanged
    ???
/Users/sheil/Development/sheil_research/reinforcement_learning/abundant-take-home/candidates/sqlite-utils-schema-plan/tests/test_schema_plan.py:16: in apply
    ???
E   AssertionError: Database.transform_schema is missing
E   assert False
E    +  where False = callable(None)
E    +    where None = getattr(<Database <sqlite3.Connection object at 0xffff8a9663e0>>, 'transform_schema', None)
_ test_drop_dependency_rejected_without_losing_prior_changes[CREATE VIEW v AS SELECT gone FROM z] _
/Users/sheil/Development/sheil_research/reinforcement_learning/abundant-take-home/candidates/sqlite-utils-schema-plan/tests/test_schema_plan.py:265: in test_drop_dependency_rejected_without_losing_prior_changes
    ???
/Users/sheil/Development/sheil_research/reinforcement_learning/abundant-take-home/candidates/sqlite-utils-schema-plan/tests/test_schema_plan.py:31: in error_unchanged
    ???
/Users/sheil/Development/sheil_research/reinforcement_learning/abundant-take-home/candidates/sqlite-utils-schema-plan/tests/test_schema_plan.py:16: in apply
    ???
E   AssertionError: Database.transform_schema is missing
E   assert False
E    +  where False = callable(None)
E    +    where None = getattr(<Database <sqlite3.Connection object at 0xffff8a076020>>, 'transform_schema', None)
_ test_drop_dependency_rejected_without_losing_prior_changes[CREATE INDEX ix ON z(gone)] _
/Users/sheil/Development/sheil_research/reinforcement_learning/abundant-take-home/candidates/sqlite-utils-schema-plan/tests/test_schema_plan.py:265: in test_drop_dependency_rejected_without_losing_prior_changes
    ???
/Users/sheil/Development/sheil_research/reinforcement_learning/abundant-take-home/candidates/sqlite-utils-schema-plan/tests/test_schema_plan.py:31: in error_unchanged
    ???
/Users/sheil/Development/sheil_research/reinforcement_learning/abundant-take-home/candidates/sqlite-utils-schema-plan/tests/test_schema_plan.py:16: in apply
    ???
E   AssertionError: Database.transform_schema is missing
E   assert False
E    +  where False = callable(None)
E    +    where None = getattr(<Database <sqlite3.Connection object at 0xffff8a9665c0>>, 'transform_schema', None)
_ test_drop_dependency_rejected_without_losing_prior_changes[CREATE INDEX ix ON z(length(gone)) WHERE gone IS NOT NULL] _
/Users/sheil/Development/sheil_research/reinforcement_learning/abundant-take-home/candidates/sqlite-utils-schema-plan/tests/test_schema_plan.py:265: in test_drop_dependency_rejected_without_losing_prior_changes
    ???
/Users/sheil/Development/sheil_research/reinforcement_learning/abundant-take-home/candidates/sqlite-utils-schema-plan/tests/test_schema_plan.py:31: in error_unchanged
    ???
/Users/sheil/Development/sheil_research/reinforcement_learning/abundant-take-home/candidates/sqlite-utils-schema-plan/tests/test_schema_plan.py:16: in apply
    ???
E   AssertionError: Database.transform_schema is missing
E   assert False
E    +  where False = callable(None)
E    +    where None = getattr(<Database <sqlite3.Connection object at 0xffff8a2058a0>>, 'transform_schema', None)
_ test_drop_dependency_rejected_without_losing_prior_changes[CREATE TRIGGER tr AFTER INSERT ON z BEGIN SELECT NEW.gone; END] _
/Users/sheil/Development/sheil_research/reinforcement_learning/abundant-take-home/candidates/sqlite-utils-schema-plan/tests/test_schema_plan.py:265: in test_drop_dependency_rejected_without_losing_prior_changes
    ???
/Users/sheil/Development/sheil_research/reinforcement_learning/abundant-take-home/candidates/sqlite-utils-schema-plan/tests/test_schema_plan.py:31: in error_unchanged
    ???
/Users/sheil/Development/sheil_research/reinforcement_learning/abundant-take-home/candidates/sqlite-utils-schema-plan/tests/test_schema_plan.py:16: in apply
    ???
E   AssertionError: Database.transform_schema is missing
E   assert False
E    +  where False = callable(None)
E    +    where None = getattr(<Database <sqlite3.Connection object at 0xffff8a205990>>, 'transform_schema', None)
_ test_constraint_conversion_does_not_discard_or_replace[UNIQUE ON CONFLICT IGNORE] _
/Users/sheil/Development/sheil_research/reinforcement_learning/abundant-take-home/candidates/sqlite-utils-schema-plan/tests/test_schema_plan.py:275: in test_constraint_conversion_does_not_discard_or_replace
    ???
/Users/sheil/Development/sheil_research/reinforcement_learning/abundant-take-home/candidates/sqlite-utils-schema-plan/tests/test_schema_plan.py:31: in error_unchanged
    ???
/Users/sheil/Development/sheil_research/reinforcement_learning/abundant-take-home/candidates/sqlite-utils-schema-plan/tests/test_schema_plan.py:16: in apply
    ???
E   AssertionError: Database.transform_schema is missing
E   assert False
E    +  where False = callable(None)
E    +    where None = getattr(<Database <sqlite3.Connection object at 0xffff8a075f30>>, 'transform_schema', None)
_ test_constraint_conversion_does_not_discard_or_replace[UNIQUE ON CONFLICT REPLACE] _
/Users/sheil/Development/sheil_research/reinforcement_learning/abundant-take-home/candidates/sqlite-utils-schema-plan/tests/test_schema_plan.py:275: in test_constraint_conversion_does_not_discard_or_replace
    ???
/Users/sheil/Development/sheil_research/reinforcement_learning/abundant-take-home/candidates/sqlite-utils-schema-plan/tests/test_schema_plan.py:31: in error_unchanged
    ???
/Users/sheil/Development/sheil_research/reinforcement_learning/abundant-take-home/candidates/sqlite-utils-schema-plan/tests/test_schema_plan.py:16: in apply
    ???
E   AssertionError: Database.transform_schema is missing
E   assert False
E    +  where False = callable(None)
E    +    where None = getattr(<Database <sqlite3.Connection object at 0xffff8a207b50>>, 'transform_schema', None)
_____ test_constraint_conversion_does_not_discard_or_replace[CHECK(v < 2)] _____
/Users/sheil/Development/sheil_research/reinforcement_learning/abundant-take-home/candidates/sqlite-utils-schema-plan/tests/test_schema_plan.py:275: in test_constraint_conversion_does_not_discard_or_replace
    ???
/Users/sheil/Development/sheil_research/reinforcement_learning/abundant-take-home/candidates/sqlite-utils-schema-plan/tests/test_schema_plan.py:31: in error_unchanged
    ???
/Users/sheil/Development/sheil_research/reinforcement_learning/abundant-take-home/candidates/sqlite-utils-schema-plan/tests/test_schema_plan.py:16: in apply
    ???
E   AssertionError: Database.transform_schema is missing
E   assert False
E    +  where False = callable(None)
E    +    where None = getattr(<Database <sqlite3.Connection object at 0xffff8a207970>>, 'transform_schema', None)
__________ test_unique_index_failure_after_copy_rolls_back_everything __________
/Users/sheil/Development/sheil_research/reinforcement_learning/abundant-take-home/candidates/sqlite-utils-schema-plan/tests/test_schema_plan.py:281: in test_unique_index_failure_after_copy_rolls_back_everything
    ???
/Users/sheil/Development/sheil_research/reinforcement_learning/abundant-take-home/candidates/sqlite-utils-schema-plan/tests/test_schema_plan.py:31: in error_unchanged
    ???
/Users/sheil/Development/sheil_research/reinforcement_learning/abundant-take-home/candidates/sqlite-utils-schema-plan/tests/test_schema_plan.py:16: in apply
    ???
E   AssertionError: Database.transform_schema is missing
E   assert False
E    +  where False = callable(None)
E    +    where None = getattr(<Database <sqlite3.Connection object at 0xffff8a9663e0>>, 'transform_schema', None)
___________________ test_not_null_default_does_not_fill_null ___________________
/Users/sheil/Development/sheil_research/reinforcement_learning/abundant-take-home/candidates/sqlite-utils-schema-plan/tests/test_schema_plan.py:286: in test_not_null_default_does_not_fill_null
    ???
/Users/sheil/Development/sheil_research/reinforcement_learning/abundant-take-home/candidates/sqlite-utils-schema-plan/tests/test_schema_plan.py:31: in error_unchanged
    ???
/Users/sheil/Development/sheil_research/reinforcement_learning/abundant-take-home/candidates/sqlite-utils-schema-plan/tests/test_schema_plan.py:16: in apply
    ???
E   AssertionError: Database.transform_schema is missing
E   assert False
E    +  where False = callable(None)
E    +    where None = getattr(<Database <sqlite3.Connection object at 0xffff8a075b70>>, 'transform_schema', None)
__________________ test_existing_invalid_foreign_key_rejected __________________
/Users/sheil/Development/sheil_research/reinforcement_learning/abundant-take-home/candidates/sqlite-utils-schema-plan/tests/test_schema_plan.py:291: in test_existing_invalid_foreign_key_rejected
    ???
/Users/sheil/Development/sheil_research/reinforcement_learning/abundant-take-home/candidates/sqlite-utils-schema-plan/tests/test_schema_plan.py:31: in error_unchanged
    ???
/Users/sheil/Development/sheil_research/reinforcement_learning/abundant-take-home/candidates/sqlite-utils-schema-plan/tests/test_schema_plan.py:16: in apply
    ???
E   AssertionError: Database.transform_schema is missing
E   assert False
E    +  where False = callable(None)
E    +    where None = getattr(<Database <sqlite3.Connection object at 0xffff8a075210>>, 'transform_schema', None)
__________________ test_conversion_invalidates_fk_rolls_back ___________________
/Users/sheil/Development/sheil_research/reinforcement_learning/abundant-take-home/candidates/sqlite-utils-schema-plan/tests/test_schema_plan.py:296: in test_conversion_invalidates_fk_rolls_back
    ???
/Users/sheil/Development/sheil_research/reinforcement_learning/abundant-take-home/candidates/sqlite-utils-schema-plan/tests/test_schema_plan.py:31: in error_unchanged
    ???
/Users/sheil/Development/sheil_research/reinforcement_learning/abundant-take-home/candidates/sqlite-utils-schema-plan/tests/test_schema_plan.py:16: in apply
    ???
E   AssertionError: Database.transform_schema is missing
E   assert False
E    +  where False = callable(None)
E    +    where None = getattr(<Database <sqlite3.Connection object at 0xffff8a2058a0>>, 'transform_schema', None)
________ test_caller_transaction_never_committed_or_rolled_back[False] _________
/Users/sheil/Development/sheil_research/reinforcement_learning/abundant-take-home/candidates/sqlite-utils-schema-plan/tests/test_schema_plan.py:303: in test_caller_transaction_never_committed_or_rolled_back
    ???
/Users/sheil/Development/sheil_research/reinforcement_learning/abundant-take-home/candidates/sqlite-utils-schema-plan/tests/test_schema_plan.py:16: in apply
    ???
E   AssertionError: Database.transform_schema is missing
E   assert False
E    +  where False = callable(None)
E    +    where None = getattr(<Database <sqlite3.Connection object at 0xffff8a205990>>, 'transform_schema', None)
_________ test_caller_transaction_never_committed_or_rolled_back[True] _________
/Users/sheil/Development/sheil_research/reinforcement_learning/abundant-take-home/candidates/sqlite-utils-schema-plan/tests/test_schema_plan.py:303: in test_caller_transaction_never_committed_or_rolled_back
    ???
/Users/sheil/Development/sheil_research/reinforcement_learning/abundant-take-home/candidates/sqlite-utils-schema-plan/tests/test_schema_plan.py:16: in apply
    ???
E   AssertionError: Database.transform_schema is missing
E   assert False
E    +  where False = callable(None)
E    +    where None = getattr(<Database <sqlite3.Connection object at 0xffff8a075e40>>, 'transform_schema', None)
________________ test_connection_settings_restored[False-0-0-0] ________________
/Users/sheil/Development/sheil_research/reinforcement_learning/abundant-take-home/candidates/sqlite-utils-schema-plan/tests/test_schema_plan.py:316: in test_connection_settings_restored
    ???
/Users/sheil/Development/sheil_research/reinforcement_learning/abundant-take-home/candidates/sqlite-utils-schema-plan/tests/test_schema_plan.py:16: in apply
    ???
E   AssertionError: Database.transform_schema is missing
E   assert False
E    +  where False = callable(None)
E    +    where None = getattr(<Database <sqlite3.Connection object at 0xffff8a075a80>>, 'transform_schema', None)
________________ test_connection_settings_restored[False-1-0-1] ________________
/Users/sheil/Development/sheil_research/reinforcement_learning/abundant-take-home/candidates/sqlite-utils-schema-plan/tests/test_schema_plan.py:316: in test_connection_settings_restored
    ???
/Users/sheil/Development/sheil_research/reinforcement_learning/abundant-take-home/candidates/sqlite-utils-schema-plan/tests/test_schema_plan.py:16: in apply
    ???
E   AssertionError: Database.transform_schema is missing
E   assert False
E    +  where False = callable(None)
E    +    where None = getattr(<Database <sqlite3.Connection object at 0xffff8a205a80>>, 'transform_schema', None)
________________ test_connection_settings_restored[False-0-1-1] ________________
/Users/sheil/Development/sheil_research/reinforcement_learning/abundant-take-home/candidates/sqlite-utils-schema-plan/tests/test_schema_plan.py:316: in test_connection_settings_restored
    ???
/Users/sheil/Development/sheil_research/reinforcement_learning/abundant-take-home/candidates/sqlite-utils-schema-plan/tests/test_schema_plan.py:16: in apply
    ???
E   AssertionError: Database.transform_schema is missing
E   assert False
E    +  where False = callable(None)
E    +    where None = getattr(<Database <sqlite3.Connection object at 0xffff8a207a60>>, 'transform_schema', None)
________________ test_connection_settings_restored[False-1-1-0] ________________
/Users/sheil/Development/sheil_research/reinforcement_learning/abundant-take-home/candidates/sqlite-utils-schema-plan/tests/test_schema_plan.py:316: in test_connection_settings_restored
    ???
/Users/sheil/Development/sheil_research/reinforcement_learning/abundant-take-home/candidates/sqlite-utils-schema-plan/tests/test_schema_plan.py:16: in apply
    ???
E   AssertionError: Database.transform_schema is missing
E   assert False
E    +  where False = callable(None)
E    +    where None = getattr(<Database <sqlite3.Connection object at 0xffff8a075120>>, 'transform_schema', None)
________________ test_connection_settings_restored[True-0-0-0] _________________
/Users/sheil/Development/sheil_research/reinforcement_learning/abundant-take-home/candidates/sqlite-utils-schema-plan/tests/test_schema_plan.py:315: in test_connection_settings_restored
    ???
/Users/sheil/Development/sheil_research/reinforcement_learning/abundant-take-home/candidates/sqlite-utils-schema-plan/tests/test_schema_plan.py:16: in apply
    ???
E   AssertionError: Database.transform_schema is missing
E   assert False
E    +  where False = callable(None)
E    +    where None = getattr(<Database <sqlite3.Connection object at 0xffff8a075e40>>, 'transform_schema', None)
________________ test_connection_settings_restored[True-1-0-1] _________________
/Users/sheil/Development/sheil_research/reinforcement_learning/abundant-take-home/candidates/sqlite-utils-schema-plan/tests/test_schema_plan.py:315: in test_connection_settings_restored
    ???
/Users/sheil/Development/sheil_research/reinforcement_learning/abundant-take-home/candidates/sqlite-utils-schema-plan/tests/test_schema_plan.py:16: in apply
    ???
E   AssertionError: Database.transform_schema is missing
E   assert False
E    +  where False = callable(None)
E    +    where None = getattr(<Database <sqlite3.Connection object at 0xffff8a207880>>, 'transform_schema', None)
________________ test_connection_settings_restored[True-0-1-1] _________________
/Users/sheil/Development/sheil_research/reinforcement_learning/abundant-take-home/candidates/sqlite-utils-schema-plan/tests/test_schema_plan.py:315: in test_connection_settings_restored
    ???
/Users/sheil/Development/sheil_research/reinforcement_learning/abundant-take-home/candidates/sqlite-utils-schema-plan/tests/test_schema_plan.py:16: in apply
    ???
E   AssertionError: Database.transform_schema is missing
E   assert False
E    +  where False = callable(None)
E    +    where None = getattr(<Database <sqlite3.Connection object at 0xffff8a207970>>, 'transform_schema', None)
________________ test_connection_settings_restored[True-1-1-0] _________________
/Users/sheil/Development/sheil_research/reinforcement_learning/abundant-take-home/candidates/sqlite-utils-schema-plan/tests/test_schema_plan.py:315: in test_connection_settings_restored
    ???
/Users/sheil/Development/sheil_research/reinforcement_learning/abundant-take-home/candidates/sqlite-utils-schema-plan/tests/test_schema_plan.py:16: in apply
    ???
E   AssertionError: Database.transform_schema is missing
E   assert False
E    +  where False = callable(None)
E    +    where None = getattr(<Database <sqlite3.Connection object at 0xffff8a074f40>>, 'transform_schema', None)
_________________ test_dry_run_readonly_file_and_wal_snapshot __________________
/Users/sheil/Development/sheil_research/reinforcement_learning/abundant-take-home/candidates/sqlite-utils-schema-plan/tests/test_schema_plan.py:327: in test_dry_run_readonly_file_and_wal_snapshot
    ???
/Users/sheil/Development/sheil_research/reinforcement_learning/abundant-take-home/candidates/sqlite-utils-schema-plan/tests/test_schema_plan.py:16: in apply
    ???
E   AssertionError: Database.transform_schema is missing
E   assert False
E    +  where False = callable(None)
E    +    where None = getattr(<Database <sqlite3.Connection object at 0xffff8a0755d0>>, 'transform_schema', None)
_____________ test_concurrent_writer_busy_leaves_schema_unchanged ______________
/Users/sheil/Development/sheil_research/reinforcement_learning/abundant-take-home/candidates/sqlite-utils-schema-plan/tests/test_schema_plan.py:340: in test_concurrent_writer_busy_leaves_schema_unchanged
    ???
/Users/sheil/Development/sheil_research/reinforcement_learning/abundant-take-home/candidates/sqlite-utils-schema-plan/tests/test_schema_plan.py:16: in apply
    ???
E   AssertionError: Database.transform_schema is missing
E   assert False
E    +  where False = callable(None)
E    +    where None = getattr(<Database <sqlite3.Connection object at 0xffff8a204b80>>, 'transform_schema', None)
___________ test_deterministic_late_authorization_failure_rolls_back ___________
/Users/sheil/Development/sheil_research/reinforcement_learning/abundant-take-home/candidates/sqlite-utils-schema-plan/tests/test_schema_plan.py:352: in test_deterministic_late_authorization_failure_rolls_back
    ???
/Users/sheil/Development/sheil_research/reinforcement_learning/abundant-take-home/candidates/sqlite-utils-schema-plan/tests/test_schema_plan.py:16: in apply
    ???
E   AssertionError: Database.transform_schema is missing
E   assert False
E    +  where False = callable(None)
E    +    where None = getattr(<Database <sqlite3.Connection object at 0xffff8a207880>>, 'transform_schema', None)
___________________ test_cli_json_preview_execute_and_error ____________________
/Users/sheil/Development/sheil_research/reinforcement_learning/abundant-take-home/candidates/sqlite-utils-schema-plan/tests/test_schema_plan.py:363: in test_cli_json_preview_execute_and_error
    ???
E   AssertionError: Usage: cli query [OPTIONS] PATH SQL
E     Try 'cli query --help' for help.
E     
E     Error: No such option '--dry-run'.
E     
E   assert 2 == 0
E    +  where 2 = <Result SystemExit(2)>.exit_code
________ test_supported_connection_modes_finish_transaction[None-False] ________
/Users/sheil/Development/sheil_research/reinforcement_learning/abundant-take-home/candidates/sqlite-utils-schema-plan/tests/test_schema_plan.py:386: in test_supported_connection_modes_finish_transaction
    ???
/Users/sheil/Development/sheil_research/reinforcement_learning/abundant-take-home/candidates/sqlite-utils-schema-plan/tests/test_schema_plan.py:16: in apply
    ???
E   AssertionError: Database.transform_schema is missing
E   assert False
E    +  where False = callable(None)
E    +    where None = getattr(<Database <sqlite3.Connection object at 0xffff8a207970>>, 'transform_schema', None)
________ test_supported_connection_modes_finish_transaction[None-True] _________
/Users/sheil/Development/sheil_research/reinforcement_learning/abundant-take-home/candidates/sqlite-utils-schema-plan/tests/test_schema_plan.py:383: in test_supported_connection_modes_finish_transaction
    ???
/Users/sheil/Development/sheil_research/reinforcement_learning/abundant-take-home/candidates/sqlite-utils-schema-plan/tests/test_schema_plan.py:16: in apply
    ???
E   AssertionError: Database.transform_schema is missing
E   assert False
E    +  where False = callable(None)
E    +    where None = getattr(<Database <sqlite3.Connection object at 0xffff8a204b80>>, 'transform_schema', None)
______ test_supported_connection_modes_finish_transaction[DEFERRED-False] ______
/Users/sheil/Development/sheil_research/reinforcement_learning/abundant-take-home/candidates/sqlite-utils-schema-plan/tests/test_schema_plan.py:386: in test_supported_connection_modes_finish_transaction
    ???
/Users/sheil/Development/sheil_research/reinforcement_learning/abundant-take-home/candidates/sqlite-utils-schema-plan/tests/test_schema_plan.py:16: in apply
    ???
E   AssertionError: Database.transform_schema is missing
E   assert False
E    +  where False = callable(None)
E    +    where None = getattr(<Database <sqlite3.Connection object at 0xffff8a074f40>>, 'transform_schema', None)
______ test_supported_connection_modes_finish_transaction[DEFERRED-True] _______
/Users/sheil/Development/sheil_research/reinforcement_learning/abundant-take-home/candidates/sqlite-utils-schema-plan/tests/test_schema_plan.py:383: in test_supported_connection_modes_finish_transaction
    ???
/Users/sheil/Development/sheil_research/reinforcement_learning/abundant-take-home/candidates/sqlite-utils-schema-plan/tests/test_schema_plan.py:16: in apply
    ???
E   AssertionError: Database.transform_schema is missing
E   assert False
E    +  where False = callable(None)
E    +    where None = getattr(<Database <sqlite3.Connection object at 0xffff8a074e50>>, 'transform_schema', None)
_______ test_process_death_between_rebuilds_recovers_all_original_state ________
/Users/sheil/Development/sheil_research/reinforcement_learning/abundant-take-home/candidates/sqlite-utils-schema-plan/tests/test_schema_plan.py:410: in test_process_death_between_rebuilds_recovers_all_original_state
    ???
E   AssertionError: Traceback (most recent call last):
E       File "<string>", line 5, in <module>
E     AssertionError: missing feature
E     
E   assert 1 == 73
E    +  where 1 = CompletedProcess(args=['/usr/local/bin/python', '-c', '\nimport os, sqlite3, sys\nfrom sqlite_utils import Database\nd...stderr='Traceback (most recent call last):\n  File "<string>", line 5, in <module>\nAssertionError: missing feature\n').returncode
________ test_constraint_keyword_column_does_not_hide_table_constraint _________
/Users/sheil/Development/sheil_research/reinforcement_learning/abundant-take-home/candidates/sqlite-utils-schema-plan/tests/test_schema_plan.py:420: in test_constraint_keyword_column_does_not_hide_table_constraint
    ???
/Users/sheil/Development/sheil_research/reinforcement_learning/abundant-take-home/candidates/sqlite-utils-schema-plan/tests/test_schema_plan.py:16: in apply
    ???
E   AssertionError: Database.transform_schema is missing
E   assert False
E    +  where False = callable(None)
E    +    where None = getattr(<Database <sqlite3.Connection object at 0xffff8a205a80>>, 'transform_schema', None)
_________________ test_mapping_api_and_dry_run_error_settings __________________
/Users/sheil/Development/sheil_research/reinforcement_learning/abundant-take-home/candidates/sqlite-utils-schema-plan/tests/test_schema_plan.py:432: in test_mapping_api_and_dry_run_error_settings
    ???
/Users/sheil/Development/sheil_research/reinforcement_learning/abundant-take-home/candidates/sqlite-utils-schema-plan/tests/test_schema_plan.py:16: in apply
    ???
E   AssertionError: Database.transform_schema is missing
E   assert False
E    +  where False = callable(None)
E    +    where None = getattr(<Database <sqlite3.Connection object at 0xffff8a076d40>>, 'transform_schema', None)
=========================== short test summary info ============================
FAILED ../../tests/test_schema_plan.py::test_composed_graph_preserves_real_behavior
FAILED ../../tests/test_schema_plan.py::test_simultaneous_swaps_quoted_names_and_literals
FAILED ../../tests/test_schema_plan.py::test_incoming_fk_and_trigger_on_unplanned_table
FAILED ../../tests/test_schema_plan.py::test_cycle_composite_fk_and_actions_preserved
FAILED ../../tests/test_schema_plan.py::test_hidden_rowids[v TEXT-INSERT INTO t(rowid,v) VALUES(-4,'x'),(42,'y')-expected0]
FAILED ../../tests/test_schema_plan.py::test_hidden_rowids[rowid TEXT, v TEXT-INSERT INTO t(_rowid_,rowid,v) VALUES(61,'named','x')-expected1]
FAILED ../../tests/test_schema_plan.py::test_hidden_rowids[id INTEGER PRIMARY KEY DESC, v TEXT-INSERT INTO t(rowid,id,v) VALUES(91,4,'x')-expected2]
FAILED ../../tests/test_schema_plan.py::test_hidden_rowids[x TEXT, y INTEGER, PRIMARY KEY(x,y)-INSERT INTO t(rowid,x,y) VALUES(122,'a',3)-expected3]
FAILED ../../tests/test_schema_plan.py::test_empty_autoincrement_highwater_and_unrelated_objects
FAILED ../../tests/test_schema_plan.py::test_explicit_conversion[INTEGER-  +1.20e2 -120]
FAILED ../../tests/test_schema_plan.py::test_explicit_conversion[integer--None]
FAILED ../../tests/test_schema_plan.py::test_explicit_conversion[INTEGER- \t -None]
FAILED ../../tests/test_schema_plan.py::test_explicit_conversion[INTEGER--2--2]
FAILED ../../tests/test_schema_plan.py::test_explicit_conversion[INTEGER-3.0-3]
FAILED ../../tests/test_schema_plan.py::test_explicit_conversion[INTEGER-9223372036854775807-9223372036854775807]
FAILED ../../tests/test_schema_plan.py::test_explicit_conversion[INTEGER--9223372036854775808--9223372036854775808]
FAILED ../../tests/test_schema_plan.py::test_explicit_conversion[REAL- .125e+2 -12.5]
FAILED ../../tests/test_schema_plan.py::test_explicit_conversion[REAL--None]
FAILED ../../tests/test_schema_plan.py::test_explicit_conversion[REAL-2-2.0]
FAILED ../../tests/test_schema_plan.py::test_explicit_conversion[REAL-2.75-2.75]
FAILED ../../tests/test_schema_plan.py::test_explicit_conversion[TEXT-caf\xc3\xa9-caf\xe9]
FAILED ../../tests/test_schema_plan.py::test_explicit_conversion[TEXT-12-12]
FAILED ../../tests/test_schema_plan.py::test_explicit_conversion[TEXT-1.5-1.5]
FAILED ../../tests/test_schema_plan.py::test_explicit_conversion[TEXT-NULL-NULL]
FAILED ../../tests/test_schema_plan.py::test_explicit_conversion[BLOB-caf\xe9-caf\xc3\xa9]
FAILED ../../tests/test_schema_plan.py::test_explicit_conversion[BLOB-\x00\xff-\x00\xff]
FAILED ../../tests/test_schema_plan.py::test_explicit_conversion[INTEGER-None-None]
FAILED ../../tests/test_schema_plan.py::test_explicit_conversion[REAL-None-None]
FAILED ../../tests/test_schema_plan.py::test_explicit_conversion[TEXT-None-None]
FAILED ../../tests/test_schema_plan.py::test_explicit_conversion[BLOB-None-None]
FAILED ../../tests/test_schema_plan.py::test_conversion_failure_rolls_back_prior_table[INTEGER-3.2]
FAILED ../../tests/test_schema_plan.py::test_conversion_failure_rolls_back_prior_table[INTEGER-1e99]
FAILED ../../tests/test_schema_plan.py::test_conversion_failure_rolls_back_prior_table[INTEGER-9223372036854775808]
FAILED ../../tests/test_schema_plan.py::test_conversion_failure_rolls_back_prior_table[INTEGER-12]
FAILED ../../tests/test_schema_plan.py::test_conversion_failure_rolls_back_prior_table[INTEGER-0x10]
FAILED ../../tests/test_schema_plan.py::test_conversion_failure_rolls_back_prior_table[INTEGER-1_000]
FAILED ../../tests/test_schema_plan.py::test_conversion_failure_rolls_back_prior_table[INTEGER-NaN]
FAILED ../../tests/test_schema_plan.py::test_conversion_failure_rolls_back_prior_table[INTEGER-inf]
FAILED ../../tests/test_schema_plan.py::test_conversion_failure_rolls_back_prior_table[INTEGER-1.25]
FAILED ../../tests/test_schema_plan.py::test_conversion_failure_rolls_back_prior_table[REAL-NaN]
FAILED ../../tests/test_schema_plan.py::test_conversion_failure_rolls_back_prior_table[REAL-Infinity]
FAILED ../../tests/test_schema_plan.py::test_conversion_failure_rolls_back_prior_table[REAL-1e999]
FAILED ../../tests/test_schema_plan.py::test_conversion_failure_rolls_back_prior_table[REAL-12]
FAILED ../../tests/test_schema_plan.py::test_conversion_failure_rolls_back_prior_table[REAL-\uff11\uff12]
FAILED ../../tests/test_schema_plan.py::test_conversion_failure_rolls_back_prior_table[TEXT-\xff]
FAILED ../../tests/test_schema_plan.py::test_conversion_failure_rolls_back_prior_table[BLOB-12]
FAILED ../../tests/test_schema_plan.py::test_conversion_failure_rolls_back_prior_table[BLOB-1.2]
FAILED ../../tests/test_schema_plan.py::test_default_values_are_literals[NULL]
FAILED ../../tests/test_schema_plan.py::test_default_values_are_literals[TRUE]
FAILED ../../tests/test_schema_plan.py::test_default_values_are_literals[CURRENT_TIMESTAMP]
FAILED ../../tests/test_schema_plan.py::test_default_values_are_literals['quoted']
FAILED ../../tests/test_schema_plan.py::test_default_values_are_literals[foo(bar)]
FAILED ../../tests/test_schema_plan.py::test_default_values_are_literals[a"b]
FAILED ../../tests/test_schema_plan.py::test_default_values_are_literals[a\x00b]
FAILED ../../tests/test_schema_plan.py::test_default_values_are_literals[12]
FAILED ../../tests/test_schema_plan.py::test_default_values_are_literals[2.5]
FAILED ../../tests/test_schema_plan.py::test_default_values_are_literals[True]
FAILED ../../tests/test_schema_plan.py::test_default_values_are_literals[False]
FAILED ../../tests/test_schema_plan.py::test_original_defaults_collations_and_constraint_policies
FAILED ../../tests/test_schema_plan.py::test_plan_validation_is_atomic[bad0]
FAILED ../../tests/test_schema_plan.py::test_plan_validation_is_atomic[bad1]
FAILED ../../tests/test_schema_plan.py::test_plan_validation_is_atomic[bad2]
FAILED ../../tests/test_schema_plan.py::test_plan_validation_is_atomic[bad3]
FAILED ../../tests/test_schema_plan.py::test_plan_validation_is_atomic[bad4]
FAILED ../../tests/test_schema_plan.py::test_plan_validation_is_atomic[bad5]
FAILED ../../tests/test_schema_plan.py::test_plan_validation_is_atomic[bad6]
FAILED ../../tests/test_schema_plan.py::test_plan_validation_is_atomic[bad7]
FAILED ../../tests/test_schema_plan.py::test_plan_validation_is_atomic[bad8]
FAILED ../../tests/test_schema_plan.py::test_plan_validation_is_atomic[bad9]
FAILED ../../tests/test_schema_plan.py::test_plan_validation_is_atomic[bad10]
FAILED ../../tests/test_schema_plan.py::test_plan_validation_is_atomic[bad11]
FAILED ../../tests/test_schema_plan.py::test_plan_validation_is_atomic[bad12]
FAILED ../../tests/test_schema_plan.py::test_plan_validation_is_atomic[bad13]
FAILED ../../tests/test_schema_plan.py::test_plan_validation_is_atomic[bad14]
FAILED ../../tests/test_schema_plan.py::test_plan_validation_is_atomic[bad15]
FAILED ../../tests/test_schema_plan.py::test_plan_validation_is_atomic[bad16]
FAILED ../../tests/test_schema_plan.py::test_plan_validation_is_atomic[bad17]
FAILED ../../tests/test_schema_plan.py::test_plan_validation_is_atomic[bad18]
FAILED ../../tests/test_schema_plan.py::test_plan_validation_is_atomic[bad19]
FAILED ../../tests/test_schema_plan.py::test_plan_validation_is_atomic[bad20]
FAILED ../../tests/test_schema_plan.py::test_plan_validation_is_atomic[bad21]
FAILED ../../tests/test_schema_plan.py::test_plan_validation_is_atomic[bad22]
FAILED ../../tests/test_schema_plan.py::test_plan_validation_is_atomic[bad23]
FAILED ../../tests/test_schema_plan.py::test_unsupported_selected_schema_rejected[CREATE TABLE t(k INTEGER PRIMARY KEY) WITHOUT ROWID]
FAILED ../../tests/test_schema_plan.py::test_unsupported_selected_schema_rejected[CREATE TABLE t(x INTEGER, y INTEGER GENERATED ALWAYS AS(x+1))]
FAILED ../../tests/test_schema_plan.py::test_unsupported_selected_schema_rejected[CREATE TABLE t(rowid TEXT,_rowid_ TEXT,oid TEXT)]
FAILED ../../tests/test_schema_plan.py::test_unsupported_selected_schema_rejected[CREATE VIRTUAL TABLE t USING fts5(v)]
FAILED ../../tests/test_schema_plan.py::test_drop_dependency_rejected_without_losing_prior_changes[CREATE VIEW v AS SELECT gone FROM z]
FAILED ../../tests/test_schema_plan.py::test_drop_dependency_rejected_without_losing_prior_changes[CREATE INDEX ix ON z(gone)]
FAILED ../../tests/test_schema_plan.py::test_drop_dependency_rejected_without_losing_prior_changes[CREATE INDEX ix ON z(length(gone)) WHERE gone IS NOT NULL]
FAILED ../../tests/test_schema_plan.py::test_drop_dependency_rejected_without_losing_prior_changes[CREATE TRIGGER tr AFTER INSERT ON z BEGIN SELECT NEW.gone; END]
FAILED ../../tests/test_schema_plan.py::test_constraint_conversion_does_not_discard_or_replace[UNIQUE ON CONFLICT IGNORE]
FAILED ../../tests/test_schema_plan.py::test_constraint_conversion_does_not_discard_or_replace[UNIQUE ON CONFLICT REPLACE]
FAILED ../../tests/test_schema_plan.py::test_constraint_conversion_does_not_discard_or_replace[CHECK(v < 2)]
FAILED ../../tests/test_schema_plan.py::test_unique_index_failure_after_copy_rolls_back_everything
FAILED ../../tests/test_schema_plan.py::test_not_null_default_does_not_fill_null
FAILED ../../tests/test_schema_plan.py::test_existing_invalid_foreign_key_rejected
FAILED ../../tests/test_schema_plan.py::test_conversion_invalidates_fk_rolls_back
FAILED ../../tests/test_schema_plan.py::test_caller_transaction_never_committed_or_rolled_back[False]
FAILED ../../tests/test_schema_plan.py::test_caller_transaction_never_committed_or_rolled_back[True]
FAILED ../../tests/test_schema_plan.py::test_connection_settings_restored[False-0-0-0]
FAILED ../../tests/test_schema_plan.py::test_connection_settings_restored[False-1-0-1]
FAILED ../../tests/test_schema_plan.py::test_connection_settings_restored[False-0-1-1]
FAILED ../../tests/test_schema_plan.py::test_connection_settings_restored[False-1-1-0]
FAILED ../../tests/test_schema_plan.py::test_connection_settings_restored[True-0-0-0]
FAILED ../../tests/test_schema_plan.py::test_connection_settings_restored[True-1-0-1]
FAILED ../../tests/test_schema_plan.py::test_connection_settings_restored[True-0-1-1]
FAILED ../../tests/test_schema_plan.py::test_connection_settings_restored[True-1-1-0]
FAILED ../../tests/test_schema_plan.py::test_dry_run_readonly_file_and_wal_snapshot
FAILED ../../tests/test_schema_plan.py::test_concurrent_writer_busy_leaves_schema_unchanged
FAILED ../../tests/test_schema_plan.py::test_deterministic_late_authorization_failure_rolls_back
FAILED ../../tests/test_schema_plan.py::test_cli_json_preview_execute_and_error
FAILED ../../tests/test_schema_plan.py::test_supported_connection_modes_finish_transaction[None-False]
FAILED ../../tests/test_schema_plan.py::test_supported_connection_modes_finish_transaction[None-True]
FAILED ../../tests/test_schema_plan.py::test_supported_connection_modes_finish_transaction[DEFERRED-False]
FAILED ../../tests/test_schema_plan.py::test_supported_connection_modes_finish_transaction[DEFERRED-True]
FAILED ../../tests/test_schema_plan.py::test_process_death_between_rebuilds_recovers_all_original_state
FAILED ../../tests/test_schema_plan.py::test_constraint_keyword_column_does_not_hide_table_constraint
FAILED ../../tests/test_schema_plan.py::test_mapping_api_and_dry_run_error_settings
119 failed, 213 passed in 0.64s
