    Finished `test` profile [unoptimized + debuginfo] target(s) in 0.31s
     Running unittests src/lib.rs (target/debug/deps/zenoh-6b58e23279eb4691)

running 109 tests
test api::cancellation::test::concurrent_cancel ... ok
test api::cancellation::test::concurrent_cancel_async ... ok
test api::cancellation::test::concurrent_cancel_with_err ... ok
test api::config::tests::insert_remove_json5_array_item ... ok
test api::config::tests::runtime_try_insert_json5_array_item_rejects_non_plugin_keys ... ok
test api::encoding::tests::hash ... ok
test api::encoding::tests::test_default_encoding ... ok
test api::encoding::tests::test_from_str ... ok
test api::encoding::tests::test_schema ... ok
test api::encoding::tests::test_to_string ... ok
test api::info::tests::test_new_from_fields_equals_new_from_peer ... ok
test api::key_expr::size_of_KeyExpr ... ok
test api::publisher::tests::priority_from ... ok
test api::publisher::tests::sample_kind_integrity_in_publication ... ok
test api::publisher::tests::sample_kind_integrity_in_put_builder ... ok
test api::selector::selector_accessors ... ok
test api::timestamp_stack::tests::append_record_caps_at_255 ... ok
test api::timestamp_stack::tests::append_record_respects_configuration ... ok
test api::timestamp_stack::tests::builder_requires_at_least_one_point ... ok
test api::timestamp_stack::tests::custom_callback_marks_records_as_custom ... ok
test api::timestamp_stack::tests::custom_callback_returning_empty_produces_no_record ... ok
test api::timestamp_stack::tests::domain_to_wire_roundtrip ... ok
test api::timestamp_stack::tests::interception_point_roundtrip ... ok
test api::timestamp_stack::tests::unknown_point_and_bad_uhlc_are_skipped ... ok
test net::protocol::network::tests::test_gossip_singlehop_linkstate_empty_links_not_overwritten ... ok
test net::routing::dispatcher::local_resources::tests::test_aggregate ... ok
test net::routing::dispatcher::local_resources::tests::test_simple ... ok
test net::routing::dispatcher::region::region_indexes ... ok
test net::tests::regions::adminspace::test_sourced_entities_and_interests::whatami_peer_expects ... ok
test net::tests::regions::adminspace::test_sourced_entities_and_interests::whatami_router_expects ... ok
test net::tests::regions::declare::test_against_invalid_token_propagation_to_source_north_router_region ... ok
test net::tests::regions::declare::test_against_invalid_token_propagation_to_source_south_router_region ... ok
test net::tests::regions::declare::test_client_token_repropagation ... ok
test net::tests::regions::declare::test_duplicate_queryable_undeclaration ... ok
test net::tests::regions::declare::test_multiple_gateways_r2r_token_propagation_downstream ... ok
test net::tests::regions::declare::test_multiple_gateways_r2r_token_propagation_upstream ... ok
test net::tests::regions::forwarding::test_c2c_inter_subregion_data_routing ... ok
test net::tests::regions::forwarding::test_c2c_inter_subregion_query_routing ... ok
test net::tests::regions::forwarding::test_complete_queryable_failover ... ok
test net::tests::regions::forwarding::test_multiple_gateways_data_routing_p2p_downstream ... ok
test net::tests::regions::forwarding::test_multiple_gateways_data_routing_p2p_upstream ... ok
test net::tests::regions::forwarding::test_multiple_gateways_data_routing_p2p_upstream_with_interest ... ok
test net::tests::regions::forwarding::test_multiple_gateways_data_routing_p2r_upstream ... ok
test net::tests::regions::forwarding::test_multiple_gateways_data_routing_p2r_upstream_with_interest ... ok
test net::tests::regions::forwarding::test_multiple_gateways_data_routing_r2p_downstream ... ok
test net::tests::regions::forwarding::test_multiple_gateways_data_routing_r2r_downstream ... ok
test net::tests::regions::forwarding::test_multiple_gateways_data_routing_r2r_upstream ... ok
test net::tests::regions::forwarding::test_multiple_gateways_data_routing_r2r_upstream_gateway_source ... ok
test net::tests::regions::forwarding::test_multiple_gateways_query_routing_p2p_downstream ... ok
test net::tests::regions::forwarding::test_multiple_gateways_query_routing_p2p_upstream ... ok
test net::tests::regions::forwarding::test_multiple_gateways_query_routing_p2p_upstream_with_interest ... ok
test net::tests::regions::forwarding::test_multiple_gateways_query_routing_p2r_upstream ... ok
test net::tests::regions::forwarding::test_multiple_gateways_query_routing_p2r_upstream_with_interest ... ok
test net::tests::regions::forwarding::test_multiple_gateways_query_routing_r2p_downstream ... ok
test net::tests::regions::forwarding::test_multiple_gateways_query_routing_r2r_downstream ... ok
test net::tests::regions::forwarding::test_multiple_gateways_query_routing_r2r_upstream ... ok
test net::tests::regions::forwarding::test_multiple_gateways_query_routing_r2r_upstream_gateway_source ... ok
test net::tests::regions::forwarding::test_p2p_inter_subregion_data_routing ... ok
test net::tests::regions::forwarding::test_p2p_inter_subregion_query_routing ... ok
test net::tests::regions::forwarding::test_push_message_consumption ... ok
test net::tests::regions::forwarding::test_r2r_inter_subregion_data_routing ... ok
test net::tests::regions::forwarding::test_r2r_inter_subregion_query_routing ... ok
test net::tests::regions::interest::test_concurrent_current_future_interests::whatami_client_whatami_client_expects ... ok
test net::tests::regions::interest::test_concurrent_current_future_interests::whatami_client_whatami_peer_expects ... ok
test net::tests::regions::interest::test_concurrent_current_future_interests::whatami_peer_whatami_client_expects ... ok
test net::tests::regions::interest::test_concurrent_current_future_interests::whatami_peer_whatami_peer_expects ... ok
test net::tests::regions::interest::test_current_future_interest_propagation_on_open::whatami_client_whatami_client_expects ... ok
test net::tests::regions::interest::test_current_future_interest_propagation_on_open::whatami_client_whatami_peer_expects ... ok
test net::tests::regions::interest::test_current_future_interest_propagation_on_open::whatami_peer_whatami_client_expects ... ok
test net::tests::regions::interest::test_current_future_interest_propagation_on_open::whatami_peer_whatami_peer_expects ... ok
test net::tests::regions::interest::test_current_interest_finalization::whatami_client_expects ... ok
test net::tests::regions::interest::test_current_interest_finalization::whatami_peer_expects ... ok
test net::tests::regions::interest::test_current_interest_finalization::whatami_router_expects ... ok
test net::tests::regions::interest::test_current_token_repropagation ... ok
test net::tests::regions::interest::test_p2p_interest_routing_with_finalized_initial_interests ... ok
test net::tests::regions::interest::test_p2p_interest_routing_with_unfinalized_initial_interests ... ok
test net::tests::regions::oam::test_peer_singlehop_gossip_linkstate_propagation ... ok
test net::tests::runtime::tests::test_state_weak_alive_with_runtime ... ok
test net::tests::runtime::tests::test_state_weak_dead_after_close_and_drop ... ok
test net::tests::runtime::tests::test_state_weak_dead_after_drop ... ok
test net::tests::runtime::tests::test_state_weak_still_alive_after_close ... ok
test net::tests::tables::base_test ... ok
test net::tests::tables::big_key_expr ... ok
test net::tests::tables::clean_test ... ok
test net::tests::tables::client_test ... ok
test net::tests::tables::get_best_key_test ... ok
test net::tests::tables::match_test ... ok
test net::tests::tables::multisub_test ... ok
test net::tests::tables::test_response_wireexpr ... ok
test tests::interceptor_cache::test_interceptors_cache_update_egress ... ok
test tests::interceptor_cache::test_interceptors_cache_update_egress_then_ingress ... ok
test tests::interceptor_cache::test_interceptors_cache_update_ingress ... ok
test tests::link_weights::test_link_weights_diamond ... [2m2026-09-14T13:29:08.380103Z[0m [31mERROR[0m [2mzenoh_task[0m[2m:[0m Failed to terminate the task
[2m2026-09-14T13:29:08.380102Z[0m [31mERROR[0m [2mzenoh_task[0m[2m:[0m Failed to terminate the task
[2m2026-09-14T13:29:08.380102Z[0m [31mERROR[0m [2mzenoh_task[0m[2m:[0m Failed to terminate the task
[2m2026-09-14T13:29:08.380102Z[0m [31mERROR[0m [2mzenoh_task[0m[2m:[0m Failed to terminate the task
[2m2026-09-14T13:29:14.443786Z[0m [31mERROR[0m [2mzenoh_task[0m[2m:[0m Failed to terminate the task
[2m2026-09-14T13:29:14.443788Z[0m [31mERROR[0m [2mzenoh_task[0m[2m:[0m Failed to terminate the task
[2m2026-09-14T13:29:14.443788Z[0m [31mERROR[0m [2mzenoh_task[0m[2m:[0m Failed to terminate the task
[2m2026-09-14T13:29:14.443792Z[0m [31mERROR[0m [2mzenoh_task[0m[2m:[0m Failed to terminate the task
ok
test tests::link_weights::test_link_weights_hexagon ... [2m2026-09-14T13:29:20.467565Z[0m [31mERROR[0m [2mzenoh_task[0m[2m:[0m Failed to terminate the task
[2m2026-09-14T13:29:20.467571Z[0m [31mERROR[0m [2mzenoh_task[0m[2m:[0m Failed to terminate the task
[2m2026-09-14T13:29:20.467565Z[0m [31mERROR[0m [2mzenoh_task[0m[2m:[0m Failed to terminate the task
[2m2026-09-14T13:29:20.467561Z[0m [31mERROR[0m [2mzenoh_task[0m[2m:[0m Failed to terminate the task
[2m2026-09-14T13:29:26.491360Z[0m [31mERROR[0m [2mzenoh_task[0m[2m:[0m Failed to terminate the task
[2m2026-09-14T13:29:26.491367Z[0m [31mERROR[0m [2mzenoh_task[0m[2m:[0m Failed to terminate the task
[2m2026-09-14T13:29:26.491386Z[0m [31mERROR[0m [2mzenoh_task[0m[2m:[0m Failed to terminate the task
[2m2026-09-14T13:29:26.491387Z[0m [31mERROR[0m [2mzenoh_task[0m[2m:[0m Failed to terminate the task
ok
test tests::link_weights::test_link_weights_info_diamond_routers ... [2m2026-09-14T13:29:34.027820Z[0m [31mERROR[0m [2mzenoh_task[0m[2m:[0m Failed to terminate the task
[2m2026-09-14T13:29:34.027820Z[0m [31mERROR[0m [2mzenoh_task[0m[2m:[0m Failed to terminate the task
[2m2026-09-14T13:29:34.027911Z[0m [31mERROR[0m [2mzenoh_task[0m[2m:[0m Failed to terminate the task
[2m2026-09-14T13:29:34.027820Z[0m [31mERROR[0m [2mzenoh_task[0m[2m:[0m Failed to terminate the task
[2m2026-09-14T13:29:34.027820Z[0m [31mERROR[0m [2mzenoh_task[0m[2m:[0m Failed to terminate the task
[2m2026-09-14T13:29:34.027868Z[0m [31mERROR[0m [2mzenoh_task[0m[2m:[0m Failed to terminate the task
[2m2026-09-14T13:29:34.027905Z[0m [31mERROR[0m [2mzenoh_task[0m[2m:[0m Failed to terminate the task
ok
test tests::link_weights::test_link_weights_triangle ... [2m2026-09-14T13:29:41.596428Z[0m [31mERROR[0m [2mzenoh_task[0m[2m:[0m Failed to terminate the task
[2m2026-09-14T13:29:41.596485Z[0m [31mERROR[0m [2mzenoh_task[0m[2m:[0m Failed to terminate the task
[2m2026-09-14T13:29:41.596429Z[0m [31mERROR[0m [2mzenoh_task[0m[2m:[0m Failed to terminate the task
[2m2026-09-14T13:29:41.596429Z[0m [31mERROR[0m [2mzenoh_task[0m[2m:[0m Failed to terminate the task
[2m2026-09-14T13:29:41.596444Z[0m [31mERROR[0m [2mzenoh_task[0m[2m:[0m Failed to terminate the task
[2m2026-09-14T13:29:41.596435Z[0m [31mERROR[0m [2mzenoh_task[0m[2m:[0m Failed to terminate the task
[2m2026-09-14T13:29:41.596442Z[0m [31mERROR[0m [2mzenoh_task[0m[2m:[0m Failed to terminate the task
[2m2026-09-14T13:29:44.622544Z[0m [31mERROR[0m [2mzenoh_task[0m[2m:[0m Failed to terminate the task
[2m2026-09-14T13:29:44.622544Z[0m [31mERROR[0m [2mzenoh_task[0m[2m:[0m Failed to terminate the task
[2m2026-09-14T13:29:44.622554Z[0m [31mERROR[0m [2mzenoh_task[0m[2m:[0m Failed to terminate the task
[2m2026-09-14T13:29:44.622554Z[0m [31mERROR[0m [2mzenoh_task[0m[2m:[0m Failed to terminate the task
[2m2026-09-14T13:29:50.203473Z[0m [31mERROR[0m [2mzenoh_task[0m[2m:[0m Failed to terminate the task
[2m2026-09-14T13:29:50.203473Z[0m [31mERROR[0m [2mzenoh_task[0m[2m:[0m Failed to terminate the task
[2m2026-09-14T13:29:50.203473Z[0m [31mERROR[0m [2mzenoh_task[0m[2m:[0m Failed to terminate the task
[2m2026-09-14T13:29:55.732354Z[0m [31mERROR[0m [2mzenoh_task[0m[2m:[0m Failed to terminate the task
[2m2026-09-14T13:29:55.732347Z[0m [31mERROR[0m [2mzenoh_task[0m[2m:[0m Failed to terminate the task
[2m2026-09-14T13:29:55.732347Z[0m [31mERROR[0m [2mzenoh_task[0m[2m:[0m Failed to terminate the task
[2m2026-09-14T13:30:01.281122Z[0m [31mERROR[0m [2mzenoh_task[0m[2m:[0m Failed to terminate the task
[2m2026-09-14T13:30:01.281122Z[0m [31mERROR[0m [2mzenoh_task[0m[2m:[0m Failed to terminate the task
[2m2026-09-14T13:30:01.281282Z[0m [31mERROR[0m [2mzenoh_task[0m[2m:[0m Failed to terminate the task
ok
test tests::link_weights::test_link_weights_update_diamond ... [2m2026-09-14T13:30:06.803907Z[0m [31mERROR[0m [2mzenoh_task[0m[2m:[0m Failed to terminate the task
[2m2026-09-14T13:30:06.803908Z[0m [31mERROR[0m [2mzenoh_task[0m[2m:[0m Failed to terminate the task
[2m2026-09-14T13:30:06.803908Z[0m [31mERROR[0m [2mzenoh_task[0m[2m:[0m Failed to terminate the task
[2m2026-09-14T13:30:12.318876Z[0m [31mERROR[0m [2mzenoh_task[0m[2m:[0m Failed to terminate the task
[2m2026-09-14T13:30:12.318888Z[0m [31mERROR[0m [2mzenoh_task[0m[2m:[0m Failed to terminate the task
[2m2026-09-14T13:30:12.318894Z[0m [31mERROR[0m [2mzenoh_task[0m[2m:[0m Failed to terminate the task
ok
test tests::link_weights::test_link_weights_update_hexagon ... [2m2026-09-14T13:30:24.423953Z[0m [31mERROR[0m [2mzenoh_task[0m[2m:[0m Failed to terminate the task
[2m2026-09-14T13:30:24.423953Z[0m [31mERROR[0m [2mzenoh_task[0m[2m:[0m Failed to terminate the task
[2m2026-09-14T13:30:24.423953Z[0m [31mERROR[0m [2mzenoh_task[0m[2m:[0m Failed to terminate the task
[2m2026-09-14T13:30:24.423953Z[0m [31mERROR[0m [2mzenoh_task[0m[2m:[0m Failed to terminate the task
ok
test tests::query_reply::test_reply_preserves_optimized_ke ... ok
test tests::session::runtime_state_weak_tests::alive_before_close::whatami_peer_false_expects ... ok
test tests::session::runtime_state_weak_tests::alive_before_close::whatami_peer_true_expects ... ok
test tests::session::runtime_state_weak_tests::dead_after_drop::whatami_peer_false_expects ... ok
test tests::session::runtime_state_weak_tests::dead_after_drop::whatami_peer_true_expects ... ok
test tests::session::runtime_state_weak_tests::dead_after_drop_many_times::whatami_peer_false_expects ... ok
test tests::session::runtime_state_weak_tests::dead_after_drop_many_times::whatami_peer_true_expects ... ok
test tests::session::runtime_state_weak_tests::multiple_sessions_independent::whatami_peer_false_expects ... ok
test tests::session::runtime_state_weak_tests::multiple_sessions_independent::whatami_peer_true_expects ... ok
test tests::session::runtime_state_weak_tests::still_alive_after_close::whatami_peer_false_expects ... ok
test tests::session::runtime_state_weak_tests::still_alive_after_close::whatami_peer_true_expects ... ok

test result: ok. 109 passed; 0 failed; 0 ignored; 0 measured; 0 filtered out; finished in 133.25s

     Running tests/adminspace.rs (target/debug/deps/adminspace-92b90aac86731471)

running 5 tests
test test_adminspace_ronly ... [2m2026-09-14T13:30:26.087294Z[0m [31mERROR[0m test_adminspace_ronly ThreadId(02) [2mzenoh::net::runtime::adminspace[0m[2m:[0m Received PUT on '@/a1650f7f7281e535b9fc5390d1e5763d/router/config/zid' but adminspace.permissions.write=false in configuration
[2m2026-09-14T13:30:26.087459Z[0m [31mERROR[0m test_adminspace_ronly ThreadId(02) [2mzenoh::net::runtime::adminspace[0m[2m:[0m Received PUT on '@/a1650f7f7281e535b9fc5390d1e5763d/router/config/zid' but adminspace.permissions.write=false in configuration
ok
test test_adminspace_transports_and_links ... ok
test test_adminspace_wonly ... [2m2026-09-14T13:30:28.339610Z[0m [31mERROR[0m test_adminspace_wonly ThreadId(20) [2mzenoh::net::runtime::adminspace[0m[2m:[0m Received GET on '@/da664ca4a47f7953b01997528486c2dc/router' but adminspace.permissions.read=false in configuration
ok
test test_adminspace_write ... [2m2026-09-14T13:30:28.845730Z[0m [31mERROR[0m test_adminspace_write ThreadId(25) [2mzenoh::net::runtime::adminspace[0m[2m:[0m Error inserting conf value @/8ceef8cf25409166a0e9c5ae428e7ad0/router/config/zid : 1 - Error inserting conf value zid : updating config is only supported for keys starting with `plugins/` at zenoh/src/api/config.rs:181.
[2m2026-09-14T13:30:28.845912Z[0m [31mERROR[0m test_adminspace_write ThreadId(25) [2mzenoh::net::runtime::adminspace[0m[2m:[0m Error deleting conf value @/8ceef8cf25409166a0e9c5ae428e7ad0/router/config/zid : Removal of values from Config is only supported for keys starting with `plugins/` at commons/zenoh-config/src/lib.rs:1397.
ok
test test_adminspace_write_with_zid_and_mode_wildcards ... ok

test result: ok. 5 passed; 0 failed; 0 ignored; 0 measured; 1 filtered out; finished in 3.79s

     Running tests/attachments.rs (target/debug/deps/attachments-405fe9918896e09f)

running 2 tests
test attachment_pubsub ... ok
test attachment_queries ... ok

test result: ok. 2 passed; 0 failed; 0 ignored; 0 measured; 0 filtered out; finished in 1.09s

     Running tests/matching.rs (target/debug/deps/matching-8a111b4eaba41156)

running 24 tests
test zenoh_matching_listener_drop_deadlock ... ok
test zenoh_publisher_matching_status ... ok
test zenoh_querier_matching_status::locality_any_testtype_clientpeer_expects ... ok
test zenoh_querier_matching_status::locality_any_testtype_clientrouterclient_expects ... ok
test zenoh_querier_matching_status::locality_any_testtype_peerclient_expects ... ok
test zenoh_querier_matching_status::locality_any_testtype_peerpeer_expects ... ok
test zenoh_querier_matching_status::locality_any_testtype_routerclient_expects ... ok
test zenoh_querier_matching_status::locality_any_testtype_routerrouter_expects ... ok
test zenoh_querier_matching_status::locality_any_testtype_samesession_expects ... ok
test zenoh_querier_matching_status::locality_remote_testtype_clientpeer_expects ... ok
test zenoh_querier_matching_status::locality_remote_testtype_clientrouterclient_expects ... ok
test zenoh_querier_matching_status::locality_remote_testtype_peerclient_expects ... ok
test zenoh_querier_matching_status::locality_remote_testtype_peerpeer_expects ... ok
test zenoh_querier_matching_status::locality_remote_testtype_routerclient_expects ... ok
test zenoh_querier_matching_status::locality_remote_testtype_routerrouter_expects ... ok
test zenoh_querier_matching_status::locality_remote_testtype_samesession_expects ... ok
test zenoh_querier_matching_status::locality_sessionlocal_testtype_clientpeer_expects ... ok
test zenoh_querier_matching_status::locality_sessionlocal_testtype_clientrouterclient_expects ... ok
test zenoh_querier_matching_status::locality_sessionlocal_testtype_peerclient_expects ... ok
test zenoh_querier_matching_status::locality_sessionlocal_testtype_peerpeer_expects ... ok
test zenoh_querier_matching_status::locality_sessionlocal_testtype_routerclient_expects ... ok
test zenoh_querier_matching_status::locality_sessionlocal_testtype_routerrouter_expects ... ok
test zenoh_querier_matching_status::locality_sessionlocal_testtype_samesession_expects ... ok
test zenoh_querier_matching_status_session_drop ... ok

test result: ok. 24 passed; 0 failed; 0 ignored; 0 measured; 0 filtered out; finished in 196.71s

     Running tests/qos.rs (target/debug/deps/qos-b04945ea34ccca1d)

running 0 tests

test result: ok. 0 passed; 0 failed; 0 ignored; 0 measured; 2 filtered out; finished in 0.00s

     Running tests/queryable.rs (target/debug/deps/queryable-93aa6d64b7b6379f)

running 1 test
test test_queryable_same_session ... ok

test result: ok. 1 passed; 0 failed; 0 ignored; 0 measured; 2 filtered out; finished in 1.59s

     Running tests/routing.rs (target/debug/deps/routing-eda43f1265016c2c)

running 8 tests
test gossip_regression_1 ... ok
test gossip_regression_2 ... ok
test gossip_regression_3 ... ok
test router_linkstate ... [2m2026-09-14T13:34:15.489054Z[0m [31mERROR[0m rx-0 ThreadId(13) [2mzenoh::net::routing::hat::client::token[0m[2m:[0m Unknown token [3mid[0m[2m=[0m0
[2m2026-09-14T13:34:17.152562Z[0m [31mERROR[0m net-0 ThreadId(08) [2mzenoh_task[0m[2m:[0m Failed to terminate the task
[2m2026-09-14T13:34:23.064826Z[0m [31mERROR[0m net-2 ThreadId(40) [2mzenoh_task[0m[2m:[0m Failed to terminate the task
[2m2026-09-14T13:34:24.551956Z[0m [31mERROR[0m  rx-1 ThreadId(14) [2mzenoh::net::routing::hat::client::token[0m[2m:[0m Unknown token [3mid[0m[2m=[0m0
[2m2026-09-14T13:34:25.596993Z[0m [31mERROR[0m net-3 ThreadId(41) [2mzenoh_task[0m[2m:[0m Failed to terminate the task
[2m2026-09-14T13:34:27.107875Z[0m [31mERROR[0m net-1 ThreadId(12) [2mzenoh_task[0m[2m:[0m Failed to terminate the task
[2m2026-09-14T13:34:29.661019Z[0m [31mERROR[0m net-4 ThreadId(43) [2mzenoh_task[0m[2m:[0m Failed to terminate the task
[2m2026-09-14T13:34:32.746193Z[0m [31mERROR[0m net-0 ThreadId(08) [2mzenoh_task[0m[2m:[0m Failed to terminate the task
[2m2026-09-14T13:34:32.746202Z[0m [31mERROR[0m net-5 ThreadId(44) [2mzenoh_task[0m[2m:[0m Failed to terminate the task
[2m2026-09-14T13:34:34.664509Z[0m [31mERROR[0m net-6 ThreadId(45) [2mzenoh_task[0m[2m:[0m Failed to terminate the task
[2m2026-09-14T13:34:42.925080Z[0m [31mERROR[0m net-2 ThreadId(40) [2mzenoh_task[0m[2m:[0m Failed to terminate the task
[2m2026-09-14T13:34:46.319998Z[0m [31mERROR[0m net-0 ThreadId(08) [2mzenoh_task[0m[2m:[0m Failed to terminate the task
[2m2026-09-14T13:34:46.320002Z[0m [31mERROR[0m net-6 ThreadId(45) [2mzenoh_task[0m[2m:[0m Failed to terminate the task
[2m2026-09-14T13:34:46.319998Z[0m [31mERROR[0m net-3 ThreadId(41) [2mzenoh_task[0m[2m:[0m Failed to terminate the task
[2m2026-09-14T13:34:47.043586Z[0m [31mERROR[0m  rx-0 ThreadId(13) [2mzenoh::net::routing::hat::client::token[0m[2m:[0m Unknown token [3mid[0m[2m=[0m0
[2m2026-09-14T13:34:47.052640Z[0m [31mERROR[0m  rx-1 ThreadId(14) [2mzenoh::net::routing::hat::router::token[0m[2m:[0m Network graph doesn't contain destination node [3mnode_id[0m[2m=[0m2
[2m2026-09-14T13:34:47.052669Z[0m [31mERROR[0m  rx-1 ThreadId(14) [2mzenoh::net::routing::hat::router::token[0m[2m:[0m Network graph doesn't contain destination node [3mnode_id[0m[2m=[0m2
[2m2026-09-14T13:34:47.052684Z[0m [31mERROR[0m  rx-1 ThreadId(14) [2mzenoh::net::routing::hat::router::token[0m[2m:[0m Network graph doesn't contain destination node [3mnode_id[0m[2m=[0m2
[2m2026-09-14T13:34:47.052696Z[0m [31mERROR[0m  rx-1 ThreadId(14) [2mzenoh::net::routing::hat::router::token[0m[2m:[0m Network graph doesn't contain destination node [3mnode_id[0m[2m=[0m2
[2m2026-09-14T13:34:47.052710Z[0m [31mERROR[0m  rx-1 ThreadId(14) [2mzenoh::net::routing::hat::router::token[0m[2m:[0m Network graph doesn't contain destination node [3mnode_id[0m[2m=[0m2
[2m2026-09-14T13:34:47.052721Z[0m [31mERROR[0m  rx-1 ThreadId(14) [2mzenoh::net::routing::hat::router::token[0m[2m:[0m Network graph doesn't contain destination node [3mnode_id[0m[2m=[0m2
[2m2026-09-14T13:34:47.052733Z[0m [31mERROR[0m  rx-1 ThreadId(14) [2mzenoh::net::routing::hat::router::token[0m[2m:[0m Network graph doesn't contain destination node [3mnode_id[0m[2m=[0m2
[2m2026-09-14T13:34:47.052745Z[0m [31mERROR[0m  rx-1 ThreadId(14) [2mzenoh::net::routing::hat::router::token[0m[2m:[0m Network graph doesn't contain destination node [3mnode_id[0m[2m=[0m2
[2m2026-09-14T13:34:47.052757Z[0m [31mERROR[0m  rx-1 ThreadId(14) [2mzenoh::net::routing::hat::router::token[0m[2m:[0m Network graph doesn't contain destination node [3mnode_id[0m[2m=[0m2
[2m2026-09-14T13:34:47.052768Z[0m [31mERROR[0m  rx-1 ThreadId(14) [2mzenoh::net::routing::hat::router::token[0m[2m:[0m Network graph doesn't contain destination node [3mnode_id[0m[2m=[0m2
[2m2026-09-14T13:34:47.052780Z[0m [31mERROR[0m  rx-1 ThreadId(14) [2mzenoh::net::routing::hat::router::token[0m[2m:[0m Network graph doesn't contain destination node [3mnode_id[0m[2m=[0m2
[2m2026-09-14T13:34:47.052791Z[0m [31mERROR[0m  rx-1 ThreadId(14) [2mzenoh::net::routing::hat::router::token[0m[2m:[0m Network graph doesn't contain destination node [3mnode_id[0m[2m=[0m2
[2m2026-09-14T13:34:47.052803Z[0m [31mERROR[0m  rx-1 ThreadId(14) [2mzenoh::net::routing::hat::router::token[0m[2m:[0m Network graph doesn't contain destination node [3mnode_id[0m[2m=[0m2
[2m2026-09-14T13:34:47.052830Z[0m [31mERROR[0m  rx-1 ThreadId(14) [2mzenoh::net::routing::hat::router::token[0m[2m:[0m Network graph doesn't contain destination node [3mnode_id[0m[2m=[0m2
[2m2026-09-14T13:34:47.052842Z[0m [31mERROR[0m  rx-1 ThreadId(14) [2mzenoh::net::routing::hat::router::token[0m[2m:[0m Network graph doesn't contain destination node [3mnode_id[0m[2m=[0m2
[2m2026-09-14T13:34:47.052853Z[0m [31mERROR[0m  rx-1 ThreadId(14) [2mzenoh::net::routing::hat::router::token[0m[2m:[0m Network graph doesn't contain destination node [3mnode_id[0m[2m=[0m2
[2m2026-09-14T13:34:47.052865Z[0m [31mERROR[0m  rx-1 ThreadId(14) [2mzenoh::net::routing::hat::router::token[0m[2m:[0m Network graph doesn't contain destination node [3mnode_id[0m[2m=[0m2
[2m2026-09-14T13:34:47.052876Z[0m [31mERROR[0m  rx-1 ThreadId(14) [2mzenoh::net::routing::hat::router::token[0m[2m:[0m Network graph doesn't contain destination node [3mnode_id[0m[2m=[0m2
[2m2026-09-14T13:34:47.052886Z[0m [31mERROR[0m  rx-1 ThreadId(14) [2mzenoh::net::routing::hat::router::token[0m[2m:[0m Network graph doesn't contain destination node [3mnode_id[0m[2m=[0m2
[2m2026-09-14T13:34:47.052897Z[0m [31mERROR[0m  rx-1 ThreadId(14) [2mzenoh::net::routing::hat::router::token[0m[2m:[0m Network graph doesn't contain destination node [3mnode_id[0m[2m=[0m2
[2m2026-09-14T13:34:47.052908Z[0m [31mERROR[0m  rx-1 ThreadId(14) [2mzenoh::net::routing::hat::router::token[0m[2m:[0m Network graph doesn't contain destination node [3mnode_id[0m[2m=[0m2
[2m2026-09-14T13:34:47.052921Z[0m [31mERROR[0m  rx-1 ThreadId(14) [2mzenoh::net::routing::hat::router::token[0m[2m:[0m Network graph doesn't contain destination node [3mnode_id[0m[2m=[0m2
[2m2026-09-14T13:34:47.052946Z[0m [31mERROR[0m  rx-1 ThreadId(14) [2mzenoh::net::routing::hat::router::token[0m[2m:[0m Network graph doesn't contain destination node [3mnode_id[0m[2m=[0m2
[2m2026-09-14T13:34:47.052959Z[0m [31mERROR[0m  rx-1 ThreadId(14) [2mzenoh::net::routing::hat::router::token[0m[2m:[0m Network graph doesn't contain destination node [3mnode_id[0m[2m=[0m2
[2m2026-09-14T13:34:47.052971Z[0m [31mERROR[0m  rx-1 ThreadId(14) [2mzenoh::net::routing::hat::router::token[0m[2m:[0m Network graph doesn't contain destination node [3mnode_id[0m[2m=[0m2
[2m2026-09-14T13:34:47.052983Z[0m [31mERROR[0m  rx-1 ThreadId(14) [2mzenoh::net::routing::hat::router::token[0m[2m:[0m Network graph doesn't contain destination node [3mnode_id[0m[2m=[0m2
[2m2026-09-14T13:34:47.052993Z[0m [31mERROR[0m  rx-1 ThreadId(14) [2mzenoh::net::routing::hat::router::token[0m[2m:[0m Network graph doesn't contain destination node [3mnode_id[0m[2m=[0m2
[2m2026-09-14T13:34:47.053003Z[0m [31mERROR[0m  rx-1 ThreadId(14) [2mzenoh::net::routing::hat::router::token[0m[2m:[0m Network graph doesn't contain destination node [3mnode_id[0m[2m=[0m2
[2m2026-09-14T13:34:47.053013Z[0m [31mERROR[0m  rx-1 ThreadId(14) [2mzenoh::net::routing::hat::router::token[0m[2m:[0m Network graph doesn't contain destination node [3mnode_id[0m[2m=[0m2
[2m2026-09-14T13:34:47.053023Z[0m [31mERROR[0m  rx-1 ThreadId(14) [2mzenoh::net::routing::hat::router::token[0m[2m:[0m Network graph doesn't contain destination node [3mnode_id[0m[2m=[0m2
[2m2026-09-14T13:34:47.053033Z[0m [31mERROR[0m  rx-1 ThreadId(14) [2mzenoh::net::routing::hat::router::token[0m[2m:[0m Network graph doesn't contain destination node [3mnode_id[0m[2m=[0m2
[2m2026-09-14T13:34:47.053043Z[0m [31mERROR[0m  rx-1 ThreadId(14) [2mzenoh::net::routing::hat::router::token[0m[2m:[0m Network graph doesn't contain destination node [3mnode_id[0m[2m=[0m2
[2m2026-09-14T13:34:47.053053Z[0m [31mERROR[0m  rx-1 ThreadId(14) [2mzenoh::net::routing::hat::router::token[0m[2m:[0m Network graph doesn't contain destination node [3mnode_id[0m[2m=[0m2
[2m2026-09-14T13:34:47.053065Z[0m [31mERROR[0m  rx-1 ThreadId(14) [2mzenoh::net::routing::hat::router::token[0m[2m:[0m Network graph doesn't contain destination node [3mnode_id[0m[2m=[0m2
[2m2026-09-14T13:34:47.053074Z[0m [31mERROR[0m  rx-1 ThreadId(14) [2mzenoh::net::routing::hat::router::token[0m[2m:[0m Network graph doesn't contain destination node [3mnode_id[0m[2m=[0m2
[2m2026-09-14T13:34:47.053084Z[0m [31mERROR[0m  rx-1 ThreadId(14) [2mzenoh::net::routing::hat::router::token[0m[2m:[0m Network graph doesn't contain destination node [3mnode_id[0m[2m=[0m2
[2m2026-09-14T13:34:47.053094Z[0m [31mERROR[0m  rx-1 ThreadId(14) [2mzenoh::net::routing::hat::router::token[0m[2m:[0m Network graph doesn't contain destination node [3mnode_id[0m[2m=[0m2
[2m2026-09-14T13:34:47.053104Z[0m [31mERROR[0m  rx-1 ThreadId(14) [2mzenoh::net::routing::hat::router::token[0m[2m:[0m Network graph doesn't contain destination node [3mnode_id[0m[2m=[0m2
[2m2026-09-14T13:34:47.053114Z[0m [31mERROR[0m  rx-1 ThreadId(14) [2mzenoh::net::routing::hat::router::token[0m[2m:[0m Network graph doesn't contain destination node [3mnode_id[0m[2m=[0m2
[2m2026-09-14T13:34:47.053124Z[0m [31mERROR[0m  rx-1 ThreadId(14) [2mzenoh::net::routing::hat::router::token[0m[2m:[0m Network graph doesn't contain destination node [3mnode_id[0m[2m=[0m2
[2m2026-09-14T13:34:47.053134Z[0m [31mERROR[0m  rx-1 ThreadId(14) [2mzenoh::net::routing::hat::router::token[0m[2m:[0m Network graph doesn't contain destination node [3mnode_id[0m[2m=[0m2
[2m2026-09-14T13:34:47.053144Z[0m [31mERROR[0m  rx-1 ThreadId(14) [2mzenoh::net::routing::hat::router::token[0m[2m:[0m Network graph doesn't contain destination node [3mnode_id[0m[2m=[0m2
[2m2026-09-14T13:34:47.053154Z[0m [31mERROR[0m  rx-1 ThreadId(14) [2mzenoh::net::routing::hat::router::token[0m[2m:[0m Network graph doesn't contain destination node [3mnode_id[0m[2m=[0m2
[2m2026-09-14T13:34:47.053164Z[0m [31mERROR[0m  rx-1 ThreadId(14) [2mzenoh::net::routing::hat::router::token[0m[2m:[0m Network graph doesn't contain destination node [3mnode_id[0m[2m=[0m2
[2m2026-09-14T13:34:47.053174Z[0m [31mERROR[0m  rx-1 ThreadId(14) [2mzenoh::net::routing::hat::router::token[0m[2m:[0m Network graph doesn't contain destination node [3mnode_id[0m[2m=[0m2
[2m2026-09-14T13:34:47.053184Z[0m [31mERROR[0m  rx-1 ThreadId(14) [2mzenoh::net::routing::hat::router::token[0m[2m:[0m Network graph doesn't contain destination node [3mnode_id[0m[2m=[0m2
[2m2026-09-14T13:34:47.053194Z[0m [31mERROR[0m  rx-1 ThreadId(14) [2mzenoh::net::routing::hat::router::token[0m[2m:[0m Network graph doesn't contain destination node [3mnode_id[0m[2m=[0m2
[2m2026-09-14T13:34:47.053203Z[0m [31mERROR[0m  rx-1 ThreadId(14) [2mzenoh::net::routing::hat::router::token[0m[2m:[0m Network graph doesn't contain destination node [3mnode_id[0m[2m=[0m2
[2m2026-09-14T13:34:47.053214Z[0m [31mERROR[0m  rx-1 ThreadId(14) [2mzenoh::net::routing::hat::router::token[0m[2m:[0m Network graph doesn't contain destination node [3mnode_id[0m[2m=[0m2
[2m2026-09-14T13:34:47.053223Z[0m [31mERROR[0m  rx-1 ThreadId(14) [2mzenoh::net::routing::hat::router::token[0m[2m:[0m Network graph doesn't contain destination node [3mnode_id[0m[2m=[0m2
[2m2026-09-14T13:34:47.053233Z[0m [31mERROR[0m  rx-1 ThreadId(14) [2mzenoh::net::routing::hat::router::token[0m[2m:[0m Network graph doesn't contain destination node [3mnode_id[0m[2m=[0m2
[2m2026-09-14T13:34:47.053243Z[0m [31mERROR[0m  rx-1 ThreadId(14) [2mzenoh::net::routing::hat::router::token[0m[2m:[0m Network graph doesn't contain destination node [3mnode_id[0m[2m=[0m2
[2m2026-09-14T13:34:47.053253Z[0m [31mERROR[0m  rx-1 ThreadId(14) [2mzenoh::net::routing::hat::router::token[0m[2m:[0m Network graph doesn't contain destination node [3mnode_id[0m[2m=[0m2
[2m2026-09-14T13:34:47.053263Z[0m [31mERROR[0m  rx-1 ThreadId(14) [2mzenoh::net::routing::hat::router::token[0m[2m:[0m Network graph doesn't contain destination node [3mnode_id[0m[2m=[0m2
[2m2026-09-14T13:34:47.053274Z[0m [31mERROR[0m  rx-1 ThreadId(14) [2mzenoh::net::routing::hat::router::token[0m[2m:[0m Network graph doesn't contain destination node [3mnode_id[0m[2m=[0m2
[2m2026-09-14T13:34:47.053284Z[0m [31mERROR[0m  rx-1 ThreadId(14) [2mzenoh::net::routing::hat::router::token[0m[2m:[0m Network graph doesn't contain destination node [3mnode_id[0m[2m=[0m2
[2m2026-09-14T13:34:47.053294Z[0m [31mERROR[0m  rx-1 ThreadId(14) [2mzenoh::net::routing::hat::router::token[0m[2m:[0m Network graph doesn't contain destination node [3mnode_id[0m[2m=[0m2
[2m2026-09-14T13:34:47.053304Z[0m [31mERROR[0m  rx-1 ThreadId(14) [2mzenoh::net::routing::hat::router::token[0m[2m:[0m Network graph doesn't contain destination node [3mnode_id[0m[2m=[0m2
[2m2026-09-14T13:34:47.053313Z[0m [31mERROR[0m  rx-1 ThreadId(14) [2mzenoh::net::routing::hat::router::token[0m[2m:[0m Network graph doesn't contain destination node [3mnode_id[0m[2m=[0m2
[2m2026-09-14T13:34:47.053323Z[0m [31mERROR[0m  rx-1 ThreadId(14) [2mzenoh::net::routing::hat::router::token[0m[2m:[0m Network graph doesn't contain destination node [3mnode_id[0m[2m=[0m2
[2m2026-09-14T13:34:47.053333Z[0m [31mERROR[0m  rx-1 ThreadId(14) [2mzenoh::net::routing::hat::router::token[0m[2m:[0m Network graph doesn't contain destination node [3mnode_id[0m[2m=[0m2
[2m2026-09-14T13:34:47.053343Z[0m [31mERROR[0m  rx-1 ThreadId(14) [2mzenoh::net::routing::hat::router::token[0m[2m:[0m Network graph doesn't contain destination node [3mnode_id[0m[2m=[0m2
[2m2026-09-14T13:34:47.053353Z[0m [31mERROR[0m  rx-1 ThreadId(14) [2mzenoh::net::routing::hat::router::token[0m[2m:[0m Network graph doesn't contain destination node [3mnode_id[0m[2m=[0m2
[2m2026-09-14T13:34:47.053363Z[0m [31mERROR[0m  rx-1 ThreadId(14) [2mzenoh::net::routing::hat::router::token[0m[2m:[0m Network graph doesn't contain destination node [3mnode_id[0m[2m=[0m2
[2m2026-09-14T13:34:47.053373Z[0m [31mERROR[0m  rx-1 ThreadId(14) [2mzenoh::net::routing::hat::router::token[0m[2m:[0m Network graph doesn't contain destination node [3mnode_id[0m[2m=[0m2
[2m2026-09-14T13:34:47.053383Z[0m [31mERROR[0m  rx-1 ThreadId(14) [2mzenoh::net::routing::hat::router::token[0m[2m:[0m Network graph doesn't contain destination node [3mnode_id[0m[2m=[0m2
[2m2026-09-14T13:34:47.053393Z[0m [31mERROR[0m  rx-1 ThreadId(14) [2mzenoh::net::routing::hat::router::token[0m[2m:[0m Network graph doesn't contain destination node [3mnode_id[0m[2m=[0m2
[2m2026-09-14T13:34:47.053402Z[0m [31mERROR[0m  rx-1 ThreadId(14) [2mzenoh::net::routing::hat::router::token[0m[2m:[0m Network graph doesn't contain destination node [3mnode_id[0m[2m=[0m2
[2m2026-09-14T13:34:47.053412Z[0m [31mERROR[0m  rx-1 ThreadId(14) [2mzenoh::net::routing::hat::router::token[0m[2m:[0m Network graph doesn't contain destination node [3mnode_id[0m[2m=[0m2
[2m2026-09-14T13:34:47.053422Z[0m [31mERROR[0m  rx-1 ThreadId(14) [2mzenoh::net::routing::hat::router::token[0m[2m:[0m Network graph doesn't contain destination node [3mnode_id[0m[2m=[0m2
[2m2026-09-14T13:34:47.053432Z[0m [31mERROR[0m  rx-1 ThreadId(14) [2mzenoh::net::routing::hat::router::token[0m[2m:[0m Network graph doesn't contain destination node [3mnode_id[0m[2m=[0m2
[2m2026-09-14T13:34:47.053442Z[0m [31mERROR[0m  rx-1 ThreadId(14) [2mzenoh::net::routing::hat::router::token[0m[2m:[0m Network graph doesn't contain destination node [3mnode_id[0m[2m=[0m2
[2m2026-09-14T13:34:47.053452Z[0m [31mERROR[0m  rx-1 ThreadId(14) [2mzenoh::net::routing::hat::router::token[0m[2m:[0m Network graph doesn't contain destination node [3mnode_id[0m[2m=[0m2
[2m2026-09-14T13:34:47.053461Z[0m [31mERROR[0m  rx-1 ThreadId(14) [2mzenoh::net::routing::hat::router::token[0m[2m:[0m Network graph doesn't contain destination node [3mnode_id[0m[2m=[0m2
[2m2026-09-14T13:34:47.053482Z[0m [31mERROR[0m  rx-1 ThreadId(14) [2mzenoh::net::routing::hat::router::token[0m[2m:[0m Network graph doesn't contain destination node [3mnode_id[0m[2m=[0m2
[2m2026-09-14T13:34:47.053493Z[0m [31mERROR[0m  rx-1 ThreadId(14) [2mzenoh::net::routing::hat::router::token[0m[2m:[0m Network graph doesn't contain destination node [3mnode_id[0m[2m=[0m2
[2m2026-09-14T13:34:47.053503Z[0m [31mERROR[0m  rx-1 ThreadId(14) [2mzenoh::net::routing::hat::router::token[0m[2m:[0m Network graph doesn't contain destination node [3mnode_id[0m[2m=[0m2
[2m2026-09-14T13:34:47.053513Z[0m [31mERROR[0m  rx-1 ThreadId(14) [2mzenoh::net::routing::hat::router::token[0m[2m:[0m Network graph doesn't contain destination node [3mnode_id[0m[2m=[0m2
[2m2026-09-14T13:34:47.053522Z[0m [31mERROR[0m  rx-1 ThreadId(14) [2mzenoh::net::routing::hat::router::token[0m[2m:[0m Network graph doesn't contain destination node [3mnode_id[0m[2m=[0m2
[2m2026-09-14T13:34:47.053532Z[0m [31mERROR[0m  rx-1 ThreadId(14) [2mzenoh::net::routing::hat::router::token[0m[2m:[0m Network graph doesn't contain destination node [3mnode_id[0m[2m=[0m2
[2m2026-09-14T13:34:47.053542Z[0m [31mERROR[0m  rx-1 ThreadId(14) [2mzenoh::net::routing::hat::router::token[0m[2m:[0m Network graph doesn't contain destination node [3mnode_id[0m[2m=[0m2
[2m2026-09-14T13:34:47.053552Z[0m [31mERROR[0m  rx-1 ThreadId(14) [2mzenoh::net::routing::hat::router::token[0m[2m:[0m Network graph doesn't contain destination node [3mnode_id[0m[2m=[0m2
[2m2026-09-14T13:34:47.053562Z[0m [31mERROR[0m  rx-1 ThreadId(14) [2mzenoh::net::routing::hat::router::token[0m[2m:[0m Network graph doesn't contain destination node [3mnode_id[0m[2m=[0m2
[2m2026-09-14T13:34:47.053572Z[0m [31mERROR[0m  rx-1 ThreadId(14) [2mzenoh::net::routing::hat::router::token[0m[2m:[0m Network graph doesn't contain destination node [3mnode_id[0m[2m=[0m2
[2m2026-09-14T13:34:47.053582Z[0m [31mERROR[0m  rx-1 ThreadId(14) [2mzenoh::net::routing::hat::router::token[0m[2m:[0m Network graph doesn't contain destination node [3mnode_id[0m[2m=[0m2
[2m2026-09-14T13:34:47.053591Z[0m [31mERROR[0m  rx-1 ThreadId(14) [2mzenoh::net::routing::hat::router::token[0m[2m:[0m Network graph doesn't contain destination node [3mnode_id[0m[2m=[0m2
[2m2026-09-14T13:34:47.053601Z[0m [31mERROR[0m  rx-1 ThreadId(14) [2mzenoh::net::routing::hat::router::token[0m[2m:[0m Network graph doesn't contain destination node [3mnode_id[0m[2m=[0m2
[2m2026-09-14T13:34:47.053611Z[0m [31mERROR[0m  rx-1 ThreadId(14) [2mzenoh::net::routing::hat::router::token[0m[2m:[0m Network graph doesn't contain destination node [3mnode_id[0m[2m=[0m2
[2m2026-09-14T13:34:47.053621Z[0m [31mERROR[0m  rx-1 ThreadId(14) [2mzenoh::net::routing::hat::router::token[0m[2m:[0m Network graph doesn't contain destination node [3mnode_id[0m[2m=[0m2
[2m2026-09-14T13:34:47.053631Z[0m [31mERROR[0m  rx-1 ThreadId(14) [2mzenoh::net::routing::hat::router::token[0m[2m:[0m Network graph doesn't contain destination node [3mnode_id[0m[2m=[0m2
[2m2026-09-14T13:34:47.053640Z[0m [31mERROR[0m  rx-1 ThreadId(14) [2mzenoh::net::routing::hat::router::token[0m[2m:[0m Network graph doesn't contain destination node [3mnode_id[0m[2m=[0m2
[2m2026-09-14T13:34:47.053650Z[0m [31mERROR[0m  rx-1 ThreadId(14) [2mzenoh::net::routing::hat::router::token[0m[2m:[0m Network graph doesn't contain destination node [3mnode_id[0m[2m=[0m2
[2m2026-09-14T13:34:47.053660Z[0m [31mERROR[0m  rx-1 ThreadId(14) [2mzenoh::net::routing::hat::router::token[0m[2m:[0m Network graph doesn't contain destination node [3mnode_id[0m[2m=[0m2
[2m2026-09-14T13:34:47.053670Z[0m [31mERROR[0m  rx-1 ThreadId(14) [2mzenoh::net::routing::hat::router::token[0m[2m:[0m Network graph doesn't contain destination node [3mnode_id[0m[2m=[0m2
[2m2026-09-14T13:34:47.053679Z[0m [31mERROR[0m  rx-1 ThreadId(14) [2mzenoh::net::routing::hat::router::token[0m[2m:[0m Network graph doesn't contain destination node [3mnode_id[0m[2m=[0m2
[2m2026-09-14T13:34:47.053691Z[0m [31mERROR[0m  rx-1 ThreadId(14) [2mzenoh::net::routing::hat::router::token[0m[2m:[0m Network graph doesn't contain destination node [3mnode_id[0m[2m=[0m2
[2m2026-09-14T13:34:47.053700Z[0m [31mERROR[0m  rx-1 ThreadId(14) [2mzenoh::net::routing::hat::router::token[0m[2m:[0m Network graph doesn't contain destination node [3mnode_id[0m[2m=[0m2
[2m2026-09-14T13:34:47.053710Z[0m [31mERROR[0m  rx-1 ThreadId(14) [2mzenoh::net::routing::hat::router::token[0m[2m:[0m Network graph doesn't contain destination node [3mnode_id[0m[2m=[0m2
[2m2026-09-14T13:34:47.053720Z[0m [31mERROR[0m  rx-1 ThreadId(14) [2mzenoh::net::routing::hat::router::token[0m[2m:[0m Network graph doesn't contain destination node [3mnode_id[0m[2m=[0m2
[2m2026-09-14T13:34:47.053729Z[0m [31mERROR[0m  rx-1 ThreadId(14) [2mzenoh::net::routing::hat::router::token[0m[2m:[0m Network graph doesn't contain destination node [3mnode_id[0m[2m=[0m2
[2m2026-09-14T13:34:47.053739Z[0m [31mERROR[0m  rx-1 ThreadId(14) [2mzenoh::net::routing::hat::router::token[0m[2m:[0m Network graph doesn't contain destination node [3mnode_id[0m[2m=[0m2
[2m2026-09-14T13:34:47.053749Z[0m [31mERROR[0m  rx-1 ThreadId(14) [2mzenoh::net::routing::hat::router::token[0m[2m:[0m Network graph doesn't contain destination node [3mnode_id[0m[2m=[0m2
[2m2026-09-14T13:34:47.053759Z[0m [31mERROR[0m  rx-1 ThreadId(14) [2mzenoh::net::routing::hat::router::token[0m[2m:[0m Network graph doesn't contain destination node [3mnode_id[0m[2m=[0m2
[2m2026-09-14T13:34:47.053768Z[0m [31mERROR[0m  rx-1 ThreadId(14) [2mzenoh::net::routing::hat::router::token[0m[2m:[0m Network graph doesn't contain destination node [3mnode_id[0m[2m=[0m2
[2m2026-09-14T13:34:47.053779Z[0m [31mERROR[0m  rx-1 ThreadId(14) [2mzenoh::net::routing::hat::router::token[0m[2m:[0m Network graph doesn't contain destination node [3mnode_id[0m[2m=[0m2
[2m2026-09-14T13:34:47.053791Z[0m [31mERROR[0m  rx-1 ThreadId(14) [2mzenoh::net::routing::hat::router::token[0m[2m:[0m Network graph doesn't contain destination node [3mnode_id[0m[2m=[0m2
[2m2026-09-14T13:34:47.053801Z[0m [31mERROR[0m  rx-1 ThreadId(14) [2mzenoh::net::routing::hat::router::token[0m[2m:[0m Network graph doesn't contain destination node [3mnode_id[0m[2m=[0m2
[2m2026-09-14T13:34:47.053811Z[0m [31mERROR[0m  rx-1 ThreadId(14) [2mzenoh::net::routing::hat::router::token[0m[2m:[0m Network graph doesn't contain destination node [3mnode_id[0m[2m=[0m2
[2m2026-09-14T13:34:47.053821Z[0m [31mERROR[0m  rx-1 ThreadId(14) [2mzenoh::net::routing::hat::router::token[0m[2m:[0m Network graph doesn't contain destination node [3mnode_id[0m[2m=[0m2
[2m2026-09-14T13:34:47.053831Z[0m [31mERROR[0m  rx-1 ThreadId(14) [2mzenoh::net::routing::hat::router::token[0m[2m:[0m Network graph doesn't contain destination node [3mnode_id[0m[2m=[0m2
[2m2026-09-14T13:34:47.053841Z[0m [31mERROR[0m  rx-1 ThreadId(14) [2mzenoh::net::routing::hat::router::token[0m[2m:[0m Network graph doesn't contain destination node [3mnode_id[0m[2m=[0m2
[2m2026-09-14T13:34:47.053851Z[0m [31mERROR[0m  rx-1 ThreadId(14) [2mzenoh::net::routing::hat::router::token[0m[2m:[0m Network graph doesn't contain destination node [3mnode_id[0m[2m=[0m2
[2m2026-09-14T13:34:47.053861Z[0m [31mERROR[0m  rx-1 ThreadId(14) [2mzenoh::net::routing::hat::router::token[0m[2m:[0m Network graph doesn't contain destination node [3mnode_id[0m[2m=[0m2
[2m2026-09-14T13:34:47.053871Z[0m [31mERROR[0m  rx-1 ThreadId(14) [2mzenoh::net::routing::hat::router::token[0m[2m:[0m Network graph doesn't contain destination node [3mnode_id[0m[2m=[0m2
[2m2026-09-14T13:34:47.053880Z[0m [31mERROR[0m  rx-1 ThreadId(14) [2mzenoh::net::routing::hat::router::token[0m[2m:[0m Network graph doesn't contain destination node [3mnode_id[0m[2m=[0m2
[2m2026-09-14T13:34:47.053891Z[0m [31mERROR[0m  rx-1 ThreadId(14) [2mzenoh::net::routing::hat::router::token[0m[2m:[0m Network graph doesn't contain destination node [3mnode_id[0m[2m=[0m2
[2m2026-09-14T13:34:47.053901Z[0m [31mERROR[0m  rx-1 ThreadId(14) [2mzenoh::net::routing::hat::router::token[0m[2m:[0m Network graph doesn't contain destination node [3mnode_id[0m[2m=[0m2
[2m2026-09-14T13:34:47.053911Z[0m [31mERROR[0m  rx-1 ThreadId(14) [2mzenoh::net::routing::hat::router::token[0m[2m:[0m Network graph doesn't contain destination node [3mnode_id[0m[2m=[0m2
[2m2026-09-14T13:34:47.053921Z[0m [31mERROR[0m  rx-1 ThreadId(14) [2mzenoh::net::routing::hat::router::token[0m[2m:[0m Network graph doesn't contain destination node [3mnode_id[0m[2m=[0m2
[2m2026-09-14T13:34:47.053936Z[0m [31mERROR[0m  rx-1 ThreadId(14) [2mzenoh::net::routing::hat::router::token[0m[2m:[0m Network graph doesn't contain destination node [3mnode_id[0m[2m=[0m2
[2m2026-09-14T13:34:47.053947Z[0m [31mERROR[0m  rx-1 ThreadId(14) [2mzenoh::net::routing::hat::router::token[0m[2m:[0m Network graph doesn't contain destination node [3mnode_id[0m[2m=[0m2
[2m2026-09-14T13:34:47.053957Z[0m [31mERROR[0m  rx-1 ThreadId(14) [2mzenoh::net::routing::hat::router::token[0m[2m:[0m Network graph doesn't contain destination node [3mnode_id[0m[2m=[0m2
[2m2026-09-14T13:34:47.053967Z[0m [31mERROR[0m  rx-1 ThreadId(14) [2mzenoh::net::routing::hat::router::token[0m[2m:[0m Network graph doesn't contain destination node [3mnode_id[0m[2m=[0m2
[2m2026-09-14T13:34:47.053977Z[0m [31mERROR[0m  rx-1 ThreadId(14) [2mzenoh::net::routing::hat::router::token[0m[2m:[0m Network graph doesn't contain destination node [3mnode_id[0m[2m=[0m2
[2m2026-09-14T13:34:47.053989Z[0m [31mERROR[0m  rx-1 ThreadId(14) [2mzenoh::net::routing::hat::router::token[0m[2m:[0m Network graph doesn't contain destination node [3mnode_id[0m[2m=[0m2
[2m2026-09-14T13:34:47.054000Z[0m [31mERROR[0m  rx-1 ThreadId(14) [2mzenoh::net::routing::hat::router::token[0m[2m:[0m Network graph doesn't contain destination node [3mnode_id[0m[2m=[0m2
[2m2026-09-14T13:34:47.054010Z[0m [31mERROR[0m  rx-1 ThreadId(14) [2mzenoh::net::routing::hat::router::token[0m[2m:[0m Network graph doesn't contain destination node [3mnode_id[0m[2m=[0m2
[2m2026-09-14T13:34:47.054020Z[0m [31mERROR[0m  rx-1 ThreadId(14) [2mzenoh::net::routing::hat::router::token[0m[2m:[0m Network graph doesn't contain destination node [3mnode_id[0m[2m=[0m2
[2m2026-09-14T13:34:47.054029Z[0m [31mERROR[0m  rx-1 ThreadId(14) [2mzenoh::net::routing::hat::router::token[0m[2m:[0m Network graph doesn't contain destination node [3mnode_id[0m[2m=[0m2
[2m2026-09-14T13:34:47.054039Z[0m [31mERROR[0m  rx-1 ThreadId(14) [2mzenoh::net::routing::hat::router::token[0m[2m:[0m Network graph doesn't contain destination node [3mnode_id[0m[2m=[0m2
[2m2026-09-14T13:34:47.054049Z[0m [31mERROR[0m  rx-1 ThreadId(14) [2mzenoh::net::routing::hat::router::token[0m[2m:[0m Network graph doesn't contain destination node [3mnode_id[0m[2m=[0m2
[2m2026-09-14T13:34:47.054059Z[0m [31mERROR[0m  rx-1 ThreadId(14) [2mzenoh::net::routing::hat::router::token[0m[2m:[0m Network graph doesn't contain destination node [3mnode_id[0m[2m=[0m2
[2m2026-09-14T13:34:47.054069Z[0m [31mERROR[0m  rx-1 ThreadId(14) [2mzenoh::net::routing::hat::router::token[0m[2m:[0m Network graph doesn't contain destination node [3mnode_id[0m[2m=[0m2
[2m2026-09-14T13:34:47.054079Z[0m [31mERROR[0m  rx-1 ThreadId(14) [2mzenoh::net::routing::hat::router::token[0m[2m:[0m Network graph doesn't contain destination node [3mnode_id[0m[2m=[0m2
[2m2026-09-14T13:34:47.054088Z[0m [31mERROR[0m  rx-1 ThreadId(14) [2mzenoh::net::routing::hat::router::token[0m[2m:[0m Network graph doesn't contain destination node [3mnode_id[0m[2m=[0m2
[2m2026-09-14T13:34:47.054100Z[0m [31mERROR[0m  rx-1 ThreadId(14) [2mzenoh::net::routing::hat::router::token[0m[2m:[0m Network graph doesn't contain destination node [3mnode_id[0m[2m=[0m2
[2m2026-09-14T13:34:47.054110Z[0m [31mERROR[0m  rx-1 ThreadId(14) [2mzenoh::net::routing::hat::router::token[0m[2m:[0m Network graph doesn't contain destination node [3mnode_id[0m[2m=[0m2
[2m2026-09-14T13:34:47.054119Z[0m [31mERROR[0m  rx-1 ThreadId(14) [2mzenoh::net::routing::hat::router::token[0m[2m:[0m Network graph doesn't contain destination node [3mnode_id[0m[2m=[0m2
[2m2026-09-14T13:34:47.054129Z[0m [31mERROR[0m  rx-1 ThreadId(14) [2mzenoh::net::routing::hat::router::token[0m[2m:[0m Network graph doesn't contain destination node [3mnode_id[0m[2m=[0m2
[2m2026-09-14T13:34:47.054139Z[0m [31mERROR[0m  rx-1 ThreadId(14) [2mzenoh::net::routing::hat::router::token[0m[2m:[0m Network graph doesn't contain destination node [3mnode_id[0m[2m=[0m2
[2m2026-09-14T13:34:47.054149Z[0m [31mERROR[0m  rx-1 ThreadId(14) [2mzenoh::net::routing::hat::router::token[0m[2m:[0m Network graph doesn't contain destination node [3mnode_id[0m[2m=[0m2
[2m2026-09-14T13:34:47.054158Z[0m [31mERROR[0m  rx-1 ThreadId(14) [2mzenoh::net::routing::hat::router::token[0m[2m:[0m Network graph doesn't contain destination node [3mnode_id[0m[2m=[0m2
[2m2026-09-14T13:34:47.054168Z[0m [31mERROR[0m  rx-1 ThreadId(14) [2mzenoh::net::routing::hat::router::token[0m[2m:[0m Network graph doesn't contain destination node [3mnode_id[0m[2m=[0m2
[2m2026-09-14T13:34:47.054178Z[0m [31mERROR[0m  rx-1 ThreadId(14) [2mzenoh::net::routing::hat::router::token[0m[2m:[0m Network graph doesn't contain destination node [3mnode_id[0m[2m=[0m2
[2m2026-09-14T13:34:47.054188Z[0m [31mERROR[0m  rx-1 ThreadId(14) [2mzenoh::net::routing::hat::router::token[0m[2m:[0m Network graph doesn't contain destination node [3mnode_id[0m[2m=[0m2
[2m2026-09-14T13:34:47.054197Z[0m [31mERROR[0m  rx-1 ThreadId(14) [2mzenoh::net::routing::hat::router::token[0m[2m:[0m Network graph doesn't contain destination node [3mnode_id[0m[2m=[0m2
[2m2026-09-14T13:34:47.054207Z[0m [31mERROR[0m  rx-1 ThreadId(14) [2mzenoh::net::routing::hat::router::token[0m[2m:[0m Network graph doesn't contain destination node [3mnode_id[0m[2m=[0m2
[2m2026-09-14T13:34:47.054217Z[0m [31mERROR[0m  rx-1 ThreadId(14) [2mzenoh::net::routing::hat::router::token[0m[2m:[0m Network graph doesn't contain destination node [3mnode_id[0m[2m=[0m2
[2m2026-09-14T13:34:47.054226Z[0m [31mERROR[0m  rx-1 ThreadId(14) [2mzenoh::net::routing::hat::router::token[0m[2m:[0m Network graph doesn't contain destination node [3mnode_id[0m[2m=[0m2
[2m2026-09-14T13:34:47.054236Z[0m [31mERROR[0m  rx-1 ThreadId(14) [2mzenoh::net::routing::hat::router::token[0m[2m:[0m Network graph doesn't contain destination node [3mnode_id[0m[2m=[0m2
[2m2026-09-14T13:34:47.054246Z[0m [31mERROR[0m  rx-1 ThreadId(14) [2mzenoh::net::routing::hat::router::token[0m[2m:[0m Network graph doesn't contain destination node [3mnode_id[0m[2m=[0m2
[2m2026-09-14T13:34:47.054256Z[0m [31mERROR[0m  rx-1 ThreadId(14) [2mzenoh::net::routing::hat::router::token[0m[2m:[0m Network graph doesn't contain destination node [3mnode_id[0m[2m=[0m2
[2m2026-09-14T13:34:47.054265Z[0m [31mERROR[0m  rx-1 ThreadId(14) [2mzenoh::net::routing::hat::router::token[0m[2m:[0m Network graph doesn't contain destination node [3mnode_id[0m[2m=[0m2
[2m2026-09-14T13:34:47.054275Z[0m [31mERROR[0m  rx-1 ThreadId(14) [2mzenoh::net::routing::hat::router::token[0m[2m:[0m Network graph doesn't contain destination node [3mnode_id[0m[2m=[0m2
[2m2026-09-14T13:34:47.054285Z[0m [31mERROR[0m  rx-1 ThreadId(14) [2mzenoh::net::routing::hat::router::token[0m[2m:[0m Network graph doesn't contain destination node [3mnode_id[0m[2m=[0m2
[2m2026-09-14T13:34:47.054295Z[0m [31mERROR[0m  rx-1 ThreadId(14) [2mzenoh::net::routing::hat::router::token[0m[2m:[0m Network graph doesn't contain destination node [3mnode_id[0m[2m=[0m2
[2m2026-09-14T13:34:47.054306Z[0m [31mERROR[0m  rx-1 ThreadId(14) [2mzenoh::net::routing::hat::router::token[0m[2m:[0m Network graph doesn't contain destination node [3mnode_id[0m[2m=[0m2
[2m2026-09-14T13:34:47.054315Z[0m [31mERROR[0m  rx-1 ThreadId(14) [2mzenoh::net::routing::hat::router::token[0m[2m:[0m Network graph doesn't contain destination node [3mnode_id[0m[2m=[0m2
[2m2026-09-14T13:34:47.054325Z[0m [31mERROR[0m  rx-1 ThreadId(14) [2mzenoh::net::routing::hat::router::token[0m[2m:[0m Network graph doesn't contain destination node [3mnode_id[0m[2m=[0m2
[2m2026-09-14T13:34:47.054335Z[0m [31mERROR[0m  rx-1 ThreadId(14) [2mzenoh::net::routing::hat::router::token[0m[2m:[0m Network graph doesn't contain destination node [3mnode_id[0m[2m=[0m2
[2m2026-09-14T13:34:47.054345Z[0m [31mERROR[0m  rx-1 ThreadId(14) [2mzenoh::net::routing::hat::router::token[0m[2m:[0m Network graph doesn't contain destination node [3mnode_id[0m[2m=[0m2
[2m2026-09-14T13:34:47.054355Z[0m [31mERROR[0m  rx-1 ThreadId(14) [2mzenoh::net::routing::hat::router::token[0m[2m:[0m Network graph doesn't contain destination node [3mnode_id[0m[2m=[0m2
[2m2026-09-14T13:34:47.054364Z[0m [31mERROR[0m  rx-1 ThreadId(14) [2mzenoh::net::routing::hat::router::token[0m[2m:[0m Network graph doesn't contain destination node [3mnode_id[0m[2m=[0m2
[2m2026-09-14T13:34:47.054374Z[0m [31mERROR[0m  rx-1 ThreadId(14) [2mzenoh::net::routing::hat::router::token[0m[2m:[0m Network graph doesn't contain destination node [3mnode_id[0m[2m=[0m2
[2m2026-09-14T13:34:47.054384Z[0m [31mERROR[0m  rx-1 ThreadId(14) [2mzenoh::net::routing::hat::router::token[0m[2m:[0m Network graph doesn't contain destination node [3mnode_id[0m[2m=[0m2
[2m2026-09-14T13:34:47.054393Z[0m [31mERROR[0m  rx-1 ThreadId(14) [2mzenoh::net::routing::hat::router::token[0m[2m:[0m Network graph doesn't contain destination node [3mnode_id[0m[2m=[0m2
[2m2026-09-14T13:34:47.054403Z[0m [31mERROR[0m  rx-1 ThreadId(14) [2mzenoh::net::routing::hat::router::token[0m[2m:[0m Network graph doesn't contain destination node [3mnode_id[0m[2m=[0m2
[2m2026-09-14T13:34:47.054413Z[0m [31mERROR[0m  rx-1 ThreadId(14) [2mzenoh::net::routing::hat::router::token[0m[2m:[0m Network graph doesn't contain destination node [3mnode_id[0m[2m=[0m2
[2m2026-09-14T13:34:47.054423Z[0m [31mERROR[0m  rx-1 ThreadId(14) [2mzenoh::net::routing::hat::router::token[0m[2m:[0m Network graph doesn't contain destination node [3mnode_id[0m[2m=[0m2
[2m2026-09-14T13:34:47.054432Z[0m [31mERROR[0m  rx-1 ThreadId(14) [2mzenoh::net::routing::hat::router::token[0m[2m:[0m Network graph doesn't contain destination node [3mnode_id[0m[2m=[0m2
[2m2026-09-14T13:34:47.054442Z[0m [31mERROR[0m  rx-1 ThreadId(14) [2mzenoh::net::routing::hat::router::token[0m[2m:[0m Network graph doesn't contain destination node [3mnode_id[0m[2m=[0m2
[2m2026-09-14T13:34:47.054452Z[0m [31mERROR[0m  rx-1 ThreadId(14) [2mzenoh::net::routing::hat::router::token[0m[2m:[0m Network graph doesn't contain destination node [3mnode_id[0m[2m=[0m2
[2m2026-09-14T13:34:47.054462Z[0m [31mERROR[0m  rx-1 ThreadId(14) [2mzenoh::net::routing::hat::router::token[0m[2m:[0m Network graph doesn't contain destination node [3mnode_id[0m[2m=[0m2
[2m2026-09-14T13:34:47.054472Z[0m [31mERROR[0m  rx-1 ThreadId(14) [2mzenoh::net::routing::hat::router::token[0m[2m:[0m Network graph doesn't contain destination node [3mnode_id[0m[2m=[0m2
[2m2026-09-14T13:34:47.054482Z[0m [31mERROR[0m  rx-1 ThreadId(14) [2mzenoh::net::routing::hat::router::token[0m[2m:[0m Network graph doesn't contain destination node [3mnode_id[0m[2m=[0m2
[2m2026-09-14T13:34:47.054491Z[0m [31mERROR[0m  rx-1 ThreadId(14) [2mzenoh::net::routing::hat::router::token[0m[2m:[0m Network graph doesn't contain destination node [3mnode_id[0m[2m=[0m2
[2m2026-09-14T13:34:47.054503Z[0m [31mERROR[0m  rx-1 ThreadId(14) [2mzenoh::net::routing::hat::router::token[0m[2m:[0m Network graph doesn't contain destination node [3mnode_id[0m[2m=[0m2
[2m2026-09-14T13:34:47.054512Z[0m [31mERROR[0m  rx-1 ThreadId(14) [2mzenoh::net::routing::hat::router::token[0m[2m:[0m Network graph doesn't contain destination node [3mnode_id[0m[2m=[0m2
[2m2026-09-14T13:34:47.054522Z[0m [31mERROR[0m  rx-1 ThreadId(14) [2mzenoh::net::routing::hat::router::token[0m[2m:[0m Network graph doesn't contain destination node [3mnode_id[0m[2m=[0m2
[2m2026-09-14T13:34:47.054532Z[0m [31mERROR[0m  rx-1 ThreadId(14) [2mzenoh::net::routing::hat::router::token[0m[2m:[0m Network graph doesn't contain destination node [3mnode_id[0m[2m=[0m2
[2m2026-09-14T13:34:47.054542Z[0m [31mERROR[0m  rx-1 ThreadId(14) [2mzenoh::net::routing::hat::router::token[0m[2m:[0m Network graph doesn't contain destination node [3mnode_id[0m[2m=[0m2
[2m2026-09-14T13:34:47.054551Z[0m [31mERROR[0m  rx-1 ThreadId(14) [2mzenoh::net::routing::hat::router::token[0m[2m:[0m Network graph doesn't contain destination node [3mnode_id[0m[2m=[0m2
[2m2026-09-14T13:34:47.054561Z[0m [31mERROR[0m  rx-1 ThreadId(14) [2mzenoh::net::routing::hat::router::token[0m[2m:[0m Network graph doesn't contain destination node [3mnode_id[0m[2m=[0m2
[2m2026-09-14T13:34:47.054571Z[0m [31mERROR[0m  rx-1 ThreadId(14) [2mzenoh::net::routing::hat::router::token[0m[2m:[0m Network graph doesn't contain destination node [3mnode_id[0m[2m=[0m2
[2m2026-09-14T13:34:47.054581Z[0m [31mERROR[0m  rx-1 ThreadId(14) [2mzenoh::net::routing::hat::router::token[0m[2m:[0m Network graph doesn't contain destination node [3mnode_id[0m[2m=[0m2
[2m2026-09-14T13:34:47.054590Z[0m [31mERROR[0m  rx-1 ThreadId(14) [2mzenoh::net::routing::hat::router::token[0m[2m:[0m Network graph doesn't contain destination node [3mnode_id[0m[2m=[0m2
[2m2026-09-14T13:34:47.054600Z[0m [31mERROR[0m  rx-1 ThreadId(14) [2mzenoh::net::routing::hat::router::token[0m[2m:[0m Network graph doesn't contain destination node [3mnode_id[0m[2m=[0m2
[2m2026-09-14T13:34:47.054610Z[0m [31mERROR[0m  rx-1 ThreadId(14) [2mzenoh::net::routing::hat::router::token[0m[2m:[0m Network graph doesn't contain destination node [3mnode_id[0m[2m=[0m2
[2m2026-09-14T13:34:47.054619Z[0m [31mERROR[0m  rx-1 ThreadId(14) [2mzenoh::net::routing::hat::router::token[0m[2m:[0m Network graph doesn't contain destination node [3mnode_id[0m[2m=[0m2
[2m2026-09-14T13:34:47.054629Z[0m [31mERROR[0m  rx-1 ThreadId(14) [2mzenoh::net::routing::hat::router::token[0m[2m:[0m Network graph doesn't contain destination node [3mnode_id[0m[2m=[0m2
[2m2026-09-14T13:34:47.054639Z[0m [31mERROR[0m  rx-1 ThreadId(14) [2mzenoh::net::routing::hat::router::token[0m[2m:[0m Network graph doesn't contain destination node [3mnode_id[0m[2m=[0m2
[2m2026-09-14T13:34:47.054649Z[0m [31mERROR[0m  rx-1 ThreadId(14) [2mzenoh::net::routing::hat::router::token[0m[2m:[0m Network graph doesn't contain destination node [3mnode_id[0m[2m=[0m2
[2m2026-09-14T13:34:47.054658Z[0m [31mERROR[0m  rx-1 ThreadId(14) [2mzenoh::net::routing::hat::router::token[0m[2m:[0m Network graph doesn't contain destination node [3mnode_id[0m[2m=[0m2
[2m2026-09-14T13:34:47.054668Z[0m [31mERROR[0m  rx-1 ThreadId(14) [2mzenoh::net::routing::hat::router::token[0m[2m:[0m Network graph doesn't contain destination node [3mnode_id[0m[2m=[0m2
[2m2026-09-14T13:34:47.054678Z[0m [31mERROR[0m  rx-1 ThreadId(14) [2mzenoh::net::routing::hat::router::token[0m[2m:[0m Network graph doesn't contain destination node [3mnode_id[0m[2m=[0m2
[2m2026-09-14T13:34:47.054687Z[0m [31mERROR[0m  rx-1 ThreadId(14) [2mzenoh::net::routing::hat::router::token[0m[2m:[0m Network graph doesn't contain destination node [3mnode_id[0m[2m=[0m2
[2m2026-09-14T13:34:47.054697Z[0m [31mERROR[0m  rx-1 ThreadId(14) [2mzenoh::net::routing::hat::router::token[0m[2m:[0m Network graph doesn't contain destination node [3mnode_id[0m[2m=[0m2
[2m2026-09-14T13:34:47.054708Z[0m [31mERROR[0m  rx-1 ThreadId(14) [2mzenoh::net::routing::hat::router::token[0m[2m:[0m Network graph doesn't contain destination node [3mnode_id[0m[2m=[0m2
[2m2026-09-14T13:34:47.054717Z[0m [31mERROR[0m  rx-1 ThreadId(14) [2mzenoh::net::routing::hat::router::token[0m[2m:[0m Network graph doesn't contain destination node [3mnode_id[0m[2m=[0m2
[2m2026-09-14T13:34:47.054727Z[0m [31mERROR[0m  rx-1 ThreadId(14) [2mzenoh::net::routing::hat::router::token[0m[2m:[0m Network graph doesn't contain destination node [3mnode_id[0m[2m=[0m2
[2m2026-09-14T13:34:47.054737Z[0m [31mERROR[0m  rx-1 ThreadId(14) [2mzenoh::net::routing::hat::router::token[0m[2m:[0m Network graph doesn't contain destination node [3mnode_id[0m[2m=[0m2
[2m2026-09-14T13:34:47.054747Z[0m [31mERROR[0m  rx-1 ThreadId(14) [2mzenoh::net::routing::hat::router::token[0m[2m:[0m Network graph doesn't contain destination node [3mnode_id[0m[2m=[0m2
[2m2026-09-14T13:34:47.054757Z[0m [31mERROR[0m  rx-1 ThreadId(14) [2mzenoh::net::routing::hat::router::token[0m[2m:[0m Network graph doesn't contain destination node [3mnode_id[0m[2m=[0m2
[2m2026-09-14T13:34:47.054766Z[0m [31mERROR[0m  rx-1 ThreadId(14) [2mzenoh::net::routing::hat::router::token[0m[2m:[0m Network graph doesn't contain destination node [3mnode_id[0m[2m=[0m2
[2m2026-09-14T13:34:47.054776Z[0m [31mERROR[0m  rx-1 ThreadId(14) [2mzenoh::net::routing::hat::router::token[0m[2m:[0m Network graph doesn't contain destination node [3mnode_id[0m[2m=[0m2
[2m2026-09-14T13:34:47.054786Z[0m [31mERROR[0m  rx-1 ThreadId(14) [2mzenoh::net::routing::hat::router::token[0m[2m:[0m Network graph doesn't contain destination node [3mnode_id[0m[2m=[0m2
[2m2026-09-14T13:34:47.054796Z[0m [31mERROR[0m  rx-1 ThreadId(14) [2mzenoh::net::routing::hat::router::token[0m[2m:[0m Network graph doesn't contain destination node [3mnode_id[0m[2m=[0m2
[2m2026-09-14T13:34:47.054806Z[0m [31mERROR[0m  rx-1 ThreadId(14) [2mzenoh::net::routing::hat::router::token[0m[2m:[0m Network graph doesn't contain destination node [3mnode_id[0m[2m=[0m2
[2m2026-09-14T13:34:47.054815Z[0m [31mERROR[0m  rx-1 ThreadId(14) [2mzenoh::net::routing::hat::router::token[0m[2m:[0m Network graph doesn't contain destination node [3mnode_id[0m[2m=[0m2
[2m2026-09-14T13:34:47.054825Z[0m [31mERROR[0m  rx-1 ThreadId(14) [2mzenoh::net::routing::hat::router::token[0m[2m:[0m Network graph doesn't contain destination node [3mnode_id[0m[2m=[0m2
[2m2026-09-14T13:34:47.054835Z[0m [31mERROR[0m  rx-1 ThreadId(14) [2mzenoh::net::routing::hat::router::token[0m[2m:[0m Network graph doesn't contain destination node [3mnode_id[0m[2m=[0m2
[2m2026-09-14T13:34:47.054845Z[0m [31mERROR[0m  rx-1 ThreadId(14) [2mzenoh::net::routing::hat::router::token[0m[2m:[0m Network graph doesn't contain destination node [3mnode_id[0m[2m=[0m2
[2m2026-09-14T13:34:47.054854Z[0m [31mERROR[0m  rx-1 ThreadId(14) [2mzenoh::net::routing::hat::router::token[0m[2m:[0m Network graph doesn't contain destination node [3mnode_id[0m[2m=[0m2
[2m2026-09-14T13:34:47.054864Z[0m [31mERROR[0m  rx-1 ThreadId(14) [2mzenoh::net::routing::hat::router::token[0m[2m:[0m Network graph doesn't contain destination node [3mnode_id[0m[2m=[0m2
[2m2026-09-14T13:34:47.054874Z[0m [31mERROR[0m  rx-1 ThreadId(14) [2mzenoh::net::routing::hat::router::token[0m[2m:[0m Network graph doesn't contain destination node [3mnode_id[0m[2m=[0m2
[2m2026-09-14T13:34:47.054883Z[0m [31mERROR[0m  rx-1 ThreadId(14) [2mzenoh::net::routing::hat::router::token[0m[2m:[0m Network graph doesn't contain destination node [3mnode_id[0m[2m=[0m2
[2m2026-09-14T13:34:47.054893Z[0m [31mERROR[0m  rx-1 ThreadId(14) [2mzenoh::net::routing::hat::router::token[0m[2m:[0m Network graph doesn't contain destination node [3mnode_id[0m[2m=[0m2
[2m2026-09-14T13:34:47.054904Z[0m [31mERROR[0m  rx-1 ThreadId(14) [2mzenoh::net::routing::hat::router::token[0m[2m:[0m Network graph doesn't contain destination node [3mnode_id[0m[2m=[0m2
[2m2026-09-14T13:34:47.054914Z[0m [31mERROR[0m  rx-1 ThreadId(14) [2mzenoh::net::routing::hat::router::token[0m[2m:[0m Network graph doesn't contain destination node [3mnode_id[0m[2m=[0m2
[2m2026-09-14T13:34:47.054923Z[0m [31mERROR[0m  rx-1 ThreadId(14) [2mzenoh::net::routing::hat::router::token[0m[2m:[0m Network graph doesn't contain destination node [3mnode_id[0m[2m=[0m2
[2m2026-09-14T13:34:47.054938Z[0m [31mERROR[0m  rx-1 ThreadId(14) [2mzenoh::net::routing::hat::router::token[0m[2m:[0m Network graph doesn't contain destination node [3mnode_id[0m[2m=[0m2
[2m2026-09-14T13:34:47.054948Z[0m [31mERROR[0m  rx-1 ThreadId(14) [2mzenoh::net::routing::hat::router::token[0m[2m:[0m Network graph doesn't contain destination node [3mnode_id[0m[2m=[0m2
[2m2026-09-14T13:34:47.054958Z[0m [31mERROR[0m  rx-1 ThreadId(14) [2mzenoh::net::routing::hat::router::token[0m[2m:[0m Network graph doesn't contain destination node [3mnode_id[0m[2m=[0m2
[2m2026-09-14T13:34:47.054967Z[0m [31mERROR[0m  rx-1 ThreadId(14) [2mzenoh::net::routing::hat::router::token[0m[2m:[0m Network graph doesn't contain destination node [3mnode_id[0m[2m=[0m2
[2m2026-09-14T13:34:47.054977Z[0m [31mERROR[0m  rx-1 ThreadId(14) [2mzenoh::net::routing::hat::router::token[0m[2m:[0m Network graph doesn't contain destination node [3mnode_id[0m[2m=[0m2
[2m2026-09-14T13:34:47.054987Z[0m [31mERROR[0m  rx-1 ThreadId(14) [2mzenoh::net::routing::hat::router::token[0m[2m:[0m Network graph doesn't contain destination node [3mnode_id[0m[2m=[0m2
[2m2026-09-14T13:34:47.054997Z[0m [31mERROR[0m  rx-1 ThreadId(14) [2mzenoh::net::routing::hat::router::token[0m[2m:[0m Network graph doesn't contain destination node [3mnode_id[0m[2m=[0m2
[2m2026-09-14T13:34:47.055007Z[0m [31mERROR[0m  rx-1 ThreadId(14) [2mzenoh::net::routing::hat::router::token[0m[2m:[0m Network graph doesn't contain destination node [3mnode_id[0m[2m=[0m2
[2m2026-09-14T13:34:47.055016Z[0m [31mERROR[0m  rx-1 ThreadId(14) [2mzenoh::net::routing::hat::router::token[0m[2m:[0m Network graph doesn't contain destination node [3mnode_id[0m[2m=[0m2
[2m2026-09-14T13:34:47.055026Z[0m [31mERROR[0m  rx-1 ThreadId(14) [2mzenoh::net::routing::hat::router::token[0m[2m:[0m Network graph doesn't contain destination node [3mnode_id[0m[2m=[0m2
[2m2026-09-14T13:34:47.055036Z[0m [31mERROR[0m  rx-1 ThreadId(14) [2mzenoh::net::routing::hat::router::token[0m[2m:[0m Network graph doesn't contain destination node [3mnode_id[0m[2m=[0m2
[2m2026-09-14T13:34:47.055046Z[0m [31mERROR[0m  rx-1 ThreadId(14) [2mzenoh::net::routing::hat::router::token[0m[2m:[0m Network graph doesn't contain destination node [3mnode_id[0m[2m=[0m2
[2m2026-09-14T13:34:47.055056Z[0m [31mERROR[0m  rx-1 ThreadId(14) [2mzenoh::net::routing::hat::router::token[0m[2m:[0m Network graph doesn't contain destination node [3mnode_id[0m[2m=[0m2
[2m2026-09-14T13:34:47.055065Z[0m [31mERROR[0m  rx-1 ThreadId(14) [2mzenoh::net::routing::hat::router::token[0m[2m:[0m Network graph doesn't contain destination node [3mnode_id[0m[2m=[0m2
[2m2026-09-14T13:34:47.055075Z[0m [31mERROR[0m  rx-1 ThreadId(14) [2mzenoh::net::routing::hat::router::token[0m[2m:[0m Network graph doesn't contain destination node [3mnode_id[0m[2m=[0m2
[2m2026-09-14T13:34:47.055085Z[0m [31mERROR[0m  rx-1 ThreadId(14) [2mzenoh::net::routing::hat::router::token[0m[2m:[0m Network graph doesn't contain destination node [3mnode_id[0m[2m=[0m2
[2m2026-09-14T13:34:47.055095Z[0m [31mERROR[0m  rx-1 ThreadId(14) [2mzenoh::net::routing::hat::router::token[0m[2m:[0m Network graph doesn't contain destination node [3mnode_id[0m[2m=[0m2
[2m2026-09-14T13:34:47.055105Z[0m [31mERROR[0m  rx-1 ThreadId(14) [2mzenoh::net::routing::hat::router::token[0m[2m:[0m Network graph doesn't contain destination node [3mnode_id[0m[2m=[0m2
[2m2026-09-14T13:34:47.055116Z[0m [31mERROR[0m  rx-1 ThreadId(14) [2mzenoh::net::routing::hat::router::token[0m[2m:[0m Network graph doesn't contain destination node [3mnode_id[0m[2m=[0m2
[2m2026-09-14T13:34:47.055126Z[0m [31mERROR[0m  rx-1 ThreadId(14) [2mzenoh::net::routing::hat::router::token[0m[2m:[0m Network graph doesn't contain destination node [3mnode_id[0m[2m=[0m2
[2m2026-09-14T13:34:47.055135Z[0m [31mERROR[0m  rx-1 ThreadId(14) [2mzenoh::net::routing::hat::router::token[0m[2m:[0m Network graph doesn't contain destination node [3mnode_id[0m[2m=[0m2
[2m2026-09-14T13:34:47.055145Z[0m [31mERROR[0m  rx-1 ThreadId(14) [2mzenoh::net::routing::hat::router::token[0m[2m:[0m Network graph doesn't contain destination node [3mnode_id[0m[2m=[0m2
[2m2026-09-14T13:34:47.055155Z[0m [31mERROR[0m  rx-1 ThreadId(14) [2mzenoh::net::routing::hat::router::token[0m[2m:[0m Network graph doesn't contain destination node [3mnode_id[0m[2m=[0m2
[2m2026-09-14T13:34:47.055165Z[0m [31mERROR[0m  rx-1 ThreadId(14) [2mzenoh::net::routing::hat::router::token[0m[2m:[0m Network graph doesn't contain destination node [3mnode_id[0m[2m=[0m2
[2m2026-09-14T13:34:47.055174Z[0m [31mERROR[0m  rx-1 ThreadId(14) [2mzenoh::net::routing::hat::router::token[0m[2m:[0m Network graph doesn't contain destination node [3mnode_id[0m[2m=[0m2
[2m2026-09-14T13:34:47.055184Z[0m [31mERROR[0m  rx-1 ThreadId(14) [2mzenoh::net::routing::hat::router::token[0m[2m:[0m Network graph doesn't contain destination node [3mnode_id[0m[2m=[0m2
[2m2026-09-14T13:34:47.055194Z[0m [31mERROR[0m  rx-1 ThreadId(14) [2mzenoh::net::routing::hat::router::token[0m[2m:[0m Network graph doesn't contain destination node [3mnode_id[0m[2m=[0m2
[2m2026-09-14T13:34:47.055203Z[0m [31mERROR[0m  rx-1 ThreadId(14) [2mzenoh::net::routing::hat::router::token[0m[2m:[0m Network graph doesn't contain destination node [3mnode_id[0m[2m=[0m2
[2m2026-09-14T13:34:47.055213Z[0m [31mERROR[0m  rx-1 ThreadId(14) [2mzenoh::net::routing::hat::router::token[0m[2m:[0m Network graph doesn't contain destination node [3mnode_id[0m[2m=[0m2
[2m2026-09-14T13:34:47.055223Z[0m [31mERROR[0m  rx-1 ThreadId(14) [2mzenoh::net::routing::hat::router::token[0m[2m:[0m Network graph doesn't contain destination node [3mnode_id[0m[2m=[0m2
[2m2026-09-14T13:34:47.055233Z[0m [31mERROR[0m  rx-1 ThreadId(14) [2mzenoh::net::routing::hat::router::token[0m[2m:[0m Network graph doesn't contain destination node [3mnode_id[0m[2m=[0m2
[2m2026-09-14T13:34:47.055242Z[0m [31mERROR[0m  rx-1 ThreadId(14) [2mzenoh::net::routing::hat::router::token[0m[2m:[0m Network graph doesn't contain destination node [3mnode_id[0m[2m=[0m2
[2m2026-09-14T13:34:47.055252Z[0m [31mERROR[0m  rx-1 ThreadId(14) [2mzenoh::net::routing::hat::router::token[0m[2m:[0m Network graph doesn't contain destination node [3mnode_id[0m[2m=[0m2
[2m2026-09-14T13:34:47.055262Z[0m [31mERROR[0m  rx-1 ThreadId(14) [2mzenoh::net::routing::hat::router::token[0m[2m:[0m Network graph doesn't contain destination node [3mnode_id[0m[2m=[0m2
[2m2026-09-14T13:34:47.055272Z[0m [31mERROR[0m  rx-1 ThreadId(14) [2mzenoh::net::routing::hat::router::token[0m[2m:[0m Network graph doesn't contain destination node [3mnode_id[0m[2m=[0m2
[2m2026-09-14T13:34:47.055281Z[0m [31mERROR[0m  rx-1 ThreadId(14) [2mzenoh::net::routing::hat::router::token[0m[2m:[0m Network graph doesn't contain destination node [3mnode_id[0m[2m=[0m2
[2m2026-09-14T13:34:47.055291Z[0m [31mERROR[0m  rx-1 ThreadId(14) [2mzenoh::net::routing::hat::router::token[0m[2m:[0m Network graph doesn't contain destination node [3mnode_id[0m[2m=[0m2
[2m2026-09-14T13:34:47.055301Z[0m [31mERROR[0m  rx-1 ThreadId(14) [2mzenoh::net::routing::hat::router::token[0m[2m:[0m Network graph doesn't contain destination node [3mnode_id[0m[2m=[0m2
[2m2026-09-14T13:34:47.055312Z[0m [31mERROR[0m  rx-1 ThreadId(14) [2mzenoh::net::routing::hat::router::token[0m[2m:[0m Network graph doesn't contain destination node [3mnode_id[0m[2m=[0m2
[2m2026-09-14T13:34:47.055321Z[0m [31mERROR[0m  rx-1 ThreadId(14) [2mzenoh::net::routing::hat::router::token[0m[2m:[0m Network graph doesn't contain destination node [3mnode_id[0m[2m=[0m2
[2m2026-09-14T13:34:47.055331Z[0m [31mERROR[0m  rx-1 ThreadId(14) [2mzenoh::net::routing::hat::router::token[0m[2m:[0m Network graph doesn't contain destination node [3mnode_id[0m[2m=[0m2
[2m2026-09-14T13:34:47.055341Z[0m [31mERROR[0m  rx-1 ThreadId(14) [2mzenoh::net::routing::hat::router::token[0m[2m:[0m Network graph doesn't contain destination node [3mnode_id[0m[2m=[0m2
[2m2026-09-14T13:34:47.055350Z[0m [31mERROR[0m  rx-1 ThreadId(14) [2mzenoh::net::routing::hat::router::token[0m[2m:[0m Network graph doesn't contain destination node [3mnode_id[0m[2m=[0m2
[2m2026-09-14T13:34:47.055360Z[0m [31mERROR[0m  rx-1 ThreadId(14) [2mzenoh::net::routing::hat::router::token[0m[2m:[0m Network graph doesn't contain destination node [3mnode_id[0m[2m=[0m2
[2m2026-09-14T13:34:47.055370Z[0m [31mERROR[0m  rx-1 ThreadId(14) [2mzenoh::net::routing::hat::router::token[0m[2m:[0m Network graph doesn't contain destination node [3mnode_id[0m[2m=[0m2
[2m2026-09-14T13:34:47.055379Z[0m [31mERROR[0m  rx-1 ThreadId(14) [2mzenoh::net::routing::hat::router::token[0m[2m:[0m Network graph doesn't contain destination node [3mnode_id[0m[2m=[0m2
[2m2026-09-14T13:34:47.055389Z[0m [31mERROR[0m  rx-1 ThreadId(14) [2mzenoh::net::routing::hat::router::token[0m[2m:[0m Network graph doesn't contain destination node [3mnode_id[0m[2m=[0m2
[2m2026-09-14T13:34:47.055399Z[0m [31mERROR[0m  rx-1 ThreadId(14) [2mzenoh::net::routing::hat::router::token[0m[2m:[0m Network graph doesn't contain destination node [3mnode_id[0m[2m=[0m2
[2m2026-09-14T13:34:47.055409Z[0m [31mERROR[0m  rx-1 ThreadId(14) [2mzenoh::net::routing::hat::router::token[0m[2m:[0m Network graph doesn't contain destination node [3mnode_id[0m[2m=[0m2
[2m2026-09-14T13:34:47.055418Z[0m [31mERROR[0m  rx-1 ThreadId(14) [2mzenoh::net::routing::hat::router::token[0m[2m:[0m Network graph doesn't contain destination node [3mnode_id[0m[2m=[0m2
[2m2026-09-14T13:34:47.055428Z[0m [31mERROR[0m  rx-1 ThreadId(14) [2mzenoh::net::routing::hat::router::token[0m[2m:[0m Network graph doesn't contain destination node [3mnode_id[0m[2m=[0m2
[2m2026-09-14T13:34:47.055438Z[0m [31mERROR[0m  rx-1 ThreadId(14) [2mzenoh::net::routing::hat::router::token[0m[2m:[0m Network graph doesn't contain destination node [3mnode_id[0m[2m=[0m2
[2m2026-09-14T13:34:47.055447Z[0m [31mERROR[0m  rx-1 ThreadId(14) [2mzenoh::net::routing::hat::router::token[0m[2m:[0m Network graph doesn't contain destination node [3mnode_id[0m[2m=[0m2
[2m2026-09-14T13:34:47.055457Z[0m [31mERROR[0m  rx-1 ThreadId(14) [2mzenoh::net::routing::hat::router::token[0m[2m:[0m Network graph doesn't contain destination node [3mnode_id[0m[2m=[0m2
[2m2026-09-14T13:34:47.055467Z[0m [31mERROR[0m  rx-1 ThreadId(14) [2mzenoh::net::routing::hat::router::token[0m[2m:[0m Network graph doesn't contain destination node [3mnode_id[0m[2m=[0m2
[2m2026-09-14T13:34:47.055476Z[0m [31mERROR[0m  rx-1 ThreadId(14) [2mzenoh::net::routing::hat::router::token[0m[2m:[0m Network graph doesn't contain destination node [3mnode_id[0m[2m=[0m2
[2m2026-09-14T13:34:47.055486Z[0m [31mERROR[0m  rx-1 ThreadId(14) [2mzenoh::net::routing::hat::router::token[0m[2m:[0m Network graph doesn't contain destination node [3mnode_id[0m[2m=[0m2
[2m2026-09-14T13:34:47.055496Z[0m [31mERROR[0m  rx-1 ThreadId(14) [2mzenoh::net::routing::hat::router::token[0m[2m:[0m Network graph doesn't contain destination node [3mnode_id[0m[2m=[0m2
[2m2026-09-14T13:34:47.055505Z[0m [31mERROR[0m  rx-1 ThreadId(14) [2mzenoh::net::routing::hat::router::token[0m[2m:[0m Network graph doesn't contain destination node [3mnode_id[0m[2m=[0m2
[2m2026-09-14T13:34:47.055516Z[0m [31mERROR[0m  rx-1 ThreadId(14) [2mzenoh::net::routing::hat::router::token[0m[2m:[0m Network graph doesn't contain destination node [3mnode_id[0m[2m=[0m2
[2m2026-09-14T13:34:47.055527Z[0m [31mERROR[0m  rx-1 ThreadId(14) [2mzenoh::net::routing::hat::router::token[0m[2m:[0m Network graph doesn't contain destination node [3mnode_id[0m[2m=[0m2
[2m2026-09-14T13:34:47.055537Z[0m [31mERROR[0m  rx-1 ThreadId(14) [2mzenoh::net::routing::hat::router::token[0m[2m:[0m Network graph doesn't contain destination node [3mnode_id[0m[2m=[0m2
[2m2026-09-14T13:34:47.055547Z[0m [31mERROR[0m  rx-1 ThreadId(14) [2mzenoh::net::routing::hat::router::token[0m[2m:[0m Network graph doesn't contain destination node [3mnode_id[0m[2m=[0m2
[2m2026-09-14T13:34:47.055556Z[0m [31mERROR[0m  rx-1 ThreadId(14) [2mzenoh::net::routing::hat::router::token[0m[2m:[0m Network graph doesn't contain destination node [3mnode_id[0m[2m=[0m2
[2m2026-09-14T13:34:47.055566Z[0m [31mERROR[0m  rx-1 ThreadId(14) [2mzenoh::net::routing::hat::router::token[0m[2m:[0m Network graph doesn't contain destination node [3mnode_id[0m[2m=[0m2
[2m2026-09-14T13:34:47.055576Z[0m [31mERROR[0m  rx-1 ThreadId(14) [2mzenoh::net::routing::hat::router::token[0m[2m:[0m Network graph doesn't contain destination node [3mnode_id[0m[2m=[0m2
[2m2026-09-14T13:34:47.055586Z[0m [31mERROR[0m  rx-1 ThreadId(14) [2mzenoh::net::routing::hat::router::token[0m[2m:[0m Network graph doesn't contain destination node [3mnode_id[0m[2m=[0m2
[2m2026-09-14T13:34:47.055595Z[0m [31mERROR[0m  rx-1 ThreadId(14) [2mzenoh::net::routing::hat::router::token[0m[2m:[0m Network graph doesn't contain destination node [3mnode_id[0m[2m=[0m2
[2m2026-09-14T13:34:47.055605Z[0m [31mERROR[0m  rx-1 ThreadId(14) [2mzenoh::net::routing::hat::router::token[0m[2m:[0m Network graph doesn't contain destination node [3mnode_id[0m[2m=[0m2
[2m2026-09-14T13:34:47.055615Z[0m [31mERROR[0m  rx-1 ThreadId(14) [2mzenoh::net::routing::hat::router::token[0m[2m:[0m Network graph doesn't contain destination node [3mnode_id[0m[2m=[0m2
[2m2026-09-14T13:34:47.055624Z[0m [31mERROR[0m  rx-1 ThreadId(14) [2mzenoh::net::routing::hat::router::token[0m[2m:[0m Network graph doesn't contain destination node [3mnode_id[0m[2m=[0m2
[2m2026-09-14T13:34:47.055634Z[0m [31mERROR[0m  rx-1 ThreadId(14) [2mzenoh::net::routing::hat::router::token[0m[2m:[0m Network graph doesn't contain destination node [3mnode_id[0m[2m=[0m2
[2m2026-09-14T13:34:47.055643Z[0m [31mERROR[0m  rx-1 ThreadId(14) [2mzenoh::net::routing::hat::router::token[0m[2m:[0m Network graph doesn't contain destination node [3mnode_id[0m[2m=[0m2
[2m2026-09-14T13:34:47.055653Z[0m [31mERROR[0m  rx-1 ThreadId(14) [2mzenoh::net::routing::hat::router::token[0m[2m:[0m Network graph doesn't contain destination node [3mnode_id[0m[2m=[0m2
[2m2026-09-14T13:34:47.055663Z[0m [31mERROR[0m  rx-1 ThreadId(14) [2mzenoh::net::routing::hat::router::token[0m[2m:[0m Network graph doesn't contain destination node [3mnode_id[0m[2m=[0m2
[2m2026-09-14T13:34:47.055673Z[0m [31mERROR[0m  rx-1 ThreadId(14) [2mzenoh::net::routing::hat::router::token[0m[2m:[0m Network graph doesn't contain destination node [3mnode_id[0m[2m=[0m2
[2m2026-09-14T13:34:47.055682Z[0m [31mERROR[0m  rx-1 ThreadId(14) [2mzenoh::net::routing::hat::router::token[0m[2m:[0m Network graph doesn't contain destination node [3mnode_id[0m[2m=[0m2
[2m2026-09-14T13:34:47.055692Z[0m [31mERROR[0m  rx-1 ThreadId(14) [2mzenoh::net::routing::hat::router::token[0m[2m:[0m Network graph doesn't contain destination node [3mnode_id[0m[2m=[0m2
[2m2026-09-14T13:34:47.055702Z[0m [31mERROR[0m  rx-1 ThreadId(14) [2mzenoh::net::routing::hat::router::token[0m[2m:[0m Network graph doesn't contain destination node [3mnode_id[0m[2m=[0m2
[2m2026-09-14T13:34:47.055713Z[0m [31mERROR[0m  rx-1 ThreadId(14) [2mzenoh::net::routing::hat::router::token[0m[2m:[0m Network graph doesn't contain destination node [3mnode_id[0m[2m=[0m2
[2m2026-09-14T13:34:47.055722Z[0m [31mERROR[0m  rx-1 ThreadId(14) [2mzenoh::net::routing::hat::router::token[0m[2m:[0m Network graph doesn't contain destination node [3mnode_id[0m[2m=[0m2
[2m2026-09-14T13:34:47.055732Z[0m [31mERROR[0m  rx-1 ThreadId(14) [2mzenoh::net::routing::hat::router::token[0m[2m:[0m Network graph doesn't contain destination node [3mnode_id[0m[2m=[0m2
[2m2026-09-14T13:34:47.055742Z[0m [31mERROR[0m  rx-1 ThreadId(14) [2mzenoh::net::routing::hat::router::token[0m[2m:[0m Network graph doesn't contain destination node [3mnode_id[0m[2m=[0m2
[2m2026-09-14T13:34:47.055752Z[0m [31mERROR[0m  rx-1 ThreadId(14) [2mzenoh::net::routing::hat::router::token[0m[2m:[0m Network graph doesn't contain destination node [3mnode_id[0m[2m=[0m2
[2m2026-09-14T13:34:47.055761Z[0m [31mERROR[0m  rx-1 ThreadId(14) [2mzenoh::net::routing::hat::router::token[0m[2m:[0m Network graph doesn't contain destination node [3mnode_id[0m[2m=[0m2
[2m2026-09-14T13:34:47.055771Z[0m [31mERROR[0m  rx-1 ThreadId(14) [2mzenoh::net::routing::hat::router::token[0m[2m:[0m Network graph doesn't contain destination node [3mnode_id[0m[2m=[0m2
[2m2026-09-14T13:34:47.055781Z[0m [31mERROR[0m  rx-1 ThreadId(14) [2mzenoh::net::routing::hat::router::token[0m[2m:[0m Network graph doesn't contain destination node [3mnode_id[0m[2m=[0m2
[2m2026-09-14T13:34:47.055790Z[0m [31mERROR[0m  rx-1 ThreadId(14) [2mzenoh::net::routing::hat::router::token[0m[2m:[0m Network graph doesn't contain destination node [3mnode_id[0m[2m=[0m2
[2m2026-09-14T13:34:47.055800Z[0m [31mERROR[0m  rx-1 ThreadId(14) [2mzenoh::net::routing::hat::router::token[0m[2m:[0m Network graph doesn't contain destination node [3mnode_id[0m[2m=[0m2
[2m2026-09-14T13:34:47.055809Z[0m [31mERROR[0m  rx-1 ThreadId(14) [2mzenoh::net::routing::hat::router::token[0m[2m:[0m Network graph doesn't contain destination node [3mnode_id[0m[2m=[0m2
[2m2026-09-14T13:34:47.055819Z[0m [31mERROR[0m  rx-1 ThreadId(14) [2mzenoh::net::routing::hat::router::token[0m[2m:[0m Network graph doesn't contain destination node [3mnode_id[0m[2m=[0m2
[2m2026-09-14T13:34:47.055829Z[0m [31mERROR[0m  rx-1 ThreadId(14) [2mzenoh::net::routing::hat::router::token[0m[2m:[0m Network graph doesn't contain destination node [3mnode_id[0m[2m=[0m2
[2m2026-09-14T13:34:47.055839Z[0m [31mERROR[0m  rx-1 ThreadId(14) [2mzenoh::net::routing::hat::router::token[0m[2m:[0m Network graph doesn't contain destination node [3mnode_id[0m[2m=[0m2
[2m2026-09-14T13:34:47.055848Z[0m [31mERROR[0m  rx-1 ThreadId(14) [2mzenoh::net::routing::hat::router::token[0m[2m:[0m Network graph doesn't contain destination node [3mnode_id[0m[2m=[0m2
[2m2026-09-14T13:34:47.055858Z[0m [31mERROR[0m  rx-1 ThreadId(14) [2mzenoh::net::routing::hat::router::token[0m[2m:[0m Network graph doesn't contain destination node [3mnode_id[0m[2m=[0m2
[2m2026-09-14T13:34:47.055868Z[0m [31mERROR[0m  rx-1 ThreadId(14) [2mzenoh::net::routing::hat::router::token[0m[2m:[0m Network graph doesn't contain destination node [3mnode_id[0m[2m=[0m2
[2m2026-09-14T13:34:47.055878Z[0m [31mERROR[0m  rx-1 ThreadId(14) [2mzenoh::net::routing::hat::router::token[0m[2m:[0m Network graph doesn't contain destination node [3mnode_id[0m[2m=[0m2
[2m2026-09-14T13:34:47.055887Z[0m [31mERROR[0m  rx-1 ThreadId(14) [2mzenoh::net::routing::hat::router::token[0m[2m:[0m Network graph doesn't contain destination node [3mnode_id[0m[2m=[0m2
[2m2026-09-14T13:34:47.055897Z[0m [31mERROR[0m  rx-1 ThreadId(14) [2mzenoh::net::routing::hat::router::token[0m[2m:[0m Network graph doesn't contain destination node [3mnode_id[0m[2m=[0m2
[2m2026-09-14T13:34:47.055907Z[0m [31mERROR[0m  rx-1 ThreadId(14) [2mzenoh::net::routing::hat::router::token[0m[2m:[0m Network graph doesn't contain destination node [3mnode_id[0m[2m=[0m2
[2m2026-09-14T13:34:47.055918Z[0m [31mERROR[0m  rx-1 ThreadId(14) [2mzenoh::net::routing::hat::router::token[0m[2m:[0m Network graph doesn't contain destination node [3mnode_id[0m[2m=[0m2
[2m2026-09-14T13:34:47.055927Z[0m [31mERROR[0m  rx-1 ThreadId(14) [2mzenoh::net::routing::hat::router::token[0m[2m:[0m Network graph doesn't contain destination node [3mnode_id[0m[2m=[0m2
[2m2026-09-14T13:34:47.055952Z[0m [31mERROR[0m  rx-1 ThreadId(14) [2mzenoh::net::routing::hat::router::token[0m[2m:[0m Network graph doesn't contain destination node [3mnode_id[0m[2m=[0m2
[2m2026-09-14T13:34:47.055964Z[0m [31mERROR[0m  rx-1 ThreadId(14) [2mzenoh::net::routing::hat::router::token[0m[2m:[0m Network graph doesn't contain destination node [3mnode_id[0m[2m=[0m2
[2m2026-09-14T13:34:47.055975Z[0m [31mERROR[0m  rx-1 ThreadId(14) [2mzenoh::net::routing::hat::router::token[0m[2m:[0m Network graph doesn't contain destination node [3mnode_id[0m[2m=[0m2
[2m2026-09-14T13:34:47.055986Z[0m [31mERROR[0m  rx-1 ThreadId(14) [2mzenoh::net::routing::hat::router::token[0m[2m:[0m Network graph doesn't contain destination node [3mnode_id[0m[2m=[0m2
[2m2026-09-14T13:34:47.055995Z[0m [31mERROR[0m  rx-1 ThreadId(14) [2mzenoh::net::routing::hat::router::token[0m[2m:[0m Network graph doesn't contain destination node [3mnode_id[0m[2m=[0m2
[2m2026-09-14T13:34:47.056005Z[0m [31mERROR[0m  rx-1 ThreadId(14) [2mzenoh::net::routing::hat::router::token[0m[2m:[0m Network graph doesn't contain destination node [3mnode_id[0m[2m=[0m2
[2m2026-09-14T13:34:47.056015Z[0m [31mERROR[0m  rx-1 ThreadId(14) [2mzenoh::net::routing::hat::router::token[0m[2m:[0m Network graph doesn't contain destination node [3mnode_id[0m[2m=[0m2
[2m2026-09-14T13:34:47.056024Z[0m [31mERROR[0m  rx-1 ThreadId(14) [2mzenoh::net::routing::hat::router::token[0m[2m:[0m Network graph doesn't contain destination node [3mnode_id[0m[2m=[0m2
[2m2026-09-14T13:34:47.056034Z[0m [31mERROR[0m  rx-1 ThreadId(14) [2mzenoh::net::routing::hat::router::token[0m[2m:[0m Network graph doesn't contain destination node [3mnode_id[0m[2m=[0m2
[2m2026-09-14T13:34:47.056044Z[0m [31mERROR[0m  rx-1 ThreadId(14) [2mzenoh::net::routing::hat::router::token[0m[2m:[0m Network graph doesn't contain destination node [3mnode_id[0m[2m=[0m2
[2m2026-09-14T13:34:47.056053Z[0m [31mERROR[0m  rx-1 ThreadId(14) [2mzenoh::net::routing::hat::router::token[0m[2m:[0m Network graph doesn't contain destination node [3mnode_id[0m[2m=[0m2
[2m2026-09-14T13:34:47.056063Z[0m [31mERROR[0m  rx-1 ThreadId(14) [2mzenoh::net::routing::hat::router::token[0m[2m:[0m Network graph doesn't contain destination node [3mnode_id[0m[2m=[0m2
[2m2026-09-14T13:34:47.056073Z[0m [31mERROR[0m  rx-1 ThreadId(14) [2mzenoh::net::routing::hat::router::token[0m[2m:[0m Network graph doesn't contain destination node [3mnode_id[0m[2m=[0m2
[2m2026-09-14T13:34:47.056082Z[0m [31mERROR[0m  rx-1 ThreadId(14) [2mzenoh::net::routing::hat::router::token[0m[2m:[0m Network graph doesn't contain destination node [3mnode_id[0m[2m=[0m2
[2m2026-09-14T13:34:47.056092Z[0m [31mERROR[0m  rx-1 ThreadId(14) [2mzenoh::net::routing::hat::router::token[0m[2m:[0m Network graph doesn't contain destination node [3mnode_id[0m[2m=[0m2
[2m2026-09-14T13:34:47.056102Z[0m [31mERROR[0m  rx-1 ThreadId(14) [2mzenoh::net::routing::hat::router::token[0m[2m:[0m Network graph doesn't contain destination node [3mnode_id[0m[2m=[0m2
[2m2026-09-14T13:34:47.056111Z[0m [31mERROR[0m  rx-1 ThreadId(14) [2mzenoh::net::routing::hat::router::token[0m[2m:[0m Network graph doesn't contain destination node [3mnode_id[0m[2m=[0m2
[2m2026-09-14T13:34:47.056121Z[0m [31mERROR[0m  rx-1 ThreadId(14) [2mzenoh::net::routing::hat::router::token[0m[2m:[0m Network graph doesn't contain destination node [3mnode_id[0m[2m=[0m2
[2m2026-09-14T13:34:47.056132Z[0m [31mERROR[0m  rx-1 ThreadId(14) [2mzenoh::net::routing::hat::router::token[0m[2m:[0m Network graph doesn't contain destination node [3mnode_id[0m[2m=[0m2
[2m2026-09-14T13:34:47.056142Z[0m [31mERROR[0m  rx-1 ThreadId(14) [2mzenoh::net::routing::hat::router::token[0m[2m:[0m Network graph doesn't contain destination node [3mnode_id[0m[2m=[0m2
[2m2026-09-14T13:34:47.056152Z[0m [31mERROR[0m  rx-1 ThreadId(14) [2mzenoh::net::routing::hat::router::token[0m[2m:[0m Network graph doesn't contain destination node [3mnode_id[0m[2m=[0m2
[2m2026-09-14T13:34:47.056162Z[0m [31mERROR[0m  rx-1 ThreadId(14) [2mzenoh::net::routing::hat::router::token[0m[2m:[0m Network graph doesn't contain destination node [3mnode_id[0m[2m=[0m2
[2m2026-09-14T13:34:47.056171Z[0m [31mERROR[0m  rx-1 ThreadId(14) [2mzenoh::net::routing::hat::router::token[0m[2m:[0m Network graph doesn't contain destination node [3mnode_id[0m[2m=[0m2
[2m2026-09-14T13:34:47.056181Z[0m [31mERROR[0m  rx-1 ThreadId(14) [2mzenoh::net::routing::hat::router::token[0m[2m:[0m Network graph doesn't contain destination node [3mnode_id[0m[2m=[0m2
[2m2026-09-14T13:34:47.056191Z[0m [31mERROR[0m  rx-1 ThreadId(14) [2mzenoh::net::routing::hat::router::token[0m[2m:[0m Network graph doesn't contain destination node [3mnode_id[0m[2m=[0m2
[2m2026-09-14T13:34:47.056201Z[0m [31mERROR[0m  rx-1 ThreadId(14) [2mzenoh::net::routing::hat::router::token[0m[2m:[0m Network graph doesn't contain destination node [3mnode_id[0m[2m=[0m2
[2m2026-09-14T13:34:47.056210Z[0m [31mERROR[0m  rx-1 ThreadId(14) [2mzenoh::net::routing::hat::router::token[0m[2m:[0m Network graph doesn't contain destination node [3mnode_id[0m[2m=[0m2
[2m2026-09-14T13:34:54.628546Z[0m [31mERROR[0m net-4 ThreadId(43) [2mzenoh_task[0m[2m:[0m Failed to terminate the task
[2m2026-09-14T13:34:57.151107Z[0m [31mERROR[0m net-1 ThreadId(12) [2mzenoh_task[0m[2m:[0m Failed to terminate the task
[2m2026-09-14T13:34:57.156032Z[0m [31mERROR[0m net-6 ThreadId(45) [2mzenoh_task[0m[2m:[0m Failed to terminate the task
[2m2026-09-14T13:35:05.475945Z[0m [31mERROR[0m net-3 ThreadId(41) [2mzenoh_task[0m[2m:[0m Failed to terminate the task
[2m2026-09-14T13:35:09.593872Z[0m [31mERROR[0m net-2 ThreadId(40) [2mzenoh_task[0m[2m:[0m Failed to terminate the task
[2m2026-09-14T13:35:09.593872Z[0m [31mERROR[0m net-0 ThreadId(08) [2mzenoh_task[0m[2m:[0m Failed to terminate the task
[2m2026-09-14T13:35:09.593872Z[0m [31mERROR[0m net-4 ThreadId(43) [2mzenoh_task[0m[2m:[0m Failed to terminate the task
[2m2026-09-14T13:35:12.732306Z[0m [31mERROR[0m net-1 ThreadId(12) [2mzenoh_task[0m[2m:[0m Failed to terminate the task
[2m2026-09-14T13:35:12.732355Z[0m [31mERROR[0m net-6 ThreadId(45) [2mzenoh_task[0m[2m:[0m Failed to terminate the task
[2m2026-09-14T13:35:12.732306Z[0m [31mERROR[0m net-5 ThreadId(44) [2mzenoh_task[0m[2m:[0m Failed to terminate the task
[2m2026-09-14T13:35:12.755541Z[0m [31mERROR[0m  rx-1 ThreadId(14) [2mzenoh::net::routing::hat::router::token[0m[2m:[0m Network graph doesn't contain destination node [3mnode_id[0m[2m=[0m1
[2m2026-09-14T13:35:12.755602Z[0m [31mERROR[0m  rx-1 ThreadId(14) [2mzenoh::net::routing::hat::router::token[0m[2m:[0m Network graph doesn't contain destination node [3mnode_id[0m[2m=[0m1
ok
test scouting_delay_regression ... ok
test static_failover_brokering ... ignored, https://github.com/eclipse-zenoh/zenoh/issues/2224
test three_node_combination_multicast ... ignored, This is a flaky test
test two_node_combination ... [2m2026-09-14T13:35:15.296688Z[0m [31mERROR[0m tokio-rt-worker ThreadId(62) [2mrouting[0m[2m:[0m Failed to open session [3mnode[0m[2m=[0m"Sub client" [3merr[0m[2m=[0mUnable to connect to any of [Single(tcp/127.0.0.1:42537)]!  at zenoh/src/net/runtime/orchestrator.rs:419.
[2m2026-09-14T13:35:15.296781Z[0m [31mERROR[0m tokio-rt-worker ThreadId(64) [2mrouting[0m[2m:[0m Failed to open session [3mnode[0m[2m=[0m"Pub client" [3merr[0m[2m=[0mUnable to connect to any of [Single(tcp/127.0.0.1:37601)]!  at zenoh/src/net/runtime/orchestrator.rs:419.
[2m2026-09-14T13:35:15.328071Z[0m [31mERROR[0m tokio-rt-worker ThreadId(71) [2mrouting[0m[2m:[0m Failed to open session [3mnode[0m[2m=[0m"Liveliness client" [3merr[0m[2m=[0mUnable to connect to any of [Single(tcp/127.0.0.1:39297)]!  at zenoh/src/net/runtime/orchestrator.rs:419.
[2m2026-09-14T13:35:15.850084Z[0m [31mERROR[0m           net-8 ThreadId(50) [2mzenoh_task[0m[2m:[0m Failed to terminate the task
[2m2026-09-14T13:35:15.850085Z[0m [31mERROR[0m           net-7 ThreadId(49) [2mzenoh_task[0m[2m:[0m Failed to terminate the task
[2m2026-09-14T13:35:15.850079Z[0m [31mERROR[0m           net-3 ThreadId(41) [2mzenoh_task[0m[2m:[0m Failed to terminate the task
[2m2026-09-14T13:35:16.056506Z[0m [31mERROR[0m            rx-1 ThreadId(14) [2mzenoh::net::routing::hat::client::token[0m[2m:[0m Unknown token [3mid[0m[2m=[0m0
[2m2026-09-14T13:35:16.308258Z[0m [31mERROR[0m tokio-rt-worker ThreadId(63) [2mrouting[0m[2m:[0m Failed to open session [3mnode[0m[2m=[0m"Get client" [3merr[0m[2m=[0mUnable to connect to any of [Single(tcp/127.0.0.1:42537)]!  at zenoh/src/net/runtime/orchestrator.rs:419.
ok

test result: ok. 6 passed; 0 failed; 2 ignored; 0 measured; 2 filtered out; finished in 90.08s

     Running tests/session.rs (target/debug/deps/session-7aa3e77888ea414b)

running 8 tests
test test_querier_drop_pending_query_completion_callback_reentrancy ... ok
test test_session_from_cloned_config ... ok
test test_undeclare_subscribers_same_keyexpr ... ok
test zenoh_2sessions_1runtime_init ... ok
test zenoh_session_close ... ok
test zenoh_session_close_in_background_async ... ok
test zenoh_session_close_in_background_sync ... ok
test zenoh_session_unicast ... ok

test result: ok. 8 passed; 0 failed; 0 ignored; 0 measured; 1 filtered out; finished in 30.96s

     Running tests/source_info.rs (target/debug/deps/source_info-43ba225c0dee72ed)

running 4 tests
test test_source_info_pub_sub ... ok
test test_source_info_pub_sub_no_source_info ... ok
test test_source_info_query_reply ... ok
test test_source_info_query_reply_no_source_info ... ok

test result: ok. 4 passed; 0 failed; 0 ignored; 0 measured; 0 filtered out; finished in 4.06s

     Running tests/unicity.rs (target/debug/deps/unicity-4e640255455bd691)

running 2 tests
test zenoh_unicity_brokered ... ok
test zenoh_unicity_p2p ... ok

test result: ok. 2 passed; 0 failed; 0 ignored; 0 measured; 0 filtered out; finished in 24.81s

     Running unittests src/lib.rs (target/debug/deps/zenoh_codec-3e01f29e98a497b4)

running 0 tests

test result: ok. 0 passed; 0 failed; 0 ignored; 0 measured; 0 filtered out; finished in 0.00s

     Running tests/codec.rs (target/debug/deps/codec-76bfd8dfa56ebfc1)

running 53 tests
test codec_close ... ok
test codec_declare ... ok
test codec_declare_body ... ok
test codec_declare_keyexpr ... ok
test codec_declare_queryable ... ok
test codec_declare_subscriber ... ok
test codec_declare_token ... ok
test codec_del ... ok
test codec_encoding ... ok
test codec_err ... ok
test codec_extension ... [2m2026-09-14T13:36:18.917334Z[0m [31mERROR[0m codec_extension ThreadId(12) [2mzenoh_codec::common::extension[0m[2m:[0m Unknown Test ext: ZExtUnknown { Id: 0, Mandatory: true, Encoding: "Unit" }
[2m2026-09-14T13:36:18.917350Z[0m [31mERROR[0m codec_extension ThreadId(12) [2mzenoh_codec::common::extension[0m[2m:[0m Unknown Test ext: ZExtUnknown { Id: 0, Mandatory: true, Encoding: "Unit" }
[2m2026-09-14T13:36:18.917354Z[0m [31mERROR[0m codec_extension ThreadId(12) [2mzenoh_codec::common::extension[0m[2m:[0m Unknown Test ext: ZExtUnknown { Id: 0, Mandatory: true, Encoding: "Unit" }
[2m2026-09-14T13:36:18.917357Z[0m [31mERROR[0m codec_extension ThreadId(12) [2mzenoh_codec::common::extension[0m[2m:[0m Unknown Test ext: ZExtUnknown { Id: 0, Mandatory: true, Encoding: "Unit" }
[2m2026-09-14T13:36:18.917365Z[0m [31mERROR[0m codec_extension ThreadId(12) [2mzenoh_codec::common::extension[0m[2m:[0m Unknown Test ext: ZExtUnknown { Id: 0, Mandatory: true, Encoding: "Unit" }
[2m2026-09-14T13:36:18.917368Z[0m [31mERROR[0m codec_extension ThreadId(12) [2mzenoh_codec::common::extension[0m[2m:[0m Unknown Test ext: ZExtUnknown { Id: 0, Mandatory: true, Encoding: "Unit" }
[2m2026-09-14T13:36:18.917371Z[0m [31mERROR[0m codec_extension ThreadId(12) [2mzenoh_codec::common::extension[0m[2m:[0m Unknown Test ext: ZExtUnknown { Id: 0, Mandatory: true, Encoding: "Unit" }
[2m2026-09-14T13:36:18.917374Z[0m [31mERROR[0m codec_extension ThreadId(12) [2mzenoh_codec::common::extension[0m[2m:[0m Unknown Test ext: ZExtUnknown { Id: 0, Mandatory: true, Encoding: "Unit" }
[2m2026-09-14T13:36:18.917376Z[0m [31mERROR[0m codec_extension ThreadId(12) [2mzenoh_codec::common::extension[0m[2m:[0m Unknown Test ext: ZExtUnknown { Id: 0, Mandatory: true, Encoding: "Unit" }
[2m2026-09-14T13:36:18.917379Z[0m [31mERROR[0m codec_extension ThreadId(12) [2mzenoh_codec::common::extension[0m[2m:[0m Unknown Test ext: ZExtUnknown { Id: 0, Mandatory: true, Encoding: "Unit" }
[2m2026-09-14T13:36:18.917382Z[0m [31mERROR[0m codec_extension ThreadId(12) [2mzenoh_codec::common::extension[0m[2m:[0m Unknown Test ext: ZExtUnknown { Id: 0, Mandatory: true, Encoding: "Unit" }
[2m2026-09-14T13:36:18.917384Z[0m [31mERROR[0m codec_extension ThreadId(12) [2mzenoh_codec::common::extension[0m[2m:[0m Unknown Test ext: ZExtUnknown { Id: 0, Mandatory: true, Encoding: "Unit" }
[2m2026-09-14T13:36:18.917387Z[0m [31mERROR[0m codec_extension ThreadId(12) [2mzenoh_codec::common::extension[0m[2m:[0m Unknown Test ext: ZExtUnknown { Id: 0, Mandatory: true, Encoding: "Unit" }
[2m2026-09-14T13:36:18.917390Z[0m [31mERROR[0m codec_extension ThreadId(12) [2mzenoh_codec::common::extension[0m[2m:[0m Unknown Test ext: ZExtUnknown { Id: 0, Mandatory: true, Encoding: "Unit" }
[2m2026-09-14T13:36:18.917392Z[0m [31mERROR[0m codec_extension ThreadId(12) [2mzenoh_codec::common::extension[0m[2m:[0m Unknown Test ext: ZExtUnknown { Id: 0, Mandatory: true, Encoding: "Unit" }
[2m2026-09-14T13:36:18.917395Z[0m [31mERROR[0m codec_extension ThreadId(12) [2mzenoh_codec::common::extension[0m[2m:[0m Unknown Test ext: ZExtUnknown { Id: 0, Mandatory: true, Encoding: "Unit" }
[2m2026-09-14T13:36:18.917397Z[0m [31mERROR[0m codec_extension ThreadId(12) [2mzenoh_codec::common::extension[0m[2m:[0m Unknown Test ext: ZExtUnknown { Id: 0, Mandatory: true, Encoding: "Unit" }
[2m2026-09-14T13:36:18.917400Z[0m [31mERROR[0m codec_extension ThreadId(12) [2mzenoh_codec::common::extension[0m[2m:[0m Unknown Test ext: ZExtUnknown { Id: 0, Mandatory: true, Encoding: "Unit" }
[2m2026-09-14T13:36:18.917402Z[0m [31mERROR[0m codec_extension ThreadId(12) [2mzenoh_codec::common::extension[0m[2m:[0m Unknown Test ext: ZExtUnknown { Id: 0, Mandatory: true, Encoding: "Unit" }
[2m2026-09-14T13:36:18.917405Z[0m [31mERROR[0m codec_extension ThreadId(12) [2mzenoh_codec::common::extension[0m[2m:[0m Unknown Test ext: ZExtUnknown { Id: 0, Mandatory: true, Encoding: "Unit" }
[2m2026-09-14T13:36:18.917408Z[0m [31mERROR[0m codec_extension ThreadId(12) [2mzenoh_codec::common::extension[0m[2m:[0m Unknown Test ext: ZExtUnknown { Id: 0, Mandatory: true, Encoding: "Unit" }
[2m2026-09-14T13:36:18.917410Z[0m [31mERROR[0m codec_extension ThreadId(12) [2mzenoh_codec::common::extension[0m[2m:[0m Unknown Test ext: ZExtUnknown { Id: 0, Mandatory: true, Encoding: "Unit" }
[2m2026-09-14T13:36:18.917413Z[0m [31mERROR[0m codec_extension ThreadId(12) [2mzenoh_codec::common::extension[0m[2m:[0m Unknown Test ext: ZExtUnknown { Id: 0, Mandatory: true, Encoding: "Unit" }
[2m2026-09-14T13:36:18.917415Z[0m [31mERROR[0m codec_extension ThreadId(12) [2mzenoh_codec::common::extension[0m[2m:[0m Unknown Test ext: ZExtUnknown { Id: 0, Mandatory: true, Encoding: "Unit" }
[2m2026-09-14T13:36:18.917418Z[0m [31mERROR[0m codec_extension ThreadId(12) [2mzenoh_codec::common::extension[0m[2m:[0m Unknown Test ext: ZExtUnknown { Id: 0, Mandatory: true, Encoding: "Unit" }
[2m2026-09-14T13:36:18.917422Z[0m [31mERROR[0m codec_extension ThreadId(12) [2mzenoh_codec::common::extension[0m[2m:[0m Unknown Test ext: ZExtUnknown { Id: 0, Mandatory: true, Encoding: "Unit" }
[2m2026-09-14T13:36:18.917424Z[0m [31mERROR[0m codec_extension ThreadId(12) [2mzenoh_codec::common::extension[0m[2m:[0m Unknown Test ext: ZExtUnknown { Id: 0, Mandatory: true, Encoding: "Unit" }
[2m2026-09-14T13:36:18.917427Z[0m [31mERROR[0m codec_extension ThreadId(12) [2mzenoh_codec::common::extension[0m[2m:[0m Unknown Test ext: ZExtUnknown { Id: 0, Mandatory: true, Encoding: "Unit" }
[2m2026-09-14T13:36:18.917430Z[0m [31mERROR[0m codec_extension ThreadId(12) [2mzenoh_codec::common::extension[0m[2m:[0m Unknown Test ext: ZExtUnknown { Id: 0, Mandatory: true, Encoding: "Unit" }
[2m2026-09-14T13:36:18.917432Z[0m [31mERROR[0m codec_extension ThreadId(12) [2mzenoh_codec::common::extension[0m[2m:[0m Unknown Test ext: ZExtUnknown { Id: 0, Mandatory: true, Encoding: "Unit" }
[2m2026-09-14T13:36:18.917435Z[0m [31mERROR[0m codec_extension ThreadId(12) [2mzenoh_codec::common::extension[0m[2m:[0m Unknown Test ext: ZExtUnknown { Id: 0, Mandatory: true, Encoding: "Unit" }
[2m2026-09-14T13:36:18.917437Z[0m [31mERROR[0m codec_extension ThreadId(12) [2mzenoh_codec::common::extension[0m[2m:[0m Unknown Test ext: ZExtUnknown { Id: 0, Mandatory: true, Encoding: "Unit" }
[2m2026-09-14T13:36:18.917440Z[0m [31mERROR[0m codec_extension ThreadId(12) [2mzenoh_codec::common::extension[0m[2m:[0m Unknown Test ext: ZExtUnknown { Id: 0, Mandatory: true, Encoding: "Unit" }
[2m2026-09-14T13:36:18.917443Z[0m [31mERROR[0m codec_extension ThreadId(12) [2mzenoh_codec::common::extension[0m[2m:[0m Unknown Test ext: ZExtUnknown { Id: 0, Mandatory: true, Encoding: "Unit" }
[2m2026-09-14T13:36:18.917445Z[0m [31mERROR[0m codec_extension ThreadId(12) [2mzenoh_codec::common::extension[0m[2m:[0m Unknown Test ext: ZExtUnknown { Id: 0, Mandatory: true, Encoding: "Unit" }
[2m2026-09-14T13:36:18.917448Z[0m [31mERROR[0m codec_extension ThreadId(12) [2mzenoh_codec::common::extension[0m[2m:[0m Unknown Test ext: ZExtUnknown { Id: 0, Mandatory: true, Encoding: "Unit" }
[2m2026-09-14T13:36:18.917450Z[0m [31mERROR[0m codec_extension ThreadId(12) [2mzenoh_codec::common::extension[0m[2m:[0m Unknown Test ext: ZExtUnknown { Id: 0, Mandatory: true, Encoding: "Unit" }
[2m2026-09-14T13:36:18.917453Z[0m [31mERROR[0m codec_extension ThreadId(12) [2mzenoh_codec::common::extension[0m[2m:[0m Unknown Test ext: ZExtUnknown { Id: 0, Mandatory: true, Encoding: "Unit" }
[2m2026-09-14T13:36:18.917455Z[0m [31mERROR[0m codec_extension ThreadId(12) [2mzenoh_codec::common::extension[0m[2m:[0m Unknown Test ext: ZExtUnknown { Id: 0, Mandatory: true, Encoding: "Unit" }
[2m2026-09-14T13:36:18.917458Z[0m [31mERROR[0m codec_extension ThreadId(12) [2mzenoh_codec::common::extension[0m[2m:[0m Unknown Test ext: ZExtUnknown { Id: 0, Mandatory: true, Encoding: "Unit" }
[2m2026-09-14T13:36:18.917460Z[0m [31mERROR[0m codec_extension ThreadId(12) [2mzenoh_codec::common::extension[0m[2m:[0m Unknown Test ext: ZExtUnknown { Id: 0, Mandatory: true, Encoding: "Unit" }
[2m2026-09-14T13:36:18.917463Z[0m [31mERROR[0m codec_extension ThreadId(12) [2mzenoh_codec::common::extension[0m[2m:[0m Unknown Test ext: ZExtUnknown { Id: 0, Mandatory: true, Encoding: "Unit" }
[2m2026-09-14T13:36:18.917466Z[0m [31mERROR[0m codec_extension ThreadId(12) [2mzenoh_codec::common::extension[0m[2m:[0m Unknown Test ext: ZExtUnknown { Id: 0, Mandatory: true, Encoding: "Unit" }
[2m2026-09-14T13:36:18.917468Z[0m [31mERROR[0m codec_extension ThreadId(12) [2mzenoh_codec::common::extension[0m[2m:[0m Unknown Test ext: ZExtUnknown { Id: 0, Mandatory: true, Encoding: "Unit" }
[2m2026-09-14T13:36:18.917471Z[0m [31mERROR[0m codec_extension ThreadId(12) [2mzenoh_codec::common::extension[0m[2m:[0m Unknown Test ext: ZExtUnknown { Id: 0, Mandatory: true, Encoding: "Unit" }
[2m2026-09-14T13:36:18.917475Z[0m [31mERROR[0m codec_extension ThreadId(12) [2mzenoh_codec::common::extension[0m[2m:[0m Unknown Test ext: ZExtUnknown { Id: 0, Mandatory: true, Encoding: "Unit" }
[2m2026-09-14T13:36:18.917477Z[0m [31mERROR[0m codec_extension ThreadId(12) [2mzenoh_codec::common::extension[0m[2m:[0m Unknown Test ext: ZExtUnknown { Id: 0, Mandatory: true, Encoding: "Unit" }
[2m2026-09-14T13:36:18.917480Z[0m [31mERROR[0m codec_extension ThreadId(12) [2mzenoh_codec::common::extension[0m[2m:[0m Unknown Test ext: ZExtUnknown { Id: 0, Mandatory: true, Encoding: "Unit" }
[2m2026-09-14T13:36:18.917482Z[0m [31mERROR[0m codec_extension ThreadId(12) [2mzenoh_codec::common::extension[0m[2m:[0m Unknown Test ext: ZExtUnknown { Id: 0, Mandatory: true, Encoding: "Unit" }
[2m2026-09-14T13:36:18.917485Z[0m [31mERROR[0m codec_extension ThreadId(12) [2mzenoh_codec::common::extension[0m[2m:[0m Unknown Test ext: ZExtUnknown { Id: 0, Mandatory: true, Encoding: "Unit" }
[2m2026-09-14T13:36:18.917487Z[0m [31mERROR[0m codec_extension ThreadId(12) [2mzenoh_codec::common::extension[0m[2m:[0m Unknown Test ext: ZExtUnknown { Id: 0, Mandatory: true, Encoding: "Unit" }
[2m2026-09-14T13:36:18.917490Z[0m [31mERROR[0m codec_extension ThreadId(12) [2mzenoh_codec::common::extension[0m[2m:[0m Unknown Test ext: ZExtUnknown { Id: 0, Mandatory: true, Encoding: "Unit" }
[2m2026-09-14T13:36:18.917493Z[0m [31mERROR[0m codec_extension ThreadId(12) [2mzenoh_codec::common::extension[0m[2m:[0m Unknown Test ext: ZExtUnknown { Id: 0, Mandatory: true, Encoding: "Unit" }
[2m2026-09-14T13:36:18.917495Z[0m [31mERROR[0m codec_extension ThreadId(12) [2mzenoh_codec::common::extension[0m[2m:[0m Unknown Test ext: ZExtUnknown { Id: 0, Mandatory: true, Encoding: "Unit" }
[2m2026-09-14T13:36:18.917498Z[0m [31mERROR[0m codec_extension ThreadId(12) [2mzenoh_codec::common::extension[0m[2m:[0m Unknown Test ext: ZExtUnknown { Id: 0, Mandatory: true, Encoding: "Unit" }
[2m2026-09-14T13:36:18.917500Z[0m [31mERROR[0m codec_extension ThreadId(12) [2mzenoh_codec::common::extension[0m[2m:[0m Unknown Test ext: ZExtUnknown { Id: 0, Mandatory: true, Encoding: "Unit" }
[2m2026-09-14T13:36:18.917503Z[0m [31mERROR[0m codec_extension ThreadId(12) [2mzenoh_codec::common::extension[0m[2m:[0m Unknown Test ext: ZExtUnknown { Id: 0, Mandatory: true, Encoding: "Unit" }
[2m2026-09-14T13:36:18.917505Z[0m [31mERROR[0m codec_extension ThreadId(12) [2mzenoh_codec::common::extension[0m[2m:[0m Unknown Test ext: ZExtUnknown { Id: 0, Mandatory: true, Encoding: "Unit" }
[2m2026-09-14T13:36:18.917508Z[0m [31mERROR[0m codec_extension ThreadId(12) [2mzenoh_codec::common::extension[0m[2m:[0m Unknown Test ext: ZExtUnknown { Id: 0, Mandatory: true, Encoding: "Unit" }
[2m2026-09-14T13:36:18.917511Z[0m [31mERROR[0m codec_extension ThreadId(12) [2mzenoh_codec::common::extension[0m[2m:[0m Unknown Test ext: ZExtUnknown { Id: 0, Mandatory: true, Encoding: "Unit" }
[2m2026-09-14T13:36:18.917513Z[0m [31mERROR[0m codec_extension ThreadId(12) [2mzenoh_codec::common::extension[0m[2m:[0m Unknown Test ext: ZExtUnknown { Id: 0, Mandatory: true, Encoding: "Unit" }
[2m2026-09-14T13:36:18.917516Z[0m [31mERROR[0m codec_extension ThreadId(12) [2mzenoh_codec::common::extension[0m[2m:[0m Unknown Test ext: ZExtUnknown { Id: 0, Mandatory: true, Encoding: "Unit" }
[2m2026-09-14T13:36:18.917518Z[0m [31mERROR[0m codec_extension ThreadId(12) [2mzenoh_codec::common::extension[0m[2m:[0m Unknown Test ext: ZExtUnknown { Id: 0, Mandatory: true, Encoding: "Unit" }
[2m2026-09-14T13:36:18.917521Z[0m [31mERROR[0m codec_extension ThreadId(12) [2mzenoh_codec::common::extension[0m[2m:[0m Unknown Test ext: ZExtUnknown { Id: 0, Mandatory: true, Encoding: "Unit" }
[2m2026-09-14T13:36:18.917537Z[0m [31mERROR[0m codec_extension ThreadId(12) [2mzenoh_codec::common::extension[0m[2m:[0m Unknown Test ext: ZExtUnknown { Id: 0, Mandatory: true, Encoding: "Unit" }
[2m2026-09-14T13:36:18.917541Z[0m [31mERROR[0m codec_extension ThreadId(12) [2mzenoh_codec::common::extension[0m[2m:[0m Unknown Test ext: ZExtUnknown { Id: 0, Mandatory: true, Encoding: "Unit" }
[2m2026-09-14T13:36:18.917544Z[0m [31mERROR[0m codec_extension ThreadId(12) [2mzenoh_codec::common::extension[0m[2m:[0m Unknown Test ext: ZExtUnknown { Id: 0, Mandatory: true, Encoding: "Unit" }
[2m2026-09-14T13:36:18.917547Z[0m [31mERROR[0m codec_extension ThreadId(12) [2mzenoh_codec::common::extension[0m[2m:[0m Unknown Test ext: ZExtUnknown { Id: 0, Mandatory: true, Encoding: "Unit" }
[2m2026-09-14T13:36:18.917549Z[0m [31mERROR[0m codec_extension ThreadId(12) [2mzenoh_codec::common::extension[0m[2m:[0m Unknown Test ext: ZExtUnknown { Id: 0, Mandatory: true, Encoding: "Unit" }
[2m2026-09-14T13:36:18.917552Z[0m [31mERROR[0m codec_extension ThreadId(12) [2mzenoh_codec::common::extension[0m[2m:[0m Unknown Test ext: ZExtUnknown { Id: 0, Mandatory: true, Encoding: "Unit" }
[2m2026-09-14T13:36:18.917554Z[0m [31mERROR[0m codec_extension ThreadId(12) [2mzenoh_codec::common::extension[0m[2m:[0m Unknown Test ext: ZExtUnknown { Id: 0, Mandatory: true, Encoding: "Unit" }
[2m2026-09-14T13:36:18.917557Z[0m [31mERROR[0m codec_extension ThreadId(12) [2mzenoh_codec::common::extension[0m[2m:[0m Unknown Test ext: ZExtUnknown { Id: 0, Mandatory: true, Encoding: "Unit" }
[2m2026-09-14T13:36:18.917559Z[0m [31mERROR[0m codec_extension ThreadId(12) [2mzenoh_codec::common::extension[0m[2m:[0m Unknown Test ext: ZExtUnknown { Id: 0, Mandatory: true, Encoding: "Unit" }
[2m2026-09-14T13:36:18.917562Z[0m [31mERROR[0m codec_extension ThreadId(12) [2mzenoh_codec::common::extension[0m[2m:[0m Unknown Test ext: ZExtUnknown { Id: 0, Mandatory: true, Encoding: "Unit" }
[2m2026-09-14T13:36:18.917565Z[0m [31mERROR[0m codec_extension ThreadId(12) [2mzenoh_codec::common::extension[0m[2m:[0m Unknown Test ext: ZExtUnknown { Id: 0, Mandatory: true, Encoding: "Unit" }
[2m2026-09-14T13:36:18.917567Z[0m [31mERROR[0m codec_extension ThreadId(12) [2mzenoh_codec::common::extension[0m[2m:[0m Unknown Test ext: ZExtUnknown { Id: 0, Mandatory: true, Encoding: "Unit" }
[2m2026-09-14T13:36:18.917570Z[0m [31mERROR[0m codec_extension ThreadId(12) [2mzenoh_codec::common::extension[0m[2m:[0m Unknown Test ext: ZExtUnknown { Id: 0, Mandatory: true, Encoding: "Unit" }
[2m2026-09-14T13:36:18.917572Z[0m [31mERROR[0m codec_extension ThreadId(12) [2mzenoh_codec::common::extension[0m[2m:[0m Unknown Test ext: ZExtUnknown { Id: 0, Mandatory: true, Encoding: "Unit" }
[2m2026-09-14T13:36:18.917575Z[0m [31mERROR[0m codec_extension ThreadId(12) [2mzenoh_codec::common::extension[0m[2m:[0m Unknown Test ext: ZExtUnknown { Id: 0, Mandatory: true, Encoding: "Unit" }
[2m2026-09-14T13:36:18.917577Z[0m [31mERROR[0m codec_extension ThreadId(12) [2mzenoh_codec::common::extension[0m[2m:[0m Unknown Test ext: ZExtUnknown { Id: 0, Mandatory: true, Encoding: "Unit" }
[2m2026-09-14T13:36:18.917580Z[0m [31mERROR[0m codec_extension ThreadId(12) [2mzenoh_codec::common::extension[0m[2m:[0m Unknown Test ext: ZExtUnknown { Id: 0, Mandatory: true, Encoding: "Unit" }
[2m2026-09-14T13:36:18.917582Z[0m [31mERROR[0m codec_extension ThreadId(12) [2mzenoh_codec::common::extension[0m[2m:[0m Unknown Test ext: ZExtUnknown { Id: 0, Mandatory: true, Encoding: "Unit" }
[2m2026-09-14T13:36:18.917585Z[0m [31mERROR[0m codec_extension ThreadId(12) [2mzenoh_codec::common::extension[0m[2m:[0m Unknown Test ext: ZExtUnknown { Id: 0, Mandatory: true, Encoding: "Unit" }
[2m2026-09-14T13:36:18.917588Z[0m [31mERROR[0m codec_extension ThreadId(12) [2mzenoh_codec::common::extension[0m[2m:[0m Unknown Test ext: ZExtUnknown { Id: 0, Mandatory: true, Encoding: "Unit" }
[2m2026-09-14T13:36:18.917590Z[0m [31mERROR[0m codec_extension ThreadId(12) [2mzenoh_codec::common::extension[0m[2m:[0m Unknown Test ext: ZExtUnknown { Id: 0, Mandatory: true, Encoding: "Unit" }
[2m2026-09-14T13:36:18.917603Z[0m [31mERROR[0m codec_extension ThreadId(12) [2mzenoh_codec::common::extension[0m[2m:[0m Unknown Test ext: ZExtUnknown { Id: 0, Mandatory: true, Encoding: "Unit" }
[2m2026-09-14T13:36:18.917606Z[0m [31mERROR[0m codec_extension ThreadId(12) [2mzenoh_codec::common::extension[0m[2m:[0m Unknown Test ext: ZExtUnknown { Id: 0, Mandatory: true, Encoding: "Unit" }
[2m2026-09-14T13:36:18.917609Z[0m [31mERROR[0m codec_extension ThreadId(12) [2mzenoh_codec::common::extension[0m[2m:[0m Unknown Test ext: ZExtUnknown { Id: 0, Mandatory: true, Encoding: "Unit" }
[2m2026-09-14T13:36:18.917621Z[0m [31mERROR[0m codec_extension ThreadId(12) [2mzenoh_codec::common::extension[0m[2m:[0m Unknown Test ext: ZExtUnknown { Id: 0, Mandatory: true, Encoding: "Unit" }
[2m2026-09-14T13:36:18.917625Z[0m [31mERROR[0m codec_extension ThreadId(12) [2mzenoh_codec::common::extension[0m[2m:[0m Unknown Test ext: ZExtUnknown { Id: 0, Mandatory: true, Encoding: "Unit" }
[2m2026-09-14T13:36:18.917628Z[0m [31mERROR[0m codec_extension ThreadId(12) [2mzenoh_codec::common::extension[0m[2m:[0m Unknown Test ext: ZExtUnknown { Id: 0, Mandatory: true, Encoding: "Unit" }
[2m2026-09-14T13:36:18.917631Z[0m [31mERROR[0m codec_extension ThreadId(12) [2mzenoh_codec::common::extension[0m[2m:[0m Unknown Test ext: ZExtUnknown { Id: 0, Mandatory: true, Encoding: "Unit" }
[2m2026-09-14T13:36:18.917634Z[0m [31mERROR[0m codec_extension ThreadId(12) [2mzenoh_codec::common::extension[0m[2m:[0m Unknown Test ext: ZExtUnknown { Id: 0, Mandatory: true, Encoding: "Unit" }
[2m2026-09-14T13:36:18.917637Z[0m [31mERROR[0m codec_extension ThreadId(12) [2mzenoh_codec::common::extension[0m[2m:[0m Unknown Test ext: ZExtUnknown { Id: 0, Mandatory: true, Encoding: "Unit" }
[2m2026-09-14T13:36:18.917641Z[0m [31mERROR[0m codec_extension ThreadId(12) [2mzenoh_codec::common::extension[0m[2m:[0m Unknown Test ext: ZExtUnknown { Id: 0, Mandatory: true, Encoding: "Unit" }
[2m2026-09-14T13:36:18.917644Z[0m [31mERROR[0m codec_extension ThreadId(12) [2mzenoh_codec::common::extension[0m[2m:[0m Unknown Test ext: ZExtUnknown { Id: 0, Mandatory: true, Encoding: "Unit" }
[2m2026-09-14T13:36:18.917647Z[0m [31mERROR[0m codec_extension ThreadId(12) [2mzenoh_codec::common::extension[0m[2m:[0m Unknown Test ext: ZExtUnknown { Id: 0, Mandatory: true, Encoding: "Unit" }
[2m2026-09-14T13:36:18.917651Z[0m [31mERROR[0m codec_extension ThreadId(12) [2mzenoh_codec::common::extension[0m[2m:[0m Unknown Test ext: ZExtUnknown { Id: 0, Mandatory: true, Encoding: "Unit" }
[2m2026-09-14T13:36:18.917654Z[0m [31mERROR[0m codec_extension ThreadId(12) [2mzenoh_codec::common::extension[0m[2m:[0m Unknown Test ext: ZExtUnknown { Id: 0, Mandatory: true, Encoding: "Unit" }
[2m2026-09-14T13:36:18.917657Z[0m [31mERROR[0m codec_extension ThreadId(12) [2mzenoh_codec::common::extension[0m[2m:[0m Unknown Test ext: ZExtUnknown { Id: 0, Mandatory: true, Encoding: "Unit" }
[2m2026-09-14T13:36:18.917661Z[0m [31mERROR[0m codec_extension ThreadId(12) [2mzenoh_codec::common::extension[0m[2m:[0m Unknown Test ext: ZExtUnknown { Id: 0, Mandatory: true, Encoding: "Unit" }
[2m2026-09-14T13:36:18.917663Z[0m [31mERROR[0m codec_extension ThreadId(12) [2mzenoh_codec::common::extension[0m[2m:[0m Unknown Test ext: ZExtUnknown { Id: 0, Mandatory: true, Encoding: "Unit" }
[2m2026-09-14T13:36:18.917666Z[0m [31mERROR[0m codec_extension ThreadId(12) [2mzenoh_codec::common::extension[0m[2m:[0m Unknown Test ext: ZExtUnknown { Id: 0, Mandatory: true, Encoding: "Unit" }
[2m2026-09-14T13:36:18.917669Z[0m [31mERROR[0m codec_extension ThreadId(12) [2mzenoh_codec::common::extension[0m[2m:[0m Unknown Test ext: ZExtUnknown { Id: 0, Mandatory: true, Encoding: "Unit" }
[2m2026-09-14T13:36:18.917672Z[0m [31mERROR[0m codec_extension ThreadId(12) [2mzenoh_codec::common::extension[0m[2m:[0m Unknown Test ext: ZExtUnknown { Id: 0, Mandatory: true, Encoding: "Unit" }
[2m2026-09-14T13:36:18.917677Z[0m [31mERROR[0m codec_extension ThreadId(12) [2mzenoh_codec::common::extension[0m[2m:[0m Unknown Test ext: ZExtUnknown { Id: 0, Mandatory: true, Encoding: "Unit" }
[2m2026-09-14T13:36:18.917681Z[0m [31mERROR[0m codec_extension ThreadId(12) [2mzenoh_codec::common::extension[0m[2m:[0m Unknown Test ext: ZExtUnknown { Id: 0, Mandatory: true, Encoding: "Unit" }
[2m2026-09-14T13:36:18.917684Z[0m [31mERROR[0m codec_extension ThreadId(12) [2mzenoh_codec::common::extension[0m[2m:[0m Unknown Test ext: ZExtUnknown { Id: 0, Mandatory: true, Encoding: "Unit" }
[2m2026-09-14T13:36:18.917687Z[0m [31mERROR[0m codec_extension ThreadId(12) [2mzenoh_codec::common::extension[0m[2m:[0m Unknown Test ext: ZExtUnknown { Id: 0, Mandatory: true, Encoding: "Unit" }
[2m2026-09-14T13:36:18.917691Z[0m [31mERROR[0m codec_extension ThreadId(12) [2mzenoh_codec::common::extension[0m[2m:[0m Unknown Test ext: ZExtUnknown { Id: 0, Mandatory: true, Encoding: "Unit" }
[2m2026-09-14T13:36:18.917694Z[0m [31mERROR[0m codec_extension ThreadId(12) [2mzenoh_codec::common::extension[0m[2m:[0m Unknown Test ext: ZExtUnknown { Id: 0, Mandatory: true, Encoding: "Unit" }
[2m2026-09-14T13:36:18.917698Z[0m [31mERROR[0m codec_extension ThreadId(12) [2mzenoh_codec::common::extension[0m[2m:[0m Unknown Test ext: ZExtUnknown { Id: 0, Mandatory: true, Encoding: "Unit" }
[2m2026-09-14T13:36:18.917701Z[0m [31mERROR[0m codec_extension ThreadId(12) [2mzenoh_codec::common::extension[0m[2m:[0m Unknown Test ext: ZExtUnknown { Id: 0, Mandatory: true, Encoding: "Unit" }
[2m2026-09-14T13:36:18.917704Z[0m [31mERROR[0m codec_extension ThreadId(12) [2mzenoh_codec::common::extension[0m[2m:[0m Unknown Test ext: ZExtUnknown { Id: 0, Mandatory: true, Encoding: "Unit" }
[2m2026-09-14T13:36:18.917708Z[0m [31mERROR[0m codec_extension ThreadId(12) [2mzenoh_codec::common::extension[0m[2m:[0m Unknown Test ext: ZExtUnknown { Id: 0, Mandatory: true, Encoding: "Unit" }
[2m2026-09-14T13:36:18.917711Z[0m [31mERROR[0m codec_extension ThreadId(12) [2mzenoh_codec::common::extension[0m[2m:[0m Unknown Test ext: ZExtUnknown { Id: 0, Mandatory: true, Encoding: "Unit" }
[2m2026-09-14T13:36:18.917714Z[0m [31mERROR[0m codec_extension ThreadId(12) [2mzenoh_codec::common::extension[0m[2m:[0m Unknown Test ext: ZExtUnknown { Id: 0, Mandatory: true, Encoding: "Unit" }
[2m2026-09-14T13:36:18.917717Z[0m [31mERROR[0m codec_extension ThreadId(12) [2mzenoh_codec::common::extension[0m[2m:[0m Unknown Test ext: ZExtUnknown { Id: 0, Mandatory: true, Encoding: "Unit" }
[2m2026-09-14T13:36:18.917720Z[0m [31mERROR[0m codec_extension ThreadId(12) [2mzenoh_codec::common::extension[0m[2m:[0m Unknown Test ext: ZExtUnknown { Id: 0, Mandatory: true, Encoding: "Unit" }
[2m2026-09-14T13:36:18.917722Z[0m [31mERROR[0m codec_extension ThreadId(12) [2mzenoh_codec::common::extension[0m[2m:[0m Unknown Test ext: ZExtUnknown { Id: 0, Mandatory: true, Encoding: "Unit" }
[2m2026-09-14T13:36:18.917725Z[0m [31mERROR[0m codec_extension ThreadId(12) [2mzenoh_codec::common::extension[0m[2m:[0m Unknown Test ext: ZExtUnknown { Id: 0, Mandatory: true, Encoding: "Unit" }
[2m2026-09-14T13:36:18.917727Z[0m [31mERROR[0m codec_extension ThreadId(12) [2mzenoh_codec::common::extension[0m[2m:[0m Unknown Test ext: ZExtUnknown { Id: 0, Mandatory: true, Encoding: "Unit" }
[2m2026-09-14T13:36:18.917730Z[0m [31mERROR[0m codec_extension ThreadId(12) [2mzenoh_codec::common::extension[0m[2m:[0m Unknown Test ext: ZExtUnknown { Id: 0, Mandatory: true, Encoding: "Unit" }
[2m2026-09-14T13:36:18.917733Z[0m [31mERROR[0m codec_extension ThreadId(12) [2mzenoh_codec::common::extension[0m[2m:[0m Unknown Test ext: ZExtUnknown { Id: 0, Mandatory: true, Encoding: "Unit" }
[2m2026-09-14T13:36:18.917735Z[0m [31mERROR[0m codec_extension ThreadId(12) [2mzenoh_codec::common::extension[0m[2m:[0m Unknown Test ext: ZExtUnknown { Id: 0, Mandatory: true, Encoding: "Unit" }
[2m2026-09-14T13:36:18.917739Z[0m [31mERROR[0m codec_extension ThreadId(12) [2mzenoh_codec::common::extension[0m[2m:[0m Unknown Test ext: ZExtUnknown { Id: 0, Mandatory: true, Encoding: "Unit" }
[2m2026-09-14T13:36:18.917741Z[0m [31mERROR[0m codec_extension ThreadId(12) [2mzenoh_codec::common::extension[0m[2m:[0m Unknown Test ext: ZExtUnknown { Id: 0, Mandatory: true, Encoding: "Unit" }
[2m2026-09-14T13:36:18.917744Z[0m [31mERROR[0m codec_extension ThreadId(12) [2mzenoh_codec::common::extension[0m[2m:[0m Unknown Test ext: ZExtUnknown { Id: 0, Mandatory: true, Encoding: "Unit" }
[2m2026-09-14T13:36:18.917763Z[0m [31mERROR[0m codec_extension ThreadId(12) [2mzenoh_codec::common::extension[0m[2m:[0m Unknown Test ext: ZExtUnknown { Id: 0, Mandatory: true, Encoding: "Unit" }
[2m2026-09-14T13:36:18.917766Z[0m [31mERROR[0m codec_extension ThreadId(12) [2mzenoh_codec::common::extension[0m[2m:[0m Unknown Test ext: ZExtUnknown { Id: 0, Mandatory: true, Encoding: "Unit" }
[2m2026-09-14T13:36:18.917770Z[0m [31mERROR[0m codec_extension ThreadId(12) [2mzenoh_codec::common::extension[0m[2m:[0m Unknown Test ext: ZExtUnknown { Id: 0, Mandatory: true, Encoding: "Unit" }
[2m2026-09-14T13:36:18.917773Z[0m [31mERROR[0m codec_extension ThreadId(12) [2mzenoh_codec::common::extension[0m[2m:[0m Unknown Test ext: ZExtUnknown { Id: 0, Mandatory: true, Encoding: "Unit" }
[2m2026-09-14T13:36:18.917777Z[0m [31mERROR[0m codec_extension ThreadId(12) [2mzenoh_codec::common::extension[0m[2m:[0m Unknown Test ext: ZExtUnknown { Id: 0, Mandatory: true, Encoding: "Unit" }
[2m2026-09-14T13:36:18.917780Z[0m [31mERROR[0m codec_extension ThreadId(12) [2mzenoh_codec::common::extension[0m[2m:[0m Unknown Test ext: ZExtUnknown { Id: 0, Mandatory: true, Encoding: "Unit" }
[2m2026-09-14T13:36:18.917784Z[0m [31mERROR[0m codec_extension ThreadId(12) [2mzenoh_codec::common::extension[0m[2m:[0m Unknown Test ext: ZExtUnknown { Id: 0, Mandatory: true, Encoding: "Unit" }
[2m2026-09-14T13:36:18.917787Z[0m [31mERROR[0m codec_extension ThreadId(12) [2mzenoh_codec::common::extension[0m[2m:[0m Unknown Test ext: ZExtUnknown { Id: 0, Mandatory: true, Encoding: "Unit" }
[2m2026-09-14T13:36:18.917790Z[0m [31mERROR[0m codec_extension ThreadId(12) [2mzenoh_codec::common::extension[0m[2m:[0m Unknown Test ext: ZExtUnknown { Id: 0, Mandatory: true, Encoding: "Unit" }
[2m2026-09-14T13:36:18.917794Z[0m [31mERROR[0m codec_extension ThreadId(12) [2mzenoh_codec::common::extension[0m[2m:[0m Unknown Test ext: ZExtUnknown { Id: 0, Mandatory: true, Encoding: "Unit" }
[2m2026-09-14T13:36:18.917797Z[0m [31mERROR[0m codec_extension ThreadId(12) [2mzenoh_codec::common::extension[0m[2m:[0m Unknown Test ext: ZExtUnknown { Id: 0, Mandatory: true, Encoding: "Unit" }
[2m2026-09-14T13:36:18.917801Z[0m [31mERROR[0m codec_extension ThreadId(12) [2mzenoh_codec::common::extension[0m[2m:[0m Unknown Test ext: ZExtUnknown { Id: 0, Mandatory: true, Encoding: "Unit" }
[2m2026-09-14T13:36:18.917804Z[0m [31mERROR[0m codec_extension ThreadId(12) [2mzenoh_codec::common::extension[0m[2m:[0m Unknown Test ext: ZExtUnknown { Id: 0, Mandatory: true, Encoding: "Unit" }
[2m2026-09-14T13:36:18.917808Z[0m [31mERROR[0m codec_extension ThreadId(12) [2mzenoh_codec::common::extension[0m[2m:[0m Unknown Test ext: ZExtUnknown { Id: 0, Mandatory: true, Encoding: "Unit" }
[2m2026-09-14T13:36:18.917811Z[0m [31mERROR[0m codec_extension ThreadId(12) [2mzenoh_codec::common::extension[0m[2m:[0m Unknown Test ext: ZExtUnknown { Id: 0, Mandatory: true, Encoding: "Unit" }
[2m2026-09-14T13:36:18.917815Z[0m [31mERROR[0m codec_extension ThreadId(12) [2mzenoh_codec::common::extension[0m[2m:[0m Unknown Test ext: ZExtUnknown { Id: 0, Mandatory: true, Encoding: "Unit" }
[2m2026-09-14T13:36:18.917818Z[0m [31mERROR[0m codec_extension ThreadId(12) [2mzenoh_codec::common::extension[0m[2m:[0m Unknown Test ext: ZExtUnknown { Id: 0, Mandatory: true, Encoding: "Unit" }
[2m2026-09-14T13:36:18.917821Z[0m [31mERROR[0m codec_extension ThreadId(12) [2mzenoh_codec::common::extension[0m[2m:[0m Unknown Test ext: ZExtUnknown { Id: 0, Mandatory: true, Encoding: "Unit" }
[2m2026-09-14T13:36:18.917825Z[0m [31mERROR[0m codec_extension ThreadId(12) [2mzenoh_codec::common::extension[0m[2m:[0m Unknown Test ext: ZExtUnknown { Id: 0, Mandatory: true, Encoding: "Unit" }
[2m2026-09-14T13:36:18.917828Z[0m [31mERROR[0m codec_extension ThreadId(12) [2mzenoh_codec::common::extension[0m[2m:[0m Unknown Test ext: ZExtUnknown { Id: 0, Mandatory: true, Encoding: "Unit" }
[2m2026-09-14T13:36:18.917831Z[0m [31mERROR[0m codec_extension ThreadId(12) [2mzenoh_codec::common::extension[0m[2m:[0m Unknown Test ext: ZExtUnknown { Id: 0, Mandatory: true, Encoding: "Unit" }
[2m2026-09-14T13:36:18.917833Z[0m [31mERROR[0m codec_extension ThreadId(12) [2mzenoh_codec::common::extension[0m[2m:[0m Unknown Test ext: ZExtUnknown { Id: 0, Mandatory: true, Encoding: "Unit" }
[2m2026-09-14T13:36:18.917836Z[0m [31mERROR[0m codec_extension ThreadId(12) [2mzenoh_codec::common::extension[0m[2m:[0m Unknown Test ext: ZExtUnknown { Id: 0, Mandatory: true, Encoding: "Unit" }
[2m2026-09-14T13:36:18.917839Z[0m [31mERROR[0m codec_extension ThreadId(12) [2mzenoh_codec::common::extension[0m[2m:[0m Unknown Test ext: ZExtUnknown { Id: 0, Mandatory: true, Encoding: "Unit" }
[2m2026-09-14T13:36:18.917842Z[0m [31mERROR[0m codec_extension ThreadId(12) [2mzenoh_codec::common::extension[0m[2m:[0m Unknown Test ext: ZExtUnknown { Id: 0, Mandatory: true, Encoding: "Unit" }
[2m2026-09-14T13:36:18.917844Z[0m [31mERROR[0m codec_extension ThreadId(12) [2mzenoh_codec::common::extension[0m[2m:[0m Unknown Test ext: ZExtUnknown { Id: 0, Mandatory: true, Encoding: "Unit" }
[2m2026-09-14T13:36:18.917847Z[0m [31mERROR[0m codec_extension ThreadId(12) [2mzenoh_codec::common::extension[0m[2m:[0m Unknown Test ext: ZExtUnknown { Id: 0, Mandatory: true, Encoding: "Unit" }
[2m2026-09-14T13:36:18.917850Z[0m [31mERROR[0m codec_extension ThreadId(12) [2mzenoh_codec::common::extension[0m[2m:[0m Unknown Test ext: ZExtUnknown { Id: 0, Mandatory: true, Encoding: "Unit" }
[2m2026-09-14T13:36:18.917853Z[0m [31mERROR[0m codec_extension ThreadId(12) [2mzenoh_codec::common::extension[0m[2m:[0m Unknown Test ext: ZExtUnknown { Id: 0, Mandatory: true, Encoding: "Unit" }
[2m2026-09-14T13:36:18.917855Z[0m [31mERROR[0m codec_extension ThreadId(12) [2mzenoh_codec::common::extension[0m[2m:[0m Unknown Test ext: ZExtUnknown { Id: 0, Mandatory: true, Encoding: "Unit" }
[2m2026-09-14T13:36:18.917858Z[0m [31mERROR[0m codec_extension ThreadId(12) [2mzenoh_codec::common::extension[0m[2m:[0m Unknown Test ext: ZExtUnknown { Id: 0, Mandatory: true, Encoding: "Unit" }
[2m2026-09-14T13:36:18.917860Z[0m [31mERROR[0m codec_extension ThreadId(12) [2mzenoh_codec::common::extension[0m[2m:[0m Unknown Test ext: ZExtUnknown { Id: 0, Mandatory: true, Encoding: "Unit" }
[2m2026-09-14T13:36:18.917863Z[0m [31mERROR[0m codec_extension ThreadId(12) [2mzenoh_codec::common::extension[0m[2m:[0m Unknown Test ext: ZExtUnknown { Id: 0, Mandatory: true, Encoding: "Unit" }
[2m2026-09-14T13:36:18.917866Z[0m [31mERROR[0m codec_extension ThreadId(12) [2mzenoh_codec::common::extension[0m[2m:[0m Unknown Test ext: ZExtUnknown { Id: 0, Mandatory: true, Encoding: "Unit" }
[2m2026-09-14T13:36:18.917868Z[0m [31mERROR[0m codec_extension ThreadId(12) [2mzenoh_codec::common::extension[0m[2m:[0m Unknown Test ext: ZExtUnknown { Id: 0, Mandatory: true, Encoding: "Unit" }
[2m2026-09-14T13:36:18.917871Z[0m [31mERROR[0m codec_extension ThreadId(12) [2mzenoh_codec::common::extension[0m[2m:[0m Unknown Test ext: ZExtUnknown { Id: 0, Mandatory: true, Encoding: "Unit" }
[2m2026-09-14T13:36:18.917874Z[0m [31mERROR[0m codec_extension ThreadId(12) [2mzenoh_codec::common::extension[0m[2m:[0m Unknown Test ext: ZExtUnknown { Id: 0, Mandatory: true, Encoding: "Unit" }
[2m2026-09-14T13:36:18.917876Z[0m [31mERROR[0m codec_extension ThreadId(12) [2mzenoh_codec::common::extension[0m[2m:[0m Unknown Test ext: ZExtUnknown { Id: 0, Mandatory: true, Encoding: "Unit" }
[2m2026-09-14T13:36:18.917881Z[0m [31mERROR[0m codec_extension ThreadId(12) [2mzenoh_codec::common::extension[0m[2m:[0m Unknown Test ext: ZExtUnknown { Id: 0, Mandatory: true, Encoding: "Unit" }
[2m2026-09-14T13:36:18.917884Z[0m [31mERROR[0m codec_extension ThreadId(12) [2mzenoh_codec::common::extension[0m[2m:[0m Unknown Test ext: ZExtUnknown { Id: 0, Mandatory: true, Encoding: "Unit" }
[2m2026-09-14T13:36:18.917888Z[0m [31mERROR[0m codec_extension ThreadId(12) [2mzenoh_codec::common::extension[0m[2m:[0m Unknown Test ext: ZExtUnknown { Id: 0, Mandatory: true, Encoding: "Unit" }
[2m2026-09-14T13:36:18.917891Z[0m [31mERROR[0m codec_extension ThreadId(12) [2mzenoh_codec::common::extension[0m[2m:[0m Unknown Test ext: ZExtUnknown { Id: 0, Mandatory: true, Encoding: "Unit" }
[2m2026-09-14T13:36:18.917894Z[0m [31mERROR[0m codec_extension ThreadId(12) [2mzenoh_codec::common::extension[0m[2m:[0m Unknown Test ext: ZExtUnknown { Id: 0, Mandatory: true, Encoding: "Unit" }
[2m2026-09-14T13:36:18.917898Z[0m [31mERROR[0m codec_extension ThreadId(12) [2mzenoh_codec::common::extension[0m[2m:[0m Unknown Test ext: ZExtUnknown { Id: 0, Mandatory: true, Encoding: "Unit" }
[2m2026-09-14T13:36:18.917901Z[0m [31mERROR[0m codec_extension ThreadId(12) [2mzenoh_codec::common::extension[0m[2m:[0m Unknown Test ext: ZExtUnknown { Id: 0, Mandatory: true, Encoding: "Unit" }
[2m2026-09-14T13:36:18.917904Z[0m [31mERROR[0m codec_extension ThreadId(12) [2mzenoh_codec::common::extension[0m[2m:[0m Unknown Test ext: ZExtUnknown { Id: 0, Mandatory: true, Encoding: "Unit" }
[2m2026-09-14T13:36:18.917908Z[0m [31mERROR[0m codec_extension ThreadId(12) [2mzenoh_codec::common::extension[0m[2m:[0m Unknown Test ext: ZExtUnknown { Id: 0, Mandatory: true, Encoding: "Unit" }
[2m2026-09-14T13:36:18.917911Z[0m [31mERROR[0m codec_extension ThreadId(12) [2mzenoh_codec::common::extension[0m[2m:[0m Unknown Test ext: ZExtUnknown { Id: 0, Mandatory: true, Encoding: "Unit" }
[2m2026-09-14T13:36:18.917915Z[0m [31mERROR[0m codec_extension ThreadId(12) [2mzenoh_codec::common::extension[0m[2m:[0m Unknown Test ext: ZExtUnknown { Id: 0, Mandatory: true, Encoding: "Unit" }
[2m2026-09-14T13:36:18.917918Z[0m [31mERROR[0m codec_extension ThreadId(12) [2mzenoh_codec::common::extension[0m[2m:[0m Unknown Test ext: ZExtUnknown { Id: 0, Mandatory: true, Encoding: "Unit" }
[2m2026-09-14T13:36:18.917922Z[0m [31mERROR[0m codec_extension ThreadId(12) [2mzenoh_codec::common::extension[0m[2m:[0m Unknown Test ext: ZExtUnknown { Id: 0, Mandatory: true, Encoding: "Unit" }
[2m2026-09-14T13:36:18.917925Z[0m [31mERROR[0m codec_extension ThreadId(12) [2mzenoh_codec::common::extension[0m[2m:[0m Unknown Test ext: ZExtUnknown { Id: 0, Mandatory: true, Encoding: "Unit" }
[2m2026-09-14T13:36:18.917929Z[0m [31mERROR[0m codec_extension ThreadId(12) [2mzenoh_codec::common::extension[0m[2m:[0m Unknown Test ext: ZExtUnknown { Id: 0, Mandatory: true, Encoding: "Unit" }
[2m2026-09-14T13:36:18.917932Z[0m [31mERROR[0m codec_extension ThreadId(12) [2mzenoh_codec::common::extension[0m[2m:[0m Unknown Test ext: ZExtUnknown { Id: 0, Mandatory: true, Encoding: "Unit" }
[2m2026-09-14T13:36:18.917936Z[0m [31mERROR[0m codec_extension ThreadId(12) [2mzenoh_codec::common::extension[0m[2m:[0m Unknown Test ext: ZExtUnknown { Id: 0, Mandatory: true, Encoding: "Unit" }
[2m2026-09-14T13:36:18.917939Z[0m [31mERROR[0m codec_extension ThreadId(12) [2mzenoh_codec::common::extension[0m[2m:[0m Unknown Test ext: ZExtUnknown { Id: 0, Mandatory: true, Encoding: "Unit" }
[2m2026-09-14T13:36:18.917943Z[0m [31mERROR[0m codec_extension ThreadId(12) [2mzenoh_codec::common::extension[0m[2m:[0m Unknown Test ext: ZExtUnknown { Id: 0, Mandatory: true, Encoding: "Unit" }
[2m2026-09-14T13:36:18.917946Z[0m [31mERROR[0m codec_extension ThreadId(12) [2mzenoh_codec::common::extension[0m[2m:[0m Unknown Test ext: ZExtUnknown { Id: 0, Mandatory: true, Encoding: "Unit" }
[2m2026-09-14T13:36:18.917950Z[0m [31mERROR[0m codec_extension ThreadId(12) [2mzenoh_codec::common::extension[0m[2m:[0m Unknown Test ext: ZExtUnknown { Id: 0, Mandatory: true, Encoding: "Unit" }
[2m2026-09-14T13:36:18.917954Z[0m [31mERROR[0m codec_extension ThreadId(12) [2mzenoh_codec::common::extension[0m[2m:[0m Unknown Test ext: ZExtUnknown { Id: 0, Mandatory: true, Encoding: "Unit" }
[2m2026-09-14T13:36:18.917957Z[0m [31mERROR[0m codec_extension ThreadId(12) [2mzenoh_codec::common::extension[0m[2m:[0m Unknown Test ext: ZExtUnknown { Id: 0, Mandatory: true, Encoding: "Unit" }
[2m2026-09-14T13:36:18.917961Z[0m [31mERROR[0m codec_extension ThreadId(12) [2mzenoh_codec::common::extension[0m[2m:[0m Unknown Test ext: ZExtUnknown { Id: 0, Mandatory: true, Encoding: "Unit" }
[2m2026-09-14T13:36:18.917964Z[0m [31mERROR[0m codec_extension ThreadId(12) [2mzenoh_codec::common::extension[0m[2m:[0m Unknown Test ext: ZExtUnknown { Id: 0, Mandatory: true, Encoding: "Unit" }
[2m2026-09-14T13:36:18.917967Z[0m [31mERROR[0m codec_extension ThreadId(12) [2mzenoh_codec::common::extension[0m[2m:[0m Unknown Test ext: ZExtUnknown { Id: 0, Mandatory: true, Encoding: "Unit" }
[2m2026-09-14T13:36:18.917987Z[0m [31mERROR[0m codec_extension ThreadId(12) [2mzenoh_codec::common::extension[0m[2m:[0m Unknown Test ext: ZExtUnknown { Id: 0, Mandatory: true, Encoding: "Unit" }
[2m2026-09-14T13:36:18.917990Z[0m [31mERROR[0m codec_extension ThreadId(12) [2mzenoh_codec::common::extension[0m[2m:[0m Unknown Test ext: ZExtUnknown { Id: 0, Mandatory: true, Encoding: "Unit" }
[2m2026-09-14T13:36:18.917992Z[0m [31mERROR[0m codec_extension ThreadId(12) [2mzenoh_codec::common::extension[0m[2m:[0m Unknown Test ext: ZExtUnknown { Id: 0, Mandatory: true, Encoding: "Unit" }
[2m2026-09-14T13:36:18.917995Z[0m [31mERROR[0m codec_extension ThreadId(12) [2mzenoh_codec::common::extension[0m[2m:[0m Unknown Test ext: ZExtUnknown { Id: 0, Mandatory: true, Encoding: "Unit" }
[2m2026-09-14T13:36:18.917999Z[0m [31mERROR[0m codec_extension ThreadId(12) [2mzenoh_codec::common::extension[0m[2m:[0m Unknown Test ext: ZExtUnknown { Id: 0, Mandatory: true, Encoding: "Unit" }
[2m2026-09-14T13:36:18.918001Z[0m [31mERROR[0m codec_extension ThreadId(12) [2mzenoh_codec::common::extension[0m[2m:[0m Unknown Test ext: ZExtUnknown { Id: 0, Mandatory: true, Encoding: "Unit" }
[2m2026-09-14T13:36:18.918004Z[0m [31mERROR[0m codec_extension ThreadId(12) [2mzenoh_codec::common::extension[0m[2m:[0m Unknown Test ext: ZExtUnknown { Id: 0, Mandatory: true, Encoding: "Unit" }
[2m2026-09-14T13:36:18.918007Z[0m [31mERROR[0m codec_extension ThreadId(12) [2mzenoh_codec::common::extension[0m[2m:[0m Unknown Test ext: ZExtUnknown { Id: 0, Mandatory: true, Encoding: "Unit" }
[2m2026-09-14T13:36:18.918011Z[0m [31mERROR[0m codec_extension ThreadId(12) [2mzenoh_codec::common::extension[0m[2m:[0m Unknown Test ext: ZExtUnknown { Id: 0, Mandatory: true, Encoding: "Unit" }
[2m2026-09-14T13:36:18.918015Z[0m [31mERROR[0m codec_extension ThreadId(12) [2mzenoh_codec::common::extension[0m[2m:[0m Unknown Test ext: ZExtUnknown { Id: 0, Mandatory: true, Encoding: "Unit" }
[2m2026-09-14T13:36:18.918018Z[0m [31mERROR[0m codec_extension ThreadId(12) [2mzenoh_codec::common::extension[0m[2m:[0m Unknown Test ext: ZExtUnknown { Id: 0, Mandatory: true, Encoding: "Unit" }
[2m2026-09-14T13:36:18.918021Z[0m [31mERROR[0m codec_extension ThreadId(12) [2mzenoh_codec::common::extension[0m[2m:[0m Unknown Test ext: ZExtUnknown { Id: 0, Mandatory: true, Encoding: "Unit" }
[2m2026-09-14T13:36:18.918024Z[0m [31mERROR[0m codec_extension ThreadId(12) [2mzenoh_codec::common::extension[0m[2m:[0m Unknown Test ext: ZExtUnknown { Id: 0, Mandatory: true, Encoding: "Unit" }
[2m2026-09-14T13:36:18.918027Z[0m [31mERROR[0m codec_extension ThreadId(12) [2mzenoh_codec::common::extension[0m[2m:[0m Unknown Test ext: ZExtUnknown { Id: 0, Mandatory: true, Encoding: "Unit" }
[2m2026-09-14T13:36:18.918031Z[0m [31mERROR[0m codec_extension ThreadId(12) [2mzenoh_codec::common::extension[0m[2m:[0m Unknown Test ext: ZExtUnknown { Id: 0, Mandatory: true, Encoding: "Unit" }
[2m2026-09-14T13:36:18.918034Z[0m [31mERROR[0m codec_extension ThreadId(12) [2mzenoh_codec::common::extension[0m[2m:[0m Unknown Test ext: ZExtUnknown { Id: 0, Mandatory: true, Encoding: "Unit" }
[2m2026-09-14T13:36:18.918037Z[0m [31mERROR[0m codec_extension ThreadId(12) [2mzenoh_codec::common::extension[0m[2m:[0m Unknown Test ext: ZExtUnknown { Id: 0, Mandatory: true, Encoding: "Unit" }
[2m2026-09-14T13:36:18.918040Z[0m [31mERROR[0m codec_extension ThreadId(12) [2mzenoh_codec::common::extension[0m[2m:[0m Unknown Test ext: ZExtUnknown { Id: 0, Mandatory: true, Encoding: "Unit" }
[2m2026-09-14T13:36:18.918043Z[0m [31mERROR[0m codec_extension ThreadId(12) [2mzenoh_codec::common::extension[0m[2m:[0m Unknown Test ext: ZExtUnknown { Id: 0, Mandatory: true, Encoding: "Unit" }
[2m2026-09-14T13:36:18.918046Z[0m [31mERROR[0m codec_extension ThreadId(12) [2mzenoh_codec::common::extension[0m[2m:[0m Unknown Test ext: ZExtUnknown { Id: 0, Mandatory: true, Encoding: "Unit" }
[2m2026-09-14T13:36:18.918048Z[0m [31mERROR[0m codec_extension ThreadId(12) [2mzenoh_codec::common::extension[0m[2m:[0m Unknown Test ext: ZExtUnknown { Id: 0, Mandatory: true, Encoding: "Unit" }
[2m2026-09-14T13:36:18.918051Z[0m [31mERROR[0m codec_extension ThreadId(12) [2mzenoh_codec::common::extension[0m[2m:[0m Unknown Test ext: ZExtUnknown { Id: 0, Mandatory: true, Encoding: "Unit" }
[2m2026-09-14T13:36:18.918054Z[0m [31mERROR[0m codec_extension ThreadId(12) [2mzenoh_codec::common::extension[0m[2m:[0m Unknown Test ext: ZExtUnknown { Id: 0, Mandatory: true, Encoding: "Unit" }
[2m2026-09-14T13:36:18.918057Z[0m [31mERROR[0m codec_extension ThreadId(12) [2mzenoh_codec::common::extension[0m[2m:[0m Unknown Test ext: ZExtUnknown { Id: 0, Mandatory: true, Encoding: "Unit" }
[2m2026-09-14T13:36:18.918060Z[0m [31mERROR[0m codec_extension ThreadId(12) [2mzenoh_codec::common::extension[0m[2m:[0m Unknown Test ext: ZExtUnknown { Id: 0, Mandatory: true, Encoding: "Unit" }
[2m2026-09-14T13:36:18.918063Z[0m [31mERROR[0m codec_extension ThreadId(12) [2mzenoh_codec::common::extension[0m[2m:[0m Unknown Test ext: ZExtUnknown { Id: 0, Mandatory: true, Encoding: "Unit" }
[2m2026-09-14T13:36:18.918066Z[0m [31mERROR[0m codec_extension ThreadId(12) [2mzenoh_codec::common::extension[0m[2m:[0m Unknown Test ext: ZExtUnknown { Id: 0, Mandatory: true, Encoding: "Unit" }
[2m2026-09-14T13:36:18.918069Z[0m [31mERROR[0m codec_extension ThreadId(12) [2mzenoh_codec::common::extension[0m[2m:[0m Unknown Test ext: ZExtUnknown { Id: 0, Mandatory: true, Encoding: "Unit" }
[2m2026-09-14T13:36:18.918072Z[0m [31mERROR[0m codec_extension ThreadId(12) [2mzenoh_codec::common::extension[0m[2m:[0m Unknown Test ext: ZExtUnknown { Id: 0, Mandatory: true, Encoding: "Unit" }
[2m2026-09-14T13:36:18.918075Z[0m [31mERROR[0m codec_extension ThreadId(12) [2mzenoh_codec::common::extension[0m[2m:[0m Unknown Test ext: ZExtUnknown { Id: 0, Mandatory: true, Encoding: "Unit" }
[2m2026-09-14T13:36:18.918077Z[0m [31mERROR[0m codec_extension ThreadId(12) [2mzenoh_codec::common::extension[0m[2m:[0m Unknown Test ext: ZExtUnknown { Id: 0, Mandatory: true, Encoding: "Unit" }
[2m2026-09-14T13:36:18.918080Z[0m [31mERROR[0m codec_extension ThreadId(12) [2mzenoh_codec::common::extension[0m[2m:[0m Unknown Test ext: ZExtUnknown { Id: 0, Mandatory: true, Encoding: "Unit" }
[2m2026-09-14T13:36:18.918083Z[0m [31mERROR[0m codec_extension ThreadId(12) [2mzenoh_codec::common::extension[0m[2m:[0m Unknown Test ext: ZExtUnknown { Id: 0, Mandatory: true, Encoding: "Unit" }
[2m2026-09-14T13:36:18.918086Z[0m [31mERROR[0m codec_extension ThreadId(12) [2mzenoh_codec::common::extension[0m[2m:[0m Unknown Test ext: ZExtUnknown { Id: 0, Mandatory: true, Encoding: "Unit" }
[2m2026-09-14T13:36:18.918090Z[0m [31mERROR[0m codec_extension ThreadId(12) [2mzenoh_codec::common::extension[0m[2m:[0m Unknown Test ext: ZExtUnknown { Id: 0, Mandatory: true, Encoding: "Unit" }
[2m2026-09-14T13:36:18.918093Z[0m [31mERROR[0m codec_extension ThreadId(12) [2mzenoh_codec::common::extension[0m[2m:[0m Unknown Test ext: ZExtUnknown { Id: 0, Mandatory: true, Encoding: "Unit" }
[2m2026-09-14T13:36:18.918095Z[0m [31mERROR[0m codec_extension ThreadId(12) [2mzenoh_codec::common::extension[0m[2m:[0m Unknown Test ext: ZExtUnknown { Id: 0, Mandatory: true, Encoding: "Unit" }
[2m2026-09-14T13:36:18.918099Z[0m [31mERROR[0m codec_extension ThreadId(12) [2mzenoh_codec::common::extension[0m[2m:[0m Unknown Test ext: ZExtUnknown { Id: 0, Mandatory: true, Encoding: "Unit" }
[2m2026-09-14T13:36:18.918101Z[0m [31mERROR[0m codec_extension ThreadId(12) [2mzenoh_codec::common::extension[0m[2m:[0m Unknown Test ext: ZExtUnknown { Id: 0, Mandatory: true, Encoding: "Unit" }
[2m2026-09-14T13:36:18.918104Z[0m [31mERROR[0m codec_extension ThreadId(12) [2mzenoh_codec::common::extension[0m[2m:[0m Unknown Test ext: ZExtUnknown { Id: 0, Mandatory: true, Encoding: "Unit" }
[2m2026-09-14T13:36:18.918107Z[0m [31mERROR[0m codec_extension ThreadId(12) [2mzenoh_codec::common::extension[0m[2m:[0m Unknown Test ext: ZExtUnknown { Id: 0, Mandatory: true, Encoding: "Unit" }
[2m2026-09-14T13:36:18.918109Z[0m [31mERROR[0m codec_extension ThreadId(12) [2mzenoh_codec::common::extension[0m[2m:[0m Unknown Test ext: ZExtUnknown { Id: 0, Mandatory: true, Encoding: "Unit" }
[2m2026-09-14T13:36:18.918112Z[0m [31mERROR[0m codec_extension ThreadId(12) [2mzenoh_codec::common::extension[0m[2m:[0m Unknown Test ext: ZExtUnknown { Id: 0, Mandatory: true, Encoding: "Unit" }
[2m2026-09-14T13:36:18.918115Z[0m [31mERROR[0m codec_extension ThreadId(12) [2mzenoh_codec::common::extension[0m[2m:[0m Unknown Test ext: ZExtUnknown { Id: 0, Mandatory: true, Encoding: "Unit" }
[2m2026-09-14T13:36:18.918118Z[0m [31mERROR[0m codec_extension ThreadId(12) [2mzenoh_codec::common::extension[0m[2m:[0m Unknown Test ext: ZExtUnknown { Id: 0, Mandatory: true, Encoding: "Unit" }
[2m2026-09-14T13:36:18.918121Z[0m [31mERROR[0m codec_extension ThreadId(12) [2mzenoh_codec::common::extension[0m[2m:[0m Unknown Test ext: ZExtUnknown { Id: 0, Mandatory: true, Encoding: "Unit" }
[2m2026-09-14T13:36:18.918125Z[0m [31mERROR[0m codec_extension ThreadId(12) [2mzenoh_codec::common::extension[0m[2m:[0m Unknown Test ext: ZExtUnknown { Id: 0, Mandatory: true, Encoding: "Unit" }
[2m2026-09-14T13:36:18.918128Z[0m [31mERROR[0m codec_extension ThreadId(12) [2mzenoh_codec::common::extension[0m[2m:[0m Unknown Test ext: ZExtUnknown { Id: 0, Mandatory: true, Encoding: "Unit" }
[2m2026-09-14T13:36:18.918132Z[0m [31mERROR[0m codec_extension ThreadId(12) [2mzenoh_codec::common::extension[0m[2m:[0m Unknown Test ext: ZExtUnknown { Id: 0, Mandatory: true, Encoding: "Unit" }
[2m2026-09-14T13:36:18.918135Z[0m [31mERROR[0m codec_extension ThreadId(12) [2mzenoh_codec::common::extension[0m[2m:[0m Unknown Test ext: ZExtUnknown { Id: 0, Mandatory: true, Encoding: "Unit" }
[2m2026-09-14T13:36:18.918139Z[0m [31mERROR[0m codec_extension ThreadId(12) [2mzenoh_codec::common::extension[0m[2m:[0m Unknown Test ext: ZExtUnknown { Id: 0, Mandatory: true, Encoding: "Unit" }
[2m2026-09-14T13:36:18.918142Z[0m [31mERROR[0m codec_extension ThreadId(12) [2mzenoh_codec::common::extension[0m[2m:[0m Unknown Test ext: ZExtUnknown { Id: 0, Mandatory: true, Encoding: "Unit" }
[2m2026-09-14T13:36:18.918146Z[0m [31mERROR[0m codec_extension ThreadId(12) [2mzenoh_codec::common::extension[0m[2m:[0m Unknown Test ext: ZExtUnknown { Id: 0, Mandatory: true, Encoding: "Unit" }
[2m2026-09-14T13:36:18.918149Z[0m [31mERROR[0m codec_extension ThreadId(12) [2mzenoh_codec::common::extension[0m[2m:[0m Unknown Test ext: ZExtUnknown { Id: 0, Mandatory: true, Encoding: "Unit" }
[2m2026-09-14T13:36:18.918153Z[0m [31mERROR[0m codec_extension ThreadId(12) [2mzenoh_codec::common::extension[0m[2m:[0m Unknown Test ext: ZExtUnknown { Id: 0, Mandatory: true, Encoding: "Unit" }
[2m2026-09-14T13:36:18.918157Z[0m [31mERROR[0m codec_extension ThreadId(12) [2mzenoh_codec::common::extension[0m[2m:[0m Unknown Test ext: ZExtUnknown { Id: 0, Mandatory: true, Encoding: "Unit" }
[2m2026-09-14T13:36:18.918161Z[0m [31mERROR[0m codec_extension ThreadId(12) [2mzenoh_codec::common::extension[0m[2m:[0m Unknown Test ext: ZExtUnknown { Id: 0, Mandatory: true, Encoding: "Unit" }
[2m2026-09-14T13:36:18.918164Z[0m [31mERROR[0m codec_extension ThreadId(12) [2mzenoh_codec::common::extension[0m[2m:[0m Unknown Test ext: ZExtUnknown { Id: 0, Mandatory: true, Encoding: "Unit" }
[2m2026-09-14T13:36:18.918168Z[0m [31mERROR[0m codec_extension ThreadId(12) [2mzenoh_codec::common::extension[0m[2m:[0m Unknown Test ext: ZExtUnknown { Id: 0, Mandatory: true, Encoding: "Unit" }
[2m2026-09-14T13:36:18.918171Z[0m [31mERROR[0m codec_extension ThreadId(12) [2mzenoh_codec::common::extension[0m[2m:[0m Unknown Test ext: ZExtUnknown { Id: 0, Mandatory: true, Encoding: "Unit" }
[2m2026-09-14T13:36:18.918175Z[0m [31mERROR[0m codec_extension ThreadId(12) [2mzenoh_codec::common::extension[0m[2m:[0m Unknown Test ext: ZExtUnknown { Id: 0, Mandatory: true, Encoding: "Unit" }
[2m2026-09-14T13:36:18.918178Z[0m [31mERROR[0m codec_extension ThreadId(12) [2mzenoh_codec::common::extension[0m[2m:[0m Unknown Test ext: ZExtUnknown { Id: 0, Mandatory: true, Encoding: "Unit" }
[2m2026-09-14T13:36:18.918182Z[0m [31mERROR[0m codec_extension ThreadId(12) [2mzenoh_codec::common::extension[0m[2m:[0m Unknown Test ext: ZExtUnknown { Id: 0, Mandatory: true, Encoding: "Unit" }
[2m2026-09-14T13:36:18.918186Z[0m [31mERROR[0m codec_extension ThreadId(12) [2mzenoh_codec::common::extension[0m[2m:[0m Unknown Test ext: ZExtUnknown { Id: 0, Mandatory: true, Encoding: "Unit" }
[2m2026-09-14T13:36:18.918203Z[0m [31mERROR[0m codec_extension ThreadId(12) [2mzenoh_codec::common::extension[0m[2m:[0m Unknown Test ext: ZExtUnknown { Id: 0, Mandatory: true, Encoding: "Unit" }
[2m2026-09-14T13:36:18.918206Z[0m [31mERROR[0m codec_extension ThreadId(12) [2mzenoh_codec::common::extension[0m[2m:[0m Unknown Test ext: ZExtUnknown { Id: 0, Mandatory: true, Encoding: "Unit" }
[2m2026-09-14T13:36:18.918209Z[0m [31mERROR[0m codec_extension ThreadId(12) [2mzenoh_codec::common::extension[0m[2m:[0m Unknown Test ext: ZExtUnknown { Id: 0, Mandatory: true, Encoding: "Unit" }
[2m2026-09-14T13:36:18.918212Z[0m [31mERROR[0m codec_extension ThreadId(12) [2mzenoh_codec::common::extension[0m[2m:[0m Unknown Test ext: ZExtUnknown { Id: 0, Mandatory: true, Encoding: "Unit" }
[2m2026-09-14T13:36:18.918214Z[0m [31mERROR[0m codec_extension ThreadId(12) [2mzenoh_codec::common::extension[0m[2m:[0m Unknown Test ext: ZExtUnknown { Id: 0, Mandatory: true, Encoding: "Unit" }
[2m2026-09-14T13:36:18.918217Z[0m [31mERROR[0m codec_extension ThreadId(12) [2mzenoh_codec::common::extension[0m[2m:[0m Unknown Test ext: ZExtUnknown { Id: 0, Mandatory: true, Encoding: "Unit" }
[2m2026-09-14T13:36:18.918220Z[0m [31mERROR[0m codec_extension ThreadId(12) [2mzenoh_codec::common::extension[0m[2m:[0m Unknown Test ext: ZExtUnknown { Id: 0, Mandatory: true, Encoding: "Unit" }
[2m2026-09-14T13:36:18.918223Z[0m [31mERROR[0m codec_extension ThreadId(12) [2mzenoh_codec::common::extension[0m[2m:[0m Unknown Test ext: ZExtUnknown { Id: 0, Mandatory: true, Encoding: "Unit" }
[2m2026-09-14T13:36:18.918225Z[0m [31mERROR[0m codec_extension ThreadId(12) [2mzenoh_codec::common::extension[0m[2m:[0m Unknown Test ext: ZExtUnknown { Id: 0, Mandatory: true, Encoding: "Unit" }
[2m2026-09-14T13:36:18.918228Z[0m [31mERROR[0m codec_extension ThreadId(12) [2mzenoh_codec::common::extension[0m[2m:[0m Unknown Test ext: ZExtUnknown { Id: 0, Mandatory: true, Encoding: "Unit" }
[2m2026-09-14T13:36:18.918231Z[0m [31mERROR[0m codec_extension ThreadId(12) [2mzenoh_codec::common::extension[0m[2m:[0m Unknown Test ext: ZExtUnknown { Id: 0, Mandatory: true, Encoding: "Unit" }
[2m2026-09-14T13:36:18.918234Z[0m [31mERROR[0m codec_extension ThreadId(12) [2mzenoh_codec::common::extension[0m[2m:[0m Unknown Test ext: ZExtUnknown { Id: 0, Mandatory: true, Encoding: "Unit" }
[2m2026-09-14T13:36:18.918237Z[0m [31mERROR[0m codec_extension ThreadId(12) [2mzenoh_codec::common::extension[0m[2m:[0m Unknown Test ext: ZExtUnknown { Id: 0, Mandatory: true, Encoding: "Unit" }
[2m2026-09-14T13:36:18.918240Z[0m [31mERROR[0m codec_extension ThreadId(12) [2mzenoh_codec::common::extension[0m[2m:[0m Unknown Test ext: ZExtUnknown { Id: 0, Mandatory: true, Encoding: "Unit" }
[2m2026-09-14T13:36:18.918242Z[0m [31mERROR[0m codec_extension ThreadId(12) [2mzenoh_codec::common::extension[0m[2m:[0m Unknown Test ext: ZExtUnknown { Id: 0, Mandatory: true, Encoding: "Unit" }
[2m2026-09-14T13:36:18.918245Z[0m [31mERROR[0m codec_extension ThreadId(12) [2mzenoh_codec::common::extension[0m[2m:[0m Unknown Test ext: ZExtUnknown { Id: 0, Mandatory: true, Encoding: "Unit" }
[2m2026-09-14T13:36:18.918248Z[0m [31mERROR[0m codec_extension ThreadId(12) [2mzenoh_codec::common::extension[0m[2m:[0m Unknown Test ext: ZExtUnknown { Id: 0, Mandatory: true, Encoding: "Unit" }
[2m2026-09-14T13:36:18.918250Z[0m [31mERROR[0m codec_extension ThreadId(12) [2mzenoh_codec::common::extension[0m[2m:[0m Unknown Test ext: ZExtUnknown { Id: 0, Mandatory: true, Encoding: "Unit" }
[2m2026-09-14T13:36:18.918253Z[0m [31mERROR[0m codec_extension ThreadId(12) [2mzenoh_codec::common::extension[0m[2m:[0m Unknown Test ext: ZExtUnknown { Id: 0, Mandatory: true, Encoding: "Unit" }
[2m2026-09-14T13:36:18.918256Z[0m [31mERROR[0m codec_extension ThreadId(12) [2mzenoh_codec::common::extension[0m[2m:[0m Unknown Test ext: ZExtUnknown { Id: 0, Mandatory: true, Encoding: "Unit" }
[2m2026-09-14T13:36:18.918259Z[0m [31mERROR[0m codec_extension ThreadId(12) [2mzenoh_codec::common::extension[0m[2m:[0m Unknown Test ext: ZExtUnknown { Id: 0, Mandatory: true, Encoding: "Unit" }
[2m2026-09-14T13:36:18.918263Z[0m [31mERROR[0m codec_extension ThreadId(12) [2mzenoh_codec::common::extension[0m[2m:[0m Unknown Test ext: ZExtUnknown { Id: 0, Mandatory: true, Encoding: "Unit" }
[2m2026-09-14T13:36:18.918266Z[0m [31mERROR[0m codec_extension ThreadId(12) [2mzenoh_codec::common::extension[0m[2m:[0m Unknown Test ext: ZExtUnknown { Id: 0, Mandatory: true, Encoding: "Unit" }
[2m2026-09-14T13:36:18.918270Z[0m [31mERROR[0m codec_extension ThreadId(12) [2mzenoh_codec::common::extension[0m[2m:[0m Unknown Test ext: ZExtUnknown { Id: 0, Mandatory: true, Encoding: "Unit" }
[2m2026-09-14T13:36:18.918273Z[0m [31mERROR[0m codec_extension ThreadId(12) [2mzenoh_codec::common::extension[0m[2m:[0m Unknown Test ext: ZExtUnknown { Id: 0, Mandatory: true, Encoding: "Unit" }
[2m2026-09-14T13:36:18.918277Z[0m [31mERROR[0m codec_extension ThreadId(12) [2mzenoh_codec::common::extension[0m[2m:[0m Unknown Test ext: ZExtUnknown { Id: 0, Mandatory: true, Encoding: "Unit" }
[2m2026-09-14T13:36:18.918280Z[0m [31mERROR[0m codec_extension ThreadId(12) [2mzenoh_codec::common::extension[0m[2m:[0m Unknown Test ext: ZExtUnknown { Id: 0, Mandatory: true, Encoding: "Unit" }
[2m2026-09-14T13:36:18.918284Z[0m [31mERROR[0m codec_extension ThreadId(12) [2mzenoh_codec::common::extension[0m[2m:[0m Unknown Test ext: ZExtUnknown { Id: 0, Mandatory: true, Encoding: "Unit" }
[2m2026-09-14T13:36:18.918287Z[0m [31mERROR[0m codec_extension ThreadId(12) [2mzenoh_codec::common::extension[0m[2m:[0m Unknown Test ext: ZExtUnknown { Id: 0, Mandatory: true, Encoding: "Unit" }
[2m2026-09-14T13:36:18.918291Z[0m [31mERROR[0m codec_extension ThreadId(12) [2mzenoh_codec::common::extension[0m[2m:[0m Unknown Test ext: ZExtUnknown { Id: 0, Mandatory: true, Encoding: "Unit" }
[2m2026-09-14T13:36:18.918294Z[0m [31mERROR[0m codec_extension ThreadId(12) [2mzenoh_codec::common::extension[0m[2m:[0m Unknown Test ext: ZExtUnknown { Id: 0, Mandatory: true, Encoding: "Unit" }
[2m2026-09-14T13:36:18.918298Z[0m [31mERROR[0m codec_extension ThreadId(12) [2mzenoh_codec::common::extension[0m[2m:[0m Unknown Test ext: ZExtUnknown { Id: 0, Mandatory: true, Encoding: "Unit" }
[2m2026-09-14T13:36:18.918301Z[0m [31mERROR[0m codec_extension ThreadId(12) [2mzenoh_codec::common::extension[0m[2m:[0m Unknown Test ext: ZExtUnknown { Id: 0, Mandatory: true, Encoding: "Unit" }
[2m2026-09-14T13:36:18.918304Z[0m [31mERROR[0m codec_extension ThreadId(12) [2mzenoh_codec::common::extension[0m[2m:[0m Unknown Test ext: ZExtUnknown { Id: 0, Mandatory: true, Encoding: "Unit" }
[2m2026-09-14T13:36:18.918307Z[0m [31mERROR[0m codec_extension ThreadId(12) [2mzenoh_codec::common::extension[0m[2m:[0m Unknown Test ext: ZExtUnknown { Id: 0, Mandatory: true, Encoding: "Unit" }
[2m2026-09-14T13:36:18.918309Z[0m [31mERROR[0m codec_extension ThreadId(12) [2mzenoh_codec::common::extension[0m[2m:[0m Unknown Test ext: ZExtUnknown { Id: 0, Mandatory: true, Encoding: "Unit" }
[2m2026-09-14T13:36:18.918312Z[0m [31mERROR[0m codec_extension ThreadId(12) [2mzenoh_codec::common::extension[0m[2m:[0m Unknown Test ext: ZExtUnknown { Id: 0, Mandatory: true, Encoding: "Unit" }
[2m2026-09-14T13:36:18.918314Z[0m [31mERROR[0m codec_extension ThreadId(12) [2mzenoh_codec::common::extension[0m[2m:[0m Unknown Test ext: ZExtUnknown { Id: 0, Mandatory: true, Encoding: "Unit" }
[2m2026-09-14T13:36:18.918317Z[0m [31mERROR[0m codec_extension ThreadId(12) [2mzenoh_codec::common::extension[0m[2m:[0m Unknown Test ext: ZExtUnknown { Id: 0, Mandatory: true, Encoding: "Unit" }
[2m2026-09-14T13:36:18.918320Z[0m [31mERROR[0m codec_extension ThreadId(12) [2mzenoh_codec::common::extension[0m[2m:[0m Unknown Test ext: ZExtUnknown { Id: 0, Mandatory: true, Encoding: "Unit" }
[2m2026-09-14T13:36:18.918322Z[0m [31mERROR[0m codec_extension ThreadId(12) [2mzenoh_codec::common::extension[0m[2m:[0m Unknown Test ext: ZExtUnknown { Id: 0, Mandatory: true, Encoding: "Unit" }
[2m2026-09-14T13:36:18.918325Z[0m [31mERROR[0m codec_extension ThreadId(12) [2mzenoh_codec::common::extension[0m[2m:[0m Unknown Test ext: ZExtUnknown { Id: 0, Mandatory: true, Encoding: "Unit" }
[2m2026-09-14T13:36:18.918327Z[0m [31mERROR[0m codec_extension ThreadId(12) [2mzenoh_codec::common::extension[0m[2m:[0m Unknown Test ext: ZExtUnknown { Id: 0, Mandatory: true, Encoding: "Unit" }
[2m2026-09-14T13:36:18.918331Z[0m [31mERROR[0m codec_extension ThreadId(12) [2mzenoh_codec::common::extension[0m[2m:[0m Unknown Test ext: ZExtUnknown { Id: 0, Mandatory: true, Encoding: "Unit" }
[2m2026-09-14T13:36:18.918489Z[0m [31mERROR[0m codec_extension ThreadId(12) [2mzenoh_codec::common::extension[0m[2m:[0m Unknown Test ext: ZExtUnknown { Id: 1, Mandatory: true, Encoding: "Z64", Value: 11191454849660236413 }
[2m2026-09-14T13:36:18.918493Z[0m [31mERROR[0m codec_extension ThreadId(12) [2mzenoh_codec::common::extension[0m[2m:[0m Unknown Test ext: ZExtUnknown { Id: 1, Mandatory: true, Encoding: "Z64", Value: 2548619878292548086 }
[2m2026-09-14T13:36:18.918497Z[0m [31mERROR[0m codec_extension ThreadId(12) [2mzenoh_codec::common::extension[0m[2m:[0m Unknown Test ext: ZExtUnknown { Id: 1, Mandatory: true, Encoding: "Z64", Value: 7645657410726702385 }
[2m2026-09-14T13:36:18.918501Z[0m [31mERROR[0m codec_extension ThreadId(12) [2mzenoh_codec::common::extension[0m[2m:[0m Unknown Test ext: ZExtUnknown { Id: 1, Mandatory: true, Encoding: "Z64", Value: 16416043668824767491 }
[2m2026-09-14T13:36:18.918505Z[0m [31mERROR[0m codec_extension ThreadId(12) [2mzenoh_codec::common::extension[0m[2m:[0m Unknown Test ext: ZExtUnknown { Id: 1, Mandatory: true, Encoding: "Z64", Value: 2677044310608821589 }
[2m2026-09-14T13:36:18.918510Z[0m [31mERROR[0m codec_extension ThreadId(12) [2mzenoh_codec::common::extension[0m[2m:[0m Unknown Test ext: ZExtUnknown { Id: 1, Mandatory: true, Encoding: "Z64", Value: 251847710143657783 }
[2m2026-09-14T13:36:18.918516Z[0m [31mERROR[0m codec_extension ThreadId(12) [2mzenoh_codec::common::extension[0m[2m:[0m Unknown Test ext: ZExtUnknown { Id: 1, Mandatory: true, Encoding: "Z64", Value: 2986282859193113022 }
[2m2026-09-14T13:36:18.918520Z[0m [31mERROR[0m codec_extension ThreadId(12) [2mzenoh_codec::common::extension[0m[2m:[0m Unknown Test ext: ZExtUnknown { Id: 1, Mandatory: true, Encoding: "Z64", Value: 13083540363937145448 }
[2m2026-09-14T13:36:18.918525Z[0m [31mERROR[0m codec_extension ThreadId(12) [2mzenoh_codec::common::extension[0m[2m:[0m Unknown Test ext: ZExtUnknown { Id: 1, Mandatory: true, Encoding: "Z64", Value: 725122594004988759 }
[2m2026-09-14T13:36:18.918529Z[0m [31mERROR[0m codec_extension ThreadId(12) [2mzenoh_codec::common::extension[0m[2m:[0m Unknown Test ext: ZExtUnknown { Id: 1, Mandatory: true, Encoding: "Z64", Value: 14034686173628245404 }
[2m2026-09-14T13:36:18.918533Z[0m [31mERROR[0m codec_extension ThreadId(12) [2mzenoh_codec::common::extension[0m[2m:[0m Unknown Test ext: ZExtUnknown { Id: 1, Mandatory: true, Encoding: "Z64", Value: 4491139356773467930 }
[2m2026-09-14T13:36:18.918537Z[0m [31mERROR[0m codec_extension ThreadId(12) [2mzenoh_codec::common::extension[0m[2m:[0m Unknown Test ext: ZExtUnknown { Id: 1, Mandatory: true, Encoding: "Z64", Value: 15700117504123004090 }
[2m2026-09-14T13:36:18.918540Z[0m [31mERROR[0m codec_extension ThreadId(12) [2mzenoh_codec::common::extension[0m[2m:[0m Unknown Test ext: ZExtUnknown { Id: 1, Mandatory: true, Encoding: "Z64", Value: 6344259099835140047 }
[2m2026-09-14T13:36:18.918560Z[0m [31mERROR[0m codec_extension ThreadId(12) [2mzenoh_codec::common::extension[0m[2m:[0m Unknown Test ext: ZExtUnknown { Id: 1, Mandatory: true, Encoding: "Z64", Value: 4544352357576882092 }
[2m2026-09-14T13:36:18.918565Z[0m [31mERROR[0m codec_extension ThreadId(12) [2mzenoh_codec::common::extension[0m[2m:[0m Unknown Test ext: ZExtUnknown { Id: 1, Mandatory: true, Encoding: "Z64", Value: 13864022342571972896 }
[2m2026-09-14T13:36:18.918569Z[0m [31mERROR[0m codec_extension ThreadId(12) [2mzenoh_codec::common::extension[0m[2m:[0m Unknown Test ext: ZExtUnknown { Id: 1, Mandatory: true, Encoding: "Z64", Value: 795361041314649679 }
[2m2026-09-14T13:36:18.918574Z[0m [31mERROR[0m codec_extension ThreadId(12) [2mzenoh_codec::common::extension[0m[2m:[0m Unknown Test ext: ZExtUnknown { Id: 1, Mandatory: true, Encoding: "Z64", Value: 11457387233682104910 }
[2m2026-09-14T13:36:18.918578Z[0m [31mERROR[0m codec_extension ThreadId(12) [2mzenoh_codec::common::extension[0m[2m:[0m Unknown Test ext: ZExtUnknown { Id: 1, Mandatory: true, Encoding: "Z64", Value: 13565224260859466473 }
[2m2026-09-14T13:36:18.918583Z[0m [31mERROR[0m codec_extension ThreadId(12) [2mzenoh_codec::common::extension[0m[2m:[0m Unknown Test ext: ZExtUnknown { Id: 1, Mandatory: true, Encoding: "Z64", Value: 3725340814793348277 }
[2m2026-09-14T13:36:18.918587Z[0m [31mERROR[0m codec_extension ThreadId(12) [2mzenoh_codec::common::extension[0m[2m:[0m Unknown Test ext: ZExtUnknown { Id: 1, Mandatory: true, Encoding: "Z64", Value: 16072578575283488319 }
[2m2026-09-14T13:36:18.918592Z[0m [31mERROR[0m codec_extension ThreadId(12) [2mzenoh_codec::common::extension[0m[2m:[0m Unknown Test ext: ZExtUnknown { Id: 1, Mandatory: true, Encoding: "Z64", Value: 9222581177653891769 }
[2m2026-09-14T13:36:18.918596Z[0m [31mERROR[0m codec_extension ThreadId(12) [2mzenoh_codec::common::extension[0m[2m:[0m Unknown Test ext: ZExtUnknown { Id: 1, Mandatory: true, Encoding: "Z64", Value: 6745975268639988370 }
[2m2026-09-14T13:36:18.918601Z[0m [31mERROR[0m codec_extension ThreadId(12) [2mzenoh_codec::common::extension[0m[2m:[0m Unknown Test ext: ZExtUnknown { Id: 1, Mandatory: true, Encoding: "Z64", Value: 2821240077451401033 }
[2m2026-09-14T13:36:18.918605Z[0m [31mERROR[0m codec_extension ThreadId(12) [2mzenoh_codec::common::extension[0m[2m:[0m Unknown Test ext: ZExtUnknown { Id: 1, Mandatory: true, Encoding: "Z64", Value: 1907770675935886613 }
[2m2026-09-14T13:36:18.918609Z[0m [31mERROR[0m codec_extension ThreadId(12) [2mzenoh_codec::common::extension[0m[2m:[0m Unknown Test ext: ZExtUnknown { Id: 1, Mandatory: true, Encoding: "Z64", Value: 2443131200396764416 }
[2m2026-09-14T13:36:18.918629Z[0m [31mERROR[0m codec_extension ThreadId(12) [2mzenoh_codec::common::extension[0m[2m:[0m Unknown Test ext: ZExtUnknown { Id: 1, Mandatory: true, Encoding: "Z64", Value: 1966389487496636167 }
[2m2026-09-14T13:36:18.918633Z[0m [31mERROR[0m codec_extension ThreadId(12) [2mzenoh_codec::common::extension[0m[2m:[0m Unknown Test ext: ZExtUnknown { Id: 1, Mandatory: true, Encoding: "Z64", Value: 9055878710748260460 }
[2m2026-09-14T13:36:18.918638Z[0m [31mERROR[0m codec_extension ThreadId(12) [2mzenoh_codec::common::extension[0m[2m:[0m Unknown Test ext: ZExtUnknown { Id: 1, Mandatory: true, Encoding: "Z64", Value: 6440519248458668478 }
[2m2026-09-14T13:36:18.918642Z[0m [31mERROR[0m codec_extension ThreadId(12) [2mzenoh_codec::common::extension[0m[2m:[0m Unknown Test ext: ZExtUnknown { Id: 1, Mandatory: true, Encoding: "Z64", Value: 11135847019191969277 }
[2m2026-09-14T13:36:18.918645Z[0m [31mERROR[0m codec_extension ThreadId(12) [2mzenoh_codec::common::extension[0m[2m:[0m Unknown Test ext: ZExtUnknown { Id: 1, Mandatory: true, Encoding: "Z64", Value: 7692882745189215178 }
[2m2026-09-14T13:36:18.918649Z[0m [31mERROR[0m codec_extension ThreadId(12) [2mzenoh_codec::common::extension[0m[2m:[0m Unknown Test ext: ZExtUnknown { Id: 1, Mandatory: true, Encoding: "Z64", Value: 5212145516034234341 }
[2m2026-09-14T13:36:18.918652Z[0m [31mERROR[0m codec_extension ThreadId(12) [2mzenoh_codec::common::extension[0m[2m:[0m Unknown Test ext: ZExtUnknown { Id: 1, Mandatory: true, Encoding: "Z64", Value: 2998079714363873470 }
[2m2026-09-14T13:36:18.918656Z[0m [31mERROR[0m codec_extension ThreadId(12) [2mzenoh_codec::common::extension[0m[2m:[0m Unknown Test ext: ZExtUnknown { Id: 1, Mandatory: true, Encoding: "Z64", Value: 6738629361104612871 }
[2m2026-09-14T13:36:18.918660Z[0m [31mERROR[0m codec_extension ThreadId(12) [2mzenoh_codec::common::extension[0m[2m:[0m Unknown Test ext: ZExtUnknown { Id: 1, Mandatory: true, Encoding: "Z64", Value: 15205246697939975501 }
[2m2026-09-14T13:36:18.918678Z[0m [31mERROR[0m codec_extension ThreadId(12) [2mzenoh_codec::common::extension[0m[2m:[0m Unknown Test ext: ZExtUnknown { Id: 1, Mandatory: true, Encoding: "Z64", Value: 8945527065305322293 }
[2m2026-09-14T13:36:18.918681Z[0m [31mERROR[0m codec_extension ThreadId(12) [2mzenoh_codec::common::extension[0m[2m:[0m Unknown Test ext: ZExtUnknown { Id: 1, Mandatory: true, Encoding: "Z64", Value: 3187087607730135425 }
[2m2026-09-14T13:36:18.918685Z[0m [31mERROR[0m codec_extension ThreadId(12) [2mzenoh_codec::common::extension[0m[2m:[0m Unknown Test ext: ZExtUnknown { Id: 1, Mandatory: true, Encoding: "Z64", Value: 5219423478105519927 }
[2m2026-09-14T13:36:18.918689Z[0m [31mERROR[0m codec_extension ThreadId(12) [2mzenoh_codec::common::extension[0m[2m:[0m Unknown Test ext: ZExtUnknown { Id: 1, Mandatory: true, Encoding: "Z64", Value: 4646375227135581742 }
[2m2026-09-14T13:36:18.918692Z[0m [31mERROR[0m codec_extension ThreadId(12) [2mzenoh_codec::common::extension[0m[2m:[0m Unknown Test ext: ZExtUnknown { Id: 1, Mandatory: true, Encoding: "Z64", Value: 11232519716050521759 }
[2m2026-09-14T13:36:18.918697Z[0m [31mERROR[0m codec_extension ThreadId(12) [2mzenoh_codec::common::extension[0m[2m:[0m Unknown Test ext: ZExtUnknown { Id: 1, Mandatory: true, Encoding: "Z64", Value: 8182412367719488771 }
[2m2026-09-14T13:36:18.918702Z[0m [31mERROR[0m codec_extension ThreadId(12) [2mzenoh_codec::common::extension[0m[2m:[0m Unknown Test ext: ZExtUnknown { Id: 1, Mandatory: true, Encoding: "Z64", Value: 13245219128496422085 }
[2m2026-09-14T13:36:18.918706Z[0m [31mERROR[0m codec_extension ThreadId(12) [2mzenoh_codec::common::extension[0m[2m:[0m Unknown Test ext: ZExtUnknown { Id: 1, Mandatory: true, Encoding: "Z64", Value: 9043299263229854232 }
[2m2026-09-14T13:36:18.918711Z[0m [31mERROR[0m codec_extension ThreadId(12) [2mzenoh_codec::common::extension[0m[2m:[0m Unknown Test ext: ZExtUnknown { Id: 1, Mandatory: true, Encoding: "Z64", Value: 2177614176719922691 }
[2m2026-09-14T13:36:18.918716Z[0m [31mERROR[0m codec_extension ThreadId(12) [2mzenoh_codec::common::extension[0m[2m:[0m Unknown Test ext: ZExtUnknown { Id: 1, Mandatory: true, Encoding: "Z64", Value: 9004309429204857859 }
[2m2026-09-14T13:36:18.918720Z[0m [31mERROR[0m codec_extension ThreadId(12) [2mzenoh_codec::common::extension[0m[2m:[0m Unknown Test ext: ZExtUnknown { Id: 1, Mandatory: true, Encoding: "Z64", Value: 2073743849265782864 }
[2m2026-09-14T13:36:18.918725Z[0m [31mERROR[0m codec_extension ThreadId(12) [2mzenoh_codec::common::extension[0m[2m:[0m Unknown Test ext: ZExtUnknown { Id: 1, Mandatory: true, Encoding: "Z64", Value: 14988099687035596940 }
[2m2026-09-14T13:36:18.918729Z[0m [31mERROR[0m codec_extension ThreadId(12) [2mzenoh_codec::common::extension[0m[2m:[0m Unknown Test ext: ZExtUnknown { Id: 1, Mandatory: true, Encoding: "Z64", Value: 6479841086644945983 }
[2m2026-09-14T13:36:18.918733Z[0m [31mERROR[0m codec_extension ThreadId(12) [2mzenoh_codec::common::extension[0m[2m:[0m Unknown Test ext: ZExtUnknown { Id: 1, Mandatory: true, Encoding: "Z64", Value: 8518992290736915757 }
[2m2026-09-14T13:36:18.918738Z[0m [31mERROR[0m codec_extension ThreadId(12) [2mzenoh_codec::common::extension[0m[2m:[0m Unknown Test ext: ZExtUnknown { Id: 1, Mandatory: true, Encoding: "Z64", Value: 110106108741112656 }
[2m2026-09-14T13:36:18.918742Z[0m [31mERROR[0m codec_extension ThreadId(12) [2mzenoh_codec::common::extension[0m[2m:[0m Unknown Test ext: ZExtUnknown { Id: 1, Mandatory: true, Encoding: "Z64", Value: 8514360539607953303 }
[2m2026-09-14T13:36:18.918747Z[0m [31mERROR[0m codec_extension ThreadId(12) [2mzenoh_codec::common::extension[0m[2m:[0m Unknown Test ext: ZExtUnknown { Id: 1, Mandatory: true, Encoding: "Z64", Value: 11601365558469089115 }
[2m2026-09-14T13:36:18.918751Z[0m [31mERROR[0m codec_extension ThreadId(12) [2mzenoh_codec::common::extension[0m[2m:[0m Unknown Test ext: ZExtUnknown { Id: 1, Mandatory: true, Encoding: "Z64", Value: 8921017784248721711 }
[2m2026-09-14T13:36:18.918756Z[0m [31mERROR[0m codec_extension ThreadId(12) [2mzenoh_codec::common::extension[0m[2m:[0m Unknown Test ext: ZExtUnknown { Id: 1, Mandatory: true, Encoding: "Z64", Value: 5669615899481979163 }
[2m2026-09-14T13:36:18.918760Z[0m [31mERROR[0m codec_extension ThreadId(12) [2mzenoh_codec::common::extension[0m[2m:[0m Unknown Test ext: ZExtUnknown { Id: 1, Mandatory: true, Encoding: "Z64", Value: 17203343973581532295 }
[2m2026-09-14T13:36:18.918765Z[0m [31mERROR[0m codec_extension ThreadId(12) [2mzenoh_codec::common::extension[0m[2m:[0m Unknown Test ext: ZExtUnknown { Id: 1, Mandatory: true, Encoding: "Z64", Value: 9756574499089417267 }
[2m2026-09-14T13:36:18.918769Z[0m [31mERROR[0m codec_extension ThreadId(12) [2mzenoh_codec::common::extension[0m[2m:[0m Unknown Test ext: ZExtUnknown { Id: 1, Mandatory: true, Encoding: "Z64", Value: 12058808634046076511 }
[2m2026-09-14T13:36:18.918789Z[0m [31mERROR[0m codec_extension ThreadId(12) [2mzenoh_codec::common::extension[0m[2m:[0m Unknown Test ext: ZExtUnknown { Id: 1, Mandatory: true, Encoding: "Z64", Value: 13731865883121492467 }
[2m2026-09-14T13:36:18.918793Z[0m [31mERROR[0m codec_extension ThreadId(12) [2mzenoh_codec::common::extension[0m[2m:[0m Unknown Test ext: ZExtUnknown { Id: 1, Mandatory: true, Encoding: "Z64", Value: 10145063119667311617 }
[2m2026-09-14T13:36:18.918796Z[0m [31mERROR[0m codec_extension ThreadId(12) [2mzenoh_codec::common::extension[0m[2m:[0m Unknown Test ext: ZExtUnknown { Id: 1, Mandatory: true, Encoding: "Z64", Value: 3752488903175562303 }
[2m2026-09-14T13:36:18.918800Z[0m [31mERROR[0m codec_extension ThreadId(12) [2mzenoh_codec::common::extension[0m[2m:[0m Unknown Test ext: ZExtUnknown { Id: 1, Mandatory: true, Encoding: "Z64", Value: 2614252294059600262 }
[2m2026-09-14T13:36:18.918806Z[0m [31mERROR[0m codec_extension ThreadId(12) [2mzenoh_codec::common::extension[0m[2m:[0m Unknown Test ext: ZExtUnknown { Id: 1, Mandatory: true, Encoding: "Z64", Value: 5416292678273030820 }
[2m2026-09-14T13:36:18.918810Z[0m [31mERROR[0m codec_extension ThreadId(12) [2mzenoh_codec::common::extension[0m[2m:[0m Unknown Test ext: ZExtUnknown { Id: 1, Mandatory: true, Encoding: "Z64", Value: 5543860187154812943 }
[2m2026-09-14T13:36:18.918815Z[0m [31mERROR[0m codec_extension ThreadId(12) [2mzenoh_codec::common::extension[0m[2m:[0m Unknown Test ext: ZExtUnknown { Id: 1, Mandatory: true, Encoding: "Z64", Value: 9976190456612678465 }
[2m2026-09-14T13:36:18.918820Z[0m [31mERROR[0m codec_extension ThreadId(12) [2mzenoh_codec::common::extension[0m[2m:[0m Unknown Test ext: ZExtUnknown { Id: 1, Mandatory: true, Encoding: "Z64", Value: 689064691261252736 }
[2m2026-09-14T13:36:18.918824Z[0m [31mERROR[0m codec_extension ThreadId(12) [2mzenoh_codec::common::extension[0m[2m:[0m Unknown Test ext: ZExtUnknown { Id: 1, Mandatory: true, Encoding: "Z64", Value: 3928298780991141643 }
[2m2026-09-14T13:36:18.918829Z[0m [31mERROR[0m codec_extension ThreadId(12) [2mzenoh_codec::common::extension[0m[2m:[0m Unknown Test ext: ZExtUnknown { Id: 1, Mandatory: true, Encoding: "Z64", Value: 7219508504552828568 }
[2m2026-09-14T13:36:18.918833Z[0m [31mERROR[0m codec_extension ThreadId(12) [2mzenoh_codec::common::extension[0m[2m:[0m Unknown Test ext: ZExtUnknown { Id: 1, Mandatory: true, Encoding: "Z64", Value: 6637448421903072508 }
[2m2026-09-14T13:36:18.918838Z[0m [31mERROR[0m codec_extension ThreadId(12) [2mzenoh_codec::common::extension[0m[2m:[0m Unknown Test ext: ZExtUnknown { Id: 1, Mandatory: true, Encoding: "Z64", Value: 2348706316772377305 }
[2m2026-09-14T13:36:18.918842Z[0m [31mERROR[0m codec_extension ThreadId(12) [2mzenoh_codec::common::extension[0m[2m:[0m Unknown Test ext: ZExtUnknown { Id: 1, Mandatory: true, Encoding: "Z64", Value: 7889714588831481948 }
[2m2026-09-14T13:36:18.918846Z[0m [31mERROR[0m codec_extension ThreadId(12) [2mzenoh_codec::common::extension[0m[2m:[0m Unknown Test ext: ZExtUnknown { Id: 1, Mandatory: true, Encoding: "Z64", Value: 15105121711255138629 }
[2m2026-09-14T13:36:18.918850Z[0m [31mERROR[0m codec_extension ThreadId(12) [2mzenoh_codec::common::extension[0m[2m:[0m Unknown Test ext: ZExtUnknown { Id: 1, Mandatory: true, Encoding: "Z64", Value: 17323594144158538089 }
[2m2026-09-14T13:36:18.918854Z[0m [31mERROR[0m codec_extension ThreadId(12) [2mzenoh_codec::common::extension[0m[2m:[0m Unknown Test ext: ZExtUnknown { Id: 1, Mandatory: true, Encoding: "Z64", Value: 8626478841268950660 }
[2m2026-09-14T13:36:18.918857Z[0m [31mERROR[0m codec_extension ThreadId(12) [2mzenoh_codec::common::extension[0m[2m:[0m Unknown Test ext: ZExtUnknown { Id: 1, Mandatory: true, Encoding: "Z64", Value: 612963125403261725 }
[2m2026-09-14T13:36:18.918861Z[0m [31mERROR[0m codec_extension ThreadId(12) [2mzenoh_codec::common::extension[0m[2m:[0m Unknown Test ext: ZExtUnknown { Id: 1, Mandatory: true, Encoding: "Z64", Value: 5284127085704979793 }
[2m2026-09-14T13:36:18.918864Z[0m [31mERROR[0m codec_extension ThreadId(12) [2mzenoh_codec::common::extension[0m[2m:[0m Unknown Test ext: ZExtUnknown { Id: 1, Mandatory: true, Encoding: "Z64", Value: 1164995627992510744 }
[2m2026-09-14T13:36:18.918867Z[0m [31mERROR[0m codec_extension ThreadId(12) [2mzenoh_codec::common::extension[0m[2m:[0m Unknown Test ext: ZExtUnknown { Id: 1, Mandatory: true, Encoding: "Z64", Value: 5975077202175103707 }
[2m2026-09-14T13:36:18.918871Z[0m [31mERROR[0m codec_extension ThreadId(12) [2mzenoh_codec::common::extension[0m[2m:[0m Unknown Test ext: ZExtUnknown { Id: 1, Mandatory: true, Encoding: "Z64", Value: 8192224777227745319 }
[2m2026-09-14T13:36:18.918892Z[0m [31mERROR[0m codec_extension ThreadId(12) [2mzenoh_codec::common::extension[0m[2m:[0m Unknown Test ext: ZExtUnknown { Id: 1, Mandatory: true, Encoding: "Z64", Value: 11833278834980759812 }
[2m2026-09-14T13:36:18.918897Z[0m [31mERROR[0m codec_extension ThreadId(12) [2mzenoh_codec::common::extension[0m[2m:[0m Unknown Test ext: ZExtUnknown { Id: 1, Mandatory: true, Encoding: "Z64", Value: 15486429314747987571 }
[2m2026-09-14T13:36:18.918902Z[0m [31mERROR[0m codec_extension ThreadId(12) [2mzenoh_codec::common::extension[0m[2m:[0m Unknown Test ext: ZExtUnknown { Id: 1, Mandatory: true, Encoding: "Z64", Value: 8372103698104456934 }
[2m2026-09-14T13:36:18.918906Z[0m [31mERROR[0m codec_extension ThreadId(12) [2mzenoh_codec::common::extension[0m[2m:[0m Unknown Test ext: ZExtUnknown { Id: 1, Mandatory: true, Encoding: "Z64", Value: 16787636235535335552 }
[2m2026-09-14T13:36:18.918910Z[0m [31mERROR[0m codec_extension ThreadId(12) [2mzenoh_codec::common::extension[0m[2m:[0m Unknown Test ext: ZExtUnknown { Id: 1, Mandatory: true, Encoding: "Z64", Value: 1034635719868526794 }
[2m2026-09-14T13:36:18.918914Z[0m [31mERROR[0m codec_extension ThreadId(12) [2mzenoh_codec::common::extension[0m[2m:[0m Unknown Test ext: ZExtUnknown { Id: 1, Mandatory: true, Encoding: "Z64", Value: 9618525975494918057 }
[2m2026-09-14T13:36:18.918917Z[0m [31mERROR[0m codec_extension ThreadId(12) [2mzenoh_codec::common::extension[0m[2m:[0m Unknown Test ext: ZExtUnknown { Id: 1, Mandatory: true, Encoding: "Z64", Value: 3477576510955637057 }
[2m2026-09-14T13:36:18.918921Z[0m [31mERROR[0m codec_extension ThreadId(12) [2mzenoh_codec::common::extension[0m[2m:[0m Unknown Test ext: ZExtUnknown { Id: 1, Mandatory: true, Encoding: "Z64", Value: 8600466864844275460 }
[2m2026-09-14T13:36:18.918925Z[0m [31mERROR[0m codec_extension ThreadId(12) [2mzenoh_codec::common::extension[0m[2m:[0m Unknown Test ext: ZExtUnknown { Id: 1, Mandatory: true, Encoding: "Z64", Value: 16482672156795279549 }
[2m2026-09-14T13:36:18.918928Z[0m [31mERROR[0m codec_extension ThreadId(12) [2mzenoh_codec::common::extension[0m[2m:[0m Unknown Test ext: ZExtUnknown { Id: 1, Mandatory: true, Encoding: "Z64", Value: 4263763009396371671 }
[2m2026-09-14T13:36:18.918932Z[0m [31mERROR[0m codec_extension ThreadId(12) [2mzenoh_codec::common::extension[0m[2m:[0m Unknown Test ext: ZExtUnknown { Id: 1, Mandatory: true, Encoding: "Z64", Value: 7166510301204212009 }
[2m2026-09-14T13:36:18.918936Z[0m [31mERROR[0m codec_extension ThreadId(12) [2mzenoh_codec::common::extension[0m[2m:[0m Unknown Test ext: ZExtUnknown { Id: 1, Mandatory: true, Encoding: "Z64", Value: 16166516529733751060 }
[2m2026-09-14T13:36:18.918941Z[0m [31mERROR[0m codec_extension ThreadId(12) [2mzenoh_codec::common::extension[0m[2m:[0m Unknown Test ext: ZExtUnknown { Id: 1, Mandatory: true, Encoding: "Z64", Value: 4807481778267623843 }
[2m2026-09-14T13:36:18.918946Z[0m [31mERROR[0m codec_extension ThreadId(12) [2mzenoh_codec::common::extension[0m[2m:[0m Unknown Test ext: ZExtUnknown { Id: 1, Mandatory: true, Encoding: "Z64", Value: 1464984247329070075 }
[2m2026-09-14T13:36:18.918950Z[0m [31mERROR[0m codec_extension ThreadId(12) [2mzenoh_codec::common::extension[0m[2m:[0m Unknown Test ext: ZExtUnknown { Id: 1, Mandatory: true, Encoding: "Z64", Value: 9275631594486401248 }
[2m2026-09-14T13:36:18.918954Z[0m [31mERROR[0m codec_extension ThreadId(12) [2mzenoh_codec::common::extension[0m[2m:[0m Unknown Test ext: ZExtUnknown { Id: 1, Mandatory: true, Encoding: "Z64", Value: 6213871496587118178 }
[2m2026-09-14T13:36:18.918959Z[0m [31mERROR[0m codec_extension ThreadId(12) [2mzenoh_codec::common::extension[0m[2m:[0m Unknown Test ext: ZExtUnknown { Id: 1, Mandatory: true, Encoding: "Z64", Value: 15900928976226229782 }
[2m2026-09-14T13:36:18.918964Z[0m [31mERROR[0m codec_extension ThreadId(12) [2mzenoh_codec::common::extension[0m[2m:[0m Unknown Test ext: ZExtUnknown { Id: 1, Mandatory: true, Encoding: "Z64", Value: 15666825370865223713 }
[2m2026-09-14T13:36:18.918969Z[0m [31mERROR[0m codec_extension ThreadId(12) [2mzenoh_codec::common::extension[0m[2m:[0m Unknown Test ext: ZExtUnknown { Id: 1, Mandatory: true, Encoding: "Z64", Value: 12364930182031812211 }
[2m2026-09-14T13:36:18.918974Z[0m [31mERROR[0m codec_extension ThreadId(12) [2mzenoh_codec::common::extension[0m[2m:[0m Unknown Test ext: ZExtUnknown { Id: 1, Mandatory: true, Encoding: "Z64", Value: 5486732226278155484 }
[2m2026-09-14T13:36:18.918978Z[0m [31mERROR[0m codec_extension ThreadId(12) [2mzenoh_codec::common::extension[0m[2m:[0m Unknown Test ext: ZExtUnknown { Id: 1, Mandatory: true, Encoding: "Z64", Value: 12504889116676714090 }
[2m2026-09-14T13:36:18.918996Z[0m [31mERROR[0m codec_extension ThreadId(12) [2mzenoh_codec::common::extension[0m[2m:[0m Unknown Test ext: ZExtUnknown { Id: 1, Mandatory: true, Encoding: "Z64", Value: 7422353357074370934 }
[2m2026-09-14T13:36:18.918999Z[0m [31mERROR[0m codec_extension ThreadId(12) [2mzenoh_codec::common::extension[0m[2m:[0m Unknown Test ext: ZExtUnknown { Id: 1, Mandatory: true, Encoding: "Z64", Value: 9157162430672963549 }
[2m2026-09-14T13:36:18.919005Z[0m [31mERROR[0m codec_extension ThreadId(12) [2mzenoh_codec::common::extension[0m[2m:[0m Unknown Test ext: ZExtUnknown { Id: 1, Mandatory: true, Encoding: "Z64", Value: 8488704880774346536 }
[2m2026-09-14T13:36:18.919010Z[0m [31mERROR[0m codec_extension ThreadId(12) [2mzenoh_codec::common::extension[0m[2m:[0m Unknown Test ext: ZExtUnknown { Id: 1, Mandatory: true, Encoding: "Z64", Value: 17673497502051679985 }
[2m2026-09-14T13:36:18.919014Z[0m [31mERROR[0m codec_extension ThreadId(12) [2mzenoh_codec::common::extension[0m[2m:[0m Unknown Test ext: ZExtUnknown { Id: 1, Mandatory: true, Encoding: "Z64", Value: 8470642770123453506 }
[2m2026-09-14T13:36:18.919019Z[0m [31mERROR[0m codec_extension ThreadId(12) [2mzenoh_codec::common::extension[0m[2m:[0m Unknown Test ext: ZExtUnknown { Id: 1, Mandatory: true, Encoding: "Z64", Value: 16122644588667668257 }
[2m2026-09-14T13:36:18.919024Z[0m [31mERROR[0m codec_extension ThreadId(12) [2mzenoh_codec::common::extension[0m[2m:[0m Unknown Test ext: ZExtUnknown { Id: 1, Mandatory: true, Encoding: "Z64", Value: 6308125129513177757 }
[2m2026-09-14T13:36:18.919028Z[0m [31mERROR[0m codec_extension ThreadId(12) [2mzenoh_codec::common::extension[0m[2m:[0m Unknown Test ext: ZExtUnknown { Id: 1, Mandatory: true, Encoding: "Z64", Value: 11142799455527953140 }
[2m2026-09-14T13:36:18.919033Z[0m [31mERROR[0m codec_extension ThreadId(12) [2mzenoh_codec::common::extension[0m[2m:[0m Unknown Test ext: ZExtUnknown { Id: 1, Mandatory: true, Encoding: "Z64", Value: 892317938323063023 }
[2m2026-09-14T13:36:18.919037Z[0m [31mERROR[0m codec_extension ThreadId(12) [2mzenoh_codec::common::extension[0m[2m:[0m Unknown Test ext: ZExtUnknown { Id: 1, Mandatory: true, Encoding: "Z64", Value: 17861077063500067525 }
[2m2026-09-14T13:36:18.919042Z[0m [31mERROR[0m codec_extension ThreadId(12) [2mzenoh_codec::common::extension[0m[2m:[0m Unknown Test ext: ZExtUnknown { Id: 1, Mandatory: true, Encoding: "Z64", Value: 3256090922313760478 }
[2m2026-09-14T13:36:18.919046Z[0m [31mERROR[0m codec_extension ThreadId(12) [2mzenoh_codec::common::extension[0m[2m:[0m Unknown Test ext: ZExtUnknown { Id: 1, Mandatory: true, Encoding: "Z64", Value: 4199569910857078940 }
[2m2026-09-14T13:36:18.919049Z[0m [31mERROR[0m codec_extension ThreadId(12) [2mzenoh_codec::common::extension[0m[2m:[0m Unknown Test ext: ZExtUnknown { Id: 1, Mandatory: true, Encoding: "Z64", Value: 8464426984246983982 }
[2m2026-09-14T13:36:18.919052Z[0m [31mERROR[0m codec_extension ThreadId(12) [2mzenoh_codec::common::extension[0m[2m:[0m Unknown Test ext: ZExtUnknown { Id: 1, Mandatory: true, Encoding: "Z64", Value: 7845380522224439653 }
[2m2026-09-14T13:36:18.919056Z[0m [31mERROR[0m codec_extension ThreadId(12) [2mzenoh_codec::common::extension[0m[2m:[0m Unknown Test ext: ZExtUnknown { Id: 1, Mandatory: true, Encoding: "Z64", Value: 12964893429363246659 }
[2m2026-09-14T13:36:18.919060Z[0m [31mERROR[0m codec_extension ThreadId(12) [2mzenoh_codec::common::extension[0m[2m:[0m Unknown Test ext: ZExtUnknown { Id: 1, Mandatory: true, Encoding: "Z64", Value: 17512194936957477676 }
[2m2026-09-14T13:36:18.919064Z[0m [31mERROR[0m codec_extension ThreadId(12) [2mzenoh_codec::common::extension[0m[2m:[0m Unknown Test ext: ZExtUnknown { Id: 1, Mandatory: true, Encoding: "Z64", Value: 4246824988088635756 }
[2m2026-09-14T13:36:18.919067Z[0m [31mERROR[0m codec_extension ThreadId(12) [2mzenoh_codec::common::extension[0m[2m:[0m Unknown Test ext: ZExtUnknown { Id: 1, Mandatory: true, Encoding: "Z64", Value: 41458334509128133 }
[2m2026-09-14T13:36:18.919070Z[0m [31mERROR[0m codec_extension ThreadId(12) [2mzenoh_codec::common::extension[0m[2m:[0m Unknown Test ext: ZExtUnknown { Id: 1, Mandatory: true, Encoding: "Z64", Value: 6404971007210881365 }
[2m2026-09-14T13:36:18.919074Z[0m [31mERROR[0m codec_extension ThreadId(12) [2mzenoh_codec::common::extension[0m[2m:[0m Unknown Test ext: ZExtUnknown { Id: 1, Mandatory: true, Encoding: "Z64", Value: 3102505780148118603 }
[2m2026-09-14T13:36:18.919078Z[0m [31mERROR[0m codec_extension ThreadId(12) [2mzenoh_codec::common::extension[0m[2m:[0m Unknown Test ext: ZExtUnknown { Id: 1, Mandatory: true, Encoding: "Z64", Value: 16396557763073163112 }
[2m2026-09-14T13:36:18.919083Z[0m [31mERROR[0m codec_extension ThreadId(12) [2mzenoh_codec::common::extension[0m[2m:[0m Unknown Test ext: ZExtUnknown { Id: 1, Mandatory: true, Encoding: "Z64", Value: 10260401434138761412 }
[2m2026-09-14T13:36:18.919105Z[0m [31mERROR[0m codec_extension ThreadId(12) [2mzenoh_codec::common::extension[0m[2m:[0m Unknown Test ext: ZExtUnknown { Id: 1, Mandatory: true, Encoding: "Z64", Value: 447309612531342882 }
[2m2026-09-14T13:36:18.919109Z[0m [31mERROR[0m codec_extension ThreadId(12) [2mzenoh_codec::common::extension[0m[2m:[0m Unknown Test ext: ZExtUnknown { Id: 1, Mandatory: true, Encoding: "Z64", Value: 16618250978250289712 }
[2m2026-09-14T13:36:18.919113Z[0m [31mERROR[0m codec_extension ThreadId(12) [2mzenoh_codec::common::extension[0m[2m:[0m Unknown Test ext: ZExtUnknown { Id: 1, Mandatory: true, Encoding: "Z64", Value: 7987770143528896068 }
[2m2026-09-14T13:36:18.919116Z[0m [31mERROR[0m codec_extension ThreadId(12) [2mzenoh_codec::common::extension[0m[2m:[0m Unknown Test ext: ZExtUnknown { Id: 1, Mandatory: true, Encoding: "Z64", Value: 13522617015168747570 }
[2m2026-09-14T13:36:18.919120Z[0m [31mERROR[0m codec_extension ThreadId(12) [2mzenoh_codec::common::extension[0m[2m:[0m Unknown Test ext: ZExtUnknown { Id: 1, Mandatory: true, Encoding: "Z64", Value: 6711330397741001321 }
[2m2026-09-14T13:36:18.919124Z[0m [31mERROR[0m codec_extension ThreadId(12) [2mzenoh_codec::common::extension[0m[2m:[0m Unknown Test ext: ZExtUnknown { Id: 1, Mandatory: true, Encoding: "Z64", Value: 17359057086530026430 }
[2m2026-09-14T13:36:18.919128Z[0m [31mERROR[0m codec_extension ThreadId(12) [2mzenoh_codec::common::extension[0m[2m:[0m Unknown Test ext: ZExtUnknown { Id: 1, Mandatory: true, Encoding: "Z64", Value: 2127856021127381808 }
[2m2026-09-14T13:36:18.919132Z[0m [31mERROR[0m codec_extension ThreadId(12) [2mzenoh_codec::common::extension[0m[2m:[0m Unknown Test ext: ZExtUnknown { Id: 1, Mandatory: true, Encoding: "Z64", Value: 10147746229023846610 }
[2m2026-09-14T13:36:18.919137Z[0m [31mERROR[0m codec_extension ThreadId(12) [2mzenoh_codec::common::extension[0m[2m:[0m Unknown Test ext: ZExtUnknown { Id: 1, Mandatory: true, Encoding: "Z64", Value: 10803895160462134427 }
[2m2026-09-14T13:36:18.919141Z[0m [31mERROR[0m codec_extension ThreadId(12) [2mzenoh_codec::common::extension[0m[2m:[0m Unknown Test ext: ZExtUnknown { Id: 1, Mandatory: true, Encoding: "Z64", Value: 7610524378251686647 }
[2m2026-09-14T13:36:18.919146Z[0m [31mERROR[0m codec_extension ThreadId(12) [2mzenoh_codec::common::extension[0m[2m:[0m Unknown Test ext: ZExtUnknown { Id: 1, Mandatory: true, Encoding: "Z64", Value: 2350872007014691365 }
[2m2026-09-14T13:36:18.919151Z[0m [31mERROR[0m codec_extension ThreadId(12) [2mzenoh_codec::common::extension[0m[2m:[0m Unknown Test ext: ZExtUnknown { Id: 1, Mandatory: true, Encoding: "Z64", Value: 8539584632006800254 }
[2m2026-09-14T13:36:18.919156Z[0m [31mERROR[0m codec_extension ThreadId(12) [2mzenoh_codec::common::extension[0m[2m:[0m Unknown Test ext: ZExtUnknown { Id: 1, Mandatory: true, Encoding: "Z64", Value: 18187703858313980980 }
[2m2026-09-14T13:36:18.919160Z[0m [31mERROR[0m codec_extension ThreadId(12) [2mzenoh_codec::common::extension[0m[2m:[0m Unknown Test ext: ZExtUnknown { Id: 1, Mandatory: true, Encoding: "Z64", Value: 12194040778835085788 }
[2m2026-09-14T13:36:18.919165Z[0m [31mERROR[0m codec_extension ThreadId(12) [2mzenoh_codec::common::extension[0m[2m:[0m Unknown Test ext: ZExtUnknown { Id: 1, Mandatory: true, Encoding: "Z64", Value: 6704787920720380062 }
[2m2026-09-14T13:36:18.919169Z[0m [31mERROR[0m codec_extension ThreadId(12) [2mzenoh_codec::common::extension[0m[2m:[0m Unknown Test ext: ZExtUnknown { Id: 1, Mandatory: true, Encoding: "Z64", Value: 17748056313088243578 }
[2m2026-09-14T13:36:18.919174Z[0m [31mERROR[0m codec_extension ThreadId(12) [2mzenoh_codec::common::extension[0m[2m:[0m Unknown Test ext: ZExtUnknown { Id: 1, Mandatory: true, Encoding: "Z64", Value: 8768728214783091054 }
[2m2026-09-14T13:36:18.919179Z[0m [31mERROR[0m codec_extension ThreadId(12) [2mzenoh_codec::common::extension[0m[2m:[0m Unknown Test ext: ZExtUnknown { Id: 1, Mandatory: true, Encoding: "Z64", Value: 966517632775694226 }
[2m2026-09-14T13:36:18.919183Z[0m [31mERROR[0m codec_extension ThreadId(12) [2mzenoh_codec::common::extension[0m[2m:[0m Unknown Test ext: ZExtUnknown { Id: 1, Mandatory: true, Encoding: "Z64", Value: 6286902465687144479 }
[2m2026-09-14T13:36:18.919187Z[0m [31mERROR[0m codec_extension ThreadId(12) [2mzenoh_codec::common::extension[0m[2m:[0m Unknown Test ext: ZExtUnknown { Id: 1, Mandatory: true, Encoding: "Z64", Value: 12301334138114123961 }
[2m2026-09-14T13:36:18.919191Z[0m [31mERROR[0m codec_extension ThreadId(12) [2mzenoh_codec::common::extension[0m[2m:[0m Unknown Test ext: ZExtUnknown { Id: 1, Mandatory: true, Encoding: "Z64", Value: 3373361680824911714 }
[2m2026-09-14T13:36:18.919214Z[0m [31mERROR[0m codec_extension ThreadId(12) [2mzenoh_codec::common::extension[0m[2m:[0m Unknown Test ext: ZExtUnknown { Id: 1, Mandatory: true, Encoding: "Z64", Value: 14494455204945502714 }
[2m2026-09-14T13:36:18.919218Z[0m [31mERROR[0m codec_extension ThreadId(12) [2mzenoh_codec::common::extension[0m[2m:[0m Unknown Test ext: ZExtUnknown { Id: 1, Mandatory: true, Encoding: "Z64", Value: 1904408810001150811 }
[2m2026-09-14T13:36:18.919223Z[0m [31mERROR[0m codec_extension ThreadId(12) [2mzenoh_codec::common::extension[0m[2m:[0m Unknown Test ext: ZExtUnknown { Id: 1, Mandatory: true, Encoding: "Z64", Value: 15249639615668713030 }
[2m2026-09-14T13:36:18.919227Z[0m [31mERROR[0m codec_extension ThreadId(12) [2mzenoh_codec::common::extension[0m[2m:[0m Unknown Test ext: ZExtUnknown { Id: 1, Mandatory: true, Encoding: "Z64", Value: 5447740734598680563 }
[2m2026-09-14T13:36:18.919230Z[0m [31mERROR[0m codec_extension ThreadId(12) [2mzenoh_codec::common::extension[0m[2m:[0m Unknown Test ext: ZExtUnknown { Id: 1, Mandatory: true, Encoding: "Z64", Value: 14256304659490540734 }
[2m2026-09-14T13:36:18.919234Z[0m [31mERROR[0m codec_extension ThreadId(12) [2mzenoh_codec::common::extension[0m[2m:[0m Unknown Test ext: ZExtUnknown { Id: 1, Mandatory: true, Encoding: "Z64", Value: 16688690376048778068 }
[2m2026-09-14T13:36:18.919237Z[0m [31mERROR[0m codec_extension ThreadId(12) [2mzenoh_codec::common::extension[0m[2m:[0m Unknown Test ext: ZExtUnknown { Id: 1, Mandatory: true, Encoding: "Z64", Value: 5487957739263248421 }
[2m2026-09-14T13:36:18.919241Z[0m [31mERROR[0m codec_extension ThreadId(12) [2mzenoh_codec::common::extension[0m[2m:[0m Unknown Test ext: ZExtUnknown { Id: 1, Mandatory: true, Encoding: "Z64", Value: 2779939369640599672 }
[2m2026-09-14T13:36:18.919245Z[0m [31mERROR[0m codec_extension ThreadId(12) [2mzenoh_codec::common::extension[0m[2m:[0m Unknown Test ext: ZExtUnknown { Id: 1, Mandatory: true, Encoding: "Z64", Value: 17276247366767645585 }
[2m2026-09-14T13:36:18.919248Z[0m [31mERROR[0m codec_extension ThreadId(12) [2mzenoh_codec::common::extension[0m[2m:[0m Unknown Test ext: ZExtUnknown { Id: 1, Mandatory: true, Encoding: "Z64", Value: 13613426766487453714 }
[2m2026-09-14T13:36:18.919252Z[0m [31mERROR[0m codec_extension ThreadId(12) [2mzenoh_codec::common::extension[0m[2m:[0m Unknown Test ext: ZExtUnknown { Id: 1, Mandatory: true, Encoding: "Z64", Value: 9137223163417981999 }
[2m2026-09-14T13:36:18.919256Z[0m [31mERROR[0m codec_extension ThreadId(12) [2mzenoh_codec::common::extension[0m[2m:[0m Unknown Test ext: ZExtUnknown { Id: 1, Mandatory: true, Encoding: "Z64", Value: 3168736599694261951 }
[2m2026-09-14T13:36:18.919261Z[0m [31mERROR[0m codec_extension ThreadId(12) [2mzenoh_codec::common::extension[0m[2m:[0m Unknown Test ext: ZExtUnknown { Id: 1, Mandatory: true, Encoding: "Z64", Value: 5807379038296424400 }
[2m2026-09-14T13:36:18.919265Z[0m [31mERROR[0m codec_extension ThreadId(12) [2mzenoh_codec::common::extension[0m[2m:[0m Unknown Test ext: ZExtUnknown { Id: 1, Mandatory: true, Encoding: "Z64", Value: 4163840879743575957 }
[2m2026-09-14T13:36:18.919270Z[0m [31mERROR[0m codec_extension ThreadId(12) [2mzenoh_codec::common::extension[0m[2m:[0m Unknown Test ext: ZExtUnknown { Id: 1, Mandatory: true, Encoding: "Z64", Value: 6125639279090319656 }
[2m2026-09-14T13:36:18.919274Z[0m [31mERROR[0m codec_extension ThreadId(12) [2mzenoh_codec::common::extension[0m[2m:[0m Unknown Test ext: ZExtUnknown { Id: 1, Mandatory: true, Encoding: "Z64", Value: 3424152592199219805 }
[2m2026-09-14T13:36:18.919279Z[0m [31mERROR[0m codec_extension ThreadId(12) [2mzenoh_codec::common::extension[0m[2m:[0m Unknown Test ext: ZExtUnknown { Id: 1, Mandatory: true, Encoding: "Z64", Value: 12574864037979066534 }
[2m2026-09-14T13:36:18.919283Z[0m [31mERROR[0m codec_extension ThreadId(12) [2mzenoh_codec::common::extension[0m[2m:[0m Unknown Test ext: ZExtUnknown { Id: 1, Mandatory: true, Encoding: "Z64", Value: 14820178117765280841 }
[2m2026-09-14T13:36:18.919287Z[0m [31mERROR[0m codec_extension ThreadId(12) [2mzenoh_codec::common::extension[0m[2m:[0m Unknown Test ext: ZExtUnknown { Id: 1, Mandatory: true, Encoding: "Z64", Value: 5097091092754149740 }
[2m2026-09-14T13:36:18.919291Z[0m [31mERROR[0m codec_extension ThreadId(12) [2mzenoh_codec::common::extension[0m[2m:[0m Unknown Test ext: ZExtUnknown { Id: 1, Mandatory: true, Encoding: "Z64", Value: 10688513117136947061 }
[2m2026-09-14T13:36:18.919295Z[0m [31mERROR[0m codec_extension ThreadId(12) [2mzenoh_codec::common::extension[0m[2m:[0m Unknown Test ext: ZExtUnknown { Id: 1, Mandatory: true, Encoding: "Z64", Value: 14652284667414253388 }
[2m2026-09-14T13:36:18.919314Z[0m [31mERROR[0m codec_extension ThreadId(12) [2mzenoh_codec::common::extension[0m[2m:[0m Unknown Test ext: ZExtUnknown { Id: 1, Mandatory: true, Encoding: "Z64", Value: 15612376918946798987 }
[2m2026-09-14T13:36:18.919318Z[0m [31mERROR[0m codec_extension ThreadId(12) [2mzenoh_codec::common::extension[0m[2m:[0m Unknown Test ext: ZExtUnknown { Id: 1, Mandatory: true, Encoding: "Z64", Value: 15296262999677419483 }
[2m2026-09-14T13:36:18.919323Z[0m [31mERROR[0m codec_extension ThreadId(12) [2mzenoh_codec::common::extension[0m[2m:[0m Unknown Test ext: ZExtUnknown { Id: 1, Mandatory: true, Encoding: "Z64", Value: 14522107151924781721 }
[2m2026-09-14T13:36:18.919328Z[0m [31mERROR[0m codec_extension ThreadId(12) [2mzenoh_codec::common::extension[0m[2m:[0m Unknown Test ext: ZExtUnknown { Id: 1, Mandatory: true, Encoding: "Z64", Value: 14614553825444958154 }
[2m2026-09-14T13:36:18.919334Z[0m [31mERROR[0m codec_extension ThreadId(12) [2mzenoh_codec::common::extension[0m[2m:[0m Unknown Test ext: ZExtUnknown { Id: 1, Mandatory: true, Encoding: "Z64", Value: 13257162541421415482 }
[2m2026-09-14T13:36:18.919338Z[0m [31mERROR[0m codec_extension ThreadId(12) [2mzenoh_codec::common::extension[0m[2m:[0m Unknown Test ext: ZExtUnknown { Id: 1, Mandatory: true, Encoding: "Z64", Value: 16913929033687111046 }
[2m2026-09-14T13:36:18.919343Z[0m [31mERROR[0m codec_extension ThreadId(12) [2mzenoh_codec::common::extension[0m[2m:[0m Unknown Test ext: ZExtUnknown { Id: 1, Mandatory: true, Encoding: "Z64", Value: 582581851172193010 }
[2m2026-09-14T13:36:18.919347Z[0m [31mERROR[0m codec_extension ThreadId(12) [2mzenoh_codec::common::extension[0m[2m:[0m Unknown Test ext: ZExtUnknown { Id: 1, Mandatory: true, Encoding: "Z64", Value: 15438546448539427219 }
[2m2026-09-14T13:36:18.919352Z[0m [31mERROR[0m codec_extension ThreadId(12) [2mzenoh_codec::common::extension[0m[2m:[0m Unknown Test ext: ZExtUnknown { Id: 1, Mandatory: true, Encoding: "Z64", Value: 12994080619276068705 }
[2m2026-09-14T13:36:18.919357Z[0m [31mERROR[0m codec_extension ThreadId(12) [2mzenoh_codec::common::extension[0m[2m:[0m Unknown Test ext: ZExtUnknown { Id: 1, Mandatory: true, Encoding: "Z64", Value: 7561009568670274720 }
[2m2026-09-14T13:36:18.919360Z[0m [31mERROR[0m codec_extension ThreadId(12) [2mzenoh_codec::common::extension[0m[2m:[0m Unknown Test ext: ZExtUnknown { Id: 1, Mandatory: true, Encoding: "Z64", Value: 447223570059593135 }
[2m2026-09-14T13:36:18.919364Z[0m [31mERROR[0m codec_extension ThreadId(12) [2mzenoh_codec::common::extension[0m[2m:[0m Unknown Test ext: ZExtUnknown { Id: 1, Mandatory: true, Encoding: "Z64", Value: 11679155295922458901 }
[2m2026-09-14T13:36:18.919367Z[0m [31mERROR[0m codec_extension ThreadId(12) [2mzenoh_codec::common::extension[0m[2m:[0m Unknown Test ext: ZExtUnknown { Id: 1, Mandatory: true, Encoding: "Z64", Value: 14562407752971123573 }
[2m2026-09-14T13:36:18.919371Z[0m [31mERROR[0m codec_extension ThreadId(12) [2mzenoh_codec::common::extension[0m[2m:[0m Unknown Test ext: ZExtUnknown { Id: 1, Mandatory: true, Encoding: "Z64", Value: 15428851156065435580 }
[2m2026-09-14T13:36:18.919375Z[0m [31mERROR[0m codec_extension ThreadId(12) [2mzenoh_codec::common::extension[0m[2m:[0m Unknown Test ext: ZExtUnknown { Id: 1, Mandatory: true, Encoding: "Z64", Value: 1749476312114960976 }
[2m2026-09-14T13:36:18.919380Z[0m [31mERROR[0m codec_extension ThreadId(12) [2mzenoh_codec::common::extension[0m[2m:[0m Unknown Test ext: ZExtUnknown { Id: 1, Mandatory: true, Encoding: "Z64", Value: 5694666281637480474 }
[2m2026-09-14T13:36:18.919384Z[0m [31mERROR[0m codec_extension ThreadId(12) [2mzenoh_codec::common::extension[0m[2m:[0m Unknown Test ext: ZExtUnknown { Id: 1, Mandatory: true, Encoding: "Z64", Value: 17855116683476752464 }
[2m2026-09-14T13:36:18.919389Z[0m [31mERROR[0m codec_extension ThreadId(12) [2mzenoh_codec::common::extension[0m[2m:[0m Unknown Test ext: ZExtUnknown { Id: 1, Mandatory: true, Encoding: "Z64", Value: 15848804694678580943 }
[2m2026-09-14T13:36:18.919393Z[0m [31mERROR[0m codec_extension ThreadId(12) [2mzenoh_codec::common::extension[0m[2m:[0m Unknown Test ext: ZExtUnknown { Id: 1, Mandatory: true, Encoding: "Z64", Value: 9021448514128234924 }
[2m2026-09-14T13:36:18.919398Z[0m [31mERROR[0m codec_extension ThreadId(12) [2mzenoh_codec::common::extension[0m[2m:[0m Unknown Test ext: ZExtUnknown { Id: 1, Mandatory: true, Encoding: "Z64", Value: 3849170126401137055 }
[2m2026-09-14T13:36:18.919402Z[0m [31mERROR[0m codec_extension ThreadId(12) [2mzenoh_codec::common::extension[0m[2m:[0m Unknown Test ext: ZExtUnknown { Id: 1, Mandatory: true, Encoding: "Z64", Value: 15565813514615591295 }
[2m2026-09-14T13:36:18.919407Z[0m [31mERROR[0m codec_extension ThreadId(12) [2mzenoh_codec::common::extension[0m[2m:[0m Unknown Test ext: ZExtUnknown { Id: 1, Mandatory: true, Encoding: "Z64", Value: 14387936942783679203 }
[2m2026-09-14T13:36:18.919426Z[0m [31mERROR[0m codec_extension ThreadId(12) [2mzenoh_codec::common::extension[0m[2m:[0m Unknown Test ext: ZExtUnknown { Id: 1, Mandatory: true, Encoding: "Z64", Value: 14788733162499319778 }
[2m2026-09-14T13:36:18.919429Z[0m [31mERROR[0m codec_extension ThreadId(12) [2mzenoh_codec::common::extension[0m[2m:[0m Unknown Test ext: ZExtUnknown { Id: 1, Mandatory: true, Encoding: "Z64", Value: 3656238853806741793 }
[2m2026-09-14T13:36:18.919433Z[0m [31mERROR[0m codec_extension ThreadId(12) [2mzenoh_codec::common::extension[0m[2m:[0m Unknown Test ext: ZExtUnknown { Id: 1, Mandatory: true, Encoding: "Z64", Value: 10465931914137418802 }
[2m2026-09-14T13:36:18.919436Z[0m [31mERROR[0m codec_extension ThreadId(12) [2mzenoh_codec::common::extension[0m[2m:[0m Unknown Test ext: ZExtUnknown { Id: 1, Mandatory: true, Encoding: "Z64", Value: 17623903366468511639 }
[2m2026-09-14T13:36:18.919440Z[0m [31mERROR[0m codec_extension ThreadId(12) [2mzenoh_codec::common::extension[0m[2m:[0m Unknown Test ext: ZExtUnknown { Id: 1, Mandatory: true, Encoding: "Z64", Value: 765788604025342048 }
[2m2026-09-14T13:36:18.919444Z[0m [31mERROR[0m codec_extension ThreadId(12) [2mzenoh_codec::common::extension[0m[2m:[0m Unknown Test ext: ZExtUnknown { Id: 1, Mandatory: true, Encoding: "Z64", Value: 12344105379318923766 }
[2m2026-09-14T13:36:18.919448Z[0m [31mERROR[0m codec_extension ThreadId(12) [2mzenoh_codec::common::extension[0m[2m:[0m Unknown Test ext: ZExtUnknown { Id: 1, Mandatory: true, Encoding: "Z64", Value: 3712963556054255713 }
[2m2026-09-14T13:36:18.919453Z[0m [31mERROR[0m codec_extension ThreadId(12) [2mzenoh_codec::common::extension[0m[2m:[0m Unknown Test ext: ZExtUnknown { Id: 1, Mandatory: true, Encoding: "Z64", Value: 17847578264337729463 }
[2m2026-09-14T13:36:18.919458Z[0m [31mERROR[0m codec_extension ThreadId(12) [2mzenoh_codec::common::extension[0m[2m:[0m Unknown Test ext: ZExtUnknown { Id: 1, Mandatory: true, Encoding: "Z64", Value: 4442860195115120247 }
[2m2026-09-14T13:36:18.919462Z[0m [31mERROR[0m codec_extension ThreadId(12) [2mzenoh_codec::common::extension[0m[2m:[0m Unknown Test ext: ZExtUnknown { Id: 1, Mandatory: true, Encoding: "Z64", Value: 11871099713330537253 }
[2m2026-09-14T13:36:18.919466Z[0m [31mERROR[0m codec_extension ThreadId(12) [2mzenoh_codec::common::extension[0m[2m:[0m Unknown Test ext: ZExtUnknown { Id: 1, Mandatory: true, Encoding: "Z64", Value: 15256039829202630736 }
[2m2026-09-14T13:36:18.919471Z[0m [31mERROR[0m codec_extension ThreadId(12) [2mzenoh_codec::common::extension[0m[2m:[0m Unknown Test ext: ZExtUnknown { Id: 1, Mandatory: true, Encoding: "Z64", Value: 17762787485281538191 }
[2m2026-09-14T13:36:18.919475Z[0m [31mERROR[0m codec_extension ThreadId(12) [2mzenoh_codec::common::extension[0m[2m:[0m Unknown Test ext: ZExtUnknown { Id: 1, Mandatory: true, Encoding: "Z64", Value: 15907603423990708607 }
[2m2026-09-14T13:36:18.919478Z[0m [31mERROR[0m codec_extension ThreadId(12) [2mzenoh_codec::common::extension[0m[2m:[0m Unknown Test ext: ZExtUnknown { Id: 1, Mandatory: true, Encoding: "Z64", Value: 11967269508051240079 }
[2m2026-09-14T13:36:18.919482Z[0m [31mERROR[0m codec_extension ThreadId(12) [2mzenoh_codec::common::extension[0m[2m:[0m Unknown Test ext: ZExtUnknown { Id: 1, Mandatory: true, Encoding: "Z64", Value: 3888759379164523868 }
[2m2026-09-14T13:36:18.919486Z[0m [31mERROR[0m codec_extension ThreadId(12) [2mzenoh_codec::common::extension[0m[2m:[0m Unknown Test ext: ZExtUnknown { Id: 1, Mandatory: true, Encoding: "Z64", Value: 11347836664847903857 }
[2m2026-09-14T13:36:18.919491Z[0m [31mERROR[0m codec_extension ThreadId(12) [2mzenoh_codec::common::extension[0m[2m:[0m Unknown Test ext: ZExtUnknown { Id: 1, Mandatory: true, Encoding: "Z64", Value: 3490754397476794398 }
[2m2026-09-14T13:36:18.919495Z[0m [31mERROR[0m codec_extension ThreadId(12) [2mzenoh_codec::common::extension[0m[2m:[0m Unknown Test ext: ZExtUnknown { Id: 1, Mandatory: true, Encoding: "Z64", Value: 5794217710610501565 }
[2m2026-09-14T13:36:18.919501Z[0m [31mERROR[0m codec_extension ThreadId(12) [2mzenoh_codec::common::extension[0m[2m:[0m Unknown Test ext: ZExtUnknown { Id: 1, Mandatory: true, Encoding: "Z64", Value: 16200935935584443121 }
[2m2026-09-14T13:36:18.919506Z[0m [31mERROR[0m codec_extension ThreadId(12) [2mzenoh_codec::common::extension[0m[2m:[0m Unknown Test ext: ZExtUnknown { Id: 1, Mandatory: true, Encoding: "Z64", Value: 12582911995308150715 }
[2m2026-09-14T13:36:18.919510Z[0m [31mERROR[0m codec_extension ThreadId(12) [2mzenoh_codec::common::extension[0m[2m:[0m Unknown Test ext: ZExtUnknown { Id: 1, Mandatory: true, Encoding: "Z64", Value: 4506999669645199546 }
[2m2026-09-14T13:36:18.919533Z[0m [31mERROR[0m codec_extension ThreadId(12) [2mzenoh_codec::common::extension[0m[2m:[0m Unknown Test ext: ZExtUnknown { Id: 1, Mandatory: true, Encoding: "Z64", Value: 4275405914027785033 }
[2m2026-09-14T13:36:18.919538Z[0m [31mERROR[0m codec_extension ThreadId(12) [2mzenoh_codec::common::extension[0m[2m:[0m Unknown Test ext: ZExtUnknown { Id: 1, Mandatory: true, Encoding: "Z64", Value: 5257800004711780685 }
[2m2026-09-14T13:36:18.919542Z[0m [31mERROR[0m codec_extension ThreadId(12) [2mzenoh_codec::common::extension[0m[2m:[0m Unknown Test ext: ZExtUnknown { Id: 1, Mandatory: true, Encoding: "Z64", Value: 14295721552474173087 }
[2m2026-09-14T13:36:18.919547Z[0m [31mERROR[0m codec_extension ThreadId(12) [2mzenoh_codec::common::extension[0m[2m:[0m Unknown Test ext: ZExtUnknown { Id: 1, Mandatory: true, Encoding: "Z64", Value: 1192654717605224370 }
[2m2026-09-14T13:36:18.919551Z[0m [31mERROR[0m codec_extension ThreadId(12) [2mzenoh_codec::common::extension[0m[2m:[0m Unknown Test ext: ZExtUnknown { Id: 1, Mandatory: true, Encoding: "Z64", Value: 17672832541048791765 }
[2m2026-09-14T13:36:18.919556Z[0m [31mERROR[0m codec_extension ThreadId(12) [2mzenoh_codec::common::extension[0m[2m:[0m Unknown Test ext: ZExtUnknown { Id: 1, Mandatory: true, Encoding: "Z64", Value: 16879773901555108524 }
[2m2026-09-14T13:36:18.919560Z[0m [31mERROR[0m codec_extension ThreadId(12) [2mzenoh_codec::common::extension[0m[2m:[0m Unknown Test ext: ZExtUnknown { Id: 1, Mandatory: true, Encoding: "Z64", Value: 7070245580809721942 }
[2m2026-09-14T13:36:18.919565Z[0m [31mERROR[0m codec_extension ThreadId(12) [2mzenoh_codec::common::extension[0m[2m:[0m Unknown Test ext: ZExtUnknown { Id: 1, Mandatory: true, Encoding: "Z64", Value: 14996219328632889546 }
[2m2026-09-14T13:36:18.919569Z[0m [31mERROR[0m codec_extension ThreadId(12) [2mzenoh_codec::common::extension[0m[2m:[0m Unknown Test ext: ZExtUnknown { Id: 1, Mandatory: true, Encoding: "Z64", Value: 6256807794793381948 }
[2m2026-09-14T13:36:18.919574Z[0m [31mERROR[0m codec_extension ThreadId(12) [2mzenoh_codec::common::extension[0m[2m:[0m Unknown Test ext: ZExtUnknown { Id: 1, Mandatory: true, Encoding: "Z64", Value: 7582697291065662034 }
[2m2026-09-14T13:36:18.919578Z[0m [31mERROR[0m codec_extension ThreadId(12) [2mzenoh_codec::common::extension[0m[2m:[0m Unknown Test ext: ZExtUnknown { Id: 1, Mandatory: true, Encoding: "Z64", Value: 16571201234931799233 }
[2m2026-09-14T13:36:18.919583Z[0m [31mERROR[0m codec_extension ThreadId(12) [2mzenoh_codec::common::extension[0m[2m:[0m Unknown Test ext: ZExtUnknown { Id: 1, Mandatory: true, Encoding: "Z64", Value: 18149287589911973562 }
[2m2026-09-14T13:36:18.919587Z[0m [31mERROR[0m codec_extension ThreadId(12) [2mzenoh_codec::common::extension[0m[2m:[0m Unknown Test ext: ZExtUnknown { Id: 1, Mandatory: true, Encoding: "Z64", Value: 16617193870197257665 }
[2m2026-09-14T13:36:18.919591Z[0m [31mERROR[0m codec_extension ThreadId(12) [2mzenoh_codec::common::extension[0m[2m:[0m Unknown Test ext: ZExtUnknown { Id: 1, Mandatory: true, Encoding: "Z64", Value: 9428270267317341308 }
[2m2026-09-14T13:36:18.919595Z[0m [31mERROR[0m codec_extension ThreadId(12) [2mzenoh_codec::common::extension[0m[2m:[0m Unknown Test ext: ZExtUnknown { Id: 1, Mandatory: true, Encoding: "Z64", Value: 283701496203476188 }
[2m2026-09-14T13:36:18.919600Z[0m [31mERROR[0m codec_extension ThreadId(12) [2mzenoh_codec::common::extension[0m[2m:[0m Unknown Test ext: ZExtUnknown { Id: 1, Mandatory: true, Encoding: "Z64", Value: 6090851088068796820 }
[2m2026-09-14T13:36:18.919604Z[0m [31mERROR[0m codec_extension ThreadId(12) [2mzenoh_codec::common::extension[0m[2m:[0m Unknown Test ext: ZExtUnknown { Id: 1, Mandatory: true, Encoding: "Z64", Value: 9083634166233083795 }
[2m2026-09-14T13:36:18.919608Z[0m [31mERROR[0m codec_extension ThreadId(12) [2mzenoh_codec::common::extension[0m[2m:[0m Unknown Test ext: ZExtUnknown { Id: 1, Mandatory: true, Encoding: "Z64", Value: 8826642350392945667 }
[2m2026-09-14T13:36:18.919623Z[0m [31mERROR[0m codec_extension ThreadId(12) [2mzenoh_codec::common::extension[0m[2m:[0m Unknown Test ext: ZExtUnknown { Id: 1, Mandatory: true, Encoding: "Z64", Value: 14446483649535461292 }
[2m2026-09-14T13:36:18.919627Z[0m [31mERROR[0m codec_extension ThreadId(12) [2mzenoh_codec::common::extension[0m[2m:[0m Unknown Test ext: ZExtUnknown { Id: 1, Mandatory: true, Encoding: "Z64", Value: 7575051436258242259 }
[2m2026-09-14T13:36:18.919632Z[0m [31mERROR[0m codec_extension ThreadId(12) [2mzenoh_codec::common::extension[0m[2m:[0m Unknown Test ext: ZExtUnknown { Id: 1, Mandatory: true, Encoding: "Z64", Value: 3658035523874083435 }
[2m2026-09-14T13:36:18.919654Z[0m [31mERROR[0m codec_extension ThreadId(12) [2mzenoh_codec::common::extension[0m[2m:[0m Unknown Test ext: ZExtUnknown { Id: 1, Mandatory: true, Encoding: "Z64", Value: 3417184174844720076 }
[2m2026-09-14T13:36:18.919659Z[0m [31mERROR[0m codec_extension ThreadId(12) [2mzenoh_codec::common::extension[0m[2m:[0m Unknown Test ext: ZExtUnknown { Id: 1, Mandatory: true, Encoding: "Z64", Value: 17962980558309880052 }
[2m2026-09-14T13:36:18.919663Z[0m [31mERROR[0m codec_extension ThreadId(12) [2mzenoh_codec::common::extension[0m[2m:[0m Unknown Test ext: ZExtUnknown { Id: 1, Mandatory: true, Encoding: "Z64", Value: 2927091119217270394 }
[2m2026-09-14T13:36:18.919668Z[0m [31mERROR[0m codec_extension ThreadId(12) [2mzenoh_codec::common::extension[0m[2m:[0m Unknown Test ext: ZExtUnknown { Id: 1, Mandatory: true, Encoding: "Z64", Value: 2688129156231485024 }
[2m2026-09-14T13:36:18.919672Z[0m [31mERROR[0m codec_extension ThreadId(12) [2mzenoh_codec::common::extension[0m[2m:[0m Unknown Test ext: ZExtUnknown { Id: 1, Mandatory: true, Encoding: "Z64", Value: 17990439124563415452 }
[2m2026-09-14T13:36:18.919676Z[0m [31mERROR[0m codec_extension ThreadId(12) [2mzenoh_codec::common::extension[0m[2m:[0m Unknown Test ext: ZExtUnknown { Id: 1, Mandatory: true, Encoding: "Z64", Value: 11170570625609035061 }
[2m2026-09-14T13:36:18.919680Z[0m [31mERROR[0m codec_extension ThreadId(12) [2mzenoh_codec::common::extension[0m[2m:[0m Unknown Test ext: ZExtUnknown { Id: 1, Mandatory: true, Encoding: "Z64", Value: 14520738431425559183 }
[2m2026-09-14T13:36:18.919683Z[0m [31mERROR[0m codec_extension ThreadId(12) [2mzenoh_codec::common::extension[0m[2m:[0m Unknown Test ext: ZExtUnknown { Id: 1, Mandatory: true, Encoding: "Z64", Value: 10843851602081256919 }
[2m2026-09-14T13:36:18.919687Z[0m [31mERROR[0m codec_extension ThreadId(12) [2mzenoh_codec::common::extension[0m[2m:[0m Unknown Test ext: ZExtUnknown { Id: 1, Mandatory: true, Encoding: "Z64", Value: 13680486463313144653 }
[2m2026-09-14T13:36:18.919691Z[0m [31mERROR[0m codec_extension ThreadId(12) [2mzenoh_codec::common::extension[0m[2m:[0m Unknown Test ext: ZExtUnknown { Id: 1, Mandatory: true, Encoding: "Z64", Value: 8137895103764650508 }
[2m2026-09-14T13:36:18.919694Z[0m [31mERROR[0m codec_extension ThreadId(12) [2mzenoh_codec::common::extension[0m[2m:[0m Unknown Test ext: ZExtUnknown { Id: 1, Mandatory: true, Encoding: "Z64", Value: 5981655301743485205 }
[2m2026-09-14T13:36:18.919699Z[0m [31mERROR[0m codec_extension ThreadId(12) [2mzenoh_codec::common::extension[0m[2m:[0m Unknown Test ext: ZExtUnknown { Id: 1, Mandatory: true, Encoding: "Z64", Value: 15577585284006950054 }
[2m2026-09-14T13:36:18.919703Z[0m [31mERROR[0m codec_extension ThreadId(12) [2mzenoh_codec::common::extension[0m[2m:[0m Unknown Test ext: ZExtUnknown { Id: 1, Mandatory: true, Encoding: "Z64", Value: 15725441897663256786 }
[2m2026-09-14T13:36:18.919706Z[0m [31mERROR[0m codec_extension ThreadId(12) [2mzenoh_codec::common::extension[0m[2m:[0m Unknown Test ext: ZExtUnknown { Id: 1, Mandatory: true, Encoding: "Z64", Value: 14819776765732054512 }
[2m2026-09-14T13:36:18.919710Z[0m [31mERROR[0m codec_extension ThreadId(12) [2mzenoh_codec::common::extension[0m[2m:[0m Unknown Test ext: ZExtUnknown { Id: 1, Mandatory: true, Encoding: "Z64", Value: 8242526161938334002 }
[2m2026-09-14T13:36:18.919713Z[0m [31mERROR[0m codec_extension ThreadId(12) [2mzenoh_codec::common::extension[0m[2m:[0m Unknown Test ext: ZExtUnknown { Id: 1, Mandatory: true, Encoding: "Z64", Value: 14160812347482486240 }
[2m2026-09-14T13:36:18.919716Z[0m [31mERROR[0m codec_extension ThreadId(12) [2mzenoh_codec::common::extension[0m[2m:[0m Unknown Test ext: ZExtUnknown { Id: 1, Mandatory: true, Encoding: "Z64", Value: 15351652317003249200 }
[2m2026-09-14T13:36:18.919720Z[0m [31mERROR[0m codec_extension ThreadId(12) [2mzenoh_codec::common::extension[0m[2m:[0m Unknown Test ext: ZExtUnknown { Id: 1, Mandatory: true, Encoding: "Z64", Value: 17433884523646097713 }
[2m2026-09-14T13:36:18.919723Z[0m [31mERROR[0m codec_extension ThreadId(12) [2mzenoh_codec::common::extension[0m[2m:[0m Unknown Test ext: ZExtUnknown { Id: 1, Mandatory: true, Encoding: "Z64", Value: 8975017703211882056 }
[2m2026-09-14T13:36:18.919726Z[0m [31mERROR[0m codec_extension ThreadId(12) [2mzenoh_codec::common::extension[0m[2m:[0m Unknown Test ext: ZExtUnknown { Id: 1, Mandatory: true, Encoding: "Z64", Value: 1324482295917993843 }
[2m2026-09-14T13:36:18.919730Z[0m [31mERROR[0m codec_extension ThreadId(12) [2mzenoh_codec::common::extension[0m[2m:[0m Unknown Test ext: ZExtUnknown { Id: 1, Mandatory: true, Encoding: "Z64", Value: 8559060876012005526 }
[2m2026-09-14T13:36:18.919735Z[0m [31mERROR[0m codec_extension ThreadId(12) [2mzenoh_codec::common::extension[0m[2m:[0m Unknown Test ext: ZExtUnknown { Id: 1, Mandatory: true, Encoding: "Z64", Value: 13174146849940712947 }
[2m2026-09-14T13:36:18.919756Z[0m [31mERROR[0m codec_extension ThreadId(12) [2mzenoh_codec::common::extension[0m[2m:[0m Unknown Test ext: ZExtUnknown { Id: 1, Mandatory: true, Encoding: "Z64", Value: 16347626887084742981 }
[2m2026-09-14T13:36:18.919761Z[0m [31mERROR[0m codec_extension ThreadId(12) [2mzenoh_codec::common::extension[0m[2m:[0m Unknown Test ext: ZExtUnknown { Id: 1, Mandatory: true, Encoding: "Z64", Value: 7445666748010506220 }
[2m2026-09-14T13:36:18.919765Z[0m [31mERROR[0m codec_extension ThreadId(12) [2mzenoh_codec::common::extension[0m[2m:[0m Unknown Test ext: ZExtUnknown { Id: 1, Mandatory: true, Encoding: "Z64", Value: 7904268452603231405 }
[2m2026-09-14T13:36:18.919770Z[0m [31mERROR[0m codec_extension ThreadId(12) [2mzenoh_codec::common::extension[0m[2m:[0m Unknown Test ext: ZExtUnknown { Id: 1, Mandatory: true, Encoding: "Z64", Value: 5241238576258215669 }
[2m2026-09-14T13:36:18.919773Z[0m [31mERROR[0m codec_extension ThreadId(12) [2mzenoh_codec::common::extension[0m[2m:[0m Unknown Test ext: ZExtUnknown { Id: 1, Mandatory: true, Encoding: "Z64", Value: 8485621409014215174 }
[2m2026-09-14T13:36:18.919776Z[0m [31mERROR[0m codec_extension ThreadId(12) [2mzenoh_codec::common::extension[0m[2m:[0m Unknown Test ext: ZExtUnknown { Id: 1, Mandatory: true, Encoding: "Z64", Value: 10500565691319809718 }
[2m2026-09-14T13:36:18.919780Z[0m [31mERROR[0m codec_extension ThreadId(12) [2mzenoh_codec::common::extension[0m[2m:[0m Unknown Test ext: ZExtUnknown { Id: 1, Mandatory: true, Encoding: "Z64", Value: 9101775846596730403 }
[2m2026-09-14T13:36:18.919784Z[0m [31mERROR[0m codec_extension ThreadId(12) [2mzenoh_codec::common::extension[0m[2m:[0m Unknown Test ext: ZExtUnknown { Id: 1, Mandatory: true, Encoding: "Z64", Value: 2887875597261632531 }
[2m2026-09-14T13:36:18.919788Z[0m [31mERROR[0m codec_extension ThreadId(12) [2mzenoh_codec::common::extension[0m[2m:[0m Unknown Test ext: ZExtUnknown { Id: 1, Mandatory: true, Encoding: "Z64", Value: 10910843344558828887 }
[2m2026-09-14T13:36:18.919791Z[0m [31mERROR[0m codec_extension ThreadId(12) [2mzenoh_codec::common::extension[0m[2m:[0m Unknown Test ext: ZExtUnknown { Id: 1, Mandatory: true, Encoding: "Z64", Value: 12958499145028241912 }
[2m2026-09-14T13:36:18.919795Z[0m [31mERROR[0m codec_extension ThreadId(12) [2mzenoh_codec::common::extension[0m[2m:[0m Unknown Test ext: ZExtUnknown { Id: 1, Mandatory: true, Encoding: "Z64", Value: 10809125280749520683 }
[2m2026-09-14T13:36:18.919799Z[0m [31mERROR[0m codec_extension ThreadId(12) [2mzenoh_codec::common::extension[0m[2m:[0m Unknown Test ext: ZExtUnknown { Id: 1, Mandatory: true, Encoding: "Z64", Value: 15098281914811781719 }
[2m2026-09-14T13:36:18.919803Z[0m [31mERROR[0m codec_extension ThreadId(12) [2mzenoh_codec::common::extension[0m[2m:[0m Unknown Test ext: ZExtUnknown { Id: 1, Mandatory: true, Encoding: "Z64", Value: 10143172053325165342 }
[2m2026-09-14T13:36:18.919808Z[0m [31mERROR[0m codec_extension ThreadId(12) [2mzenoh_codec::common::extension[0m[2m:[0m Unknown Test ext: ZExtUnknown { Id: 1, Mandatory: true, Encoding: "Z64", Value: 16444748040190074715 }
[2m2026-09-14T13:36:18.919812Z[0m [31mERROR[0m codec_extension ThreadId(12) [2mzenoh_codec::common::extension[0m[2m:[0m Unknown Test ext: ZExtUnknown { Id: 1, Mandatory: true, Encoding: "Z64", Value: 6067116400034409347 }
[2m2026-09-14T13:36:18.919816Z[0m [31mERROR[0m codec_extension ThreadId(12) [2mzenoh_codec::common::extension[0m[2m:[0m Unknown Test ext: ZExtUnknown { Id: 1, Mandatory: true, Encoding: "Z64", Value: 11951337859599648672 }
[2m2026-09-14T13:36:18.919821Z[0m [31mERROR[0m codec_extension ThreadId(12) [2mzenoh_codec::common::extension[0m[2m:[0m Unknown Test ext: ZExtUnknown { Id: 1, Mandatory: true, Encoding: "Z64", Value: 13346513533098276056 }
[2m2026-09-14T13:36:18.919825Z[0m [31mERROR[0m codec_extension ThreadId(12) [2mzenoh_codec::common::extension[0m[2m:[0m Unknown Test ext: ZExtUnknown { Id: 1, Mandatory: true, Encoding: "Z64", Value: 10769229234096678317 }
[2m2026-09-14T13:36:18.919832Z[0m [31mERROR[0m codec_extension ThreadId(12) [2mzenoh_codec::common::extension[0m[2m:[0m Unknown Test ext: ZExtUnknown { Id: 1, Mandatory: true, Encoding: "Z64", Value: 6821707388009633879 }
[2m2026-09-14T13:36:18.919838Z[0m [31mERROR[0m codec_extension ThreadId(12) [2mzenoh_codec::common::extension[0m[2m:[0m Unknown Test ext: ZExtUnknown { Id: 1, Mandatory: true, Encoding: "Z64", Value: 4156458025893227913 }
[2m2026-09-14T13:36:18.919842Z[0m [31mERROR[0m codec_extension ThreadId(12) [2mzenoh_codec::common::extension[0m[2m:[0m Unknown Test ext: ZExtUnknown { Id: 1, Mandatory: true, Encoding: "Z64", Value: 13955943014270634596 }
[2m2026-09-14T13:36:18.919864Z[0m [31mERROR[0m codec_extension ThreadId(12) [2mzenoh_codec::common::extension[0m[2m:[0m Unknown Test ext: ZExtUnknown { Id: 1, Mandatory: true, Encoding: "Z64", Value: 17959291287244651553 }
[2m2026-09-14T13:36:18.919869Z[0m [31mERROR[0m codec_extension ThreadId(12) [2mzenoh_codec::common::extension[0m[2m:[0m Unknown Test ext: ZExtUnknown { Id: 1, Mandatory: true, Encoding: "Z64", Value: 600595750868356717 }
[2m2026-09-14T13:36:18.919873Z[0m [31mERROR[0m codec_extension ThreadId(12) [2mzenoh_codec::common::extension[0m[2m:[0m Unknown Test ext: ZExtUnknown { Id: 1, Mandatory: true, Encoding: "Z64", Value: 7054167619821225298 }
[2m2026-09-14T13:36:18.919876Z[0m [31mERROR[0m codec_extension ThreadId(12) [2mzenoh_codec::common::extension[0m[2m:[0m Unknown Test ext: ZExtUnknown { Id: 1, Mandatory: true, Encoding: "Z64", Value: 17516322911096199207 }
[2m2026-09-14T13:36:18.919881Z[0m [31mERROR[0m codec_extension ThreadId(12) [2mzenoh_codec::common::extension[0m[2m:[0m Unknown Test ext: ZExtUnknown { Id: 1, Mandatory: true, Encoding: "Z64", Value: 13300807550921246056 }
[2m2026-09-14T13:36:18.919885Z[0m [31mERROR[0m codec_extension ThreadId(12) [2mzenoh_codec::common::extension[0m[2m:[0m Unknown Test ext: ZExtUnknown { Id: 1, Mandatory: true, Encoding: "Z64", Value: 10486208699621290842 }
[2m2026-09-14T13:36:18.919889Z[0m [31mERROR[0m codec_extension ThreadId(12) [2mzenoh_codec::common::extension[0m[2m:[0m Unknown Test ext: ZExtUnknown { Id: 1, Mandatory: true, Encoding: "Z64", Value: 12567713301814106876 }
[2m2026-09-14T13:36:18.919892Z[0m [31mERROR[0m codec_extension ThreadId(12) [2mzenoh_codec::common::extension[0m[2m:[0m Unknown Test ext: ZExtUnknown { Id: 1, Mandatory: true, Encoding: "Z64", Value: 9555716582582511842 }
[2m2026-09-14T13:36:18.919896Z[0m [31mERROR[0m codec_extension ThreadId(12) [2mzenoh_codec::common::extension[0m[2m:[0m Unknown Test ext: ZExtUnknown { Id: 1, Mandatory: true, Encoding: "Z64", Value: 6589600799408526189 }
[2m2026-09-14T13:36:18.919899Z[0m [31mERROR[0m codec_extension ThreadId(12) [2mzenoh_codec::common::extension[0m[2m:[0m Unknown Test ext: ZExtUnknown { Id: 1, Mandatory: true, Encoding: "Z64", Value: 2787974442690663517 }
[2m2026-09-14T13:36:18.919903Z[0m [31mERROR[0m codec_extension ThreadId(12) [2mzenoh_codec::common::extension[0m[2m:[0m Unknown Test ext: ZExtUnknown { Id: 1, Mandatory: true, Encoding: "Z64", Value: 11964811982893283463 }
[2m2026-09-14T13:36:18.919907Z[0m [31mERROR[0m codec_extension ThreadId(12) [2mzenoh_codec::common::extension[0m[2m:[0m Unknown Test ext: ZExtUnknown { Id: 1, Mandatory: true, Encoding: "Z64", Value: 12492618065562771345 }
[2m2026-09-14T13:36:18.919910Z[0m [31mERROR[0m codec_extension ThreadId(12) [2mzenoh_codec::common::extension[0m[2m:[0m Unknown Test ext: ZExtUnknown { Id: 1, Mandatory: true, Encoding: "Z64", Value: 4823330745413338516 }
[2m2026-09-14T13:36:18.919915Z[0m [31mERROR[0m codec_extension ThreadId(12) [2mzenoh_codec::common::extension[0m[2m:[0m Unknown Test ext: ZExtUnknown { Id: 1, Mandatory: true, Encoding: "Z64", Value: 7825383424965561373 }
[2m2026-09-14T13:36:18.919919Z[0m [31mERROR[0m codec_extension ThreadId(12) [2mzenoh_codec::common::extension[0m[2m:[0m Unknown Test ext: ZExtUnknown { Id: 1, Mandatory: true, Encoding: "Z64", Value: 3551146621996502123 }
[2m2026-09-14T13:36:18.919923Z[0m [31mERROR[0m codec_extension ThreadId(12) [2mzenoh_codec::common::extension[0m[2m:[0m Unknown Test ext: ZExtUnknown { Id: 1, Mandatory: true, Encoding: "Z64", Value: 7772852547901166865 }
[2m2026-09-14T13:36:18.919928Z[0m [31mERROR[0m codec_extension ThreadId(12) [2mzenoh_codec::common::extension[0m[2m:[0m Unknown Test ext: ZExtUnknown { Id: 1, Mandatory: true, Encoding: "Z64", Value: 1651009969076345927 }
[2m2026-09-14T13:36:18.919932Z[0m [31mERROR[0m codec_extension ThreadId(12) [2mzenoh_codec::common::extension[0m[2m:[0m Unknown Test ext: ZExtUnknown { Id: 1, Mandatory: true, Encoding: "Z64", Value: 4956995092345344320 }
[2m2026-09-14T13:36:18.919937Z[0m [31mERROR[0m codec_extension ThreadId(12) [2mzenoh_codec::common::extension[0m[2m:[0m Unknown Test ext: ZExtUnknown { Id: 1, Mandatory: true, Encoding: "Z64", Value: 6074726965445596870 }
[2m2026-09-14T13:36:18.919941Z[0m [31mERROR[0m codec_extension ThreadId(12) [2mzenoh_codec::common::extension[0m[2m:[0m Unknown Test ext: ZExtUnknown { Id: 1, Mandatory: true, Encoding: "Z64", Value: 12717937447531980916 }
[2m2026-09-14T13:36:18.919946Z[0m [31mERROR[0m codec_extension ThreadId(12) [2mzenoh_codec::common::extension[0m[2m:[0m Unknown Test ext: ZExtUnknown { Id: 1, Mandatory: true, Encoding: "Z64", Value: 11597967526845986225 }
[2m2026-09-14T13:36:18.919964Z[0m [31mERROR[0m codec_extension ThreadId(12) [2mzenoh_codec::common::extension[0m[2m:[0m Unknown Test ext: ZExtUnknown { Id: 1, Mandatory: true, Encoding: "Z64", Value: 112620224729539162 }
[2m2026-09-14T13:36:18.919968Z[0m [31mERROR[0m codec_extension ThreadId(12) [2mzenoh_codec::common::extension[0m[2m:[0m Unknown Test ext: ZExtUnknown { Id: 1, Mandatory: true, Encoding: "Z64", Value: 409785820159362039 }
[2m2026-09-14T13:36:18.919972Z[0m [31mERROR[0m codec_extension ThreadId(12) [2mzenoh_codec::common::extension[0m[2m:[0m Unknown Test ext: ZExtUnknown { Id: 1, Mandatory: true, Encoding: "Z64", Value: 16759933528713887191 }
[2m2026-09-14T13:36:18.919976Z[0m [31mERROR[0m codec_extension ThreadId(12) [2mzenoh_codec::common::extension[0m[2m:[0m Unknown Test ext: ZExtUnknown { Id: 1, Mandatory: true, Encoding: "Z64", Value: 7507206058502675426 }
[2m2026-09-14T13:36:18.919980Z[0m [31mERROR[0m codec_extension ThreadId(12) [2mzenoh_codec::common::extension[0m[2m:[0m Unknown Test ext: ZExtUnknown { Id: 1, Mandatory: true, Encoding: "Z64", Value: 9248298438338976313 }
[2m2026-09-14T13:36:18.919984Z[0m [31mERROR[0m codec_extension ThreadId(12) [2mzenoh_codec::common::extension[0m[2m:[0m Unknown Test ext: ZExtUnknown { Id: 1, Mandatory: true, Encoding: "Z64", Value: 1336586789555809464 }
[2m2026-09-14T13:36:18.919988Z[0m [31mERROR[0m codec_extension ThreadId(12) [2mzenoh_codec::common::extension[0m[2m:[0m Unknown Test ext: ZExtUnknown { Id: 1, Mandatory: true, Encoding: "Z64", Value: 9408129340577531467 }
[2m2026-09-14T13:36:18.919993Z[0m [31mERROR[0m codec_extension ThreadId(12) [2mzenoh_codec::common::extension[0m[2m:[0m Unknown Test ext: ZExtUnknown { Id: 1, Mandatory: true, Encoding: "Z64", Value: 16631075537523641808 }
[2m2026-09-14T13:36:18.919997Z[0m [31mERROR[0m codec_extension ThreadId(12) [2mzenoh_codec::common::extension[0m[2m:[0m Unknown Test ext: ZExtUnknown { Id: 1, Mandatory: true, Encoding: "Z64", Value: 2544334282312035541 }
[2m2026-09-14T13:36:18.920002Z[0m [31mERROR[0m codec_extension ThreadId(12) [2mzenoh_codec::common::extension[0m[2m:[0m Unknown Test ext: ZExtUnknown { Id: 1, Mandatory: true, Encoding: "Z64", Value: 14713325112707896484 }
[2m2026-09-14T13:36:18.920450Z[0m [31mERROR[0m codec_extension ThreadId(12) [2mzenoh_codec::common::extension[0m[2m:[0m Unknown Test ext: ZExtUnknown { Id: 2, Mandatory: true, Encoding: "ZBuf", Value: ZBuf { slices: [[a2, 77, 90, 1d, 3c, c8, 6f, 0d, af, 1a, f8, 1a, c5, d3, 41, ad, d0, 60, c1, b6]] } }
[2m2026-09-14T13:36:18.920470Z[0m [31mERROR[0m codec_extension ThreadId(12) [2mzenoh_codec::common::extension[0m[2m:[0m Unknown Test ext: ZExtUnknown { Id: 2, Mandatory: true, Encoding: "ZBuf", Value: ZBuf { slices: [[5e, dd, 12, f2, df, 2d, 8f, e7, 98, 69, 67, 11, e2, 78, e8, ac, df, 03, 06, 2f, 27, b1, 2f, 43, 55, 68, fd, a9, de, 68, c4, 8d, 70, b0, d1, 9f, 96, 19]] } }
[2m2026-09-14T13:36:18.920476Z[0m [31mERROR[0m codec_extension ThreadId(12) [2mzenoh_codec::common::extension[0m[2m:[0m Unknown Test ext: ZExtUnknown { Id: 2, Mandatory: true, Encoding: "ZBuf", Value: ZBuf { slices: [[b1, 73, f0, 08, e6, 14, c3, 75, c6, dd, 1e, dc, f4, b4]] } }
[2m2026-09-14T13:36:18.920494Z[0m [31mERROR[0m codec_extension ThreadId(12) [2mzenoh_codec::common::extension[0m[2m:[0m Unknown Test ext: ZExtUnknown { Id: 2, Mandatory: true, Encoding: "ZBuf", Value: ZBuf { slices: [[8e, 99, cc, 39, c0, 01, 67, 19, 15, e9, c5, f4, b1, 5f, 9d, c9, 45, ad, 41, 6e, 80, 5e, 3d, a0, 08, 50, b4, 22, 03, d1, 2f, 08, 43, f0, 50, 04, 30, 73, 11, 6e, 75, 1a, 88, c8, 56, f5, b0]] } }
[2m2026-09-14T13:36:18.920513Z[0m [31mERROR[0m codec_extension ThreadId(12) [2mzenoh_codec::common::extension[0m[2m:[0m Unknown Test ext: ZExtUnknown { Id: 2, Mandatory: true, Encoding: "ZBuf", Value: ZBuf { slices: [[52, 0d, f8, 1e, 1c, 44, cb, da, 38, d7, f1, a0, 48, a0, e9, 8c, ef, 0a, cd, fb, 93, 75, 5d, 30, cd, 30, 4b, 54, f6, a6, 4a, fd, 5a]] } }
[2m2026-09-14T13:36:18.920518Z[0m [31mERROR[0m codec_extension ThreadId(12) [2mzenoh_codec::common::extension[0m[2m:[0m Unknown Test ext: ZExtUnknown { Id: 2, Mandatory: true, Encoding: "ZBuf", Value: ZBuf { slices: [[5a, 66, f3, 2e, a5, 9c, 1a, b3, 03, fc, ab, ad]] } }
[2m2026-09-14T13:36:18.920536Z[0m [31mERROR[0m codec_extension ThreadId(12) [2mzenoh_codec::common::extension[0m[2m:[0m Unknown Test ext: ZExtUnknown { Id: 2, Mandatory: true, Encoding: "ZBuf", Value: ZBuf { slices: [[b7, 37, 34, ac, 3a, 00, 8b, 55, b2, 71, fe, fa, fd, 5a, 0f, 47, 10, ec, 88, b4, 51, 3f, e9, f2, df, 34, cc, a0, 96, 7f, 6a, 9c, 7f, d4, 1c, 5d, 0c, f3, a2, 56, 90, 60, 23, c2]] } }
[2m2026-09-14T13:36:18.920542Z[0m [31mERROR[0m codec_extension ThreadId(12) [2mzenoh_codec::common::extension[0m[2m:[0m Unknown Test ext: ZExtUnknown { Id: 2, Mandatory: true, Encoding: "ZBuf", Value: ZBuf { slices: [[a3, f9, e9, 0a, 94, d5, 28, 35, 1c, fc]] } }
[2m2026-09-14T13:36:18.920559Z[0m [31mERROR[0m codec_extension ThreadId(12) [2mzenoh_codec::common::extension[0m[2m:[0m Unknown Test ext: ZExtUnknown { Id: 2, Mandatory: true, Encoding: "ZBuf", Value: ZBuf { slices: [[f0, 8f, 16, 6b, 4c, e9, c0, de, 65, a7, e1, 1b, ba, 39, 6e, fb, fb, 08, f8, d3, 82, e3, ab, b0, 3f, 29, 8a, 72, 28, ec, ec, c4, a7, 5c, 8d, c1, f6, 97, 53, 23]] } }
[2m2026-09-14T13:36:18.920565Z[0m [31mERROR[0m codec_extension ThreadId(12) [2mzenoh_codec::common::extension[0m[2m:[0m Unknown Test ext: ZExtUnknown { Id: 2, Mandatory: true, Encoding: "ZBuf", Value: ZBuf { slices: [[b7, 5c, 82, 8d, 07, e5, bc, 60, 2f, 53, 4b, 22, 86, f6, 71, 25, 70, 49, ad, 6c, 99, d7, 9c, a1, 1d, 11, 37, 40, f2, 50, 31, da, 9f, 6d, 0e, a6, d9, 43, 52, 58, 01, 47, 44, ab, 66, 1e, 1a, cb]] } }
[2m2026-09-14T13:36:18.920584Z[0m [31mERROR[0m codec_extension ThreadId(12) [2mzenoh_codec::common::extension[0m[2m:[0m Unknown Test ext: ZExtUnknown { Id: 2, Mandatory: true, Encoding: "ZBuf", Value: ZBuf { slices: [[06, 47, 77, 4a, bc, 4b, 52, 4a, fb, 92, e5, 25, 95, d7, 8c, 9e]] } }
[2m2026-09-14T13:36:18.920589Z[0m [31mERROR[0m codec_extension ThreadId(12) [2mzenoh_codec::common::extension[0m[2m:[0m Unknown Test ext: ZExtUnknown { Id: 2, Mandatory: true, Encoding: "ZBuf", Value: ZBuf { slices: [[7a, 2d, 01, f4, d7, 61, 7b, 83, 43, 14, 69, 26, 9c, d0, f4, d8, 8e, 63, ea, bf, cd]] } }
[2m2026-09-14T13:36:18.920606Z[0m [31mERROR[0m codec_extension ThreadId(12) [2mzenoh_codec::common::extension[0m[2m:[0m Unknown Test ext: ZExtUnknown { Id: 2, Mandatory: true, Encoding: "ZBuf", Value: ZBuf { slices: [[07, 0b, 6b, 5b, 6c, 74, 1a, af, f8, 54, b3, 9a, f3, 38, 4e, 17, 4e, bd, 86, d0, 3d, f0, a0, 5a, 4a, 11, e4, 9f, f5, 1e, 01, b4, ce, 63, 27, 50, e5, 16, 56, 41, 2c, 09, 1c, a8, 4c, ff, 04, 9d, 53, 52, 21]] } }
[2m2026-09-14T13:36:18.920637Z[0m [31mERROR[0m codec_extension ThreadId(12) [2mzenoh_codec::common::extension[0m[2m:[0m Unknown Test ext: ZExtUnknown { Id: 2, Mandatory: true, Encoding: "ZBuf", Value: ZBuf { slices: [[28, b0, cb, 12, 51, 91, 8a, 7a, d6, 95, 4b, 8e, a9, f0, 7c, f4, ab, 6b, c7, a1, b7, a7, d1, f0, e9, ce, b3, 02, 6a, d7, 41, c0, 4e, c2]] } }
[2m2026-09-14T13:36:18.920643Z[0m [31mERROR[0m codec_extension ThreadId(12) [2mzenoh_codec::common::extension[0m[2m:[0m Unknown Test ext: ZExtUnknown { Id: 2, Mandatory: true, Encoding: "ZBuf", Value: ZBuf { slices: [[9c, 11, 7d, 59, 57, 8a, 02, f7, fb, 6c, 73, 8e, e1, 25, 4d, be, d0, ca]] } }
[2m2026-09-14T13:36:18.920648Z[0m [31mERROR[0m codec_extension ThreadId(12) [2mzenoh_codec::common::extension[0m[2m:[0m Unknown Test ext: ZExtUnknown { Id: 2, Mandatory: true, Encoding: "ZBuf", Value: ZBuf { slices: [[9b, 10, 18, be, 17, 6e, ad, db, 99, 67, 7b, 8b, 14, 3f, 49, 1c, 5c, 96, 72, 18, 07, a1, 1a, 02, dd, 5b, ef, 5d, 99, 01, 4e, 87]] } }
[2m2026-09-14T13:36:18.920666Z[0m [31mERROR[0m codec_extension ThreadId(12) [2mzenoh_codec::common::extension[0m[2m:[0m Unknown Test ext: ZExtUnknown { Id: 2, Mandatory: true, Encoding: "ZBuf", Value: ZBuf { slices: [[87, 40, 84, f2, d2, 48, 31, 15, 07, f4, 59, e6, a3, 4c, 6c, 2b, 5e, 13, c4, 87, dc, 5d, 46, 79, 59, d6, 19, c8, 14]] } }
[2m2026-09-14T13:36:18.920685Z[0m [31mERROR[0m codec_extension ThreadId(12) [2mzenoh_codec::common::extension[0m[2m:[0m Unknown Test ext: ZExtUnknown { Id: 2, Mandatory: true, Encoding: "ZBuf", Value: ZBuf { slices: [[37, dc, 3b, a4, 29, 38, ee, e2, fd, 49, ce, bb, da, 22, 83, 07, 95, cd, 77, 4b, 43, 08, d0, 14, 70, 07, b1, f2, 8e, fb, 79, fe, df, 99, e3, 6d, ab, 2b, 82, a2, c6, dd, e3, 4c, ec, 28, 85, 2f, d2, 8d]] } }
[2m2026-09-14T13:36:18.920691Z[0m [31mERROR[0m codec_extension ThreadId(12) [2mzenoh_codec::common::extension[0m[2m:[0m Unknown Test ext: ZExtUnknown { Id: 2, Mandatory: true, Encoding: "ZBuf", Value: ZBuf { slices: [[a9, 73, 38, db, 94, 63, 8a, 06, 66, 1d, 29, c9, b0, 88, 80, 01, 59, 41, e7, 12, da, f2, 8a, 9c, ca, 8a, ef, ba, 34, 80, 9a, 3e, 1e, ae, c0, 24]] } }
[2m2026-09-14T13:36:18.920709Z[0m [31mERROR[0m codec_extension ThreadId(12) [2mzenoh_codec::common::extension[0m[2m:[0m Unknown Test ext: ZExtUnknown { Id: 2, Mandatory: true, Encoding: "ZBuf", Value: ZBuf { slices: [[c6, e3, 03, b3, 10, ab, a1, 13, cc, 3f, fc, 7b, 26, a0, 1b, 67, a1, 67, d4, ce, 32, 2e, f9, 7a, 65, b7, dc, 5f, 69, 1d, 33, 45, 1c, 22, 11, 01, e0, 7d, 47, 90, 07, f2, 0f, 93, c6, 01, b9, 75]] } }
[2m2026-09-14T13:36:18.920728Z[0m [31mERROR[0m codec_extension ThreadId(12) [2mzenoh_codec::common::extension[0m[2m:[0m Unknown Test ext: ZExtUnknown { Id: 2, Mandatory: true, Encoding: "ZBuf", Value: ZBuf { slices: [[42, 1e, 15, 61, 8e, ba, 2c, d8, 7b, c3, 03, 7a, 0a, 7b, b9, 8a, 52, 28, e1, 3c, 14, e9, dd, ce, ed, c6, 0e, 35, 63, 8e, 3c, 6c, c9, c2, a3, b9, 38, 80, 2c, 1e, a2, d2, 24]] } }
[2m2026-09-14T13:36:18.920733Z[0m [31mERROR[0m codec_extension ThreadId(12) [2mzenoh_codec::common::extension[0m[2m:[0m Unknown Test ext: ZExtUnknown { Id: 2, Mandatory: true, Encoding: "ZBuf", Value: ZBuf { slices: [[fe, b0, b5, 2b, 8b, a1, 84, ae, b4, e2, 9d, e1, be, b7, 25, 33, 9e, 1d, de, fb, bb, a5, 8b, b4, cd, a0, 48]] } }
[2m2026-09-14T13:36:18.920751Z[0m [31mERROR[0m codec_extension ThreadId(12) [2mzenoh_codec::common::extension[0m[2m:[0m Unknown Test ext: ZExtUnknown { Id: 2, Mandatory: true, Encoding: "ZBuf", Value: ZBuf { slices: [[34, cf, f6, 28, f7, 5e, b4, 1b, 0f, 8f, 9f, e1, 73]] } }
[2m2026-09-14T13:36:18.920756Z[0m [31mERROR[0m codec_extension ThreadId(12) [2mzenoh_codec::common::extension[0m[2m:[0m Unknown Test ext: ZExtUnknown { Id: 2, Mandatory: true, Encoding: "ZBuf", Value: ZBuf { slices: [[f3, 3d, d8, 4d, 63, 95, 3a, 8d]] } }
[2m2026-09-14T13:36:18.920760Z[0m [31mERROR[0m codec_extension ThreadId(12) [2mzenoh_codec::common::extension[0m[2m:[0m Unknown Test ext: ZExtUnknown { Id: 2, Mandatory: true, Encoding: "ZBuf", Value: ZBuf { slices: [[87, 3a, 22, 9b, 80, b1, 77, 5e, 0b, e9, 2d, dd, 71, e2, 43, 25, 2d, ea, b5, ce, 23, 3f, 2a, ce]] } }
[2m2026-09-14T13:36:18.920765Z[0m [31mERROR[0m codec_extension ThreadId(12) [2mzenoh_codec::common::extension[0m[2m:[0m Unknown Test ext: ZExtUnknown { Id: 2, Mandatory: true, Encoding: "ZBuf", Value: ZBuf { slices: [[ad, fc, 79, a4, a8, 80, 68, bb, dc]] } }
[2m2026-09-14T13:36:18.920782Z[0m [31mERROR[0m codec_extension ThreadId(12) [2mzenoh_codec::common::extension[0m[2m:[0m Unknown Test ext: ZExtUnknown { Id: 2, Mandatory: true, Encoding: "ZBuf", Value: ZBuf { slices: [[d6, 18, 47, 16, 11, 3f, 1c, 6f, 91, 0f, c2, b2, 2a, ea, c5, 6a, 56, 18]] } }
[2m2026-09-14T13:36:18.920787Z[0m [31mERROR[0m codec_extension ThreadId(12) [2mzenoh_codec::common::extension[0m[2m:[0m Unknown Test ext: ZExtUnknown { Id: 2, Mandatory: true, Encoding: "ZBuf", Value: ZBuf { slices: [[3f, 96, f3, d7, 5f, 18, ef, bc, ad, 6b, eb, 99, 91, 22, 24, bf, 1d, 13, 9a, 6e, 82, 19, e7, 15, d3, a0, 7f, ca, 5c, 86, 41, d0, 50, 89, 6c, ab, 37, 63, 31, 9c, 56, 5e]] } }
[2m2026-09-14T13:36:18.920805Z[0m [31mERROR[0m codec_extension ThreadId(12) [2mzenoh_codec::common::extension[0m[2m:[0m Unknown Test ext: ZExtUnknown { Id: 2, Mandatory: true, Encoding: "ZBuf", Value: ZBuf { slices: [[2d, dc, e2, 99, 09, 59, 9d, 21, 65, 80, 58, 09, be, ab, a2, af, 01, 1d, 82, 15, 86, ab, a2, ac, 3b, 02, a0, fe, 62, aa, c6, 10, e4, 33, 79, ac, 9b, cd, 7b, 68, cf, 9f, 8e, cf, f0, a2, fb, 40, 92, 22, 2a, 8a, f8, 03, d7, 5c, 88]] } }
[2m2026-09-14T13:36:18.920825Z[0m [31mERROR[0m codec_extension ThreadId(12) [2mzenoh_codec::common::extension[0m[2m:[0m Unknown Test ext: ZExtUnknown { Id: 2, Mandatory: true, Encoding: "ZBuf", Value: ZBuf { slices: [[d9, ce, a1, 82, 96, 09, cb, fa, dc, 57, 92, ee, 71, 54, c8, 5e, a4, f8, 56, f0, fa, ec, 66, c2, 36, d1, 0c, 9a, e9, 00, a8, da, 49, b4, 52, 59, 12, db, 83]] } }
[2m2026-09-14T13:36:18.920844Z[0m [31mERROR[0m codec_extension ThreadId(12) [2mzenoh_codec::common::extension[0m[2m:[0m Unknown Test ext: ZExtUnknown { Id: 2, Mandatory: true, Encoding: "ZBuf", Value: ZBuf { slices: [[58, 19, fa, 48, b9, 35, be, 9e, d2, 8e, bb, 8c, 7c, c5, 8b, 71, 57, 10, 44, 8c, b3, 1f, 9c, 34, 26, 5b, 54, 07, b1, 07, d9, eb, 2d, 3d, 5f, 3d, e3, fe, dc, 10, 17]] } }
[2m2026-09-14T13:36:18.920850Z[0m [31mERROR[0m codec_extension ThreadId(12) [2mzenoh_codec::common::extension[0m[2m:[0m Unknown Test ext: ZExtUnknown { Id: 2, Mandatory: true, Encoding: "ZBuf", Value: ZBuf { slices: [[55, 10, 51, fa, 89, c1, f3, 29, 13, 98, 7b, bd, 0c, c7, 97, 95, a8, 9a, 2b, f8, e4, 8c, 93, 13, 93, cc, 1d, 53, f0, 36, d9, f2]] } }
[2m2026-09-14T13:36:18.920868Z[0m [31mERROR[0m codec_extension ThreadId(12) [2mzenoh_codec::common::extension[0m[2m:[0m Unknown Test ext: ZExtUnknown { Id: 2, Mandatory: true, Encoding: "ZBuf", Value: ZBuf { slices: [[e1, f0, a6, 89, 42, 31, 87, fb, 01, b5, 20, 9a, 6c, 1f, 4d, 1b, ec, 23, ef, d9, 8d, b8, 42, 7c, 10, e8, ea, c1, 01, 30, 92, 65]] } }
[2m2026-09-14T13:36:18.920886Z[0m [31mERROR[0m codec_extension ThreadId(12) [2mzenoh_codec::common::extension[0m[2m:[0m Unknown Test ext: ZExtUnknown { Id: 2, Mandatory: true, Encoding: "ZBuf", Value: ZBuf { slices: [[7e, 17, 77, bf, 14, 0e, 85, b4, ef, 36, 83, e3, cf, 27, 12, 47, bf, 77, 1b, 76, 1d, 63, 37, 2e, 5c, bc, 6c, 35, 24, d9, 7a, 39, 83, 97, ee, 68, 4f, db, 9c, 45, b4, 00, c2, 12, 41, 08, ca, 48, 99, 66]] } }
[2m2026-09-14T13:36:18.920892Z[0m [31mERROR[0m codec_extension ThreadId(12) [2mzenoh_codec::common::extension[0m[2m:[0m Unknown Test ext: ZExtUnknown { Id: 2, Mandatory: true, Encoding: "ZBuf", Value: ZBuf { slices: [[af, 88, 84, b6, e7, 98, 9b, 63, 6f, 9c, e6, 66, 20, ea, 96, 22, d7, 8b, 88, 6b, 62, 8e, ca, 63, 2d, 22, bd, f5, 14, d9, 0b, 9e, 64, bf, e7, 05, 47, 55, cf, d1, 1a]] } }
[2m2026-09-14T13:36:18.920911Z[0m [31mERROR[0m codec_extension ThreadId(12) [2mzenoh_codec::common::extension[0m[2m:[0m Unknown Test ext: ZExtUnknown { Id: 2, Mandatory: true, Encoding: "ZBuf", Value: ZBuf { slices: [[be, 37, ab, 36, 56, 2b, d8, 88, 43, eb, cd, 7f, 08, b1, 8b, de, 6c, 06, c6, b9, 53, 7f, 76, a9, 8b, 82, 19, 2d, af, 77, 8a, 62, d2, 76, 9d, 5d, 04, 46, 4e, ae, ca, 82]] } }
[2m2026-09-14T13:36:18.920929Z[0m [31mERROR[0m codec_extension ThreadId(12) [2mzenoh_codec::common::extension[0m[2m:[0m Unknown Test ext: ZExtUnknown { Id: 2, Mandatory: true, Encoding: "ZBuf", Value: ZBuf { slices: [[0a, f1, fa, 55, a7, 3e, 64, f4, be, 19, 4e, 5e, 46, ec, 37, 87, e2, 11, 5c, 20, e4, 0a, 66, 29, 0b, e9, bc, 62, ce, d8, 40, 5e, 4b, a8, 2d, ca, 6e, f7, e0, 15, 79, 38, 05, 2d, 20, 38, 2d, ae, e4, f8, 4b, ae, 5f, 0a, 64, 05, 88, 9c, 9b, f4, 2a, d0, 51]] } }
[2m2026-09-14T13:36:18.920936Z[0m [31mERROR[0m codec_extension ThreadId(12) [2mzenoh_codec::common::extension[0m[2m:[0m Unknown Test ext: ZExtUnknown { Id: 2, Mandatory: true, Encoding: "ZBuf", Value: ZBuf { slices: [[94, 8f, 82, e3, 83, f6, 0c, e6, 27, d9, bf, c0]] } }
[2m2026-09-14T13:36:18.920953Z[0m [31mERROR[0m codec_extension ThreadId(12) [2mzenoh_codec::common::extension[0m[2m:[0m Unknown Test ext: ZExtUnknown { Id: 2, Mandatory: true, Encoding: "ZBuf", Value: ZBuf { slices: [[eb, 53, e8, fb, 47, b1, 3a, 09, db, 9c, da, 9a, 6c, b9, c3, e5, 42, f9, 44, 4e, fb, aa, 6f, ba, b7, 82, 01, a0, b3, 09, 5f, 6c, eb, dc, f2, b2, c1, 1c, 10, c8, d7]] } }
[2m2026-09-14T13:36:18.920972Z[0m [31mERROR[0m codec_extension ThreadId(12) [2mzenoh_codec::common::extension[0m[2m:[0m Unknown Test ext: ZExtUnknown { Id: 2, Mandatory: true, Encoding: "ZBuf", Value: ZBuf { slices: [[b0, 07, b4, 4e, 3f, 5c, 22, 2d, ac, 55, 13, e6, 2f, ce, 8e, ce, d8, 3f, cc, dd, 3e, 59, f7, 63, 9c, 61, 78, a7, c6, 8e, d1, 9b, b5, 33, 12, 1d, 76, ef, 74, 94, 03]] } }
[2m2026-09-14T13:36:18.920979Z[0m [31mERROR[0m codec_extension ThreadId(12) [2mzenoh_codec::common::extension[0m[2m:[0m Unknown Test ext: ZExtUnknown { Id: 2, Mandatory: true, Encoding: "ZBuf", Value: ZBuf { slices: [[ca, d5, 2d, 0d, 60, 78, db, 9b, 1d, 3e, c3, dd, f8, 7d, 7b, 00, db, 67, a7, ea, aa, c8, 15, 59, 25]] } }
[2m2026-09-14T13:36:18.920996Z[0m [31mERROR[0m codec_extension ThreadId(12) [2mzenoh_codec::common::extension[0m[2m:[0m Unknown Test ext: ZExtUnknown { Id: 2, Mandatory: true, Encoding: "ZBuf", Value: ZBuf { slices: [[b4, 18, 27, 7b, bc, f4, 82, ff, bb, 78, 63, ed, 61, e4, d7, 0d, d5, 4e, 1c, 5c, f3, a5, f9, 54, 26, 09, cb, 8e, 7a, 6b, 4c, f6, dd, 0b, a1, bc, 2f, 14, 4c, e4, 99, 03, 02, 0a, 6a, 4c, e0, e0, e5, 96, 81, b8]] } }
[2m2026-09-14T13:36:18.921015Z[0m [31mERROR[0m codec_extension ThreadId(12) [2mzenoh_codec::common::extension[0m[2m:[0m Unknown Test ext: ZExtUnknown { Id: 2, Mandatory: true, Encoding: "ZBuf", Value: ZBuf { slices: [[08, bc, 2a, 38, cd, b4, 56, 7f, 9a, e3, 74, 12, 4b, 54, 92, e3, e2, 30, a1, 68, f0, 54, 6f, a7, 80, f0, df, 5a, d2, c9, dc, 6e, 0b, a8, db, 2d, 92, c1, b4, 71, 12, 11, 4f, c4, 73, 6e]] } }
[2m2026-09-14T13:36:18.921034Z[0m [31mERROR[0m codec_extension ThreadId(12) [2mzenoh_codec::common::extension[0m[2m:[0m Unknown Test ext: ZExtUnknown { Id: 2, Mandatory: true, Encoding: "ZBuf", Value: ZBuf { slices: [[98, 95, 43, 2c, 91, ff, 6b, df, 47, 8b, ce, 43, 46, 35, ba, 4b, 8d, 69, 5c, 50, 9e, 4c, 99, 3a, 7b, 7c, 37, d7, 1d, 59, 0a, e8, 3d, c7, e9, bf, 9a, e9, 3b, 83, 3f, a0, 6d, 4c, 88, 35, 8e, 5e, 78, 02, 09, 3d, b5, 7e, 3d, 0f, cc, 94, 1d, 49]] } }
[2m2026-09-14T13:36:18.921041Z[0m [31mERROR[0m codec_extension ThreadId(12) [2mzenoh_codec::common::extension[0m[2m:[0m Unknown Test ext: ZExtUnknown { Id: 2, Mandatory: true, Encoding: "ZBuf", Value: ZBuf { slices: [[70, ec, 22, 86, 39, 88, a9, 1c, 7f, 39, 16, 9b, 85, e4, f7, 9d, 3e, ef, 19, 69, 88, c4, 89]] } }
[2m2026-09-14T13:36:18.921058Z[0m [31mERROR[0m codec_extension ThreadId(12) [2mzenoh_codec::common::extension[0m[2m:[0m Unknown Test ext: ZExtUnknown { Id: 2, Mandatory: true, Encoding: "ZBuf", Value: ZBuf { slices: [[c7, 07, 69, c8, f9, 86, 33, c1, dc, 8f, 01, c8, 94, 58, b8, 47, c3, 12, a4, 3d, 93, 22, c5, a5, ba, d9, cf, ca, 73, 8c, d6, 60, 57, f2, d1, 38, 31, 2b, e7, 32, ad, eb, 29, 65, c7, 9a, ee, 93, bc, 20, b9, f8, fd, 3a, 0a, 1d, d9, bb, 28, 02, 16]] } }
[2m2026-09-14T13:36:18.921078Z[0m [31mERROR[0m codec_extension ThreadId(12) [2mzenoh_codec::common::extension[0m[2m:[0m Unknown Test ext: ZExtUnknown { Id: 2, Mandatory: true, Encoding: "ZBuf", Value: ZBuf { slices: [[04, 0b, 98, 5e, fe, d8, 4f, ff, 4c, 27, 54, 64, e9, 0f, 05, 36, ce, 47, 52, 58, 43, c6, 21, 94, 30, cc, b6, 17, d5, 2f, 19]] } }
[2m2026-09-14T13:36:18.921096Z[0m [31mERROR[0m codec_extension ThreadId(12) [2mzenoh_codec::common::extension[0m[2m:[0m Unknown Test ext: ZExtUnknown { Id: 2, Mandatory: true, Encoding: "ZBuf", Value: ZBuf { slices: [[9f, 83, bd, 10, 47, 5a, e0, f5, c5, 14, 28, 65, 8e, c0, 04, c1, ab, e9, c8, 1a, a8, d9, 5e, 39, 08, 56, 67, b6, 14, 84, db, 14, 9f, e9, c6, 33, e4, da, ae, 65, b2, 86, f4, fb, a0, ec]] } }
[2m2026-09-14T13:36:18.921102Z[0m [31mERROR[0m codec_extension ThreadId(12) [2mzenoh_codec::common::extension[0m[2m:[0m Unknown Test ext: ZExtUnknown { Id: 2, Mandatory: true, Encoding: "ZBuf", Value: ZBuf { slices: [[b5, 69, 90, 75, f0, 56, 68, 33, cd, 52, 28, 6b, 99, e9, d2, 78, 76, b7, 36, 0b, 6e, 71, 6b, 54, e8, 21, c7, 55, 34, 54, 03, 5d, fc, 75, c8, e5, 10, 25, ea, 9b, 7c, 1a, 0e]] } }
[2m2026-09-14T13:36:18.921121Z[0m [31mERROR[0m codec_extension ThreadId(12) [2mzenoh_codec::common::extension[0m[2m:[0m Unknown Test ext: ZExtUnknown { Id: 2, Mandatory: true, Encoding: "ZBuf", Value: ZBuf { slices: [[4a, 49, fb, 80, 75, f7, 52, 0f, ff, 31, 4f, 1b, 7f, 52, df, c5, 80, 75, 7c, 21, 15, 3e, 9b, ee]] } }
[2m2026-09-14T13:36:18.921127Z[0m [31mERROR[0m codec_extension ThreadId(12) [2mzenoh_codec::common::extension[0m[2m:[0m Unknown Test ext: ZExtUnknown { Id: 2, Mandatory: true, Encoding: "ZBuf", Value: ZBuf { slices: [[9d, ee, 88, 67, 90, 20, 6e, 4b, 64, e0, 46, 7d, b2, a0, 4a, 39, 5a, 12, c6, 7f, 43, 42, 24, 39, 8d, 7a, bb, 2a, 9e, ae, 28]] } }
[2m2026-09-14T13:36:18.921144Z[0m [31mERROR[0m codec_extension ThreadId(12) [2mzenoh_codec::common::extension[0m[2m:[0m Unknown Test ext: ZExtUnknown { Id: 2, Mandatory: true, Encoding: "ZBuf", Value: ZBuf { slices: [[d0, d7, c7, 3d, 7c, 57, 80, e7, f1, 58, 0c, 7e, 1e, 5a, 4f, b7, 15, 58, ae, 67, ca, 7e, d8, d4, f0, e9, a4, 3a, 19, 26, 03, 74, 05, 08]] } }
[2m2026-09-14T13:36:18.921150Z[0m [31mERROR[0m codec_extension ThreadId(12) [2mzenoh_codec::common::extension[0m[2m:[0m Unknown Test ext: ZExtUnknown { Id: 2, Mandatory: true, Encoding: "ZBuf", Value: ZBuf { slices: [[e9, 06, c9, 78, 39, 3a, 0d, 93, 76, 6c, 43, 84, ef, 79, c3, 46, dd, 5c, 0e]] } }
[2m2026-09-14T13:36:18.921172Z[0m [31mERROR[0m codec_extension ThreadId(12) [2mzenoh_codec::common::extension[0m[2m:[0m Unknown Test ext: ZExtUnknown { Id: 2, Mandatory: true, Encoding: "ZBuf", Value: ZBuf { slices: [[ac, 11, a9, e0, ab, 47, 13, 96, c0, 65, 6c, 2b, f0, 58, 03, 2c, 2d, 19, ab, 3b, 60, c3, e8, 86, 37, 52, 2d, 19, 25, 4c, 6d, fe, fd, bb, 4c, c2, 78, 29, 8d, a1, 23, ab, 15, 2b, a9, 78, 2f, d4, e2, 39, 2b, 5d, b2, 64, 7d, 6b, 31, d8, b5, 7c]] } }
[2m2026-09-14T13:36:18.921192Z[0m [31mERROR[0m codec_extension ThreadId(12) [2mzenoh_codec::common::extension[0m[2m:[0m Unknown Test ext: ZExtUnknown { Id: 2, Mandatory: true, Encoding: "ZBuf", Value: ZBuf { slices: [[1b, 23, 15, d7, bd, 44, 53, e1, ee, 7e, 83, de, 39, 1c, 08, be, 94, 52, 39, 00, 7f, 4d, e2, 74, ba, 23, 05, 5e, b2, 02, 69, 3d, fe, 4f, a0, bc, d0, 14, ef, 2c, 62, d7, b0, db, fa, 67, 06, 5e, 5c, 10, 32, dc, 47, 74, 37, e2, d0, de]] } }
[2m2026-09-14T13:36:18.921212Z[0m [31mERROR[0m codec_extension ThreadId(12) [2mzenoh_codec::common::extension[0m[2m:[0m Unknown Test ext: ZExtUnknown { Id: 2, Mandatory: true, Encoding: "ZBuf", Value: ZBuf { slices: [[77, 88, ae, 05, 75, 1b, e9, 89, e7, 78, f2, 61, 3b, f7, 59, 90, 4c, 07, 2e, 57, 7f, e2, 3a, 84, 11, a2, 7a]] } }
[2m2026-09-14T13:36:18.921217Z[0m [31mERROR[0m codec_extension ThreadId(12) [2mzenoh_codec::common::extension[0m[2m:[0m Unknown Test ext: ZExtUnknown { Id: 2, Mandatory: true, Encoding: "ZBuf", Value: ZBuf { slices: [[e7, d8, e0, cb, b1, 39, c2, c4, 34, 90, 34, 99, e8, a1, 27, b2, 9e, ad, c1, 62, c8]] } }
[2m2026-09-14T13:36:18.921234Z[0m [31mERROR[0m codec_extension ThreadId(12) [2mzenoh_codec::common::extension[0m[2m:[0m Unknown Test ext: ZExtUnknown { Id: 2, Mandatory: true, Encoding: "ZBuf", Value: ZBuf { slices: [[d5, 19, 0d, 1e, 7b, b2, a2, d6, 9a, 31, 07, c3, d1, 35, f7, 9b, 34, 66, 76, a9, 65, 3d, 3f, 97, c8, 11, e9, 63, 4f, 18, 05, 81, c7, 3c, f3, 24, 30, 49, 22, 01, fe, 84, 72, b4]] } }
[2m2026-09-14T13:36:18.921240Z[0m [31mERROR[0m codec_extension ThreadId(12) [2mzenoh_codec::common::extension[0m[2m:[0m Unknown Test ext: ZExtUnknown { Id: 2, Mandatory: true, Encoding: "ZBuf", Value: ZBuf { slices: [[33, 31, ec, 2c, a6, 6a, c3, cd, c2, 32, c9, aa, b3, e6, 46, d5, 83, 38, 81, 30, 5a, f7, b5, 05, 74, 3b, 3f, e3, b7, 92, ce, ac]] } }
[2m2026-09-14T13:36:18.921258Z[0m [31mERROR[0m codec_extension ThreadId(12) [2mzenoh_codec::common::extension[0m[2m:[0m Unknown Test ext: ZExtUnknown { Id: 2, Mandatory: true, Encoding: "ZBuf", Value: ZBuf { slices: [[d1, 24, 88, cf, 12, c3, ed, 8e, 3d, 80, 1c, 9e, a7, 7b, ed, 16, 9a]] } }
[2m2026-09-14T13:36:18.921262Z[0m [31mERROR[0m codec_extension ThreadId(12) [2mzenoh_codec::common::extension[0m[2m:[0m Unknown Test ext: ZExtUnknown { Id: 2, Mandatory: true, Encoding: "ZBuf", Value: ZBuf { slices: [[5e, 92, 8f, 74, 16, 29, 18, a9, 70, 80, e0, 56, 44]] } }
[2m2026-09-14T13:36:18.921268Z[0m [31mERROR[0m codec_extension ThreadId(12) [2mzenoh_codec::common::extension[0m[2m:[0m Unknown Test ext: ZExtUnknown { Id: 2, Mandatory: true, Encoding: "ZBuf", Value: ZBuf { slices: [[cb, 7d, 13, dd, 09, 83, ec, c2, e5, c6, 44, f8, 13, a9, e3, cb, cc, b5, 70, 69, 48, f1]] } }
[2m2026-09-14T13:36:18.921285Z[0m [31mERROR[0m codec_extension ThreadId(12) [2mzenoh_codec::common::extension[0m[2m:[0m Unknown Test ext: ZExtUnknown { Id: 2, Mandatory: true, Encoding: "ZBuf", Value: ZBuf { slices: [[6b, f5, 0c, d0, 79, f6, 0b, 33, 88, 67, 31, 80, e5, 61, bb, b4, ed, 47, 92, 66, cb, 18, 29, b5, fc, a8, 30, fd, b6, cb, ce, 58]] } }
[2m2026-09-14T13:36:18.921290Z[0m [31mERROR[0m codec_extension ThreadId(12) [2mzenoh_codec::common::extension[0m[2m:[0m Unknown Test ext: ZExtUnknown { Id: 2, Mandatory: true, Encoding: "ZBuf", Value: ZBuf { slices: [[8f, 28, 8e, f8, 7a, 76, fb, ef, dc, b6, 94, 2f, 23, 03, 78, 9d, 32, 69, 6c, b0, 38, 9b, ce]] } }
[2m2026-09-14T13:36:18.921308Z[0m [31mERROR[0m codec_extension ThreadId(12) [2mzenoh_codec::common::extension[0m[2m:[0m Unknown Test ext: ZExtUnknown { Id: 2, Mandatory: true, Encoding: "ZBuf", Value: ZBuf { slices: [[1f, ca, 57, b2, 2d, e0, 06, 98, 14, 1f, 6d, 6d, 70, c7, fa, f2, e6, 5c, ac, c4, 72, 85, a3, 26, 9f, ec, e5, 1d, 02, 83, 33, 12, 7e, 99, 42, a4, 14, 26, 88, cc, 0b, 99, 4d, f7, 9e, 4e, 2f, a7, b6, 8b, ba, f1, 10, a0, af, 26, de, 70, db, de, 1d, d7, d2]] } }
[2m2026-09-14T13:36:18.921327Z[0m [31mERROR[0m codec_extension ThreadId(12) [2mzenoh_codec::common::extension[0m[2m:[0m Unknown Test ext: ZExtUnknown { Id: 2, Mandatory: true, Encoding: "ZBuf", Value: ZBuf { slices: [[45, 93, e6, 42, 56, 25, db, e3, 04, 31, f7, a6, 6d, 51, 99, a5, 1d, e5]] } }
[2m2026-09-14T13:36:18.921345Z[0m [31mERROR[0m codec_extension ThreadId(12) [2mzenoh_codec::common::extension[0m[2m:[0m Unknown Test ext: ZExtUnknown { Id: 2, Mandatory: true, Encoding: "ZBuf", Value: ZBuf { slices: [[81, 0d, b0, 75, 6e, 95, a5, a4, 50, b7, 37, 41, 4a, 47, e5, eb, 31, ac, 3c, 51, 74, 95, 05, e0, f4, d6, 8f, c6, 2d, 9c, d2, c6, 51, e4, 6d, a7, 4f, 41, a8, fa, 36, 98, 7b, be, ba, 82, bf, 4d, bf, 00, 51, 11, e5, 52, fe, 0d, 2b, 53, 4c, 4d, 29, a5, 98, fc]] } }
[2m2026-09-14T13:36:18.921351Z[0m [31mERROR[0m codec_extension ThreadId(12) [2mzenoh_codec::common::extension[0m[2m:[0m Unknown Test ext: ZExtUnknown { Id: 2, Mandatory: true, Encoding: "ZBuf", Value: ZBuf { slices: [[d7, 0d, 36, 8e, 74, 23, b2, fa, 04, f6, 8c, 96]] } }
[2m2026-09-14T13:36:18.921369Z[0m [31mERROR[0m codec_extension ThreadId(12) [2mzenoh_codec::common::extension[0m[2m:[0m Unknown Test ext: ZExtUnknown { Id: 2, Mandatory: true, Encoding: "ZBuf", Value: ZBuf { slices: [[e8, 2c, 4d, ba, 37, bf, be, 6d, bb, da, cd, 96, e9, eb, 58, 96, 75, a2, 24, 90, 5b, 2a, 4a, 2b, 3e, 37, b2, 38, 4c, 8c, 34, 32, f2, b3, b4, 01, fc, 3a, 64, 74, eb, 01, a3, 42, 83, 86, fc, fe]] } }
[2m2026-09-14T13:36:18.921375Z[0m [31mERROR[0m codec_extension ThreadId(12) [2mzenoh_codec::common::extension[0m[2m:[0m Unknown Test ext: ZExtUnknown { Id: 2, Mandatory: true, Encoding: "ZBuf", Value: ZBuf { slices: [[8b, be, 80, a9, 61, 2e, c2, 97, 7c, 31, 3e, 22, ce, 86, e2, 39, 22, 8f, d4, e2, d7, 1d, 36, e8, f7, 6c, 75, 91, b8, 93, 92, 27, 70, 69, da, de, 59, e8]] } }
[2m2026-09-14T13:36:18.921393Z[0m [31mERROR[0m codec_extension ThreadId(12) [2mzenoh_codec::common::extension[0m[2m:[0m Unknown Test ext: ZExtUnknown { Id: 2, Mandatory: true, Encoding: "ZBuf", Value: ZBuf { slices: [[d1, 03, bd, d5, d6, c3, 57, 9e, 10, 46, 9f, de, 93, bf, af, 7e, 83, 13, d7, a5, 40, a5, 38, d8, 2e, c0, 57, a3, 53, 0a, 2a, 5e, b5, b3, 3d, 90, 3a, ef, e5, 24, 1c, 8f, ec, 63, 28, ec, 34, ee, 06, 54, 10, 3c, 87, fb, e8, a1, f7, a1, ff, d1, 54, 11, 0e, fc]] } }
[2m2026-09-14T13:36:18.921412Z[0m [31mERROR[0m codec_extension ThreadId(12) [2mzenoh_codec::common::extension[0m[2m:[0m Unknown Test ext: ZExtUnknown { Id: 2, Mandatory: true, Encoding: "ZBuf", Value: ZBuf { slices: [[cf, 5b, 37, 43, f1, dc, cf, 0a, 6d, 00, 67, 0d, c4, cd, a8, 96]] } }
[2m2026-09-14T13:36:18.921418Z[0m [31mERROR[0m codec_extension ThreadId(12) [2mzenoh_codec::common::extension[0m[2m:[0m Unknown Test ext: ZExtUnknown { Id: 2, Mandatory: true, Encoding: "ZBuf", Value: ZBuf { slices: [[40, 98, e4, e0, 48, eb, 0b, 16, c8, 5b, 14, 9b, 03, ae, d1, 99, 06, 32, b7]] } }
[2m2026-09-14T13:36:18.921436Z[0m [31mERROR[0m codec_extension ThreadId(12) [2mzenoh_codec::common::extension[0m[2m:[0m Unknown Test ext: ZExtUnknown { Id: 2, Mandatory: true, Encoding: "ZBuf", Value: ZBuf { slices: [[fd, d8, e7, 8f, 9a, 21, 08, 7e, d1, e2, 19, b6, a6, 85, 1b, 90, 54, 8c, 53, 62, 48, 55, a9, 5a, b4, 0b, c2, 11, 20, a5, 54, 1b, d8, a1, a6, 66, df, 2c, fa, 7a, 73, 49, af, 94, 30, 1a, 0d, 71, 9d, e9, bb, 7a, 68, af, 6b, ba, e5, 8d, 3a, 3f, 1e, 12, 60, f3]] } }
[2m2026-09-14T13:36:18.921455Z[0m [31mERROR[0m codec_extension ThreadId(12) [2mzenoh_codec::common::extension[0m[2m:[0m Unknown Test ext: ZExtUnknown { Id: 2, Mandatory: true, Encoding: "ZBuf", Value: ZBuf { slices: [[31, 68, 3b, 7a, a6, fe, 2b, 80, 11, 81, f4, cf, 7e, bb, aa, f6, d7, ac, 9b, 87, 5a, 5f, 65, e8, 77, 0e, a3, 8d, f7, 25, 4d, 4e]] } }
[2m2026-09-14T13:36:18.921460Z[0m [31mERROR[0m codec_extension ThreadId(12) [2mzenoh_codec::common::extension[0m[2m:[0m Unknown Test ext: ZExtUnknown { Id: 2, Mandatory: true, Encoding: "ZBuf", Value: ZBuf { slices: [[c1, 10, 28, f1, 07, c4, 84, 1d, 6a, 2f, b3, d6, c3, f4, 11, 6b, 1c, 65, ed, 1c, 72, b0, 2d, 98, f3, 15, f3, 77, 6e, 8a, 88, 29, ac, d5, 33]] } }
[2m2026-09-14T13:36:18.921479Z[0m [31mERROR[0m codec_extension ThreadId(12) [2mzenoh_codec::common::extension[0m[2m:[0m Unknown Test ext: ZExtUnknown { Id: 2, Mandatory: true, Encoding: "ZBuf", Value: ZBuf { slices: [[8d, 10, dc, 84, 42, 2d, 89, 9e, 3d, e3, 53, 8a, c5, 27, 2b, f5, eb, 9d]] } }
[2m2026-09-14T13:36:18.921483Z[0m [31mERROR[0m codec_extension ThreadId(12) [2mzenoh_codec::common::extension[0m[2m:[0m Unknown Test ext: ZExtUnknown { Id: 2, Mandatory: true, Encoding: "ZBuf", Value: ZBuf { slices: [[8c, 95, 7e, f8, a4, 90, c4, d1, a4, 0f, 40, e5, 18, 7a, e1, f2, f1, 03, 93, e9, ab, 77, 07, cc, 24, e3, 8b, a2, 21, 80, 18, de, b4, 6f, 82, c1, 0c, 7b, 30, 1b, 0e, d8, d8, d4, 96, 44, 57, e6, fa]] } }
[2m2026-09-14T13:36:18.921502Z[0m [31mERROR[0m codec_extension ThreadId(12) [2mzenoh_codec::common::extension[0m[2m:[0m Unknown Test ext: ZExtUnknown { Id: 2, Mandatory: true, Encoding: "ZBuf", Value: ZBuf { slices: [[a8, 71, 26, e6, e7, 06, d5, ad, e2, d1, 59, f8, df, 7f, ef, 79, 89, 30, 25, 16, 5d, f7, 65, 06, 6d, 8c, 38]] } }
[2m2026-09-14T13:36:18.921520Z[0m [31mERROR[0m codec_extension ThreadId(12) [2mzenoh_codec::common::extension[0m[2m:[0m Unknown Test ext: ZExtUnknown { Id: 2, Mandatory: true, Encoding: "ZBuf", Value: ZBuf { slices: [[3d, 53, 90, 4d, 83, c6, 9a, fb, 9f, 8c, 36, 4d, 4a, a6, e2, e1, ef, 46, 8b, 25, cf, 1e, 2e, fa, 20, 2f, 6e, 04, b7, f6, 11, 21, 76, c5, 69, ec, ce, 4f, 2a, ac, 54, b4, 18, 28, 6f, 5b, 2e, 34, 06, 99, bd, f9, 31, bd, 16, 1a, bf]] } }
[2m2026-09-14T13:36:18.921527Z[0m [31mERROR[0m codec_extension ThreadId(12) [2mzenoh_codec::common::extension[0m[2m:[0m Unknown Test ext: ZExtUnknown { Id: 2, Mandatory: true, Encoding: "ZBuf", Value: ZBuf { slices: [[68, 3e, 03, 85, 84, d4, 7b, 59, cf, 8e, 78, ba, 16, 4f, 70, 5c, 96, f2, 45, 48]] } }
[2m2026-09-14T13:36:18.921544Z[0m [31mERROR[0m codec_extension ThreadId(12) [2mzenoh_codec::common::extension[0m[2m:[0m Unknown Test ext: ZExtUnknown { Id: 2, Mandatory: true, Encoding: "ZBuf", Value: ZBuf { slices: [[44, 10, aa, e8, 82, 25, c0, eb, 6c, ea, 49, aa, 3c, fb, 7d, db, ba, 15, 22, 80, 6f, 16, 28, 14, 9f, dd, 7c, 63, f5]] } }
[2m2026-09-14T13:36:18.921549Z[0m [31mERROR[0m codec_extension ThreadId(12) [2mzenoh_codec::common::extension[0m[2m:[0m Unknown Test ext: ZExtUnknown { Id: 2, Mandatory: true, Encoding: "ZBuf", Value: ZBuf { slices: [[f0, c1, dd, b3, 9c, 02, 97, f2, ec, 81, dc, ec, 4b, f1, 1c, 09, d1, de, 05, 23, 00, ac, 68, 81, f1, 8f, 30, 95, 54, db, f2, 86, 3b, 0c, 94]] } }
[2m2026-09-14T13:36:18.921568Z[0m [31mERROR[0m codec_extension ThreadId(12) [2mzenoh_codec::common::extension[0m[2m:[0m Unknown Test ext: ZExtUnknown { Id: 2, Mandatory: true, Encoding: "ZBuf", Value: ZBuf { slices: [[ac, 3c, 51, 42, fd, 41, 3b, 1d, df, f1, d1, f3, f9, a5, 30, ac, c8, 0a, 82, 34, 23, dd]] } }
[2m2026-09-14T13:36:18.921573Z[0m [31mERROR[0m codec_extension ThreadId(12) [2mzenoh_codec::common::extension[0m[2m:[0m Unknown Test ext: ZExtUnknown { Id: 2, Mandatory: true, Encoding: "ZBuf", Value: ZBuf { slices: [[a8, 32, 52, 78, 34, c0, 7a, d3, db, cf, 4c, 6e, 14, 1c, e6, 26, ac, 0d, 9c, 88, 66, 11, 45, a9, 70, c3, 3c, e8, ae, 7b]] } }
[2m2026-09-14T13:36:18.921591Z[0m [31mERROR[0m codec_extension ThreadId(12) [2mzenoh_codec::common::extension[0m[2m:[0m Unknown Test ext: ZExtUnknown { Id: 2, Mandatory: true, Encoding: "ZBuf", Value: ZBuf { slices: [[3c, e9, 59, 4a, 22, 51, b6, af, 62, 6f, 65, 32, 8b, a6, 89, 28, 17, df, a5, e8, 67, 60, 85, cb, 6d, fd, 4b, 0e, 3e, 25, 6e, c8, 99, f8, ce, 03, ee, 9f, 38, 61, be, c1, 6c, 0b, f5, a4, 60, 27, 34, a1, 9f, 59, 29, 5c, cd, ad, 66]] } }
[2m2026-09-14T13:36:18.921597Z[0m [31mERROR[0m codec_extension ThreadId(12) [2mzenoh_codec::common::extension[0m[2m:[0m Unknown Test ext: ZExtUnknown { Id: 2, Mandatory: true, Encoding: "ZBuf", Value: ZBuf { slices: [[7c, 2f, 2d, 1e, 5f, 36, 22, 40, ba, a5, 78]] } }
[2m2026-09-14T13:36:18.921623Z[0m [31mERROR[0m codec_extension ThreadId(12) [2mzenoh_codec::common::extension[0m[2m:[0m Unknown Test ext: ZExtUnknown { Id: 2, Mandatory: true, Encoding: "ZBuf", Value: ZBuf { slices: [[64, cf, 80, f5, ed, 5e, 53, 2f, b1, 52, fb, ca, 44, bb, 8a, 77, 8b, 18, d3, 21, 48, 56, a7, 0d, 89, cf, 41, 0f, b6, 7b, 7e, 84, 29]] } }
[2m2026-09-14T13:36:18.921648Z[0m [31mERROR[0m codec_extension ThreadId(12) [2mzenoh_codec::common::extension[0m[2m:[0m Unknown Test ext: ZExtUnknown { Id: 2, Mandatory: true, Encoding: "ZBuf", Value: ZBuf { slices: [[5e, 87, f5, 4b, b8, 17, f4, 33, 5c, 9c, b6, 20, 00, 32, d3, dd, b6, 74, 89, 65, e0, 7e, f5, b3, 5e, 25, 96, ee, b0, b0, 46, 60, af, 43, da, 29, b7, a7, 14, d0, 96, 36, 0a, d2, 00, 58, 50, 5c, b3, 95, cb, 51]] } }
[2m2026-09-14T13:36:18.921656Z[0m [31mERROR[0m codec_extension ThreadId(12) [2mzenoh_codec::common::extension[0m[2m:[0m Unknown Test ext: ZExtUnknown { Id: 2, Mandatory: true, Encoding: "ZBuf", Value: ZBuf { slices: [[33, 69, 0a, a5, 52, 81, 97, 20, 89, 62, 28, a1, 55, 6f, 93, b3, 75, 54, 46, 3a, 05, 9c, 2f, 87, 1e, 31, 1a, 32, cd, 42, c0, 40, 44, 77, 87]] } }
[2m2026-09-14T13:36:18.921676Z[0m [31mERROR[0m codec_extension ThreadId(12) [2mzenoh_codec::common::extension[0m[2m:[0m Unknown Test ext: ZExtUnknown { Id: 2, Mandatory: true, Encoding: "ZBuf", Value: ZBuf { slices: [[99, 39, 2c, e4, a4, 8f, 0e, 5f, 93, 88, f2, fd, db, a1, cb, d8, 09, 00, 50, 7c, d8, 09, 3d, ad, 66, 6b, 3c, 14, 0c, ac, c1, e3, 48, e6, 45, c4, 90, 8d, fd, 8b, 1f, e8, 7a, de, 1a, 0d, 97, 3c, b0, ac, f5, c6, bc, ca, 75, 3f, 6d, ba, 71, 18, 9e]] } }
[2m2026-09-14T13:36:18.921697Z[0m [31mERROR[0m codec_extension ThreadId(12) [2mzenoh_codec::common::extension[0m[2m:[0m Unknown Test ext: ZExtUnknown { Id: 2, Mandatory: true, Encoding: "ZBuf", Value: ZBuf { slices: [[ba, a2, fe, 5c, 31, f5, 68, ea, 85, 7d, d2, 45, aa, 13, 42, 0e, 70, 68, f4, 41, 7a, 96, b5, 03, 3b, e9, d7, b7, c3, 7f, 59]] } }
[2m2026-09-14T13:36:18.921702Z[0m [31mERROR[0m codec_extension ThreadId(12) [2mzenoh_codec::common::extension[0m[2m:[0m Unknown Test ext: ZExtUnknown { Id: 2, Mandatory: true, Encoding: "ZBuf", Value: ZBuf { slices: [[50, 6c, ed, 96, 40, ad, 2e, c4, 9e, 6c, e1, 23, 28, 58, 23, b6, 03]] } }
[2m2026-09-14T13:36:18.921720Z[0m [31mERROR[0m codec_extension ThreadId(12) [2mzenoh_codec::common::extension[0m[2m:[0m Unknown Test ext: ZExtUnknown { Id: 2, Mandatory: true, Encoding: "ZBuf", Value: ZBuf { slices: [[94, 8f, e3, 59, 0b, 64, 1c, 37, 88, 8d, c1, 90, 96, 15, 60, fe, 3f, ef, 8c, 74, 68, c8, 4a, 72, e1, 3c, 74, 3a, d2, 55, cd, f9, 99]] } }
[2m2026-09-14T13:36:18.921727Z[0m [31mERROR[0m codec_extension ThreadId(12) [2mzenoh_codec::common::extension[0m[2m:[0m Unknown Test ext: ZExtUnknown { Id: 2, Mandatory: true, Encoding: "ZBuf", Value: ZBuf { slices: [[b7, 81, 8d, a5, 1a, 6e, 22, 10]] } }
[2m2026-09-14T13:36:18.921731Z[0m [31mERROR[0m codec_extension ThreadId(12) [2mzenoh_codec::common::extension[0m[2m:[0m Unknown Test ext: ZExtUnknown { Id: 2, Mandatory: true, Encoding: "ZBuf", Value: ZBuf { slices: [[de, 02, 26, 27, 15, 26, 41, ca, ae, 73, 62, 48, b6, 1e, 12, 34, 96, 89, c1, 0e, 7f]] } }
[2m2026-09-14T13:36:18.921749Z[0m [31mERROR[0m codec_extension ThreadId(12) [2mzenoh_codec::common::extension[0m[2m:[0m Unknown Test ext: ZExtUnknown { Id: 2, Mandatory: true, Encoding: "ZBuf", Value: ZBuf { slices: [[00, 8f, 7f, 27, 04, 9b, 38, a2, 26, f2, 5d, 89, a2, 43, 64, da, db]] } }
[2m2026-09-14T13:36:18.921771Z[0m [31mERROR[0m codec_extension ThreadId(12) [2mzenoh_codec::common::extension[0m[2m:[0m Unknown Test ext: ZExtUnknown { Id: 2, Mandatory: true, Encoding: "ZBuf", Value: ZBuf { slices: [[51, 9f, db, 86, 1f, ba, 13, 30, ef, 41, 42, 55, 00, 31, 87, 20, 80, 26, 5b, f3, ff, c3, 44, 46, 44, d4, a0, 3d, f6, 54, 38, 98, 2d, 65, ad, 1e, 2d, fc, 97, 48, 4d, a8, 43, 80, 2f, f0, 49, a2, 57, 57, 9e, 18, 93, 37, bc, ca, 80, 1a, ac]] } }
[2m2026-09-14T13:36:18.921795Z[0m [31mERROR[0m codec_extension ThreadId(12) [2mzenoh_codec::common::extension[0m[2m:[0m Unknown Test ext: ZExtUnknown { Id: 2, Mandatory: true, Encoding: "ZBuf", Value: ZBuf { slices: [[6a, 42, 15, f9, 3a, 26, 41, dc, 89, 3f, f2, 90, 5b, c1, d3, 13, a6, 32, 42, d6, 9f, c8, fd, 72, 8f, e4, 60, c1, 32, c5, b1, 3b, 2c, b4, 1c, 70, 2a, d1, b9, c9, 63, a3, 54, f5, ec, 09, 39, 95, 05, 04, de, a9, 46, 4c, 81, f4]] } }
[2m2026-09-14T13:36:18.921802Z[0m [31mERROR[0m codec_extension ThreadId(12) [2mzenoh_codec::common::extension[0m[2m:[0m Unknown Test ext: ZExtUnknown { Id: 2, Mandatory: true, Encoding: "ZBuf", Value: ZBuf { slices: [[5a, a8, d3, 3e, 43, c6, 50, 29, df, e9, 5f, 2a, 2f, 42, 7f, b9, bb, 2a, ca, 5e, ab, 49, 52, 71, 66, 1d, 33, 06, 3f, ed, bc]] } }
[2m2026-09-14T13:36:18.921829Z[0m [31mERROR[0m codec_extension ThreadId(12) [2mzenoh_codec::common::extension[0m[2m:[0m Unknown Test ext: ZExtUnknown { Id: 2, Mandatory: true, Encoding: "ZBuf", Value: ZBuf { slices: [[06, 97, fb, c0, 1d, cd, 67, 0d, bb, ca, ff, 33, 81, d8, 04, 81, e3, 6e, d2, b9, 96, 84, 97, 67, 9c, a9, 9c, 7f, 17, db, 92, 15, 0e, 1a, 80, f0, 4f, 7b, b7, 90, 80, e6, af, 52, 26, 7f, 10, 0d, 82]] } }
[2m2026-09-14T13:36:18.921837Z[0m [31mERROR[0m codec_extension ThreadId(12) [2mzenoh_codec::common::extension[0m[2m:[0m Unknown Test ext: ZExtUnknown { Id: 2, Mandatory: true, Encoding: "ZBuf", Value: ZBuf { slices: [[f1, 62, 1f, a1, ce, 51, 35, 34, b5, 91, ed]] } }
[2m2026-09-14T13:36:18.921860Z[0m [31mERROR[0m codec_extension ThreadId(12) [2mzenoh_codec::common::extension[0m[2m:[0m Unknown Test ext: ZExtUnknown { Id: 2, Mandatory: true, Encoding: "ZBuf", Value: ZBuf { slices: [[95, 78, a8, 9c, 35, f3, 65, 7a, a5, 6b, 6d, 7f, 36, 83, f6, e9, 63, ce, 96, 93, a0, d9, eb, 3f, 6b, 68, 44]] } }
[2m2026-09-14T13:36:18.921865Z[0m [31mERROR[0m codec_extension ThreadId(12) [2mzenoh_codec::common::extension[0m[2m:[0m Unknown Test ext: ZExtUnknown { Id: 2, Mandatory: true, Encoding: "ZBuf", Value: ZBuf { slices: [[04, e2, 13, 6e, d5, 35, 25, a2, 80, 66, 9d, 08, ab, 7a, 79, ec, 6d, ef, 60, c9, 07, e5, 2a, fc, 47, 1c, c5, a3, 7f, 34, 12, d8, 0e, ac, 8f, a8, b4, 78, d5, 92, dc, 27, 4e]] } }
[2m2026-09-14T13:36:18.921887Z[0m [31mERROR[0m codec_extension ThreadId(12) [2mzenoh_codec::common::extension[0m[2m:[0m Unknown Test ext: ZExtUnknown { Id: 2, Mandatory: true, Encoding: "ZBuf", Value: ZBuf { slices: [[56, 57, 4f, 9f, 5e, 42, cc, d6, 8e, c0, ae, 95, a1, b4, c3, 33, 8b, 57, dc, 03, f1, 0f, f7, 97, 23, 0a, e8, b6, 53, d8, 17, 49]] } }
[2m2026-09-14T13:36:18.921895Z[0m [31mERROR[0m codec_extension ThreadId(12) [2mzenoh_codec::common::extension[0m[2m:[0m Unknown Test ext: ZExtUnknown { Id: 2, Mandatory: true, Encoding: "ZBuf", Value: ZBuf { slices: [[e6, 5b, 46, 5c, 1d, 62, 5c, aa, ea, 2b, cb, 4c, 18, 6e, d1, 65, 20, 46, 83, fd, 36, c5, 56, 58, e5, 2f, bb, a9, ad, 3c, cd, fa, 6b]] } }
[2m2026-09-14T13:36:18.921919Z[0m [31mERROR[0m codec_extension ThreadId(12) [2mzenoh_codec::common::extension[0m[2m:[0m Unknown Test ext: ZExtUnknown { Id: 2, Mandatory: true, Encoding: "ZBuf", Value: ZBuf { slices: [[42, 72, 7b, ef, cd, 16, 62, 16, 24, 20, 0a, e1, ae, 6b, eb, d0, 6f, f4, e4, c1, 7a, 14, a2, 1d]] } }
[2m2026-09-14T13:36:18.921924Z[0m [31mERROR[0m codec_extension ThreadId(12) [2mzenoh_codec::common::extension[0m[2m:[0m Unknown Test ext: ZExtUnknown { Id: 2, Mandatory: true, Encoding: "ZBuf", Value: ZBuf { slices: [[c7, b7, aa, f2, 4f, 20, be, 45, 16, 05, 57, aa, eb, 53, 43, 0b, d0, da, a7, ee, c8, 64]] } }
[2m2026-09-14T13:36:18.921942Z[0m [31mERROR[0m codec_extension ThreadId(12) [2mzenoh_codec::common::extension[0m[2m:[0m Unknown Test ext: ZExtUnknown { Id: 2, Mandatory: true, Encoding: "ZBuf", Value: ZBuf { slices: [[f8, cd, 08, fc, 98, 12, 96, ef, fb, 91, 1c]] } }
[2m2026-09-14T13:36:18.921946Z[0m [31mERROR[0m codec_extension ThreadId(12) [2mzenoh_codec::common::extension[0m[2m:[0m Unknown Test ext: ZExtUnknown { Id: 2, Mandatory: true, Encoding: "ZBuf", Value: ZBuf { slices: [[35, 8b, 23, 5b, f8, 4c, e7, 41, d3, a5, f3, f5, d9, b4, 50, dc, 70, f8, d2, 40, b9, 62, 6f, 84, 7f, f3, 6a, 4f, df, c4, 12, ae]] } }
[2m2026-09-14T13:36:18.921952Z[0m [31mERROR[0m codec_extension ThreadId(12) [2mzenoh_codec::common::extension[0m[2m:[0m Unknown Test ext: ZExtUnknown { Id: 2, Mandatory: true, Encoding: "ZBuf", Value: ZBuf { slices: [[d5, 74, a4, 78, 06, 4b, c4, 68, 2e, be, 73]] } }
[2m2026-09-14T13:36:18.921974Z[0m [31mERROR[0m codec_extension ThreadId(12) [2mzenoh_codec::common::extension[0m[2m:[0m Unknown Test ext: ZExtUnknown { Id: 2, Mandatory: true, Encoding: "ZBuf", Value: ZBuf { slices: [[0e, 34, ed, 5d, e0, c4, 48, de, 24, bd, 02, 62, 85]] } }
[2m2026-09-14T13:36:18.921980Z[0m [31mERROR[0m codec_extension ThreadId(12) [2mzenoh_codec::common::extension[0m[2m:[0m Unknown Test ext: ZExtUnknown { Id: 2, Mandatory: true, Encoding: "ZBuf", Value: ZBuf { slices: [[52, b5, dd, 51, ef, bd, 5f, 66, 0c]] } }
[2m2026-09-14T13:36:18.921985Z[0m [31mERROR[0m codec_extension ThreadId(12) [2mzenoh_codec::common::extension[0m[2m:[0m Unknown Test ext: ZExtUnknown { Id: 2, Mandatory: true, Encoding: "ZBuf", Value: ZBuf { slices: [[f2, d1, c7, 99, 33, 3c, f4, 32, 28, d6, 6a, 0a, ba, 75, e8, 20, 6c, d4, 19, 08, 16, d4, e7, 17, 2a, 6d, 5f, 43, 1e, af, 66, 86]] } }
[2m2026-09-14T13:36:18.922005Z[0m [31mERROR[0m codec_extension ThreadId(12) [2mzenoh_codec::common::extension[0m[2m:[0m Unknown Test ext: ZExtUnknown { Id: 2, Mandatory: true, Encoding: "ZBuf", Value: ZBuf { slices: [[13, 68, 4d, 13, cb, cb, d3, ee, 79, 3a, 65, 23, 56, a7, 70, e4, c7, 63, 53, 6e, 0d, d7, 4e, c1, 94, 99, b6, 9f, 9c, f1, 76, e1, d8, 09, c7, a8, f4, 6d, 8b, b5, 04, 55, 70, 64, 18, cf, 8b, e7, 73]] } }
[2m2026-09-14T13:36:18.922030Z[0m [31mERROR[0m codec_extension ThreadId(12) [2mzenoh_codec::common::extension[0m[2m:[0m Unknown Test ext: ZExtUnknown { Id: 2, Mandatory: true, Encoding: "ZBuf", Value: ZBuf { slices: [[21, 0b, 78, 0e, 46, 93, 0e, 9f, 44, 81, 80, 73, de, 6d, 66, 3b, bd, fd, a4, b1, 2e, 0c, da, c5, e3, 97, 92]] } }
[2m2026-09-14T13:36:18.922037Z[0m [31mERROR[0m codec_extension ThreadId(12) [2mzenoh_codec::common::extension[0m[2m:[0m Unknown Test ext: ZExtUnknown { Id: 2, Mandatory: true, Encoding: "ZBuf", Value: ZBuf { slices: [[5f, 69, cb, 09, 5c, 1f, 55, fd, c1, 92, 23, 7d, af, c4, f9, 9b, 18, dc, 3c, ff, f8, 42, bc, 83, 8f, 6c, 8f, 5d, 0f, 4b, d0, 43, 7a, 2c, 4f, 13, 5a, 46, c4, 22, 2b, d4, 63]] } }
[2m2026-09-14T13:36:18.922060Z[0m [31mERROR[0m codec_extension ThreadId(12) [2mzenoh_codec::common::extension[0m[2m:[0m Unknown Test ext: ZExtUnknown { Id: 2, Mandatory: true, Encoding: "ZBuf", Value: ZBuf { slices: [[e3, 7b, 4b, 13, bd, f2, 19, 56, 41, 67, 28, 55, 7d, 8c, 79, 35, f4, 4b]] } }
[2m2026-09-14T13:36:18.922079Z[0m [31mERROR[0m codec_extension ThreadId(12) [2mzenoh_codec::common::extension[0m[2m:[0m Unknown Test ext: ZExtUnknown { Id: 2, Mandatory: true, Encoding: "ZBuf", Value: ZBuf { slices: [[d8, 60, 7d, 6b, 3a, af, d3, a9, 84, d4, 52, fb, af, 66, 1c, 0f, 95, ac, 07, 03, ba, 04, bd, cd, 97, a2, 53, a9, a7, e5, bd, 14, 0c, 00, fd, c4, b7, 22, d0, f8, 2b, cb, 18, bc, 30, 32, 65, ca, d5, ea, 85, 5c, d5, 12, 82, 17]] } }
[2m2026-09-14T13:36:18.922085Z[0m [31mERROR[0m codec_extension ThreadId(12) [2mzenoh_codec::common::extension[0m[2m:[0m Unknown Test ext: ZExtUnknown { Id: 2, Mandatory: true, Encoding: "ZBuf", Value: ZBuf { slices: [[af, cd, 7b, 4c, f0, 99, 4f, 3c, 2c, 25, 55, 27, 9d, aa, 54, 4d, c2, db]] } }
[2m2026-09-14T13:36:18.922103Z[0m [31mERROR[0m codec_extension ThreadId(12) [2mzenoh_codec::common::extension[0m[2m:[0m Unknown Test ext: ZExtUnknown { Id: 2, Mandatory: true, Encoding: "ZBuf", Value: ZBuf { slices: [[47, 41, 78, 92, 34, 98, 97, 3b, 37, 04, 0d, ea, f7, b6, a8, 07, ef, 16, 49, 0e, 36, 11, d4, 9b, 2d, 88, 88, f5, 2e, e5, 72, dc, 7d, 43, b1, f7, 4d, 3a, e1, f8, f0, d9, 3d, 98]] } }
[2m2026-09-14T13:36:18.922109Z[0m [31mERROR[0m codec_extension ThreadId(12) [2mzenoh_codec::common::extension[0m[2m:[0m Unknown Test ext: ZExtUnknown { Id: 2, Mandatory: true, Encoding: "ZBuf", Value: ZBuf { slices: [[10, 6b, f7, 7a, e4, 76, f5, 7e, 4a, 8b, 81, 4c, 74, f6, b3, f0, d5, dc, 6a, 72, aa, c5]] } }
[2m2026-09-14T13:36:18.922116Z[0m [31mERROR[0m codec_extension ThreadId(12) [2mzenoh_codec::common::extension[0m[2m:[0m Unknown Test ext: ZExtUnknown { Id: 2, Mandatory: true, Encoding: "ZBuf", Value: ZBuf { slices: [[e2, 75, f5, 46, 9c, 0e, 3d, 93, ad, c4, ee, 72, 4a, b5, 89, b0, 46, 0e, be, 43, 5f, aa, cd, 0b, 4e, 1b, ba, 7a, 48]] } }
[2m2026-09-14T13:36:18.922138Z[0m [31mERROR[0m codec_extension ThreadId(12) [2mzenoh_codec::common::extension[0m[2m:[0m Unknown Test ext: ZExtUnknown { Id: 2, Mandatory: true, Encoding: "ZBuf", Value: ZBuf { slices: [[30, ac, 87, b6, 41, 3a, e3, 22, 1e, 0b, 4d, 55, 91, f5, b3, e6, 29, 63, 73, 18, 43, e7, b8, 95, 06, e0]] } }
[2m2026-09-14T13:36:18.922143Z[0m [31mERROR[0m codec_extension ThreadId(12) [2mzenoh_codec::common::extension[0m[2m:[0m Unknown Test ext: ZExtUnknown { Id: 2, Mandatory: true, Encoding: "ZBuf", Value: ZBuf { slices: [[1c, e6, f0, 2e, 0b, ce, 0f, 94]] } }
[2m2026-09-14T13:36:18.922164Z[0m [31mERROR[0m codec_extension ThreadId(12) [2mzenoh_codec::common::extension[0m[2m:[0m Unknown Test ext: ZExtUnknown { Id: 2, Mandatory: true, Encoding: "ZBuf", Value: ZBuf { slices: [[6c, df, c3, 34, e9, 83, a9, ca, 46, ae, ed, 98, 68, 0f, 7f, 92, ae, a6, 76, 58, a2, d2, 21, bc, e7, 1f, 9c, f0, 96, 3a, 0e, 9f, e4, 38, 42, 4e, e6, d3, 58, 5c, d0, 67, 19, 8f, 8b, 87, a8, cf, 94, ba, b9, 26, 8e, 11]] } }
[2m2026-09-14T13:36:18.922172Z[0m [31mERROR[0m codec_extension ThreadId(12) [2mzenoh_codec::common::extension[0m[2m:[0m Unknown Test ext: ZExtUnknown { Id: 2, Mandatory: true, Encoding: "ZBuf", Value: ZBuf { slices: [[90, ad, 3c, cb, 73, f7, 22, a4, 93, b5, 7d, 51, 6d, 2b, 25, f1, 99, 13]] } }
[2m2026-09-14T13:36:18.922195Z[0m [31mERROR[0m codec_extension ThreadId(12) [2mzenoh_codec::common::extension[0m[2m:[0m Unknown Test ext: ZExtUnknown { Id: 2, Mandatory: true, Encoding: "ZBuf", Value: ZBuf { slices: [[8a, 9a, 4e, d7, 08, 74, 04, 89, 7c, bc, d3, 1f, 55, 1d, 09, 33, a4, 83, 1f, bd, 65, 11, e8, 50, d3, 1e, f0, 8b, 43, 7d, 91, f9, e3, af, d2]] } }
[2m2026-09-14T13:36:18.922217Z[0m [31mERROR[0m codec_extension ThreadId(12) [2mzenoh_codec::common::extension[0m[2m:[0m Unknown Test ext: ZExtUnknown { Id: 2, Mandatory: true, Encoding: "ZBuf", Value: ZBuf { slices: [[97, 17, 1f, cf, bf, 1a, 2c, f0, 05, 46, bf, 3c, 00, 1a, ac, 28, 89, d8, 85, f0, c7, 3e, 7d, 69, 46, a5, 82, d4, c1, 60, f6, 84, 76, f0, cf, 85, 90, 18, cf, 5a, 22, 11, b8, 8c, f2, 02, e1, cd, fe, 66, 25]] } }
[2m2026-09-14T13:36:18.922227Z[0m [31mERROR[0m codec_extension ThreadId(12) [2mzenoh_codec::common::extension[0m[2m:[0m Unknown Test ext: ZExtUnknown { Id: 2, Mandatory: true, Encoding: "ZBuf", Value: ZBuf { slices: [[8e, 2f, 2c, fc, e4, db, b4, 8d, dd, 4f, fa, f0, 05, b6, 47, 3d, af, 9b, ef, 39]] } }
[2m2026-09-14T13:36:18.922233Z[0m [31mERROR[0m codec_extension ThreadId(12) [2mzenoh_codec::common::extension[0m[2m:[0m Unknown Test ext: ZExtUnknown { Id: 2, Mandatory: true, Encoding: "ZBuf", Value: ZBuf { slices: [[0e, 79, f8, d8, 3a, 0c, 87, 38, 50, 91, bd, ea]] } }
[2m2026-09-14T13:36:18.922255Z[0m [31mERROR[0m codec_extension ThreadId(12) [2mzenoh_codec::common::extension[0m[2m:[0m Unknown Test ext: ZExtUnknown { Id: 2, Mandatory: true, Encoding: "ZBuf", Value: ZBuf { slices: [[a9, ef, 6b, 10, d9, a0, d4, 79, 1c, 4c, 0d, fa, 16, 84, 0d, 74, e5, 0d, 3f, b4, a6, a9, 8f, ad, 34, e4, 05, 86, 77, 89, 51, 59, f2]] } }
[2m2026-09-14T13:36:18.922274Z[0m [31mERROR[0m codec_extension ThreadId(12) [2mzenoh_codec::common::extension[0m[2m:[0m Unknown Test ext: ZExtUnknown { Id: 2, Mandatory: true, Encoding: "ZBuf", Value: ZBuf { slices: [[6a, 3e, 38, 32, 54, 6f, 22, b8, c7, e7, 4f, c9, 3d, 61, 3c, 75, 81, ae, 71, 11, e1, 37, ed, c8, be, 52, fb, b6, 7d, 0a, 37, 1b, 7a, 61, b0, 4e, e9, 64, 6b, 00, b1, 33, 20]] } }
[2m2026-09-14T13:36:18.922279Z[0m [31mERROR[0m codec_extension ThreadId(12) [2mzenoh_codec::common::extension[0m[2m:[0m Unknown Test ext: ZExtUnknown { Id: 2, Mandatory: true, Encoding: "ZBuf", Value: ZBuf { slices: [[e4, 9d, c3, 0e, f5, 72, 8a, 48, 8d, 44, 7a, 07, 79, 7e, 17, f3, 1c, 80, 15, f9, bc, 1e, 49, 64, 14, a5, 42, 91]] } }
[2m2026-09-14T13:36:18.922302Z[0m [31mERROR[0m codec_extension ThreadId(12) [2mzenoh_codec::common::extension[0m[2m:[0m Unknown Test ext: ZExtUnknown { Id: 2, Mandatory: true, Encoding: "ZBuf", Value: ZBuf { slices: [[db, 89, 1b, 24, 44, a2, 82, 13, 4e, 70, b6, 91, 11, 0c, f8, 0f, d9, 13, 1c, 2b, a5, fd, 0a, d6, 06, a2, dc, e4, 79, 1d, f8, c9, 58, 2b, 5f, 4b, 1f, a8, c3, a9, 0c, 35, a0, 9e, 73, e5]] } }
[2m2026-09-14T13:36:18.922310Z[0m [31mERROR[0m codec_extension ThreadId(12) [2mzenoh_codec::common::extension[0m[2m:[0m Unknown Test ext: ZExtUnknown { Id: 2, Mandatory: true, Encoding: "ZBuf", Value: ZBuf { slices: [[1b, 24, 00, aa, 73, 4a, c5, 7c, 3e, cd, db, 84, bc, 7d, e9, 22, 68, 5d, 80, ec, 36, e6, 92, 03, 06, 57, ee, 77, da, 8c, c3, bd, c6, 22, 8e]] } }
[2m2026-09-14T13:36:18.922331Z[0m [31mERROR[0m codec_extension ThreadId(12) [2mzenoh_codec::common::extension[0m[2m:[0m Unknown Test ext: ZExtUnknown { Id: 2, Mandatory: true, Encoding: "ZBuf", Value: ZBuf { slices: [[22, 40, 72, 3f, 9c, fb, 41, a5, e7, 98, 9a, 6c, 53, 0a, 5e, 23, 06, e4, c5, dc, bc, 6b, 4c, ef, 74, 48, 96, 84]] } }
[2m2026-09-14T13:36:18.922337Z[0m [31mERROR[0m codec_extension ThreadId(12) [2mzenoh_codec::common::extension[0m[2m:[0m Unknown Test ext: ZExtUnknown { Id: 2, Mandatory: true, Encoding: "ZBuf", Value: ZBuf { slices: [[33, d5, 49, 6e, 37, 91, 36, fa, 89, b9, 0e, 2b, 78, 51, da]] } }
[2m2026-09-14T13:36:18.922360Z[0m [31mERROR[0m codec_extension ThreadId(12) [2mzenoh_codec::common::extension[0m[2m:[0m Unknown Test ext: ZExtUnknown { Id: 2, Mandatory: true, Encoding: "ZBuf", Value: ZBuf { slices: [[99, b3, fb, ab, fe, fb, 1e, 02, df, 48, dd, d6, 47, 0a, 54, 64, 3d, 43, cd, b2, a2, 71, 46, 68, 04, 6d, a0, a5, 86, 5f, 90, 92, 29, f7, da, d4, 34, af, 42, 27, 1b, 5e, b6, 43, 73, 6e, a6, 8f]] } }
[2m2026-09-14T13:36:18.922386Z[0m [31mERROR[0m codec_extension ThreadId(12) [2mzenoh_codec::common::extension[0m[2m:[0m Unknown Test ext: ZExtUnknown { Id: 2, Mandatory: true, Encoding: "ZBuf", Value: ZBuf { slices: [[0c, 92, c1, ae, 8a, a8, 4a, 56, ff, 8c, 0a, 06, b4, eb, ca, 32, 01, b6, 8c, d3, 01, 70, 4e, 92, 3d, 27, 6c, b8, 92, fe, ca, e3, 58, a5, 0b, 0c, f8, 99, d6, d9, 77, 68, 8e, 33, fa, e7, 90, b9, 77, 6d, fd, 8d, 97, 52, 1f, 0c, c4]] } }
[2m2026-09-14T13:36:18.922392Z[0m [31mERROR[0m codec_extension ThreadId(12) [2mzenoh_codec::common::extension[0m[2m:[0m Unknown Test ext: ZExtUnknown { Id: 2, Mandatory: true, Encoding: "ZBuf", Value: ZBuf { slices: [[75, 99, 20, cd, ce, c8, 46, 9d, 5b, 90, c0, 64, a3, c6, bb, 82, 1f, c7, a5, d8, be, f1, d1, 12, 2e, 3b]] } }
[2m2026-09-14T13:36:18.922411Z[0m [31mERROR[0m codec_extension ThreadId(12) [2mzenoh_codec::common::extension[0m[2m:[0m Unknown Test ext: ZExtUnknown { Id: 2, Mandatory: true, Encoding: "ZBuf", Value: ZBuf { slices: [[96, 06, 8f, 6a, b4, 33, 35, 4d, 0e, 1c]] } }
[2m2026-09-14T13:36:18.922416Z[0m [31mERROR[0m codec_extension ThreadId(12) [2mzenoh_codec::common::extension[0m[2m:[0m Unknown Test ext: ZExtUnknown { Id: 2, Mandatory: true, Encoding: "ZBuf", Value: ZBuf { slices: [[a9, ba, 03, 64, e5, df, 69, 25, c1, 2c, 81, 20, ab, ba, 60, 93, d9, 13, 1c, 37, 72, 7f]] } }
[2m2026-09-14T13:36:18.922434Z[0m [31mERROR[0m codec_extension ThreadId(12) [2mzenoh_codec::common::extension[0m[2m:[0m Unknown Test ext: ZExtUnknown { Id: 2, Mandatory: true, Encoding: "ZBuf", Value: ZBuf { slices: [[bf, d5, a5, 52, cc, eb, 73, e3, 2e, 88, b6, dc, 59, 67, a5, 2a, 6a, 44, 84, bc, 6a, c4, d0, 1b, 74, 2b, 1a, b8, 8d, ae, aa, e3]] } }
[2m2026-09-14T13:36:18.922441Z[0m [31mERROR[0m codec_extension ThreadId(12) [2mzenoh_codec::common::extension[0m[2m:[0m Unknown Test ext: ZExtUnknown { Id: 2, Mandatory: true, Encoding: "ZBuf", Value: ZBuf { slices: [[95, 44, c2, 50, 23, 0a, fd, 31, 0c, 01, 9c, d5, f5, 91, 8f, e0, fb, e3, c4, b3, 8c, 2b, 4a, b2, 77, 3f, de, 4a, 84, aa, 12, 14, 7d, b2, a7, df, 9a, 8f, aa, f6, dc, 51, 55, a6, d2, 72, a0, 22]] } }
[2m2026-09-14T13:36:18.922465Z[0m [31mERROR[0m codec_extension ThreadId(12) [2mzenoh_codec::common::extension[0m[2m:[0m Unknown Test ext: ZExtUnknown { Id: 2, Mandatory: true, Encoding: "ZBuf", Value: ZBuf { slices: [[f8, 0f, 40, ad, 1b, 94, df, 52, 77, 30, aa, 1c, b7, db, db, a1, bb, 6d, 9d, b8, 74, 84, 02, 5a, e4, 53, ec, 0e, 17, 60, f7]] } }
[2m2026-09-14T13:36:18.922487Z[0m [31mERROR[0m codec_extension ThreadId(12) [2mzenoh_codec::common::extension[0m[2m:[0m Unknown Test ext: ZExtUnknown { Id: 2, Mandatory: true, Encoding: "ZBuf", Value: ZBuf { slices: [[c3, 59, cc, 85, 1f, de, be, eb, e9, d1, 9d, c0, f4, 46, 63, 9d, 76, 2f, a1, d6, 25, c6, dd, 70, ef, 60, 72, 6d, 16, 45, 24, 27, 71, 71, 36, 17, 69, ec, 3d, 5d, 8e, 9c, 90]] } }
[2m2026-09-14T13:36:18.922494Z[0m [31mERROR[0m codec_extension ThreadId(12) [2mzenoh_codec::common::extension[0m[2m:[0m Unknown Test ext: ZExtUnknown { Id: 2, Mandatory: true, Encoding: "ZBuf", Value: ZBuf { slices: [[fa, e2, 18, 66, 08, 59, d1, 79, f0, f6, 58, 2d, 18, c1, 9c, 4b, 3b, ba, 94, dd, 8c]] } }
[2m2026-09-14T13:36:18.922518Z[0m [31mERROR[0m codec_extension ThreadId(12) [2mzenoh_codec::common::extension[0m[2m:[0m Unknown Test ext: ZExtUnknown { Id: 2, Mandatory: true, Encoding: "ZBuf", Value: ZBuf { slices: [[94, dd, 7d, fe, 2e, 0e, 9b, 4d, 4b, a5, 18, 37, e7, fd, 08, fc, f7, 1e, 0b, bc, b8, 2e, 63, 31, 3d, 6f, 95]] } }
[2m2026-09-14T13:36:18.922525Z[0m [31mERROR[0m codec_extension ThreadId(12) [2mzenoh_codec::common::extension[0m[2m:[0m Unknown Test ext: ZExtUnknown { Id: 2, Mandatory: true, Encoding: "ZBuf", Value: ZBuf { slices: [[bb, fb, 2f, 97, 7d, d2, fb, 32, 44, ac, e9, 95, 77, 7c, 91, e8, aa, 51, f5, 72, 46, 86, ec, 1c, ce, 37, c2, 79, d4, 5f, b7, 2f, 18, 7e, 41, f5, d9, 18, 1f, 78, a1, 4e, fc, f9, 0d, 7e, 9a, 6e, 56, 79, e9, 3b, ab]] } }
[2m2026-09-14T13:36:18.922548Z[0m [31mERROR[0m codec_extension ThreadId(12) [2mzenoh_codec::common::extension[0m[2m:[0m Unknown Test ext: ZExtUnknown { Id: 2, Mandatory: true, Encoding: "ZBuf", Value: ZBuf { slices: [[31, 57, 87, 1f, 08, 26, 63, 97, 0b, 8a, e7, d1, 30, 8c, 9c, b2, 0f, a0, 7e, 93, e3, ce, bf, ef, c6, 5c, 01, e3, 90, 45, 2e, 99, 85, 50, da, 6d, b9, f1, bc, 1d, 7d, 23, 13, 12, 09, af, 47, 92, 27, 6f, 3e, 1d]] } }
[2m2026-09-14T13:36:18.922573Z[0m [31mERROR[0m codec_extension ThreadId(12) [2mzenoh_codec::common::extension[0m[2m:[0m Unknown Test ext: ZExtUnknown { Id: 2, Mandatory: true, Encoding: "ZBuf", Value: ZBuf { slices: [[3a, 72, 88, 1c, 65, 42, 40, a0, e1, 44, 93, ae, 69, e5, 9c, af, 5c, 4a, 9d]] } }
[2m2026-09-14T13:36:18.922594Z[0m [31mERROR[0m codec_extension ThreadId(12) [2mzenoh_codec::common::extension[0m[2m:[0m Unknown Test ext: ZExtUnknown { Id: 2, Mandatory: true, Encoding: "ZBuf", Value: ZBuf { slices: [[b8, e8, d9, 57, 85, 5e, 98, 30, 03, b7, 86, eb, 9c, 60, 69, 52, 7e, 44, e6, 86, f7, 66, 0e, 11, 84, 78, b2, 39, bb, bb, 1f, 50, 7c, 04, c0, dc, 42, 87, fc, 13, 8f, 92, ab, 4b, cf, 3e, 25, 51, 72, 09, 7c, d6, bd, 82, ee, cd, b8, db, a5, e1, 01, 32, 63]] } }
[2m2026-09-14T13:36:18.922601Z[0m [31mERROR[0m codec_extension ThreadId(12) [2mzenoh_codec::common::extension[0m[2m:[0m Unknown Test ext: ZExtUnknown { Id: 2, Mandatory: true, Encoding: "ZBuf", Value: ZBuf { slices: [[01, 97, 4f, 4b, 0c, 24, 2e, 55, 65, 52, ee, 9d, 50, 04, cd, 76, 92, a7, 85, 6b, 3c, b5, 5e, 3f, 53, f7, 8c, a8, c9, f0, 8e, 6c, ab, 4e, a5, e2, f3, 18, 30, e7]] } }
[2m2026-09-14T13:36:18.922634Z[0m [31mERROR[0m codec_extension ThreadId(12) [2mzenoh_codec::common::extension[0m[2m:[0m Unknown Test ext: ZExtUnknown { Id: 2, Mandatory: true, Encoding: "ZBuf", Value: ZBuf { slices: [[31, d3, c8, 5f, 3d, 25, 4c, 76, ec, 0e, f6, 0d, bd, 77, 9a, 77, 1e, 46, 6b, f5, 66, b7, fe, 6a, d7, 9e]] } }
[2m2026-09-14T13:36:18.922642Z[0m [31mERROR[0m codec_extension ThreadId(12) [2mzenoh_codec::common::extension[0m[2m:[0m Unknown Test ext: ZExtUnknown { Id: 2, Mandatory: true, Encoding: "ZBuf", Value: ZBuf { slices: [[21, c2, 2f, a3, c5, 79, 3d, 00, ca, e3, 01, 2a, de, 3a, ee, 1d, 0e, 0d, bc, 07, 94, 6f, f4]] } }
[2m2026-09-14T13:36:18.922663Z[0m [31mERROR[0m codec_extension ThreadId(12) [2mzenoh_codec::common::extension[0m[2m:[0m Unknown Test ext: ZExtUnknown { Id: 2, Mandatory: true, Encoding: "ZBuf", Value: ZBuf { slices: [[e3, c8, d9, 95, d5, 59, e9, 43, 40, 9a, fd, 6e, 21, 18, 88, d2, 4f, 8f, e7, 86, 11, 48, 4d, 61, de, 32, 90, 07, 29, c9]] } }
[2m2026-09-14T13:36:18.922687Z[0m [31mERROR[0m codec_extension ThreadId(12) [2mzenoh_codec::common::extension[0m[2m:[0m Unknown Test ext: ZExtUnknown { Id: 2, Mandatory: true, Encoding: "ZBuf", Value: ZBuf { slices: [[72, ab, 48, 17, 9c, 16, 10, 28, d8, c2, 4e, e7, 27, af, 44, 51, fe, a4, 2c, 82, e4, 70, d9, 67, ac, 21, a2, 06, 46, 5b, db, 98, 4f, c4, 07, 34, b3, 9f, 12, cc, 78, 08, e3, 43, a8, 7e, f7, 2c, 4c, a4, e3, 4a, 0d, 13, 09]] } }
[2m2026-09-14T13:36:18.922696Z[0m [31mERROR[0m codec_extension ThreadId(12) [2mzenoh_codec::common::extension[0m[2m:[0m Unknown Test ext: ZExtUnknown { Id: 2, Mandatory: true, Encoding: "ZBuf", Value: ZBuf { slices: [[b8, 4f, 04, 63, 23, 16, 47, 6a, 8f, 58, 66, a4, 88, 81, 2a, 09, ae, 23, c0, fd, a4, b9, 9a, f9, cc, 98, 9b, 1a, e6, 3c, 17, 6b]] } }
[2m2026-09-14T13:36:18.922720Z[0m [31mERROR[0m codec_extension ThreadId(12) [2mzenoh_codec::common::extension[0m[2m:[0m Unknown Test ext: ZExtUnknown { Id: 2, Mandatory: true, Encoding: "ZBuf", Value: ZBuf { slices: [[00, ce, bd, e5, 55, af, 39, f4, 6c, 85, ba, 32, 15, a4, 67, 0f, ec, 18, 96, 45, f7, e8, d4, 71, 64, 04, a2, ee, 72, 20, 05, d6]] } }
[2m2026-09-14T13:36:18.922727Z[0m [31mERROR[0m codec_extension ThreadId(12) [2mzenoh_codec::common::extension[0m[2m:[0m Unknown Test ext: ZExtUnknown { Id: 2, Mandatory: true, Encoding: "ZBuf", Value: ZBuf { slices: [[fd, a6, f2, 67, e2, 89, df, 69, 62, e1, 23]] } }
[2m2026-09-14T13:36:18.922733Z[0m [31mERROR[0m codec_extension ThreadId(12) [2mzenoh_codec::common::extension[0m[2m:[0m Unknown Test ext: ZExtUnknown { Id: 2, Mandatory: true, Encoding: "ZBuf", Value: ZBuf { slices: [[85, 67, bb, 67, 36, 37, 3c, 25, 18, 07, 0e, f2, f7, e0]] } }
[2m2026-09-14T13:36:18.922754Z[0m [31mERROR[0m codec_extension ThreadId(12) [2mzenoh_codec::common::extension[0m[2m:[0m Unknown Test ext: ZExtUnknown { Id: 2, Mandatory: true, Encoding: "ZBuf", Value: ZBuf { slices: [[7c, c8, 04, 6c, cf, e9, 19, d1, 26, 7a, e2, 29, b2, 65, 04, 11, 81, 1d, 18, 0c, 77, 2f, f3, 31, 95, 83, 3a, 59, df, 78, a7, a0, d0, 35, 05, d1, f4, a2, 35, a1, c0, 98, e3, c0]] } }
[2m2026-09-14T13:36:18.922762Z[0m [31mERROR[0m codec_extension ThreadId(12) [2mzenoh_codec::common::extension[0m[2m:[0m Unknown Test ext: ZExtUnknown { Id: 2, Mandatory: true, Encoding: "ZBuf", Value: ZBuf { slices: [[88, 00, 90, f4, 12, 7f, 26, 09, 6d, 6a, 1d, 02, b8, 04, 35, 17, 05]] } }
[2m2026-09-14T13:36:18.922779Z[0m [31mERROR[0m codec_extension ThreadId(12) [2mzenoh_codec::common::extension[0m[2m:[0m Unknown Test ext: ZExtUnknown { Id: 2, Mandatory: true, Encoding: "ZBuf", Value: ZBuf { slices: [[ed, 7e, ee, 44, 2d, b1, db, cc, 31, c1, f1, 7b, d9, 7c, 32, 54, 12, 0b, ee, 5b, 58, 88, 47, 1d, 90, 55, b7, 26, 47, a7, 6b, ac, fa, 14, 7f, ef, f4, dc, 2f, 83, 73, d0, 3a, 0d, a7, 4e, 04, 0f]] } }
[2m2026-09-14T13:36:18.922798Z[0m [31mERROR[0m codec_extension ThreadId(12) [2mzenoh_codec::common::extension[0m[2m:[0m Unknown Test ext: ZExtUnknown { Id: 2, Mandatory: true, Encoding: "ZBuf", Value: ZBuf { slices: [[75, 04, 4b, c1, 42, 4f, 34, 71, f2, 9e, 1a, c9, 77, ed, 92, df, dd, 38, 21, 7f, ea, 9a, 4c, 95, 28, 14, ba, c4, 46, 4b, f4, 10, 63, e0, dc, 8e, 75, 70, 25, e1, 6d, 67, d7, 67, 6a, 71, 8f, 54, 5e, eb, 0c, db, 40, 6a, 96, af, fa, ac, 75, cd, 28, c3, c4, a8]] } }
[2m2026-09-14T13:36:18.922824Z[0m [31mERROR[0m codec_extension ThreadId(12) [2mzenoh_codec::common::extension[0m[2m:[0m Unknown Test ext: ZExtUnknown { Id: 2, Mandatory: true, Encoding: "ZBuf", Value: ZBuf { slices: [[fe, b3, 4f, 24, cd, 75, 1b, 73, 81, d3, 4e, 97, 30, 63, 3e, ec, d5, 07, 14, fb, 2a, 95, 34, ed, ec, 59, 20, de, be, be, 9f, 47, 90, 1b, c2, 85, 81, fd, f5, fb, 20, af, f0, b8, bb, 22, 1d, 19, ff, 02, 3b, ed, 46]] } }
[2m2026-09-14T13:36:18.922846Z[0m [31mERROR[0m codec_extension ThreadId(12) [2mzenoh_codec::common::extension[0m[2m:[0m Unknown Test ext: ZExtUnknown { Id: 2, Mandatory: true, Encoding: "ZBuf", Value: ZBuf { slices: [[c1, c9, 58, a0, 32, 90, 6f, 01, ea, 34, ec, be, d7, 12, fd, d0, 9f, 17, 73, 80, 89, b5]] } }
[2m2026-09-14T13:36:18.922868Z[0m [31mERROR[0m codec_extension ThreadId(12) [2mzenoh_codec::common::extension[0m[2m:[0m Unknown Test ext: ZExtUnknown { Id: 2, Mandatory: true, Encoding: "ZBuf", Value: ZBuf { slices: [[b1, 1f, 07, 38, 98, 69, 8a, 1b, c1, fb, 97, 6f, 94, 58, 9d, bd, ad, 1c, c3, 73, a9, b3, bc, 04, 50, 97, 03, ff, b1, e4, 62, ab, ac, 87, 83, ad, d4, 8c, 71, b7, 9e, 8f, db, 87, e4, 01, b2, 61, 3e, 31, 36, b6, bb, 4c, a5, 16, c9, bb, 98, 02, b2, 6b]] } }
[2m2026-09-14T13:36:18.922894Z[0m [31mERROR[0m codec_extension ThreadId(12) [2mzenoh_codec::common::extension[0m[2m:[0m Unknown Test ext: ZExtUnknown { Id: 2, Mandatory: true, Encoding: "ZBuf", Value: ZBuf { slices: [[a2, 80, 6f, 71, 3d, 27, 3a, fb, 14, 31, a0, c2, 80, 4b, 38, 2a, 49, d5, 3b, fe, 97, b2, 9b, 53, 44, 88, 12, 04, 58, 8e, 29, ab, 9a, f9, c9, 75, 83, 8f, 83, 9d, 52, 19, f3, 89, 58, bc, ac, 36, ba, 72, 52, 67, d3, 49, cf, d0, 24, 78, ad, 64, 75, b2, c9]] } }
[2m2026-09-14T13:36:18.922903Z[0m [31mERROR[0m codec_extension ThreadId(12) [2mzenoh_codec::common::extension[0m[2m:[0m Unknown Test ext: ZExtUnknown { Id: 2, Mandatory: true, Encoding: "ZBuf", Value: ZBuf { slices: [[1f, 0f, a3, 2e, 89, b9, 59, 4b, f6, dc, cb, 69, 3f, ec, 2f, f6, 1a, fb, f1, ca, 6f, ec, 53, 98, 2a, 1a, c4, 61, 3b, b3, 4a, b9, d4, 8d, 36, 1d, c4, bc, a6, 6f, d1, 10, e3, 3b]] } }
[2m2026-09-14T13:36:18.922923Z[0m [31mERROR[0m codec_extension ThreadId(12) [2mzenoh_codec::common::extension[0m[2m:[0m Unknown Test ext: ZExtUnknown { Id: 2, Mandatory: true, Encoding: "ZBuf", Value: ZBuf { slices: [[60, dc, d1, c3, 14, 3f, 3e, fd, 59, 2b, 70, 03, 77, e8, 39, 82, 51, d3, 86, 17, 99, 30, af, f7, 03, b8, 97, c0, 1b, e0, 1a, a4, 82, 7c, c9, 1d, f9, cd, 55, d3, ba, 0d, 9f, 7c, 8d, 47, 0b, 7b, 5d, e2, de, 7f, ea, eb, 35, 91, 83, 72, 9d, 01, e4]] } }
[2m2026-09-14T13:36:18.922949Z[0m [31mERROR[0m codec_extension ThreadId(12) [2mzenoh_codec::common::extension[0m[2m:[0m Unknown Test ext: ZExtUnknown { Id: 2, Mandatory: true, Encoding: "ZBuf", Value: ZBuf { slices: [[2e, 39, 09, 89, 87, 1c, 7e, d2, 3c, 5c, b9, 32, 9d, 6c, 61, b5, 5d, aa, e1, 6c]] } }
[2m2026-09-14T13:36:18.922971Z[0m [31mERROR[0m codec_extension ThreadId(12) [2mzenoh_codec::common::extension[0m[2m:[0m Unknown Test ext: ZExtUnknown { Id: 2, Mandatory: true, Encoding: "ZBuf", Value: ZBuf { slices: [[29, c6, b9, b8, 6e, 5c, 6a, dc, 30, 5c, c1, 51, c6, 76, 7e, 83, e9, a7, 38, 38, 36, 75, 93, e1, 25, 0f, b2, 6f, 7f, 13, c3, 64, a9, 32, e6, 04, 15, da, ef, d7, 03, cf, 44, 4c, 3f, fc, 79, 57, b5, 1f, e2, 04, a4, 2e, 00, 17, 54, ab, 95, 11, d7, f1, e1, ca]] } }
[2m2026-09-14T13:36:18.922978Z[0m [31mERROR[0m codec_extension ThreadId(12) [2mzenoh_codec::common::extension[0m[2m:[0m Unknown Test ext: ZExtUnknown { Id: 2, Mandatory: true, Encoding: "ZBuf", Value: ZBuf { slices: [[9e, 34, 62, e2, cc, 97, e9, c5, 92, 87, 12, 39, 8b, 5c, 37, fb, 90, 60, 4f, e0, 25, 21, dc, b3, 5e]] } }
[2m2026-09-14T13:36:18.922997Z[0m [31mERROR[0m codec_extension ThreadId(12) [2mzenoh_codec::common::extension[0m[2m:[0m Unknown Test ext: ZExtUnknown { Id: 2, Mandatory: true, Encoding: "ZBuf", Value: ZBuf { slices: [[2e, d2, c5, d1, d6, 68, 79, bb, 0f, 56, 02, 69, cd, 3e, a3, 5d, a8, 35, 66, cd, 84, d9, 0f, 59, a3, e2, ff, 13, 7b, 6a, 1a, 3d, ab, 20, 3e, 49, 0f, b6, d7, 48, 37, aa, fa, 5c]] } }
[2m2026-09-14T13:36:18.923023Z[0m [31mERROR[0m codec_extension ThreadId(12) [2mzenoh_codec::common::extension[0m[2m:[0m Unknown Test ext: ZExtUnknown { Id: 2, Mandatory: true, Encoding: "ZBuf", Value: ZBuf { slices: [[20, 5b, 0e, fc, 63, 42, 14, 2d, 57, ae, 6e, f5, 30, 22, 78, fe, 9b, d5, 88, f6, 87, 2d, 67, c5, 6f, 70, 40, 9f, 36, b4, 48, 53, 7d, 02, 52, 51, 00, d1, 9a, d1, a1, eb, d4, c7, 1a, c9, f4, 6e, d3, be, b5, 3f, e7, 25, c2, 26, 0a, e0, 49]] } }
[2m2026-09-14T13:36:18.923030Z[0m [31mERROR[0m codec_extension ThreadId(12) [2mzenoh_codec::common::extension[0m[2m:[0m Unknown Test ext: ZExtUnknown { Id: 2, Mandatory: true, Encoding: "ZBuf", Value: ZBuf { slices: [[57, f9, 63, b0, 55, aa, aa, 70, 81, fb, 39, 45, ad, 67, e1, d5, 8a, a3, d8, e1, 16, 4c, 47, 15, f0, 4e]] } }
[2m2026-09-14T13:36:18.923051Z[0m [31mERROR[0m codec_extension ThreadId(12) [2mzenoh_codec::common::extension[0m[2m:[0m Unknown Test ext: ZExtUnknown { Id: 2, Mandatory: true, Encoding: "ZBuf", Value: ZBuf { slices: [[2e, d1, 0d, 74, c6, 9f, ac, 03, a1, b3, 62, ad, 67, 8f, 58, 91, 70, c5, 54, 09, 16, f1, 0c, 00, d6, 83, 31, f8, 1c, c1, a1, c9]] } }
[2m2026-09-14T13:36:18.923058Z[0m [31mERROR[0m codec_extension ThreadId(12) [2mzenoh_codec::common::extension[0m[2m:[0m Unknown Test ext: ZExtUnknown { Id: 2, Mandatory: true, Encoding: "ZBuf", Value: ZBuf { slices: [[e0, 0f, ae, 43, c8, a6, f4, b4, c0, d4, 52]] } }
[2m2026-09-14T13:36:18.923081Z[0m [31mERROR[0m codec_extension ThreadId(12) [2mzenoh_codec::common::extension[0m[2m:[0m Unknown Test ext: ZExtUnknown { Id: 2, Mandatory: true, Encoding: "ZBuf", Value: ZBuf { slices: [[be, 75, 22, 81, 31, 41, 81, 27, d8, 81, e3, ad, 59, d3, f5, 82, 08, 72, 13, 07, a4, cf, 16, 31, 97, c6, b6, b8, ac, 7f, 39, 5b, 94, 1b, 88, 92, aa, 52, d3, e4, 9a, f5, 99, a2, f2, c6, 79, 04, 8d, 2a, 49, 9e, e9, d1, 61, 71]] } }
[2m2026-09-14T13:36:18.923107Z[0m [31mERROR[0m codec_extension ThreadId(12) [2mzenoh_codec::common::extension[0m[2m:[0m Unknown Test ext: ZExtUnknown { Id: 2, Mandatory: true, Encoding: "ZBuf", Value: ZBuf { slices: [[1d, de, 1d, 97, 15, 1c, 40, 23, 38, 84, 20, 11, d6, c2, 99, 9c, c8, be, 3f, 00, 3d, 17, 13, b7, 04, 6e, ff, a3, 28, df, a8, 1c, ef, 42, f8, b3, 0b, 82, fa, ca, 6a, d2, 2e, dd, 6a, ca, 58, b8, 0f, eb, dc, 3d, 3a, da, 3e, 0f, f5]] } }
[2m2026-09-14T13:36:18.923133Z[0m [31mERROR[0m codec_extension ThreadId(12) [2mzenoh_codec::common::extension[0m[2m:[0m Unknown Test ext: ZExtUnknown { Id: 2, Mandatory: true, Encoding: "ZBuf", Value: ZBuf { slices: [[dc, 6c, 96, 8a, 8b, 6b, ab, 14, 21, 16, 71, d9, cb, c5, cc, ce, ab, 98, 88, 28, 19, 7c, 73, ff, e0, fa, ae, 91, aa, 98, bf, 89, 63, 3b, b7, 3c, 8b, 7f, 42, e3, 34, 8c, c2, 43, a6, 8e, b5, d5, 41, 5e, ec]] } }
[2m2026-09-14T13:36:18.923153Z[0m [31mERROR[0m codec_extension ThreadId(12) [2mzenoh_codec::common::extension[0m[2m:[0m Unknown Test ext: ZExtUnknown { Id: 2, Mandatory: true, Encoding: "ZBuf", Value: ZBuf { slices: [[a4, a3, ab, c0, 15, 88, d3, d4, 2e, da, f2, a7, 55, ef, 37, 01, 48, 6f, 1d, 20, d7, e2, 84, f6, 0f, 4a, 0f, 23, 03, 36, 33, cc, d8, 17, 8e, c3, 4d, d1, d6, db, 4b, 53, 4b, 4d, 70, 7e, bb, e5, 89, 5b, 83, 56, 44, 17, a9, da, 6f, 83, e9, 06, ad, 1d]] } }
[2m2026-09-14T13:36:18.923161Z[0m [31mERROR[0m codec_extension ThreadId(12) [2mzenoh_codec::common::extension[0m[2m:[0m Unknown Test ext: ZExtUnknown { Id: 2, Mandatory: true, Encoding: "ZBuf", Value: ZBuf { slices: [[87, 80, ca, fa, 00, 52, 49, 76, e7, d7, 58, 39, 74, 9c, b8, 51, 7d, 82, 6c, c4, 44, 18, ab, 47, 7b, 8c, 5a, 36, 6c, 8f]] } }
[2m2026-09-14T13:36:18.923185Z[0m [31mERROR[0m codec_extension ThreadId(12) [2mzenoh_codec::common::extension[0m[2m:[0m Unknown Test ext: ZExtUnknown { Id: 2, Mandatory: true, Encoding: "ZBuf", Value: ZBuf { slices: [[bf, 81, 6e, e8, c5, 03, 60, 6a, d1, 37, c3, 42, ac, 0e, 93, 18, fa, 7e, 9d]] } }
[2m2026-09-14T13:36:18.923190Z[0m [31mERROR[0m codec_extension ThreadId(12) [2mzenoh_codec::common::extension[0m[2m:[0m Unknown Test ext: ZExtUnknown { Id: 2, Mandatory: true, Encoding: "ZBuf", Value: ZBuf { slices: [[8c, 68, 51, 6e, 45, eb, a2, 2a, e1, 46, 0f, 14, 51, 3a]] } }
[2m2026-09-14T13:36:18.923195Z[0m [31mERROR[0m codec_extension ThreadId(12) [2mzenoh_codec::common::extension[0m[2m:[0m Unknown Test ext: ZExtUnknown { Id: 2, Mandatory: true, Encoding: "ZBuf", Value: ZBuf { slices: [[e5, 81, 39, 52, 20, d3, 41, be, 50, 72, 92, a0, ce, 5a, 2b, 46, be]] } }
[2m2026-09-14T13:36:18.923215Z[0m [31mERROR[0m codec_extension ThreadId(12) [2mzenoh_codec::common::extension[0m[2m:[0m Unknown Test ext: ZExtUnknown { Id: 2, Mandatory: true, Encoding: "ZBuf", Value: ZBuf { slices: [[75, cd, cc, 33, 70, 25, da, 95, a6, c3, e3, 6d, 80, d7, ed, cd, fe, 7b, a8, ae, cb, 00, e4, 8f, d0, 19, 26, ee, 5b, 9e, 9c, 28, 18, 1f, 5c, 8d, 10, aa, 96, 07, 69, a3, d7, bf, fb, 1f, ac, 3b, 5f, 6b, a1, 25, f8, 2a, 47]] } }
[2m2026-09-14T13:36:18.923240Z[0m [31mERROR[0m codec_extension ThreadId(12) [2mzenoh_codec::common::extension[0m[2m:[0m Unknown Test ext: ZExtUnknown { Id: 2, Mandatory: true, Encoding: "ZBuf", Value: ZBuf { slices: [[27, 4b, 04, ae, 85, 73, 54, 93, 04, 20, 68, c2, eb, 0f, 3a, ca, 8d, 4a, f4, 31, 46, 1d, 3a, c6, f4, 96, 63, fc, 21, 8c, 92, 83, 04, 78, 0d, 49, d2, c6]] } }
[2m2026-09-14T13:36:18.923247Z[0m [31mERROR[0m codec_extension ThreadId(12) [2mzenoh_codec::common::extension[0m[2m:[0m Unknown Test ext: ZExtUnknown { Id: 2, Mandatory: true, Encoding: "ZBuf", Value: ZBuf { slices: [[4e, d1, 75, e7, aa, 35, c1, 87, 25, 3d, f3, f2]] } }
[2m2026-09-14T13:36:18.923253Z[0m [31mERROR[0m codec_extension ThreadId(12) [2mzenoh_codec::common::extension[0m[2m:[0m Unknown Test ext: ZExtUnknown { Id: 2, Mandatory: true, Encoding: "ZBuf", Value: ZBuf { slices: [[8c, 11, b5, 01, 2b, 72, e1, cf, 3b]] } }
[2m2026-09-14T13:36:18.923273Z[0m [31mERROR[0m codec_extension ThreadId(12) [2mzenoh_codec::common::extension[0m[2m:[0m Unknown Test ext: ZExtUnknown { Id: 2, Mandatory: true, Encoding: "ZBuf", Value: ZBuf { slices: [[90, dd, d4, 1c, 04, 14, f1, 8a, 67, d7, 1b, d5, 6a, 02, 59, 00, ed, 22, 8f, 6b, 1a, 01, c2, e8, f6, 14, 84, e0, 1b, 36, f5, 40, af, 63, be, b9, d6, ef, 3f, f9, cb, d1, f8, fc, af, c6, d1, 59, 50, 93]] } }
[2m2026-09-14T13:36:18.923296Z[0m [31mERROR[0m codec_extension ThreadId(12) [2mzenoh_codec::common::extension[0m[2m:[0m Unknown Test ext: ZExtUnknown { Id: 2, Mandatory: true, Encoding: "ZBuf", Value: ZBuf { slices: [[95, 8f, c6, 32, 7f, 5d, 64, 22, 39, 9c, 23, 61, ec, ab, e3, 59, b6, 31, 8a, b6, 90, 9a, 4c, 14, e6, e8, 8d, 47, 78]] } }
[2m2026-09-14T13:36:18.923303Z[0m [31mERROR[0m codec_extension ThreadId(12) [2mzenoh_codec::common::extension[0m[2m:[0m Unknown Test ext: ZExtUnknown { Id: 2, Mandatory: true, Encoding: "ZBuf", Value: ZBuf { slices: [[15, 4d, 25, 70, 7f, 1b, 70, 05, f3, 8b, 37, 08, 16, 94, e1, 0c, f6, 94, a2, 68, ad, 52, 25, f8, af, cb, da, 08, b1, 66, 90, f8, 42, ef, 73, e0, e1, a5, e1, 2f, 64, 11, 03, f0, 29, aa, 68]] } }
[2m2026-09-14T13:36:18.923327Z[0m [31mERROR[0m codec_extension ThreadId(12) [2mzenoh_codec::common::extension[0m[2m:[0m Unknown Test ext: ZExtUnknown { Id: 2, Mandatory: true, Encoding: "ZBuf", Value: ZBuf { slices: [[a4, e0, 55, 5e, a4, 7b, 02, d8, ca, 36, 2e, 5a, 0e, a6, 33, ff, c9, 7c, b3, 95, d2, 25, e9, 79, 12, 1c, 8a, 41, 9a, 42, d5, 74, a8, b7, 8f, 30, 47, 44, 33, 8f]] } }
[2m2026-09-14T13:36:18.923332Z[0m [31mERROR[0m codec_extension ThreadId(12) [2mzenoh_codec::common::extension[0m[2m:[0m Unknown Test ext: ZExtUnknown { Id: 2, Mandatory: true, Encoding: "ZBuf", Value: ZBuf { slices: [[01, 30, 75, 70, 1c, 01, 6d, 55, f9, f3]] } }
[2m2026-09-14T13:36:18.923351Z[0m [31mERROR[0m codec_extension ThreadId(12) [2mzenoh_codec::common::extension[0m[2m:[0m Unknown Test ext: ZExtUnknown { Id: 2, Mandatory: true, Encoding: "ZBuf", Value: ZBuf { slices: [[d6, 17, a1, 57, e1, 02, 14, 3c, ff, 49, 1d, 36, 5e, 47, fb, 1c, af, 4f, 9f, fa, e9, c9, fd, 0c, 08, 2d, 93, 77, f6, c0, f7, d4, c2, 34, 6f, 89, 71, e5, 25, 06, e5, 50, a4, e8, b9, 23, 11]] } }
[2m2026-09-14T13:36:18.923375Z[0m [31mERROR[0m codec_extension ThreadId(12) [2mzenoh_codec::common::extension[0m[2m:[0m Unknown Test ext: ZExtUnknown { Id: 2, Mandatory: true, Encoding: "ZBuf", Value: ZBuf { slices: [[91, bc, ad, a0, 6c, 76, 7a, 51, ac, c4, f9, d6, cf, 31, 22, 34, a3, db, be, 56, 85, a0, fc, d7, 89, 8e, 67]] } }
[2m2026-09-14T13:36:18.923396Z[0m [31mERROR[0m codec_extension ThreadId(12) [2mzenoh_codec::common::extension[0m[2m:[0m Unknown Test ext: ZExtUnknown { Id: 2, Mandatory: true, Encoding: "ZBuf", Value: ZBuf { slices: [[13, 0b, 59, df, d5, 4e, 7a, 99, 20, 40, ac, 07, af, 21, 98, 69, b0, 50, 47, 01, c7, ae, 56, b3, 86, 14, c8, e5, 23, 74, 2d, 27, ff, 46, 2f, a7, ed, 3f, 10, 60, b2, 1a, f3, 83, f7, b3, bb, 8b, 62, c2, 60, 44, 05, d9, db, 4e, 7e, 82, c6, 35]] } }
[2m2026-09-14T13:36:18.923405Z[0m [31mERROR[0m codec_extension ThreadId(12) [2mzenoh_codec::common::extension[0m[2m:[0m Unknown Test ext: ZExtUnknown { Id: 2, Mandatory: true, Encoding: "ZBuf", Value: ZBuf { slices: [[d4, e6, ae, a0, 42, bc, 9b, 7f, 3f, bd, fe, 6a, d5, bd, df, e4, 68, 96, a0, 19, 29, c8, 91, 83]] } }
[2m2026-09-14T13:36:18.923412Z[0m [31mERROR[0m codec_extension ThreadId(12) [2mzenoh_codec::common::extension[0m[2m:[0m Unknown Test ext: ZExtUnknown { Id: 2, Mandatory: true, Encoding: "ZBuf", Value: ZBuf { slices: [[1d, be, 2a, e3, 76, d2, 7f, 4a, 89, 2e, e2, 46, a1, 0a, de]] } }
[2m2026-09-14T13:36:18.923436Z[0m [31mERROR[0m codec_extension ThreadId(12) [2mzenoh_codec::common::extension[0m[2m:[0m Unknown Test ext: ZExtUnknown { Id: 2, Mandatory: true, Encoding: "ZBuf", Value: ZBuf { slices: [[c9, 16, 01, 80, f5, 56, 15, d6, 42, e6, 02, 67, 3a, 65, d1, 54, f1, 9a, 5b, 68, 66, 21, 7b, 1d]] } }
[2m2026-09-14T13:36:18.923460Z[0m [31mERROR[0m codec_extension ThreadId(12) [2mzenoh_codec::common::extension[0m[2m:[0m Unknown Test ext: ZExtUnknown { Id: 2, Mandatory: true, Encoding: "ZBuf", Value: ZBuf { slices: [[a7, 4a, 49, d1, 6b, bd, 6c, 44, 7f, 44, b0, 90, 68, 11, af, d4, 44, c3, f4, e1, 6d, 7d, 8e, 2d, c7, 74, 1d, 8d, a0, f5, 58, ec, 44, bb, e8, 65, 5b, a4, 18, ba, 26, e3, 3a, f1, e8, c3]] } }
[2m2026-09-14T13:36:18.923468Z[0m [31mERROR[0m codec_extension ThreadId(12) [2mzenoh_codec::common::extension[0m[2m:[0m Unknown Test ext: ZExtUnknown { Id: 2, Mandatory: true, Encoding: "ZBuf", Value: ZBuf { slices: [[1b, 1f, 2a, 3c, 64, 41, cb, d5, d2, cb, dd, ac, 15, f3, 5e, c5, b5, 5b, 58, 28, 21, 9b, 4b, 92, 79, a7, 82, bf, b9, 23, 02, 48, b0, 51, e6, 35, 12, 6b, 89, 52, 88, ac, d6, 23, 51, 30, 28, fa, 70, 54, 00, 85, 90]] } }
[2m2026-09-14T13:36:18.923493Z[0m [31mERROR[0m codec_extension ThreadId(12) [2mzenoh_codec::common::extension[0m[2m:[0m Unknown Test ext: ZExtUnknown { Id: 2, Mandatory: true, Encoding: "ZBuf", Value: ZBuf { slices: [[4b, a5, cf, 73, 96, e1, 93, 7e, 20, cb, 0b, 37, 1f, 74, 46, c4, 0c, 56, 76, 65, b1, 91, a5, 26, 95, 5a, c3, f9, a0]] } }
[2m2026-09-14T13:36:18.923517Z[0m [31mERROR[0m codec_extension ThreadId(12) [2mzenoh_codec::common::extension[0m[2m:[0m Unknown Test ext: ZExtUnknown { Id: 2, Mandatory: true, Encoding: "ZBuf", Value: ZBuf { slices: [[6f, b5, b0, c2, d2, 6a, 4d, d1, 88, 16, ea, 5a, 0e, 00, 26, df, 85, 02, b1, 76, 14, 46, 33, 14, 4c, ac, f8, 36, cf, 72, 7c, 7f, 65, 47, de, 4a, e0, 2d, d8, fc, 6c, dc, da, b3, 31, 57, 33, ac, 8f, 94, 36, 9f, 68, 28, 79, 21, f0, 00, 37, 57, ee, 28]] } }
[2m2026-09-14T13:36:18.923542Z[0m [31mERROR[0m codec_extension ThreadId(12) [2mzenoh_codec::common::extension[0m[2m:[0m Unknown Test ext: ZExtUnknown { Id: 2, Mandatory: true, Encoding: "ZBuf", Value: ZBuf { slices: [[43, ad, 19, 61, 20, ba, 1a, 38, 80, ba, 93, f0, 95, 07, b1, ed, 47, 7d, ce, c3, a8, b0, 82, 45, 80, 86, 16, fa, cb, 45, 98, e8, 17, c2, 72, a2, 73, 92, a5, 64, 55, 58, eb, 1b, 5d]] } }
[2m2026-09-14T13:36:18.923548Z[0m [31mERROR[0m codec_extension ThreadId(12) [2mzenoh_codec::common::extension[0m[2m:[0m Unknown Test ext: ZExtUnknown { Id: 2, Mandatory: true, Encoding: "ZBuf", Value: ZBuf { slices: [[d8, aa, 92, 19, 8d, bc, 65, 7e, a4, 61, b2, 24, 15, 01, b4, 4c, c5, 7f, 59, be, 05, 96, bd, fe, ca, 93, e2, de, c5, bc, 00, 27, 14, 11, 82, 37, 4a, 06, 7d, 9f, b0, 3a, 7c, 74, 50, 80, be, 8a]] } }
[2m2026-09-14T13:36:18.923572Z[0m [31mERROR[0m codec_extension ThreadId(12) [2mzenoh_codec::common::extension[0m[2m:[0m Unknown Test ext: ZExtUnknown { Id: 2, Mandatory: true, Encoding: "ZBuf", Value: ZBuf { slices: [[2c, b9, f4, d9, 0b, c8, a4, 0d, ba, 38, 4d, de, 44, 2f, 1f, d1, 4a, 5a, a7, 3d, 0c, 28, 77, 47, 1e, 84, b3, e0, 69, 39, ae, bc, cf, 05, 40, b7, 58, 11, b3, cd, 60, b7, bf, 30, 27, 6f, 20, 2c, d3]] } }
[2m2026-09-14T13:36:18.923597Z[0m [31mERROR[0m codec_extension ThreadId(12) [2mzenoh_codec::common::extension[0m[2m:[0m Unknown Test ext: ZExtUnknown { Id: 2, Mandatory: true, Encoding: "ZBuf", Value: ZBuf { slices: [[ce, 6a, 7d, 87, 93, d8, e9, 7b, 3d, 5d, 94, 03, 8d, 0b, 72, 5c, f3, b8, 93, 07, db, ad, 21, da, 5d, 25, 90, b9, 0d]] } }
[2m2026-09-14T13:36:18.923629Z[0m [31mERROR[0m codec_extension ThreadId(12) [2mzenoh_codec::common::extension[0m[2m:[0m Unknown Test ext: ZExtUnknown { Id: 2, Mandatory: true, Encoding: "ZBuf", Value: ZBuf { slices: [[e2, 79, 4a, 70, 28, 39, 90, f7, 99, 03, e7, 54, 5e, 23, a0, 05, 09, ce, 5c, 01, 12, 0c, 59, 30, b7, dc, e5, 28, 83, 94, a0, cb, 12, 15, 9f, bd, f4, f3, 37, e4, a5, 6f, 36, 0b, 41, e3, 21, 07, 0d, c9, e0, bb, f8, 02, 66, 34, 78, 08, 76, 51, ae]] } }
[2m2026-09-14T13:36:18.923652Z[0m [31mERROR[0m codec_extension ThreadId(12) [2mzenoh_codec::common::extension[0m[2m:[0m Unknown Test ext: ZExtUnknown { Id: 2, Mandatory: true, Encoding: "ZBuf", Value: ZBuf { slices: [[84, 61, 1c, c5, 79, 13, d7, a1, 32, 6c, 4f, 2f, 12, d7, de, cf, 5d, 7a, 19, 6d, 8d, e3, 1b, a8, 6f, 9d, 3f, ad, 4e, b8, 62, 9a, 6f, c3, b3, 72, ec, 78, 6a, 95, 5d, 7f, 37, fd, b7, 2d, 69, fb, a8, 7a, df, c4, f6, a1, 77, 69, b0, 86, cd, 17, 31, a2]] } }
[2m2026-09-14T13:36:18.923659Z[0m [31mERROR[0m codec_extension ThreadId(12) [2mzenoh_codec::common::extension[0m[2m:[0m Unknown Test ext: ZExtUnknown { Id: 2, Mandatory: true, Encoding: "ZBuf", Value: ZBuf { slices: [[52, 46, fe, 5e, 68, 61, 91, 75, 93, 19, db, a2, e8, f6, 3a, 3b]] } }
[2m2026-09-14T13:36:18.923677Z[0m [31mERROR[0m codec_extension ThreadId(12) [2mzenoh_codec::common::extension[0m[2m:[0m Unknown Test ext: ZExtUnknown { Id: 2, Mandatory: true, Encoding: "ZBuf", Value: ZBuf { slices: [[2b, 6e, fb, 0d, a3, fb, 81, cb, 25, 13, 50, b8, 18, e9, 93, 12, 9d, 71, 68, ba, 63, 48, 3d, b5, 5c, 5b, fe, 0a, 51, 3c, e2, 8c, cf, b2, 11, 53, 04, 2c, 58, 7a, e8, 83, 7d, 7c, d5, 16, fb, b5, 96, c4, e0, 95, 15, 5e, 06, dd]] } }
[2m2026-09-14T13:36:18.923684Z[0m [31mERROR[0m codec_extension ThreadId(12) [2mzenoh_codec::common::extension[0m[2m:[0m Unknown Test ext: ZExtUnknown { Id: 2, Mandatory: true, Encoding: "ZBuf", Value: ZBuf { slices: [[29, ce, ec, 8f, 94, ce, 95, 89, 14, 32, 89, d6, 0c, 2b, f0, bd]] } }
[2m2026-09-14T13:36:18.923708Z[0m [31mERROR[0m codec_extension ThreadId(12) [2mzenoh_codec::common::extension[0m[2m:[0m Unknown Test ext: ZExtUnknown { Id: 2, Mandatory: true, Encoding: "ZBuf", Value: ZBuf { slices: [[e8, 61, 29, fb, 1f, 21, 73, a7, 0a, c7, f9]] } }
[2m2026-09-14T13:36:18.923714Z[0m [31mERROR[0m codec_extension ThreadId(12) [2mzenoh_codec::common::extension[0m[2m:[0m Unknown Test ext: ZExtUnknown { Id: 2, Mandatory: true, Encoding: "ZBuf", Value: ZBuf { slices: [[65, 0d, ad, d5, 46, c4, 79, f6, 1f, 90, b1, fd, c9, be, 46, c3, bd, 1b, e2, f1, 56, 0f, f5, 75, 26, 29, 0d, db, 37, 9c, 42, 37]] } }
[2m2026-09-14T13:36:18.923734Z[0m [31mERROR[0m codec_extension ThreadId(12) [2mzenoh_codec::common::extension[0m[2m:[0m Unknown Test ext: ZExtUnknown { Id: 2, Mandatory: true, Encoding: "ZBuf", Value: ZBuf { slices: [[47, ed, e0, fd, bd, eb, bc, 04, 8a, 84, 89, e8, ba, 43, fb, d8, 97, b7, d4, dd, 25, dd, a8, 97, 1a, 19, 8d, 1a, af, 47, 60, b1, 83, 2c, 88, 09, 16, 88, 4b, e0, 76, 11, 87, 81, f1, 4d, 56, e9, 3c, 50, 83, d3, 17]] } }
[2m2026-09-14T13:36:18.923742Z[0m [31mERROR[0m codec_extension ThreadId(12) [2mzenoh_codec::common::extension[0m[2m:[0m Unknown Test ext: ZExtUnknown { Id: 2, Mandatory: true, Encoding: "ZBuf", Value: ZBuf { slices: [[cd, ec, 0f, 29, 8e, 73, 38, db, c4, 55, 7b, 7a, 01, c4, de, 49, 61, ed, 83, 5f, cf, d8, 8c, fe, 93, 67, 2f, c6, 56]] } }
[2m2026-09-14T13:36:18.923766Z[0m [31mERROR[0m codec_extension ThreadId(12) [2mzenoh_codec::common::extension[0m[2m:[0m Unknown Test ext: ZExtUnknown { Id: 2, Mandatory: true, Encoding: "ZBuf", Value: ZBuf { slices: [[03, 2c, 49, df, 00, c8, 39, 8c, 06, d3, fa, 4c, 85, a4, 24, 83, 25, 39, 8c, 14, de, ec, 13, 11, 26, 56, 63, 06, eb, b2, 2e, 88, da]] } }
[2m2026-09-14T13:36:18.923790Z[0m [31mERROR[0m codec_extension ThreadId(12) [2mzenoh_codec::common::extension[0m[2m:[0m Unknown Test ext: ZExtUnknown { Id: 2, Mandatory: true, Encoding: "ZBuf", Value: ZBuf { slices: [[6f, 15, cf, 5e, 4d, 40, 75, a0, 27, 5b, 7d, 29, 8d, 32, 1c, eb, 0c, 1e, 4e, 59, 11, da, 44, b3, 30, 60, bf, 68]] } }
[2m2026-09-14T13:36:18.923795Z[0m [31mERROR[0m codec_extension ThreadId(12) [2mzenoh_codec::common::extension[0m[2m:[0m Unknown Test ext: ZExtUnknown { Id: 2, Mandatory: true, Encoding: "ZBuf", Value: ZBuf { slices: [[ae, c6, 62, 13, 5d, 28, 5c, 5a, 18, da]] } }
[2m2026-09-14T13:36:18.923812Z[0m [31mERROR[0m codec_extension ThreadId(12) [2mzenoh_codec::common::extension[0m[2m:[0m Unknown Test ext: ZExtUnknown { Id: 2, Mandatory: true, Encoding: "ZBuf", Value: ZBuf { slices: [[d5, c0, 94, e7, c0, c1, a1, 1f, d1, f5, a8, 4e, eb, 98, a2, 7a, 2e, 6d, a9, f2, 56, 09, 5e, 3f, 3b, 2f, be, 7f, 20, c3, f6, ce, 29, 53, 8e, 82, 4b, 19, 6f, 75, 72, 28, 56, 76, 0c, 65, 2a, 07, 97, dc, 5a, e3, 65, 15, 01, 2d, b2, cf, dc, 29, 0e, c0]] } }
[2m2026-09-14T13:36:18.923820Z[0m [31mERROR[0m codec_extension ThreadId(12) [2mzenoh_codec::common::extension[0m[2m:[0m Unknown Test ext: ZExtUnknown { Id: 2, Mandatory: true, Encoding: "ZBuf", Value: ZBuf { slices: [[07, c0, 62, 69, e1, 48, f8, b2, a8, 76, 00, 83, 63, 1a, b0, 43, b8, 6e, d4]] } }
[2m2026-09-14T13:36:18.923837Z[0m [31mERROR[0m codec_extension ThreadId(12) [2mzenoh_codec::common::extension[0m[2m:[0m Unknown Test ext: ZExtUnknown { Id: 2, Mandatory: true, Encoding: "ZBuf", Value: ZBuf { slices: [[27, 00, 6b, d5, 74, 29, ec, a5, 05, b4, e5, 56, 18, c5, 04, 12, 0c, 66, 00, 28, f0, 10, 37, 28, 7a, f1, 3e, d7, 48, e8, 10]] } }
[2m2026-09-14T13:36:18.923843Z[0m [31mERROR[0m codec_extension ThreadId(12) [2mzenoh_codec::common::extension[0m[2m:[0m Unknown Test ext: ZExtUnknown { Id: 2, Mandatory: true, Encoding: "ZBuf", Value: ZBuf { slices: [[1c, 9c, b5, 69, 34, 14, 57, ca, 1c, 48, 5f, 7e, 2c, 99, c1, 7c, 4e, b6, ab, ef]] } }
[2m2026-09-14T13:36:18.923860Z[0m [31mERROR[0m codec_extension ThreadId(12) [2mzenoh_codec::common::extension[0m[2m:[0m Unknown Test ext: ZExtUnknown { Id: 2, Mandatory: true, Encoding: "ZBuf", Value: ZBuf { slices: [[20, 4c, ce, 6c, e6, 47, 65, e8, b6, 43, a4, 3e, 0b, 06, 45, fd, 45, 8f, 44, 85, e7, b9, e5, da, 3e, 91, e2, 13, 8f, a2, b0, 56, cb, 3a, ca, 8f, 26, 03, da, 46, 45]] } }
[2m2026-09-14T13:36:18.923881Z[0m [31mERROR[0m codec_extension ThreadId(12) [2mzenoh_codec::common::extension[0m[2m:[0m Unknown Test ext: ZExtUnknown { Id: 2, Mandatory: true, Encoding: "ZBuf", Value: ZBuf { slices: [[f4, 93, a8, e9, 03, 61, 1f, 09, 8d, 8a, ae, d1, 16, 5e, 56, bb, ee, fd, 20, df, 28, 04, 1a, bf, 76, fb, 64, 94, d3, 27, 1e, 29, 25, 61, 27, 8c, 57, d9, 06, 64, 80, 4c, a0, cd, 7d, c4, df, 2f, 24]] } }
[2m2026-09-14T13:36:18.923887Z[0m [31mERROR[0m codec_extension ThreadId(12) [2mzenoh_codec::common::extension[0m[2m:[0m Unknown Test ext: ZExtUnknown { Id: 2, Mandatory: true, Encoding: "ZBuf", Value: ZBuf { slices: [[f4, 83, 3c, 48, 45, 93, fa, e2, 49, 0d, 54, 46, 9e, c7, 27, c2, 75, db, 04, c3, f8, 17, d9, 6c, 0f, 66, 1e, bb, f6, 94]] } }
[2m2026-09-14T13:36:18.923905Z[0m [31mERROR[0m codec_extension ThreadId(12) [2mzenoh_codec::common::extension[0m[2m:[0m Unknown Test ext: ZExtUnknown { Id: 2, Mandatory: true, Encoding: "ZBuf", Value: ZBuf { slices: [[2f, a5, e3, e6, 7c, 33, cd, 4b, 49, 5d, 6b, 9d, 0e, 2d, aa, 3e, f4, 8a, b5, 6b, 29, ad, 0f, 7d, 1b, ac, 97, 56, e1, 1e, 80, fa, 04, e5, 96, c6, 44, ba, 95, 46, e4, ea, d4, 1b, 74, dd, 19, dd, a3, fb, af, 7f, 18, 3d, 83]] } }
[2m2026-09-14T13:36:18.923924Z[0m [31mERROR[0m codec_extension ThreadId(12) [2mzenoh_codec::common::extension[0m[2m:[0m Unknown Test ext: ZExtUnknown { Id: 2, Mandatory: true, Encoding: "ZBuf", Value: ZBuf { slices: [[51, d7, 9b, b3, 2a, a4, 2d, fe, 8e, 1d, 42, 27, b5, 30, 9b, 93, e7, fc, d9, 22, 4b, 42, c9, c9, da, ed, 0b, 8d, fd, e6, b5, 36, 8f, e5, 6d, 98, 8a, fa, 84, b8, ef, 4c, d6, e6, bf, e2, 3b, 84, 28, 05, ec, 35, 4f, 92, a6, c0, de, 1e, e6, b5]] } }
[2m2026-09-14T13:36:18.923943Z[0m [31mERROR[0m codec_extension ThreadId(12) [2mzenoh_codec::common::extension[0m[2m:[0m Unknown Test ext: ZExtUnknown { Id: 2, Mandatory: true, Encoding: "ZBuf", Value: ZBuf { slices: [[af, ae, ab, be, 55, 8f, aa, 0e, c8, 1e, 29, 09, 91, 96, 51, d3, 0f, 97, fd, 3b, 35, ce, 60, 76, 8a, 54, 0b, 22, 90, e3, 9b, f4, 1e, 0c, 78, 3a, 66, d3, 1f, 00, 8f, 96, e4, 07, e0]] } }
[2m2026-09-14T13:36:18.923949Z[0m [31mERROR[0m codec_extension ThreadId(12) [2mzenoh_codec::common::extension[0m[2m:[0m Unknown Test ext: ZExtUnknown { Id: 2, Mandatory: true, Encoding: "ZBuf", Value: ZBuf { slices: [[7a, e4, 28, e9, 66, ef, 38, 6b, af, 61, ee, c0, 9b, 21, fe, 7a, 92, a3, 10, 6d, b4, e3, 80, 66, f1, cf, 9a, 05, f8, 8c, 4b, 71, ee, d4, 33, 9a, 21, d8]] } }
[2m2026-09-14T13:36:18.923967Z[0m [31mERROR[0m codec_extension ThreadId(12) [2mzenoh_codec::common::extension[0m[2m:[0m Unknown Test ext: ZExtUnknown { Id: 2, Mandatory: true, Encoding: "ZBuf", Value: ZBuf { slices: [[42, f0, e4, 82, ce, 4f, 68, 8d, 21, 42, c9, 92, 7d, 81, d1, 1a, de, 12, 2f, d7, 4f, c8, 30, a9, 54, dc, 17, 1b, 9f, 09, a3, 45, 51, 61, 82, 7d, 72, 58, 79, e6, 21, 16, 81, 22, d7, 39, d8, c6, 57, a6, a3, 39, 71, 21, 35]] } }
[2m2026-09-14T13:36:18.923987Z[0m [31mERROR[0m codec_extension ThreadId(12) [2mzenoh_codec::common::extension[0m[2m:[0m Unknown Test ext: ZExtUnknown { Id: 2, Mandatory: true, Encoding: "ZBuf", Value: ZBuf { slices: [[f3, b1, d6, 51, 56, f1, 6b, 39, 01, bc, 45, ec, 8a, 6a, a5, 90, 84, 24, 92, 8b, e7, 40, 02, 88, 57, 5a, 4d, 28, 38, ec, 5c, 16, 39, 3d, 5f, ce, d6]] } }
[2m2026-09-14T13:36:18.924005Z[0m [31mERROR[0m codec_extension ThreadId(12) [2mzenoh_codec::common::extension[0m[2m:[0m Unknown Test ext: ZExtUnknown { Id: 2, Mandatory: true, Encoding: "ZBuf", Value: ZBuf { slices: [[2d, a0, e7, e3, b8, 4b, 4c, dc, b5, f8, f4, bd, 34, 75, bf, 72, dc, 6b, 7d, 04, 7f, 03, 3e, a0, 34, 9c, 39, a5, ea, 2b, 02, df, dd, 7f, a1, 66, c7, 46, 7f, 74, f5, 80, 81]] } }
[2m2026-09-14T13:36:18.924011Z[0m [31mERROR[0m codec_extension ThreadId(12) [2mzenoh_codec::common::extension[0m[2m:[0m Unknown Test ext: ZExtUnknown { Id: 2, Mandatory: true, Encoding: "ZBuf", Value: ZBuf { slices: [[2a, 0f, 8a, 47, d6, 84, bf, 11, 6e]] } }
[2m2026-09-14T13:36:18.924016Z[0m [31mERROR[0m codec_extension ThreadId(12) [2mzenoh_codec::common::extension[0m[2m:[0m Unknown Test ext: ZExtUnknown { Id: 2, Mandatory: true, Encoding: "ZBuf", Value: ZBuf { slices: [[a6, 17, 2e, aa, b1, 71, fb, ba, 46, c1, 7f, 85, 2c, b2, 66, 21, b4, a8, e6, 94, b9, 94, 4d, f9, db, 19, 9c, 66, 33, a3, 84, 0d, 1a, 7a, 42, 18, cd, ac, cd, 2c, 72, ad]] } }
[2m2026-09-14T13:36:18.924034Z[0m [31mERROR[0m codec_extension ThreadId(12) [2mzenoh_codec::common::extension[0m[2m:[0m Unknown Test ext: ZExtUnknown { Id: 2, Mandatory: true, Encoding: "ZBuf", Value: ZBuf { slices: [[0d, 79, 86, 12, 0b, db, b1, e7]] } }
[2m2026-09-14T13:36:18.924038Z[0m [31mERROR[0m codec_extension ThreadId(12) [2mzenoh_codec::common::extension[0m[2m:[0m Unknown Test ext: ZExtUnknown { Id: 2, Mandatory: true, Encoding: "ZBuf", Value: ZBuf { slices: [[45, 3b, 3b, 0a, f8, e4, b5, 21, 55, 7b, 12, 8e, f2, 8e, 55, 02, 77, e7, cb, 02, 50, 0e, 27, b4, 82, a9, ed, 20, 3a, d1, 45, 8b]] } }
[2m2026-09-14T13:36:18.924056Z[0m [31mERROR[0m codec_extension ThreadId(12) [2mzenoh_codec::common::extension[0m[2m:[0m Unknown Test ext: ZExtUnknown { Id: 2, Mandatory: true, Encoding: "ZBuf", Value: ZBuf { slices: [[19, 2c, 09, 65, 3d, c4, 3f, e4, 73, 16, 1b, 22, 1c, f2, 7f, 1f, 46, df, 6c, a9, bf, 58, c9, 7d, 00, f8, 4a, b3, 0a, 37, 1d, c0, 88, 04, 98, d7, 07, 3b, 7e, e5, 6a, 85, 8b, 61, 52, 78, da, 5b, ac, b4, a4, 4c, 9e, 85, 63, 6a, ee, 19, a6, 03, 15, e8, 4a]] } }
[2m2026-09-14T13:36:18.924076Z[0m [31mERROR[0m codec_extension ThreadId(12) [2mzenoh_codec::common::extension[0m[2m:[0m Unknown Test ext: ZExtUnknown { Id: 2, Mandatory: true, Encoding: "ZBuf", Value: ZBuf { slices: [[ba, 5f, bd, 97, 94, 64, 3b, cc, 5d, d6, e5, 4e, 85, 5e, dc, c4, 1a, 27, 76, f1, a8, f4, b4, df, d0, 40, a4, 20, 03, f5, 10, 0f, 97, a8, b2, 8e, e2, 61, e6, 2a, d2, 5b, b8, 70]] } }
[2m2026-09-14T13:36:18.924095Z[0m [31mERROR[0m codec_extension ThreadId(12) [2mzenoh_codec::common::extension[0m[2m:[0m Unknown Test ext: ZExtUnknown { Id: 2, Mandatory: true, Encoding: "ZBuf", Value: ZBuf { slices: [[2a, b3, b9, 1e, d6, 5c, e4, 16, 34, cf, 3f, 14, 43, 9a, e0, c0, 25, 7b, a9, ba, 6d, 24, 6a, c5, ba, 1f, 96, 83, 38, 3b, 5f, da, 23, bc, a6, cd]] } }
[2m2026-09-14T13:36:18.924100Z[0m [31mERROR[0m codec_extension ThreadId(12) [2mzenoh_codec::common::extension[0m[2m:[0m Unknown Test ext: ZExtUnknown { Id: 2, Mandatory: true, Encoding: "ZBuf", Value: ZBuf { slices: [[9a, a0, 14, 2f, 3e, fc, aa, 42, 6d, 71, d1, 6b, 47, b6, aa, 08, 50, b7, 2e, 0e, 53, 8e, cd, 34, b2, e8, 36, 68, 6b, 4f, 8c, b6, 1f, c1, 63, 1c, 13, 3b, 09, 3c, 24, 24, 94, 1a, 90, a3, 89, 4a, 25, 60]] } }
[2m2026-09-14T13:36:18.924119Z[0m [31mERROR[0m codec_extension ThreadId(12) [2mzenoh_codec::common::extension[0m[2m:[0m Unknown Test ext: ZExtUnknown { Id: 2, Mandatory: true, Encoding: "ZBuf", Value: ZBuf { slices: [[31, e0, 2e, 06, c5, e6, fc, b9, 7a, 4e, 90, fd, 8b, 4e, a7, 38, 85, 3c, a5, e6, 5c, 74, 6a, e8, d0, 7a, f2, 7c, 9b, dd, 0c, 8f, 58]] } }
[2m2026-09-14T13:36:18.924138Z[0m [31mERROR[0m codec_extension ThreadId(12) [2mzenoh_codec::common::extension[0m[2m:[0m Unknown Test ext: ZExtUnknown { Id: 2, Mandatory: true, Encoding: "ZBuf", Value: ZBuf { slices: [[5e, 9a, ba, bf, e6, 0b, 37, 8c, 75, 15, c0, b4, af, e3, 9e, f2, cf, d7, 91, f8, 66, 28, d3, 4a, d6, 80, 5a, 53, ec, 71, 84, cb, 2d, 7a, ff, e7, b0, 23, cd, c7, 82, c9, a5, 54, 71, 24, db, 2a, 15, d0, 3b, fb, ab, 5e, 2e, e9]] } }
[2m2026-09-14T13:36:18.924157Z[0m [31mERROR[0m codec_extension ThreadId(12) [2mzenoh_codec::common::extension[0m[2m:[0m Unknown Test ext: ZExtUnknown { Id: 2, Mandatory: true, Encoding: "ZBuf", Value: ZBuf { slices: [[86, 4a, 48, 51, b4, 57, 37, 28, 0f, db, 03, bf, a1, f2, d1, 3b, 2c, 7e, 56, f2, 70, d4, c7, d3, 2a, 1f, 0e, 34, 5d, d8, c8, f6, 9b, b3, aa, 90, 5a, 22, b0, 49, 47, fa, 45, 9e, 93, 5c, 1f, 4d, dd, 23, de, cd, d4, 21, dc, 0c, 15, 24, 8a, 56]] } }
[2m2026-09-14T13:36:18.924177Z[0m [31mERROR[0m codec_extension ThreadId(12) [2mzenoh_codec::common::extension[0m[2m:[0m Unknown Test ext: ZExtUnknown { Id: 2, Mandatory: true, Encoding: "ZBuf", Value: ZBuf { slices: [[eb, dd, 52, fa, e1, 72, 95, eb, 56, ff, 88, fd, 59, 61, f6, 20, 22, a0, 0f, b7, 10, 47, 54, f2, d5, 93, f9, fe, f8, 2a, a9, 46, b0, 68, eb, a0, 4a, 8c]] } }
[2m2026-09-14T13:36:18.924195Z[0m [31mERROR[0m codec_extension ThreadId(12) [2mzenoh_codec::common::extension[0m[2m:[0m Unknown Test ext: ZExtUnknown { Id: 2, Mandatory: true, Encoding: "ZBuf", Value: ZBuf { slices: [[f0, 3b, 76, 2e, a8, b1, e9, 8d, 78, 4e, ff, 42, 59, 2c, 85, be, 8e, 23, 67, b9, c0, 89, a4, 38, 03, 11, b9, 8b, c5, af, 27, 1f, e7, 4d, 4a, 57, 47, 0f, 09, a9, 53, 2a, a4, 54, 22, 54, 47, d5, 04, d0, 08]] } }
[2m2026-09-14T13:36:18.924201Z[0m [31mERROR[0m codec_extension ThreadId(12) [2mzenoh_codec::common::extension[0m[2m:[0m Unknown Test ext: ZExtUnknown { Id: 2, Mandatory: true, Encoding: "ZBuf", Value: ZBuf { slices: [[ea, 12, 54, 31, a8, 77, 5c, 9f, b0, 0e, fe, f1, e0, 17, 0d, cb, 6c, dd, c7, da, 57, e6, ef, d0]] } }
[2m2026-09-14T13:36:18.924219Z[0m [31mERROR[0m codec_extension ThreadId(12) [2mzenoh_codec::common::extension[0m[2m:[0m Unknown Test ext: ZExtUnknown { Id: 2, Mandatory: true, Encoding: "ZBuf", Value: ZBuf { slices: [[96, 30, ff, c3, ac, 88, e9, cb, 54, a6, ec, 14, cf, 6c, 34, e9, cd, c4, a6, 58, 81, 98, 87, ad, 0f, 79, cb, d9, 09, 68, 61, 5f, 78, f9, a7, 11, 01, b8, 50, b6, 85, d2, 8b, ea, 81, dc, 12, a1, 37, 79, a8, 2a, 0d, 8b, 1e]] } }
[2m2026-09-14T13:36:18.924238Z[0m [31mERROR[0m codec_extension ThreadId(12) [2mzenoh_codec::common::extension[0m[2m:[0m Unknown Test ext: ZExtUnknown { Id: 2, Mandatory: true, Encoding: "ZBuf", Value: ZBuf { slices: [[34, 3b, 8b, f4, eb, 3c, 0a, 71, be, 10, 51, ab, df, 6e, 6d, 2b, 57, 59, 5b, 7e, ad, e9, 86, cb, 9b, 74, e7, ae, e4, c4, b5, cc, f8, f4, f9, ec, ca, 05, 69, c1, 92, bf, d9, 2d, a8, a8, 32, 76, 67, af, 42, 38, 62, cc, 4f]] } }
[2m2026-09-14T13:36:18.924244Z[0m [31mERROR[0m codec_extension ThreadId(12) [2mzenoh_codec::common::extension[0m[2m:[0m Unknown Test ext: ZExtUnknown { Id: 2, Mandatory: true, Encoding: "ZBuf", Value: ZBuf { slices: [[9a, fa, 0d, b8, 86, 3f, 68, 0d, a8, 81, 21, 26, 05, 17, 21, 54, d2, b5, 9f, 66, f4, 8b, 40, da, 11, 29, 70, 8a, d1, aa, f8, 06]] } }
[2m2026-09-14T13:36:18.924262Z[0m [31mERROR[0m codec_extension ThreadId(12) [2mzenoh_codec::common::extension[0m[2m:[0m Unknown Test ext: ZExtUnknown { Id: 2, Mandatory: true, Encoding: "ZBuf", Value: ZBuf { slices: [[fc, 51, b0, c3, d1, ed, fb, aa, 7a, e3, a7, b5, 3f]] } }
[2m2026-09-14T13:36:18.924267Z[0m [31mERROR[0m codec_extension ThreadId(12) [2mzenoh_codec::common::extension[0m[2m:[0m Unknown Test ext: ZExtUnknown { Id: 2, Mandatory: true, Encoding: "ZBuf", Value: ZBuf { slices: [[42, f0, f5, 22, 82, f6, 72, d4, a0, c5, a1, aa, b4, 3c, e6, 9d]] } }
[2m2026-09-14T13:36:18.924271Z[0m [31mERROR[0m codec_extension ThreadId(12) [2mzenoh_codec::common::extension[0m[2m:[0m Unknown Test ext: ZExtUnknown { Id: 2, Mandatory: true, Encoding: "ZBuf", Value: ZBuf { slices: [[08, e5, b2, a6, ee, ab, e2, 61, db, 85, 87, 70, 86, 51, 4f, b3, c9, df, fe, 92, 7f, 3f, 13, 3b, fa, e2, 29, d7, d4, 8f, fa, 2a, e2, 21, ab, a7, f5]] } }
[2m2026-09-14T13:36:18.924289Z[0m [31mERROR[0m codec_extension ThreadId(12) [2mzenoh_codec::common::extension[0m[2m:[0m Unknown Test ext: ZExtUnknown { Id: 2, Mandatory: true, Encoding: "ZBuf", Value: ZBuf { slices: [[a6, da, 3d, 54, 6e, 99, 87, c8, be, f0, ba, e6, 62, 4b, b7, 44, 13, 88, b3, 25, 0d, 78, 32, d4, 33, 41, e8, cb]] } }
[2m2026-09-14T13:36:18.924294Z[0m [31mERROR[0m codec_extension ThreadId(12) [2mzenoh_codec::common::extension[0m[2m:[0m Unknown Test ext: ZExtUnknown { Id: 2, Mandatory: true, Encoding: "ZBuf", Value: ZBuf { slices: [[b7, c4, 8e, e6, 9d, be, 14, 89, 62, 87, 3d, 41, 81, 1c, 05, e0, ec, f9, 1f, 68]] } }
[2m2026-09-14T13:36:18.924313Z[0m [31mERROR[0m codec_extension ThreadId(12) [2mzenoh_codec::common::extension[0m[2m:[0m Unknown Test ext: ZExtUnknown { Id: 2, Mandatory: true, Encoding: "ZBuf", Value: ZBuf { slices: [[b6, 90, d3, c6, ff, b7, b2, 16, 01, 0e, 7f, 23, fc, 0d, 16, 4d, e8, 34, 8f, 3d, e4, 70, 39, 9c, e1, ee, 48, 25, 9c, fc, 5e, 1c, 9c, 59, d3, d2, 11, 78, e7, 55, a4, 2e, b9, c5, 3a, 8e, fb]] } }
[2m2026-09-14T13:36:18.924319Z[0m [31mERROR[0m codec_extension ThreadId(12) [2mzenoh_codec::common::extension[0m[2m:[0m Unknown Test ext: ZExtUnknown { Id: 2, Mandatory: true, Encoding: "ZBuf", Value: ZBuf { slices: [[21, aa, 79, 56, 11, 8a, 19, fa, 9c, 18, 12]] } }
[2m2026-09-14T13:36:18.924336Z[0m [31mERROR[0m codec_extension ThreadId(12) [2mzenoh_codec::common::extension[0m[2m:[0m Unknown Test ext: ZExtUnknown { Id: 2, Mandatory: true, Encoding: "ZBuf", Value: ZBuf { slices: [[99, af, 7c, 7a, f4, 22, 77, 5b, 19, c5, 64, ec, 72, 8b, f8, 2e, 69, 9b, 98, 03, 3e, c9, 47, 21, a7, 45, 45, 1e, fc, 1a, 58, f8, 87, 73, 4a, e9, c0, 90, 60, 59, 5c, 1f, 99, 82, d6, ea, bb, 06, 3e, 25, 22, 31, ed, 57, 2a, 1e, ad, 33, b2]] } }
[2m2026-09-14T13:36:18.924356Z[0m [31mERROR[0m codec_extension ThreadId(12) [2mzenoh_codec::common::extension[0m[2m:[0m Unknown Test ext: ZExtUnknown { Id: 2, Mandatory: true, Encoding: "ZBuf", Value: ZBuf { slices: [[aa, d9, 66, 0d, a5, 30, 36, d0, a5, 4a, eb, bb, ca, dd, 6b, e8, 25, 5a, 3a, 6e, f7, 74, 09, 07, 70, 20, d6, 70]] } }
[2m2026-09-14T13:36:18.924373Z[0m [31mERROR[0m codec_extension ThreadId(12) [2mzenoh_codec::common::extension[0m[2m:[0m Unknown Test ext: ZExtUnknown { Id: 2, Mandatory: true, Encoding: "ZBuf", Value: ZBuf { slices: [[db, 1b, e4, b2, 8f, a6, 61, 5b, db, f9, 12, 05, 40, e2, 4c, c3, 87, 44, e9, 06, b4, cd, cb, 8a, cd, c2, c3, 84, de, 9e, c2, c8, 27, e4, 7f, d6, ea, b3, 09, b4, 6e, 40, 84, c4, f1, 2b]] } }
[2m2026-09-14T13:36:18.924379Z[0m [31mERROR[0m codec_extension ThreadId(12) [2mzenoh_codec::common::extension[0m[2m:[0m Unknown Test ext: ZExtUnknown { Id: 2, Mandatory: true, Encoding: "ZBuf", Value: ZBuf { slices: [[57, b7, 79, 07, 26, 35, 33, a7, c1, c6, db, 19, e0, 31, 20, cf, e4, f3, c8, 44, 53, 29, c4, 06, fb, 34, 6e, a4, f0, c7, e2, ed, 60, f7, 66, a3, 67, 26, 39, ec, 83, e8, 28, c7, b2, d9, cc, fc, c1, 23]] } }
[2m2026-09-14T13:36:18.924398Z[0m [31mERROR[0m codec_extension ThreadId(12) [2mzenoh_codec::common::extension[0m[2m:[0m Unknown Test ext: ZExtUnknown { Id: 2, Mandatory: true, Encoding: "ZBuf", Value: ZBuf { slices: [[d7, c4, 61, 67, 8c, 33, bd, 79, db, c4, 38]] } }
[2m2026-09-14T13:36:18.924402Z[0m [31mERROR[0m codec_extension ThreadId(12) [2mzenoh_codec::common::extension[0m[2m:[0m Unknown Test ext: ZExtUnknown { Id: 2, Mandatory: true, Encoding: "ZBuf", Value: ZBuf { slices: [[bd, f0, f6, 73, c0, 60, dc, af, f0, 11, b5, 55, b2, 5a]] } }
[2m2026-09-14T13:36:18.924407Z[0m [31mERROR[0m codec_extension ThreadId(12) [2mzenoh_codec::common::extension[0m[2m:[0m Unknown Test ext: ZExtUnknown { Id: 2, Mandatory: true, Encoding: "ZBuf", Value: ZBuf { slices: [[d1, 40, 7b, f3, 95, a6, a0, 41, ff, c9, e0, 16, 84, 5e, 33, e2, 43, ee, 51, 81, 9f, cd, ea, ee, 03, 63, f7, 7e, f2, 01, 86, 11, 39, 9c, 1d, 66, 2b, 5d, 05]] } }
[2m2026-09-14T13:36:18.924425Z[0m [31mERROR[0m codec_extension ThreadId(12) [2mzenoh_codec::common::extension[0m[2m:[0m Unknown Test ext: ZExtUnknown { Id: 2, Mandatory: true, Encoding: "ZBuf", Value: ZBuf { slices: [[64, 83, 52, a0, c5, 32, 3a, f1, ea, 1a, 29, b0, 61, 57, c7, 1d]] } }
[2m2026-09-14T13:36:18.924443Z[0m [31mERROR[0m codec_extension ThreadId(12) [2mzenoh_codec::common::extension[0m[2m:[0m Unknown Test ext: ZExtUnknown { Id: 2, Mandatory: true, Encoding: "ZBuf", Value: ZBuf { slices: [[6b, 83, f9, 3c, e0, e6, 21, 28, 8c, 01, 8c, ab, 83, 1f, 0d, 79, 06, 6c, 60, 26, 93, 40, 29, f4, 9a, 6b, 8d, 02, 25, e1, d6, f1, 6f, 8e, d8, b7, 99, cd, cf, fe, 14, 73, 11, 8f, 22, 60, af, 27, 76, 71, f0, c6, 49, ae]] } }
[2m2026-09-14T13:36:18.924449Z[0m [31mERROR[0m codec_extension ThreadId(12) [2mzenoh_codec::common::extension[0m[2m:[0m Unknown Test ext: ZExtUnknown { Id: 2, Mandatory: true, Encoding: "ZBuf", Value: ZBuf { slices: [[66, a2, fc, 7a, d3, 5a, 46, fb, 66, b8, 1f, 2c, 7e, 60, b1, 62, 29, fb, ab, 43, 3f, 0d, 91, f2, b5, ac, 44, 42, a4, 46, 72, 1b, 35, 25, bb, 45, 44]] } }
[2m2026-09-14T13:36:18.924469Z[0m [31mERROR[0m codec_extension ThreadId(12) [2mzenoh_codec::common::extension[0m[2m:[0m Unknown Test ext: ZExtUnknown { Id: 2, Mandatory: true, Encoding: "ZBuf", Value: ZBuf { slices: [[8c, be, 9a, 32, 10, 6b, d2, 70, 5e, 6a, 8e, 89, f6, 67, 2e, 41, 2b, 97, 6d, 56, 22, 14, 17]] } }
[2m2026-09-14T13:36:18.924474Z[0m [31mERROR[0m codec_extension ThreadId(12) [2mzenoh_codec::common::extension[0m[2m:[0m Unknown Test ext: ZExtUnknown { Id: 2, Mandatory: true, Encoding: "ZBuf", Value: ZBuf { slices: [[7e, 5a, 4e, 95, 80, 61, 87, 91, 19, 59, 25, 10, e9, 1e, 6c, c8, 1b, 17, 74, 01, 5b, ba, 79, cb, 99, 5f, a0, 8c, 01, 45, 6a, e3, 44, 32, b9, 5f]] } }
[2m2026-09-14T13:36:18.924492Z[0m [31mERROR[0m codec_extension ThreadId(12) [2mzenoh_codec::common::extension[0m[2m:[0m Unknown Test ext: ZExtUnknown { Id: 2, Mandatory: true, Encoding: "ZBuf", Value: ZBuf { slices: [[7e, 59, 23, 6c, 48, 08, 35, 86, 35, e8, 28, bd, df, 67, 8c, fc, d8, d4, bd, 84, de, d7, 14, b7, 2c, 3d, 62, 3d, 13, c1, fd, 6d, 5b, 6f, 32, 25, a8, d7, 47, d5, 11, da, 7d, 53, 46, a4, 1a, 3d]] } }
[2m2026-09-14T13:36:18.924511Z[0m [31mERROR[0m codec_extension ThreadId(12) [2mzenoh_codec::common::extension[0m[2m:[0m Unknown Test ext: ZExtUnknown { Id: 2, Mandatory: true, Encoding: "ZBuf", Value: ZBuf { slices: [[6f, f8, 09, 1f, 4d, 2e, c0, 9e, 7f, 76, 1c, f5, 1c, f0, 41, 41, 9d, 37, 06, 50, 6a, 8b, 93, 2f, da, c5, 6e, c9, 4e, c3, 3a, 55, 30, 82, 39, c8, 5b, 1f, e0, 2f, 1d, 5c, b9, d0, f4, 0c, aa, f5, f9, 04, d0, f5, 2d, 3e, 4c, 48, 11]] } }
[2m2026-09-14T13:36:18.924530Z[0m [31mERROR[0m codec_extension ThreadId(12) [2mzenoh_codec::common::extension[0m[2m:[0m Unknown Test ext: ZExtUnknown { Id: 2, Mandatory: true, Encoding: "ZBuf", Value: ZBuf { slices: [[cc, b9, 20, bb, 02, db, ae, 6a, 42, 88, 93, 03, b7, 85, 34, 4b, f7, 12, ec, 53, d4, 8d, 37, 53, 1d, 19, b8, 79, 3c, c5, 95, 6b, 9e, e8, 40, 22, 64, ad, d2, fd, eb, 0c, 10, bd, ab, 49, 82, 71, 30, 45, 1c, f5, e7, fd]] } }
[2m2026-09-14T13:36:18.924550Z[0m [31mERROR[0m codec_extension ThreadId(12) [2mzenoh_codec::common::extension[0m[2m:[0m Unknown Test ext: ZExtUnknown { Id: 2, Mandatory: true, Encoding: "ZBuf", Value: ZBuf { slices: [[23, 4f, 50, 20, 6b, b3, 4b, f9, 10, b2, 62, 88, b1, 59, bc, 1a, 12, 7b, 47, 47, 32, 05, 4a, 1b, 95, 05, 75, 5f, 23, ee, 54, 0f, ae, cd, bb]] } }
[2m2026-09-14T13:36:18.924555Z[0m [31mERROR[0m codec_extension ThreadId(12) [2mzenoh_codec::common::extension[0m[2m:[0m Unknown Test ext: ZExtUnknown { Id: 2, Mandatory: true, Encoding: "ZBuf", Value: ZBuf { slices: [[d2, d6, 82, 2b, 52, 00, 42, 16, 7e, dc, 67, 79, 00, 73, 04, 93, a6, 86, 03, 9b, 8d, f1, 11]] } }
[2m2026-09-14T13:36:18.924573Z[0m [31mERROR[0m codec_extension ThreadId(12) [2mzenoh_codec::common::extension[0m[2m:[0m Unknown Test ext: ZExtUnknown { Id: 2, Mandatory: true, Encoding: "ZBuf", Value: ZBuf { slices: [[d2, 9b, 77, 35, 12, 4f, 3c, e6, ad, e8, 51, 78, bd, 7b, 0b, 92, 91, bd, 96, 4c, 1e, b8, 61, 45, b2, 0a, e1, 32, aa, e0, 5d, 8e, 20]] } }
[2m2026-09-14T13:36:18.924578Z[0m [31mERROR[0m codec_extension ThreadId(12) [2mzenoh_codec::common::extension[0m[2m:[0m Unknown Test ext: ZExtUnknown { Id: 2, Mandatory: true, Encoding: "ZBuf", Value: ZBuf { slices: [[81, f4, 69, cb, 47, cf, d4, 33, a7, c8, 3a, 04, 11, f9, c9, 74, 6b, da, 2d, 8d, c1, bb, a7, a2, 0e, 8a, 93, b5, 50, 4a, 64, ac]] } }
[2m2026-09-14T13:36:18.924583Z[0m [31mERROR[0m codec_extension ThreadId(12) [2mzenoh_codec::common::extension[0m[2m:[0m Unknown Test ext: ZExtUnknown { Id: 2, Mandatory: true, Encoding: "ZBuf", Value: ZBuf { slices: [[45, 9c, 66, b5, af, a1, 40, d7, 36, be, bf, 5d, 56, e0, 1d, 33, 2d, dd, 09, 49, 8d, 70]] } }
[2m2026-09-14T13:36:18.924602Z[0m [31mERROR[0m codec_extension ThreadId(12) [2mzenoh_codec::common::extension[0m[2m:[0m Unknown Test ext: ZExtUnknown { Id: 2, Mandatory: true, Encoding: "ZBuf", Value: ZBuf { slices: [[27, cd, 24, 61, 09, ac, 59, ff, b0, 06, c9, c9, d3, 01, 02, 39, af, 5c, e4, be, d2, 35, ae, 5b, d8, 72, 82, ad, 1f, 3e, 65, 57, 7f, e5, 06, 24, 85, b2, 60, 0e]] } }
[2m2026-09-14T13:36:18.924631Z[0m [31mERROR[0m codec_extension ThreadId(12) [2mzenoh_codec::common::extension[0m[2m:[0m Unknown Test ext: ZExtUnknown { Id: 2, Mandatory: true, Encoding: "ZBuf", Value: ZBuf { slices: [[76, 10, 6e, 26, 4c, 45, 69, 32, 34, 4b, ae, c7, 32, ee, 7d, b0, ef, 65, 6a, 0c, 23, 6a, 70, 02, 6c]] } }
[2m2026-09-14T13:36:18.924636Z[0m [31mERROR[0m codec_extension ThreadId(12) [2mzenoh_codec::common::extension[0m[2m:[0m Unknown Test ext: ZExtUnknown { Id: 2, Mandatory: true, Encoding: "ZBuf", Value: ZBuf { slices: [[11, 3d, 6e, 73, a5, 4a, e1, 03, c7, 81, 45, c0, e4, 65, cc, d7, 40, 05, 59, 34, 6a, 8c, dd, 6e, ed, c1, a2, aa, 89, 9a, e1, 1a, 26, 08, 4f, e9, 59, 23, 86]] } }
[2m2026-09-14T13:36:18.924655Z[0m [31mERROR[0m codec_extension ThreadId(12) [2mzenoh_codec::common::extension[0m[2m:[0m Unknown Test ext: ZExtUnknown { Id: 2, Mandatory: true, Encoding: "ZBuf", Value: ZBuf { slices: [[70, 21, 26, ec, 09, 4c, 1f, e3, 50, 1d, 11, 98, a5, 8b, a7, 99, a1, 6c, 35, e9, 0e, 33, 8a]] } }
[2m2026-09-14T13:36:18.924660Z[0m [31mERROR[0m codec_extension ThreadId(12) [2mzenoh_codec::common::extension[0m[2m:[0m Unknown Test ext: ZExtUnknown { Id: 2, Mandatory: true, Encoding: "ZBuf", Value: ZBuf { slices: [[b2, a4, 33, 09, e6, 30, a8, 4d, 40, 2e, 7c, 93, d7, 5a, 46, 87, f4, 69, 1b, e7, 7a, 9f, 60, a3, 78, 74, 21, 39, fa, d3, 61, b0, a9, f0, c4, df, ff, a5, c2, 95, c5, 95, 62, fc, 67, 49, 8e, 77, 2b, 8d]] } }
[2m2026-09-14T13:36:18.924679Z[0m [31mERROR[0m codec_extension ThreadId(12) [2mzenoh_codec::common::extension[0m[2m:[0m Unknown Test ext: ZExtUnknown { Id: 2, Mandatory: true, Encoding: "ZBuf", Value: ZBuf { slices: [[2c, ee, 78, a0, e5, df, 3d, 7d, 58, 09, af, 1d, 2f, 66, 2d, 83, 37, 33, 92, f1, f6, 93, ed, 01, bb, 85, 2f, d4, 72, 8a, c6, 8a, 83, d3, fb, 2f, 6c, ac, 8c, 16]] } }
[2m2026-09-14T13:36:18.924698Z[0m [31mERROR[0m codec_extension ThreadId(12) [2mzenoh_codec::common::extension[0m[2m:[0m Unknown Test ext: ZExtUnknown { Id: 2, Mandatory: true, Encoding: "ZBuf", Value: ZBuf { slices: [[ef, 47, 51, b1, a6, b9, 13, ba, a3, 91, 7f, eb, 53, ae, 95, 30, a6, 87, 8a, ec, 24, c5, 02, 1e, 3f, 53, 41, ce, c0, 0a, 92, 92, 71, 07, 6e, 50, 0b, 77, 8d, 97, 78, 5a, f4, 55, 55, e1, f6, c0, 31]] } }
[2m2026-09-14T13:36:18.924716Z[0m [31mERROR[0m codec_extension ThreadId(12) [2mzenoh_codec::common::extension[0m[2m:[0m Unknown Test ext: ZExtUnknown { Id: 2, Mandatory: true, Encoding: "ZBuf", Value: ZBuf { slices: [[34, 3e, 88, 7f, 1e, d7, 93, fa, 54, 11, fa, aa, 51, b9, dd, af, c3, 81, 26, 5d, 42, c1, 7d, d0, cf, 5f, a1, c9, ae, d2, d9, 24, 1c, ee, 45, 99, 9d, d9, b3, 45, ac, c7, 62, 13, c1, 58]] } }
[2m2026-09-14T13:36:18.924735Z[0m [31mERROR[0m codec_extension ThreadId(12) [2mzenoh_codec::common::extension[0m[2m:[0m Unknown Test ext: ZExtUnknown { Id: 2, Mandatory: true, Encoding: "ZBuf", Value: ZBuf { slices: [[ac, f9, 82, fa, f6, ce, e2, eb, 07, 08, 47, 62, 66, fa, d1, d5, 0f, 1b, 90, 1a, 9c, 9e, f9, cd, a8, 00, b1, d5, 76, e9, 53, e0, 57, 79, ae, 2c, 8c, 14, 62, a4, ca, f6, a9, 00, 42, c4, 2f, 45, e4, 60, 3b, 7f, cd, 94, 6a, 44, 68, f2, 4b, 8c, 26, 16]] } }
[2m2026-09-14T13:36:18.924742Z[0m [31mERROR[0m codec_extension ThreadId(12) [2mzenoh_codec::common::extension[0m[2m:[0m Unknown Test ext: ZExtUnknown { Id: 2, Mandatory: true, Encoding: "ZBuf", Value: ZBuf { slices: [[59, 90, 87, 55, 34, d0, df, cc, 3a, 8f, 94, f8, 61, db, 76, a7, 9d, a8, 59, 44, 77, f1, 27, d7, d9, ac, c2, d2, c8, a0, 9d, 2a, fa, 8e, aa]] } }
[2m2026-09-14T13:36:18.924760Z[0m [31mERROR[0m codec_extension ThreadId(12) [2mzenoh_codec::common::extension[0m[2m:[0m Unknown Test ext: ZExtUnknown { Id: 2, Mandatory: true, Encoding: "ZBuf", Value: ZBuf { slices: [[70, 54, 74, e5, d1, 0b, 86, d3, d6, b1, 18, 53, 92, 21, 5d, 22, 76, 72, cb, a4, de, fc, 0f, 32, 59, 98, 1b, a5, 84, 94, 60, 76, 98, 7b, 0b, 78, 1a, 24, 8f, d5, 63, 2b, ea, a0, 55, 15, 48, 95, f4, 8d, 35, a0]] } }
[2m2026-09-14T13:36:18.924779Z[0m [31mERROR[0m codec_extension ThreadId(12) [2mzenoh_codec::common::extension[0m[2m:[0m Unknown Test ext: ZExtUnknown { Id: 2, Mandatory: true, Encoding: "ZBuf", Value: ZBuf { slices: [[79, 07, a8, 03, ef, 92, 5f, 4b, f7, dd, 40, 32, 19, e4, aa, 96, cb, cf, 6a, f8, ad, e5, 40, 9c, c7, ff, d4, a8, f8, 4a, 1e]] } }
[2m2026-09-14T13:36:18.924785Z[0m [31mERROR[0m codec_extension ThreadId(12) [2mzenoh_codec::common::extension[0m[2m:[0m Unknown Test ext: ZExtUnknown { Id: 2, Mandatory: true, Encoding: "ZBuf", Value: ZBuf { slices: [[09, 44, ff, fb, 4a, 8b, ae, 17, fe, 3f, 47, 96, bc, 3d, ae, 6e, 14, de, f2, 07, aa, f4, 9d, 29, 74, 9d, 66, 48, 18, a3]] } }
[2m2026-09-14T13:36:18.924803Z[0m [31mERROR[0m codec_extension ThreadId(12) [2mzenoh_codec::common::extension[0m[2m:[0m Unknown Test ext: ZExtUnknown { Id: 2, Mandatory: true, Encoding: "ZBuf", Value: ZBuf { slices: [[ce, 7a, 27, 5a, 1d, b1, a1, 73, 54, 52, 31, 0b, fc, 8e, 22, 19, 67, cf, 8f, ab, e7, 1d, c0, 76, 04, a7, 2f, 97, 9c, 77, 36]] } }
[2m2026-09-14T13:36:18.924808Z[0m [31mERROR[0m codec_extension ThreadId(12) [2mzenoh_codec::common::extension[0m[2m:[0m Unknown Test ext: ZExtUnknown { Id: 2, Mandatory: true, Encoding: "ZBuf", Value: ZBuf { slices: [[3c, a0, b5, 5a, 07, 4f, 32, b2, 47, 8f]] } }
[2m2026-09-14T13:36:18.924825Z[0m [31mERROR[0m codec_extension ThreadId(12) [2mzenoh_codec::common::extension[0m[2m:[0m Unknown Test ext: ZExtUnknown { Id: 2, Mandatory: true, Encoding: "ZBuf", Value: ZBuf { slices: [[06, e1, 07, 57, 32, e8, d5, 0f, e4, 96, cc, 13, c3, a6, 35, fc, 24, 43, 3d, b3, c2, ea, 3c, 7a, cc, 4d, ae, 73, d9, c2, 11, 14, 7b, 96, 52, 8e, 3f, e3, 11, 2e, 99, 7b]] } }
[2m2026-09-14T13:36:18.924830Z[0m [31mERROR[0m codec_extension ThreadId(12) [2mzenoh_codec::common::extension[0m[2m:[0m Unknown Test ext: ZExtUnknown { Id: 2, Mandatory: true, Encoding: "ZBuf", Value: ZBuf { slices: [[26, 02, 4f, e6, 0e, 3f, 5c, 58, 23, ea, 68, 14, 61, 66]] } }
[2m2026-09-14T13:36:18.924834Z[0m [31mERROR[0m codec_extension ThreadId(12) [2mzenoh_codec::common::extension[0m[2m:[0m Unknown Test ext: ZExtUnknown { Id: 2, Mandatory: true, Encoding: "ZBuf", Value: ZBuf { slices: [[0b, e8, 33, 53, 16, 60, 09, 10, d1, 45, 2a, 31, a3, 6e, 10, 34, ef, 6f, f9, a8, 4c, 1e]] } }
[2m2026-09-14T13:36:18.924852Z[0m [31mERROR[0m codec_extension ThreadId(12) [2mzenoh_codec::common::extension[0m[2m:[0m Unknown Test ext: ZExtUnknown { Id: 2, Mandatory: true, Encoding: "ZBuf", Value: ZBuf { slices: [[74, 6c, 12, 9b, 45, f6, 1d, bd, e5, 3a, 10, 48, 76, 01, 1f, 00, 7d, a1, 96, f3, d6, 27, 67, 44, 38, 78, c4, 64, 80, b6, c4, 1e, bb, 21, 48]] } }
[2m2026-09-14T13:36:18.927881Z[0m [31mERROR[0m codec_extension ThreadId(12) [2mzenoh_codec::common::extension[0m[2m:[0m Unknown Test ext: ZExtUnknown { Id: 14, Mandatory: true, Encoding: "Unit" }
[2m2026-09-14T13:36:18.927893Z[0m [31mERROR[0m codec_extension ThreadId(12) [2mzenoh_codec::common::extension[0m[2m:[0m Unknown Test ext: ZExtUnknown { Id: 0, Mandatory: true, Encoding: "Unit" }
[2m2026-09-14T13:36:18.927934Z[0m [31mERROR[0m codec_extension ThreadId(12) [2mzenoh_codec::common::extension[0m[2m:[0m Unknown Test ext: ZExtUnknown { Id: 1, Mandatory: true, Encoding: "ZBuf", Value: ZBuf { slices: [[61, ba, 8f, 8b, ff, 0f, d9, c6, 80, 6f, 42, 23, f2, 09, 9b, 26, b5, 86, 79, 78, 61, 3a, 3d, 5a, 0c, 58, 9d, 8e, 15, df, 85, a6]] } }
[2m2026-09-14T13:36:18.927977Z[0m [31mERROR[0m codec_extension ThreadId(12) [2mzenoh_codec::common::extension[0m[2m:[0m Unknown Test ext: ZExtUnknown { Id: 5, Mandatory: true, Encoding: "Z64", Value: 7002458770603608567 }
[2m2026-09-14T13:36:18.927998Z[0m [31mERROR[0m codec_extension ThreadId(12) [2mzenoh_codec::common::extension[0m[2m:[0m Unknown Test ext: ZExtUnknown { Id: 13, Mandatory: true, Encoding: "Unit" }
[2m2026-09-14T13:36:18.928022Z[0m [31mERROR[0m codec_extension ThreadId(12) [2mzenoh_codec::common::extension[0m[2m:[0m Unknown Test ext: ZExtUnknown { Id: 14, Mandatory: true, Encoding: "Z64", Value: 5417555682743071160 }
[2m2026-09-14T13:36:18.928045Z[0m [31mERROR[0m codec_extension ThreadId(12) [2mzenoh_codec::common::extension[0m[2m:[0m Unknown Test ext: ZExtUnknown { Id: 2, Mandatory: true, Encoding: "Z64", Value: 8637550180277030862 }
[2m2026-09-14T13:36:18.928069Z[0m [31mERROR[0m codec_extension ThreadId(12) [2mzenoh_codec::common::extension[0m[2m:[0m Unknown Test ext: ZExtUnknown { Id: 10, Mandatory: true, Encoding: "Unit" }
[2m2026-09-14T13:36:18.928074Z[0m [31mERROR[0m codec_extension ThreadId(12) [2mzenoh_codec::common::extension[0m[2m:[0m Unknown Test ext: ZExtUnknown { Id: 7, Mandatory: true, Encoding: "Unit" }
[2m2026-09-14T13:36:18.928134Z[0m [31mERROR[0m codec_extension ThreadId(12) [2mzenoh_codec::common::extension[0m[2m:[0m Unknown Test ext: ZExtUnknown { Id: 12, Mandatory: true, Encoding: "ZBuf", Value: ZBuf { slices: [[59, dd, 3e, 7c, 84, 81, fc, 11, 8f, 56, 9b]] } }
[2m2026-09-14T13:36:18.928156Z[0m [31mERROR[0m codec_extension ThreadId(12) [2mzenoh_codec::common::extension[0m[2m:[0m Unknown Test ext: ZExtUnknown { Id: 6, Mandatory: true, Encoding: "ZBuf", Value: ZBuf { slices: [[61, 2c, a1, 61, 56, b8, 8e, f7, 80, ab, f7, 63, 14, ce, af, 78, 06, 75, fe, 12, 04, e5, c5, 64, 7f, 59, f5, 18, ac, 6e, a7, 51, 48, bf, 37, 06, ea, 79, dd, 0e, a8, 09, 6b, ec, c0, 8f, aa]] } }
[2m2026-09-14T13:36:18.928199Z[0m [31mERROR[0m codec_extension ThreadId(12) [2mzenoh_codec::common::extension[0m[2m:[0m Unknown Test ext: ZExtUnknown { Id: 4, Mandatory: true, Encoding: "ZBuf", Value: ZBuf { slices: [[ca, 54, f5, 04, f9, 52, 06, e7, 8d, 4e, a0, 3a, 80, 83, 50, 3a, de, 16, 36, 23, 82, f1, 06, 54, b3, ed, 67, 6f, 05, b0, ef, 32, 8d, c6, 75, 48, 26, 65, ce, ab, 14, 0f, 72]] } }
[2m2026-09-14T13:36:18.928257Z[0m [31mERROR[0m codec_extension ThreadId(12) [2mzenoh_codec::common::extension[0m[2m:[0m Unknown Test ext: ZExtUnknown { Id: 1, Mandatory: true, Encoding: "Z64", Value: 10530084069851865820 }
[2m2026-09-14T13:36:18.928281Z[0m [31mERROR[0m codec_extension ThreadId(12) [2mzenoh_codec::common::extension[0m[2m:[0m Unknown Test ext: ZExtUnknown { Id: 1, Mandatory: true, Encoding: "ZBuf", Value: ZBuf { slices: [[86, 4a, 2e, d1, 17, 2d, a2, 62, 9e, 21]] } }
[2m2026-09-14T13:36:18.928300Z[0m [31mERROR[0m codec_extension ThreadId(12) [2mzenoh_codec::common::extension[0m[2m:[0m Unknown Test ext: ZExtUnknown { Id: 15, Mandatory: true, Encoding: "Unit" }
[2m2026-09-14T13:36:18.928337Z[0m [31mERROR[0m codec_extension ThreadId(12) [2mzenoh_codec::common::extension[0m[2m:[0m Unknown Test ext: ZExtUnknown { Id: 14, Mandatory: true, Encoding: "Unit" }
[2m2026-09-14T13:36:18.928375Z[0m [31mERROR[0m codec_extension ThreadId(12) [2mzenoh_codec::common::extension[0m[2m:[0m Unknown Test ext: ZExtUnknown { Id: 1, Mandatory: true, Encoding: "ZBuf", Value: ZBuf { slices: [[51, 51, 5d, c7, 68, e4, f6, 68, ab, 9a, 6f, 48, 1c, aa, fb, c1, d5, c0, 0e, b9, d3, d3, 38, 44, bf, 41, 8b, 29, 2d, a0, 91, b1, cf, f6, 87, c3, db, 2a, fa, c9, 6a]] } }
[2m2026-09-14T13:36:18.928419Z[0m [31mERROR[0m codec_extension ThreadId(12) [2mzenoh_codec::common::extension[0m[2m:[0m Unknown Test ext: ZExtUnknown { Id: 1, Mandatory: true, Encoding: "Z64", Value: 10260046642199376085 }
[2m2026-09-14T13:36:18.928439Z[0m [31mERROR[0m codec_extension ThreadId(12) [2mzenoh_codec::common::extension[0m[2m:[0m Unknown Test ext: ZExtUnknown { Id: 1, Mandatory: true, Encoding: "Unit" }
[2m2026-09-14T13:36:18.928444Z[0m [31mERROR[0m codec_extension ThreadId(12) [2mzenoh_codec::common::extension[0m[2m:[0m Unknown Test ext: ZExtUnknown { Id: 10, Mandatory: true, Encoding: "Unit" }
[2m2026-09-14T13:36:18.928480Z[0m [31mERROR[0m codec_extension ThreadId(12) [2mzenoh_codec::common::extension[0m[2m:[0m Unknown Test ext: ZExtUnknown { Id: 6, Mandatory: true, Encoding: "Unit" }
[2m2026-09-14T13:36:18.928499Z[0m [31mERROR[0m codec_extension ThreadId(12) [2mzenoh_codec::common::extension[0m[2m:[0m Unknown Test ext: ZExtUnknown { Id: 1, Mandatory: true, Encoding: "ZBuf", Value: ZBuf { slices: [[8e, df, 83, 2c, 1f, 32, 4e, 03, f5, 7b, fd, a4, 7d, 02, 0e, 49, 79, 10, 44, 77, 7a, 90, d9, 93, 39, e2, e9, 10, 87, 90, a5, ea, 28, 9f, fb, 3d, 8d, 4f, 43, d9, 8e, 39, 1e, 6c, b5, cd, 4e, 81, 4c, 98, be, f1]] } }
[2m2026-09-14T13:36:18.928524Z[0m [31mERROR[0m codec_extension ThreadId(12) [2mzenoh_codec::common::extension[0m[2m:[0m Unknown Test ext: ZExtUnknown { Id: 5, Mandatory: true, Encoding: "ZBuf", Value: ZBuf { slices: [[c5, 8f, ce, b1, 64, 94, 21, 61, 1d, 5f, e7, de, f4, 91, 78, ba, 8c, ce, 30, 0a, bf, 31, 9a, 5d, a8, 34, 6b, 77, 10, a2, cd, ec, 8f, e5, f5, dd, 2f, e7, 16, a5, 79, ea, d1, a4, a6, fa, eb, 79, 1a, 5a, bb, ed, b0, d3, 9b]] } }
[2m2026-09-14T13:36:18.928548Z[0m [31mERROR[0m codec_extension ThreadId(12) [2mzenoh_codec::common::extension[0m[2m:[0m Unknown Test ext: ZExtUnknown { Id: 14, Mandatory: true, Encoding: "Z64", Value: 18326793897739147595 }
[2m2026-09-14T13:36:18.928590Z[0m [31mERROR[0m codec_extension ThreadId(12) [2mzenoh_codec::common::extension[0m[2m:[0m Unknown Test ext: ZExtUnknown { Id: 9, Mandatory: true, Encoding: "Z64", Value: 5601132771402998496 }
[2m2026-09-14T13:36:18.928621Z[0m [31mERROR[0m codec_extension ThreadId(12) [2mzenoh_codec::common::extension[0m[2m:[0m Unknown Test ext: ZExtUnknown { Id: 7, Mandatory: true, Encoding: "ZBuf", Value: ZBuf { slices: [[34, e5, 6b, d9, e5, b4, 55, 66, a1, 56, ee]] } }
[2m2026-09-14T13:36:18.928645Z[0m [31mERROR[0m codec_extension ThreadId(12) [2mzenoh_codec::common::extension[0m[2m:[0m Unknown Test ext: ZExtUnknown { Id: 3, Mandatory: true, Encoding: "Unit" }
[2m2026-09-14T13:36:18.928650Z[0m [31mERROR[0m codec_extension ThreadId(12) [2mzenoh_codec::common::extension[0m[2m:[0m Unknown Test ext: ZExtUnknown { Id: 1, Mandatory: true, Encoding: "ZBuf", Value: ZBuf { slices: [[79, d5, 85, ab, e9, e3, 1f, 7d, fc, 0d, 44, 9e, 30, 16, 52, 05, 0d, 33, 07, 9c, 11, b3, fb, 40, e8, 03, 53, 15, 94, 2a, f3, be, df, 99, 64, 0c, 71, 24, 9f, 98, 92, 2d, 1c, cc]] } }
[2m2026-09-14T13:36:18.928692Z[0m [31mERROR[0m codec_extension ThreadId(12) [2mzenoh_codec::common::extension[0m[2m:[0m Unknown Test ext: ZExtUnknown { Id: 14, Mandatory: true, Encoding: "Unit" }
[2m2026-09-14T13:36:18.928730Z[0m [31mERROR[0m codec_extension ThreadId(12) [2mzenoh_codec::common::extension[0m[2m:[0m Unknown Test ext: ZExtUnknown { Id: 15, Mandatory: true, Encoding: "ZBuf", Value: ZBuf { slices: [[c4, d3, 5b, 10, 13, 58, cd, 5f, 5d, c0, 39, ee, dd, 37, 5a, 8a, 58, a7, e9, f8, ac, f0, bb, 7b, 15, ea, 65, 8c, bc, 67, ca, e6, 69, 8e, 6d]] } }
[2m2026-09-14T13:36:18.928788Z[0m [31mERROR[0m codec_extension ThreadId(12) [2mzenoh_codec::common::extension[0m[2m:[0m Unknown Test ext: ZExtUnknown { Id: 10, Mandatory: true, Encoding: "ZBuf", Value: ZBuf { slices: [[66, 55, 3f, 3b, 6c, 4e, 9c, fc, 30, 72, 0c, e2, 44, 76, db, 63, a4, 18, d8, 39, 5a, 2a, 77, 67, 1c, 69, 56, 9f, 7a, 8b, e1, e8, 8f, c4, 7b, 08, 62, fe, f1, 87, 64, 37, b7, b3, c9, 47, 2b, 52, e0, 31, ed, f8, 04, 6a, 07, e1, 09, bc]] } }
[2m2026-09-14T13:36:18.928797Z[0m [31mERROR[0m codec_extension ThreadId(12) [2mzenoh_codec::common::extension[0m[2m:[0m Unknown Test ext: ZExtUnknown { Id: 5, Mandatory: true, Encoding: "ZBuf", Value: ZBuf { slices: [[a0, 3c, 73, f3, 10, cd, 98, 3e, 95, 0e, dd, 86, 16, 3c, bd, 01, e0, 3b, fd, 39, 44, 4b, bb, 04, 4d, a1, 39, 14, 34, be, 34, c9, 2a, cd, b6, 99, c4, 76, 22, ef, 20, 51, 7e, ef, 6c, ae, 13, 53, 9b, 59, b3]] } }
[2m2026-09-14T13:36:18.928819Z[0m [31mERROR[0m codec_extension ThreadId(12) [2mzenoh_codec::common::extension[0m[2m:[0m Unknown Test ext: ZExtUnknown { Id: 2, Mandatory: true, Encoding: "Unit" }
[2m2026-09-14T13:36:18.928836Z[0m [31mERROR[0m codec_extension ThreadId(12) [2mzenoh_codec::common::extension[0m[2m:[0m Unknown Test ext: ZExtUnknown { Id: 2, Mandatory: true, Encoding: "ZBuf", Value: ZBuf { slices: [[a6, 50, 5a, e6, 98, a0, d3, 6f, 14, 9f, bd, 93, 0d, 45, f6, 56, 31, 7b, de, d7, 44, b5, 61, b6, 9d, ae, 7e, 21, ef, ae, e1, 62]] } }
[2m2026-09-14T13:36:18.928898Z[0m [31mERROR[0m codec_extension ThreadId(12) [2mzenoh_codec::common::extension[0m[2m:[0m Unknown Test ext: ZExtUnknown { Id: 14, Mandatory: true, Encoding: "Unit" }
[2m2026-09-14T13:36:18.928920Z[0m [31mERROR[0m codec_extension ThreadId(12) [2mzenoh_codec::common::extension[0m[2m:[0m Unknown Test ext: ZExtUnknown { Id: 13, Mandatory: true, Encoding: "Unit" }
[2m2026-09-14T13:36:18.928961Z[0m [31mERROR[0m codec_extension ThreadId(12) [2mzenoh_codec::common::extension[0m[2m:[0m Unknown Test ext: ZExtUnknown { Id: 5, Mandatory: true, Encoding: "Z64", Value: 2101869950428276502 }
[2m2026-09-14T13:36:18.928991Z[0m [31mERROR[0m codec_extension ThreadId(12) [2mzenoh_codec::common::extension[0m[2m:[0m Unknown Test ext: ZExtUnknown { Id: 7, Mandatory: true, Encoding: "ZBuf", Value: ZBuf { slices: [[b7, bf, af, 93, ee, e8, 21, 21, f1, e5, c1, b5, d0, 37, c3, db, 8d, 7f, 4c, 38, 3e, 13, 71]] } }
[2m2026-09-14T13:36:18.928996Z[0m [31mERROR[0m codec_extension ThreadId(12) [2mzenoh_codec::common::extension[0m[2m:[0m Unknown Test ext: ZExtUnknown { Id: 13, Mandatory: true, Encoding: "Unit" }
[2m2026-09-14T13:36:18.929026Z[0m [31mERROR[0m codec_extension ThreadId(12) [2mzenoh_codec::common::extension[0m[2m:[0m Unknown Test ext: ZExtUnknown { Id: 15, Mandatory: true, Encoding: "Z64", Value: 1733750345277202461 }
[2m2026-09-14T13:36:18.929058Z[0m [31mERROR[0m codec_extension ThreadId(12) [2mzenoh_codec::common::extension[0m[2m:[0m Unknown Test ext: ZExtUnknown { Id: 5, Mandatory: true, Encoding: "Unit" }
[2m2026-09-14T13:36:18.929061Z[0m [31mERROR[0m codec_extension ThreadId(12) [2mzenoh_codec::common::extension[0m[2m:[0m Unknown Test ext: ZExtUnknown { Id: 5, Mandatory: true, Encoding: "Unit" }
[2m2026-09-14T13:36:18.929104Z[0m [31mERROR[0m codec_extension ThreadId(12) [2mzenoh_codec::common::extension[0m[2m:[0m Unknown Test ext: ZExtUnknown { Id: 5, Mandatory: true, Encoding: "Unit" }
[2m2026-09-14T13:36:18.929120Z[0m [31mERROR[0m codec_extension ThreadId(12) [2mzenoh_codec::common::extension[0m[2m:[0m Unknown Test ext: ZExtUnknown { Id: 12, Mandatory: true, Encoding: "ZBuf", Value: ZBuf { slices: [[e9, d5, 96, 6f, 1a, aa, 1d, 10, 31, 57, a1, 65, 4b, 3a, 86, ac, 73, a5, c1, 65, 80, 78, 29, 4d, 26, d7, b9, 72, 57, ab, 0f, d4, 6f, 4b, d0, 6b, 09, 4d, 50, fa, 2a, b9, 0c, b3, 71, 97, a0, 1f, 5d, e0]] } }
[2m2026-09-14T13:36:18.929127Z[0m [31mERROR[0m codec_extension ThreadId(12) [2mzenoh_codec::common::extension[0m[2m:[0m Unknown Test ext: ZExtUnknown { Id: 5, Mandatory: true, Encoding: "Unit" }
[2m2026-09-14T13:36:18.929144Z[0m [31mERROR[0m codec_extension ThreadId(12) [2mzenoh_codec::common::extension[0m[2m:[0m Unknown Test ext: ZExtUnknown { Id: 12, Mandatory: true, Encoding: "Z64", Value: 3839477160270585583 }
[2m2026-09-14T13:36:18.929161Z[0m [31mERROR[0m codec_extension ThreadId(12) [2mzenoh_codec::common::extension[0m[2m:[0m Unknown Test ext: ZExtUnknown { Id: 1, Mandatory: true, Encoding: "Unit" }
[2m2026-09-14T13:36:18.929177Z[0m [31mERROR[0m codec_extension ThreadId(12) [2mzenoh_codec::common::extension[0m[2m:[0m Unknown Test ext: ZExtUnknown { Id: 14, Mandatory: true, Encoding: "Unit" }
[2m2026-09-14T13:36:18.929195Z[0m [31mERROR[0m codec_extension ThreadId(12) [2mzenoh_codec::common::extension[0m[2m:[0m Unknown Test ext: ZExtUnknown { Id: 14, Mandatory: true, Encoding: "ZBuf", Value: ZBuf { slices: [[8c, 1a, 0c, 67, 70, d7, df, e1, c1, 03, 75, d5, 9f, ab, d5, e6, 68, f9, 3c, e3, 2c, 7d, 60, 94, 4f, c9, b6, dd, 0f, b6]] } }
[2m2026-09-14T13:36:18.929241Z[0m [31mERROR[0m codec_extension ThreadId(12) [2mzenoh_codec::common::extension[0m[2m:[0m Unknown Test ext: ZExtUnknown { Id: 11, Mandatory: true, Encoding: "Z64", Value: 15264289589355603098 }
[2m2026-09-14T13:36:18.929264Z[0m [31mERROR[0m codec_extension ThreadId(12) [2mzenoh_codec::common::extension[0m[2m:[0m Unknown Test ext: ZExtUnknown { Id: 5, Mandatory: true, Encoding: "Z64", Value: 3530426526953368466 }
[2m2026-09-14T13:36:18.929297Z[0m [31mERROR[0m codec_extension ThreadId(12) [2mzenoh_codec::common::extension[0m[2m:[0m Unknown Test ext: ZExtUnknown { Id: 4, Mandatory: true, Encoding: "Unit" }
[2m2026-09-14T13:36:18.929313Z[0m [31mERROR[0m codec_extension ThreadId(12) [2mzenoh_codec::common::extension[0m[2m:[0m Unknown Test ext: ZExtUnknown { Id: 6, Mandatory: true, Encoding: "Unit" }
[2m2026-09-14T13:36:18.929343Z[0m [31mERROR[0m codec_extension ThreadId(12) [2mzenoh_codec::common::extension[0m[2m:[0m Unknown Test ext: ZExtUnknown { Id: 15, Mandatory: true, Encoding: "Z64", Value: 5893910952232915210 }
[2m2026-09-14T13:36:18.929375Z[0m [31mERROR[0m codec_extension ThreadId(12) [2mzenoh_codec::common::extension[0m[2m:[0m Unknown Test ext: ZExtUnknown { Id: 12, Mandatory: true, Encoding: "Z64", Value: 17503938657263625733 }
[2m2026-09-14T13:36:18.929392Z[0m [31mERROR[0m codec_extension ThreadId(12) [2mzenoh_codec::common::extension[0m[2m:[0m Unknown Test ext: ZExtUnknown { Id: 14, Mandatory: true, Encoding: "Z64", Value: 9258417407210461402 }
[2m2026-09-14T13:36:18.929396Z[0m [31mERROR[0m codec_extension ThreadId(12) [2mzenoh_codec::common::extension[0m[2m:[0m Unknown Test ext: ZExtUnknown { Id: 12, Mandatory: true, Encoding: "ZBuf", Value: ZBuf { slices: [[2b, 0f, 1f, 01, 8a, e5, a0, 6d, 32, 2d, 82, 4f, 75, 9b, 06, c9]] } }
[2m2026-09-14T13:36:18.929442Z[0m [31mERROR[0m codec_extension ThreadId(12) [2mzenoh_codec::common::extension[0m[2m:[0m Unknown Test ext: ZExtUnknown { Id: 8, Mandatory: true, Encoding: "Z64", Value: 16507183751921283205 }
[2m2026-09-14T13:36:18.929460Z[0m [31mERROR[0m codec_extension ThreadId(12) [2mzenoh_codec::common::extension[0m[2m:[0m Unknown Test ext: ZExtUnknown { Id: 13, Mandatory: true, Encoding: "ZBuf", Value: ZBuf { slices: [[67, a7, 61, b7, 8a, 59, 2b, cd, b8, bb, 66, 8b, f9, 38, 60, 1f, 39, 52, 1f, bd, f7, 94, b2, 7a, cd, e7, 56, 1a, be, 4c]] } }
[2m2026-09-14T13:36:18.929494Z[0m [31mERROR[0m codec_extension ThreadId(12) [2mzenoh_codec::common::extension[0m[2m:[0m Unknown Test ext: ZExtUnknown { Id: 2, Mandatory: true, Encoding: "ZBuf", Value: ZBuf { slices: [[09, cd, 3c, 3f, 4f, c6, 11, 98, f1, 74, 38, 27, a9, e1, 35, b6, 9c, ed, fd, b2, c8, 50, 78]] } }
[2m2026-09-14T13:36:18.929570Z[0m [31mERROR[0m codec_extension ThreadId(12) [2mzenoh_codec::common::extension[0m[2m:[0m Unknown Test ext: ZExtUnknown { Id: 5, Mandatory: true, Encoding: "Unit" }
[2m2026-09-14T13:36:18.929620Z[0m [31mERROR[0m codec_extension ThreadId(12) [2mzenoh_codec::common::extension[0m[2m:[0m Unknown Test ext: ZExtUnknown { Id: 1, Mandatory: true, Encoding: "ZBuf", Value: ZBuf { slices: [[4c, 72, be, 14, 9c, 9d, 16, 67, c6, 12, 59, 38, 65, e9]] } }
[2m2026-09-14T13:36:18.929624Z[0m [31mERROR[0m codec_extension ThreadId(12) [2mzenoh_codec::common::extension[0m[2m:[0m Unknown Test ext: ZExtUnknown { Id: 7, Mandatory: true, Encoding: "Unit" }
[2m2026-09-14T13:36:18.929641Z[0m [31mERROR[0m codec_extension ThreadId(12) [2mzenoh_codec::common::extension[0m[2m:[0m Unknown Test ext: ZExtUnknown { Id: 7, Mandatory: true, Encoding: "ZBuf", Value: ZBuf { slices: [[80, 02, 06, f4, fc, bf, 92, a5, d7, f4, bf, 66, af, e1, f4, cf, 94, 8a, e0, b4]] } }
[2m2026-09-14T13:36:18.929658Z[0m [31mERROR[0m codec_extension ThreadId(12) [2mzenoh_codec::common::extension[0m[2m:[0m Unknown Test ext: ZExtUnknown { Id: 1, Mandatory: true, Encoding: "ZBuf", Value: ZBuf { slices: [[13, 96, f5, 18, 8b, 47, 1b, 00, 34, e8, 69, 36, 98, 94, 01, ea, e8, 7f, 5f, ab, 84, a9, 6f, 4d, 57, da, d1, db, 9a, 24, a7, e4, 1b, 98, 3e, 9f, a3, 6e, 48, ce, b8]] } }
[2m2026-09-14T13:36:18.929677Z[0m [31mERROR[0m codec_extension ThreadId(12) [2mzenoh_codec::common::extension[0m[2m:[0m Unknown Test ext: ZExtUnknown { Id: 8, Mandatory: true, Encoding: "ZBuf", Value: ZBuf { slices: [[26, e3, 37, 4b, e9, 79, a4, f1, 62, c6, 12, 29, 9a, 3b, b7, cd, 1b, 13, 8a, 48, 54, d1, 5b, d8, 34, 90, 88, dd, 4c, 76, 0f, b8, 4c, 17, d2, 6f, cb, 2f, 31, b4, 65, ba, 33, 53, 8d, 12, ce, 1c, 00, 33, 85, 3f, 72, f6]] } }
[2m2026-09-14T13:36:18.929699Z[0m [31mERROR[0m codec_extension ThreadId(12) [2mzenoh_codec::common::extension[0m[2m:[0m Unknown Test ext: ZExtUnknown { Id: 6, Mandatory: true, Encoding: "Unit" }
[2m2026-09-14T13:36:18.929715Z[0m [31mERROR[0m codec_extension ThreadId(12) [2mzenoh_codec::common::extension[0m[2m:[0m Unknown Test ext: ZExtUnknown { Id: 8, Mandatory: true, Encoding: "Unit" }
[2m2026-09-14T13:36:18.929761Z[0m [31mERROR[0m codec_extension ThreadId(12) [2mzenoh_codec::common::extension[0m[2m:[0m Unknown Test ext: ZExtUnknown { Id: 8, Mandatory: true, Encoding: "Z64", Value: 7836117966700842654 }
[2m2026-09-14T13:36:18.929778Z[0m [31mERROR[0m codec_extension ThreadId(12) [2mzenoh_codec::common::extension[0m[2m:[0m Unknown Test ext: ZExtUnknown { Id: 13, Mandatory: true, Encoding: "ZBuf", Value: ZBuf { slices: [[5b, b2, 24, 66, c4, a3, a1, 38, 79, ee, 66, 31, 7f, a7, a0, 06, df, 5a, 57, 5a, 3b, 9c, 14, 52, ab, 72, dc, 72, 08, c4, 97, 3e, 15, 64, 22, ea, 6a, b3, 3b, ff, 16, 26, 4a, 43, c0, 88, 2f, 3c, 76, ec, e5, 81, b0, f3, 71, 0c, 8d, b9, f6, 2e, 84, 66, 59]] } }
[2m2026-09-14T13:36:18.929810Z[0m [31mERROR[0m codec_extension ThreadId(12) [2mzenoh_codec::common::extension[0m[2m:[0m Unknown Test ext: ZExtUnknown { Id: 1, Mandatory: true, Encoding: "Z64", Value: 16147095999889555717 }
[2m2026-09-14T13:36:18.929829Z[0m [31mERROR[0m codec_extension ThreadId(12) [2mzenoh_codec::common::extension[0m[2m:[0m Unknown Test ext: ZExtUnknown { Id: 0, Mandatory: true, Encoding: "Z64", Value: 2106810556128543380 }
[2m2026-09-14T13:36:18.929846Z[0m [31mERROR[0m codec_extension ThreadId(12) [2mzenoh_codec::common::extension[0m[2m:[0m Unknown Test ext: ZExtUnknown { Id: 9, Mandatory: true, Encoding: "ZBuf", Value: ZBuf { slices: [[da, fa, 17, 45, 75, b8, 9c, 3d, 4b, ef, ec, 38, c4, 13, 80, e4, 97, 25, 1e, d5, c1, 65, f1, b1, 66, 34, d7, 2c, 44, 7f, 5a, 96, ae]] } }
[2m2026-09-14T13:36:18.929879Z[0m [31mERROR[0m codec_extension ThreadId(12) [2mzenoh_codec::common::extension[0m[2m:[0m Unknown Test ext: ZExtUnknown { Id: 0, Mandatory: true, Encoding: "Z64", Value: 17893888809771255475 }
[2m2026-09-14T13:36:18.929896Z[0m [31mERROR[0m codec_extension ThreadId(12) [2mzenoh_codec::common::extension[0m[2m:[0m Unknown Test ext: ZExtUnknown { Id: 6, Mandatory: true, Encoding: "ZBuf", Value: ZBuf { slices: [[ff, 0c, aa, ce, e2, 09, 1b, 7d, dc, 61, 47, e0, 84, 6b, 6a, e4, f3, e1, 2e, 8d, 9a, 17, a4, bb, fb, b1, 3a, d6, e9, 24, d1, f5, 4f, 0c, 9b, b5, f2, f4, d5, 56, d0, 24, 2c, 5b, a5, a0, 89, e6, ec]] } }
[2m2026-09-14T13:36:18.929929Z[0m [31mERROR[0m codec_extension ThreadId(12) [2mzenoh_codec::common::extension[0m[2m:[0m Unknown Test ext: ZExtUnknown { Id: 0, Mandatory: true, Encoding: "Unit" }
[2m2026-09-14T13:36:18.929945Z[0m [31mERROR[0m codec_extension ThreadId(12) [2mzenoh_codec::common::extension[0m[2m:[0m Unknown Test ext: ZExtUnknown { Id: 6, Mandatory: true, Encoding: "Unit" }
[2m2026-09-14T13:36:18.929961Z[0m [31mERROR[0m codec_extension ThreadId(12) [2mzenoh_codec::common::extension[0m[2m:[0m Unknown Test ext: ZExtUnknown { Id: 14, Mandatory: true, Encoding: "ZBuf", Value: ZBuf { slices: [[b6, d1, b1, 31, 6c, f3, 33, e6, 70, 6a, 57, 68, 06, ff, 23, 98, e0, 0f, b0, 59, 20, 9b, ea, 0d, 1d, 4b, 6b, f9, cb, 44, 09, dd, f7, e0, 2f, b7, cc, 9a, 42, 35, fd]] } }
[2m2026-09-14T13:36:18.929981Z[0m [31mERROR[0m codec_extension ThreadId(12) [2mzenoh_codec::common::extension[0m[2m:[0m Unknown Test ext: ZExtUnknown { Id: 7, Mandatory: true, Encoding: "Z64", Value: 11042735426642533768 }
[2m2026-09-14T13:36:18.930014Z[0m [31mERROR[0m codec_extension ThreadId(12) [2mzenoh_codec::common::extension[0m[2m:[0m Unknown Test ext: ZExtUnknown { Id: 15, Mandatory: true, Encoding: "ZBuf", Value: ZBuf { slices: [[c2, ee, 3e, 0a, 5f, cf, f1, 85, 00, 56, b4, 07, 7a, c0, 78, 85, f5, 19, a0, b7, ee, ee, 41, f2, b6]] } }
[2m2026-09-14T13:36:18.930033Z[0m [31mERROR[0m codec_extension ThreadId(12) [2mzenoh_codec::common::extension[0m[2m:[0m Unknown Test ext: ZExtUnknown { Id: 1, Mandatory: true, Encoding: "Z64", Value: 13827425408136002502 }
[2m2026-09-14T13:36:18.930037Z[0m [31mERROR[0m codec_extension ThreadId(12) [2mzenoh_codec::common::extension[0m[2m:[0m Unknown Test ext: ZExtUnknown { Id: 11, Mandatory: true, Encoding: "Unit" }
[2m2026-09-14T13:36:18.930055Z[0m [31mERROR[0m codec_extension ThreadId(12) [2mzenoh_codec::common::extension[0m[2m:[0m Unknown Test ext: ZExtUnknown { Id: 11, Mandatory: true, Encoding: "ZBuf", Value: ZBuf { slices: [[e4, dd, 1a, 2d, f0, 32, 39, 93, 57, d0, 15, a8, b4, 6c, f0, df]] } }
[2m2026-09-14T13:36:18.930099Z[0m [31mERROR[0m codec_extension ThreadId(12) [2mzenoh_codec::common::extension[0m[2m:[0m Unknown Test ext: ZExtUnknown { Id: 5, Mandatory: true, Encoding: "Unit" }
[2m2026-09-14T13:36:18.930115Z[0m [31mERROR[0m codec_extension ThreadId(12) [2mzenoh_codec::common::extension[0m[2m:[0m Unknown Test ext: ZExtUnknown { Id: 12, Mandatory: true, Encoding: "ZBuf", Value: ZBuf { slices: [[da, 97, 95, 25, ee, be, 61, 85, 06, 55, da, e0, 84, 72, e5, 21, 22, 1d, b8, 83, 42, a1, 68, d0, 77, 37, 94, ed, 95, 89, 5b, 9c, a7, c6, 34, 74, 5c, c8, fb, c2, 28, 18]] } }
[2m2026-09-14T13:36:18.930176Z[0m [31mERROR[0m codec_extension ThreadId(12) [2mzenoh_codec::common::extension[0m[2m:[0m Unknown Test ext: ZExtUnknown { Id: 3, Mandatory: true, Encoding: "ZBuf", Value: ZBuf { slices: [[94, 79, fe, 04, 28, 4c, ef, 7c, 87, e1, c5, 32, ff, b2, c9, ec, 2b, 51, 1d, dc, a9, 73, 25, 48, 7b, c6, 96, 6a, df, e5, c2, 07, 6b, 88, 8e, 62, b8, fe, 99, 4b, a0, e2, 80, f4, 74, d0, ea, 95, 76, eb, 6a, c7, 90, ce, 6d, 8b, 4b, cb, ae, fd, 51]] } }
[2m2026-09-14T13:36:18.930182Z[0m [31mERROR[0m codec_extension ThreadId(12) [2mzenoh_codec::common::extension[0m[2m:[0m Unknown Test ext: ZExtUnknown { Id: 8, Mandatory: true, Encoding: "Unit" }
[2m2026-09-14T13:36:18.930198Z[0m [31mERROR[0m codec_extension ThreadId(12) [2mzenoh_codec::common::extension[0m[2m:[0m Unknown Test ext: ZExtUnknown { Id: 12, Mandatory: true, Encoding: "Unit" }
[2m2026-09-14T13:36:18.930246Z[0m [31mERROR[0m codec_extension ThreadId(12) [2mzenoh_codec::common::extension[0m[2m:[0m Unknown Test ext: ZExtUnknown { Id: 10, Mandatory: true, Encoding: "Z64", Value: 4971098544831636129 }
[2m2026-09-14T13:36:18.930262Z[0m [31mERROR[0m codec_extension ThreadId(12) [2mzenoh_codec::common::extension[0m[2m:[0m Unknown Test ext: ZExtUnknown { Id: 5, Mandatory: true, Encoding: "Unit" }
[2m2026-09-14T13:36:18.930333Z[0m [31mERROR[0m codec_extension ThreadId(12) [2mzenoh_codec::common::extension[0m[2m:[0m Unknown Test ext: ZExtUnknown { Id: 0, Mandatory: true, Encoding: "Unit" }
[2m2026-09-14T13:36:18.930337Z[0m [31mERROR[0m codec_extension ThreadId(12) [2mzenoh_codec::common::extension[0m[2m:[0m Unknown Test ext: ZExtUnknown { Id: 8, Mandatory: true, Encoding: "Z64", Value: 15076706091646766944 }
[2m2026-09-14T13:36:18.930353Z[0m [31mERROR[0m codec_extension ThreadId(12) [2mzenoh_codec::common::extension[0m[2m:[0m Unknown Test ext: ZExtUnknown { Id: 9, Mandatory: true, Encoding: "ZBuf", Value: ZBuf { slices: [[5d, f9, 62, e4, ad, 38, 98, f7, 0b, bf, 46, 0c, 0a, bc, 84, 94, 71, 11, 37, 2d, 41, ce, d9, e5, 85, 70, e1, 39, 91]] } }
[2m2026-09-14T13:36:18.930373Z[0m [31mERROR[0m codec_extension ThreadId(12) [2mzenoh_codec::common::extension[0m[2m:[0m Unknown Test ext: ZExtUnknown { Id: 4, Mandatory: true, Encoding: "ZBuf", Value: ZBuf { slices: [[ef, 22, 54, 83, 9b, c2, 11, d5, 9d, 1d, 88, c5, 28, 71, a0, be, e6, 74, 3d, 2b, 24, ad, b3, db, 83, 93, cd, 49, 3b, 93, c2, bc, 94, 8e, 2f, 41, b5, bd, 0e, 6e, 64, ed, f0, e5, af, 9c, 5c, fe, 71, f7, f8, 0b, 68, f3, 53, be, 2e, b5, 6c]] } }
[2m2026-09-14T13:36:18.930394Z[0m [31mERROR[0m codec_extension ThreadId(12) [2mzenoh_codec::common::extension[0m[2m:[0m Unknown Test ext: ZExtUnknown { Id: 7, Mandatory: true, Encoding: "ZBuf", Value: ZBuf { slices: [[3d, 9c, 46, bb, 05, 5f, 6a, 89, 81, a1, 7f, f6, dc, 06, d8, 40, 41, d9, a3, 94, 7b, ea, 6f, c7, ae, ae, ff, 50, 83, bd, 52, 85, df, 8c, d6, 2b, 28, 8a, 3c, 31, 5c]] } }
[2m2026-09-14T13:36:18.930400Z[0m [31mERROR[0m codec_extension ThreadId(12) [2mzenoh_codec::common::extension[0m[2m:[0m Unknown Test ext: ZExtUnknown { Id: 9, Mandatory: true, Encoding: "ZBuf", Value: ZBuf { slices: [[2c, d2, 28, f8, 99, 0a, 5a, a7, 02, 18, 81, 6f, 83, 0e, c2, c7, 04, b4, 89, b3, 34, 05, 95, 76, 30, ab]] } }
[2m2026-09-14T13:36:18.930432Z[0m [31mERROR[0m codec_extension ThreadId(12) [2mzenoh_codec::common::extension[0m[2m:[0m Unknown Test ext: ZExtUnknown { Id: 15, Mandatory: true, Encoding: "ZBuf", Value: ZBuf { slices: [[60, 58, 17, fb, 9f, 6a, d1, 5d, 30, 97, 6f, eb, 54, 70, 54, 55, ec, 25, 0b, c5, 95, ef, e0, 5c, 9f, 07, e6, bb, a0, fc, 50, 10, b1, 2a, 87, 48]] } }
[2m2026-09-14T13:36:18.930478Z[0m [31mERROR[0m codec_extension ThreadId(12) [2mzenoh_codec::common::extension[0m[2m:[0m Unknown Test ext: ZExtUnknown { Id: 3, Mandatory: true, Encoding: "Unit" }
[2m2026-09-14T13:36:18.930495Z[0m [31mERROR[0m codec_extension ThreadId(12) [2mzenoh_codec::common::extension[0m[2m:[0m Unknown Test ext: ZExtUnknown { Id: 9, Mandatory: true, Encoding: "ZBuf", Value: ZBuf { slices: [[64, b1, fa, 6f, 5c, 1a, c4, 92, 21, 21, 58, 71, 1b, 5a, a6, 62, 73, 18, d5, 1e, c1, 52, c0, 65, fb, cd, 78, 10, c5, 5f, 38, 38, a5, e9, 6a, 18, 1a, 9c, 7b, 11, 65, ee, e7, a4, af, fa, e2, 4d, b3, 68, 48, bd, 29]] } }
[2m2026-09-14T13:36:18.930501Z[0m [31mERROR[0m codec_extension ThreadId(12) [2mzenoh_codec::common::extension[0m[2m:[0m Unknown Test ext: ZExtUnknown { Id: 0, Mandatory: true, Encoding: "Unit" }
[2m2026-09-14T13:36:18.930544Z[0m [31mERROR[0m codec_extension ThreadId(12) [2mzenoh_codec::common::extension[0m[2m:[0m Unknown Test ext: ZExtUnknown { Id: 1, Mandatory: true, Encoding: "ZBuf", Value: ZBuf { slices: [[3c, a6, 6b, 01, 57, a8, eb, 88, 0a, 11, 1d, f8, 8f, ed, 00, 3c, 8b, 76, 2f, 4e, cd, e6, 93, 9a, cd, 32, ad, ce, 57, 86, 69, 0a, c3, a2, a0, 08, 76, 27, 22, 82, 5e, 1a, cb, 71, 39, 4c, f7, a3, 2c, 5e, 4f, 9e, 37, 16]] } }
[2m2026-09-14T13:36:18.930592Z[0m [31mERROR[0m codec_extension ThreadId(12) [2mzenoh_codec::common::extension[0m[2m:[0m Unknown Test ext: ZExtUnknown { Id: 8, Mandatory: true, Encoding: "Z64", Value: 6012963661578792222 }
[2m2026-09-14T13:36:18.930619Z[0m [31mERROR[0m codec_extension ThreadId(12) [2mzenoh_codec::common::extension[0m[2m:[0m Unknown Test ext: ZExtUnknown { Id: 10, Mandatory: true, Encoding: "ZBuf", Value: ZBuf { slices: [[71, 38, b0, b7, 32, 88, 94, 42, 53, d4, 58, 62, 6d, 3e, 0e, f8, 15, 89, 2e, 12, 56, 54, c1, 27, 9d, 24]] } }
[2m2026-09-14T13:36:18.930656Z[0m [31mERROR[0m codec_extension ThreadId(12) [2mzenoh_codec::common::extension[0m[2m:[0m Unknown Test ext: ZExtUnknown { Id: 12, Mandatory: true, Encoding: "ZBuf", Value: ZBuf { slices: [[36, fa, e0, 0c, 87, 95, 86, 73, 46, 1d, 43, 3f, 1b, 8c, a2, 6f, 41, e4, 75, 40, 4e, fd, f4, 25, e1]] } }
[2m2026-09-14T13:36:18.930674Z[0m [31mERROR[0m codec_extension ThreadId(12) [2mzenoh_codec::common::extension[0m[2m:[0m Unknown Test ext: ZExtUnknown { Id: 3, Mandatory: true, Encoding: "ZBuf", Value: ZBuf { slices: [[88, 94, aa, 7b, 9f, 3d, 69, cf, df, 78, 32, e6, 6a, 3b, fa, e7, 08, 89, 58, 04, 02, cb, 87, ea, 87, 7d, 79, b4, e4, 1d, 70, ee, 69, 31, d2, 47, 75, a6, 3d, 2f, 65, c7, 6c, 5f, 9d]] } }
[2m2026-09-14T13:36:18.930680Z[0m [31mERROR[0m codec_extension ThreadId(12) [2mzenoh_codec::common::extension[0m[2m:[0m Unknown Test ext: ZExtUnknown { Id: 2, Mandatory: true, Encoding: "Unit" }
[2m2026-09-14T13:36:18.930697Z[0m [31mERROR[0m codec_extension ThreadId(12) [2mzenoh_codec::common::extension[0m[2m:[0m Unknown Test ext: ZExtUnknown { Id: 12, Mandatory: true, Encoding: "Z64", Value: 10088358456190703481 }
[2m2026-09-14T13:36:18.930715Z[0m [31mERROR[0m codec_extension ThreadId(12) [2mzenoh_codec::common::extension[0m[2m:[0m Unknown Test ext: ZExtUnknown { Id: 14, Mandatory: true, Encoding: "Z64", Value: 16466405451332790537 }
[2m2026-09-14T13:36:18.930732Z[0m [31mERROR[0m codec_extension ThreadId(12) [2mzenoh_codec::common::extension[0m[2m:[0m Unknown Test ext: ZExtUnknown { Id: 4, Mandatory: true, Encoding: "Z64", Value: 16967649758955379755 }
[2m2026-09-14T13:36:18.930790Z[0m [31mERROR[0m codec_extension ThreadId(12) [2mzenoh_codec::common::extension[0m[2m:[0m Unknown Test ext: ZExtUnknown { Id: 10, Mandatory: true, Encoding: "Unit" }
[2m2026-09-14T13:36:18.930793Z[0m [31mERROR[0m codec_extension ThreadId(12) [2mzenoh_codec::common::extension[0m[2m:[0m Unknown Test ext: ZExtUnknown { Id: 7, Mandatory: true, Encoding: "Unit" }
[2m2026-09-14T13:36:18.930838Z[0m [31mERROR[0m codec_extension ThreadId(12) [2mzenoh_codec::common::extension[0m[2m:[0m Unknown Test ext: ZExtUnknown { Id: 2, Mandatory: true, Encoding: "ZBuf", Value: ZBuf { slices: [[1d, 17, 0a, ad, bb, 45, ef, 51, 5e, 38, b7, 8f, 61, 27, 18, a4, ed, 30, 4c, 08, a1, f3, 49, 17, 92, df, 38, 30, f7, 28, 55, d1, e4, 78, 3b, 73]] } }
[2m2026-09-14T13:36:18.930885Z[0m [31mERROR[0m codec_extension ThreadId(12) [2mzenoh_codec::common::extension[0m[2m:[0m Unknown Test ext: ZExtUnknown { Id: 13, Mandatory: true, Encoding: "ZBuf", Value: ZBuf { slices: [[3a, a7, d3, e7, 49, b3, 76, 77, 0f, fb, b8, 75, 62, 95, b7, 8e, 20, 7c, 89, b7, 04, 9d, 57, 7d, 0b, 7d, 59, 3f, 27, 9e, dd, a5, 29, 16, d5, 1d, 73, 8d, 0c, ae, d1, fb, 18, a8, 2a]] } }
[2m2026-09-14T13:36:18.930904Z[0m [31mERROR[0m codec_extension ThreadId(12) [2mzenoh_codec::common::extension[0m[2m:[0m Unknown Test ext: ZExtUnknown { Id: 2, Mandatory: true, Encoding: "ZBuf", Value: ZBuf { slices: [[9e, 07, ad, 85, 46, 4d, 0a, 67, a6, cb, 5a, b2, 4a, 82, 2d, 5d, c1, 11, 3c, 3e, 26, 51, e6, 3b, d2, 4b, 35, d5, 5e, b6, a3, f9]] } }
[2m2026-09-14T13:36:18.930938Z[0m [31mERROR[0m codec_extension ThreadId(12) [2mzenoh_codec::common::extension[0m[2m:[0m Unknown Test ext: ZExtUnknown { Id: 15, Mandatory: true, Encoding: "Unit" }
[2m2026-09-14T13:36:18.930954Z[0m [31mERROR[0m codec_extension ThreadId(12) [2mzenoh_codec::common::extension[0m[2m:[0m Unknown Test ext: ZExtUnknown { Id: 9, Mandatory: true, Encoding: "Unit" }
[2m2026-09-14T13:36:18.930957Z[0m [31mERROR[0m codec_extension ThreadId(12) [2mzenoh_codec::common::extension[0m[2m:[0m Unknown Test ext: ZExtUnknown { Id: 9, Mandatory: true, Encoding: "ZBuf", Value: ZBuf { slices: [[b6, 1b, 83, d5, 22, 59, 35, 09, 34, 42, dd, b2, 86, 95, 4c, 9f, 52, 03, 21, fb, 3b, 76, e0, 0b, 4e, 19, 99, ca, 96, 32, 55, 2e, b5, 1a, 6b, 36]] } }
[2m2026-09-14T13:36:18.930989Z[0m [31mERROR[0m codec_extension ThreadId(12) [2mzenoh_codec::common::extension[0m[2m:[0m Unknown Test ext: ZExtUnknown { Id: 11, Mandatory: true, Encoding: "ZBuf", Value: ZBuf { slices: [[6a, 5f, 66, e0, b9, 5c, 14, 3e, 24, 1e, d1, 38, 21, 05, c5, 58, 67, df, 97, 2d, ac, 69, 7a, 20, 51, 4b, 3f, 43, 30, ea, d0, 2b, 4a, c0, fc, 93, 03, 30, 50, 2d, 64, 47, 90, dd, 76, 3e, f5, de, 1b, fa, ca, 77, 09, 6c, 4d, f0, b3, 1c, ae, f4, cb, 25, b6, 07]] } }
[2m2026-09-14T13:36:18.931023Z[0m [31mERROR[0m codec_extension ThreadId(12) [2mzenoh_codec::common::extension[0m[2m:[0m Unknown Test ext: ZExtUnknown { Id: 5, Mandatory: true, Encoding: "Z64", Value: 13532405365873323178 }
[2m2026-09-14T13:36:18.931041Z[0m [31mERROR[0m codec_extension ThreadId(12) [2mzenoh_codec::common::extension[0m[2m:[0m Unknown Test ext: ZExtUnknown { Id: 1, Mandatory: true, Encoding: "Z64", Value: 12192165560491485189 }
[2m2026-09-14T13:36:18.931100Z[0m [31mERROR[0m codec_extension ThreadId(12) [2mzenoh_codec::common::extension[0m[2m:[0m Unknown Test ext: ZExtUnknown { Id: 12, Mandatory: true, Encoding: "Z64", Value: 14943066876797872199 }
[2m2026-09-14T13:36:18.931116Z[0m [31mERROR[0m codec_extension ThreadId(12) [2mzenoh_codec::common::extension[0m[2m:[0m Unknown Test ext: ZExtUnknown { Id: 3, Mandatory: true, Encoding: "Unit" }
[2m2026-09-14T13:36:18.931121Z[0m [31mERROR[0m codec_extension ThreadId(12) [2mzenoh_codec::common::extension[0m[2m:[0m Unknown Test ext: ZExtUnknown { Id: 6, Mandatory: true, Encoding: "Unit" }
[2m2026-09-14T13:36:18.931150Z[0m [31mERROR[0m codec_extension ThreadId(12) [2mzenoh_codec::common::extension[0m[2m:[0m Unknown Test ext: ZExtUnknown { Id: 5, Mandatory: true, Encoding: "ZBuf", Value: ZBuf { slices: [[53, 57, 38, 9e, 45, 42, 68, 3c, 4a, c1, 28, 09, cb, ee, a1, ed, 57, fc, 7f, c8, ac, ca, 99, b9, 9c, 17, 7b, c4, 11, 25, aa, 44, 1f, 8c, 37, 46, 95, 92, 36, 3f, 32, 53, a8, 3e, 02, 40, 89, b7, 47, fd, a0, c5, ca, 45, 46, e4, 58, 75, cf]] } }
[2m2026-09-14T13:36:18.931184Z[0m [31mERROR[0m codec_extension ThreadId(12) [2mzenoh_codec::common::extension[0m[2m:[0m Unknown Test ext: ZExtUnknown { Id: 7, Mandatory: true, Encoding: "Z64", Value: 16707435222775259748 }
[2m2026-09-14T13:36:18.931201Z[0m [31mERROR[0m codec_extension ThreadId(12) [2mzenoh_codec::common::extension[0m[2m:[0m Unknown Test ext: ZExtUnknown { Id: 9, Mandatory: true, Encoding: "Z64", Value: 12124101336735939158 }
[2m2026-09-14T13:36:18.931218Z[0m [31mERROR[0m codec_extension ThreadId(12) [2mzenoh_codec::common::extension[0m[2m:[0m Unknown Test ext: ZExtUnknown { Id: 3, Mandatory: true, Encoding: "Z64", Value: 3516222714028337654 }
[2m2026-09-14T13:36:18.931234Z[0m [31mERROR[0m codec_extension ThreadId(12) [2mzenoh_codec::common::extension[0m[2m:[0m Unknown Test ext: ZExtUnknown { Id: 6, Mandatory: true, Encoding: "ZBuf", Value: ZBuf { slices: [[9d, b4, 89, f2, 5a, 0c, 0f, db, 53, b9, 5d, b9, 77, e2, e5, 10, c9, ee, d6, 3d, 2e, f6, d0, 1f, 1b, aa, fe, 0f, 68, be, 19, c1, ec, d3, 0b, e2, 17, 93, e6, 29, 13, 98, c2, e4, 61, d6, c0, e3, 48, 8e, a5, 77, 8c, 74, bb, 4d, 69, f7, 4b]] } }
[2m2026-09-14T13:36:18.931254Z[0m [31mERROR[0m codec_extension ThreadId(12) [2mzenoh_codec::common::extension[0m[2m:[0m Unknown Test ext: ZExtUnknown { Id: 4, Mandatory: true, Encoding: "Z64", Value: 3452314233021801466 }
[2m2026-09-14T13:36:18.931271Z[0m [31mERROR[0m codec_extension ThreadId(12) [2mzenoh_codec::common::extension[0m[2m:[0m Unknown Test ext: ZExtUnknown { Id: 15, Mandatory: true, Encoding: "Z64", Value: 11900730253947382887 }
[2m2026-09-14T13:36:18.931301Z[0m [31mERROR[0m codec_extension ThreadId(12) [2mzenoh_codec::common::extension[0m[2m:[0m Unknown Test ext: ZExtUnknown { Id: 6, Mandatory: true, Encoding: "Z64", Value: 8913545798653990005 }
[2m2026-09-14T13:36:18.931305Z[0m [31mERROR[0m codec_extension ThreadId(12) [2mzenoh_codec::common::extension[0m[2m:[0m Unknown Test ext: ZExtUnknown { Id: 0, Mandatory: true, Encoding: "Z64", Value: 18075542022625859286 }
[2m2026-09-14T13:36:18.931336Z[0m [31mERROR[0m codec_extension ThreadId(12) [2mzenoh_codec::common::extension[0m[2m:[0m Unknown Test ext: ZExtUnknown { Id: 13, Mandatory: true, Encoding: "Z64", Value: 11278397731035219157 }
[2m2026-09-14T13:36:18.931353Z[0m [31mERROR[0m codec_extension ThreadId(12) [2mzenoh_codec::common::extension[0m[2m:[0m Unknown Test ext: ZExtUnknown { Id: 2, Mandatory: true, Encoding: "Z64", Value: 2301625862674001428 }
[2m2026-09-14T13:36:18.931369Z[0m [31mERROR[0m codec_extension ThreadId(12) [2mzenoh_codec::common::extension[0m[2m:[0m Unknown Test ext: ZExtUnknown { Id: 14, Mandatory: true, Encoding: "Z64", Value: 8846255731639134731 }
[2m2026-09-14T13:36:18.931401Z[0m [31mERROR[0m codec_extension ThreadId(12) [2mzenoh_codec::common::extension[0m[2m:[0m Unknown Test ext: ZExtUnknown { Id: 10, Mandatory: true, Encoding: "Z64", Value: 2198401703004187485 }
[2m2026-09-14T13:36:18.931421Z[0m [31mERROR[0m codec_extension ThreadId(12) [2mzenoh_codec::common::extension[0m[2m:[0m Unknown Test ext: ZExtUnknown { Id: 7, Mandatory: true, Encoding: "Unit" }
[2m2026-09-14T13:36:18.931453Z[0m [31mERROR[0m codec_extension ThreadId(12) [2mzenoh_codec::common::extension[0m[2m:[0m Unknown Test ext: ZExtUnknown { Id: 3, Mandatory: true, Encoding: "Z64", Value: 12276703235087553559 }
[2m2026-09-14T13:36:18.931478Z[0m [31mERROR[0m codec_extension ThreadId(12) [2mzenoh_codec::common::extension[0m[2m:[0m Unknown Test ext: ZExtUnknown { Id: 5, Mandatory: true, Encoding: "ZBuf", Value: ZBuf { slices: [[a8, 98, f5, 92, d1, 11, 67, c7, 5a, 28, 58, 25, fe, ab, c7, ed, 58, c6, a0, 32, fc, ae, 15, 32, 31, 04, e7, 5b, 5c, 84, 30, 63, f2, f5, aa, 4e]] } }
[2m2026-09-14T13:36:18.931539Z[0m [31mERROR[0m codec_extension ThreadId(12) [2mzenoh_codec::common::extension[0m[2m:[0m Unknown Test ext: ZExtUnknown { Id: 2, Mandatory: true, Encoding: "ZBuf", Value: ZBuf { slices: [[d2, 02, 42, 65, a6, 56, da, 1a, 35, f2, 91, 18, 51, 27, 43, b7, 48, 03, 90, 5b, 30, 58, bf, 65, b9, 43, 10, a1, fe, e7, 11, 78, 37, 79, 81, 71, 75, f8, 96, ec, d3, c6, d4, 18, 73, 3d, ca, 89, 57, 18, 99, d5, 74, 43, f3]] } }
[2m2026-09-14T13:36:18.931559Z[0m [31mERROR[0m codec_extension ThreadId(12) [2mzenoh_codec::common::extension[0m[2m:[0m Unknown Test ext: ZExtUnknown { Id: 14, Mandatory: true, Encoding: "Z64", Value: 10830935920860949825 }
[2m2026-09-14T13:36:18.931597Z[0m [31mERROR[0m codec_extension ThreadId(12) [2mzenoh_codec::common::extension[0m[2m:[0m Unknown Test ext: ZExtUnknown { Id: 1, Mandatory: true, Encoding: "Unit" }
[2m2026-09-14T13:36:18.931693Z[0m [31mERROR[0m codec_extension ThreadId(12) [2mzenoh_codec::common::extension[0m[2m:[0m Unknown Test ext: ZExtUnknown { Id: 15, Mandatory: true, Encoding: "Unit" }
[2m2026-09-14T13:36:18.931715Z[0m [31mERROR[0m codec_extension ThreadId(12) [2mzenoh_codec::common::extension[0m[2m:[0m Unknown Test ext: ZExtUnknown { Id: 9, Mandatory: true, Encoding: "Unit" }
ok
test codec_fragment ... ok
test codec_fragment_header ... ok
test codec_frame ... ok
test codec_frame_header ... ok
test codec_hello ... ok
test codec_init_ack ... ok
test codec_init_syn ... ok
test codec_interest ... ok
test codec_join ... ok
test codec_keep_alive ... ok
test codec_locator ... ok
test codec_network ... ok
test codec_network_oam ... ok
test codec_open_ack ... ok
test codec_open_syn ... ok
test codec_push ... ok
test codec_put ... ok
test codec_query ... ok
test codec_reply ... ok
test codec_request ... ok
test codec_response ... ok
test codec_response_final ... ok
test codec_scout ... ok
test codec_scouting ... ok
test codec_string ... ok
test codec_string_bounded ... ok
test codec_timestamp ... ok
test codec_transport ... ok
test codec_transport_oam ... ok
test codec_undeclare_keyexpr ... ok
test codec_undeclare_queryable ... ok
test codec_undeclare_subscriber ... ok
test codec_undeclare_token ... ok
test codec_zbuf ... ok
test codec_zbuf_bounded ... ok
test codec_zid ... ok
test codec_zint ... ok
test codec_zint_bounded ... ok
test codec_zint_len ... ok
test codec_zslice ... ok
test codec_zslice_bounded ... ok
test zbuf_test ... ok

test result: ok. 53 passed; 0 failed; 0 ignored; 0 measured; 0 filtered out; finished in 1.02s

