    Finished `test` profile [unoptimized + debuginfo] target(s) in 0.63s
     Running unittests src/lib.rs (target/debug/deps/zenoh-6b58e23279eb4691)

running 101 tests
test api::cancellation::test::concurrent_cancel ... ok
test api::cancellation::test::concurrent_cancel_async ... ok
test api::cancellation::test::concurrent_cancel_with_err ... ok
test api::config::tests::insert_remove_json5_array_item ... ok
test api::config::tests::runtime_try_insert_json5_array_item_rejects_non_plugin_keys ... ok
test api::encoding::tests::hash ... ok
test api::encoding::tests::test_default_encoding ... ok
test api::encoding::tests::test_from_str ... ok
test api::encoding::tests::test_schema ... ok
test api::encoding::tests::test_to_string ... ok
test api::info::tests::test_new_from_fields_equals_new_from_peer ... ok
test api::key_expr::size_of_KeyExpr ... ok
test api::publisher::tests::priority_from ... ok
test api::publisher::tests::sample_kind_integrity_in_publication ... ok
test api::publisher::tests::sample_kind_integrity_in_put_builder ... ok
test api::selector::selector_accessors ... ok
test net::protocol::network::tests::test_gossip_singlehop_linkstate_empty_links_not_overwritten ... ok
test net::routing::dispatcher::local_resources::tests::test_aggregate ... ok
test net::routing::dispatcher::local_resources::tests::test_simple ... ok
test net::routing::dispatcher::region::region_indexes ... ok
test net::tests::regions::adminspace::test_sourced_entities_and_interests::whatami_peer_expects ... ok
test net::tests::regions::adminspace::test_sourced_entities_and_interests::whatami_router_expects ... ok
test net::tests::regions::declare::test_against_invalid_token_propagation_to_source_north_router_region ... ok
test net::tests::regions::declare::test_against_invalid_token_propagation_to_source_south_router_region ... ok
test net::tests::regions::declare::test_client_token_repropagation ... ok
test net::tests::regions::declare::test_duplicate_queryable_undeclaration ... ok
test net::tests::regions::declare::test_multiple_gateways_r2r_token_propagation_downstream ... ok
test net::tests::regions::declare::test_multiple_gateways_r2r_token_propagation_upstream ... ok
test net::tests::regions::forwarding::test_c2c_inter_subregion_data_routing ... ok
test net::tests::regions::forwarding::test_c2c_inter_subregion_query_routing ... ok
test net::tests::regions::forwarding::test_complete_queryable_failover ... ok
test net::tests::regions::forwarding::test_multiple_gateways_data_routing_p2p_downstream ... ok
test net::tests::regions::forwarding::test_multiple_gateways_data_routing_p2p_upstream ... ok
test net::tests::regions::forwarding::test_multiple_gateways_data_routing_p2p_upstream_with_interest ... ok
test net::tests::regions::forwarding::test_multiple_gateways_data_routing_p2r_upstream ... ok
test net::tests::regions::forwarding::test_multiple_gateways_data_routing_p2r_upstream_with_interest ... ok
test net::tests::regions::forwarding::test_multiple_gateways_data_routing_r2p_downstream ... ok
test net::tests::regions::forwarding::test_multiple_gateways_data_routing_r2r_downstream ... ok
test net::tests::regions::forwarding::test_multiple_gateways_data_routing_r2r_upstream ... ok
test net::tests::regions::forwarding::test_multiple_gateways_data_routing_r2r_upstream_gateway_source ... ok
test net::tests::regions::forwarding::test_multiple_gateways_query_routing_p2p_downstream ... ok
test net::tests::regions::forwarding::test_multiple_gateways_query_routing_p2p_upstream ... ok
test net::tests::regions::forwarding::test_multiple_gateways_query_routing_p2p_upstream_with_interest ... ok
test net::tests::regions::forwarding::test_multiple_gateways_query_routing_p2r_upstream ... ok
test net::tests::regions::forwarding::test_multiple_gateways_query_routing_p2r_upstream_with_interest ... ok
test net::tests::regions::forwarding::test_multiple_gateways_query_routing_r2p_downstream ... ok
test net::tests::regions::forwarding::test_multiple_gateways_query_routing_r2r_downstream ... ok
test net::tests::regions::forwarding::test_multiple_gateways_query_routing_r2r_upstream ... ok
test net::tests::regions::forwarding::test_multiple_gateways_query_routing_r2r_upstream_gateway_source ... ok
test net::tests::regions::forwarding::test_p2p_inter_subregion_data_routing ... ok
test net::tests::regions::forwarding::test_p2p_inter_subregion_query_routing ... ok
test net::tests::regions::forwarding::test_push_message_consumption ... ok
test net::tests::regions::forwarding::test_r2r_inter_subregion_data_routing ... ok
test net::tests::regions::forwarding::test_r2r_inter_subregion_query_routing ... ok
test net::tests::regions::interest::test_concurrent_current_future_interests::whatami_client_whatami_client_expects ... ok
test net::tests::regions::interest::test_concurrent_current_future_interests::whatami_client_whatami_peer_expects ... ok
test net::tests::regions::interest::test_concurrent_current_future_interests::whatami_peer_whatami_client_expects ... ok
test net::tests::regions::interest::test_concurrent_current_future_interests::whatami_peer_whatami_peer_expects ... ok
test net::tests::regions::interest::test_current_future_interest_propagation_on_open::whatami_client_whatami_client_expects ... ok
test net::tests::regions::interest::test_current_future_interest_propagation_on_open::whatami_client_whatami_peer_expects ... ok
test net::tests::regions::interest::test_current_future_interest_propagation_on_open::whatami_peer_whatami_client_expects ... ok
test net::tests::regions::interest::test_current_future_interest_propagation_on_open::whatami_peer_whatami_peer_expects ... ok
test net::tests::regions::interest::test_current_interest_finalization::whatami_client_expects ... ok
test net::tests::regions::interest::test_current_interest_finalization::whatami_peer_expects ... ok
test net::tests::regions::interest::test_current_interest_finalization::whatami_router_expects ... ok
test net::tests::regions::interest::test_current_token_repropagation ... ok
test net::tests::regions::interest::test_p2p_interest_routing_with_finalized_initial_interests ... ok
test net::tests::regions::interest::test_p2p_interest_routing_with_unfinalized_initial_interests ... ok
test net::tests::regions::oam::test_peer_singlehop_gossip_linkstate_propagation ... ok
test net::tests::runtime::tests::test_state_weak_alive_with_runtime ... ok
test net::tests::runtime::tests::test_state_weak_dead_after_close_and_drop ... ok
test net::tests::runtime::tests::test_state_weak_dead_after_drop ... ok
test net::tests::runtime::tests::test_state_weak_still_alive_after_close ... ok
test net::tests::tables::base_test ... ok
test net::tests::tables::big_key_expr ... ok
test net::tests::tables::clean_test ... ok
test net::tests::tables::client_test ... ok
test net::tests::tables::get_best_key_test ... ok
test net::tests::tables::match_test ... ok
test net::tests::tables::multisub_test ... ok
test net::tests::tables::test_response_wireexpr ... ok
test tests::interceptor_cache::test_interceptors_cache_update_egress ... ok
test tests::interceptor_cache::test_interceptors_cache_update_egress_then_ingress ... ok
test tests::interceptor_cache::test_interceptors_cache_update_ingress ... ok
test tests::link_weights::test_link_weights_diamond ... [2m2026-09-14T12:45:12.111821Z[0m [31mERROR[0m [2mzenoh_task[0m[2m:[0m Failed to terminate the task
[2m2026-09-14T12:45:12.111821Z[0m [31mERROR[0m [2mzenoh_task[0m[2m:[0m Failed to terminate the task
[2m2026-09-14T12:45:12.111830Z[0m [31mERROR[0m [2mzenoh_task[0m[2m:[0m Failed to terminate the task
[2m2026-09-14T12:45:12.111821Z[0m [31mERROR[0m [2mzenoh_task[0m[2m:[0m Failed to terminate the task
[2m2026-09-14T12:45:18.136138Z[0m [31mERROR[0m [2mzenoh_task[0m[2m:[0m Failed to terminate the task
[2m2026-09-14T12:45:18.136139Z[0m [31mERROR[0m [2mzenoh_task[0m[2m:[0m Failed to terminate the task
[2m2026-09-14T12:45:18.136138Z[0m [31mERROR[0m [2mzenoh_task[0m[2m:[0m Failed to terminate the task
[2m2026-09-14T12:45:18.136139Z[0m [31mERROR[0m [2mzenoh_task[0m[2m:[0m Failed to terminate the task
ok
test tests::link_weights::test_link_weights_hexagon ... [2m2026-09-14T12:45:24.151800Z[0m [31mERROR[0m [2mzenoh_task[0m[2m:[0m Failed to terminate the task
[2m2026-09-14T12:45:24.151800Z[0m [31mERROR[0m [2mzenoh_task[0m[2m:[0m Failed to terminate the task
[2m2026-09-14T12:45:24.151909Z[0m [31mERROR[0m [2mzenoh_task[0m[2m:[0m Failed to terminate the task
[2m2026-09-14T12:45:24.151942Z[0m [31mERROR[0m [2mzenoh_task[0m[2m:[0m Failed to terminate the task
[2m2026-09-14T12:45:30.175506Z[0m [31mERROR[0m [2mzenoh_task[0m[2m:[0m Failed to terminate the task
[2m2026-09-14T12:45:30.175510Z[0m [31mERROR[0m [2mzenoh_task[0m[2m:[0m Failed to terminate the task
[2m2026-09-14T12:45:30.175506Z[0m [31mERROR[0m [2mzenoh_task[0m[2m:[0m Failed to terminate the task
[2m2026-09-14T12:45:30.175719Z[0m [31mERROR[0m [2mzenoh_task[0m[2m:[0m Failed to terminate the task
ok
test tests::link_weights::test_link_weights_info_diamond_routers ... [2m2026-09-14T12:45:37.705274Z[0m [31mERROR[0m [2mzenoh_task[0m[2m:[0m Failed to terminate the task
[2m2026-09-14T12:45:37.705362Z[0m [31mERROR[0m [2mzenoh_task[0m[2m:[0m Failed to terminate the task
[2m2026-09-14T12:45:37.705382Z[0m [31mERROR[0m [2mzenoh_task[0m[2m:[0m Failed to terminate the task
[2m2026-09-14T12:45:37.705392Z[0m [31mERROR[0m [2mzenoh_task[0m[2m:[0m Failed to terminate the task
[2m2026-09-14T12:45:37.705289Z[0m [31mERROR[0m [2mzenoh_task[0m[2m:[0m Failed to terminate the task
[2m2026-09-14T12:45:37.705274Z[0m [31mERROR[0m [2mzenoh_task[0m[2m:[0m Failed to terminate the task
[2m2026-09-14T12:45:37.705274Z[0m [31mERROR[0m [2mzenoh_task[0m[2m:[0m Failed to terminate the task
ok
test tests::link_weights::test_link_weights_triangle ... [2m2026-09-14T12:45:45.247114Z[0m [31mERROR[0m [2mzenoh_task[0m[2m:[0m Failed to terminate the task
[2m2026-09-14T12:45:45.247165Z[0m [31mERROR[0m [2mzenoh_task[0m[2m:[0m Failed to terminate the task
[2m2026-09-14T12:45:45.247122Z[0m [31mERROR[0m [2mzenoh_task[0m[2m:[0m Failed to terminate the task
[2m2026-09-14T12:45:45.247118Z[0m [31mERROR[0m [2mzenoh_task[0m[2m:[0m Failed to terminate the task
[2m2026-09-14T12:45:45.247114Z[0m [31mERROR[0m [2mzenoh_task[0m[2m:[0m Failed to terminate the task
[2m2026-09-14T12:45:45.247117Z[0m [31mERROR[0m [2mzenoh_task[0m[2m:[0m Failed to terminate the task
[2m2026-09-14T12:45:45.247121Z[0m [31mERROR[0m [2mzenoh_task[0m[2m:[0m Failed to terminate the task
[2m2026-09-14T12:45:48.273447Z[0m [31mERROR[0m [2mzenoh_task[0m[2m:[0m Failed to terminate the task
[2m2026-09-14T12:45:48.273455Z[0m [31mERROR[0m [2mzenoh_task[0m[2m:[0m Failed to terminate the task
[2m2026-09-14T12:45:48.273447Z[0m [31mERROR[0m [2mzenoh_task[0m[2m:[0m Failed to terminate the task
[2m2026-09-14T12:45:48.273459Z[0m [31mERROR[0m [2mzenoh_task[0m[2m:[0m Failed to terminate the task
[2m2026-09-14T12:45:53.805280Z[0m [31mERROR[0m [2mzenoh_task[0m[2m:[0m Failed to terminate the task
[2m2026-09-14T12:45:53.805297Z[0m [31mERROR[0m [2mzenoh_task[0m[2m:[0m Failed to terminate the task
[2m2026-09-14T12:45:53.805314Z[0m [31mERROR[0m [2mzenoh_task[0m[2m:[0m Failed to terminate the task
[2m2026-09-14T12:45:59.325400Z[0m [31mERROR[0m [2mzenoh_task[0m[2m:[0m Failed to terminate the task
[2m2026-09-14T12:45:59.325400Z[0m [31mERROR[0m [2mzenoh_task[0m[2m:[0m Failed to terminate the task
[2m2026-09-14T12:45:59.325400Z[0m [31mERROR[0m [2mzenoh_task[0m[2m:[0m Failed to terminate the task
[2m2026-09-14T12:46:04.845494Z[0m [31mERROR[0m [2mzenoh_task[0m[2m:[0m Failed to terminate the task
[2m2026-09-14T12:46:04.845497Z[0m [31mERROR[0m [2mzenoh_task[0m[2m:[0m Failed to terminate the task
[2m2026-09-14T12:46:04.845496Z[0m [31mERROR[0m [2mzenoh_task[0m[2m:[0m Failed to terminate the task
ok
test tests::link_weights::test_link_weights_update_diamond ... [2m2026-09-14T12:46:10.363505Z[0m [31mERROR[0m [2mzenoh_task[0m[2m:[0m Failed to terminate the task
[2m2026-09-14T12:46:10.363515Z[0m [31mERROR[0m [2mzenoh_task[0m[2m:[0m Failed to terminate the task
[2m2026-09-14T12:46:10.363499Z[0m [31mERROR[0m [2mzenoh_task[0m[2m:[0m Failed to terminate the task
[2m2026-09-14T12:46:15.888374Z[0m [31mERROR[0m [2mzenoh_task[0m[2m:[0m Failed to terminate the task
[2m2026-09-14T12:46:15.888381Z[0m [31mERROR[0m [2mzenoh_task[0m[2m:[0m Failed to terminate the task
[2m2026-09-14T12:46:15.888380Z[0m [31mERROR[0m [2mzenoh_task[0m[2m:[0m Failed to terminate the task
ok
test tests::link_weights::test_link_weights_update_hexagon ... [2m2026-09-14T12:46:27.956896Z[0m [31mERROR[0m [2mzenoh_task[0m[2m:[0m Failed to terminate the task
[2m2026-09-14T12:46:27.956894Z[0m [31mERROR[0m [2mzenoh_task[0m[2m:[0m Failed to terminate the task
[2m2026-09-14T12:46:27.956895Z[0m [31mERROR[0m [2mzenoh_task[0m[2m:[0m Failed to terminate the task
[2m2026-09-14T12:46:27.956898Z[0m [31mERROR[0m [2mzenoh_task[0m[2m:[0m Failed to terminate the task
ok
test tests::query_reply::test_reply_preserves_optimized_ke ... ok
test tests::session::runtime_state_weak_tests::alive_before_close::whatami_peer_false_expects ... ok
test tests::session::runtime_state_weak_tests::alive_before_close::whatami_peer_true_expects ... ok
test tests::session::runtime_state_weak_tests::dead_after_drop::whatami_peer_false_expects ... ok
test tests::session::runtime_state_weak_tests::dead_after_drop::whatami_peer_true_expects ... ok
test tests::session::runtime_state_weak_tests::dead_after_drop_many_times::whatami_peer_false_expects ... ok
test tests::session::runtime_state_weak_tests::dead_after_drop_many_times::whatami_peer_true_expects ... ok
test tests::session::runtime_state_weak_tests::multiple_sessions_independent::whatami_peer_false_expects ... ok
test tests::session::runtime_state_weak_tests::multiple_sessions_independent::whatami_peer_true_expects ... ok
test tests::session::runtime_state_weak_tests::still_alive_after_close::whatami_peer_false_expects ... ok
test tests::session::runtime_state_weak_tests::still_alive_after_close::whatami_peer_true_expects ... ok

test result: ok. 101 passed; 0 failed; 0 ignored; 0 measured; 0 filtered out; finished in 132.86s

     Running tests/adminspace.rs (target/debug/deps/adminspace-92b90aac86731471)

running 5 tests
test test_adminspace_ronly ... [2m2026-09-14T12:46:29.613796Z[0m [31mERROR[0m test_adminspace_ronly ThreadId(02) [2mzenoh::net::runtime::adminspace[0m[2m:[0m Received PUT on '@/8f80fb3aae552e5be0172a1a4889cf70/router/config/zid' but adminspace.permissions.write=false in configuration
[2m2026-09-14T12:46:29.614028Z[0m [31mERROR[0m test_adminspace_ronly ThreadId(02) [2mzenoh::net::runtime::adminspace[0m[2m:[0m Received PUT on '@/8f80fb3aae552e5be0172a1a4889cf70/router/config/zid' but adminspace.permissions.write=false in configuration
ok
test test_adminspace_transports_and_links ... ok
test test_adminspace_wonly ... [2m2026-09-14T12:46:31.846729Z[0m [31mERROR[0m test_adminspace_wonly ThreadId(20) [2mzenoh::net::runtime::adminspace[0m[2m:[0m Received GET on '@/f33b97c525afcfebf7e53b9c90591fc6/router' but adminspace.permissions.read=false in configuration
ok
test test_adminspace_write ... [2m2026-09-14T12:46:32.350927Z[0m [31mERROR[0m test_adminspace_write ThreadId(25) [2mzenoh::net::runtime::adminspace[0m[2m:[0m Error inserting conf value @/559b0ac65a6787eea2e3e262b30387dc/router/config/zid : 1 - Error inserting conf value zid : updating config is only supported for keys starting with `plugins/` at zenoh/src/api/config.rs:181.
[2m2026-09-14T12:46:32.351594Z[0m [31mERROR[0m test_adminspace_write ThreadId(25) [2mzenoh::net::runtime::adminspace[0m[2m:[0m Error deleting conf value @/559b0ac65a6787eea2e3e262b30387dc/router/config/zid : Removal of values from Config is only supported for keys starting with `plugins/` at commons/zenoh-config/src/lib.rs:1397.
ok
test test_adminspace_write_with_zid_and_mode_wildcards ... ok

test result: ok. 5 passed; 0 failed; 0 ignored; 0 measured; 1 filtered out; finished in 3.80s

     Running tests/attachments.rs (target/debug/deps/attachments-405fe9918896e09f)

running 2 tests
test attachment_pubsub ... ok
test attachment_queries ... ok

test result: ok. 2 passed; 0 failed; 0 ignored; 0 measured; 0 filtered out; finished in 1.11s

     Running tests/matching.rs (target/debug/deps/matching-8a111b4eaba41156)

running 24 tests
test zenoh_matching_listener_drop_deadlock ... ok
test zenoh_publisher_matching_status ... ok
test zenoh_querier_matching_status::locality_any_testtype_clientpeer_expects ... ok
test zenoh_querier_matching_status::locality_any_testtype_clientrouterclient_expects ... ok
test zenoh_querier_matching_status::locality_any_testtype_peerclient_expects ... ok
test zenoh_querier_matching_status::locality_any_testtype_peerpeer_expects ... ok
test zenoh_querier_matching_status::locality_any_testtype_routerclient_expects ... ok
test zenoh_querier_matching_status::locality_any_testtype_routerrouter_expects ... ok
test zenoh_querier_matching_status::locality_any_testtype_samesession_expects ... ok
test zenoh_querier_matching_status::locality_remote_testtype_clientpeer_expects ... ok
test zenoh_querier_matching_status::locality_remote_testtype_clientrouterclient_expects ... ok
test zenoh_querier_matching_status::locality_remote_testtype_peerclient_expects ... ok
test zenoh_querier_matching_status::locality_remote_testtype_peerpeer_expects ... ok
test zenoh_querier_matching_status::locality_remote_testtype_routerclient_expects ... ok
test zenoh_querier_matching_status::locality_remote_testtype_routerrouter_expects ... ok
test zenoh_querier_matching_status::locality_remote_testtype_samesession_expects ... ok
test zenoh_querier_matching_status::locality_sessionlocal_testtype_clientpeer_expects ... ok
test zenoh_querier_matching_status::locality_sessionlocal_testtype_clientrouterclient_expects ... ok
test zenoh_querier_matching_status::locality_sessionlocal_testtype_peerclient_expects ... ok
test zenoh_querier_matching_status::locality_sessionlocal_testtype_peerpeer_expects ... ok
test zenoh_querier_matching_status::locality_sessionlocal_testtype_routerclient_expects ... ok
test zenoh_querier_matching_status::locality_sessionlocal_testtype_routerrouter_expects ... ok
test zenoh_querier_matching_status::locality_sessionlocal_testtype_samesession_expects ... ok
test zenoh_querier_matching_status_session_drop ... ok

test result: ok. 24 passed; 0 failed; 0 ignored; 0 measured; 0 filtered out; finished in 196.79s

     Running tests/qos.rs (target/debug/deps/qos-b04945ea34ccca1d)

running 0 tests

test result: ok. 0 passed; 0 failed; 0 ignored; 0 measured; 2 filtered out; finished in 0.00s

     Running tests/queryable.rs (target/debug/deps/queryable-93aa6d64b7b6379f)

running 1 test
test test_queryable_same_session ... ok

test result: ok. 1 passed; 0 failed; 0 ignored; 0 measured; 2 filtered out; finished in 1.59s

     Running tests/routing.rs (target/debug/deps/routing-eda43f1265016c2c)

running 8 tests
test gossip_regression_1 ... ok
test gossip_regression_2 ... ok
test gossip_regression_3 ... ok
test router_linkstate ... [2m2026-09-14T12:50:18.835867Z[0m [31mERROR[0m rx-3 ThreadId(16) [2mzenoh::net::routing::hat::client::token[0m[2m:[0m Unknown token [3mid[0m[2m=[0m0
[2m2026-09-14T12:50:23.307083Z[0m [31mERROR[0m net-3 ThreadId(46) [2mzenoh_task[0m[2m:[0m Failed to terminate the task
[2m2026-09-14T12:50:23.307075Z[0m [31mERROR[0m net-0 ThreadId(08) [2mzenoh_task[0m[2m:[0m Failed to terminate the task
[2m2026-09-14T12:50:26.427455Z[0m [31mERROR[0m net-1 ThreadId(14) [2mzenoh_task[0m[2m:[0m Failed to terminate the task
[2m2026-09-14T12:50:27.871078Z[0m [31mERROR[0m  rx-0 ThreadId(12) [2mzenoh::net::routing::hat::client::token[0m[2m:[0m Unknown token [3mid[0m[2m=[0m0
[2m2026-09-14T12:50:28.942001Z[0m [31mERROR[0m net-2 ThreadId(45) [2mzenoh_task[0m[2m:[0m Failed to terminate the task
[2m2026-09-14T12:50:36.065499Z[0m [31mERROR[0m net-0 ThreadId(08) [2mzenoh_task[0m[2m:[0m Failed to terminate the task
[2m2026-09-14T12:50:36.065499Z[0m [31mERROR[0m net-4 ThreadId(47) [2mzenoh_task[0m[2m:[0m Failed to terminate the task
[2m2026-09-14T12:50:37.899429Z[0m [31mERROR[0m  rx-3 ThreadId(16) [2mzenoh::net::routing::hat::router::token[0m[2m:[0m Network graph doesn't contain destination node [3mnode_id[0m[2m=[0m1
[2m2026-09-14T12:50:37.899526Z[0m [31mERROR[0m  rx-3 ThreadId(16) [2mzenoh::net::routing::hat::router::token[0m[2m:[0m Network graph doesn't contain destination node [3mnode_id[0m[2m=[0m1
[2m2026-09-14T12:50:37.899603Z[0m [31mERROR[0m  rx-3 ThreadId(16) [2mzenoh::net::routing::hat::router::token[0m[2m:[0m Network graph doesn't contain destination node [3mnode_id[0m[2m=[0m1
[2m2026-09-14T12:50:40.478682Z[0m [31mERROR[0m net-5 ThreadId(48) [2mzenoh_task[0m[2m:[0m Failed to terminate the task
[2m2026-09-14T12:50:46.091555Z[0m [31mERROR[0m net-3 ThreadId(46) [2mzenoh_task[0m[2m:[0m Failed to terminate the task
[2m2026-09-14T12:50:46.091555Z[0m [31mERROR[0m net-1 ThreadId(14) [2mzenoh_task[0m[2m:[0m Failed to terminate the task
[2m2026-09-14T12:50:49.616204Z[0m [31mERROR[0m  rx-3 ThreadId(16) [2mzenoh::net::routing::hat::client::token[0m[2m:[0m Unknown token [3mid[0m[2m=[0m0
[2m2026-09-14T12:50:49.619711Z[0m [31mERROR[0m  rx-0 ThreadId(12) [2mzenoh::net::routing::hat::router::token[0m[2m:[0m Network graph doesn't contain destination node [3mnode_id[0m[2m=[0m1
[2m2026-09-14T12:50:49.619758Z[0m [31mERROR[0m  rx-0 ThreadId(12) [2mzenoh::net::routing::hat::router::token[0m[2m:[0m Network graph doesn't contain destination node [3mnode_id[0m[2m=[0m2
[2m2026-09-14T12:50:51.507367Z[0m [31mERROR[0m net-4 ThreadId(47) [2mzenoh_task[0m[2m:[0m Failed to terminate the task
[2m2026-09-14T12:50:54.081082Z[0m [31mERROR[0m net-0 ThreadId(08) [2mzenoh_task[0m[2m:[0m Failed to terminate the task
[2m2026-09-14T12:50:54.081082Z[0m [31mERROR[0m net-2 ThreadId(45) [2mzenoh_task[0m[2m:[0m Failed to terminate the task
[2m2026-09-14T12:50:57.210253Z[0m [31mERROR[0m net-5 ThreadId(48) [2mzenoh_task[0m[2m:[0m Failed to terminate the task
[2m2026-09-14T12:50:59.725587Z[0m [31mERROR[0m net-1 ThreadId(14) [2mzenoh_task[0m[2m:[0m Failed to terminate the task
[2m2026-09-14T12:51:07.895641Z[0m [31mERROR[0m net-4 ThreadId(47) [2mzenoh_task[0m[2m:[0m Failed to terminate the task
[2m2026-09-14T12:51:07.895639Z[0m [31mERROR[0m net-3 ThreadId(46) [2mzenoh_task[0m[2m:[0m Failed to terminate the task
[2m2026-09-14T12:51:07.895640Z[0m [31mERROR[0m net-0 ThreadId(08) [2mzenoh_task[0m[2m:[0m Failed to terminate the task
[2m2026-09-14T12:51:10.425816Z[0m [31mERROR[0m net-2 ThreadId(45) [2mzenoh_task[0m[2m:[0m Failed to terminate the task
[2m2026-09-14T12:51:13.498246Z[0m [31mERROR[0m  rx-0 ThreadId(12) [2mzenoh::net::routing::hat::router::token[0m[2m:[0m Network graph doesn't contain destination node [3mnode_id[0m[2m=[0m1
[2m2026-09-14T12:51:13.498398Z[0m [31mERROR[0m  rx-0 ThreadId(12) [2mzenoh::net::routing::hat::router::token[0m[2m:[0m Network graph doesn't contain destination node [3mnode_id[0m[2m=[0m1
[2m2026-09-14T12:51:13.498445Z[0m [31mERROR[0m  rx-0 ThreadId(12) [2mzenoh::net::routing::hat::router::token[0m[2m:[0m Network graph doesn't contain destination node [3mnode_id[0m[2m=[0m1
[2m2026-09-14T12:51:13.498473Z[0m [31mERROR[0m  rx-0 ThreadId(12) [2mzenoh::net::routing::hat::router::token[0m[2m:[0m Network graph doesn't contain destination node [3mnode_id[0m[2m=[0m1
[2m2026-09-14T12:51:13.498497Z[0m [31mERROR[0m  rx-0 ThreadId(12) [2mzenoh::net::routing::hat::router::token[0m[2m:[0m Network graph doesn't contain destination node [3mnode_id[0m[2m=[0m1
[2m2026-09-14T12:51:13.498519Z[0m [31mERROR[0m  rx-0 ThreadId(12) [2mzenoh::net::routing::hat::router::token[0m[2m:[0m Network graph doesn't contain destination node [3mnode_id[0m[2m=[0m1
[2m2026-09-14T12:51:13.498540Z[0m [31mERROR[0m  rx-0 ThreadId(12) [2mzenoh::net::routing::hat::router::token[0m[2m:[0m Network graph doesn't contain destination node [3mnode_id[0m[2m=[0m1
[2m2026-09-14T12:51:13.498600Z[0m [31mERROR[0m  rx-0 ThreadId(12) [2mzenoh::net::routing::hat::router::token[0m[2m:[0m Network graph doesn't contain destination node [3mnode_id[0m[2m=[0m1
[2m2026-09-14T12:51:13.498624Z[0m [31mERROR[0m  rx-0 ThreadId(12) [2mzenoh::net::routing::hat::router::token[0m[2m:[0m Network graph doesn't contain destination node [3mnode_id[0m[2m=[0m1
[2m2026-09-14T12:51:13.498644Z[0m [31mERROR[0m  rx-0 ThreadId(12) [2mzenoh::net::routing::hat::router::token[0m[2m:[0m Network graph doesn't contain destination node [3mnode_id[0m[2m=[0m1
[2m2026-09-14T12:51:13.498664Z[0m [31mERROR[0m  rx-0 ThreadId(12) [2mzenoh::net::routing::hat::router::token[0m[2m:[0m Network graph doesn't contain destination node [3mnode_id[0m[2m=[0m1
[2m2026-09-14T12:51:13.498683Z[0m [31mERROR[0m  rx-0 ThreadId(12) [2mzenoh::net::routing::hat::router::token[0m[2m:[0m Network graph doesn't contain destination node [3mnode_id[0m[2m=[0m1
[2m2026-09-14T12:51:13.498703Z[0m [31mERROR[0m  rx-0 ThreadId(12) [2mzenoh::net::routing::hat::router::token[0m[2m:[0m Network graph doesn't contain destination node [3mnode_id[0m[2m=[0m1
[2m2026-09-14T12:51:13.498726Z[0m [31mERROR[0m  rx-0 ThreadId(12) [2mzenoh::net::routing::hat::router::token[0m[2m:[0m Network graph doesn't contain destination node [3mnode_id[0m[2m=[0m1
[2m2026-09-14T12:51:13.498746Z[0m [31mERROR[0m  rx-0 ThreadId(12) [2mzenoh::net::routing::hat::router::token[0m[2m:[0m Network graph doesn't contain destination node [3mnode_id[0m[2m=[0m1
[2m2026-09-14T12:51:13.498765Z[0m [31mERROR[0m  rx-0 ThreadId(12) [2mzenoh::net::routing::hat::router::token[0m[2m:[0m Network graph doesn't contain destination node [3mnode_id[0m[2m=[0m1
[2m2026-09-14T12:51:13.498783Z[0m [31mERROR[0m  rx-0 ThreadId(12) [2mzenoh::net::routing::hat::router::token[0m[2m:[0m Network graph doesn't contain destination node [3mnode_id[0m[2m=[0m1
[2m2026-09-14T12:51:13.498802Z[0m [31mERROR[0m  rx-0 ThreadId(12) [2mzenoh::net::routing::hat::router::token[0m[2m:[0m Network graph doesn't contain destination node [3mnode_id[0m[2m=[0m1
[2m2026-09-14T12:51:13.498821Z[0m [31mERROR[0m  rx-0 ThreadId(12) [2mzenoh::net::routing::hat::router::token[0m[2m:[0m Network graph doesn't contain destination node [3mnode_id[0m[2m=[0m1
[2m2026-09-14T12:51:13.498839Z[0m [31mERROR[0m  rx-0 ThreadId(12) [2mzenoh::net::routing::hat::router::token[0m[2m:[0m Network graph doesn't contain destination node [3mnode_id[0m[2m=[0m1
[2m2026-09-14T12:51:13.498861Z[0m [31mERROR[0m  rx-0 ThreadId(12) [2mzenoh::net::routing::hat::router::token[0m[2m:[0m Network graph doesn't contain destination node [3mnode_id[0m[2m=[0m1
[2m2026-09-14T12:51:13.498881Z[0m [31mERROR[0m  rx-0 ThreadId(12) [2mzenoh::net::routing::hat::router::token[0m[2m:[0m Network graph doesn't contain destination node [3mnode_id[0m[2m=[0m1
[2m2026-09-14T12:51:13.498899Z[0m [31mERROR[0m  rx-0 ThreadId(12) [2mzenoh::net::routing::hat::router::token[0m[2m:[0m Network graph doesn't contain destination node [3mnode_id[0m[2m=[0m1
[2m2026-09-14T12:51:13.498918Z[0m [31mERROR[0m  rx-0 ThreadId(12) [2mzenoh::net::routing::hat::router::token[0m[2m:[0m Network graph doesn't contain destination node [3mnode_id[0m[2m=[0m1
[2m2026-09-14T12:51:13.498939Z[0m [31mERROR[0m  rx-0 ThreadId(12) [2mzenoh::net::routing::hat::router::token[0m[2m:[0m Network graph doesn't contain destination node [3mnode_id[0m[2m=[0m1
[2m2026-09-14T12:51:13.498959Z[0m [31mERROR[0m  rx-0 ThreadId(12) [2mzenoh::net::routing::hat::router::token[0m[2m:[0m Network graph doesn't contain destination node [3mnode_id[0m[2m=[0m1
[2m2026-09-14T12:51:13.498978Z[0m [31mERROR[0m  rx-0 ThreadId(12) [2mzenoh::net::routing::hat::router::token[0m[2m:[0m Network graph doesn't contain destination node [3mnode_id[0m[2m=[0m1
[2m2026-09-14T12:51:13.499003Z[0m [31mERROR[0m  rx-0 ThreadId(12) [2mzenoh::net::routing::hat::router::token[0m[2m:[0m Network graph doesn't contain destination node [3mnode_id[0m[2m=[0m1
[2m2026-09-14T12:51:13.499024Z[0m [31mERROR[0m  rx-0 ThreadId(12) [2mzenoh::net::routing::hat::router::token[0m[2m:[0m Network graph doesn't contain destination node [3mnode_id[0m[2m=[0m1
[2m2026-09-14T12:51:13.499045Z[0m [31mERROR[0m  rx-0 ThreadId(12) [2mzenoh::net::routing::hat::router::token[0m[2m:[0m Network graph doesn't contain destination node [3mnode_id[0m[2m=[0m1
[2m2026-09-14T12:51:13.499064Z[0m [31mERROR[0m  rx-0 ThreadId(12) [2mzenoh::net::routing::hat::router::token[0m[2m:[0m Network graph doesn't contain destination node [3mnode_id[0m[2m=[0m1
[2m2026-09-14T12:51:13.499082Z[0m [31mERROR[0m  rx-0 ThreadId(12) [2mzenoh::net::routing::hat::router::token[0m[2m:[0m Network graph doesn't contain destination node [3mnode_id[0m[2m=[0m1
[2m2026-09-14T12:51:13.499101Z[0m [31mERROR[0m  rx-0 ThreadId(12) [2mzenoh::net::routing::hat::router::token[0m[2m:[0m Network graph doesn't contain destination node [3mnode_id[0m[2m=[0m1
[2m2026-09-14T12:51:13.499123Z[0m [31mERROR[0m  rx-0 ThreadId(12) [2mzenoh::net::routing::hat::router::token[0m[2m:[0m Network graph doesn't contain destination node [3mnode_id[0m[2m=[0m1
[2m2026-09-14T12:51:13.499142Z[0m [31mERROR[0m  rx-0 ThreadId(12) [2mzenoh::net::routing::hat::router::token[0m[2m:[0m Network graph doesn't contain destination node [3mnode_id[0m[2m=[0m1
[2m2026-09-14T12:51:13.499163Z[0m [31mERROR[0m  rx-0 ThreadId(12) [2mzenoh::net::routing::hat::router::token[0m[2m:[0m Network graph doesn't contain destination node [3mnode_id[0m[2m=[0m1
[2m2026-09-14T12:51:13.499182Z[0m [31mERROR[0m  rx-0 ThreadId(12) [2mzenoh::net::routing::hat::router::token[0m[2m:[0m Network graph doesn't contain destination node [3mnode_id[0m[2m=[0m1
[2m2026-09-14T12:51:13.499218Z[0m [31mERROR[0m  rx-0 ThreadId(12) [2mzenoh::net::routing::hat::router::token[0m[2m:[0m Network graph doesn't contain destination node [3mnode_id[0m[2m=[0m1
[2m2026-09-14T12:51:13.499244Z[0m [31mERROR[0m  rx-0 ThreadId(12) [2mzenoh::net::routing::hat::router::token[0m[2m:[0m Network graph doesn't contain destination node [3mnode_id[0m[2m=[0m1
[2m2026-09-14T12:51:13.499264Z[0m [31mERROR[0m  rx-0 ThreadId(12) [2mzenoh::net::routing::hat::router::token[0m[2m:[0m Network graph doesn't contain destination node [3mnode_id[0m[2m=[0m1
[2m2026-09-14T12:51:13.499282Z[0m [31mERROR[0m  rx-0 ThreadId(12) [2mzenoh::net::routing::hat::router::token[0m[2m:[0m Network graph doesn't contain destination node [3mnode_id[0m[2m=[0m1
[2m2026-09-14T12:51:13.499301Z[0m [31mERROR[0m  rx-0 ThreadId(12) [2mzenoh::net::routing::hat::router::token[0m[2m:[0m Network graph doesn't contain destination node [3mnode_id[0m[2m=[0m1
[2m2026-09-14T12:51:13.499319Z[0m [31mERROR[0m  rx-0 ThreadId(12) [2mzenoh::net::routing::hat::router::token[0m[2m:[0m Network graph doesn't contain destination node [3mnode_id[0m[2m=[0m1
[2m2026-09-14T12:51:13.499338Z[0m [31mERROR[0m  rx-0 ThreadId(12) [2mzenoh::net::routing::hat::router::token[0m[2m:[0m Network graph doesn't contain destination node [3mnode_id[0m[2m=[0m1
[2m2026-09-14T12:51:13.499358Z[0m [31mERROR[0m  rx-0 ThreadId(12) [2mzenoh::net::routing::hat::router::token[0m[2m:[0m Network graph doesn't contain destination node [3mnode_id[0m[2m=[0m1
[2m2026-09-14T12:51:13.499379Z[0m [31mERROR[0m  rx-0 ThreadId(12) [2mzenoh::net::routing::hat::router::token[0m[2m:[0m Network graph doesn't contain destination node [3mnode_id[0m[2m=[0m1
[2m2026-09-14T12:51:13.499397Z[0m [31mERROR[0m  rx-0 ThreadId(12) [2mzenoh::net::routing::hat::router::token[0m[2m:[0m Network graph doesn't contain destination node [3mnode_id[0m[2m=[0m1
[2m2026-09-14T12:51:13.499418Z[0m [31mERROR[0m  rx-0 ThreadId(12) [2mzenoh::net::routing::hat::router::token[0m[2m:[0m Network graph doesn't contain destination node [3mnode_id[0m[2m=[0m1
[2m2026-09-14T12:51:13.499440Z[0m [31mERROR[0m  rx-0 ThreadId(12) [2mzenoh::net::routing::hat::router::token[0m[2m:[0m Network graph doesn't contain destination node [3mnode_id[0m[2m=[0m1
[2m2026-09-14T12:51:13.499459Z[0m [31mERROR[0m  rx-0 ThreadId(12) [2mzenoh::net::routing::hat::router::token[0m[2m:[0m Network graph doesn't contain destination node [3mnode_id[0m[2m=[0m1
[2m2026-09-14T12:51:13.499477Z[0m [31mERROR[0m  rx-0 ThreadId(12) [2mzenoh::net::routing::hat::router::token[0m[2m:[0m Network graph doesn't contain destination node [3mnode_id[0m[2m=[0m1
[2m2026-09-14T12:51:13.499496Z[0m [31mERROR[0m  rx-0 ThreadId(12) [2mzenoh::net::routing::hat::router::token[0m[2m:[0m Network graph doesn't contain destination node [3mnode_id[0m[2m=[0m1
[2m2026-09-14T12:51:13.499515Z[0m [31mERROR[0m  rx-0 ThreadId(12) [2mzenoh::net::routing::hat::router::token[0m[2m:[0m Network graph doesn't contain destination node [3mnode_id[0m[2m=[0m1
[2m2026-09-14T12:51:13.499533Z[0m [31mERROR[0m  rx-0 ThreadId(12) [2mzenoh::net::routing::hat::router::token[0m[2m:[0m Network graph doesn't contain destination node [3mnode_id[0m[2m=[0m1
[2m2026-09-14T12:51:13.499552Z[0m [31mERROR[0m  rx-0 ThreadId(12) [2mzenoh::net::routing::hat::router::token[0m[2m:[0m Network graph doesn't contain destination node [3mnode_id[0m[2m=[0m1
[2m2026-09-14T12:51:13.499570Z[0m [31mERROR[0m  rx-0 ThreadId(12) [2mzenoh::net::routing::hat::router::token[0m[2m:[0m Network graph doesn't contain destination node [3mnode_id[0m[2m=[0m1
[2m2026-09-14T12:51:13.499591Z[0m [31mERROR[0m  rx-0 ThreadId(12) [2mzenoh::net::routing::hat::router::token[0m[2m:[0m Network graph doesn't contain destination node [3mnode_id[0m[2m=[0m1
[2m2026-09-14T12:51:13.499609Z[0m [31mERROR[0m  rx-0 ThreadId(12) [2mzenoh::net::routing::hat::router::token[0m[2m:[0m Network graph doesn't contain destination node [3mnode_id[0m[2m=[0m1
[2m2026-09-14T12:51:13.499630Z[0m [31mERROR[0m  rx-0 ThreadId(12) [2mzenoh::net::routing::hat::router::token[0m[2m:[0m Network graph doesn't contain destination node [3mnode_id[0m[2m=[0m1
[2m2026-09-14T12:51:13.499649Z[0m [31mERROR[0m  rx-0 ThreadId(12) [2mzenoh::net::routing::hat::router::token[0m[2m:[0m Network graph doesn't contain destination node [3mnode_id[0m[2m=[0m1
[2m2026-09-14T12:51:13.499668Z[0m [31mERROR[0m  rx-0 ThreadId(12) [2mzenoh::net::routing::hat::router::token[0m[2m:[0m Network graph doesn't contain destination node [3mnode_id[0m[2m=[0m1
[2m2026-09-14T12:51:13.499690Z[0m [31mERROR[0m  rx-0 ThreadId(12) [2mzenoh::net::routing::hat::router::token[0m[2m:[0m Network graph doesn't contain destination node [3mnode_id[0m[2m=[0m1
[2m2026-09-14T12:51:13.499709Z[0m [31mERROR[0m  rx-0 ThreadId(12) [2mzenoh::net::routing::hat::router::token[0m[2m:[0m Network graph doesn't contain destination node [3mnode_id[0m[2m=[0m1
[2m2026-09-14T12:51:13.499731Z[0m [31mERROR[0m  rx-0 ThreadId(12) [2mzenoh::net::routing::hat::router::token[0m[2m:[0m Network graph doesn't contain destination node [3mnode_id[0m[2m=[0m1
[2m2026-09-14T12:51:13.499749Z[0m [31mERROR[0m  rx-0 ThreadId(12) [2mzenoh::net::routing::hat::router::token[0m[2m:[0m Network graph doesn't contain destination node [3mnode_id[0m[2m=[0m1
[2m2026-09-14T12:51:13.499767Z[0m [31mERROR[0m  rx-0 ThreadId(12) [2mzenoh::net::routing::hat::router::token[0m[2m:[0m Network graph doesn't contain destination node [3mnode_id[0m[2m=[0m1
[2m2026-09-14T12:51:13.499785Z[0m [31mERROR[0m  rx-0 ThreadId(12) [2mzenoh::net::routing::hat::router::token[0m[2m:[0m Network graph doesn't contain destination node [3mnode_id[0m[2m=[0m1
ok
test scouting_delay_regression ... [2m2026-09-14T12:51:13.541579Z[0m [31mERROR[0m net-1 ThreadId(14) [2mzenoh_task[0m[2m:[0m Failed to terminate the task
[2m2026-09-14T12:51:13.541584Z[0m [31mERROR[0m net-6 ThreadId(51) [2mzenoh_task[0m[2m:[0m Failed to terminate the task
[2m2026-09-14T12:51:13.541610Z[0m [31mERROR[0m net-5 ThreadId(48) [2mzenoh_task[0m[2m:[0m Failed to terminate the task
ok
test static_failover_brokering ... ignored, https://github.com/eclipse-zenoh/zenoh/issues/2224
test three_node_combination_multicast ... ignored, This is a flaky test
test two_node_combination ... [2m2026-09-14T12:51:16.027576Z[0m [31mERROR[0m tokio-rt-worker ThreadId(71) [2mrouting[0m[2m:[0m Failed to open session [3mnode[0m[2m=[0m"Pub client" [3merr[0m[2m=[0mUnable to connect to any of [Single(tcp/127.0.0.1:46135)]!  at zenoh/src/net/runtime/orchestrator.rs:419.
[2m2026-09-14T12:51:16.031945Z[0m [31mERROR[0m tokio-rt-worker ThreadId(78) [2mrouting[0m[2m:[0m Failed to open session [3mnode[0m[2m=[0m"Get client" [3merr[0m[2m=[0mUnable to connect to any of [Single(tcp/127.0.0.1:38347)]!  at zenoh/src/net/runtime/orchestrator.rs:419.
[2m2026-09-14T12:51:16.038540Z[0m [31mERROR[0m tokio-rt-worker ThreadId(67) [2mrouting[0m[2m:[0m Failed to open session [3mnode[0m[2m=[0m"Queryable client" [3merr[0m[2m=[0mUnable to connect to any of [Single(tcp/127.0.0.1:40711)]!  at zenoh/src/net/runtime/orchestrator.rs:419.
[2m2026-09-14T12:51:16.656611Z[0m [31mERROR[0m           net-7 ThreadId(55) [2mzenoh_task[0m[2m:[0m Failed to terminate the task
[2m2026-09-14T12:51:16.656659Z[0m [31mERROR[0m           net-8 ThreadId(56) [2mzenoh_task[0m[2m:[0m Failed to terminate the task
[2m2026-09-14T12:51:16.656642Z[0m [31mERROR[0m           net-9 ThreadId(57) [2mzenoh_task[0m[2m:[0m Failed to terminate the task
[2m2026-09-14T12:51:16.686552Z[0m [31mERROR[0m            rx-0 ThreadId(12) [2mzenoh::net::routing::hat::client::token[0m[2m:[0m Unknown token [3mid[0m[2m=[0m0
[2m2026-09-14T12:51:17.033310Z[0m [31mERROR[0m            rx-8 ThreadId(54) [2mzenoh::api::session[0m[2m:[0m Received Data for unknown expr_id: 1
[2m2026-09-14T12:51:17.060965Z[0m [31mERROR[0m tokio-rt-worker ThreadId(74) [2mrouting[0m[2m:[0m Failed to open session [3mnode[0m[2m=[0m"Liveliness client" [3merr[0m[2m=[0mUnable to connect to any of [Single(tcp/127.0.0.1:46135)]!  at zenoh/src/net/runtime/orchestrator.rs:419.
ok

test result: ok. 6 passed; 0 failed; 2 ignored; 0 measured; 2 filtered out; finished in 86.93s

     Running tests/session.rs (target/debug/deps/session-7aa3e77888ea414b)

running 8 tests
test test_querier_drop_pending_query_completion_callback_reentrancy ... ok
test test_session_from_cloned_config ... ok
test test_undeclare_subscribers_same_keyexpr ... ok
test zenoh_2sessions_1runtime_init ... ok
test zenoh_session_close ... ok
test zenoh_session_close_in_background_async ... ok
test zenoh_session_close_in_background_sync ... ok
test zenoh_session_unicast ... ok

test result: ok. 8 passed; 0 failed; 0 ignored; 0 measured; 1 filtered out; finished in 32.31s

     Running tests/source_info.rs (target/debug/deps/source_info-43ba225c0dee72ed)

running 4 tests
test test_source_info_pub_sub ... ok
test test_source_info_pub_sub_no_source_info ... ok
test test_source_info_query_reply ... ok
test test_source_info_query_reply_no_source_info ... ok

test result: ok. 4 passed; 0 failed; 0 ignored; 0 measured; 0 filtered out; finished in 4.14s

     Running tests/unicity.rs (target/debug/deps/unicity-4e640255455bd691)

running 2 tests
test zenoh_unicity_brokered ... ok
test zenoh_unicity_p2p ... ok

test result: ok. 2 passed; 0 failed; 0 ignored; 0 measured; 0 filtered out; finished in 24.73s

     Running unittests src/lib.rs (target/debug/deps/zenoh_codec-3e01f29e98a497b4)

running 0 tests

test result: ok. 0 passed; 0 failed; 0 ignored; 0 measured; 0 filtered out; finished in 0.00s

     Running tests/codec.rs (target/debug/deps/codec-76bfd8dfa56ebfc1)

running 53 tests
test codec_close ... ok
test codec_declare ... ok
test codec_declare_body ... ok
test codec_declare_keyexpr ... ok
test codec_declare_queryable ... ok
test codec_declare_subscriber ... ok
test codec_declare_token ... ok
test codec_del ... ok
test codec_encoding ... ok
test codec_err ... ok
test codec_extension ... [2m2026-09-14T12:52:20.744904Z[0m [31mERROR[0m codec_extension ThreadId(12) [2mzenoh_codec::common::extension[0m[2m:[0m Unknown Test ext: ZExtUnknown { Id: 0, Mandatory: true, Encoding: "Unit" }
[2m2026-09-14T12:52:20.744930Z[0m [31mERROR[0m codec_extension ThreadId(12) [2mzenoh_codec::common::extension[0m[2m:[0m Unknown Test ext: ZExtUnknown { Id: 0, Mandatory: true, Encoding: "Unit" }
[2m2026-09-14T12:52:20.744934Z[0m [31mERROR[0m codec_extension ThreadId(12) [2mzenoh_codec::common::extension[0m[2m:[0m Unknown Test ext: ZExtUnknown { Id: 0, Mandatory: true, Encoding: "Unit" }
[2m2026-09-14T12:52:20.744937Z[0m [31mERROR[0m codec_extension ThreadId(12) [2mzenoh_codec::common::extension[0m[2m:[0m Unknown Test ext: ZExtUnknown { Id: 0, Mandatory: true, Encoding: "Unit" }
[2m2026-09-14T12:52:20.744943Z[0m [31mERROR[0m codec_extension ThreadId(12) [2mzenoh_codec::common::extension[0m[2m:[0m Unknown Test ext: ZExtUnknown { Id: 0, Mandatory: true, Encoding: "Unit" }
[2m2026-09-14T12:52:20.744946Z[0m [31mERROR[0m codec_extension ThreadId(12) [2mzenoh_codec::common::extension[0m[2m:[0m Unknown Test ext: ZExtUnknown { Id: 0, Mandatory: true, Encoding: "Unit" }
[2m2026-09-14T12:52:20.744949Z[0m [31mERROR[0m codec_extension ThreadId(12) [2mzenoh_codec::common::extension[0m[2m:[0m Unknown Test ext: ZExtUnknown { Id: 0, Mandatory: true, Encoding: "Unit" }
[2m2026-09-14T12:52:20.744952Z[0m [31mERROR[0m codec_extension ThreadId(12) [2mzenoh_codec::common::extension[0m[2m:[0m Unknown Test ext: ZExtUnknown { Id: 0, Mandatory: true, Encoding: "Unit" }
[2m2026-09-14T12:52:20.744955Z[0m [31mERROR[0m codec_extension ThreadId(12) [2mzenoh_codec::common::extension[0m[2m:[0m Unknown Test ext: ZExtUnknown { Id: 0, Mandatory: true, Encoding: "Unit" }
[2m2026-09-14T12:52:20.744958Z[0m [31mERROR[0m codec_extension ThreadId(12) [2mzenoh_codec::common::extension[0m[2m:[0m Unknown Test ext: ZExtUnknown { Id: 0, Mandatory: true, Encoding: "Unit" }
[2m2026-09-14T12:52:20.744960Z[0m [31mERROR[0m codec_extension ThreadId(12) [2mzenoh_codec::common::extension[0m[2m:[0m Unknown Test ext: ZExtUnknown { Id: 0, Mandatory: true, Encoding: "Unit" }
[2m2026-09-14T12:52:20.744963Z[0m [31mERROR[0m codec_extension ThreadId(12) [2mzenoh_codec::common::extension[0m[2m:[0m Unknown Test ext: ZExtUnknown { Id: 0, Mandatory: true, Encoding: "Unit" }
[2m2026-09-14T12:52:20.744966Z[0m [31mERROR[0m codec_extension ThreadId(12) [2mzenoh_codec::common::extension[0m[2m:[0m Unknown Test ext: ZExtUnknown { Id: 0, Mandatory: true, Encoding: "Unit" }
[2m2026-09-14T12:52:20.744969Z[0m [31mERROR[0m codec_extension ThreadId(12) [2mzenoh_codec::common::extension[0m[2m:[0m Unknown Test ext: ZExtUnknown { Id: 0, Mandatory: true, Encoding: "Unit" }
[2m2026-09-14T12:52:20.744972Z[0m [31mERROR[0m codec_extension ThreadId(12) [2mzenoh_codec::common::extension[0m[2m:[0m Unknown Test ext: ZExtUnknown { Id: 0, Mandatory: true, Encoding: "Unit" }
[2m2026-09-14T12:52:20.744975Z[0m [31mERROR[0m codec_extension ThreadId(12) [2mzenoh_codec::common::extension[0m[2m:[0m Unknown Test ext: ZExtUnknown { Id: 0, Mandatory: true, Encoding: "Unit" }
[2m2026-09-14T12:52:20.744978Z[0m [31mERROR[0m codec_extension ThreadId(12) [2mzenoh_codec::common::extension[0m[2m:[0m Unknown Test ext: ZExtUnknown { Id: 0, Mandatory: true, Encoding: "Unit" }
[2m2026-09-14T12:52:20.744980Z[0m [31mERROR[0m codec_extension ThreadId(12) [2mzenoh_codec::common::extension[0m[2m:[0m Unknown Test ext: ZExtUnknown { Id: 0, Mandatory: true, Encoding: "Unit" }
[2m2026-09-14T12:52:20.744983Z[0m [31mERROR[0m codec_extension ThreadId(12) [2mzenoh_codec::common::extension[0m[2m:[0m Unknown Test ext: ZExtUnknown { Id: 0, Mandatory: true, Encoding: "Unit" }
[2m2026-09-14T12:52:20.744986Z[0m [31mERROR[0m codec_extension ThreadId(12) [2mzenoh_codec::common::extension[0m[2m:[0m Unknown Test ext: ZExtUnknown { Id: 0, Mandatory: true, Encoding: "Unit" }
[2m2026-09-14T12:52:20.745001Z[0m [31mERROR[0m codec_extension ThreadId(12) [2mzenoh_codec::common::extension[0m[2m:[0m Unknown Test ext: ZExtUnknown { Id: 0, Mandatory: true, Encoding: "Unit" }
[2m2026-09-14T12:52:20.745005Z[0m [31mERROR[0m codec_extension ThreadId(12) [2mzenoh_codec::common::extension[0m[2m:[0m Unknown Test ext: ZExtUnknown { Id: 0, Mandatory: true, Encoding: "Unit" }
[2m2026-09-14T12:52:20.745008Z[0m [31mERROR[0m codec_extension ThreadId(12) [2mzenoh_codec::common::extension[0m[2m:[0m Unknown Test ext: ZExtUnknown { Id: 0, Mandatory: true, Encoding: "Unit" }
[2m2026-09-14T12:52:20.745010Z[0m [31mERROR[0m codec_extension ThreadId(12) [2mzenoh_codec::common::extension[0m[2m:[0m Unknown Test ext: ZExtUnknown { Id: 0, Mandatory: true, Encoding: "Unit" }
[2m2026-09-14T12:52:20.745013Z[0m [31mERROR[0m codec_extension ThreadId(12) [2mzenoh_codec::common::extension[0m[2m:[0m Unknown Test ext: ZExtUnknown { Id: 0, Mandatory: true, Encoding: "Unit" }
[2m2026-09-14T12:52:20.745016Z[0m [31mERROR[0m codec_extension ThreadId(12) [2mzenoh_codec::common::extension[0m[2m:[0m Unknown Test ext: ZExtUnknown { Id: 0, Mandatory: true, Encoding: "Unit" }
[2m2026-09-14T12:52:20.745019Z[0m [31mERROR[0m codec_extension ThreadId(12) [2mzenoh_codec::common::extension[0m[2m:[0m Unknown Test ext: ZExtUnknown { Id: 0, Mandatory: true, Encoding: "Unit" }
[2m2026-09-14T12:52:20.745021Z[0m [31mERROR[0m codec_extension ThreadId(12) [2mzenoh_codec::common::extension[0m[2m:[0m Unknown Test ext: ZExtUnknown { Id: 0, Mandatory: true, Encoding: "Unit" }
[2m2026-09-14T12:52:20.745024Z[0m [31mERROR[0m codec_extension ThreadId(12) [2mzenoh_codec::common::extension[0m[2m:[0m Unknown Test ext: ZExtUnknown { Id: 0, Mandatory: true, Encoding: "Unit" }
[2m2026-09-14T12:52:20.745027Z[0m [31mERROR[0m codec_extension ThreadId(12) [2mzenoh_codec::common::extension[0m[2m:[0m Unknown Test ext: ZExtUnknown { Id: 0, Mandatory: true, Encoding: "Unit" }
[2m2026-09-14T12:52:20.745046Z[0m [31mERROR[0m codec_extension ThreadId(12) [2mzenoh_codec::common::extension[0m[2m:[0m Unknown Test ext: ZExtUnknown { Id: 0, Mandatory: true, Encoding: "Unit" }
[2m2026-09-14T12:52:20.745049Z[0m [31mERROR[0m codec_extension ThreadId(12) [2mzenoh_codec::common::extension[0m[2m:[0m Unknown Test ext: ZExtUnknown { Id: 0, Mandatory: true, Encoding: "Unit" }
[2m2026-09-14T12:52:20.745052Z[0m [31mERROR[0m codec_extension ThreadId(12) [2mzenoh_codec::common::extension[0m[2m:[0m Unknown Test ext: ZExtUnknown { Id: 0, Mandatory: true, Encoding: "Unit" }
[2m2026-09-14T12:52:20.745055Z[0m [31mERROR[0m codec_extension ThreadId(12) [2mzenoh_codec::common::extension[0m[2m:[0m Unknown Test ext: ZExtUnknown { Id: 0, Mandatory: true, Encoding: "Unit" }
[2m2026-09-14T12:52:20.745058Z[0m [31mERROR[0m codec_extension ThreadId(12) [2mzenoh_codec::common::extension[0m[2m:[0m Unknown Test ext: ZExtUnknown { Id: 0, Mandatory: true, Encoding: "Unit" }
[2m2026-09-14T12:52:20.745061Z[0m [31mERROR[0m codec_extension ThreadId(12) [2mzenoh_codec::common::extension[0m[2m:[0m Unknown Test ext: ZExtUnknown { Id: 0, Mandatory: true, Encoding: "Unit" }
[2m2026-09-14T12:52:20.745064Z[0m [31mERROR[0m codec_extension ThreadId(12) [2mzenoh_codec::common::extension[0m[2m:[0m Unknown Test ext: ZExtUnknown { Id: 0, Mandatory: true, Encoding: "Unit" }
[2m2026-09-14T12:52:20.745066Z[0m [31mERROR[0m codec_extension ThreadId(12) [2mzenoh_codec::common::extension[0m[2m:[0m Unknown Test ext: ZExtUnknown { Id: 0, Mandatory: true, Encoding: "Unit" }
[2m2026-09-14T12:52:20.745069Z[0m [31mERROR[0m codec_extension ThreadId(12) [2mzenoh_codec::common::extension[0m[2m:[0m Unknown Test ext: ZExtUnknown { Id: 0, Mandatory: true, Encoding: "Unit" }
[2m2026-09-14T12:52:20.745072Z[0m [31mERROR[0m codec_extension ThreadId(12) [2mzenoh_codec::common::extension[0m[2m:[0m Unknown Test ext: ZExtUnknown { Id: 0, Mandatory: true, Encoding: "Unit" }
[2m2026-09-14T12:52:20.745076Z[0m [31mERROR[0m codec_extension ThreadId(12) [2mzenoh_codec::common::extension[0m[2m:[0m Unknown Test ext: ZExtUnknown { Id: 0, Mandatory: true, Encoding: "Unit" }
[2m2026-09-14T12:52:20.745079Z[0m [31mERROR[0m codec_extension ThreadId(12) [2mzenoh_codec::common::extension[0m[2m:[0m Unknown Test ext: ZExtUnknown { Id: 0, Mandatory: true, Encoding: "Unit" }
[2m2026-09-14T12:52:20.745081Z[0m [31mERROR[0m codec_extension ThreadId(12) [2mzenoh_codec::common::extension[0m[2m:[0m Unknown Test ext: ZExtUnknown { Id: 0, Mandatory: true, Encoding: "Unit" }
[2m2026-09-14T12:52:20.745084Z[0m [31mERROR[0m codec_extension ThreadId(12) [2mzenoh_codec::common::extension[0m[2m:[0m Unknown Test ext: ZExtUnknown { Id: 0, Mandatory: true, Encoding: "Unit" }
[2m2026-09-14T12:52:20.745087Z[0m [31mERROR[0m codec_extension ThreadId(12) [2mzenoh_codec::common::extension[0m[2m:[0m Unknown Test ext: ZExtUnknown { Id: 0, Mandatory: true, Encoding: "Unit" }
[2m2026-09-14T12:52:20.745090Z[0m [31mERROR[0m codec_extension ThreadId(12) [2mzenoh_codec::common::extension[0m[2m:[0m Unknown Test ext: ZExtUnknown { Id: 0, Mandatory: true, Encoding: "Unit" }
[2m2026-09-14T12:52:20.745092Z[0m [31mERROR[0m codec_extension ThreadId(12) [2mzenoh_codec::common::extension[0m[2m:[0m Unknown Test ext: ZExtUnknown { Id: 0, Mandatory: true, Encoding: "Unit" }
[2m2026-09-14T12:52:20.745095Z[0m [31mERROR[0m codec_extension ThreadId(12) [2mzenoh_codec::common::extension[0m[2m:[0m Unknown Test ext: ZExtUnknown { Id: 0, Mandatory: true, Encoding: "Unit" }
[2m2026-09-14T12:52:20.745098Z[0m [31mERROR[0m codec_extension ThreadId(12) [2mzenoh_codec::common::extension[0m[2m:[0m Unknown Test ext: ZExtUnknown { Id: 0, Mandatory: true, Encoding: "Unit" }
[2m2026-09-14T12:52:20.745101Z[0m [31mERROR[0m codec_extension ThreadId(12) [2mzenoh_codec::common::extension[0m[2m:[0m Unknown Test ext: ZExtUnknown { Id: 0, Mandatory: true, Encoding: "Unit" }
[2m2026-09-14T12:52:20.745103Z[0m [31mERROR[0m codec_extension ThreadId(12) [2mzenoh_codec::common::extension[0m[2m:[0m Unknown Test ext: ZExtUnknown { Id: 0, Mandatory: true, Encoding: "Unit" }
[2m2026-09-14T12:52:20.745106Z[0m [31mERROR[0m codec_extension ThreadId(12) [2mzenoh_codec::common::extension[0m[2m:[0m Unknown Test ext: ZExtUnknown { Id: 0, Mandatory: true, Encoding: "Unit" }
[2m2026-09-14T12:52:20.745109Z[0m [31mERROR[0m codec_extension ThreadId(12) [2mzenoh_codec::common::extension[0m[2m:[0m Unknown Test ext: ZExtUnknown { Id: 0, Mandatory: true, Encoding: "Unit" }
[2m2026-09-14T12:52:20.745112Z[0m [31mERROR[0m codec_extension ThreadId(12) [2mzenoh_codec::common::extension[0m[2m:[0m Unknown Test ext: ZExtUnknown { Id: 0, Mandatory: true, Encoding: "Unit" }
[2m2026-09-14T12:52:20.745115Z[0m [31mERROR[0m codec_extension ThreadId(12) [2mzenoh_codec::common::extension[0m[2m:[0m Unknown Test ext: ZExtUnknown { Id: 0, Mandatory: true, Encoding: "Unit" }
[2m2026-09-14T12:52:20.745117Z[0m [31mERROR[0m codec_extension ThreadId(12) [2mzenoh_codec::common::extension[0m[2m:[0m Unknown Test ext: ZExtUnknown { Id: 0, Mandatory: true, Encoding: "Unit" }
[2m2026-09-14T12:52:20.745120Z[0m [31mERROR[0m codec_extension ThreadId(12) [2mzenoh_codec::common::extension[0m[2m:[0m Unknown Test ext: ZExtUnknown { Id: 0, Mandatory: true, Encoding: "Unit" }
[2m2026-09-14T12:52:20.745123Z[0m [31mERROR[0m codec_extension ThreadId(12) [2mzenoh_codec::common::extension[0m[2m:[0m Unknown Test ext: ZExtUnknown { Id: 0, Mandatory: true, Encoding: "Unit" }
[2m2026-09-14T12:52:20.745126Z[0m [31mERROR[0m codec_extension ThreadId(12) [2mzenoh_codec::common::extension[0m[2m:[0m Unknown Test ext: ZExtUnknown { Id: 0, Mandatory: true, Encoding: "Unit" }
[2m2026-09-14T12:52:20.745131Z[0m [31mERROR[0m codec_extension ThreadId(12) [2mzenoh_codec::common::extension[0m[2m:[0m Unknown Test ext: ZExtUnknown { Id: 0, Mandatory: true, Encoding: "Unit" }
[2m2026-09-14T12:52:20.745135Z[0m [31mERROR[0m codec_extension ThreadId(12) [2mzenoh_codec::common::extension[0m[2m:[0m Unknown Test ext: ZExtUnknown { Id: 0, Mandatory: true, Encoding: "Unit" }
[2m2026-09-14T12:52:20.745138Z[0m [31mERROR[0m codec_extension ThreadId(12) [2mzenoh_codec::common::extension[0m[2m:[0m Unknown Test ext: ZExtUnknown { Id: 0, Mandatory: true, Encoding: "Unit" }
[2m2026-09-14T12:52:20.745140Z[0m [31mERROR[0m codec_extension ThreadId(12) [2mzenoh_codec::common::extension[0m[2m:[0m Unknown Test ext: ZExtUnknown { Id: 0, Mandatory: true, Encoding: "Unit" }
[2m2026-09-14T12:52:20.745143Z[0m [31mERROR[0m codec_extension ThreadId(12) [2mzenoh_codec::common::extension[0m[2m:[0m Unknown Test ext: ZExtUnknown { Id: 0, Mandatory: true, Encoding: "Unit" }
[2m2026-09-14T12:52:20.745163Z[0m [31mERROR[0m codec_extension ThreadId(12) [2mzenoh_codec::common::extension[0m[2m:[0m Unknown Test ext: ZExtUnknown { Id: 0, Mandatory: true, Encoding: "Unit" }
[2m2026-09-14T12:52:20.745165Z[0m [31mERROR[0m codec_extension ThreadId(12) [2mzenoh_codec::common::extension[0m[2m:[0m Unknown Test ext: ZExtUnknown { Id: 0, Mandatory: true, Encoding: "Unit" }
[2m2026-09-14T12:52:20.745168Z[0m [31mERROR[0m codec_extension ThreadId(12) [2mzenoh_codec::common::extension[0m[2m:[0m Unknown Test ext: ZExtUnknown { Id: 0, Mandatory: true, Encoding: "Unit" }
[2m2026-09-14T12:52:20.745171Z[0m [31mERROR[0m codec_extension ThreadId(12) [2mzenoh_codec::common::extension[0m[2m:[0m Unknown Test ext: ZExtUnknown { Id: 0, Mandatory: true, Encoding: "Unit" }
[2m2026-09-14T12:52:20.745174Z[0m [31mERROR[0m codec_extension ThreadId(12) [2mzenoh_codec::common::extension[0m[2m:[0m Unknown Test ext: ZExtUnknown { Id: 0, Mandatory: true, Encoding: "Unit" }
[2m2026-09-14T12:52:20.745176Z[0m [31mERROR[0m codec_extension ThreadId(12) [2mzenoh_codec::common::extension[0m[2m:[0m Unknown Test ext: ZExtUnknown { Id: 0, Mandatory: true, Encoding: "Unit" }
[2m2026-09-14T12:52:20.745179Z[0m [31mERROR[0m codec_extension ThreadId(12) [2mzenoh_codec::common::extension[0m[2m:[0m Unknown Test ext: ZExtUnknown { Id: 0, Mandatory: true, Encoding: "Unit" }
[2m2026-09-14T12:52:20.745182Z[0m [31mERROR[0m codec_extension ThreadId(12) [2mzenoh_codec::common::extension[0m[2m:[0m Unknown Test ext: ZExtUnknown { Id: 0, Mandatory: true, Encoding: "Unit" }
[2m2026-09-14T12:52:20.745185Z[0m [31mERROR[0m codec_extension ThreadId(12) [2mzenoh_codec::common::extension[0m[2m:[0m Unknown Test ext: ZExtUnknown { Id: 0, Mandatory: true, Encoding: "Unit" }
[2m2026-09-14T12:52:20.745187Z[0m [31mERROR[0m codec_extension ThreadId(12) [2mzenoh_codec::common::extension[0m[2m:[0m Unknown Test ext: ZExtUnknown { Id: 0, Mandatory: true, Encoding: "Unit" }
[2m2026-09-14T12:52:20.745190Z[0m [31mERROR[0m codec_extension ThreadId(12) [2mzenoh_codec::common::extension[0m[2m:[0m Unknown Test ext: ZExtUnknown { Id: 0, Mandatory: true, Encoding: "Unit" }
[2m2026-09-14T12:52:20.745193Z[0m [31mERROR[0m codec_extension ThreadId(12) [2mzenoh_codec::common::extension[0m[2m:[0m Unknown Test ext: ZExtUnknown { Id: 0, Mandatory: true, Encoding: "Unit" }
[2m2026-09-14T12:52:20.745196Z[0m [31mERROR[0m codec_extension ThreadId(12) [2mzenoh_codec::common::extension[0m[2m:[0m Unknown Test ext: ZExtUnknown { Id: 0, Mandatory: true, Encoding: "Unit" }
[2m2026-09-14T12:52:20.745198Z[0m [31mERROR[0m codec_extension ThreadId(12) [2mzenoh_codec::common::extension[0m[2m:[0m Unknown Test ext: ZExtUnknown { Id: 0, Mandatory: true, Encoding: "Unit" }
[2m2026-09-14T12:52:20.745201Z[0m [31mERROR[0m codec_extension ThreadId(12) [2mzenoh_codec::common::extension[0m[2m:[0m Unknown Test ext: ZExtUnknown { Id: 0, Mandatory: true, Encoding: "Unit" }
[2m2026-09-14T12:52:20.745204Z[0m [31mERROR[0m codec_extension ThreadId(12) [2mzenoh_codec::common::extension[0m[2m:[0m Unknown Test ext: ZExtUnknown { Id: 0, Mandatory: true, Encoding: "Unit" }
[2m2026-09-14T12:52:20.745208Z[0m [31mERROR[0m codec_extension ThreadId(12) [2mzenoh_codec::common::extension[0m[2m:[0m Unknown Test ext: ZExtUnknown { Id: 0, Mandatory: true, Encoding: "Unit" }
[2m2026-09-14T12:52:20.745211Z[0m [31mERROR[0m codec_extension ThreadId(12) [2mzenoh_codec::common::extension[0m[2m:[0m Unknown Test ext: ZExtUnknown { Id: 0, Mandatory: true, Encoding: "Unit" }
[2m2026-09-14T12:52:20.745213Z[0m [31mERROR[0m codec_extension ThreadId(12) [2mzenoh_codec::common::extension[0m[2m:[0m Unknown Test ext: ZExtUnknown { Id: 0, Mandatory: true, Encoding: "Unit" }
[2m2026-09-14T12:52:20.745216Z[0m [31mERROR[0m codec_extension ThreadId(12) [2mzenoh_codec::common::extension[0m[2m:[0m Unknown Test ext: ZExtUnknown { Id: 0, Mandatory: true, Encoding: "Unit" }
[2m2026-09-14T12:52:20.745219Z[0m [31mERROR[0m codec_extension ThreadId(12) [2mzenoh_codec::common::extension[0m[2m:[0m Unknown Test ext: ZExtUnknown { Id: 0, Mandatory: true, Encoding: "Unit" }
[2m2026-09-14T12:52:20.745222Z[0m [31mERROR[0m codec_extension ThreadId(12) [2mzenoh_codec::common::extension[0m[2m:[0m Unknown Test ext: ZExtUnknown { Id: 0, Mandatory: true, Encoding: "Unit" }
[2m2026-09-14T12:52:20.745224Z[0m [31mERROR[0m codec_extension ThreadId(12) [2mzenoh_codec::common::extension[0m[2m:[0m Unknown Test ext: ZExtUnknown { Id: 0, Mandatory: true, Encoding: "Unit" }
[2m2026-09-14T12:52:20.745227Z[0m [31mERROR[0m codec_extension ThreadId(12) [2mzenoh_codec::common::extension[0m[2m:[0m Unknown Test ext: ZExtUnknown { Id: 0, Mandatory: true, Encoding: "Unit" }
[2m2026-09-14T12:52:20.745230Z[0m [31mERROR[0m codec_extension ThreadId(12) [2mzenoh_codec::common::extension[0m[2m:[0m Unknown Test ext: ZExtUnknown { Id: 0, Mandatory: true, Encoding: "Unit" }
[2m2026-09-14T12:52:20.745233Z[0m [31mERROR[0m codec_extension ThreadId(12) [2mzenoh_codec::common::extension[0m[2m:[0m Unknown Test ext: ZExtUnknown { Id: 0, Mandatory: true, Encoding: "Unit" }
[2m2026-09-14T12:52:20.745235Z[0m [31mERROR[0m codec_extension ThreadId(12) [2mzenoh_codec::common::extension[0m[2m:[0m Unknown Test ext: ZExtUnknown { Id: 0, Mandatory: true, Encoding: "Unit" }
[2m2026-09-14T12:52:20.745242Z[0m [31mERROR[0m codec_extension ThreadId(12) [2mzenoh_codec::common::extension[0m[2m:[0m Unknown Test ext: ZExtUnknown { Id: 0, Mandatory: true, Encoding: "Unit" }
[2m2026-09-14T12:52:20.745244Z[0m [31mERROR[0m codec_extension ThreadId(12) [2mzenoh_codec::common::extension[0m[2m:[0m Unknown Test ext: ZExtUnknown { Id: 0, Mandatory: true, Encoding: "Unit" }
[2m2026-09-14T12:52:20.745247Z[0m [31mERROR[0m codec_extension ThreadId(12) [2mzenoh_codec::common::extension[0m[2m:[0m Unknown Test ext: ZExtUnknown { Id: 0, Mandatory: true, Encoding: "Unit" }
[2m2026-09-14T12:52:20.745250Z[0m [31mERROR[0m codec_extension ThreadId(12) [2mzenoh_codec::common::extension[0m[2m:[0m Unknown Test ext: ZExtUnknown { Id: 0, Mandatory: true, Encoding: "Unit" }
[2m2026-09-14T12:52:20.745253Z[0m [31mERROR[0m codec_extension ThreadId(12) [2mzenoh_codec::common::extension[0m[2m:[0m Unknown Test ext: ZExtUnknown { Id: 0, Mandatory: true, Encoding: "Unit" }
[2m2026-09-14T12:52:20.745255Z[0m [31mERROR[0m codec_extension ThreadId(12) [2mzenoh_codec::common::extension[0m[2m:[0m Unknown Test ext: ZExtUnknown { Id: 0, Mandatory: true, Encoding: "Unit" }
[2m2026-09-14T12:52:20.745258Z[0m [31mERROR[0m codec_extension ThreadId(12) [2mzenoh_codec::common::extension[0m[2m:[0m Unknown Test ext: ZExtUnknown { Id: 0, Mandatory: true, Encoding: "Unit" }
[2m2026-09-14T12:52:20.745261Z[0m [31mERROR[0m codec_extension ThreadId(12) [2mzenoh_codec::common::extension[0m[2m:[0m Unknown Test ext: ZExtUnknown { Id: 0, Mandatory: true, Encoding: "Unit" }
[2m2026-09-14T12:52:20.745264Z[0m [31mERROR[0m codec_extension ThreadId(12) [2mzenoh_codec::common::extension[0m[2m:[0m Unknown Test ext: ZExtUnknown { Id: 0, Mandatory: true, Encoding: "Unit" }
[2m2026-09-14T12:52:20.745268Z[0m [31mERROR[0m codec_extension ThreadId(12) [2mzenoh_codec::common::extension[0m[2m:[0m Unknown Test ext: ZExtUnknown { Id: 0, Mandatory: true, Encoding: "Unit" }
[2m2026-09-14T12:52:20.745279Z[0m [31mERROR[0m codec_extension ThreadId(12) [2mzenoh_codec::common::extension[0m[2m:[0m Unknown Test ext: ZExtUnknown { Id: 0, Mandatory: true, Encoding: "Unit" }
[2m2026-09-14T12:52:20.745282Z[0m [31mERROR[0m codec_extension ThreadId(12) [2mzenoh_codec::common::extension[0m[2m:[0m Unknown Test ext: ZExtUnknown { Id: 0, Mandatory: true, Encoding: "Unit" }
[2m2026-09-14T12:52:20.745285Z[0m [31mERROR[0m codec_extension ThreadId(12) [2mzenoh_codec::common::extension[0m[2m:[0m Unknown Test ext: ZExtUnknown { Id: 0, Mandatory: true, Encoding: "Unit" }
[2m2026-09-14T12:52:20.745288Z[0m [31mERROR[0m codec_extension ThreadId(12) [2mzenoh_codec::common::extension[0m[2m:[0m Unknown Test ext: ZExtUnknown { Id: 0, Mandatory: true, Encoding: "Unit" }
[2m2026-09-14T12:52:20.745291Z[0m [31mERROR[0m codec_extension ThreadId(12) [2mzenoh_codec::common::extension[0m[2m:[0m Unknown Test ext: ZExtUnknown { Id: 0, Mandatory: true, Encoding: "Unit" }
[2m2026-09-14T12:52:20.745293Z[0m [31mERROR[0m codec_extension ThreadId(12) [2mzenoh_codec::common::extension[0m[2m:[0m Unknown Test ext: ZExtUnknown { Id: 0, Mandatory: true, Encoding: "Unit" }
[2m2026-09-14T12:52:20.745296Z[0m [31mERROR[0m codec_extension ThreadId(12) [2mzenoh_codec::common::extension[0m[2m:[0m Unknown Test ext: ZExtUnknown { Id: 0, Mandatory: true, Encoding: "Unit" }
[2m2026-09-14T12:52:20.745302Z[0m [31mERROR[0m codec_extension ThreadId(12) [2mzenoh_codec::common::extension[0m[2m:[0m Unknown Test ext: ZExtUnknown { Id: 0, Mandatory: true, Encoding: "Unit" }
[2m2026-09-14T12:52:20.745305Z[0m [31mERROR[0m codec_extension ThreadId(12) [2mzenoh_codec::common::extension[0m[2m:[0m Unknown Test ext: ZExtUnknown { Id: 0, Mandatory: true, Encoding: "Unit" }
[2m2026-09-14T12:52:20.745307Z[0m [31mERROR[0m codec_extension ThreadId(12) [2mzenoh_codec::common::extension[0m[2m:[0m Unknown Test ext: ZExtUnknown { Id: 0, Mandatory: true, Encoding: "Unit" }
[2m2026-09-14T12:52:20.745310Z[0m [31mERROR[0m codec_extension ThreadId(12) [2mzenoh_codec::common::extension[0m[2m:[0m Unknown Test ext: ZExtUnknown { Id: 0, Mandatory: true, Encoding: "Unit" }
[2m2026-09-14T12:52:20.745313Z[0m [31mERROR[0m codec_extension ThreadId(12) [2mzenoh_codec::common::extension[0m[2m:[0m Unknown Test ext: ZExtUnknown { Id: 0, Mandatory: true, Encoding: "Unit" }
[2m2026-09-14T12:52:20.745315Z[0m [31mERROR[0m codec_extension ThreadId(12) [2mzenoh_codec::common::extension[0m[2m:[0m Unknown Test ext: ZExtUnknown { Id: 0, Mandatory: true, Encoding: "Unit" }
[2m2026-09-14T12:52:20.745318Z[0m [31mERROR[0m codec_extension ThreadId(12) [2mzenoh_codec::common::extension[0m[2m:[0m Unknown Test ext: ZExtUnknown { Id: 0, Mandatory: true, Encoding: "Unit" }
[2m2026-09-14T12:52:20.745321Z[0m [31mERROR[0m codec_extension ThreadId(12) [2mzenoh_codec::common::extension[0m[2m:[0m Unknown Test ext: ZExtUnknown { Id: 0, Mandatory: true, Encoding: "Unit" }
[2m2026-09-14T12:52:20.745324Z[0m [31mERROR[0m codec_extension ThreadId(12) [2mzenoh_codec::common::extension[0m[2m:[0m Unknown Test ext: ZExtUnknown { Id: 0, Mandatory: true, Encoding: "Unit" }
[2m2026-09-14T12:52:20.745327Z[0m [31mERROR[0m codec_extension ThreadId(12) [2mzenoh_codec::common::extension[0m[2m:[0m Unknown Test ext: ZExtUnknown { Id: 0, Mandatory: true, Encoding: "Unit" }
[2m2026-09-14T12:52:20.745333Z[0m [31mERROR[0m codec_extension ThreadId(12) [2mzenoh_codec::common::extension[0m[2m:[0m Unknown Test ext: ZExtUnknown { Id: 0, Mandatory: true, Encoding: "Unit" }
[2m2026-09-14T12:52:20.745336Z[0m [31mERROR[0m codec_extension ThreadId(12) [2mzenoh_codec::common::extension[0m[2m:[0m Unknown Test ext: ZExtUnknown { Id: 0, Mandatory: true, Encoding: "Unit" }
[2m2026-09-14T12:52:20.745339Z[0m [31mERROR[0m codec_extension ThreadId(12) [2mzenoh_codec::common::extension[0m[2m:[0m Unknown Test ext: ZExtUnknown { Id: 0, Mandatory: true, Encoding: "Unit" }
[2m2026-09-14T12:52:20.745349Z[0m [31mERROR[0m codec_extension ThreadId(12) [2mzenoh_codec::common::extension[0m[2m:[0m Unknown Test ext: ZExtUnknown { Id: 0, Mandatory: true, Encoding: "Unit" }
[2m2026-09-14T12:52:20.745352Z[0m [31mERROR[0m codec_extension ThreadId(12) [2mzenoh_codec::common::extension[0m[2m:[0m Unknown Test ext: ZExtUnknown { Id: 0, Mandatory: true, Encoding: "Unit" }
[2m2026-09-14T12:52:20.745355Z[0m [31mERROR[0m codec_extension ThreadId(12) [2mzenoh_codec::common::extension[0m[2m:[0m Unknown Test ext: ZExtUnknown { Id: 0, Mandatory: true, Encoding: "Unit" }
[2m2026-09-14T12:52:20.745358Z[0m [31mERROR[0m codec_extension ThreadId(12) [2mzenoh_codec::common::extension[0m[2m:[0m Unknown Test ext: ZExtUnknown { Id: 0, Mandatory: true, Encoding: "Unit" }
[2m2026-09-14T12:52:20.745361Z[0m [31mERROR[0m codec_extension ThreadId(12) [2mzenoh_codec::common::extension[0m[2m:[0m Unknown Test ext: ZExtUnknown { Id: 0, Mandatory: true, Encoding: "Unit" }
[2m2026-09-14T12:52:20.745363Z[0m [31mERROR[0m codec_extension ThreadId(12) [2mzenoh_codec::common::extension[0m[2m:[0m Unknown Test ext: ZExtUnknown { Id: 0, Mandatory: true, Encoding: "Unit" }
[2m2026-09-14T12:52:20.745366Z[0m [31mERROR[0m codec_extension ThreadId(12) [2mzenoh_codec::common::extension[0m[2m:[0m Unknown Test ext: ZExtUnknown { Id: 0, Mandatory: true, Encoding: "Unit" }
[2m2026-09-14T12:52:20.745384Z[0m [31mERROR[0m codec_extension ThreadId(12) [2mzenoh_codec::common::extension[0m[2m:[0m Unknown Test ext: ZExtUnknown { Id: 0, Mandatory: true, Encoding: "Unit" }
[2m2026-09-14T12:52:20.745387Z[0m [31mERROR[0m codec_extension ThreadId(12) [2mzenoh_codec::common::extension[0m[2m:[0m Unknown Test ext: ZExtUnknown { Id: 0, Mandatory: true, Encoding: "Unit" }
[2m2026-09-14T12:52:20.745390Z[0m [31mERROR[0m codec_extension ThreadId(12) [2mzenoh_codec::common::extension[0m[2m:[0m Unknown Test ext: ZExtUnknown { Id: 0, Mandatory: true, Encoding: "Unit" }
[2m2026-09-14T12:52:20.745392Z[0m [31mERROR[0m codec_extension ThreadId(12) [2mzenoh_codec::common::extension[0m[2m:[0m Unknown Test ext: ZExtUnknown { Id: 0, Mandatory: true, Encoding: "Unit" }
[2m2026-09-14T12:52:20.745398Z[0m [31mERROR[0m codec_extension ThreadId(12) [2mzenoh_codec::common::extension[0m[2m:[0m Unknown Test ext: ZExtUnknown { Id: 0, Mandatory: true, Encoding: "Unit" }
[2m2026-09-14T12:52:20.745401Z[0m [31mERROR[0m codec_extension ThreadId(12) [2mzenoh_codec::common::extension[0m[2m:[0m Unknown Test ext: ZExtUnknown { Id: 0, Mandatory: true, Encoding: "Unit" }
[2m2026-09-14T12:52:20.745403Z[0m [31mERROR[0m codec_extension ThreadId(12) [2mzenoh_codec::common::extension[0m[2m:[0m Unknown Test ext: ZExtUnknown { Id: 0, Mandatory: true, Encoding: "Unit" }
[2m2026-09-14T12:52:20.745406Z[0m [31mERROR[0m codec_extension ThreadId(12) [2mzenoh_codec::common::extension[0m[2m:[0m Unknown Test ext: ZExtUnknown { Id: 0, Mandatory: true, Encoding: "Unit" }
[2m2026-09-14T12:52:20.745409Z[0m [31mERROR[0m codec_extension ThreadId(12) [2mzenoh_codec::common::extension[0m[2m:[0m Unknown Test ext: ZExtUnknown { Id: 0, Mandatory: true, Encoding: "Unit" }
[2m2026-09-14T12:52:20.745411Z[0m [31mERROR[0m codec_extension ThreadId(12) [2mzenoh_codec::common::extension[0m[2m:[0m Unknown Test ext: ZExtUnknown { Id: 0, Mandatory: true, Encoding: "Unit" }
[2m2026-09-14T12:52:20.745414Z[0m [31mERROR[0m codec_extension ThreadId(12) [2mzenoh_codec::common::extension[0m[2m:[0m Unknown Test ext: ZExtUnknown { Id: 0, Mandatory: true, Encoding: "Unit" }
[2m2026-09-14T12:52:20.745417Z[0m [31mERROR[0m codec_extension ThreadId(12) [2mzenoh_codec::common::extension[0m[2m:[0m Unknown Test ext: ZExtUnknown { Id: 0, Mandatory: true, Encoding: "Unit" }
[2m2026-09-14T12:52:20.745419Z[0m [31mERROR[0m codec_extension ThreadId(12) [2mzenoh_codec::common::extension[0m[2m:[0m Unknown Test ext: ZExtUnknown { Id: 0, Mandatory: true, Encoding: "Unit" }
[2m2026-09-14T12:52:20.745431Z[0m [31mERROR[0m codec_extension ThreadId(12) [2mzenoh_codec::common::extension[0m[2m:[0m Unknown Test ext: ZExtUnknown { Id: 0, Mandatory: true, Encoding: "Unit" }
[2m2026-09-14T12:52:20.745434Z[0m [31mERROR[0m codec_extension ThreadId(12) [2mzenoh_codec::common::extension[0m[2m:[0m Unknown Test ext: ZExtUnknown { Id: 0, Mandatory: true, Encoding: "Unit" }
[2m2026-09-14T12:52:20.745436Z[0m [31mERROR[0m codec_extension ThreadId(12) [2mzenoh_codec::common::extension[0m[2m:[0m Unknown Test ext: ZExtUnknown { Id: 0, Mandatory: true, Encoding: "Unit" }
[2m2026-09-14T12:52:20.745442Z[0m [31mERROR[0m codec_extension ThreadId(12) [2mzenoh_codec::common::extension[0m[2m:[0m Unknown Test ext: ZExtUnknown { Id: 0, Mandatory: true, Encoding: "Unit" }
[2m2026-09-14T12:52:20.745445Z[0m [31mERROR[0m codec_extension ThreadId(12) [2mzenoh_codec::common::extension[0m[2m:[0m Unknown Test ext: ZExtUnknown { Id: 0, Mandatory: true, Encoding: "Unit" }
[2m2026-09-14T12:52:20.745448Z[0m [31mERROR[0m codec_extension ThreadId(12) [2mzenoh_codec::common::extension[0m[2m:[0m Unknown Test ext: ZExtUnknown { Id: 0, Mandatory: true, Encoding: "Unit" }
[2m2026-09-14T12:52:20.745450Z[0m [31mERROR[0m codec_extension ThreadId(12) [2mzenoh_codec::common::extension[0m[2m:[0m Unknown Test ext: ZExtUnknown { Id: 0, Mandatory: true, Encoding: "Unit" }
[2m2026-09-14T12:52:20.745453Z[0m [31mERROR[0m codec_extension ThreadId(12) [2mzenoh_codec::common::extension[0m[2m:[0m Unknown Test ext: ZExtUnknown { Id: 0, Mandatory: true, Encoding: "Unit" }
[2m2026-09-14T12:52:20.745456Z[0m [31mERROR[0m codec_extension ThreadId(12) [2mzenoh_codec::common::extension[0m[2m:[0m Unknown Test ext: ZExtUnknown { Id: 0, Mandatory: true, Encoding: "Unit" }
[2m2026-09-14T12:52:20.745458Z[0m [31mERROR[0m codec_extension ThreadId(12) [2mzenoh_codec::common::extension[0m[2m:[0m Unknown Test ext: ZExtUnknown { Id: 0, Mandatory: true, Encoding: "Unit" }
[2m2026-09-14T12:52:20.745461Z[0m [31mERROR[0m codec_extension ThreadId(12) [2mzenoh_codec::common::extension[0m[2m:[0m Unknown Test ext: ZExtUnknown { Id: 0, Mandatory: true, Encoding: "Unit" }
[2m2026-09-14T12:52:20.745464Z[0m [31mERROR[0m codec_extension ThreadId(12) [2mzenoh_codec::common::extension[0m[2m:[0m Unknown Test ext: ZExtUnknown { Id: 0, Mandatory: true, Encoding: "Unit" }
[2m2026-09-14T12:52:20.745467Z[0m [31mERROR[0m codec_extension ThreadId(12) [2mzenoh_codec::common::extension[0m[2m:[0m Unknown Test ext: ZExtUnknown { Id: 0, Mandatory: true, Encoding: "Unit" }
[2m2026-09-14T12:52:20.745469Z[0m [31mERROR[0m codec_extension ThreadId(12) [2mzenoh_codec::common::extension[0m[2m:[0m Unknown Test ext: ZExtUnknown { Id: 0, Mandatory: true, Encoding: "Unit" }
[2m2026-09-14T12:52:20.745472Z[0m [31mERROR[0m codec_extension ThreadId(12) [2mzenoh_codec::common::extension[0m[2m:[0m Unknown Test ext: ZExtUnknown { Id: 0, Mandatory: true, Encoding: "Unit" }
[2m2026-09-14T12:52:20.745475Z[0m [31mERROR[0m codec_extension ThreadId(12) [2mzenoh_codec::common::extension[0m[2m:[0m Unknown Test ext: ZExtUnknown { Id: 0, Mandatory: true, Encoding: "Unit" }
[2m2026-09-14T12:52:20.745477Z[0m [31mERROR[0m codec_extension ThreadId(12) [2mzenoh_codec::common::extension[0m[2m:[0m Unknown Test ext: ZExtUnknown { Id: 0, Mandatory: true, Encoding: "Unit" }
[2m2026-09-14T12:52:20.745480Z[0m [31mERROR[0m codec_extension ThreadId(12) [2mzenoh_codec::common::extension[0m[2m:[0m Unknown Test ext: ZExtUnknown { Id: 0, Mandatory: true, Encoding: "Unit" }
[2m2026-09-14T12:52:20.745483Z[0m [31mERROR[0m codec_extension ThreadId(12) [2mzenoh_codec::common::extension[0m[2m:[0m Unknown Test ext: ZExtUnknown { Id: 0, Mandatory: true, Encoding: "Unit" }
[2m2026-09-14T12:52:20.745486Z[0m [31mERROR[0m codec_extension ThreadId(12) [2mzenoh_codec::common::extension[0m[2m:[0m Unknown Test ext: ZExtUnknown { Id: 0, Mandatory: true, Encoding: "Unit" }
[2m2026-09-14T12:52:20.745494Z[0m [31mERROR[0m codec_extension ThreadId(12) [2mzenoh_codec::common::extension[0m[2m:[0m Unknown Test ext: ZExtUnknown { Id: 0, Mandatory: true, Encoding: "Unit" }
[2m2026-09-14T12:52:20.745498Z[0m [31mERROR[0m codec_extension ThreadId(12) [2mzenoh_codec::common::extension[0m[2m:[0m Unknown Test ext: ZExtUnknown { Id: 0, Mandatory: true, Encoding: "Unit" }
[2m2026-09-14T12:52:20.745502Z[0m [31mERROR[0m codec_extension ThreadId(12) [2mzenoh_codec::common::extension[0m[2m:[0m Unknown Test ext: ZExtUnknown { Id: 0, Mandatory: true, Encoding: "Unit" }
[2m2026-09-14T12:52:20.745505Z[0m [31mERROR[0m codec_extension ThreadId(12) [2mzenoh_codec::common::extension[0m[2m:[0m Unknown Test ext: ZExtUnknown { Id: 0, Mandatory: true, Encoding: "Unit" }
[2m2026-09-14T12:52:20.745508Z[0m [31mERROR[0m codec_extension ThreadId(12) [2mzenoh_codec::common::extension[0m[2m:[0m Unknown Test ext: ZExtUnknown { Id: 0, Mandatory: true, Encoding: "Unit" }
[2m2026-09-14T12:52:20.745511Z[0m [31mERROR[0m codec_extension ThreadId(12) [2mzenoh_codec::common::extension[0m[2m:[0m Unknown Test ext: ZExtUnknown { Id: 0, Mandatory: true, Encoding: "Unit" }
[2m2026-09-14T12:52:20.745513Z[0m [31mERROR[0m codec_extension ThreadId(12) [2mzenoh_codec::common::extension[0m[2m:[0m Unknown Test ext: ZExtUnknown { Id: 0, Mandatory: true, Encoding: "Unit" }
[2m2026-09-14T12:52:20.745516Z[0m [31mERROR[0m codec_extension ThreadId(12) [2mzenoh_codec::common::extension[0m[2m:[0m Unknown Test ext: ZExtUnknown { Id: 0, Mandatory: true, Encoding: "Unit" }
[2m2026-09-14T12:52:20.745519Z[0m [31mERROR[0m codec_extension ThreadId(12) [2mzenoh_codec::common::extension[0m[2m:[0m Unknown Test ext: ZExtUnknown { Id: 0, Mandatory: true, Encoding: "Unit" }
[2m2026-09-14T12:52:20.745522Z[0m [31mERROR[0m codec_extension ThreadId(12) [2mzenoh_codec::common::extension[0m[2m:[0m Unknown Test ext: ZExtUnknown { Id: 0, Mandatory: true, Encoding: "Unit" }
[2m2026-09-14T12:52:20.745524Z[0m [31mERROR[0m codec_extension ThreadId(12) [2mzenoh_codec::common::extension[0m[2m:[0m Unknown Test ext: ZExtUnknown { Id: 0, Mandatory: true, Encoding: "Unit" }
[2m2026-09-14T12:52:20.745527Z[0m [31mERROR[0m codec_extension ThreadId(12) [2mzenoh_codec::common::extension[0m[2m:[0m Unknown Test ext: ZExtUnknown { Id: 0, Mandatory: true, Encoding: "Unit" }
[2m2026-09-14T12:52:20.745530Z[0m [31mERROR[0m codec_extension ThreadId(12) [2mzenoh_codec::common::extension[0m[2m:[0m Unknown Test ext: ZExtUnknown { Id: 0, Mandatory: true, Encoding: "Unit" }
[2m2026-09-14T12:52:20.745532Z[0m [31mERROR[0m codec_extension ThreadId(12) [2mzenoh_codec::common::extension[0m[2m:[0m Unknown Test ext: ZExtUnknown { Id: 0, Mandatory: true, Encoding: "Unit" }
[2m2026-09-14T12:52:20.745535Z[0m [31mERROR[0m codec_extension ThreadId(12) [2mzenoh_codec::common::extension[0m[2m:[0m Unknown Test ext: ZExtUnknown { Id: 0, Mandatory: true, Encoding: "Unit" }
[2m2026-09-14T12:52:20.745538Z[0m [31mERROR[0m codec_extension ThreadId(12) [2mzenoh_codec::common::extension[0m[2m:[0m Unknown Test ext: ZExtUnknown { Id: 0, Mandatory: true, Encoding: "Unit" }
[2m2026-09-14T12:52:20.745541Z[0m [31mERROR[0m codec_extension ThreadId(12) [2mzenoh_codec::common::extension[0m[2m:[0m Unknown Test ext: ZExtUnknown { Id: 0, Mandatory: true, Encoding: "Unit" }
[2m2026-09-14T12:52:20.745543Z[0m [31mERROR[0m codec_extension ThreadId(12) [2mzenoh_codec::common::extension[0m[2m:[0m Unknown Test ext: ZExtUnknown { Id: 0, Mandatory: true, Encoding: "Unit" }
[2m2026-09-14T12:52:20.745546Z[0m [31mERROR[0m codec_extension ThreadId(12) [2mzenoh_codec::common::extension[0m[2m:[0m Unknown Test ext: ZExtUnknown { Id: 0, Mandatory: true, Encoding: "Unit" }
[2m2026-09-14T12:52:20.745549Z[0m [31mERROR[0m codec_extension ThreadId(12) [2mzenoh_codec::common::extension[0m[2m:[0m Unknown Test ext: ZExtUnknown { Id: 0, Mandatory: true, Encoding: "Unit" }
[2m2026-09-14T12:52:20.745564Z[0m [31mERROR[0m codec_extension ThreadId(12) [2mzenoh_codec::common::extension[0m[2m:[0m Unknown Test ext: ZExtUnknown { Id: 0, Mandatory: true, Encoding: "Unit" }
[2m2026-09-14T12:52:20.745567Z[0m [31mERROR[0m codec_extension ThreadId(12) [2mzenoh_codec::common::extension[0m[2m:[0m Unknown Test ext: ZExtUnknown { Id: 0, Mandatory: true, Encoding: "Unit" }
[2m2026-09-14T12:52:20.745570Z[0m [31mERROR[0m codec_extension ThreadId(12) [2mzenoh_codec::common::extension[0m[2m:[0m Unknown Test ext: ZExtUnknown { Id: 0, Mandatory: true, Encoding: "Unit" }
[2m2026-09-14T12:52:20.745573Z[0m [31mERROR[0m codec_extension ThreadId(12) [2mzenoh_codec::common::extension[0m[2m:[0m Unknown Test ext: ZExtUnknown { Id: 0, Mandatory: true, Encoding: "Unit" }
[2m2026-09-14T12:52:20.745576Z[0m [31mERROR[0m codec_extension ThreadId(12) [2mzenoh_codec::common::extension[0m[2m:[0m Unknown Test ext: ZExtUnknown { Id: 0, Mandatory: true, Encoding: "Unit" }
[2m2026-09-14T12:52:20.745578Z[0m [31mERROR[0m codec_extension ThreadId(12) [2mzenoh_codec::common::extension[0m[2m:[0m Unknown Test ext: ZExtUnknown { Id: 0, Mandatory: true, Encoding: "Unit" }
[2m2026-09-14T12:52:20.745581Z[0m [31mERROR[0m codec_extension ThreadId(12) [2mzenoh_codec::common::extension[0m[2m:[0m Unknown Test ext: ZExtUnknown { Id: 0, Mandatory: true, Encoding: "Unit" }
[2m2026-09-14T12:52:20.745584Z[0m [31mERROR[0m codec_extension ThreadId(12) [2mzenoh_codec::common::extension[0m[2m:[0m Unknown Test ext: ZExtUnknown { Id: 0, Mandatory: true, Encoding: "Unit" }
[2m2026-09-14T12:52:20.745587Z[0m [31mERROR[0m codec_extension ThreadId(12) [2mzenoh_codec::common::extension[0m[2m:[0m Unknown Test ext: ZExtUnknown { Id: 0, Mandatory: true, Encoding: "Unit" }
[2m2026-09-14T12:52:20.745589Z[0m [31mERROR[0m codec_extension ThreadId(12) [2mzenoh_codec::common::extension[0m[2m:[0m Unknown Test ext: ZExtUnknown { Id: 0, Mandatory: true, Encoding: "Unit" }
[2m2026-09-14T12:52:20.745592Z[0m [31mERROR[0m codec_extension ThreadId(12) [2mzenoh_codec::common::extension[0m[2m:[0m Unknown Test ext: ZExtUnknown { Id: 0, Mandatory: true, Encoding: "Unit" }
[2m2026-09-14T12:52:20.745609Z[0m [31mERROR[0m codec_extension ThreadId(12) [2mzenoh_codec::common::extension[0m[2m:[0m Unknown Test ext: ZExtUnknown { Id: 0, Mandatory: true, Encoding: "Unit" }
[2m2026-09-14T12:52:20.745612Z[0m [31mERROR[0m codec_extension ThreadId(12) [2mzenoh_codec::common::extension[0m[2m:[0m Unknown Test ext: ZExtUnknown { Id: 0, Mandatory: true, Encoding: "Unit" }
[2m2026-09-14T12:52:20.745615Z[0m [31mERROR[0m codec_extension ThreadId(12) [2mzenoh_codec::common::extension[0m[2m:[0m Unknown Test ext: ZExtUnknown { Id: 0, Mandatory: true, Encoding: "Unit" }
[2m2026-09-14T12:52:20.745618Z[0m [31mERROR[0m codec_extension ThreadId(12) [2mzenoh_codec::common::extension[0m[2m:[0m Unknown Test ext: ZExtUnknown { Id: 0, Mandatory: true, Encoding: "Unit" }
[2m2026-09-14T12:52:20.745620Z[0m [31mERROR[0m codec_extension ThreadId(12) [2mzenoh_codec::common::extension[0m[2m:[0m Unknown Test ext: ZExtUnknown { Id: 0, Mandatory: true, Encoding: "Unit" }
[2m2026-09-14T12:52:20.745623Z[0m [31mERROR[0m codec_extension ThreadId(12) [2mzenoh_codec::common::extension[0m[2m:[0m Unknown Test ext: ZExtUnknown { Id: 0, Mandatory: true, Encoding: "Unit" }
[2m2026-09-14T12:52:20.745626Z[0m [31mERROR[0m codec_extension ThreadId(12) [2mzenoh_codec::common::extension[0m[2m:[0m Unknown Test ext: ZExtUnknown { Id: 0, Mandatory: true, Encoding: "Unit" }
[2m2026-09-14T12:52:20.745628Z[0m [31mERROR[0m codec_extension ThreadId(12) [2mzenoh_codec::common::extension[0m[2m:[0m Unknown Test ext: ZExtUnknown { Id: 0, Mandatory: true, Encoding: "Unit" }
[2m2026-09-14T12:52:20.745634Z[0m [31mERROR[0m codec_extension ThreadId(12) [2mzenoh_codec::common::extension[0m[2m:[0m Unknown Test ext: ZExtUnknown { Id: 0, Mandatory: true, Encoding: "Unit" }
[2m2026-09-14T12:52:20.745649Z[0m [31mERROR[0m codec_extension ThreadId(12) [2mzenoh_codec::common::extension[0m[2m:[0m Unknown Test ext: ZExtUnknown { Id: 0, Mandatory: true, Encoding: "Unit" }
[2m2026-09-14T12:52:20.745653Z[0m [31mERROR[0m codec_extension ThreadId(12) [2mzenoh_codec::common::extension[0m[2m:[0m Unknown Test ext: ZExtUnknown { Id: 0, Mandatory: true, Encoding: "Unit" }
[2m2026-09-14T12:52:20.745656Z[0m [31mERROR[0m codec_extension ThreadId(12) [2mzenoh_codec::common::extension[0m[2m:[0m Unknown Test ext: ZExtUnknown { Id: 0, Mandatory: true, Encoding: "Unit" }
[2m2026-09-14T12:52:20.745659Z[0m [31mERROR[0m codec_extension ThreadId(12) [2mzenoh_codec::common::extension[0m[2m:[0m Unknown Test ext: ZExtUnknown { Id: 0, Mandatory: true, Encoding: "Unit" }
[2m2026-09-14T12:52:20.745662Z[0m [31mERROR[0m codec_extension ThreadId(12) [2mzenoh_codec::common::extension[0m[2m:[0m Unknown Test ext: ZExtUnknown { Id: 0, Mandatory: true, Encoding: "Unit" }
[2m2026-09-14T12:52:20.745664Z[0m [31mERROR[0m codec_extension ThreadId(12) [2mzenoh_codec::common::extension[0m[2m:[0m Unknown Test ext: ZExtUnknown { Id: 0, Mandatory: true, Encoding: "Unit" }
[2m2026-09-14T12:52:20.745667Z[0m [31mERROR[0m codec_extension ThreadId(12) [2mzenoh_codec::common::extension[0m[2m:[0m Unknown Test ext: ZExtUnknown { Id: 0, Mandatory: true, Encoding: "Unit" }
[2m2026-09-14T12:52:20.745670Z[0m [31mERROR[0m codec_extension ThreadId(12) [2mzenoh_codec::common::extension[0m[2m:[0m Unknown Test ext: ZExtUnknown { Id: 0, Mandatory: true, Encoding: "Unit" }
[2m2026-09-14T12:52:20.745673Z[0m [31mERROR[0m codec_extension ThreadId(12) [2mzenoh_codec::common::extension[0m[2m:[0m Unknown Test ext: ZExtUnknown { Id: 0, Mandatory: true, Encoding: "Unit" }
[2m2026-09-14T12:52:20.745676Z[0m [31mERROR[0m codec_extension ThreadId(12) [2mzenoh_codec::common::extension[0m[2m:[0m Unknown Test ext: ZExtUnknown { Id: 0, Mandatory: true, Encoding: "Unit" }
[2m2026-09-14T12:52:20.745679Z[0m [31mERROR[0m codec_extension ThreadId(12) [2mzenoh_codec::common::extension[0m[2m:[0m Unknown Test ext: ZExtUnknown { Id: 0, Mandatory: true, Encoding: "Unit" }
[2m2026-09-14T12:52:20.745681Z[0m [31mERROR[0m codec_extension ThreadId(12) [2mzenoh_codec::common::extension[0m[2m:[0m Unknown Test ext: ZExtUnknown { Id: 0, Mandatory: true, Encoding: "Unit" }
[2m2026-09-14T12:52:20.745684Z[0m [31mERROR[0m codec_extension ThreadId(12) [2mzenoh_codec::common::extension[0m[2m:[0m Unknown Test ext: ZExtUnknown { Id: 0, Mandatory: true, Encoding: "Unit" }
[2m2026-09-14T12:52:20.745687Z[0m [31mERROR[0m codec_extension ThreadId(12) [2mzenoh_codec::common::extension[0m[2m:[0m Unknown Test ext: ZExtUnknown { Id: 0, Mandatory: true, Encoding: "Unit" }
[2m2026-09-14T12:52:20.745690Z[0m [31mERROR[0m codec_extension ThreadId(12) [2mzenoh_codec::common::extension[0m[2m:[0m Unknown Test ext: ZExtUnknown { Id: 0, Mandatory: true, Encoding: "Unit" }
[2m2026-09-14T12:52:20.745693Z[0m [31mERROR[0m codec_extension ThreadId(12) [2mzenoh_codec::common::extension[0m[2m:[0m Unknown Test ext: ZExtUnknown { Id: 0, Mandatory: true, Encoding: "Unit" }
[2m2026-09-14T12:52:20.745695Z[0m [31mERROR[0m codec_extension ThreadId(12) [2mzenoh_codec::common::extension[0m[2m:[0m Unknown Test ext: ZExtUnknown { Id: 0, Mandatory: true, Encoding: "Unit" }
[2m2026-09-14T12:52:20.745698Z[0m [31mERROR[0m codec_extension ThreadId(12) [2mzenoh_codec::common::extension[0m[2m:[0m Unknown Test ext: ZExtUnknown { Id: 0, Mandatory: true, Encoding: "Unit" }
[2m2026-09-14T12:52:20.745701Z[0m [31mERROR[0m codec_extension ThreadId(12) [2mzenoh_codec::common::extension[0m[2m:[0m Unknown Test ext: ZExtUnknown { Id: 0, Mandatory: true, Encoding: "Unit" }
[2m2026-09-14T12:52:20.745704Z[0m [31mERROR[0m codec_extension ThreadId(12) [2mzenoh_codec::common::extension[0m[2m:[0m Unknown Test ext: ZExtUnknown { Id: 0, Mandatory: true, Encoding: "Unit" }
[2m2026-09-14T12:52:20.745707Z[0m [31mERROR[0m codec_extension ThreadId(12) [2mzenoh_codec::common::extension[0m[2m:[0m Unknown Test ext: ZExtUnknown { Id: 0, Mandatory: true, Encoding: "Unit" }
[2m2026-09-14T12:52:20.745714Z[0m [31mERROR[0m codec_extension ThreadId(12) [2mzenoh_codec::common::extension[0m[2m:[0m Unknown Test ext: ZExtUnknown { Id: 0, Mandatory: true, Encoding: "Unit" }
[2m2026-09-14T12:52:20.745717Z[0m [31mERROR[0m codec_extension ThreadId(12) [2mzenoh_codec::common::extension[0m[2m:[0m Unknown Test ext: ZExtUnknown { Id: 0, Mandatory: true, Encoding: "Unit" }
[2m2026-09-14T12:52:20.745722Z[0m [31mERROR[0m codec_extension ThreadId(12) [2mzenoh_codec::common::extension[0m[2m:[0m Unknown Test ext: ZExtUnknown { Id: 0, Mandatory: true, Encoding: "Unit" }
[2m2026-09-14T12:52:20.745725Z[0m [31mERROR[0m codec_extension ThreadId(12) [2mzenoh_codec::common::extension[0m[2m:[0m Unknown Test ext: ZExtUnknown { Id: 0, Mandatory: true, Encoding: "Unit" }
[2m2026-09-14T12:52:20.745731Z[0m [31mERROR[0m codec_extension ThreadId(12) [2mzenoh_codec::common::extension[0m[2m:[0m Unknown Test ext: ZExtUnknown { Id: 0, Mandatory: true, Encoding: "Unit" }
[2m2026-09-14T12:52:20.745734Z[0m [31mERROR[0m codec_extension ThreadId(12) [2mzenoh_codec::common::extension[0m[2m:[0m Unknown Test ext: ZExtUnknown { Id: 0, Mandatory: true, Encoding: "Unit" }
[2m2026-09-14T12:52:20.745737Z[0m [31mERROR[0m codec_extension ThreadId(12) [2mzenoh_codec::common::extension[0m[2m:[0m Unknown Test ext: ZExtUnknown { Id: 0, Mandatory: true, Encoding: "Unit" }
[2m2026-09-14T12:52:20.745740Z[0m [31mERROR[0m codec_extension ThreadId(12) [2mzenoh_codec::common::extension[0m[2m:[0m Unknown Test ext: ZExtUnknown { Id: 0, Mandatory: true, Encoding: "Unit" }
[2m2026-09-14T12:52:20.745743Z[0m [31mERROR[0m codec_extension ThreadId(12) [2mzenoh_codec::common::extension[0m[2m:[0m Unknown Test ext: ZExtUnknown { Id: 0, Mandatory: true, Encoding: "Unit" }
[2m2026-09-14T12:52:20.745746Z[0m [31mERROR[0m codec_extension ThreadId(12) [2mzenoh_codec::common::extension[0m[2m:[0m Unknown Test ext: ZExtUnknown { Id: 0, Mandatory: true, Encoding: "Unit" }
[2m2026-09-14T12:52:20.745749Z[0m [31mERROR[0m codec_extension ThreadId(12) [2mzenoh_codec::common::extension[0m[2m:[0m Unknown Test ext: ZExtUnknown { Id: 0, Mandatory: true, Encoding: "Unit" }
[2m2026-09-14T12:52:20.745752Z[0m [31mERROR[0m codec_extension ThreadId(12) [2mzenoh_codec::common::extension[0m[2m:[0m Unknown Test ext: ZExtUnknown { Id: 0, Mandatory: true, Encoding: "Unit" }
[2m2026-09-14T12:52:20.745755Z[0m [31mERROR[0m codec_extension ThreadId(12) [2mzenoh_codec::common::extension[0m[2m:[0m Unknown Test ext: ZExtUnknown { Id: 0, Mandatory: true, Encoding: "Unit" }
[2m2026-09-14T12:52:20.745758Z[0m [31mERROR[0m codec_extension ThreadId(12) [2mzenoh_codec::common::extension[0m[2m:[0m Unknown Test ext: ZExtUnknown { Id: 0, Mandatory: true, Encoding: "Unit" }
[2m2026-09-14T12:52:20.745761Z[0m [31mERROR[0m codec_extension ThreadId(12) [2mzenoh_codec::common::extension[0m[2m:[0m Unknown Test ext: ZExtUnknown { Id: 0, Mandatory: true, Encoding: "Unit" }
[2m2026-09-14T12:52:20.745764Z[0m [31mERROR[0m codec_extension ThreadId(12) [2mzenoh_codec::common::extension[0m[2m:[0m Unknown Test ext: ZExtUnknown { Id: 0, Mandatory: true, Encoding: "Unit" }
[2m2026-09-14T12:52:20.745766Z[0m [31mERROR[0m codec_extension ThreadId(12) [2mzenoh_codec::common::extension[0m[2m:[0m Unknown Test ext: ZExtUnknown { Id: 0, Mandatory: true, Encoding: "Unit" }
[2m2026-09-14T12:52:20.745769Z[0m [31mERROR[0m codec_extension ThreadId(12) [2mzenoh_codec::common::extension[0m[2m:[0m Unknown Test ext: ZExtUnknown { Id: 0, Mandatory: true, Encoding: "Unit" }
[2m2026-09-14T12:52:20.745772Z[0m [31mERROR[0m codec_extension ThreadId(12) [2mzenoh_codec::common::extension[0m[2m:[0m Unknown Test ext: ZExtUnknown { Id: 0, Mandatory: true, Encoding: "Unit" }
[2m2026-09-14T12:52:20.745775Z[0m [31mERROR[0m codec_extension ThreadId(12) [2mzenoh_codec::common::extension[0m[2m:[0m Unknown Test ext: ZExtUnknown { Id: 0, Mandatory: true, Encoding: "Unit" }
[2m2026-09-14T12:52:20.745779Z[0m [31mERROR[0m codec_extension ThreadId(12) [2mzenoh_codec::common::extension[0m[2m:[0m Unknown Test ext: ZExtUnknown { Id: 0, Mandatory: true, Encoding: "Unit" }
[2m2026-09-14T12:52:20.745782Z[0m [31mERROR[0m codec_extension ThreadId(12) [2mzenoh_codec::common::extension[0m[2m:[0m Unknown Test ext: ZExtUnknown { Id: 0, Mandatory: true, Encoding: "Unit" }
[2m2026-09-14T12:52:20.745787Z[0m [31mERROR[0m codec_extension ThreadId(12) [2mzenoh_codec::common::extension[0m[2m:[0m Unknown Test ext: ZExtUnknown { Id: 0, Mandatory: true, Encoding: "Unit" }
[2m2026-09-14T12:52:20.745790Z[0m [31mERROR[0m codec_extension ThreadId(12) [2mzenoh_codec::common::extension[0m[2m:[0m Unknown Test ext: ZExtUnknown { Id: 0, Mandatory: true, Encoding: "Unit" }
[2m2026-09-14T12:52:20.745793Z[0m [31mERROR[0m codec_extension ThreadId(12) [2mzenoh_codec::common::extension[0m[2m:[0m Unknown Test ext: ZExtUnknown { Id: 0, Mandatory: true, Encoding: "Unit" }
[2m2026-09-14T12:52:20.745796Z[0m [31mERROR[0m codec_extension ThreadId(12) [2mzenoh_codec::common::extension[0m[2m:[0m Unknown Test ext: ZExtUnknown { Id: 0, Mandatory: true, Encoding: "Unit" }
[2m2026-09-14T12:52:20.745799Z[0m [31mERROR[0m codec_extension ThreadId(12) [2mzenoh_codec::common::extension[0m[2m:[0m Unknown Test ext: ZExtUnknown { Id: 0, Mandatory: true, Encoding: "Unit" }
[2m2026-09-14T12:52:20.745802Z[0m [31mERROR[0m codec_extension ThreadId(12) [2mzenoh_codec::common::extension[0m[2m:[0m Unknown Test ext: ZExtUnknown { Id: 0, Mandatory: true, Encoding: "Unit" }
[2m2026-09-14T12:52:20.745804Z[0m [31mERROR[0m codec_extension ThreadId(12) [2mzenoh_codec::common::extension[0m[2m:[0m Unknown Test ext: ZExtUnknown { Id: 0, Mandatory: true, Encoding: "Unit" }
[2m2026-09-14T12:52:20.745807Z[0m [31mERROR[0m codec_extension ThreadId(12) [2mzenoh_codec::common::extension[0m[2m:[0m Unknown Test ext: ZExtUnknown { Id: 0, Mandatory: true, Encoding: "Unit" }
[2m2026-09-14T12:52:20.745810Z[0m [31mERROR[0m codec_extension ThreadId(12) [2mzenoh_codec::common::extension[0m[2m:[0m Unknown Test ext: ZExtUnknown { Id: 0, Mandatory: true, Encoding: "Unit" }
[2m2026-09-14T12:52:20.745813Z[0m [31mERROR[0m codec_extension ThreadId(12) [2mzenoh_codec::common::extension[0m[2m:[0m Unknown Test ext: ZExtUnknown { Id: 0, Mandatory: true, Encoding: "Unit" }
[2m2026-09-14T12:52:20.745816Z[0m [31mERROR[0m codec_extension ThreadId(12) [2mzenoh_codec::common::extension[0m[2m:[0m Unknown Test ext: ZExtUnknown { Id: 0, Mandatory: true, Encoding: "Unit" }
[2m2026-09-14T12:52:20.745819Z[0m [31mERROR[0m codec_extension ThreadId(12) [2mzenoh_codec::common::extension[0m[2m:[0m Unknown Test ext: ZExtUnknown { Id: 0, Mandatory: true, Encoding: "Unit" }
[2m2026-09-14T12:52:20.745837Z[0m [31mERROR[0m codec_extension ThreadId(12) [2mzenoh_codec::common::extension[0m[2m:[0m Unknown Test ext: ZExtUnknown { Id: 0, Mandatory: true, Encoding: "Unit" }
[2m2026-09-14T12:52:20.745841Z[0m [31mERROR[0m codec_extension ThreadId(12) [2mzenoh_codec::common::extension[0m[2m:[0m Unknown Test ext: ZExtUnknown { Id: 0, Mandatory: true, Encoding: "Unit" }
[2m2026-09-14T12:52:20.745844Z[0m [31mERROR[0m codec_extension ThreadId(12) [2mzenoh_codec::common::extension[0m[2m:[0m Unknown Test ext: ZExtUnknown { Id: 0, Mandatory: true, Encoding: "Unit" }
[2m2026-09-14T12:52:20.745847Z[0m [31mERROR[0m codec_extension ThreadId(12) [2mzenoh_codec::common::extension[0m[2m:[0m Unknown Test ext: ZExtUnknown { Id: 0, Mandatory: true, Encoding: "Unit" }
[2m2026-09-14T12:52:20.745850Z[0m [31mERROR[0m codec_extension ThreadId(12) [2mzenoh_codec::common::extension[0m[2m:[0m Unknown Test ext: ZExtUnknown { Id: 0, Mandatory: true, Encoding: "Unit" }
[2m2026-09-14T12:52:20.745853Z[0m [31mERROR[0m codec_extension ThreadId(12) [2mzenoh_codec::common::extension[0m[2m:[0m Unknown Test ext: ZExtUnknown { Id: 0, Mandatory: true, Encoding: "Unit" }
[2m2026-09-14T12:52:20.745856Z[0m [31mERROR[0m codec_extension ThreadId(12) [2mzenoh_codec::common::extension[0m[2m:[0m Unknown Test ext: ZExtUnknown { Id: 0, Mandatory: true, Encoding: "Unit" }
[2m2026-09-14T12:52:20.745862Z[0m [31mERROR[0m codec_extension ThreadId(12) [2mzenoh_codec::common::extension[0m[2m:[0m Unknown Test ext: ZExtUnknown { Id: 0, Mandatory: true, Encoding: "Unit" }
[2m2026-09-14T12:52:20.745865Z[0m [31mERROR[0m codec_extension ThreadId(12) [2mzenoh_codec::common::extension[0m[2m:[0m Unknown Test ext: ZExtUnknown { Id: 0, Mandatory: true, Encoding: "Unit" }
[2m2026-09-14T12:52:20.745868Z[0m [31mERROR[0m codec_extension ThreadId(12) [2mzenoh_codec::common::extension[0m[2m:[0m Unknown Test ext: ZExtUnknown { Id: 0, Mandatory: true, Encoding: "Unit" }
[2m2026-09-14T12:52:20.745871Z[0m [31mERROR[0m codec_extension ThreadId(12) [2mzenoh_codec::common::extension[0m[2m:[0m Unknown Test ext: ZExtUnknown { Id: 0, Mandatory: true, Encoding: "Unit" }
[2m2026-09-14T12:52:20.745873Z[0m [31mERROR[0m codec_extension ThreadId(12) [2mzenoh_codec::common::extension[0m[2m:[0m Unknown Test ext: ZExtUnknown { Id: 0, Mandatory: true, Encoding: "Unit" }
[2m2026-09-14T12:52:20.745876Z[0m [31mERROR[0m codec_extension ThreadId(12) [2mzenoh_codec::common::extension[0m[2m:[0m Unknown Test ext: ZExtUnknown { Id: 0, Mandatory: true, Encoding: "Unit" }
[2m2026-09-14T12:52:20.745879Z[0m [31mERROR[0m codec_extension ThreadId(12) [2mzenoh_codec::common::extension[0m[2m:[0m Unknown Test ext: ZExtUnknown { Id: 0, Mandatory: true, Encoding: "Unit" }
[2m2026-09-14T12:52:20.745882Z[0m [31mERROR[0m codec_extension ThreadId(12) [2mzenoh_codec::common::extension[0m[2m:[0m Unknown Test ext: ZExtUnknown { Id: 0, Mandatory: true, Encoding: "Unit" }
[2m2026-09-14T12:52:20.745885Z[0m [31mERROR[0m codec_extension ThreadId(12) [2mzenoh_codec::common::extension[0m[2m:[0m Unknown Test ext: ZExtUnknown { Id: 0, Mandatory: true, Encoding: "Unit" }
[2m2026-09-14T12:52:20.745890Z[0m [31mERROR[0m codec_extension ThreadId(12) [2mzenoh_codec::common::extension[0m[2m:[0m Unknown Test ext: ZExtUnknown { Id: 0, Mandatory: true, Encoding: "Unit" }
[2m2026-09-14T12:52:20.745893Z[0m [31mERROR[0m codec_extension ThreadId(12) [2mzenoh_codec::common::extension[0m[2m:[0m Unknown Test ext: ZExtUnknown { Id: 0, Mandatory: true, Encoding: "Unit" }
[2m2026-09-14T12:52:20.745899Z[0m [31mERROR[0m codec_extension ThreadId(12) [2mzenoh_codec::common::extension[0m[2m:[0m Unknown Test ext: ZExtUnknown { Id: 0, Mandatory: true, Encoding: "Unit" }
[2m2026-09-14T12:52:20.745901Z[0m [31mERROR[0m codec_extension ThreadId(12) [2mzenoh_codec::common::extension[0m[2m:[0m Unknown Test ext: ZExtUnknown { Id: 0, Mandatory: true, Encoding: "Unit" }
[2m2026-09-14T12:52:20.745904Z[0m [31mERROR[0m codec_extension ThreadId(12) [2mzenoh_codec::common::extension[0m[2m:[0m Unknown Test ext: ZExtUnknown { Id: 0, Mandatory: true, Encoding: "Unit" }
[2m2026-09-14T12:52:20.745907Z[0m [31mERROR[0m codec_extension ThreadId(12) [2mzenoh_codec::common::extension[0m[2m:[0m Unknown Test ext: ZExtUnknown { Id: 0, Mandatory: true, Encoding: "Unit" }
[2m2026-09-14T12:52:20.745910Z[0m [31mERROR[0m codec_extension ThreadId(12) [2mzenoh_codec::common::extension[0m[2m:[0m Unknown Test ext: ZExtUnknown { Id: 0, Mandatory: true, Encoding: "Unit" }
[2m2026-09-14T12:52:20.745913Z[0m [31mERROR[0m codec_extension ThreadId(12) [2mzenoh_codec::common::extension[0m[2m:[0m Unknown Test ext: ZExtUnknown { Id: 0, Mandatory: true, Encoding: "Unit" }
[2m2026-09-14T12:52:20.745915Z[0m [31mERROR[0m codec_extension ThreadId(12) [2mzenoh_codec::common::extension[0m[2m:[0m Unknown Test ext: ZExtUnknown { Id: 0, Mandatory: true, Encoding: "Unit" }
[2m2026-09-14T12:52:20.745918Z[0m [31mERROR[0m codec_extension ThreadId(12) [2mzenoh_codec::common::extension[0m[2m:[0m Unknown Test ext: ZExtUnknown { Id: 0, Mandatory: true, Encoding: "Unit" }
[2m2026-09-14T12:52:20.745922Z[0m [31mERROR[0m codec_extension ThreadId(12) [2mzenoh_codec::common::extension[0m[2m:[0m Unknown Test ext: ZExtUnknown { Id: 0, Mandatory: true, Encoding: "Unit" }
[2m2026-09-14T12:52:20.745935Z[0m [31mERROR[0m codec_extension ThreadId(12) [2mzenoh_codec::common::extension[0m[2m:[0m Unknown Test ext: ZExtUnknown { Id: 0, Mandatory: true, Encoding: "Unit" }
[2m2026-09-14T12:52:20.745938Z[0m [31mERROR[0m codec_extension ThreadId(12) [2mzenoh_codec::common::extension[0m[2m:[0m Unknown Test ext: ZExtUnknown { Id: 0, Mandatory: true, Encoding: "Unit" }
[2m2026-09-14T12:52:20.745941Z[0m [31mERROR[0m codec_extension ThreadId(12) [2mzenoh_codec::common::extension[0m[2m:[0m Unknown Test ext: ZExtUnknown { Id: 0, Mandatory: true, Encoding: "Unit" }
[2m2026-09-14T12:52:20.745943Z[0m [31mERROR[0m codec_extension ThreadId(12) [2mzenoh_codec::common::extension[0m[2m:[0m Unknown Test ext: ZExtUnknown { Id: 0, Mandatory: true, Encoding: "Unit" }
[2m2026-09-14T12:52:20.745946Z[0m [31mERROR[0m codec_extension ThreadId(12) [2mzenoh_codec::common::extension[0m[2m:[0m Unknown Test ext: ZExtUnknown { Id: 0, Mandatory: true, Encoding: "Unit" }
[2m2026-09-14T12:52:20.745949Z[0m [31mERROR[0m codec_extension ThreadId(12) [2mzenoh_codec::common::extension[0m[2m:[0m Unknown Test ext: ZExtUnknown { Id: 0, Mandatory: true, Encoding: "Unit" }
[2m2026-09-14T12:52:20.745952Z[0m [31mERROR[0m codec_extension ThreadId(12) [2mzenoh_codec::common::extension[0m[2m:[0m Unknown Test ext: ZExtUnknown { Id: 0, Mandatory: true, Encoding: "Unit" }
[2m2026-09-14T12:52:20.745955Z[0m [31mERROR[0m codec_extension ThreadId(12) [2mzenoh_codec::common::extension[0m[2m:[0m Unknown Test ext: ZExtUnknown { Id: 0, Mandatory: true, Encoding: "Unit" }
[2m2026-09-14T12:52:20.745962Z[0m [31mERROR[0m codec_extension ThreadId(12) [2mzenoh_codec::common::extension[0m[2m:[0m Unknown Test ext: ZExtUnknown { Id: 0, Mandatory: true, Encoding: "Unit" }
[2m2026-09-14T12:52:20.745966Z[0m [31mERROR[0m codec_extension ThreadId(12) [2mzenoh_codec::common::extension[0m[2m:[0m Unknown Test ext: ZExtUnknown { Id: 0, Mandatory: true, Encoding: "Unit" }
[2m2026-09-14T12:52:20.745969Z[0m [31mERROR[0m codec_extension ThreadId(12) [2mzenoh_codec::common::extension[0m[2m:[0m Unknown Test ext: ZExtUnknown { Id: 0, Mandatory: true, Encoding: "Unit" }
[2m2026-09-14T12:52:20.745971Z[0m [31mERROR[0m codec_extension ThreadId(12) [2mzenoh_codec::common::extension[0m[2m:[0m Unknown Test ext: ZExtUnknown { Id: 0, Mandatory: true, Encoding: "Unit" }
[2m2026-09-14T12:52:20.745974Z[0m [31mERROR[0m codec_extension ThreadId(12) [2mzenoh_codec::common::extension[0m[2m:[0m Unknown Test ext: ZExtUnknown { Id: 0, Mandatory: true, Encoding: "Unit" }
[2m2026-09-14T12:52:20.745977Z[0m [31mERROR[0m codec_extension ThreadId(12) [2mzenoh_codec::common::extension[0m[2m:[0m Unknown Test ext: ZExtUnknown { Id: 0, Mandatory: true, Encoding: "Unit" }
[2m2026-09-14T12:52:20.745980Z[0m [31mERROR[0m codec_extension ThreadId(12) [2mzenoh_codec::common::extension[0m[2m:[0m Unknown Test ext: ZExtUnknown { Id: 0, Mandatory: true, Encoding: "Unit" }
[2m2026-09-14T12:52:20.745983Z[0m [31mERROR[0m codec_extension ThreadId(12) [2mzenoh_codec::common::extension[0m[2m:[0m Unknown Test ext: ZExtUnknown { Id: 0, Mandatory: true, Encoding: "Unit" }
[2m2026-09-14T12:52:20.745986Z[0m [31mERROR[0m codec_extension ThreadId(12) [2mzenoh_codec::common::extension[0m[2m:[0m Unknown Test ext: ZExtUnknown { Id: 0, Mandatory: true, Encoding: "Unit" }
[2m2026-09-14T12:52:20.746138Z[0m [31mERROR[0m codec_extension ThreadId(12) [2mzenoh_codec::common::extension[0m[2m:[0m Unknown Test ext: ZExtUnknown { Id: 1, Mandatory: true, Encoding: "Z64", Value: 11987570937064884374 }
[2m2026-09-14T12:52:20.746146Z[0m [31mERROR[0m codec_extension ThreadId(12) [2mzenoh_codec::common::extension[0m[2m:[0m Unknown Test ext: ZExtUnknown { Id: 1, Mandatory: true, Encoding: "Z64", Value: 5109685008181140351 }
[2m2026-09-14T12:52:20.746153Z[0m [31mERROR[0m codec_extension ThreadId(12) [2mzenoh_codec::common::extension[0m[2m:[0m Unknown Test ext: ZExtUnknown { Id: 1, Mandatory: true, Encoding: "Z64", Value: 2429916618125751233 }
[2m2026-09-14T12:52:20.746157Z[0m [31mERROR[0m codec_extension ThreadId(12) [2mzenoh_codec::common::extension[0m[2m:[0m Unknown Test ext: ZExtUnknown { Id: 1, Mandatory: true, Encoding: "Z64", Value: 14671244222946890631 }
[2m2026-09-14T12:52:20.746164Z[0m [31mERROR[0m codec_extension ThreadId(12) [2mzenoh_codec::common::extension[0m[2m:[0m Unknown Test ext: ZExtUnknown { Id: 1, Mandatory: true, Encoding: "Z64", Value: 14088179217992193683 }
[2m2026-09-14T12:52:20.746168Z[0m [31mERROR[0m codec_extension ThreadId(12) [2mzenoh_codec::common::extension[0m[2m:[0m Unknown Test ext: ZExtUnknown { Id: 1, Mandatory: true, Encoding: "Z64", Value: 7553231826572922389 }
[2m2026-09-14T12:52:20.746172Z[0m [31mERROR[0m codec_extension ThreadId(12) [2mzenoh_codec::common::extension[0m[2m:[0m Unknown Test ext: ZExtUnknown { Id: 1, Mandatory: true, Encoding: "Z64", Value: 12020348046959895092 }
[2m2026-09-14T12:52:20.746177Z[0m [31mERROR[0m codec_extension ThreadId(12) [2mzenoh_codec::common::extension[0m[2m:[0m Unknown Test ext: ZExtUnknown { Id: 1, Mandatory: true, Encoding: "Z64", Value: 2359876167594034808 }
[2m2026-09-14T12:52:20.746181Z[0m [31mERROR[0m codec_extension ThreadId(12) [2mzenoh_codec::common::extension[0m[2m:[0m Unknown Test ext: ZExtUnknown { Id: 1, Mandatory: true, Encoding: "Z64", Value: 2831294416234394445 }
[2m2026-09-14T12:52:20.746187Z[0m [31mERROR[0m codec_extension ThreadId(12) [2mzenoh_codec::common::extension[0m[2m:[0m Unknown Test ext: ZExtUnknown { Id: 1, Mandatory: true, Encoding: "Z64", Value: 2697603273422155472 }
[2m2026-09-14T12:52:20.746191Z[0m [31mERROR[0m codec_extension ThreadId(12) [2mzenoh_codec::common::extension[0m[2m:[0m Unknown Test ext: ZExtUnknown { Id: 1, Mandatory: true, Encoding: "Z64", Value: 13834843085550028764 }
[2m2026-09-14T12:52:20.746194Z[0m [31mERROR[0m codec_extension ThreadId(12) [2mzenoh_codec::common::extension[0m[2m:[0m Unknown Test ext: ZExtUnknown { Id: 1, Mandatory: true, Encoding: "Z64", Value: 3662788149363778739 }
[2m2026-09-14T12:52:20.746201Z[0m [31mERROR[0m codec_extension ThreadId(12) [2mzenoh_codec::common::extension[0m[2m:[0m Unknown Test ext: ZExtUnknown { Id: 1, Mandatory: true, Encoding: "Z64", Value: 13327020896989352886 }
[2m2026-09-14T12:52:20.746219Z[0m [31mERROR[0m codec_extension ThreadId(12) [2mzenoh_codec::common::extension[0m[2m:[0m Unknown Test ext: ZExtUnknown { Id: 1, Mandatory: true, Encoding: "Z64", Value: 14639531724839779682 }
[2m2026-09-14T12:52:20.746222Z[0m [31mERROR[0m codec_extension ThreadId(12) [2mzenoh_codec::common::extension[0m[2m:[0m Unknown Test ext: ZExtUnknown { Id: 1, Mandatory: true, Encoding: "Z64", Value: 8311971794590634227 }
[2m2026-09-14T12:52:20.746226Z[0m [31mERROR[0m codec_extension ThreadId(12) [2mzenoh_codec::common::extension[0m[2m:[0m Unknown Test ext: ZExtUnknown { Id: 1, Mandatory: true, Encoding: "Z64", Value: 18015696890281683030 }
[2m2026-09-14T12:52:20.746230Z[0m [31mERROR[0m codec_extension ThreadId(12) [2mzenoh_codec::common::extension[0m[2m:[0m Unknown Test ext: ZExtUnknown { Id: 1, Mandatory: true, Encoding: "Z64", Value: 4582575309248265419 }
[2m2026-09-14T12:52:20.746233Z[0m [31mERROR[0m codec_extension ThreadId(12) [2mzenoh_codec::common::extension[0m[2m:[0m Unknown Test ext: ZExtUnknown { Id: 1, Mandatory: true, Encoding: "Z64", Value: 508149747877022519 }
[2m2026-09-14T12:52:20.746239Z[0m [31mERROR[0m codec_extension ThreadId(12) [2mzenoh_codec::common::extension[0m[2m:[0m Unknown Test ext: ZExtUnknown { Id: 1, Mandatory: true, Encoding: "Z64", Value: 6400506942842794469 }
[2m2026-09-14T12:52:20.746243Z[0m [31mERROR[0m codec_extension ThreadId(12) [2mzenoh_codec::common::extension[0m[2m:[0m Unknown Test ext: ZExtUnknown { Id: 1, Mandatory: true, Encoding: "Z64", Value: 3577959120982439386 }
[2m2026-09-14T12:52:20.746248Z[0m [31mERROR[0m codec_extension ThreadId(12) [2mzenoh_codec::common::extension[0m[2m:[0m Unknown Test ext: ZExtUnknown { Id: 1, Mandatory: true, Encoding: "Z64", Value: 4410830334423190168 }
[2m2026-09-14T12:52:20.746251Z[0m [31mERROR[0m codec_extension ThreadId(12) [2mzenoh_codec::common::extension[0m[2m:[0m Unknown Test ext: ZExtUnknown { Id: 1, Mandatory: true, Encoding: "Z64", Value: 3214745575823253308 }
[2m2026-09-14T12:52:20.746255Z[0m [31mERROR[0m codec_extension ThreadId(12) [2mzenoh_codec::common::extension[0m[2m:[0m Unknown Test ext: ZExtUnknown { Id: 1, Mandatory: true, Encoding: "Z64", Value: 249407044517928959 }
[2m2026-09-14T12:52:20.746258Z[0m [31mERROR[0m codec_extension ThreadId(12) [2mzenoh_codec::common::extension[0m[2m:[0m Unknown Test ext: ZExtUnknown { Id: 1, Mandatory: true, Encoding: "Z64", Value: 3852820314281681390 }
[2m2026-09-14T12:52:20.746262Z[0m [31mERROR[0m codec_extension ThreadId(12) [2mzenoh_codec::common::extension[0m[2m:[0m Unknown Test ext: ZExtUnknown { Id: 1, Mandatory: true, Encoding: "Z64", Value: 3012247438402654502 }
[2m2026-09-14T12:52:20.746269Z[0m [31mERROR[0m codec_extension ThreadId(12) [2mzenoh_codec::common::extension[0m[2m:[0m Unknown Test ext: ZExtUnknown { Id: 1, Mandatory: true, Encoding: "Z64", Value: 6585994247534470379 }
[2m2026-09-14T12:52:20.746272Z[0m [31mERROR[0m codec_extension ThreadId(12) [2mzenoh_codec::common::extension[0m[2m:[0m Unknown Test ext: ZExtUnknown { Id: 1, Mandatory: true, Encoding: "Z64", Value: 2270647879069073286 }
[2m2026-09-14T12:52:20.746276Z[0m [31mERROR[0m codec_extension ThreadId(12) [2mzenoh_codec::common::extension[0m[2m:[0m Unknown Test ext: ZExtUnknown { Id: 1, Mandatory: true, Encoding: "Z64", Value: 174973256175051134 }
[2m2026-09-14T12:52:20.746279Z[0m [31mERROR[0m codec_extension ThreadId(12) [2mzenoh_codec::common::extension[0m[2m:[0m Unknown Test ext: ZExtUnknown { Id: 1, Mandatory: true, Encoding: "Z64", Value: 13156325182188785082 }
[2m2026-09-14T12:52:20.746287Z[0m [31mERROR[0m codec_extension ThreadId(12) [2mzenoh_codec::common::extension[0m[2m:[0m Unknown Test ext: ZExtUnknown { Id: 1, Mandatory: true, Encoding: "Z64", Value: 7853506471541016947 }
[2m2026-09-14T12:52:20.746292Z[0m [31mERROR[0m codec_extension ThreadId(12) [2mzenoh_codec::common::extension[0m[2m:[0m Unknown Test ext: ZExtUnknown { Id: 1, Mandatory: true, Encoding: "Z64", Value: 8413041874356937117 }
[2m2026-09-14T12:52:20.746295Z[0m [31mERROR[0m codec_extension ThreadId(12) [2mzenoh_codec::common::extension[0m[2m:[0m Unknown Test ext: ZExtUnknown { Id: 1, Mandatory: true, Encoding: "Z64", Value: 5910225253730481732 }
[2m2026-09-14T12:52:20.746299Z[0m [31mERROR[0m codec_extension ThreadId(12) [2mzenoh_codec::common::extension[0m[2m:[0m Unknown Test ext: ZExtUnknown { Id: 1, Mandatory: true, Encoding: "Z64", Value: 11610458463355753680 }
[2m2026-09-14T12:52:20.746302Z[0m [31mERROR[0m codec_extension ThreadId(12) [2mzenoh_codec::common::extension[0m[2m:[0m Unknown Test ext: ZExtUnknown { Id: 1, Mandatory: true, Encoding: "Z64", Value: 1902688660181020618 }
[2m2026-09-14T12:52:20.746322Z[0m [31mERROR[0m codec_extension ThreadId(12) [2mzenoh_codec::common::extension[0m[2m:[0m Unknown Test ext: ZExtUnknown { Id: 1, Mandatory: true, Encoding: "Z64", Value: 1090495871432573058 }
[2m2026-09-14T12:52:20.746327Z[0m [31mERROR[0m codec_extension ThreadId(12) [2mzenoh_codec::common::extension[0m[2m:[0m Unknown Test ext: ZExtUnknown { Id: 1, Mandatory: true, Encoding: "Z64", Value: 13810466278251499887 }
[2m2026-09-14T12:52:20.746331Z[0m [31mERROR[0m codec_extension ThreadId(12) [2mzenoh_codec::common::extension[0m[2m:[0m Unknown Test ext: ZExtUnknown { Id: 1, Mandatory: true, Encoding: "Z64", Value: 9154466049272170688 }
[2m2026-09-14T12:52:20.746337Z[0m [31mERROR[0m codec_extension ThreadId(12) [2mzenoh_codec::common::extension[0m[2m:[0m Unknown Test ext: ZExtUnknown { Id: 1, Mandatory: true, Encoding: "Z64", Value: 14380048389446454166 }
[2m2026-09-14T12:52:20.746342Z[0m [31mERROR[0m codec_extension ThreadId(12) [2mzenoh_codec::common::extension[0m[2m:[0m Unknown Test ext: ZExtUnknown { Id: 1, Mandatory: true, Encoding: "Z64", Value: 6788477657760703078 }
[2m2026-09-14T12:52:20.746346Z[0m [31mERROR[0m codec_extension ThreadId(12) [2mzenoh_codec::common::extension[0m[2m:[0m Unknown Test ext: ZExtUnknown { Id: 1, Mandatory: true, Encoding: "Z64", Value: 10484947252517204248 }
[2m2026-09-14T12:52:20.746349Z[0m [31mERROR[0m codec_extension ThreadId(12) [2mzenoh_codec::common::extension[0m[2m:[0m Unknown Test ext: ZExtUnknown { Id: 1, Mandatory: true, Encoding: "Z64", Value: 8983090667413480915 }
[2m2026-09-14T12:52:20.746355Z[0m [31mERROR[0m codec_extension ThreadId(12) [2mzenoh_codec::common::extension[0m[2m:[0m Unknown Test ext: ZExtUnknown { Id: 1, Mandatory: true, Encoding: "Z64", Value: 17707456919463373543 }
[2m2026-09-14T12:52:20.746359Z[0m [31mERROR[0m codec_extension ThreadId(12) [2mzenoh_codec::common::extension[0m[2m:[0m Unknown Test ext: ZExtUnknown { Id: 1, Mandatory: true, Encoding: "Z64", Value: 12383060856568079146 }
[2m2026-09-14T12:52:20.746366Z[0m [31mERROR[0m codec_extension ThreadId(12) [2mzenoh_codec::common::extension[0m[2m:[0m Unknown Test ext: ZExtUnknown { Id: 1, Mandatory: true, Encoding: "Z64", Value: 9901251401049432734 }
[2m2026-09-14T12:52:20.746369Z[0m [31mERROR[0m codec_extension ThreadId(12) [2mzenoh_codec::common::extension[0m[2m:[0m Unknown Test ext: ZExtUnknown { Id: 1, Mandatory: true, Encoding: "Z64", Value: 16954954110590340340 }
[2m2026-09-14T12:52:20.746373Z[0m [31mERROR[0m codec_extension ThreadId(12) [2mzenoh_codec::common::extension[0m[2m:[0m Unknown Test ext: ZExtUnknown { Id: 1, Mandatory: true, Encoding: "Z64", Value: 5176922587522855185 }
[2m2026-09-14T12:52:20.746376Z[0m [31mERROR[0m codec_extension ThreadId(12) [2mzenoh_codec::common::extension[0m[2m:[0m Unknown Test ext: ZExtUnknown { Id: 1, Mandatory: true, Encoding: "Z64", Value: 2259494648613140275 }
[2m2026-09-14T12:52:20.746380Z[0m [31mERROR[0m codec_extension ThreadId(12) [2mzenoh_codec::common::extension[0m[2m:[0m Unknown Test ext: ZExtUnknown { Id: 1, Mandatory: true, Encoding: "Z64", Value: 17513124016888015250 }
[2m2026-09-14T12:52:20.746383Z[0m [31mERROR[0m codec_extension ThreadId(12) [2mzenoh_codec::common::extension[0m[2m:[0m Unknown Test ext: ZExtUnknown { Id: 1, Mandatory: true, Encoding: "Z64", Value: 10652480429037464584 }
[2m2026-09-14T12:52:20.746390Z[0m [31mERROR[0m codec_extension ThreadId(12) [2mzenoh_codec::common::extension[0m[2m:[0m Unknown Test ext: ZExtUnknown { Id: 1, Mandatory: true, Encoding: "Z64", Value: 9942557167688946977 }
[2m2026-09-14T12:52:20.746395Z[0m [31mERROR[0m codec_extension ThreadId(12) [2mzenoh_codec::common::extension[0m[2m:[0m Unknown Test ext: ZExtUnknown { Id: 1, Mandatory: true, Encoding: "Z64", Value: 11529206421111270037 }
[2m2026-09-14T12:52:20.746402Z[0m [31mERROR[0m codec_extension ThreadId(12) [2mzenoh_codec::common::extension[0m[2m:[0m Unknown Test ext: ZExtUnknown { Id: 1, Mandatory: true, Encoding: "Z64", Value: 5000215219008453388 }
[2m2026-09-14T12:52:20.746407Z[0m [31mERROR[0m codec_extension ThreadId(12) [2mzenoh_codec::common::extension[0m[2m:[0m Unknown Test ext: ZExtUnknown { Id: 1, Mandatory: true, Encoding: "Z64", Value: 16658390513090885110 }
[2m2026-09-14T12:52:20.746411Z[0m [31mERROR[0m codec_extension ThreadId(12) [2mzenoh_codec::common::extension[0m[2m:[0m Unknown Test ext: ZExtUnknown { Id: 1, Mandatory: true, Encoding: "Z64", Value: 2016460899230306408 }
[2m2026-09-14T12:52:20.746417Z[0m [31mERROR[0m codec_extension ThreadId(12) [2mzenoh_codec::common::extension[0m[2m:[0m Unknown Test ext: ZExtUnknown { Id: 1, Mandatory: true, Encoding: "Z64", Value: 1121784802521070245 }
[2m2026-09-14T12:52:20.746422Z[0m [31mERROR[0m codec_extension ThreadId(12) [2mzenoh_codec::common::extension[0m[2m:[0m Unknown Test ext: ZExtUnknown { Id: 1, Mandatory: true, Encoding: "Z64", Value: 6346173548257534446 }
[2m2026-09-14T12:52:20.746441Z[0m [31mERROR[0m codec_extension ThreadId(12) [2mzenoh_codec::common::extension[0m[2m:[0m Unknown Test ext: ZExtUnknown { Id: 1, Mandatory: true, Encoding: "Z64", Value: 11315205798296564904 }
[2m2026-09-14T12:52:20.746446Z[0m [31mERROR[0m codec_extension ThreadId(12) [2mzenoh_codec::common::extension[0m[2m:[0m Unknown Test ext: ZExtUnknown { Id: 1, Mandatory: true, Encoding: "Z64", Value: 13722099030975268214 }
[2m2026-09-14T12:52:20.746449Z[0m [31mERROR[0m codec_extension ThreadId(12) [2mzenoh_codec::common::extension[0m[2m:[0m Unknown Test ext: ZExtUnknown { Id: 1, Mandatory: true, Encoding: "Z64", Value: 13752350212474593182 }
[2m2026-09-14T12:52:20.746453Z[0m [31mERROR[0m codec_extension ThreadId(12) [2mzenoh_codec::common::extension[0m[2m:[0m Unknown Test ext: ZExtUnknown { Id: 1, Mandatory: true, Encoding: "Z64", Value: 3466646745799027464 }
[2m2026-09-14T12:52:20.746457Z[0m [31mERROR[0m codec_extension ThreadId(12) [2mzenoh_codec::common::extension[0m[2m:[0m Unknown Test ext: ZExtUnknown { Id: 1, Mandatory: true, Encoding: "Z64", Value: 18222240997404163041 }
[2m2026-09-14T12:52:20.746460Z[0m [31mERROR[0m codec_extension ThreadId(12) [2mzenoh_codec::common::extension[0m[2m:[0m Unknown Test ext: ZExtUnknown { Id: 1, Mandatory: true, Encoding: "Z64", Value: 18099440673611220394 }
[2m2026-09-14T12:52:20.746464Z[0m [31mERROR[0m codec_extension ThreadId(12) [2mzenoh_codec::common::extension[0m[2m:[0m Unknown Test ext: ZExtUnknown { Id: 1, Mandatory: true, Encoding: "Z64", Value: 8037332574358745101 }
[2m2026-09-14T12:52:20.746470Z[0m [31mERROR[0m codec_extension ThreadId(12) [2mzenoh_codec::common::extension[0m[2m:[0m Unknown Test ext: ZExtUnknown { Id: 1, Mandatory: true, Encoding: "Z64", Value: 4752997254515173673 }
[2m2026-09-14T12:52:20.746474Z[0m [31mERROR[0m codec_extension ThreadId(12) [2mzenoh_codec::common::extension[0m[2m:[0m Unknown Test ext: ZExtUnknown { Id: 1, Mandatory: true, Encoding: "Z64", Value: 5905422595312270069 }
[2m2026-09-14T12:52:20.746477Z[0m [31mERROR[0m codec_extension ThreadId(12) [2mzenoh_codec::common::extension[0m[2m:[0m Unknown Test ext: ZExtUnknown { Id: 1, Mandatory: true, Encoding: "Z64", Value: 3443125642744133133 }
[2m2026-09-14T12:52:20.746481Z[0m [31mERROR[0m codec_extension ThreadId(12) [2mzenoh_codec::common::extension[0m[2m:[0m Unknown Test ext: ZExtUnknown { Id: 1, Mandatory: true, Encoding: "Z64", Value: 3431148701597229827 }
[2m2026-09-14T12:52:20.746484Z[0m [31mERROR[0m codec_extension ThreadId(12) [2mzenoh_codec::common::extension[0m[2m:[0m Unknown Test ext: ZExtUnknown { Id: 1, Mandatory: true, Encoding: "Z64", Value: 11010080414666594152 }
[2m2026-09-14T12:52:20.746488Z[0m [31mERROR[0m codec_extension ThreadId(12) [2mzenoh_codec::common::extension[0m[2m:[0m Unknown Test ext: ZExtUnknown { Id: 1, Mandatory: true, Encoding: "Z64", Value: 12906964863268897322 }
[2m2026-09-14T12:52:20.746507Z[0m [31mERROR[0m codec_extension ThreadId(12) [2mzenoh_codec::common::extension[0m[2m:[0m Unknown Test ext: ZExtUnknown { Id: 1, Mandatory: true, Encoding: "Z64", Value: 10169373696762869396 }
[2m2026-09-14T12:52:20.746511Z[0m [31mERROR[0m codec_extension ThreadId(12) [2mzenoh_codec::common::extension[0m[2m:[0m Unknown Test ext: ZExtUnknown { Id: 1, Mandatory: true, Encoding: "Z64", Value: 15889653930456208063 }
[2m2026-09-14T12:52:20.746514Z[0m [31mERROR[0m codec_extension ThreadId(12) [2mzenoh_codec::common::extension[0m[2m:[0m Unknown Test ext: ZExtUnknown { Id: 1, Mandatory: true, Encoding: "Z64", Value: 16025864624647087781 }
[2m2026-09-14T12:52:20.746518Z[0m [31mERROR[0m codec_extension ThreadId(12) [2mzenoh_codec::common::extension[0m[2m:[0m Unknown Test ext: ZExtUnknown { Id: 1, Mandatory: true, Encoding: "Z64", Value: 9978657067628406189 }
[2m2026-09-14T12:52:20.746523Z[0m [31mERROR[0m codec_extension ThreadId(12) [2mzenoh_codec::common::extension[0m[2m:[0m Unknown Test ext: ZExtUnknown { Id: 1, Mandatory: true, Encoding: "Z64", Value: 8420698826880582330 }
[2m2026-09-14T12:52:20.746526Z[0m [31mERROR[0m codec_extension ThreadId(12) [2mzenoh_codec::common::extension[0m[2m:[0m Unknown Test ext: ZExtUnknown { Id: 1, Mandatory: true, Encoding: "Z64", Value: 6363278795305618392 }
[2m2026-09-14T12:52:20.746530Z[0m [31mERROR[0m codec_extension ThreadId(12) [2mzenoh_codec::common::extension[0m[2m:[0m Unknown Test ext: ZExtUnknown { Id: 1, Mandatory: true, Encoding: "Z64", Value: 1553733292675674957 }
[2m2026-09-14T12:52:20.746534Z[0m [31mERROR[0m codec_extension ThreadId(12) [2mzenoh_codec::common::extension[0m[2m:[0m Unknown Test ext: ZExtUnknown { Id: 1, Mandatory: true, Encoding: "Z64", Value: 16186337848313063314 }
[2m2026-09-14T12:52:20.746553Z[0m [31mERROR[0m codec_extension ThreadId(12) [2mzenoh_codec::common::extension[0m[2m:[0m Unknown Test ext: ZExtUnknown { Id: 1, Mandatory: true, Encoding: "Z64", Value: 11519973467452932100 }
[2m2026-09-14T12:52:20.746560Z[0m [31mERROR[0m codec_extension ThreadId(12) [2mzenoh_codec::common::extension[0m[2m:[0m Unknown Test ext: ZExtUnknown { Id: 1, Mandatory: true, Encoding: "Z64", Value: 9440974310634656416 }
[2m2026-09-14T12:52:20.746563Z[0m [31mERROR[0m codec_extension ThreadId(12) [2mzenoh_codec::common::extension[0m[2m:[0m Unknown Test ext: ZExtUnknown { Id: 1, Mandatory: true, Encoding: "Z64", Value: 13019059788345121886 }
[2m2026-09-14T12:52:20.746567Z[0m [31mERROR[0m codec_extension ThreadId(12) [2mzenoh_codec::common::extension[0m[2m:[0m Unknown Test ext: ZExtUnknown { Id: 1, Mandatory: true, Encoding: "Z64", Value: 12254116712063283506 }
[2m2026-09-14T12:52:20.746571Z[0m [31mERROR[0m codec_extension ThreadId(12) [2mzenoh_codec::common::extension[0m[2m:[0m Unknown Test ext: ZExtUnknown { Id: 1, Mandatory: true, Encoding: "Z64", Value: 1790129099621593189 }
[2m2026-09-14T12:52:20.746574Z[0m [31mERROR[0m codec_extension ThreadId(12) [2mzenoh_codec::common::extension[0m[2m:[0m Unknown Test ext: ZExtUnknown { Id: 1, Mandatory: true, Encoding: "Z64", Value: 8333071416150125070 }
[2m2026-09-14T12:52:20.746578Z[0m [31mERROR[0m codec_extension ThreadId(12) [2mzenoh_codec::common::extension[0m[2m:[0m Unknown Test ext: ZExtUnknown { Id: 1, Mandatory: true, Encoding: "Z64", Value: 1416060426386921142 }
[2m2026-09-14T12:52:20.746584Z[0m [31mERROR[0m codec_extension ThreadId(12) [2mzenoh_codec::common::extension[0m[2m:[0m Unknown Test ext: ZExtUnknown { Id: 1, Mandatory: true, Encoding: "Z64", Value: 12094941966606896445 }
[2m2026-09-14T12:52:20.746591Z[0m [31mERROR[0m codec_extension ThreadId(12) [2mzenoh_codec::common::extension[0m[2m:[0m Unknown Test ext: ZExtUnknown { Id: 1, Mandatory: true, Encoding: "Z64", Value: 17277235323160100348 }
[2m2026-09-14T12:52:20.746595Z[0m [31mERROR[0m codec_extension ThreadId(12) [2mzenoh_codec::common::extension[0m[2m:[0m Unknown Test ext: ZExtUnknown { Id: 1, Mandatory: true, Encoding: "Z64", Value: 12534941289498032828 }
[2m2026-09-14T12:52:20.746598Z[0m [31mERROR[0m codec_extension ThreadId(12) [2mzenoh_codec::common::extension[0m[2m:[0m Unknown Test ext: ZExtUnknown { Id: 1, Mandatory: true, Encoding: "Z64", Value: 3096949729173577138 }
[2m2026-09-14T12:52:20.746602Z[0m [31mERROR[0m codec_extension ThreadId(12) [2mzenoh_codec::common::extension[0m[2m:[0m Unknown Test ext: ZExtUnknown { Id: 1, Mandatory: true, Encoding: "Z64", Value: 4918155752064192920 }
[2m2026-09-14T12:52:20.746608Z[0m [31mERROR[0m codec_extension ThreadId(12) [2mzenoh_codec::common::extension[0m[2m:[0m Unknown Test ext: ZExtUnknown { Id: 1, Mandatory: true, Encoding: "Z64", Value: 18317699905660397224 }
[2m2026-09-14T12:52:20.746614Z[0m [31mERROR[0m codec_extension ThreadId(12) [2mzenoh_codec::common::extension[0m[2m:[0m Unknown Test ext: ZExtUnknown { Id: 1, Mandatory: true, Encoding: "Z64", Value: 11226777409527932007 }
[2m2026-09-14T12:52:20.746621Z[0m [31mERROR[0m codec_extension ThreadId(12) [2mzenoh_codec::common::extension[0m[2m:[0m Unknown Test ext: ZExtUnknown { Id: 1, Mandatory: true, Encoding: "Z64", Value: 17361961153981602820 }
[2m2026-09-14T12:52:20.746625Z[0m [31mERROR[0m codec_extension ThreadId(12) [2mzenoh_codec::common::extension[0m[2m:[0m Unknown Test ext: ZExtUnknown { Id: 1, Mandatory: true, Encoding: "Z64", Value: 9563281728883435250 }
[2m2026-09-14T12:52:20.746629Z[0m [31mERROR[0m codec_extension ThreadId(12) [2mzenoh_codec::common::extension[0m[2m:[0m Unknown Test ext: ZExtUnknown { Id: 1, Mandatory: true, Encoding: "Z64", Value: 9909668885675750688 }
[2m2026-09-14T12:52:20.746632Z[0m [31mERROR[0m codec_extension ThreadId(12) [2mzenoh_codec::common::extension[0m[2m:[0m Unknown Test ext: ZExtUnknown { Id: 1, Mandatory: true, Encoding: "Z64", Value: 12285794028345567195 }
[2m2026-09-14T12:52:20.746636Z[0m [31mERROR[0m codec_extension ThreadId(12) [2mzenoh_codec::common::extension[0m[2m:[0m Unknown Test ext: ZExtUnknown { Id: 1, Mandatory: true, Encoding: "Z64", Value: 12226154285293062466 }
[2m2026-09-14T12:52:20.746642Z[0m [31mERROR[0m codec_extension ThreadId(12) [2mzenoh_codec::common::extension[0m[2m:[0m Unknown Test ext: ZExtUnknown { Id: 1, Mandatory: true, Encoding: "Z64", Value: 14682520813533775357 }
[2m2026-09-14T12:52:20.746645Z[0m [31mERROR[0m codec_extension ThreadId(12) [2mzenoh_codec::common::extension[0m[2m:[0m Unknown Test ext: ZExtUnknown { Id: 1, Mandatory: true, Encoding: "Z64", Value: 4019442924719618199 }
[2m2026-09-14T12:52:20.746665Z[0m [31mERROR[0m codec_extension ThreadId(12) [2mzenoh_codec::common::extension[0m[2m:[0m Unknown Test ext: ZExtUnknown { Id: 1, Mandatory: true, Encoding: "Z64", Value: 10776204445551685161 }
[2m2026-09-14T12:52:20.746669Z[0m [31mERROR[0m codec_extension ThreadId(12) [2mzenoh_codec::common::extension[0m[2m:[0m Unknown Test ext: ZExtUnknown { Id: 1, Mandatory: true, Encoding: "Z64", Value: 8663834137797499200 }
[2m2026-09-14T12:52:20.746677Z[0m [31mERROR[0m codec_extension ThreadId(12) [2mzenoh_codec::common::extension[0m[2m:[0m Unknown Test ext: ZExtUnknown { Id: 1, Mandatory: true, Encoding: "Z64", Value: 10555553137083328622 }
[2m2026-09-14T12:52:20.746682Z[0m [31mERROR[0m codec_extension ThreadId(12) [2mzenoh_codec::common::extension[0m[2m:[0m Unknown Test ext: ZExtUnknown { Id: 1, Mandatory: true, Encoding: "Z64", Value: 1068066860537502773 }
[2m2026-09-14T12:52:20.746685Z[0m [31mERROR[0m codec_extension ThreadId(12) [2mzenoh_codec::common::extension[0m[2m:[0m Unknown Test ext: ZExtUnknown { Id: 1, Mandatory: true, Encoding: "Z64", Value: 7834392246414025682 }
[2m2026-09-14T12:52:20.746689Z[0m [31mERROR[0m codec_extension ThreadId(12) [2mzenoh_codec::common::extension[0m[2m:[0m Unknown Test ext: ZExtUnknown { Id: 1, Mandatory: true, Encoding: "Z64", Value: 11407473437915221458 }
[2m2026-09-14T12:52:20.746701Z[0m [31mERROR[0m codec_extension ThreadId(12) [2mzenoh_codec::common::extension[0m[2m:[0m Unknown Test ext: ZExtUnknown { Id: 1, Mandatory: true, Encoding: "Z64", Value: 14811673316104596824 }
[2m2026-09-14T12:52:20.746709Z[0m [31mERROR[0m codec_extension ThreadId(12) [2mzenoh_codec::common::extension[0m[2m:[0m Unknown Test ext: ZExtUnknown { Id: 1, Mandatory: true, Encoding: "Z64", Value: 13197259270801446126 }
[2m2026-09-14T12:52:20.746716Z[0m [31mERROR[0m codec_extension ThreadId(12) [2mzenoh_codec::common::extension[0m[2m:[0m Unknown Test ext: ZExtUnknown { Id: 1, Mandatory: true, Encoding: "Z64", Value: 7752271237124370510 }
[2m2026-09-14T12:52:20.746724Z[0m [31mERROR[0m codec_extension ThreadId(12) [2mzenoh_codec::common::extension[0m[2m:[0m Unknown Test ext: ZExtUnknown { Id: 1, Mandatory: true, Encoding: "Z64", Value: 17997572077605318361 }
[2m2026-09-14T12:52:20.746733Z[0m [31mERROR[0m codec_extension ThreadId(12) [2mzenoh_codec::common::extension[0m[2m:[0m Unknown Test ext: ZExtUnknown { Id: 1, Mandatory: true, Encoding: "Z64", Value: 263773264081456832 }
[2m2026-09-14T12:52:20.746738Z[0m [31mERROR[0m codec_extension ThreadId(12) [2mzenoh_codec::common::extension[0m[2m:[0m Unknown Test ext: ZExtUnknown { Id: 1, Mandatory: true, Encoding: "Z64", Value: 7070443896692703433 }
[2m2026-09-14T12:52:20.746742Z[0m [31mERROR[0m codec_extension ThreadId(12) [2mzenoh_codec::common::extension[0m[2m:[0m Unknown Test ext: ZExtUnknown { Id: 1, Mandatory: true, Encoding: "Z64", Value: 10224295646504610194 }
[2m2026-09-14T12:52:20.746745Z[0m [31mERROR[0m codec_extension ThreadId(12) [2mzenoh_codec::common::extension[0m[2m:[0m Unknown Test ext: ZExtUnknown { Id: 1, Mandatory: true, Encoding: "Z64", Value: 13695259299019548121 }
[2m2026-09-14T12:52:20.746749Z[0m [31mERROR[0m codec_extension ThreadId(12) [2mzenoh_codec::common::extension[0m[2m:[0m Unknown Test ext: ZExtUnknown { Id: 1, Mandatory: true, Encoding: "Z64", Value: 6715113291119954950 }
[2m2026-09-14T12:52:20.746752Z[0m [31mERROR[0m codec_extension ThreadId(12) [2mzenoh_codec::common::extension[0m[2m:[0m Unknown Test ext: ZExtUnknown { Id: 1, Mandatory: true, Encoding: "Z64", Value: 17087493738899712176 }
[2m2026-09-14T12:52:20.746756Z[0m [31mERROR[0m codec_extension ThreadId(12) [2mzenoh_codec::common::extension[0m[2m:[0m Unknown Test ext: ZExtUnknown { Id: 1, Mandatory: true, Encoding: "Z64", Value: 5159157675960600486 }
[2m2026-09-14T12:52:20.746764Z[0m [31mERROR[0m codec_extension ThreadId(12) [2mzenoh_codec::common::extension[0m[2m:[0m Unknown Test ext: ZExtUnknown { Id: 1, Mandatory: true, Encoding: "Z64", Value: 13544978445050073290 }
[2m2026-09-14T12:52:20.746769Z[0m [31mERROR[0m codec_extension ThreadId(12) [2mzenoh_codec::common::extension[0m[2m:[0m Unknown Test ext: ZExtUnknown { Id: 1, Mandatory: true, Encoding: "Z64", Value: 13277260179322666267 }
[2m2026-09-14T12:52:20.746776Z[0m [31mERROR[0m codec_extension ThreadId(12) [2mzenoh_codec::common::extension[0m[2m:[0m Unknown Test ext: ZExtUnknown { Id: 1, Mandatory: true, Encoding: "Z64", Value: 13995428816210960710 }
[2m2026-09-14T12:52:20.746781Z[0m [31mERROR[0m codec_extension ThreadId(12) [2mzenoh_codec::common::extension[0m[2m:[0m Unknown Test ext: ZExtUnknown { Id: 1, Mandatory: true, Encoding: "Z64", Value: 14571189400203322636 }
[2m2026-09-14T12:52:20.746785Z[0m [31mERROR[0m codec_extension ThreadId(12) [2mzenoh_codec::common::extension[0m[2m:[0m Unknown Test ext: ZExtUnknown { Id: 1, Mandatory: true, Encoding: "Z64", Value: 15344521108829709496 }
[2m2026-09-14T12:52:20.746802Z[0m [31mERROR[0m codec_extension ThreadId(12) [2mzenoh_codec::common::extension[0m[2m:[0m Unknown Test ext: ZExtUnknown { Id: 1, Mandatory: true, Encoding: "Z64", Value: 14982313234473245827 }
[2m2026-09-14T12:52:20.746806Z[0m [31mERROR[0m codec_extension ThreadId(12) [2mzenoh_codec::common::extension[0m[2m:[0m Unknown Test ext: ZExtUnknown { Id: 1, Mandatory: true, Encoding: "Z64", Value: 78954171498562229 }
[2m2026-09-14T12:52:20.746810Z[0m [31mERROR[0m codec_extension ThreadId(12) [2mzenoh_codec::common::extension[0m[2m:[0m Unknown Test ext: ZExtUnknown { Id: 1, Mandatory: true, Encoding: "Z64", Value: 3191558254492948136 }
[2m2026-09-14T12:52:20.746813Z[0m [31mERROR[0m codec_extension ThreadId(12) [2mzenoh_codec::common::extension[0m[2m:[0m Unknown Test ext: ZExtUnknown { Id: 1, Mandatory: true, Encoding: "Z64", Value: 8897010662413340582 }
[2m2026-09-14T12:52:20.746817Z[0m [31mERROR[0m codec_extension ThreadId(12) [2mzenoh_codec::common::extension[0m[2m:[0m Unknown Test ext: ZExtUnknown { Id: 1, Mandatory: true, Encoding: "Z64", Value: 160298693246884005 }
[2m2026-09-14T12:52:20.746820Z[0m [31mERROR[0m codec_extension ThreadId(12) [2mzenoh_codec::common::extension[0m[2m:[0m Unknown Test ext: ZExtUnknown { Id: 1, Mandatory: true, Encoding: "Z64", Value: 1100810040721730244 }
[2m2026-09-14T12:52:20.746824Z[0m [31mERROR[0m codec_extension ThreadId(12) [2mzenoh_codec::common::extension[0m[2m:[0m Unknown Test ext: ZExtUnknown { Id: 1, Mandatory: true, Encoding: "Z64", Value: 17768577028853629597 }
[2m2026-09-14T12:52:20.746829Z[0m [31mERROR[0m codec_extension ThreadId(12) [2mzenoh_codec::common::extension[0m[2m:[0m Unknown Test ext: ZExtUnknown { Id: 1, Mandatory: true, Encoding: "Z64", Value: 7996560276331840630 }
[2m2026-09-14T12:52:20.746832Z[0m [31mERROR[0m codec_extension ThreadId(12) [2mzenoh_codec::common::extension[0m[2m:[0m Unknown Test ext: ZExtUnknown { Id: 1, Mandatory: true, Encoding: "Z64", Value: 4862335811660842482 }
[2m2026-09-14T12:52:20.746836Z[0m [31mERROR[0m codec_extension ThreadId(12) [2mzenoh_codec::common::extension[0m[2m:[0m Unknown Test ext: ZExtUnknown { Id: 1, Mandatory: true, Encoding: "Z64", Value: 18422462725795684836 }
[2m2026-09-14T12:52:20.746839Z[0m [31mERROR[0m codec_extension ThreadId(12) [2mzenoh_codec::common::extension[0m[2m:[0m Unknown Test ext: ZExtUnknown { Id: 1, Mandatory: true, Encoding: "Z64", Value: 2456459895265614169 }
[2m2026-09-14T12:52:20.746843Z[0m [31mERROR[0m codec_extension ThreadId(12) [2mzenoh_codec::common::extension[0m[2m:[0m Unknown Test ext: ZExtUnknown { Id: 1, Mandatory: true, Encoding: "Z64", Value: 13241491818702354119 }
[2m2026-09-14T12:52:20.746847Z[0m [31mERROR[0m codec_extension ThreadId(12) [2mzenoh_codec::common::extension[0m[2m:[0m Unknown Test ext: ZExtUnknown { Id: 1, Mandatory: true, Encoding: "Z64", Value: 13185503118646813786 }
[2m2026-09-14T12:52:20.746850Z[0m [31mERROR[0m codec_extension ThreadId(12) [2mzenoh_codec::common::extension[0m[2m:[0m Unknown Test ext: ZExtUnknown { Id: 1, Mandatory: true, Encoding: "Z64", Value: 7477414988649959925 }
[2m2026-09-14T12:52:20.746854Z[0m [31mERROR[0m codec_extension ThreadId(12) [2mzenoh_codec::common::extension[0m[2m:[0m Unknown Test ext: ZExtUnknown { Id: 1, Mandatory: true, Encoding: "Z64", Value: 17895896708298422335 }
[2m2026-09-14T12:52:20.746857Z[0m [31mERROR[0m codec_extension ThreadId(12) [2mzenoh_codec::common::extension[0m[2m:[0m Unknown Test ext: ZExtUnknown { Id: 1, Mandatory: true, Encoding: "Z64", Value: 330809810682752230 }
[2m2026-09-14T12:52:20.746861Z[0m [31mERROR[0m codec_extension ThreadId(12) [2mzenoh_codec::common::extension[0m[2m:[0m Unknown Test ext: ZExtUnknown { Id: 1, Mandatory: true, Encoding: "Z64", Value: 13960285145116116438 }
[2m2026-09-14T12:52:20.746864Z[0m [31mERROR[0m codec_extension ThreadId(12) [2mzenoh_codec::common::extension[0m[2m:[0m Unknown Test ext: ZExtUnknown { Id: 1, Mandatory: true, Encoding: "Z64", Value: 15046706466534277060 }
[2m2026-09-14T12:52:20.746868Z[0m [31mERROR[0m codec_extension ThreadId(12) [2mzenoh_codec::common::extension[0m[2m:[0m Unknown Test ext: ZExtUnknown { Id: 1, Mandatory: true, Encoding: "Z64", Value: 6819626731508017634 }
[2m2026-09-14T12:52:20.746872Z[0m [31mERROR[0m codec_extension ThreadId(12) [2mzenoh_codec::common::extension[0m[2m:[0m Unknown Test ext: ZExtUnknown { Id: 1, Mandatory: true, Encoding: "Z64", Value: 8015962489132334484 }
[2m2026-09-14T12:52:20.746875Z[0m [31mERROR[0m codec_extension ThreadId(12) [2mzenoh_codec::common::extension[0m[2m:[0m Unknown Test ext: ZExtUnknown { Id: 1, Mandatory: true, Encoding: "Z64", Value: 18157799439882708459 }
[2m2026-09-14T12:52:20.746893Z[0m [31mERROR[0m codec_extension ThreadId(12) [2mzenoh_codec::common::extension[0m[2m:[0m Unknown Test ext: ZExtUnknown { Id: 1, Mandatory: true, Encoding: "Z64", Value: 5134144166990164897 }
[2m2026-09-14T12:52:20.746897Z[0m [31mERROR[0m codec_extension ThreadId(12) [2mzenoh_codec::common::extension[0m[2m:[0m Unknown Test ext: ZExtUnknown { Id: 1, Mandatory: true, Encoding: "Z64", Value: 1650724328065095484 }
[2m2026-09-14T12:52:20.746900Z[0m [31mERROR[0m codec_extension ThreadId(12) [2mzenoh_codec::common::extension[0m[2m:[0m Unknown Test ext: ZExtUnknown { Id: 1, Mandatory: true, Encoding: "Z64", Value: 16931798123863351709 }
[2m2026-09-14T12:52:20.746904Z[0m [31mERROR[0m codec_extension ThreadId(12) [2mzenoh_codec::common::extension[0m[2m:[0m Unknown Test ext: ZExtUnknown { Id: 1, Mandatory: true, Encoding: "Z64", Value: 10400431974763638612 }
[2m2026-09-14T12:52:20.746908Z[0m [31mERROR[0m codec_extension ThreadId(12) [2mzenoh_codec::common::extension[0m[2m:[0m Unknown Test ext: ZExtUnknown { Id: 1, Mandatory: true, Encoding: "Z64", Value: 482752578676572636 }
[2m2026-09-14T12:52:20.746912Z[0m [31mERROR[0m codec_extension ThreadId(12) [2mzenoh_codec::common::extension[0m[2m:[0m Unknown Test ext: ZExtUnknown { Id: 1, Mandatory: true, Encoding: "Z64", Value: 7433873853943047541 }
[2m2026-09-14T12:52:20.746915Z[0m [31mERROR[0m codec_extension ThreadId(12) [2mzenoh_codec::common::extension[0m[2m:[0m Unknown Test ext: ZExtUnknown { Id: 1, Mandatory: true, Encoding: "Z64", Value: 940350503525466246 }
[2m2026-09-14T12:52:20.746919Z[0m [31mERROR[0m codec_extension ThreadId(12) [2mzenoh_codec::common::extension[0m[2m:[0m Unknown Test ext: ZExtUnknown { Id: 1, Mandatory: true, Encoding: "Z64", Value: 10994656391148887492 }
[2m2026-09-14T12:52:20.746922Z[0m [31mERROR[0m codec_extension ThreadId(12) [2mzenoh_codec::common::extension[0m[2m:[0m Unknown Test ext: ZExtUnknown { Id: 1, Mandatory: true, Encoding: "Z64", Value: 12329738626388668081 }
[2m2026-09-14T12:52:20.746926Z[0m [31mERROR[0m codec_extension ThreadId(12) [2mzenoh_codec::common::extension[0m[2m:[0m Unknown Test ext: ZExtUnknown { Id: 1, Mandatory: true, Encoding: "Z64", Value: 13191538216641044309 }
[2m2026-09-14T12:52:20.746930Z[0m [31mERROR[0m codec_extension ThreadId(12) [2mzenoh_codec::common::extension[0m[2m:[0m Unknown Test ext: ZExtUnknown { Id: 1, Mandatory: true, Encoding: "Z64", Value: 1735373643131665351 }
[2m2026-09-14T12:52:20.746934Z[0m [31mERROR[0m codec_extension ThreadId(12) [2mzenoh_codec::common::extension[0m[2m:[0m Unknown Test ext: ZExtUnknown { Id: 1, Mandatory: true, Encoding: "Z64", Value: 12492632892537621729 }
[2m2026-09-14T12:52:20.746937Z[0m [31mERROR[0m codec_extension ThreadId(12) [2mzenoh_codec::common::extension[0m[2m:[0m Unknown Test ext: ZExtUnknown { Id: 1, Mandatory: true, Encoding: "Z64", Value: 11435058118315665138 }
[2m2026-09-14T12:52:20.746941Z[0m [31mERROR[0m codec_extension ThreadId(12) [2mzenoh_codec::common::extension[0m[2m:[0m Unknown Test ext: ZExtUnknown { Id: 1, Mandatory: true, Encoding: "Z64", Value: 14175644561642574437 }
[2m2026-09-14T12:52:20.746944Z[0m [31mERROR[0m codec_extension ThreadId(12) [2mzenoh_codec::common::extension[0m[2m:[0m Unknown Test ext: ZExtUnknown { Id: 1, Mandatory: true, Encoding: "Z64", Value: 1638620067731688818 }
[2m2026-09-14T12:52:20.746948Z[0m [31mERROR[0m codec_extension ThreadId(12) [2mzenoh_codec::common::extension[0m[2m:[0m Unknown Test ext: ZExtUnknown { Id: 1, Mandatory: true, Encoding: "Z64", Value: 7109764352084360341 }
[2m2026-09-14T12:52:20.746951Z[0m [31mERROR[0m codec_extension ThreadId(12) [2mzenoh_codec::common::extension[0m[2m:[0m Unknown Test ext: ZExtUnknown { Id: 1, Mandatory: true, Encoding: "Z64", Value: 2038733008781326530 }
[2m2026-09-14T12:52:20.746955Z[0m [31mERROR[0m codec_extension ThreadId(12) [2mzenoh_codec::common::extension[0m[2m:[0m Unknown Test ext: ZExtUnknown { Id: 1, Mandatory: true, Encoding: "Z64", Value: 5515743876837421488 }
[2m2026-09-14T12:52:20.746958Z[0m [31mERROR[0m codec_extension ThreadId(12) [2mzenoh_codec::common::extension[0m[2m:[0m Unknown Test ext: ZExtUnknown { Id: 1, Mandatory: true, Encoding: "Z64", Value: 1152533330071339034 }
[2m2026-09-14T12:52:20.746962Z[0m [31mERROR[0m codec_extension ThreadId(12) [2mzenoh_codec::common::extension[0m[2m:[0m Unknown Test ext: ZExtUnknown { Id: 1, Mandatory: true, Encoding: "Z64", Value: 8531477562585161691 }
[2m2026-09-14T12:52:20.746965Z[0m [31mERROR[0m codec_extension ThreadId(12) [2mzenoh_codec::common::extension[0m[2m:[0m Unknown Test ext: ZExtUnknown { Id: 1, Mandatory: true, Encoding: "Z64", Value: 11946945544277781645 }
[2m2026-09-14T12:52:20.746984Z[0m [31mERROR[0m codec_extension ThreadId(12) [2mzenoh_codec::common::extension[0m[2m:[0m Unknown Test ext: ZExtUnknown { Id: 1, Mandatory: true, Encoding: "Z64", Value: 7605176286636955642 }
[2m2026-09-14T12:52:20.746987Z[0m [31mERROR[0m codec_extension ThreadId(12) [2mzenoh_codec::common::extension[0m[2m:[0m Unknown Test ext: ZExtUnknown { Id: 1, Mandatory: true, Encoding: "Z64", Value: 18217440768592772005 }
[2m2026-09-14T12:52:20.746991Z[0m [31mERROR[0m codec_extension ThreadId(12) [2mzenoh_codec::common::extension[0m[2m:[0m Unknown Test ext: ZExtUnknown { Id: 1, Mandatory: true, Encoding: "Z64", Value: 15105867188142230315 }
[2m2026-09-14T12:52:20.746995Z[0m [31mERROR[0m codec_extension ThreadId(12) [2mzenoh_codec::common::extension[0m[2m:[0m Unknown Test ext: ZExtUnknown { Id: 1, Mandatory: true, Encoding: "Z64", Value: 13297592160515566294 }
[2m2026-09-14T12:52:20.746998Z[0m [31mERROR[0m codec_extension ThreadId(12) [2mzenoh_codec::common::extension[0m[2m:[0m Unknown Test ext: ZExtUnknown { Id: 1, Mandatory: true, Encoding: "Z64", Value: 4574264898533035598 }
[2m2026-09-14T12:52:20.747002Z[0m [31mERROR[0m codec_extension ThreadId(12) [2mzenoh_codec::common::extension[0m[2m:[0m Unknown Test ext: ZExtUnknown { Id: 1, Mandatory: true, Encoding: "Z64", Value: 7992204229872361272 }
[2m2026-09-14T12:52:20.747005Z[0m [31mERROR[0m codec_extension ThreadId(12) [2mzenoh_codec::common::extension[0m[2m:[0m Unknown Test ext: ZExtUnknown { Id: 1, Mandatory: true, Encoding: "Z64", Value: 1638837242950944668 }
[2m2026-09-14T12:52:20.747011Z[0m [31mERROR[0m codec_extension ThreadId(12) [2mzenoh_codec::common::extension[0m[2m:[0m Unknown Test ext: ZExtUnknown { Id: 1, Mandatory: true, Encoding: "Z64", Value: 5936833955782770991 }
[2m2026-09-14T12:52:20.747016Z[0m [31mERROR[0m codec_extension ThreadId(12) [2mzenoh_codec::common::extension[0m[2m:[0m Unknown Test ext: ZExtUnknown { Id: 1, Mandatory: true, Encoding: "Z64", Value: 11950868674794393824 }
[2m2026-09-14T12:52:20.747019Z[0m [31mERROR[0m codec_extension ThreadId(12) [2mzenoh_codec::common::extension[0m[2m:[0m Unknown Test ext: ZExtUnknown { Id: 1, Mandatory: true, Encoding: "Z64", Value: 5547473382621878832 }
[2m2026-09-14T12:52:20.747023Z[0m [31mERROR[0m codec_extension ThreadId(12) [2mzenoh_codec::common::extension[0m[2m:[0m Unknown Test ext: ZExtUnknown { Id: 1, Mandatory: true, Encoding: "Z64", Value: 14414930565270708916 }
[2m2026-09-14T12:52:20.747026Z[0m [31mERROR[0m codec_extension ThreadId(12) [2mzenoh_codec::common::extension[0m[2m:[0m Unknown Test ext: ZExtUnknown { Id: 1, Mandatory: true, Encoding: "Z64", Value: 13738284879874538971 }
[2m2026-09-14T12:52:20.747040Z[0m [31mERROR[0m codec_extension ThreadId(12) [2mzenoh_codec::common::extension[0m[2m:[0m Unknown Test ext: ZExtUnknown { Id: 1, Mandatory: true, Encoding: "Z64", Value: 14092996067810593182 }
[2m2026-09-14T12:52:20.747045Z[0m [31mERROR[0m codec_extension ThreadId(12) [2mzenoh_codec::common::extension[0m[2m:[0m Unknown Test ext: ZExtUnknown { Id: 1, Mandatory: true, Encoding: "Z64", Value: 15881395005278655352 }
[2m2026-09-14T12:52:20.747048Z[0m [31mERROR[0m codec_extension ThreadId(12) [2mzenoh_codec::common::extension[0m[2m:[0m Unknown Test ext: ZExtUnknown { Id: 1, Mandatory: true, Encoding: "Z64", Value: 3575555642756506134 }
[2m2026-09-14T12:52:20.747052Z[0m [31mERROR[0m codec_extension ThreadId(12) [2mzenoh_codec::common::extension[0m[2m:[0m Unknown Test ext: ZExtUnknown { Id: 1, Mandatory: true, Encoding: "Z64", Value: 6381741450217704463 }
[2m2026-09-14T12:52:20.747056Z[0m [31mERROR[0m codec_extension ThreadId(12) [2mzenoh_codec::common::extension[0m[2m:[0m Unknown Test ext: ZExtUnknown { Id: 1, Mandatory: true, Encoding: "Z64", Value: 15709804901010743838 }
[2m2026-09-14T12:52:20.747059Z[0m [31mERROR[0m codec_extension ThreadId(12) [2mzenoh_codec::common::extension[0m[2m:[0m Unknown Test ext: ZExtUnknown { Id: 1, Mandatory: true, Encoding: "Z64", Value: 12233375836537762240 }
[2m2026-09-14T12:52:20.747064Z[0m [31mERROR[0m codec_extension ThreadId(12) [2mzenoh_codec::common::extension[0m[2m:[0m Unknown Test ext: ZExtUnknown { Id: 1, Mandatory: true, Encoding: "Z64", Value: 16609318492388811823 }
[2m2026-09-14T12:52:20.747069Z[0m [31mERROR[0m codec_extension ThreadId(12) [2mzenoh_codec::common::extension[0m[2m:[0m Unknown Test ext: ZExtUnknown { Id: 1, Mandatory: true, Encoding: "Z64", Value: 9957618761175894076 }
[2m2026-09-14T12:52:20.747073Z[0m [31mERROR[0m codec_extension ThreadId(12) [2mzenoh_codec::common::extension[0m[2m:[0m Unknown Test ext: ZExtUnknown { Id: 1, Mandatory: true, Encoding: "Z64", Value: 14858279703850876576 }
[2m2026-09-14T12:52:20.747077Z[0m [31mERROR[0m codec_extension ThreadId(12) [2mzenoh_codec::common::extension[0m[2m:[0m Unknown Test ext: ZExtUnknown { Id: 1, Mandatory: true, Encoding: "Z64", Value: 9915311476256712581 }
[2m2026-09-14T12:52:20.747095Z[0m [31mERROR[0m codec_extension ThreadId(12) [2mzenoh_codec::common::extension[0m[2m:[0m Unknown Test ext: ZExtUnknown { Id: 1, Mandatory: true, Encoding: "Z64", Value: 4893748463925058890 }
[2m2026-09-14T12:52:20.747099Z[0m [31mERROR[0m codec_extension ThreadId(12) [2mzenoh_codec::common::extension[0m[2m:[0m Unknown Test ext: ZExtUnknown { Id: 1, Mandatory: true, Encoding: "Z64", Value: 12080049078079059467 }
[2m2026-09-14T12:52:20.747102Z[0m [31mERROR[0m codec_extension ThreadId(12) [2mzenoh_codec::common::extension[0m[2m:[0m Unknown Test ext: ZExtUnknown { Id: 1, Mandatory: true, Encoding: "Z64", Value: 3406292319855443971 }
[2m2026-09-14T12:52:20.747106Z[0m [31mERROR[0m codec_extension ThreadId(12) [2mzenoh_codec::common::extension[0m[2m:[0m Unknown Test ext: ZExtUnknown { Id: 1, Mandatory: true, Encoding: "Z64", Value: 17752621554582575559 }
[2m2026-09-14T12:52:20.747110Z[0m [31mERROR[0m codec_extension ThreadId(12) [2mzenoh_codec::common::extension[0m[2m:[0m Unknown Test ext: ZExtUnknown { Id: 1, Mandatory: true, Encoding: "Z64", Value: 6000009688591231907 }
[2m2026-09-14T12:52:20.747113Z[0m [31mERROR[0m codec_extension ThreadId(12) [2mzenoh_codec::common::extension[0m[2m:[0m Unknown Test ext: ZExtUnknown { Id: 1, Mandatory: true, Encoding: "Z64", Value: 13623250321814259695 }
[2m2026-09-14T12:52:20.747117Z[0m [31mERROR[0m codec_extension ThreadId(12) [2mzenoh_codec::common::extension[0m[2m:[0m Unknown Test ext: ZExtUnknown { Id: 1, Mandatory: true, Encoding: "Z64", Value: 3528155760738899906 }
[2m2026-09-14T12:52:20.747120Z[0m [31mERROR[0m codec_extension ThreadId(12) [2mzenoh_codec::common::extension[0m[2m:[0m Unknown Test ext: ZExtUnknown { Id: 1, Mandatory: true, Encoding: "Z64", Value: 2253986962427775220 }
[2m2026-09-14T12:52:20.747124Z[0m [31mERROR[0m codec_extension ThreadId(12) [2mzenoh_codec::common::extension[0m[2m:[0m Unknown Test ext: ZExtUnknown { Id: 1, Mandatory: true, Encoding: "Z64", Value: 8513490681650735606 }
[2m2026-09-14T12:52:20.747127Z[0m [31mERROR[0m codec_extension ThreadId(12) [2mzenoh_codec::common::extension[0m[2m:[0m Unknown Test ext: ZExtUnknown { Id: 1, Mandatory: true, Encoding: "Z64", Value: 730597082831775479 }
[2m2026-09-14T12:52:20.747131Z[0m [31mERROR[0m codec_extension ThreadId(12) [2mzenoh_codec::common::extension[0m[2m:[0m Unknown Test ext: ZExtUnknown { Id: 1, Mandatory: true, Encoding: "Z64", Value: 15008339973764926234 }
[2m2026-09-14T12:52:20.747134Z[0m [31mERROR[0m codec_extension ThreadId(12) [2mzenoh_codec::common::extension[0m[2m:[0m Unknown Test ext: ZExtUnknown { Id: 1, Mandatory: true, Encoding: "Z64", Value: 16367626624314399052 }
[2m2026-09-14T12:52:20.747138Z[0m [31mERROR[0m codec_extension ThreadId(12) [2mzenoh_codec::common::extension[0m[2m:[0m Unknown Test ext: ZExtUnknown { Id: 1, Mandatory: true, Encoding: "Z64", Value: 14263135614124121518 }
[2m2026-09-14T12:52:20.747141Z[0m [31mERROR[0m codec_extension ThreadId(12) [2mzenoh_codec::common::extension[0m[2m:[0m Unknown Test ext: ZExtUnknown { Id: 1, Mandatory: true, Encoding: "Z64", Value: 2707023127787389519 }
[2m2026-09-14T12:52:20.747146Z[0m [31mERROR[0m codec_extension ThreadId(12) [2mzenoh_codec::common::extension[0m[2m:[0m Unknown Test ext: ZExtUnknown { Id: 1, Mandatory: true, Encoding: "Z64", Value: 11040222336611460826 }
[2m2026-09-14T12:52:20.747149Z[0m [31mERROR[0m codec_extension ThreadId(12) [2mzenoh_codec::common::extension[0m[2m:[0m Unknown Test ext: ZExtUnknown { Id: 1, Mandatory: true, Encoding: "Z64", Value: 1270756521968520395 }
[2m2026-09-14T12:52:20.747156Z[0m [31mERROR[0m codec_extension ThreadId(12) [2mzenoh_codec::common::extension[0m[2m:[0m Unknown Test ext: ZExtUnknown { Id: 1, Mandatory: true, Encoding: "Z64", Value: 268733082133350288 }
[2m2026-09-14T12:52:20.747160Z[0m [31mERROR[0m codec_extension ThreadId(12) [2mzenoh_codec::common::extension[0m[2m:[0m Unknown Test ext: ZExtUnknown { Id: 1, Mandatory: true, Encoding: "Z64", Value: 9114433002415383312 }
[2m2026-09-14T12:52:20.747164Z[0m [31mERROR[0m codec_extension ThreadId(12) [2mzenoh_codec::common::extension[0m[2m:[0m Unknown Test ext: ZExtUnknown { Id: 1, Mandatory: true, Encoding: "Z64", Value: 6729170574744767562 }
[2m2026-09-14T12:52:20.747168Z[0m [31mERROR[0m codec_extension ThreadId(12) [2mzenoh_codec::common::extension[0m[2m:[0m Unknown Test ext: ZExtUnknown { Id: 1, Mandatory: true, Encoding: "Z64", Value: 5566036168685928541 }
[2m2026-09-14T12:52:20.747172Z[0m [31mERROR[0m codec_extension ThreadId(12) [2mzenoh_codec::common::extension[0m[2m:[0m Unknown Test ext: ZExtUnknown { Id: 1, Mandatory: true, Encoding: "Z64", Value: 17299612553278884130 }
[2m2026-09-14T12:52:20.747197Z[0m [31mERROR[0m codec_extension ThreadId(12) [2mzenoh_codec::common::extension[0m[2m:[0m Unknown Test ext: ZExtUnknown { Id: 1, Mandatory: true, Encoding: "Z64", Value: 17145038520143338160 }
[2m2026-09-14T12:52:20.747201Z[0m [31mERROR[0m codec_extension ThreadId(12) [2mzenoh_codec::common::extension[0m[2m:[0m Unknown Test ext: ZExtUnknown { Id: 1, Mandatory: true, Encoding: "Z64", Value: 2728906244898290168 }
[2m2026-09-14T12:52:20.747205Z[0m [31mERROR[0m codec_extension ThreadId(12) [2mzenoh_codec::common::extension[0m[2m:[0m Unknown Test ext: ZExtUnknown { Id: 1, Mandatory: true, Encoding: "Z64", Value: 8186365369491040095 }
[2m2026-09-14T12:52:20.747208Z[0m [31mERROR[0m codec_extension ThreadId(12) [2mzenoh_codec::common::extension[0m[2m:[0m Unknown Test ext: ZExtUnknown { Id: 1, Mandatory: true, Encoding: "Z64", Value: 8703043159555870025 }
[2m2026-09-14T12:52:20.747212Z[0m [31mERROR[0m codec_extension ThreadId(12) [2mzenoh_codec::common::extension[0m[2m:[0m Unknown Test ext: ZExtUnknown { Id: 1, Mandatory: true, Encoding: "Z64", Value: 17333891610410537789 }
[2m2026-09-14T12:52:20.747216Z[0m [31mERROR[0m codec_extension ThreadId(12) [2mzenoh_codec::common::extension[0m[2m:[0m Unknown Test ext: ZExtUnknown { Id: 1, Mandatory: true, Encoding: "Z64", Value: 3279207359420678306 }
[2m2026-09-14T12:52:20.747220Z[0m [31mERROR[0m codec_extension ThreadId(12) [2mzenoh_codec::common::extension[0m[2m:[0m Unknown Test ext: ZExtUnknown { Id: 1, Mandatory: true, Encoding: "Z64", Value: 8302132311326443131 }
[2m2026-09-14T12:52:20.747223Z[0m [31mERROR[0m codec_extension ThreadId(12) [2mzenoh_codec::common::extension[0m[2m:[0m Unknown Test ext: ZExtUnknown { Id: 1, Mandatory: true, Encoding: "Z64", Value: 2933770209898255875 }
[2m2026-09-14T12:52:20.747227Z[0m [31mERROR[0m codec_extension ThreadId(12) [2mzenoh_codec::common::extension[0m[2m:[0m Unknown Test ext: ZExtUnknown { Id: 1, Mandatory: true, Encoding: "Z64", Value: 9256170531949859417 }
[2m2026-09-14T12:52:20.747231Z[0m [31mERROR[0m codec_extension ThreadId(12) [2mzenoh_codec::common::extension[0m[2m:[0m Unknown Test ext: ZExtUnknown { Id: 1, Mandatory: true, Encoding: "Z64", Value: 7786255317390381887 }
[2m2026-09-14T12:52:20.747235Z[0m [31mERROR[0m codec_extension ThreadId(12) [2mzenoh_codec::common::extension[0m[2m:[0m Unknown Test ext: ZExtUnknown { Id: 1, Mandatory: true, Encoding: "Z64", Value: 16830580786080777676 }
[2m2026-09-14T12:52:20.747239Z[0m [31mERROR[0m codec_extension ThreadId(12) [2mzenoh_codec::common::extension[0m[2m:[0m Unknown Test ext: ZExtUnknown { Id: 1, Mandatory: true, Encoding: "Z64", Value: 11738851217746156272 }
[2m2026-09-14T12:52:20.747242Z[0m [31mERROR[0m codec_extension ThreadId(12) [2mzenoh_codec::common::extension[0m[2m:[0m Unknown Test ext: ZExtUnknown { Id: 1, Mandatory: true, Encoding: "Z64", Value: 8288686557667643281 }
[2m2026-09-14T12:52:20.747246Z[0m [31mERROR[0m codec_extension ThreadId(12) [2mzenoh_codec::common::extension[0m[2m:[0m Unknown Test ext: ZExtUnknown { Id: 1, Mandatory: true, Encoding: "Z64", Value: 6045519655735064908 }
[2m2026-09-14T12:52:20.747249Z[0m [31mERROR[0m codec_extension ThreadId(12) [2mzenoh_codec::common::extension[0m[2m:[0m Unknown Test ext: ZExtUnknown { Id: 1, Mandatory: true, Encoding: "Z64", Value: 5175328768504301592 }
[2m2026-09-14T12:52:20.747253Z[0m [31mERROR[0m codec_extension ThreadId(12) [2mzenoh_codec::common::extension[0m[2m:[0m Unknown Test ext: ZExtUnknown { Id: 1, Mandatory: true, Encoding: "Z64", Value: 8726083809162767095 }
[2m2026-09-14T12:52:20.747257Z[0m [31mERROR[0m codec_extension ThreadId(12) [2mzenoh_codec::common::extension[0m[2m:[0m Unknown Test ext: ZExtUnknown { Id: 1, Mandatory: true, Encoding: "Z64", Value: 11604641693625268427 }
[2m2026-09-14T12:52:20.747260Z[0m [31mERROR[0m codec_extension ThreadId(12) [2mzenoh_codec::common::extension[0m[2m:[0m Unknown Test ext: ZExtUnknown { Id: 1, Mandatory: true, Encoding: "Z64", Value: 11612383868610692677 }
[2m2026-09-14T12:52:20.747267Z[0m [31mERROR[0m codec_extension ThreadId(12) [2mzenoh_codec::common::extension[0m[2m:[0m Unknown Test ext: ZExtUnknown { Id: 1, Mandatory: true, Encoding: "Z64", Value: 2414032534017688227 }
[2m2026-09-14T12:52:20.747270Z[0m [31mERROR[0m codec_extension ThreadId(12) [2mzenoh_codec::common::extension[0m[2m:[0m Unknown Test ext: ZExtUnknown { Id: 1, Mandatory: true, Encoding: "Z64", Value: 12867191964944822275 }
[2m2026-09-14T12:52:20.747274Z[0m [31mERROR[0m codec_extension ThreadId(12) [2mzenoh_codec::common::extension[0m[2m:[0m Unknown Test ext: ZExtUnknown { Id: 1, Mandatory: true, Encoding: "Z64", Value: 14817755815709368907 }
[2m2026-09-14T12:52:20.747292Z[0m [31mERROR[0m codec_extension ThreadId(12) [2mzenoh_codec::common::extension[0m[2m:[0m Unknown Test ext: ZExtUnknown { Id: 1, Mandatory: true, Encoding: "Z64", Value: 8380602983299430129 }
[2m2026-09-14T12:52:20.747296Z[0m [31mERROR[0m codec_extension ThreadId(12) [2mzenoh_codec::common::extension[0m[2m:[0m Unknown Test ext: ZExtUnknown { Id: 1, Mandatory: true, Encoding: "Z64", Value: 10564684512987367829 }
[2m2026-09-14T12:52:20.747300Z[0m [31mERROR[0m codec_extension ThreadId(12) [2mzenoh_codec::common::extension[0m[2m:[0m Unknown Test ext: ZExtUnknown { Id: 1, Mandatory: true, Encoding: "Z64", Value: 4288421191661505504 }
[2m2026-09-14T12:52:20.747304Z[0m [31mERROR[0m codec_extension ThreadId(12) [2mzenoh_codec::common::extension[0m[2m:[0m Unknown Test ext: ZExtUnknown { Id: 1, Mandatory: true, Encoding: "Z64", Value: 8478224627040431231 }
[2m2026-09-14T12:52:20.747307Z[0m [31mERROR[0m codec_extension ThreadId(12) [2mzenoh_codec::common::extension[0m[2m:[0m Unknown Test ext: ZExtUnknown { Id: 1, Mandatory: true, Encoding: "Z64", Value: 584043423887612989 }
[2m2026-09-14T12:52:20.747311Z[0m [31mERROR[0m codec_extension ThreadId(12) [2mzenoh_codec::common::extension[0m[2m:[0m Unknown Test ext: ZExtUnknown { Id: 1, Mandatory: true, Encoding: "Z64", Value: 15649436691702897080 }
[2m2026-09-14T12:52:20.747315Z[0m [31mERROR[0m codec_extension ThreadId(12) [2mzenoh_codec::common::extension[0m[2m:[0m Unknown Test ext: ZExtUnknown { Id: 1, Mandatory: true, Encoding: "Z64", Value: 3732437249829608082 }
[2m2026-09-14T12:52:20.747322Z[0m [31mERROR[0m codec_extension ThreadId(12) [2mzenoh_codec::common::extension[0m[2m:[0m Unknown Test ext: ZExtUnknown { Id: 1, Mandatory: true, Encoding: "Z64", Value: 8069131763396820408 }
[2m2026-09-14T12:52:20.747326Z[0m [31mERROR[0m codec_extension ThreadId(12) [2mzenoh_codec::common::extension[0m[2m:[0m Unknown Test ext: ZExtUnknown { Id: 1, Mandatory: true, Encoding: "Z64", Value: 8883924263707497887 }
[2m2026-09-14T12:52:20.747333Z[0m [31mERROR[0m codec_extension ThreadId(12) [2mzenoh_codec::common::extension[0m[2m:[0m Unknown Test ext: ZExtUnknown { Id: 1, Mandatory: true, Encoding: "Z64", Value: 11985214704692636261 }
[2m2026-09-14T12:52:20.747339Z[0m [31mERROR[0m codec_extension ThreadId(12) [2mzenoh_codec::common::extension[0m[2m:[0m Unknown Test ext: ZExtUnknown { Id: 1, Mandatory: true, Encoding: "Z64", Value: 16641187720843282796 }
[2m2026-09-14T12:52:20.747343Z[0m [31mERROR[0m codec_extension ThreadId(12) [2mzenoh_codec::common::extension[0m[2m:[0m Unknown Test ext: ZExtUnknown { Id: 1, Mandatory: true, Encoding: "Z64", Value: 3404782522765389697 }
[2m2026-09-14T12:52:20.747347Z[0m [31mERROR[0m codec_extension ThreadId(12) [2mzenoh_codec::common::extension[0m[2m:[0m Unknown Test ext: ZExtUnknown { Id: 1, Mandatory: true, Encoding: "Z64", Value: 8678829359442517507 }
[2m2026-09-14T12:52:20.747350Z[0m [31mERROR[0m codec_extension ThreadId(12) [2mzenoh_codec::common::extension[0m[2m:[0m Unknown Test ext: ZExtUnknown { Id: 1, Mandatory: true, Encoding: "Z64", Value: 706923175809983571 }
[2m2026-09-14T12:52:20.747356Z[0m [31mERROR[0m codec_extension ThreadId(12) [2mzenoh_codec::common::extension[0m[2m:[0m Unknown Test ext: ZExtUnknown { Id: 1, Mandatory: true, Encoding: "Z64", Value: 5263855419090349842 }
[2m2026-09-14T12:52:20.747360Z[0m [31mERROR[0m codec_extension ThreadId(12) [2mzenoh_codec::common::extension[0m[2m:[0m Unknown Test ext: ZExtUnknown { Id: 1, Mandatory: true, Encoding: "Z64", Value: 9844668220455083858 }
[2m2026-09-14T12:52:20.747366Z[0m [31mERROR[0m codec_extension ThreadId(12) [2mzenoh_codec::common::extension[0m[2m:[0m Unknown Test ext: ZExtUnknown { Id: 1, Mandatory: true, Encoding: "Z64", Value: 10658595202382689647 }
[2m2026-09-14T12:52:20.747370Z[0m [31mERROR[0m codec_extension ThreadId(12) [2mzenoh_codec::common::extension[0m[2m:[0m Unknown Test ext: ZExtUnknown { Id: 1, Mandatory: true, Encoding: "Z64", Value: 5483232998923734046 }
[2m2026-09-14T12:52:20.747373Z[0m [31mERROR[0m codec_extension ThreadId(12) [2mzenoh_codec::common::extension[0m[2m:[0m Unknown Test ext: ZExtUnknown { Id: 1, Mandatory: true, Encoding: "Z64", Value: 2490425355909116590 }
[2m2026-09-14T12:52:20.747378Z[0m [31mERROR[0m codec_extension ThreadId(12) [2mzenoh_codec::common::extension[0m[2m:[0m Unknown Test ext: ZExtUnknown { Id: 1, Mandatory: true, Encoding: "Z64", Value: 3712398577840310078 }
[2m2026-09-14T12:52:20.747381Z[0m [31mERROR[0m codec_extension ThreadId(12) [2mzenoh_codec::common::extension[0m[2m:[0m Unknown Test ext: ZExtUnknown { Id: 1, Mandatory: true, Encoding: "Z64", Value: 645376840503674808 }
[2m2026-09-14T12:52:20.747388Z[0m [31mERROR[0m codec_extension ThreadId(12) [2mzenoh_codec::common::extension[0m[2m:[0m Unknown Test ext: ZExtUnknown { Id: 1, Mandatory: true, Encoding: "Z64", Value: 17563211678716671873 }
[2m2026-09-14T12:52:20.747410Z[0m [31mERROR[0m codec_extension ThreadId(12) [2mzenoh_codec::common::extension[0m[2m:[0m Unknown Test ext: ZExtUnknown { Id: 1, Mandatory: true, Encoding: "Z64", Value: 8473297952121763736 }
[2m2026-09-14T12:52:20.747415Z[0m [31mERROR[0m codec_extension ThreadId(12) [2mzenoh_codec::common::extension[0m[2m:[0m Unknown Test ext: ZExtUnknown { Id: 1, Mandatory: true, Encoding: "Z64", Value: 3718267470401961783 }
[2m2026-09-14T12:52:20.747418Z[0m [31mERROR[0m codec_extension ThreadId(12) [2mzenoh_codec::common::extension[0m[2m:[0m Unknown Test ext: ZExtUnknown { Id: 1, Mandatory: true, Encoding: "Z64", Value: 11943371434989512624 }
[2m2026-09-14T12:52:20.747438Z[0m [31mERROR[0m codec_extension ThreadId(12) [2mzenoh_codec::common::extension[0m[2m:[0m Unknown Test ext: ZExtUnknown { Id: 1, Mandatory: true, Encoding: "Z64", Value: 17444073157586208627 }
[2m2026-09-14T12:52:20.747442Z[0m [31mERROR[0m codec_extension ThreadId(12) [2mzenoh_codec::common::extension[0m[2m:[0m Unknown Test ext: ZExtUnknown { Id: 1, Mandatory: true, Encoding: "Z64", Value: 8183450951707084991 }
[2m2026-09-14T12:52:20.747446Z[0m [31mERROR[0m codec_extension ThreadId(12) [2mzenoh_codec::common::extension[0m[2m:[0m Unknown Test ext: ZExtUnknown { Id: 1, Mandatory: true, Encoding: "Z64", Value: 8569233543091483056 }
[2m2026-09-14T12:52:20.747452Z[0m [31mERROR[0m codec_extension ThreadId(12) [2mzenoh_codec::common::extension[0m[2m:[0m Unknown Test ext: ZExtUnknown { Id: 1, Mandatory: true, Encoding: "Z64", Value: 5576915480634384226 }
[2m2026-09-14T12:52:20.747456Z[0m [31mERROR[0m codec_extension ThreadId(12) [2mzenoh_codec::common::extension[0m[2m:[0m Unknown Test ext: ZExtUnknown { Id: 1, Mandatory: true, Encoding: "Z64", Value: 14169243809936469395 }
[2m2026-09-14T12:52:20.747463Z[0m [31mERROR[0m codec_extension ThreadId(12) [2mzenoh_codec::common::extension[0m[2m:[0m Unknown Test ext: ZExtUnknown { Id: 1, Mandatory: true, Encoding: "Z64", Value: 4052833104797146587 }
[2m2026-09-14T12:52:20.747466Z[0m [31mERROR[0m codec_extension ThreadId(12) [2mzenoh_codec::common::extension[0m[2m:[0m Unknown Test ext: ZExtUnknown { Id: 1, Mandatory: true, Encoding: "Z64", Value: 18110757821706900135 }
[2m2026-09-14T12:52:20.747470Z[0m [31mERROR[0m codec_extension ThreadId(12) [2mzenoh_codec::common::extension[0m[2m:[0m Unknown Test ext: ZExtUnknown { Id: 1, Mandatory: true, Encoding: "Z64", Value: 11645236253759578252 }
[2m2026-09-14T12:52:20.747474Z[0m [31mERROR[0m codec_extension ThreadId(12) [2mzenoh_codec::common::extension[0m[2m:[0m Unknown Test ext: ZExtUnknown { Id: 1, Mandatory: true, Encoding: "Z64", Value: 10700066123944688356 }
[2m2026-09-14T12:52:20.747480Z[0m [31mERROR[0m codec_extension ThreadId(12) [2mzenoh_codec::common::extension[0m[2m:[0m Unknown Test ext: ZExtUnknown { Id: 1, Mandatory: true, Encoding: "Z64", Value: 12678703228033146994 }
[2m2026-09-14T12:52:20.747487Z[0m [31mERROR[0m codec_extension ThreadId(12) [2mzenoh_codec::common::extension[0m[2m:[0m Unknown Test ext: ZExtUnknown { Id: 1, Mandatory: true, Encoding: "Z64", Value: 14455885014325068641 }
[2m2026-09-14T12:52:20.747490Z[0m [31mERROR[0m codec_extension ThreadId(12) [2mzenoh_codec::common::extension[0m[2m:[0m Unknown Test ext: ZExtUnknown { Id: 1, Mandatory: true, Encoding: "Z64", Value: 16002697206962341595 }
[2m2026-09-14T12:52:20.747494Z[0m [31mERROR[0m codec_extension ThreadId(12) [2mzenoh_codec::common::extension[0m[2m:[0m Unknown Test ext: ZExtUnknown { Id: 1, Mandatory: true, Encoding: "Z64", Value: 17336835451634239463 }
[2m2026-09-14T12:52:20.747497Z[0m [31mERROR[0m codec_extension ThreadId(12) [2mzenoh_codec::common::extension[0m[2m:[0m Unknown Test ext: ZExtUnknown { Id: 1, Mandatory: true, Encoding: "Z64", Value: 5300530684199073957 }
[2m2026-09-14T12:52:20.747503Z[0m [31mERROR[0m codec_extension ThreadId(12) [2mzenoh_codec::common::extension[0m[2m:[0m Unknown Test ext: ZExtUnknown { Id: 1, Mandatory: true, Encoding: "Z64", Value: 18441023823934907509 }
[2m2026-09-14T12:52:20.747507Z[0m [31mERROR[0m codec_extension ThreadId(12) [2mzenoh_codec::common::extension[0m[2m:[0m Unknown Test ext: ZExtUnknown { Id: 1, Mandatory: true, Encoding: "Z64", Value: 6943194338127414118 }
[2m2026-09-14T12:52:20.747510Z[0m [31mERROR[0m codec_extension ThreadId(12) [2mzenoh_codec::common::extension[0m[2m:[0m Unknown Test ext: ZExtUnknown { Id: 1, Mandatory: true, Encoding: "Z64", Value: 13056978937959714326 }
[2m2026-09-14T12:52:20.747514Z[0m [31mERROR[0m codec_extension ThreadId(12) [2mzenoh_codec::common::extension[0m[2m:[0m Unknown Test ext: ZExtUnknown { Id: 1, Mandatory: true, Encoding: "Z64", Value: 3772276867443891025 }
[2m2026-09-14T12:52:20.747534Z[0m [31mERROR[0m codec_extension ThreadId(12) [2mzenoh_codec::common::extension[0m[2m:[0m Unknown Test ext: ZExtUnknown { Id: 1, Mandatory: true, Encoding: "Z64", Value: 18086641212894684844 }
[2m2026-09-14T12:52:20.747542Z[0m [31mERROR[0m codec_extension ThreadId(12) [2mzenoh_codec::common::extension[0m[2m:[0m Unknown Test ext: ZExtUnknown { Id: 1, Mandatory: true, Encoding: "Z64", Value: 3544479761590934562 }
[2m2026-09-14T12:52:20.747545Z[0m [31mERROR[0m codec_extension ThreadId(12) [2mzenoh_codec::common::extension[0m[2m:[0m Unknown Test ext: ZExtUnknown { Id: 1, Mandatory: true, Encoding: "Z64", Value: 18158584220507019600 }
[2m2026-09-14T12:52:20.747549Z[0m [31mERROR[0m codec_extension ThreadId(12) [2mzenoh_codec::common::extension[0m[2m:[0m Unknown Test ext: ZExtUnknown { Id: 1, Mandatory: true, Encoding: "Z64", Value: 13091605309155740211 }
[2m2026-09-14T12:52:20.747552Z[0m [31mERROR[0m codec_extension ThreadId(12) [2mzenoh_codec::common::extension[0m[2m:[0m Unknown Test ext: ZExtUnknown { Id: 1, Mandatory: true, Encoding: "Z64", Value: 14092610952836890907 }
[2m2026-09-14T12:52:20.747556Z[0m [31mERROR[0m codec_extension ThreadId(12) [2mzenoh_codec::common::extension[0m[2m:[0m Unknown Test ext: ZExtUnknown { Id: 1, Mandatory: true, Encoding: "Z64", Value: 4211733112781521950 }
[2m2026-09-14T12:52:20.747559Z[0m [31mERROR[0m codec_extension ThreadId(12) [2mzenoh_codec::common::extension[0m[2m:[0m Unknown Test ext: ZExtUnknown { Id: 1, Mandatory: true, Encoding: "Z64", Value: 4904844243820949389 }
[2m2026-09-14T12:52:20.747563Z[0m [31mERROR[0m codec_extension ThreadId(12) [2mzenoh_codec::common::extension[0m[2m:[0m Unknown Test ext: ZExtUnknown { Id: 1, Mandatory: true, Encoding: "Z64", Value: 12947285428184029677 }
[2m2026-09-14T12:52:20.747566Z[0m [31mERROR[0m codec_extension ThreadId(12) [2mzenoh_codec::common::extension[0m[2m:[0m Unknown Test ext: ZExtUnknown { Id: 1, Mandatory: true, Encoding: "Z64", Value: 17034647543069737184 }
[2m2026-09-14T12:52:20.747571Z[0m [31mERROR[0m codec_extension ThreadId(12) [2mzenoh_codec::common::extension[0m[2m:[0m Unknown Test ext: ZExtUnknown { Id: 1, Mandatory: true, Encoding: "Z64", Value: 3588833957020720098 }
[2m2026-09-14T12:52:20.747574Z[0m [31mERROR[0m codec_extension ThreadId(12) [2mzenoh_codec::common::extension[0m[2m:[0m Unknown Test ext: ZExtUnknown { Id: 1, Mandatory: true, Encoding: "Z64", Value: 18340735724334375894 }
[2m2026-09-14T12:52:20.747578Z[0m [31mERROR[0m codec_extension ThreadId(12) [2mzenoh_codec::common::extension[0m[2m:[0m Unknown Test ext: ZExtUnknown { Id: 1, Mandatory: true, Encoding: "Z64", Value: 2178125828260886468 }
[2m2026-09-14T12:52:20.747581Z[0m [31mERROR[0m codec_extension ThreadId(12) [2mzenoh_codec::common::extension[0m[2m:[0m Unknown Test ext: ZExtUnknown { Id: 1, Mandatory: true, Encoding: "Z64", Value: 17733156537950696427 }
[2m2026-09-14T12:52:20.747585Z[0m [31mERROR[0m codec_extension ThreadId(12) [2mzenoh_codec::common::extension[0m[2m:[0m Unknown Test ext: ZExtUnknown { Id: 1, Mandatory: true, Encoding: "Z64", Value: 11139380900904428198 }
[2m2026-09-14T12:52:20.747588Z[0m [31mERROR[0m codec_extension ThreadId(12) [2mzenoh_codec::common::extension[0m[2m:[0m Unknown Test ext: ZExtUnknown { Id: 1, Mandatory: true, Encoding: "Z64", Value: 12748314792039141067 }
[2m2026-09-14T12:52:20.747592Z[0m [31mERROR[0m codec_extension ThreadId(12) [2mzenoh_codec::common::extension[0m[2m:[0m Unknown Test ext: ZExtUnknown { Id: 1, Mandatory: true, Encoding: "Z64", Value: 1230710004996020977 }
[2m2026-09-14T12:52:20.747595Z[0m [31mERROR[0m codec_extension ThreadId(12) [2mzenoh_codec::common::extension[0m[2m:[0m Unknown Test ext: ZExtUnknown { Id: 1, Mandatory: true, Encoding: "Z64", Value: 518994695625538939 }
[2m2026-09-14T12:52:20.747599Z[0m [31mERROR[0m codec_extension ThreadId(12) [2mzenoh_codec::common::extension[0m[2m:[0m Unknown Test ext: ZExtUnknown { Id: 1, Mandatory: true, Encoding: "Z64", Value: 17565528054695911872 }
[2m2026-09-14T12:52:20.747623Z[0m [31mERROR[0m codec_extension ThreadId(12) [2mzenoh_codec::common::extension[0m[2m:[0m Unknown Test ext: ZExtUnknown { Id: 1, Mandatory: true, Encoding: "Z64", Value: 1920095321118839122 }
[2m2026-09-14T12:52:20.747627Z[0m [31mERROR[0m codec_extension ThreadId(12) [2mzenoh_codec::common::extension[0m[2m:[0m Unknown Test ext: ZExtUnknown { Id: 1, Mandatory: true, Encoding: "Z64", Value: 10212928598264245555 }
[2m2026-09-14T12:52:20.747631Z[0m [31mERROR[0m codec_extension ThreadId(12) [2mzenoh_codec::common::extension[0m[2m:[0m Unknown Test ext: ZExtUnknown { Id: 1, Mandatory: true, Encoding: "Z64", Value: 10219222941502583661 }
[2m2026-09-14T12:52:20.747650Z[0m [31mERROR[0m codec_extension ThreadId(12) [2mzenoh_codec::common::extension[0m[2m:[0m Unknown Test ext: ZExtUnknown { Id: 1, Mandatory: true, Encoding: "Z64", Value: 829288500006159899 }
[2m2026-09-14T12:52:20.747655Z[0m [31mERROR[0m codec_extension ThreadId(12) [2mzenoh_codec::common::extension[0m[2m:[0m Unknown Test ext: ZExtUnknown { Id: 1, Mandatory: true, Encoding: "Z64", Value: 10717154840315302306 }
[2m2026-09-14T12:52:20.747658Z[0m [31mERROR[0m codec_extension ThreadId(12) [2mzenoh_codec::common::extension[0m[2m:[0m Unknown Test ext: ZExtUnknown { Id: 1, Mandatory: true, Encoding: "Z64", Value: 13266055361068542879 }
[2m2026-09-14T12:52:20.747662Z[0m [31mERROR[0m codec_extension ThreadId(12) [2mzenoh_codec::common::extension[0m[2m:[0m Unknown Test ext: ZExtUnknown { Id: 1, Mandatory: true, Encoding: "Z64", Value: 9967048880719223480 }
[2m2026-09-14T12:52:20.747666Z[0m [31mERROR[0m codec_extension ThreadId(12) [2mzenoh_codec::common::extension[0m[2m:[0m Unknown Test ext: ZExtUnknown { Id: 1, Mandatory: true, Encoding: "Z64", Value: 6276103183865343368 }
[2m2026-09-14T12:52:20.747670Z[0m [31mERROR[0m codec_extension ThreadId(12) [2mzenoh_codec::common::extension[0m[2m:[0m Unknown Test ext: ZExtUnknown { Id: 1, Mandatory: true, Encoding: "Z64", Value: 2813638702024108551 }
[2m2026-09-14T12:52:20.747673Z[0m [31mERROR[0m codec_extension ThreadId(12) [2mzenoh_codec::common::extension[0m[2m:[0m Unknown Test ext: ZExtUnknown { Id: 1, Mandatory: true, Encoding: "Z64", Value: 16316438089017309944 }
[2m2026-09-14T12:52:20.747677Z[0m [31mERROR[0m codec_extension ThreadId(12) [2mzenoh_codec::common::extension[0m[2m:[0m Unknown Test ext: ZExtUnknown { Id: 1, Mandatory: true, Encoding: "Z64", Value: 12458975481096808333 }
[2m2026-09-14T12:52:20.747680Z[0m [31mERROR[0m codec_extension ThreadId(12) [2mzenoh_codec::common::extension[0m[2m:[0m Unknown Test ext: ZExtUnknown { Id: 1, Mandatory: true, Encoding: "Z64", Value: 13954119788202050930 }
[2m2026-09-14T12:52:20.747684Z[0m [31mERROR[0m codec_extension ThreadId(12) [2mzenoh_codec::common::extension[0m[2m:[0m Unknown Test ext: ZExtUnknown { Id: 1, Mandatory: true, Encoding: "Z64", Value: 18424964614535206400 }
[2m2026-09-14T12:52:20.748152Z[0m [31mERROR[0m codec_extension ThreadId(12) [2mzenoh_codec::common::extension[0m[2m:[0m Unknown Test ext: ZExtUnknown { Id: 2, Mandatory: true, Encoding: "ZBuf", Value: ZBuf { slices: [[52, cf, fe, 9f, a8, ed, 8f, cf, b5, 7a, a0, be, cc, f0, 4d, b2, 75, 9f, 54, da, 6d, bb, d1, b5, 8b]] } }
[2m2026-09-14T12:52:20.748180Z[0m [31mERROR[0m codec_extension ThreadId(12) [2mzenoh_codec::common::extension[0m[2m:[0m Unknown Test ext: ZExtUnknown { Id: 2, Mandatory: true, Encoding: "ZBuf", Value: ZBuf { slices: [[ec, 7a, c6, b9, ba, f8, 31, f4, 1f, 55, ed, 2f, 63, 4a, b6, 07, c6, bc, 3d, 3c, 45, 62, 65, e7, ed, 4a, 4f, 9b, 1e, f6, 34, ce, 56, 91, e9, 7e, d5]] } }
[2m2026-09-14T12:52:20.748188Z[0m [31mERROR[0m codec_extension ThreadId(12) [2mzenoh_codec::common::extension[0m[2m:[0m Unknown Test ext: ZExtUnknown { Id: 2, Mandatory: true, Encoding: "ZBuf", Value: ZBuf { slices: [[8f, d3, bd, c2, 57, 0f, 3f, 68, 6e, db, 2e, 9b, dc, 19, c1]] } }
[2m2026-09-14T12:52:20.748223Z[0m [31mERROR[0m codec_extension ThreadId(12) [2mzenoh_codec::common::extension[0m[2m:[0m Unknown Test ext: ZExtUnknown { Id: 2, Mandatory: true, Encoding: "ZBuf", Value: ZBuf { slices: [[5e, c7, 8a, 71, f8, 67, 83, 17, 90, fe, 20, 7f, 7f, 30, a4, 4d, ee, 42, 53, 37, ec, a0, 1e, 19, b9, a3, 8f, 78, 92, 5b, c5, f3, 93, 8c, ea, a7, f3, e8, b3, 51, 4d, 89, 7d, 7a, 80, f8, df, 22, 53, 04, 13, 03, 76, fa, 03, 1b, a7, da]] } }
[2m2026-09-14T12:52:20.748248Z[0m [31mERROR[0m codec_extension ThreadId(12) [2mzenoh_codec::common::extension[0m[2m:[0m Unknown Test ext: ZExtUnknown { Id: 2, Mandatory: true, Encoding: "ZBuf", Value: ZBuf { slices: [[47, f6, 3a, 31, 1c, 99, 91, 02, 6c, bf, b6, 93, 5a, b1, a2, 97, e5, f0, 65, 36, 82, 56, 87, 92, 2b, 81, c6, ff, 27, 87, 52]] } }
[2m2026-09-14T12:52:20.748269Z[0m [31mERROR[0m codec_extension ThreadId(12) [2mzenoh_codec::common::extension[0m[2m:[0m Unknown Test ext: ZExtUnknown { Id: 2, Mandatory: true, Encoding: "ZBuf", Value: ZBuf { slices: [[1d, 57, 22, 0e, a8, 5b, 08, f8, 1b, 9f, 79, 0d, 0f, d9, 3c, 18, 51, 0f, bf, ce, 0b, 37, b0, 3b, 3d, 53, da, 84, 94, 8b, 77, a9, 4c, e7, d4, 03, 31, 49, 52, f2, 15, 0b, 28, f1, 43, fa, f4, 9e, fa, f2, d5, 0e, 76, 7c]] } }
[2m2026-09-14T12:52:20.748291Z[0m [31mERROR[0m codec_extension ThreadId(12) [2mzenoh_codec::common::extension[0m[2m:[0m Unknown Test ext: ZExtUnknown { Id: 2, Mandatory: true, Encoding: "ZBuf", Value: ZBuf { slices: [[c5, c7, d9, 6e, 35, 40, dd, e9, eb, b9, 78, 0f, b2, bf, eb, 48, a2, c9, 67, a3, e7, 56, 94, 8e, 10, 73, df, 29, 3b, 77, 1a, 33, df, f1, 42, cc, 3a, 31, cd, cc, 0a, de, 47, 2a, 1f, 97, 2e, fb, 84, 7c, ca, 0c, f3, 56, 53, ed, 40]] } }
[2m2026-09-14T12:52:20.748303Z[0m [31mERROR[0m codec_extension ThreadId(12) [2mzenoh_codec::common::extension[0m[2m:[0m Unknown Test ext: ZExtUnknown { Id: 2, Mandatory: true, Encoding: "ZBuf", Value: ZBuf { slices: [[f5, 0e, ca, 19, 9c, e9, 0c, 91, fe]] } }
[2m2026-09-14T12:52:20.748308Z[0m [31mERROR[0m codec_extension ThreadId(12) [2mzenoh_codec::common::extension[0m[2m:[0m Unknown Test ext: ZExtUnknown { Id: 2, Mandatory: true, Encoding: "ZBuf", Value: ZBuf { slices: [[ce, ab, 25, 78, 92, 04, 63, ef, 60, af, 63, 8b, ac, 02, 25, 68, 7d, 37, b8, 42, 02, 9e, 1b, fb, 82, 41, db, bb]] } }
[2m2026-09-14T12:52:20.748330Z[0m [31mERROR[0m codec_extension ThreadId(12) [2mzenoh_codec::common::extension[0m[2m:[0m Unknown Test ext: ZExtUnknown { Id: 2, Mandatory: true, Encoding: "ZBuf", Value: ZBuf { slices: [[99, e2, 9d, 4f, 2f, da, 3f, 44, 80, b5, af, 3d, bc, 57, 94, d6, 01, 4f, 4a, cf, e8, cf, 64, d5, 52, 85, 47, f8, c7, 43, ab, 73]] } }
[2m2026-09-14T12:52:20.748354Z[0m [31mERROR[0m codec_extension ThreadId(12) [2mzenoh_codec::common::extension[0m[2m:[0m Unknown Test ext: ZExtUnknown { Id: 2, Mandatory: true, Encoding: "ZBuf", Value: ZBuf { slices: [[92, 48, 06, 2e, d1, 5a, c7, 8d, b2, 9a, ce, ca, 6b, 97, 5e, b4, 22, 10, 3f, 4e, ba, 37, ba, b9, e0, 2d, 88, db, d2, 88, 1f, 0e, 6c, e6, 7f, e1, 70, 55, 57, 40, 43, 01, 51, 57, 01, 4c, 11, 8e, f9, 18, d5, 68, ef, 98, 1f, b6]] } }
[2m2026-09-14T12:52:20.748378Z[0m [31mERROR[0m codec_extension ThreadId(12) [2mzenoh_codec::common::extension[0m[2m:[0m Unknown Test ext: ZExtUnknown { Id: 2, Mandatory: true, Encoding: "ZBuf", Value: ZBuf { slices: [[e9, a7, 46, 18, f3, f6, b3, 0a, b5, 9f, e0, 7e, a5, cb, 9f, 3b, a3, a6, 97, 99, 6e, 3b, 1e, e5, e0, 07, 8f, 18, c5, 65, 71, 5d, f2, 23, 29, 90, 43, a1, f8, 3f, f3, c4, 43, 64, d3, dd, 63, 75, 9c, b6, e1, b5, 1f, 70, 16, 7a, ad, 80, 5d, 6b, 53, 01, 92, 75]] } }
[2m2026-09-14T12:52:20.748402Z[0m [31mERROR[0m codec_extension ThreadId(12) [2mzenoh_codec::common::extension[0m[2m:[0m Unknown Test ext: ZExtUnknown { Id: 2, Mandatory: true, Encoding: "ZBuf", Value: ZBuf { slices: [[62, 96, 9e, 00, dc, bd, 0b, b9, ce, 03, 43, 58, 60, b8, 06, c0, 84, 8a, 73, 36, 0f, bb, 52, 42, 76, 12, d0, d1, eb, 07, b5, da, 53, e0, e8, 51, 97, 04, 54, 8b, e5, 10, 3b, a0, da, 92, 6c, f2, df, b3, 05]] } }
[2m2026-09-14T12:52:20.748411Z[0m [31mERROR[0m codec_extension ThreadId(12) [2mzenoh_codec::common::extension[0m[2m:[0m Unknown Test ext: ZExtUnknown { Id: 2, Mandatory: true, Encoding: "ZBuf", Value: ZBuf { slices: [[00, 36, fd, 47, 8e, 10, 8b, 84, c7, df, 42, b3, b9, 2a, 72, d2, ac]] } }
[2m2026-09-14T12:52:20.748432Z[0m [31mERROR[0m codec_extension ThreadId(12) [2mzenoh_codec::common::extension[0m[2m:[0m Unknown Test ext: ZExtUnknown { Id: 2, Mandatory: true, Encoding: "ZBuf", Value: ZBuf { slices: [[cc, 5d, 58, d8, ee, 91, a8, 11, 46, c0, d4, 61, 3e, b4, 55, 22, cc, b6, 9d, da, 5f, 82, b5, 02, 44, 88, 30, 77, 04, aa, dc, 5c, 47, 8d, 6a, 25, 08, 76, db, ff, 14, d9, 98, 9e, 56, 23, f7, a7, e2, b0, c0, 68, bf, 70, be, 01, 3b]] } }
[2m2026-09-14T12:52:20.748456Z[0m [31mERROR[0m codec_extension ThreadId(12) [2mzenoh_codec::common::extension[0m[2m:[0m Unknown Test ext: ZExtUnknown { Id: 2, Mandatory: true, Encoding: "ZBuf", Value: ZBuf { slices: [[c4, ed, e8, 60, d9, 3f, 20, ee, c0, a2, 17, d1, 3b, a5, 91, 8f, 07, a8, 7a, 68, f3, 95, fb, 18, 47, 6d, 71, ce, 9c, cb, 1b, 8e, 95, 4c, ed, 0d, eb, 69, df, 44, 51, ca, f7, 7e, b1, ab, 79]] } }
[2m2026-09-14T12:52:20.748465Z[0m [31mERROR[0m codec_extension ThreadId(12) [2mzenoh_codec::common::extension[0m[2m:[0m Unknown Test ext: ZExtUnknown { Id: 2, Mandatory: true, Encoding: "ZBuf", Value: ZBuf { slices: [[da, fd, b9, 9d, c4, ae, 09, b9, 4d, 71, 3c, 31, 1f, 5c, d2, ec, ee, 22, 18, 4e, 22]] } }
[2m2026-09-14T12:52:20.748474Z[0m [31mERROR[0m codec_extension ThreadId(12) [2mzenoh_codec::common::extension[0m[2m:[0m Unknown Test ext: ZExtUnknown { Id: 2, Mandatory: true, Encoding: "ZBuf", Value: ZBuf { slices: [[08, 67, b7, f8, 94, d2, 8b, 48, 67, df, a0]] } }
[2m2026-09-14T12:52:20.748494Z[0m [31mERROR[0m codec_extension ThreadId(12) [2mzenoh_codec::common::extension[0m[2m:[0m Unknown Test ext: ZExtUnknown { Id: 2, Mandatory: true, Encoding: "ZBuf", Value: ZBuf { slices: [[0b, d4, e5, b3, db, ca, e6, 7f, ba, bd, 82, 24, 3b, 4d, 37, 7d, 42, 62, 53, 3b, 0b, 89, 81, cd, 0c, 8d, c0, 38, fa, b1, 58, db, ea, 0f, 59, 8e, 74, ba, b7, 1a, ea, 5b, ea]] } }
[2m2026-09-14T12:52:20.748501Z[0m [31mERROR[0m codec_extension ThreadId(12) [2mzenoh_codec::common::extension[0m[2m:[0m Unknown Test ext: ZExtUnknown { Id: 2, Mandatory: true, Encoding: "ZBuf", Value: ZBuf { slices: [[91, 16, 3f, bd, 65, 25, 28, bd, 3c, 58, e0, ae, c0, 12, 81, 03, 3d]] } }
[2m2026-09-14T12:52:20.748522Z[0m [31mERROR[0m codec_extension ThreadId(12) [2mzenoh_codec::common::extension[0m[2m:[0m Unknown Test ext: ZExtUnknown { Id: 2, Mandatory: true, Encoding: "ZBuf", Value: ZBuf { slices: [[92, 03, a1, 6a, cd, 66, 75, d3, 08, af, 23, e3, bd, 72, 92, 38, fc, ba, 71, 24, 31, 28, ff, f7, 46, fb, f1, 0c, ca, df, 91, 8a, ee]] } }
[2m2026-09-14T12:52:20.748546Z[0m [31mERROR[0m codec_extension ThreadId(12) [2mzenoh_codec::common::extension[0m[2m:[0m Unknown Test ext: ZExtUnknown { Id: 2, Mandatory: true, Encoding: "ZBuf", Value: ZBuf { slices: [[f7, ba, 9d, 40, 87, f1, 1e, 36, 9e, dc, 10, 50, a5, 5a, 15, b4, 6a, dd, 76, 2e, 63, 60, 32, 9d, fe, df, c8, 08, f3, 2a, 15, 45, 55, 3c, f9, 57, 70, 2d, de, 39, ef]] } }
[2m2026-09-14T12:52:20.748555Z[0m [31mERROR[0m codec_extension ThreadId(12) [2mzenoh_codec::common::extension[0m[2m:[0m Unknown Test ext: ZExtUnknown { Id: 2, Mandatory: true, Encoding: "ZBuf", Value: ZBuf { slices: [[a1, bb, 6b, be, 30, 36, 4a, 4c, 67, 47, d0, c6, f8, 84, 3f]] } }
[2m2026-09-14T12:52:20.748560Z[0m [31mERROR[0m codec_extension ThreadId(12) [2mzenoh_codec::common::extension[0m[2m:[0m Unknown Test ext: ZExtUnknown { Id: 2, Mandatory: true, Encoding: "ZBuf", Value: ZBuf { slices: [[b2, 8e, e4, ea, ef, a6, cd, 2b, 22, 43, ec, 52, 1b, da, e1, 45, c8, f8, af, e9, 77, 72, 96, a4, 5b, 25, 89, 78, 98, 1f, e5, d1, bd, fb, 3d]] } }
[2m2026-09-14T12:52:20.748581Z[0m [31mERROR[0m codec_extension ThreadId(12) [2mzenoh_codec::common::extension[0m[2m:[0m Unknown Test ext: ZExtUnknown { Id: 2, Mandatory: true, Encoding: "ZBuf", Value: ZBuf { slices: [[e1, 67, 69, 04, e4, 07, 5e, a0, 1e, 6e, 4f, 42, c6, 92, 21, 01, 7d, 9b, be, ab, f5, 6c, 20, b5, 0f, 56, 0f, 2a, 6f, 7d, bb, 45, 14, 51, 0a, 1b, 81, e7, c4, 38, 7f, a5, 62, 0b, fe, 6f, 32, 37, 04, 51]] } }
[2m2026-09-14T12:52:20.748606Z[0m [31mERROR[0m codec_extension ThreadId(12) [2mzenoh_codec::common::extension[0m[2m:[0m Unknown Test ext: ZExtUnknown { Id: 2, Mandatory: true, Encoding: "ZBuf", Value: ZBuf { slices: [[3f, c3, 38, ac, 43, 85, 50, bb, 90, 29, 7a, 0c, ea, f1, 84, 22, 5b, 12, e8, 6e, c2, c2, 54, 21, 0a, 85, 26, 89, f7, d0, db, 4c, dd, 60, 58, 03, e3, a8, 38, 4a, f0, 60, 69, df, a0, f3, b4, 15, bf, de, 4a, d0, 11, fb, d6, 3e, cf, 32, b7, 65]] } }
[2m2026-09-14T12:52:20.748627Z[0m [31mERROR[0m codec_extension ThreadId(12) [2mzenoh_codec::common::extension[0m[2m:[0m Unknown Test ext: ZExtUnknown { Id: 2, Mandatory: true, Encoding: "ZBuf", Value: ZBuf { slices: [[1b, c2, 1c, ea, f9, 5c, f3, b9, 4b, ab, f0, 58, 15, cc, 08, 95, c6, 92, 52, 91, fc, 7c, 9c, 10, fd, 86]] } }
[2m2026-09-14T12:52:20.748632Z[0m [31mERROR[0m codec_extension ThreadId(12) [2mzenoh_codec::common::extension[0m[2m:[0m Unknown Test ext: ZExtUnknown { Id: 2, Mandatory: true, Encoding: "ZBuf", Value: ZBuf { slices: [[98, c9, 52, dc, 70, 83, 48, 57, b8, 53, 3b, 1f, 74, 4d, 01, 62, 42, 4f, 22, 38, 0d, fb, e1, b6, c3, 3b, 05, e3, 04, 4c, 1f]] } }
[2m2026-09-14T12:52:20.748652Z[0m [31mERROR[0m codec_extension ThreadId(12) [2mzenoh_codec::common::extension[0m[2m:[0m Unknown Test ext: ZExtUnknown { Id: 2, Mandatory: true, Encoding: "ZBuf", Value: ZBuf { slices: [[ed, af, 65, 5e, c3, 23, 27, b2, e0, a3, c4, 29, 70, 61, 89, 05, 81, cf, 0d, 17, f5, ea, 4f, b6, 06, a9, 8f, 3b, d5, ca, 84, e7, a2, 3b, c6, 8f, 10, c1, 10, 91, ce, 02, c8, 76, cc, 82, a6, fe, 59, 72, f1, 9f, 28, d1, 34, 6c, e8, bf, fb, 3b, 92]] } }
[2m2026-09-14T12:52:20.748673Z[0m [31mERROR[0m codec_extension ThreadId(12) [2mzenoh_codec::common::extension[0m[2m:[0m Unknown Test ext: ZExtUnknown { Id: 2, Mandatory: true, Encoding: "ZBuf", Value: ZBuf { slices: [[f8, 06, 2d, 40, d7, 83, d6, d9, db, c6, be, 04, 6c, 42, da, c4, 52, 12, 67, 0a, 72, 6b, 31, b1, 75, 5e, 21, 79, 33, 06, 9b, af, d2, 7e, 99, 02, 4c, 78, e5, 5f, 35, 39, 23, 37, 17, 53, 0e, 92, cf, 03, f8, 55, b9]] } }
[2m2026-09-14T12:52:20.748693Z[0m [31mERROR[0m codec_extension ThreadId(12) [2mzenoh_codec::common::extension[0m[2m:[0m Unknown Test ext: ZExtUnknown { Id: 2, Mandatory: true, Encoding: "ZBuf", Value: ZBuf { slices: [[9b, 18, c9, ea, 9d, 90, 97, 0d, 73, cd, f2, 48, 36, d8, 77, 11, 87, 4b, b1, 11, 01, c7, 90, e1, 84, 3b, 01, ec, f4, e1]] } }
[2m2026-09-14T12:52:20.748713Z[0m [31mERROR[0m codec_extension ThreadId(12) [2mzenoh_codec::common::extension[0m[2m:[0m Unknown Test ext: ZExtUnknown { Id: 2, Mandatory: true, Encoding: "ZBuf", Value: ZBuf { slices: [[56, 75, fe, 66, 7e, 7e, 4d, 17, 0c, 36, 89, 7e, 49, 20, c0, cb, ae, e7, 64, 51, f9, 20, 7d, aa, 3d, da, f8, 47, d4, 9d, 55, 5c, 1a, 6a, 7d, 02, b6, 67, b6, cd, 90, c4, af, ba, 77, 3d, fd, 6a, dd, e6, 10, 13]] } }
[2m2026-09-14T12:52:20.748719Z[0m [31mERROR[0m codec_extension ThreadId(12) [2mzenoh_codec::common::extension[0m[2m:[0m Unknown Test ext: ZExtUnknown { Id: 2, Mandatory: true, Encoding: "ZBuf", Value: ZBuf { slices: [[82, 09, 94, 5e, 59, 7d, dd, fd, 92, a0, 47, 11]] } }
[2m2026-09-14T12:52:20.748738Z[0m [31mERROR[0m codec_extension ThreadId(12) [2mzenoh_codec::common::extension[0m[2m:[0m Unknown Test ext: ZExtUnknown { Id: 2, Mandatory: true, Encoding: "ZBuf", Value: ZBuf { slices: [[64, c5, 68, 0e, e1, b7, ae, a5, 29, fc, 5f, 62, 1a, 70, f8, 9c, bd, d2, 43, 00, 99, ae, b2, a2, 4d, a1, 48, 11, a3, 7c, c8, 70, da, a9, db, 21, 58, 48, 97, 73, 07, 4e, e3, b2, 8f, b4, a1, 5a]] } }
[2m2026-09-14T12:52:20.748744Z[0m [31mERROR[0m codec_extension ThreadId(12) [2mzenoh_codec::common::extension[0m[2m:[0m Unknown Test ext: ZExtUnknown { Id: 2, Mandatory: true, Encoding: "ZBuf", Value: ZBuf { slices: [[5e, 96, 3b, 8b, bc, 98, 04, 3b, b0, 31, b7, 5e, 9b, d7, 4e, 65, 71, 3b, 03, fb, aa, e4, 1b, 1c]] } }
[2m2026-09-14T12:52:20.748773Z[0m [31mERROR[0m codec_extension ThreadId(12) [2mzenoh_codec::common::extension[0m[2m:[0m Unknown Test ext: ZExtUnknown { Id: 2, Mandatory: true, Encoding: "ZBuf", Value: ZBuf { slices: [[3e, 9b, 2d, 49, 00, ef, 25, 16, 1d, 99, f2, 1c, a2, d2, c2, 4e, eb, 13, c5, 19, 2b, 4c, 2f, 1a, 90, 98, f9, 47, 81, 67, 2a, ac, 82, a7, 59, d7, 78, 2a, 93, 65, cc, ad, df, c5, a9, 85, 1d, 5f, ba, 8d, 14, b5, 20, b2, a9]] } }
[2m2026-09-14T12:52:20.748781Z[0m [31mERROR[0m codec_extension ThreadId(12) [2mzenoh_codec::common::extension[0m[2m:[0m Unknown Test ext: ZExtUnknown { Id: 2, Mandatory: true, Encoding: "ZBuf", Value: ZBuf { slices: [[01, d3, 97, d3, cc, 7c, 75, 7a, d6, 76, 14, c5, 40, f1, ab, 9f, c9, 2a, c7, ee, ca, 89, 6e, 43, c2, 24, 6f]] } }
[2m2026-09-14T12:52:20.748800Z[0m [31mERROR[0m codec_extension ThreadId(12) [2mzenoh_codec::common::extension[0m[2m:[0m Unknown Test ext: ZExtUnknown { Id: 2, Mandatory: true, Encoding: "ZBuf", Value: ZBuf { slices: [[3a, 5b, c3, 1a, 3c, 22, db, c5, 1e, 93, dd, 69, c0, e4, 12, 87, 15, a0, 48, 67, e9, ac, dc, 9f, 0f, ba, a0, 24, e6, c4, 0b, 96, ed, 73, 3e, fb, ac, 90, 4a, 2e, 79, 46, a2]] } }
[2m2026-09-14T12:52:20.748806Z[0m [31mERROR[0m codec_extension ThreadId(12) [2mzenoh_codec::common::extension[0m[2m:[0m Unknown Test ext: ZExtUnknown { Id: 2, Mandatory: true, Encoding: "ZBuf", Value: ZBuf { slices: [[79, 48, 70, ee, 37, da, 6a, bc, fd, ad, c3, 22, 47, 1b, fd, ba]] } }
[2m2026-09-14T12:52:20.748829Z[0m [31mERROR[0m codec_extension ThreadId(12) [2mzenoh_codec::common::extension[0m[2m:[0m Unknown Test ext: ZExtUnknown { Id: 2, Mandatory: true, Encoding: "ZBuf", Value: ZBuf { slices: [[9e, 3d, 5c, 8c, 4a, 72, bd, 9f, 20, 10, 36, be, 8d, be, d5, 8f, e1, 1c, dc, 10, 4b, 85, ca, 69, c1, 91, 56, 49, 4c, 2f, e5, 2f, 46]] } }
[2m2026-09-14T12:52:20.748850Z[0m [31mERROR[0m codec_extension ThreadId(12) [2mzenoh_codec::common::extension[0m[2m:[0m Unknown Test ext: ZExtUnknown { Id: 2, Mandatory: true, Encoding: "ZBuf", Value: ZBuf { slices: [[8f, 7c, 8f, 75, 87, 51, dd, ed, 3a, a5, b2, 0a, f2, 34, 4d, c3, d4, 08, 7a, 6a, 40, 24, 49, f1, 98, a7, dd, bf, 29, a6, 76, 7c, 81]] } }
[2m2026-09-14T12:52:20.748855Z[0m [31mERROR[0m codec_extension ThreadId(12) [2mzenoh_codec::common::extension[0m[2m:[0m Unknown Test ext: ZExtUnknown { Id: 2, Mandatory: true, Encoding: "ZBuf", Value: ZBuf { slices: [[0c, c2, e6, 51, 15, 8f, cc, a7, f4, 87, 44, 15, 3d, a9, f3, c5, 98, ca, 4c, dc, 7c, 02, f0, f5, 40, 95, 09, ec, 3f, d7, dc, 21, 76, 20, e9, 49, 24, 8b, 30, 5c, db, 44, bb, 7c, 8e, 43, 89, 2b, 2d, c8]] } }
[2m2026-09-14T12:52:20.748876Z[0m [31mERROR[0m codec_extension ThreadId(12) [2mzenoh_codec::common::extension[0m[2m:[0m Unknown Test ext: ZExtUnknown { Id: 2, Mandatory: true, Encoding: "ZBuf", Value: ZBuf { slices: [[c8, d1, 4f, 42, 0c, 59, de, c0, 80, cb, fb, 98, e2, aa, a1, 0e, 1d, b8, d8, 43, a2, b3, f9, 70, d0, 62, b8, b4, 44, 98, 95, ce, 79, fd, 67, 43, 4c, 59, 45, 13, 82, 2d, a8, cd, 38, b2, a4, 06, 25, 3a, bc, 82, 70, 39, 32, e9, 50, 5c]] } }
[2m2026-09-14T12:52:20.748897Z[0m [31mERROR[0m codec_extension ThreadId(12) [2mzenoh_codec::common::extension[0m[2m:[0m Unknown Test ext: ZExtUnknown { Id: 2, Mandatory: true, Encoding: "ZBuf", Value: ZBuf { slices: [[9b, 1d, 03, 7e, 88, b9, ed, 1f, 8a, 01, 27, 9b, 95, 7d, aa, e9, 38, d7, a1]] } }
[2m2026-09-14T12:52:20.748902Z[0m [31mERROR[0m codec_extension ThreadId(12) [2mzenoh_codec::common::extension[0m[2m:[0m Unknown Test ext: ZExtUnknown { Id: 2, Mandatory: true, Encoding: "ZBuf", Value: ZBuf { slices: [[b1, 6b, e4, ed, 8b, 7b, 35, 8a, de, b6, de, e3, 49, 10, 30, e1, b7, 27, 22, 9e, f2, 2d, 87, 33, e0, dc, 2f, 4a, 96, a2, fe, 95, f0, 3d]] } }
[2m2026-09-14T12:52:20.748921Z[0m [31mERROR[0m codec_extension ThreadId(12) [2mzenoh_codec::common::extension[0m[2m:[0m Unknown Test ext: ZExtUnknown { Id: 2, Mandatory: true, Encoding: "ZBuf", Value: ZBuf { slices: [[5f, ee, 77, 6f, 46, 88, f0, cb, e0, 55, e5, 01, 82, 7f, d3, ff, fa, 8b, e2, 19, dc, c8, a7, 68, 02, 32, f4, a5, 06, a0, d6, 5a, 05, da, 55, 08, e3, 20, 16, 53, d5, 2e, a2, 63, 74, 4f, e1, df, 4d, c1, 0b]] } }
[2m2026-09-14T12:52:20.748943Z[0m [31mERROR[0m codec_extension ThreadId(12) [2mzenoh_codec::common::extension[0m[2m:[0m Unknown Test ext: ZExtUnknown { Id: 2, Mandatory: true, Encoding: "ZBuf", Value: ZBuf { slices: [[82, d6, 4b, 9a, c9, 08, 1b, 62, f0, b2, 3a, 28, ae, 7d, 0c, b5, ae, 93, 2a, 29, fc, b1, 31, 61, e4, f5, 2e, c3, fc, d1, a5, 06, ea, 6e, be, 3a, b8, c9, 2a, c7, 05, fb, ae, 5c, 25]] } }
[2m2026-09-14T12:52:20.748949Z[0m [31mERROR[0m codec_extension ThreadId(12) [2mzenoh_codec::common::extension[0m[2m:[0m Unknown Test ext: ZExtUnknown { Id: 2, Mandatory: true, Encoding: "ZBuf", Value: ZBuf { slices: [[93, 7c, b0, 79, 96, 5a, fe, 49, 1e, 95, ac, 78, 5d, 30, 3e]] } }
[2m2026-09-14T12:52:20.748968Z[0m [31mERROR[0m codec_extension ThreadId(12) [2mzenoh_codec::common::extension[0m[2m:[0m Unknown Test ext: ZExtUnknown { Id: 2, Mandatory: true, Encoding: "ZBuf", Value: ZBuf { slices: [[07, 12, a4, 60, fc, 4d, ee, 40, 80, ea, ef, 1e, f8, 22, 9c, a7, 63, 34, 9f, ae, 66, 6e, 75, 5c, 73, a3, c4, 96, 8a, b6, 30, 05, 4d, b0, 09, 90, 82, e1, a5, 7c, 5d, 6f, 3f, 53, e1]] } }
[2m2026-09-14T12:52:20.748974Z[0m [31mERROR[0m codec_extension ThreadId(12) [2mzenoh_codec::common::extension[0m[2m:[0m Unknown Test ext: ZExtUnknown { Id: 2, Mandatory: true, Encoding: "ZBuf", Value: ZBuf { slices: [[e6, b7, 56, 18, ed, 92, fa, d9, 65, e5, fc, 48, d5, 46, e1, 39, c4]] } }
[2m2026-09-14T12:52:20.748995Z[0m [31mERROR[0m codec_extension ThreadId(12) [2mzenoh_codec::common::extension[0m[2m:[0m Unknown Test ext: ZExtUnknown { Id: 2, Mandatory: true, Encoding: "ZBuf", Value: ZBuf { slices: [[e3, df, 15, 25, 4b, ce, a4, 3b, 3d, 10, dd, 71, 34, 71, 23, e5, 7c, 97, dd, 3b, 27, 6d, 81, 30, 5b, 3b, 9f, b8, 5a, d0, 39, ab, b1, ec, 64, 9f, b4, 01, c8, 78, b4, 5f, 2e, 94, 6e, ae, 87, a1, 27, dc, da, 6f, d0, 30, 71, f2, e4, 13, d8, af, 60, 25, 53]] } }
[2m2026-09-14T12:52:20.749017Z[0m [31mERROR[0m codec_extension ThreadId(12) [2mzenoh_codec::common::extension[0m[2m:[0m Unknown Test ext: ZExtUnknown { Id: 2, Mandatory: true, Encoding: "ZBuf", Value: ZBuf { slices: [[f1, 76, bd, 29, cb, 8a, 3a, bf, d4, e3, 12, e6, 96, de, 6f, 8f, fd, fc, be, c4, 26, 0f, f8, 4c, 39, a9, 22, 1c, eb, 13, b7, 7d, 40, 33, 61, 32, ed, 0c, 61]] } }
[2m2026-09-14T12:52:20.749023Z[0m [31mERROR[0m codec_extension ThreadId(12) [2mzenoh_codec::common::extension[0m[2m:[0m Unknown Test ext: ZExtUnknown { Id: 2, Mandatory: true, Encoding: "ZBuf", Value: ZBuf { slices: [[95, 8f, 00, 49, 7d, f1, a3, 99, 12, 3a, fb, 50]] } }
[2m2026-09-14T12:52:20.749028Z[0m [31mERROR[0m codec_extension ThreadId(12) [2mzenoh_codec::common::extension[0m[2m:[0m Unknown Test ext: ZExtUnknown { Id: 2, Mandatory: true, Encoding: "ZBuf", Value: ZBuf { slices: [[e2, 06, c0, 29, e8, 0d, 23, 2a, 12, dc, da, 67, 58, 7f, 79, 1a]] } }
[2m2026-09-14T12:52:20.749072Z[0m [31mERROR[0m codec_extension ThreadId(12) [2mzenoh_codec::common::extension[0m[2m:[0m Unknown Test ext: ZExtUnknown { Id: 2, Mandatory: true, Encoding: "ZBuf", Value: ZBuf { slices: [[be, fb, 7e, 9d, da, 86, 83, 99, 99, f1, d5, 26, 2e, f2, c3, eb, a4, ba, eb, 2e, 7c, 5a, d8, 47, ba, b9, f6, ac, 39, 1c, 23, 1b, e2, 31, e9, 3d, b1, a3, c1, a7, 17, 45, c0, 94, ce, 0d, 6b, 78, bd, 92, 1b, 81, f5, f6, bd, f1, 95, cf, ad, 38, 6a, 92, a2, 0d]] } }
[2m2026-09-14T12:52:20.749080Z[0m [31mERROR[0m codec_extension ThreadId(12) [2mzenoh_codec::common::extension[0m[2m:[0m Unknown Test ext: ZExtUnknown { Id: 2, Mandatory: true, Encoding: "ZBuf", Value: ZBuf { slices: [[4b, 26, 32, cd, 0f, 3a, 66, 60, 43, 1c, a6, 44, 95, 72, f9, ce, 52, 26, 91, 1d, 50, 4f, cc, 6a, 89, cf, bc, 57, 3e, ae, ff, 28]] } }
[2m2026-09-14T12:52:20.749100Z[0m [31mERROR[0m codec_extension ThreadId(12) [2mzenoh_codec::common::extension[0m[2m:[0m Unknown Test ext: ZExtUnknown { Id: 2, Mandatory: true, Encoding: "ZBuf", Value: ZBuf { slices: [[fe, d4, fe, e4, 31, 39, 36, e5, da, e9, 56, 14, 95, 92, ce, 80, 31, f0, ed, 38, 72, a7, 1b, 3c, 25, 53, 4b, 7e, 13, e5, 77, 6e, 88, 95, 26, 66, 20, ad, 91, 7c, b0, d8, aa, cb, 5d, 95, 34, 24, 85, ba, 7e, e4, 0b, 6a, 60, d5, 12, d7, 9f, 4f]] } }
[2m2026-09-14T12:52:20.749108Z[0m [31mERROR[0m codec_extension ThreadId(12) [2mzenoh_codec::common::extension[0m[2m:[0m Unknown Test ext: ZExtUnknown { Id: 2, Mandatory: true, Encoding: "ZBuf", Value: ZBuf { slices: [[b9, 10, 51, fb, cd, be, 26, be, 95, 77, 54, be, 9b, 93, a9, e7, 62, ef, 83, f1, 14, 66, d3, 16]] } }
[2m2026-09-14T12:52:20.749128Z[0m [31mERROR[0m codec_extension ThreadId(12) [2mzenoh_codec::common::extension[0m[2m:[0m Unknown Test ext: ZExtUnknown { Id: 2, Mandatory: true, Encoding: "ZBuf", Value: ZBuf { slices: [[68, fa, b9, f1, a4, 78, 30, 2a, fd, ed, 87, ec, 61, 09, 20, a4, e2, 18, 5e, 84, 9f, 4a, 78, 3b, 86, aa, 50, ca, da, d3, 8b, 4a, a7, e3, a4, a9, 38, 15]] } }
[2m2026-09-14T12:52:20.749149Z[0m [31mERROR[0m codec_extension ThreadId(12) [2mzenoh_codec::common::extension[0m[2m:[0m Unknown Test ext: ZExtUnknown { Id: 2, Mandatory: true, Encoding: "ZBuf", Value: ZBuf { slices: [[00, 2e, 64, 26, da, ac, 13, d2, f6, df, c5, cd, 52, ae, 20, 8a, 54, 80, 99, d7, 76, 41, 4c, 6e, a4, 72, 89, f2, e4, 83, e6, 1e, 2a, 32, 45, 1f]] } }
[2m2026-09-14T12:52:20.749156Z[0m [31mERROR[0m codec_extension ThreadId(12) [2mzenoh_codec::common::extension[0m[2m:[0m Unknown Test ext: ZExtUnknown { Id: 2, Mandatory: true, Encoding: "ZBuf", Value: ZBuf { slices: [[9a, b1, 79, f9, a6, 24, 16, b4, 90, 79, cd, 96, a7, c5, 14, 09, 35, e0, b4, 9c, fe, 99, c5, b0, 14, 2d, 03, 06, ba, 4b, 80, de]] } }
[2m2026-09-14T12:52:20.749175Z[0m [31mERROR[0m codec_extension ThreadId(12) [2mzenoh_codec::common::extension[0m[2m:[0m Unknown Test ext: ZExtUnknown { Id: 2, Mandatory: true, Encoding: "ZBuf", Value: ZBuf { slices: [[1d, 72, d2, 6a, 70, fe, a3, 22, 34, 93, 4e, 08, 5d, e9, 56, 29, 28, cf, 08, 52, 33, c3, 58]] } }
[2m2026-09-14T12:52:20.749181Z[0m [31mERROR[0m codec_extension ThreadId(12) [2mzenoh_codec::common::extension[0m[2m:[0m Unknown Test ext: ZExtUnknown { Id: 2, Mandatory: true, Encoding: "ZBuf", Value: ZBuf { slices: [[2f, 6f, d7, 42, 48, 58, bf, 8f, f1, e9, 12, 6c, e9, 00, ec, a2, 14, 1a, 83, 78, 7b]] } }
[2m2026-09-14T12:52:20.749203Z[0m [31mERROR[0m codec_extension ThreadId(12) [2mzenoh_codec::common::extension[0m[2m:[0m Unknown Test ext: ZExtUnknown { Id: 2, Mandatory: true, Encoding: "ZBuf", Value: ZBuf { slices: [[c8, fc, 2d, 2c, 2f, 56, 38, 70, 7d, 93, f4, ce, 21, 69, f0, ab, 85, ba, f7, 7c, 9b, 1e, 57, ff, 85, ee, 03, 3e, c7, e3, 80, 2c, af, 55]] } }
[2m2026-09-14T12:52:20.749209Z[0m [31mERROR[0m codec_extension ThreadId(12) [2mzenoh_codec::common::extension[0m[2m:[0m Unknown Test ext: ZExtUnknown { Id: 2, Mandatory: true, Encoding: "ZBuf", Value: ZBuf { slices: [[61, 3f, 02, e7, 4b, f3, c3, 60, d9, 88, b0, c2, 82, 28, f2, 78, 02, e1, ef, 6e, b7, 3d, f6, 75, f4, 79, 21, 5d, 14, 15, 59, f2, 42, 5e, ce, 6b, 8d, 04, 6b, c5, 17, 82, 98, 59, 98, 6b]] } }
[2m2026-09-14T12:52:20.749232Z[0m [31mERROR[0m codec_extension ThreadId(12) [2mzenoh_codec::common::extension[0m[2m:[0m Unknown Test ext: ZExtUnknown { Id: 2, Mandatory: true, Encoding: "ZBuf", Value: ZBuf { slices: [[43, 2a, 00, e3, ee, c7, 34, 5c, 64, 7a, 91, d4, 0f, 9f, 28, a9, 3e, 18, b0, 2f, 0f, cb, 15, 27, bf, 8e, 10, 2a, 1d, 7d, 53, 76, 4a, ca, ff, 56, c6, d3, 12, 71, bd, 56, 39, e5, 44, 58, 48, a6, 4f, ae, 2d, 37, 36, 7c]] } }
[2m2026-09-14T12:52:20.749254Z[0m [31mERROR[0m codec_extension ThreadId(12) [2mzenoh_codec::common::extension[0m[2m:[0m Unknown Test ext: ZExtUnknown { Id: 2, Mandatory: true, Encoding: "ZBuf", Value: ZBuf { slices: [[c3, c8, 7e, fe, d0, 5f, 2a, 1a, 17, 0c, 45, 09, c8]] } }
[2m2026-09-14T12:52:20.749261Z[0m [31mERROR[0m codec_extension ThreadId(12) [2mzenoh_codec::common::extension[0m[2m:[0m Unknown Test ext: ZExtUnknown { Id: 2, Mandatory: true, Encoding: "ZBuf", Value: ZBuf { slices: [[8a, 1a, 70, ab, 65, d2, 18, 32, 4f, 0b, ee, ac, 24, b9, 7e, 86, 1f, 6e, e4, 9b, 2c, 5c, c1, 50, f0, c1, b4, 0e, 55, 43]] } }
[2m2026-09-14T12:52:20.749283Z[0m [31mERROR[0m codec_extension ThreadId(12) [2mzenoh_codec::common::extension[0m[2m:[0m Unknown Test ext: ZExtUnknown { Id: 2, Mandatory: true, Encoding: "ZBuf", Value: ZBuf { slices: [[4d, 07, 8c, 64, cb, 05, 0c, 55, b9, 93, 39, 1f, 01, d8, 9e, 80, 93, ee, d7, 6a, 7a, c9, 34, 3a, eb, 0f, 40, e5, 39, 81, c3, 45, af, 5e, d5, 6b, 18, 94, 32, 2a, a6, 26, 46, d3, f7, 83, e4, 8e, aa, db, 64, 63, 48, c9, e8]] } }
[2m2026-09-14T12:52:20.749291Z[0m [31mERROR[0m codec_extension ThreadId(12) [2mzenoh_codec::common::extension[0m[2m:[0m Unknown Test ext: ZExtUnknown { Id: 2, Mandatory: true, Encoding: "ZBuf", Value: ZBuf { slices: [[54, 89, e2, 2d, 0f, 9a, 78, 7d, cb, 0b, 91, 0c]] } }
[2m2026-09-14T12:52:20.749310Z[0m [31mERROR[0m codec_extension ThreadId(12) [2mzenoh_codec::common::extension[0m[2m:[0m Unknown Test ext: ZExtUnknown { Id: 2, Mandatory: true, Encoding: "ZBuf", Value: ZBuf { slices: [[b8, f6, 9d, dc, 33, ba, 21, a9, 2d, aa, 90, 87, 9b, 71, c5, 29, 9f, b7, 80, 97, 9b, 86, 98, 10, 5e, 3b, e0, 62, 0f, 7f, fa, be, 9d, 4a, fd, a0, f6, 9b, ca, 8b, 38, 57, 0a, f4, f8, 84, 17, f1, da, 10, c7, 3e, f5, eb, 55, da, ed, da, 18]] } }
[2m2026-09-14T12:52:20.749331Z[0m [31mERROR[0m codec_extension ThreadId(12) [2mzenoh_codec::common::extension[0m[2m:[0m Unknown Test ext: ZExtUnknown { Id: 2, Mandatory: true, Encoding: "ZBuf", Value: ZBuf { slices: [[c8, 03, d0, 05, a3, f1, 91, 8b, d2, ee, 38, 62, 5a, f8, fb, 13, c5, 6b, 80, 51, e2, 62, 87, 53, ed, 12, b5, d6, 1b, a3, b0, 0e, 49, 61]] } }
[2m2026-09-14T12:52:20.749350Z[0m [31mERROR[0m codec_extension ThreadId(12) [2mzenoh_codec::common::extension[0m[2m:[0m Unknown Test ext: ZExtUnknown { Id: 2, Mandatory: true, Encoding: "ZBuf", Value: ZBuf { slices: [[18, 2b, f4, c2, 0e, 33, b8, 61, e9, 2b, f7, cb, fe, a6, 50, b2, de, ab, 00, 76, 74, 96, b6, 7a, 9b, 33, c2, 47, a1, 34, 4a, f4, d8, bc, 22, 65, 87, cf, 82, ee, 37, ec, e5, 6b, 97, 9f, ad, 2b, 48, f7, ac, ad, 80, 3e, 25, 1e, 82, a0, 24, 93, 9f, 36]] } }
[2m2026-09-14T12:52:20.749357Z[0m [31mERROR[0m codec_extension ThreadId(12) [2mzenoh_codec::common::extension[0m[2m:[0m Unknown Test ext: ZExtUnknown { Id: 2, Mandatory: true, Encoding: "ZBuf", Value: ZBuf { slices: [[a4, f7, b4, 9f, 4e, 69, 3d, 4a, 8a, 4f, b5, e2, 29]] } }
[2m2026-09-14T12:52:20.749364Z[0m [31mERROR[0m codec_extension ThreadId(12) [2mzenoh_codec::common::extension[0m[2m:[0m Unknown Test ext: ZExtUnknown { Id: 2, Mandatory: true, Encoding: "ZBuf", Value: ZBuf { slices: [[07, 98, d7, eb, b8, 4c, 39, 5b, e8, c2, 5b, 09]] } }
[2m2026-09-14T12:52:20.749383Z[0m [31mERROR[0m codec_extension ThreadId(12) [2mzenoh_codec::common::extension[0m[2m:[0m Unknown Test ext: ZExtUnknown { Id: 2, Mandatory: true, Encoding: "ZBuf", Value: ZBuf { slices: [[00, 9d, 2b, 2f, 37, 9e, e5, 5c, cc, 35, 55, ab, 9d, a4, d7, 75, d1, 42, 40, a2, 19, de, e7, f1, 27, 8e, 32, 91, 4e, 59, f2, d7, e1, 8c, 58, a0, 4d, 41, 2a, 95, dc, 1e, aa, 2f, 68, 7c, c3, f2, f5, 57, bb, 9d, 8f, 60]] } }
[2m2026-09-14T12:52:20.749404Z[0m [31mERROR[0m codec_extension ThreadId(12) [2mzenoh_codec::common::extension[0m[2m:[0m Unknown Test ext: ZExtUnknown { Id: 2, Mandatory: true, Encoding: "ZBuf", Value: ZBuf { slices: [[c4, 9a, d2, 50, 57, 7e, 62, df, aa, a2, a7, db, a2, ec, eb, da, ea, 18, f4, 64, c8, 60, 11, fb, 37, b6, c3, 4a, ec, 87, 90, 99, b1, 07, c7, 47, 2b, 46, 97, a0, f8, b3, d0, 86, 66, cd, 15, ee, 73, 31]] } }
[2m2026-09-14T12:52:20.749410Z[0m [31mERROR[0m codec_extension ThreadId(12) [2mzenoh_codec::common::extension[0m[2m:[0m Unknown Test ext: ZExtUnknown { Id: 2, Mandatory: true, Encoding: "ZBuf", Value: ZBuf { slices: [[eb, 00, 62, 5f, bc, 63, f1, ed, ce, 41, c4, 04, 8b, ac, e4, 08, e3, 62]] } }
[2m2026-09-14T12:52:20.749430Z[0m [31mERROR[0m codec_extension ThreadId(12) [2mzenoh_codec::common::extension[0m[2m:[0m Unknown Test ext: ZExtUnknown { Id: 2, Mandatory: true, Encoding: "ZBuf", Value: ZBuf { slices: [[44, 4b, 62, 88, 3a, f4, b7, 00, eb, a4, 47, a3, b7, 85, b6, 31, 3d, b3, 33, 78, 6f, 59, 7e, 2a, 9b, e7, 8e, 71, c0, 05, 0e, 6c, ab, 35, f3, c3, 26, 36, fc, b9, a0, 16, 9e, 1e, c7, c7, 9a, 6b, 69, 04, e4, 51, fa, bc, ab, 8e, 6b, e0, 90, 72, 7b, 76, d7, 3c]] } }
[2m2026-09-14T12:52:20.749452Z[0m [31mERROR[0m codec_extension ThreadId(12) [2mzenoh_codec::common::extension[0m[2m:[0m Unknown Test ext: ZExtUnknown { Id: 2, Mandatory: true, Encoding: "ZBuf", Value: ZBuf { slices: [[2a, 0b, 0c, 9a, 5d, 8d, 18, 1d, 96, 8b, b2, 9e, ed, 3a, 09, 74, 51, 90, c0, af, cd, 22, ff, 84, 9b, 03, a1, f9]] } }
[2m2026-09-14T12:52:20.749472Z[0m [31mERROR[0m codec_extension ThreadId(12) [2mzenoh_codec::common::extension[0m[2m:[0m Unknown Test ext: ZExtUnknown { Id: 2, Mandatory: true, Encoding: "ZBuf", Value: ZBuf { slices: [[b5, 29, f9, 99, 81, 90, a7, 40, a7, e5, a2, 10, 67, b3, a6, 0a, 1e, 10, b2, ca, 6c, be, 53, d4, 7b, 8e, e1, 2c, 42, e7, 20, 72, b4, 00, 87, b3, 2b, 4b, a0, 02]] } }
[2m2026-09-14T12:52:20.749492Z[0m [31mERROR[0m codec_extension ThreadId(12) [2mzenoh_codec::common::extension[0m[2m:[0m Unknown Test ext: ZExtUnknown { Id: 2, Mandatory: true, Encoding: "ZBuf", Value: ZBuf { slices: [[8d, 2c, 2c, d5, fa, 83, 4e, 07, 04, 61, 88, 52, 30, 7d, 21, c3, d0, 73, 90, fb, 31, c0, 38, a9, af, 82, 21, a4, 23, 91, 65, ae, c2, 15, e4, e8, 04, 1a, 67, 29, ca, 6c, 65, 3d, ec, e1, 47, 1f, c2, e3, 95, 5d, 0e, 41, 7a, db, aa, c1, 7c, c5, 75, 7e, 89]] } }
[2m2026-09-14T12:52:20.749514Z[0m [31mERROR[0m codec_extension ThreadId(12) [2mzenoh_codec::common::extension[0m[2m:[0m Unknown Test ext: ZExtUnknown { Id: 2, Mandatory: true, Encoding: "ZBuf", Value: ZBuf { slices: [[f8, 08, 8e, 91, b9, 10, e8, 97, 95, b1, 3d, aa, 26, c5, 84, 6a, a5, 35, 23, 4c, 4c, 72, 76, 50, bd, 6d, 36, ff, 95, 3d, ea, cf, e0, 0e, a1, a3, 36, 8c, 74, 9c, d3, cd, 83, 1e, bd, f2, 1e, 45, cd, fc, 0a, ae, 97, 7b, 74, 4f, aa, b1, 93, 13, 28, eb, 45]] } }
[2m2026-09-14T12:52:20.749521Z[0m [31mERROR[0m codec_extension ThreadId(12) [2mzenoh_codec::common::extension[0m[2m:[0m Unknown Test ext: ZExtUnknown { Id: 2, Mandatory: true, Encoding: "ZBuf", Value: ZBuf { slices: [[66, bd, cc, 84, 73, 12, ac, fb, f1, 08, fe, d6, 01, 02, aa, 9b, c9, 6d, 50, 3b]] } }
[2m2026-09-14T12:52:20.749526Z[0m [31mERROR[0m codec_extension ThreadId(12) [2mzenoh_codec::common::extension[0m[2m:[0m Unknown Test ext: ZExtUnknown { Id: 2, Mandatory: true, Encoding: "ZBuf", Value: ZBuf { slices: [[e1, ff, 01, dd, 4a, 55, a3, 0e, 87, 62, be, ca, 8b, bf, 16, 6b, 53, 66, d7, 9e, aa, 16, b1, cd, cd]] } }
[2m2026-09-14T12:52:20.749546Z[0m [31mERROR[0m codec_extension ThreadId(12) [2mzenoh_codec::common::extension[0m[2m:[0m Unknown Test ext: ZExtUnknown { Id: 2, Mandatory: true, Encoding: "ZBuf", Value: ZBuf { slices: [[2f, 26, 7d, 86, 96, 33, a5, cb, f1, fc, c1, f7, 35, ab, 87, 16, e2, 51, 0e, 2e, 5e, 82, 12, 4d, 0d, 3e, 1b, b2, 0b, 1a, 0a, aa, 45, 05, 59, 4c, b6, de, 2f, ff, 73, 3f]] } }
[2m2026-09-14T12:52:20.749566Z[0m [31mERROR[0m codec_extension ThreadId(12) [2mzenoh_codec::common::extension[0m[2m:[0m Unknown Test ext: ZExtUnknown { Id: 2, Mandatory: true, Encoding: "ZBuf", Value: ZBuf { slices: [[72, 81, 8a, 4d, b0, 69, d8, 71, d4, 07, 9d, f3, d2, 50, 7d, e3, 0a, f2, f0, ec, 1b, 61, 56, 9e, d8, cc, 34, e1, 35, 78, cb, cb, 1b, 2a, b5, ce, 84]] } }
[2m2026-09-14T12:52:20.749586Z[0m [31mERROR[0m codec_extension ThreadId(12) [2mzenoh_codec::common::extension[0m[2m:[0m Unknown Test ext: ZExtUnknown { Id: 2, Mandatory: true, Encoding: "ZBuf", Value: ZBuf { slices: [[8a, 4a, 81, c3, d5, 7c, ed, 7c, 35, 15, e0, 92, 13, 7b, 68, e4, 6b, b0, 01, 7f, ce, d7, 73, 9e, 27, f9, 79, 59, 5b, 81, 79, 0d, a3, e2, b7, a6, d1, ca, 9e, 8e, 24, 18, d4, c0, 68, 07, 0a, 18, 8f, 56, 53, b0, 97, 5a, 3a, 54, d5, 3f, 74]] } }
[2m2026-09-14T12:52:20.749608Z[0m [31mERROR[0m codec_extension ThreadId(12) [2mzenoh_codec::common::extension[0m[2m:[0m Unknown Test ext: ZExtUnknown { Id: 2, Mandatory: true, Encoding: "ZBuf", Value: ZBuf { slices: [[00, bb, 97, 07, ef, 25, e2, 58, 6f, f6, 01, 16, 2f, b8, 14, a4, 46, 2e, 7d, 37, 0c, df, 59, e1, ca, 93, b2, a0, 88, 59, 2c, 27, ec, 91, 51, 87, 00, e9, d7, 67, bc, 4d, 30, 6c, 5f, ff, 6d, 3f, 41, 7a, f5, 2b, d7, 0a, 75, a0, cf, 88]] } }
[2m2026-09-14T12:52:20.749618Z[0m [31mERROR[0m codec_extension ThreadId(12) [2mzenoh_codec::common::extension[0m[2m:[0m Unknown Test ext: ZExtUnknown { Id: 2, Mandatory: true, Encoding: "ZBuf", Value: ZBuf { slices: [[9f, f2, b4, 13, 27, 2c, 74, c0, 9c, 5c, ab, 85, 8a]] } }
[2m2026-09-14T12:52:20.749637Z[0m [31mERROR[0m codec_extension ThreadId(12) [2mzenoh_codec::common::extension[0m[2m:[0m Unknown Test ext: ZExtUnknown { Id: 2, Mandatory: true, Encoding: "ZBuf", Value: ZBuf { slices: [[ea, e8, 56, 20, 2e, 48, e1, 65, e4, a5, cc, bb, 92, 08, 77, 73, 9b, c4, 97, 4b, de, 23, 27, d6, 55, 4d, 9c, bd, fb, 25, 92, 1f, 45, 6d, ed, ea, b7, 70, f9, 7b, d5, 28, 0a, 10, 7e, ef, 84, 8d, e5, bd, 6d, d9]] } }
[2m2026-09-14T12:52:20.749644Z[0m [31mERROR[0m codec_extension ThreadId(12) [2mzenoh_codec::common::extension[0m[2m:[0m Unknown Test ext: ZExtUnknown { Id: 2, Mandatory: true, Encoding: "ZBuf", Value: ZBuf { slices: [[aa, bf, f5, e4, f8, 95, 30, 60, 62, ba, 33, 7d, 84, 29, 87, b2, b2, b4, bc, 73, 8e, eb, ed]] } }
[2m2026-09-14T12:52:20.749664Z[0m [31mERROR[0m codec_extension ThreadId(12) [2mzenoh_codec::common::extension[0m[2m:[0m Unknown Test ext: ZExtUnknown { Id: 2, Mandatory: true, Encoding: "ZBuf", Value: ZBuf { slices: [[c2, 14, 2a, a7, 6d, a3, 70, b1, 21, 9a, fc, 20, bb, 0d, 1b, 1a, 31, 98, c1, 4f, e5, ba, 4a, 28, 28, 2d, 38, c9, 8d, 12, bb, 8f, e9, 2b, 15, 53, 0f, 5b, a4, a5, 1a, 89, 8b, 0f, 16, c4, ab, 7b, b1, 18, b6]] } }
[2m2026-09-14T12:52:20.749688Z[0m [31mERROR[0m codec_extension ThreadId(12) [2mzenoh_codec::common::extension[0m[2m:[0m Unknown Test ext: ZExtUnknown { Id: 2, Mandatory: true, Encoding: "ZBuf", Value: ZBuf { slices: [[39, 94, 80, 86, 65, 66, 5d, 88, a1, 48, 18, 36, cf, 3a, 1a, 31, f0, 27, f3, 64, 95, 9c, 30, 88, 49, 53, 29, 29, 13, d5, 7b, 80, 28, 88, db, a6, a5, 7e, 5c, 84, 35, 59, 2f, 1a, 79, e4, 80, e8, 2e, fc, b3, 00, 89, c3, 6f, a4, ea, 06, d9]] } }
[2m2026-09-14T12:52:20.749697Z[0m [31mERROR[0m codec_extension ThreadId(12) [2mzenoh_codec::common::extension[0m[2m:[0m Unknown Test ext: ZExtUnknown { Id: 2, Mandatory: true, Encoding: "ZBuf", Value: ZBuf { slices: [[76, 32, 03, 95, 44, 2d, 18, 90, 67, 98, a2, f9, 19, 19, 37, 48, ab, d5, 48, 7d]] } }
[2m2026-09-14T12:52:20.749717Z[0m [31mERROR[0m codec_extension ThreadId(12) [2mzenoh_codec::common::extension[0m[2m:[0m Unknown Test ext: ZExtUnknown { Id: 2, Mandatory: true, Encoding: "ZBuf", Value: ZBuf { slices: [[7e, 6f, cd, 30, e0, 16, 8d, 00, c7, c2, 71, 93, 49, a3, d0, 0f, 80, 34, 55, b2, 70, 60, 0f, 14, 88, 66, 9d, 6a, 08, 9e, 20, 6d, c8, 1c, de, 6a, b4, b3, 24, 62, 55, b1, cb, 2b, 76, 11, 09, 51, 43, b1, 9e, 6d, 47]] } }
[2m2026-09-14T12:52:20.749737Z[0m [31mERROR[0m codec_extension ThreadId(12) [2mzenoh_codec::common::extension[0m[2m:[0m Unknown Test ext: ZExtUnknown { Id: 2, Mandatory: true, Encoding: "ZBuf", Value: ZBuf { slices: [[53, d4, 4e, 3c, 77, 35, b2, ec, 55, ae, 75, 61, 57, 8f, 11, 2e, e3, 4f, 8c, d8, fb, 74, 56, df, 4a, 8f, 68, 3a, 81, ed]] } }
[2m2026-09-14T12:52:20.749743Z[0m [31mERROR[0m codec_extension ThreadId(12) [2mzenoh_codec::common::extension[0m[2m:[0m Unknown Test ext: ZExtUnknown { Id: 2, Mandatory: true, Encoding: "ZBuf", Value: ZBuf { slices: [[7b, 66, 76, f3, 0c, d8, 34, a6, 81, 29, 5b, 83, c9, a2, 8d, af, a1, 8f, 01, 0c, b3, e5, a3, ec, bd, f4, e9, 2d, 92, 54, 29, f9, 8e, 3b, 06, 5d, dd]] } }
[2m2026-09-14T12:52:20.749762Z[0m [31mERROR[0m codec_extension ThreadId(12) [2mzenoh_codec::common::extension[0m[2m:[0m Unknown Test ext: ZExtUnknown { Id: 2, Mandatory: true, Encoding: "ZBuf", Value: ZBuf { slices: [[a6, fa, a4, 6d, b1, a3, 6e, 44, e5, 92, a5, c4, 46, dc, 55, 09, ab, 66, 20, 8c, f8, d7, 53, 5a, 5c, 21, ee, fe, 8c, 93, e1, 40, 5a, c9, 44, cc, 6e, 8c, cc, f0, c5]] } }
[2m2026-09-14T12:52:20.749784Z[0m [31mERROR[0m codec_extension ThreadId(12) [2mzenoh_codec::common::extension[0m[2m:[0m Unknown Test ext: ZExtUnknown { Id: 2, Mandatory: true, Encoding: "ZBuf", Value: ZBuf { slices: [[a7, 5b, 87, 57, b9, 10, 1e, fd, e4, 88, 3a, 70, f3, b2, 9c, ff, e3, 86, 2e, a9, 8b, a2, 7d, 10, 09, 26, ed, 2d, 36, 51, 23, 35, c1, 77, d9, 58, d2, c6, 29, 19]] } }
[2m2026-09-14T12:52:20.749795Z[0m [31mERROR[0m codec_extension ThreadId(12) [2mzenoh_codec::common::extension[0m[2m:[0m Unknown Test ext: ZExtUnknown { Id: 2, Mandatory: true, Encoding: "ZBuf", Value: ZBuf { slices: [[d4, 87, 7b, d7, 10, dd, d5, c0, 90]] } }
[2m2026-09-14T12:52:20.749799Z[0m [31mERROR[0m codec_extension ThreadId(12) [2mzenoh_codec::common::extension[0m[2m:[0m Unknown Test ext: ZExtUnknown { Id: 2, Mandatory: true, Encoding: "ZBuf", Value: ZBuf { slices: [[08, b2, 21, 11, c3, e7, 44, 33, 9b, 3e, aa, ce, cf, 7b, b9, b3, 2e, e1, 38, 22, 11, e7, 57, e5]] } }
[2m2026-09-14T12:52:20.749818Z[0m [31mERROR[0m codec_extension ThreadId(12) [2mzenoh_codec::common::extension[0m[2m:[0m Unknown Test ext: ZExtUnknown { Id: 2, Mandatory: true, Encoding: "ZBuf", Value: ZBuf { slices: [[8c, e6, b7, b4, f8, 5f, 16, 97, 5a, a1, cb, da, 38, 0e, 0b, 45, 15, 23, cd, 3c, 19, f0, 16, 81, 90, 53, ee, be, 70, 1a, 51, 6b, b8, 59, 1f, 94, 65, f5, 05, db, 0a, cd, 09, 8f, 4a, 2f]] } }
[2m2026-09-14T12:52:20.749839Z[0m [31mERROR[0m codec_extension ThreadId(12) [2mzenoh_codec::common::extension[0m[2m:[0m Unknown Test ext: ZExtUnknown { Id: 2, Mandatory: true, Encoding: "ZBuf", Value: ZBuf { slices: [[68, b0, d4, 4f, 1e, 7e, f8, 6e, 3b, 14, 40, 64, 8e, cf, a4, 5d, c7, d8, 3b, f7, 24, c3, 1a, f1, 56, 51, 6c, 26, 4b, 29, d4, f7, 15, 96, bc, 19, 6f, e9, 9a, 15, 55, de, 99, 66, 5f]] } }
[2m2026-09-14T12:52:20.749861Z[0m [31mERROR[0m codec_extension ThreadId(12) [2mzenoh_codec::common::extension[0m[2m:[0m Unknown Test ext: ZExtUnknown { Id: 2, Mandatory: true, Encoding: "ZBuf", Value: ZBuf { slices: [[1a, 14, 0b, 31, 16, 79, f3, 1d, 41, 27, 1d, 06, a8, e3, 9e, af, 66, e2, 44, ab, 1a, 79, b3, 34, fd, e4, d6, cd, 34, df, a8, f1, 48, 99, 6e, ea, 8c, 84, 19, b5, 96, 1f, 96, 3b, 59, 6b, 8b, 42, 39, 1d, 5e, a7, 4d, 69, 0e, 09, b3, 2d, 87]] } }
[2m2026-09-14T12:52:20.749884Z[0m [31mERROR[0m codec_extension ThreadId(12) [2mzenoh_codec::common::extension[0m[2m:[0m Unknown Test ext: ZExtUnknown { Id: 2, Mandatory: true, Encoding: "ZBuf", Value: ZBuf { slices: [[f1, 45, f8, bd, 1b, 28, d0, 0b, 36, 13, f0, df, b8, e5, a5, 34, ea, 14, eb, e3, 75, 67, e9, de, 52, 17, ed, 15, 70, 0d, 57, 23, 07, 67, ad, f6, 5f, 93, b4, 63, a5, 9c, 81, db, 96, b8, 2c, ad, 57, 92, 12, b0, f1, 5f, 87, 22, 21, ea, 94, 30, 21]] } }
[2m2026-09-14T12:52:20.749892Z[0m [31mERROR[0m codec_extension ThreadId(12) [2mzenoh_codec::common::extension[0m[2m:[0m Unknown Test ext: ZExtUnknown { Id: 2, Mandatory: true, Encoding: "ZBuf", Value: ZBuf { slices: [[98, b2, 85, fc, a9, 78, f9, 4b, 4e, 88, 3f, 41, 4a, a3, 4b, 6b, 2a, 27, c1, 75, 0b, f5, d3, 22, 05, 86, e8, 4b, bc, ee, 8f, cd, 41, 56, 6a, b6]] } }
[2m2026-09-14T12:52:20.749912Z[0m [31mERROR[0m codec_extension ThreadId(12) [2mzenoh_codec::common::extension[0m[2m:[0m Unknown Test ext: ZExtUnknown { Id: 2, Mandatory: true, Encoding: "ZBuf", Value: ZBuf { slices: [[69, f5, 67, 4a, 75, e9, 4c, 2e, 39, 01, b0, bc, fb]] } }
[2m2026-09-14T12:52:20.749917Z[0m [31mERROR[0m codec_extension ThreadId(12) [2mzenoh_codec::common::extension[0m[2m:[0m Unknown Test ext: ZExtUnknown { Id: 2, Mandatory: true, Encoding: "ZBuf", Value: ZBuf { slices: [[7a, 3d, b5, bb, 86, 92, ed, af, 48, f8, 8e, 3f, b5, 1c, cc, cb, 86, 92, 77, c0, 9f, 48, 3b, db, 0d, 57, a5, 38, 98, f9, 20, 3a, 43, ff]] } }
[2m2026-09-14T12:52:20.749937Z[0m [31mERROR[0m codec_extension ThreadId(12) [2mzenoh_codec::common::extension[0m[2m:[0m Unknown Test ext: ZExtUnknown { Id: 2, Mandatory: true, Encoding: "ZBuf", Value: ZBuf { slices: [[ae, 56, c4, fb, 96, fb, 1e, a9, 8e, 7c, 1f, b7, 8d, 62, b6, c7, b4, bf, b1, c8, 7a, 04, 1f, e8, d5, a1, 99, 8c, 75, e3, 10, 71, d4, 3e, c6, 74, d7, be, 7b, c5, 44, 01, bc, 64, ee, 00, 69, 69]] } }
[2m2026-09-14T12:52:20.749959Z[0m [31mERROR[0m codec_extension ThreadId(12) [2mzenoh_codec::common::extension[0m[2m:[0m Unknown Test ext: ZExtUnknown { Id: 2, Mandatory: true, Encoding: "ZBuf", Value: ZBuf { slices: [[ef, 50, c2, af, 40, 44, c6, 10, 7e, 92, c0, 2c, 9b, e3, ec, 0b, 30, 5e, a7, ed, 1c, 7c, ca, cf, b1, 89, 9d, 19, cb, c2, 1f, ff, 91, 94, ab, 44, 91, fb, 99, 72, 55, 9f, c1, 16, 75, 3c, 31, 71, 93, d6, a1, 08, b3, c9, a8, ba, d8, 4b, 1a, d1, 88]] } }
[2m2026-09-14T12:52:20.749980Z[0m [31mERROR[0m codec_extension ThreadId(12) [2mzenoh_codec::common::extension[0m[2m:[0m Unknown Test ext: ZExtUnknown { Id: 2, Mandatory: true, Encoding: "ZBuf", Value: ZBuf { slices: [[12, a4, c5, 42, 1a, 68, 1f, 84, a3, 20, 65, 72, ff, 9c, 30, 5b, 00, 19, 12, 6e, da, 9d, c6, d6, 46, da, 20, 85, be, b0, f4, 41, ab, 2e, 2d, b9, b8, 57, f6, 97, 0b]] } }
[2m2026-09-14T12:52:20.749988Z[0m [31mERROR[0m codec_extension ThreadId(12) [2mzenoh_codec::common::extension[0m[2m:[0m Unknown Test ext: ZExtUnknown { Id: 2, Mandatory: true, Encoding: "ZBuf", Value: ZBuf { slices: [[b7, 3f, c8, ad, ae, 63, c7, af, db, 89, b8, 4e, 35, 3e, 2d, a9, da, 58, a0, c9, 47, f7, 59, c2, 12, 20]] } }
[2m2026-09-14T12:52:20.750009Z[0m [31mERROR[0m codec_extension ThreadId(12) [2mzenoh_codec::common::extension[0m[2m:[0m Unknown Test ext: ZExtUnknown { Id: 2, Mandatory: true, Encoding: "ZBuf", Value: ZBuf { slices: [[07, bf, 38, d9, 2b, 92, 09, 5f, 44, 3a, ed, c3, 83, 43, 79, 1b, 54, 9a, 82, 22, 15, e7, 41, e8, a4, 1b, 78, 48, 5a, ee, eb, e3, 7f, 41, 95, 44, cd, 1c, cd, 23, 5b, e0, 94, 7e, 2d, fd, db, 61, 7f, ea, e4, 54, 0e, 24, a0, 6f, a4, 7b, 3b, 7d, c5, f5, c7, fd]] } }
[2m2026-09-14T12:52:20.750042Z[0m [31mERROR[0m codec_extension ThreadId(12) [2mzenoh_codec::common::extension[0m[2m:[0m Unknown Test ext: ZExtUnknown { Id: 2, Mandatory: true, Encoding: "ZBuf", Value: ZBuf { slices: [[c2, a5, 80, 25, 81, 29, f7, e3, 5d, fc, 19, b3, 01, 80, c9, 0f, 2e, 9e, b8, 29, f2, d1, df, 10, a4, 22, f0, b9, 34, 23, c7, 70, 86, 47, 0a, f6, dc, cf, 77, 30, db, e7, 67, 3f, fe, 82, b0, 2e, 6c, ef, 50, 47, 22, db, 17, c0]] } }
[2m2026-09-14T12:52:20.750065Z[0m [31mERROR[0m codec_extension ThreadId(12) [2mzenoh_codec::common::extension[0m[2m:[0m Unknown Test ext: ZExtUnknown { Id: 2, Mandatory: true, Encoding: "ZBuf", Value: ZBuf { slices: [[8c, 2d, 24, 2a, c5, 93, 8b, 9b, f4, 7d, 38, a4, a5, 7a, 3d, 72, 7f, 80, a5, 0c, 6f, 39, cc, 74, 0e, 7a, 11, 81, 3b, 3a, 3d, 8b, c3, 4c, 6a, 1a, 69, 88, 4c, ef, 1b, 45, bd, 49, 1f, 29, ca, ee, eb, 57, 3f, e8, 49, 58, 32]] } }
[2m2026-09-14T12:52:20.750071Z[0m [31mERROR[0m codec_extension ThreadId(12) [2mzenoh_codec::common::extension[0m[2m:[0m Unknown Test ext: ZExtUnknown { Id: 2, Mandatory: true, Encoding: "ZBuf", Value: ZBuf { slices: [[23, 10, 4a, 66, 46, ae, 1d, e9, 4f]] } }
[2m2026-09-14T12:52:20.750090Z[0m [31mERROR[0m codec_extension ThreadId(12) [2mzenoh_codec::common::extension[0m[2m:[0m Unknown Test ext: ZExtUnknown { Id: 2, Mandatory: true, Encoding: "ZBuf", Value: ZBuf { slices: [[ac, d2, bc, 37, 87, 4f, 6a, e9, c0, 15, 03, 37, 40, 15, 18, 13, 22, 0d, 7f, 22, 81, b9, 9d, de, 54, 28, 31, 0a, 26, c9, 13, c9, 79, 0a, 9c, 96, 73, dd, e2, 1d, bf, 0e, 69, cc, 0c, ec, 82, 5b, 15, 8e, 5f, 41]] } }
[2m2026-09-14T12:52:20.750096Z[0m [31mERROR[0m codec_extension ThreadId(12) [2mzenoh_codec::common::extension[0m[2m:[0m Unknown Test ext: ZExtUnknown { Id: 2, Mandatory: true, Encoding: "ZBuf", Value: ZBuf { slices: [[9e, 64, 84, 1a, 6b, 30, 34, a4, 71, 8e, 59]] } }
[2m2026-09-14T12:52:20.750116Z[0m [31mERROR[0m codec_extension ThreadId(12) [2mzenoh_codec::common::extension[0m[2m:[0m Unknown Test ext: ZExtUnknown { Id: 2, Mandatory: true, Encoding: "ZBuf", Value: ZBuf { slices: [[b5, d1, c0, 0a, d2, 49, 44, 5f, 89, b8, 8c, c8, 80, 82, 19, 5e, 34, 98, 78, 08, 46, 2a, b0, 53, 45, 26, 3c, 4c, e0, 18, c5, f2, a0, 28, c1, 72, 3c, d7]] } }
[2m2026-09-14T12:52:20.750137Z[0m [31mERROR[0m codec_extension ThreadId(12) [2mzenoh_codec::common::extension[0m[2m:[0m Unknown Test ext: ZExtUnknown { Id: 2, Mandatory: true, Encoding: "ZBuf", Value: ZBuf { slices: [[cc, 48, ea, a3, 47, 14, da, ca, 98, 4c, 3d, 2f, 4f, c5, 7c, 64, a3, 94, b6, 34, 9f, 52, 4a, fc, 50, 83, eb, 74, 7e, e2, f2, 00, 7d, 39, 8f, cf, aa, ab, 0c, 55, e5, 0b]] } }
[2m2026-09-14T12:52:20.750143Z[0m [31mERROR[0m codec_extension ThreadId(12) [2mzenoh_codec::common::extension[0m[2m:[0m Unknown Test ext: ZExtUnknown { Id: 2, Mandatory: true, Encoding: "ZBuf", Value: ZBuf { slices: [[6a, 6d, 08, 46, 82, 62, b9, 5c, 54, fd, fc, dd, a5, c1, 56, bf, e7, 6d, 71, 22, a0, 8b, 20, 28, 1c]] } }
[2m2026-09-14T12:52:20.750163Z[0m [31mERROR[0m codec_extension ThreadId(12) [2mzenoh_codec::common::extension[0m[2m:[0m Unknown Test ext: ZExtUnknown { Id: 2, Mandatory: true, Encoding: "ZBuf", Value: ZBuf { slices: [[b2, 4c, 09, ca, d8, e9, 04, db, 37, c1, 4b, 33, cc, b3, 5c, 53, bf, 70, af, 09, b8, 99, e4, 11, 59, a8, 77, 67, ca, 2b, 5c, 4f, 8a, 6b, e2, 9d, 6e, c7, f0, 77, 29, 3b, 6f, 0c, 22, 67, 3e, 81, 5f]] } }
[2m2026-09-14T12:52:20.750169Z[0m [31mERROR[0m codec_extension ThreadId(12) [2mzenoh_codec::common::extension[0m[2m:[0m Unknown Test ext: ZExtUnknown { Id: 2, Mandatory: true, Encoding: "ZBuf", Value: ZBuf { slices: [[68, 5f, 25, 72, 97, 78, 2d, 73, c9, 52, 73, 28, e1]] } }
[2m2026-09-14T12:52:20.750188Z[0m [31mERROR[0m codec_extension ThreadId(12) [2mzenoh_codec::common::extension[0m[2m:[0m Unknown Test ext: ZExtUnknown { Id: 2, Mandatory: true, Encoding: "ZBuf", Value: ZBuf { slices: [[47, 70, 0c, 82, 28, 3c, 46, 90, 35, fa, f5, 93, f3, 8a, 57, b9, ea, 84, 15, 02, 26, 7d, b7, de, 10, f4, de, d2, 37, f2, 5d, 66, 8d, f6, 13, 54, a0, ed, cb, ae, bc, 84, 87, 57, d4, b6, 64, f6, 1a, f2, 32, 69, 3e, 17, ba, e1, 30, 29, 46, c3, ec, 54]] } }
[2m2026-09-14T12:52:20.750212Z[0m [31mERROR[0m codec_extension ThreadId(12) [2mzenoh_codec::common::extension[0m[2m:[0m Unknown Test ext: ZExtUnknown { Id: 2, Mandatory: true, Encoding: "ZBuf", Value: ZBuf { slices: [[67, 32, f8, 6d, 34, b7, e0, 26, fe, d0, 9f, 5b, 16, 2a, 20, 1c, 7d, 0d, c1, 14, 31, cc, 92, fe, 16, 38, 91, 07, 60, 88, c5, 52, e5, 5b, 70, 86, 95, 7f, 63, 18, df, c6, 90, 26, 36, c8, 8d, a6, f8, df, 16, 04, 43, 55, f8, 73, 37, 71, 51, 8a, 6a, dc, f7]] } }
[2m2026-09-14T12:52:20.750234Z[0m [31mERROR[0m codec_extension ThreadId(12) [2mzenoh_codec::common::extension[0m[2m:[0m Unknown Test ext: ZExtUnknown { Id: 2, Mandatory: true, Encoding: "ZBuf", Value: ZBuf { slices: [[10, 61, 06, f9, 50, 25, 71, 40, e5, 91, 75, 87, c0, 8b, 39, d0, 81, b3, ec, d3, a3, fb, 12, 15, f0, 84, b9, 8c, c7, bb, b0, 96, 9d, 9a, 6e, 48, d4, d3, ad]] } }
[2m2026-09-14T12:52:20.750240Z[0m [31mERROR[0m codec_extension ThreadId(12) [2mzenoh_codec::common::extension[0m[2m:[0m Unknown Test ext: ZExtUnknown { Id: 2, Mandatory: true, Encoding: "ZBuf", Value: ZBuf { slices: [[4b, ca, 32, 7b, 31, 51, 53, 78, 26, 14, 52, a9, c1, c8]] } }
[2m2026-09-14T12:52:20.750260Z[0m [31mERROR[0m codec_extension ThreadId(12) [2mzenoh_codec::common::extension[0m[2m:[0m Unknown Test ext: ZExtUnknown { Id: 2, Mandatory: true, Encoding: "ZBuf", Value: ZBuf { slices: [[ac, ee, 1a, 63, 75, 8f, 1d, a6, 9a, c6, f7, 40, 6b, f6, 5e, 1c, a9, 5e, 19, f6, 62, b7, c5, f3, 7d, 34, 9c, 06, 60, 5c, 1c, 7f, 67, 43, c0, c1, d8, 70, 26, e3, ec, 53, 92, bd, ca, 0c, 60, 26, 3f, a5, 08, 39, 01, 81, 3a]] } }
[2m2026-09-14T12:52:20.750284Z[0m [31mERROR[0m codec_extension ThreadId(12) [2mzenoh_codec::common::extension[0m[2m:[0m Unknown Test ext: ZExtUnknown { Id: 2, Mandatory: true, Encoding: "ZBuf", Value: ZBuf { slices: [[e8, 00, 55, c9, c7, 4a, 5e, a9, 4d, 5a, b1, 46, 34, a8, 14, 86, 9d, 3b, d2, aa, ec, 08, ca, 49, 20, b2, d7, f6, 77, 01, 52, 8a, be, 38, 6c, ba, cf, 93, d5, e7, aa, c8, db, c3, 99, f4, 94, 29, c4, 6d, 40, a9, 06, 86, 78, 16, 60, 41, fd, 19, b8, 2b]] } }
[2m2026-09-14T12:52:20.750306Z[0m [31mERROR[0m codec_extension ThreadId(12) [2mzenoh_codec::common::extension[0m[2m:[0m Unknown Test ext: ZExtUnknown { Id: 2, Mandatory: true, Encoding: "ZBuf", Value: ZBuf { slices: [[e3, ca, 6c, 8b, 00, 9b, a7, 7f, 61, 3e, 77, c3, 0a, 29, 3d, ba, 64, c0, 94, 6a, e2, bb, 09, 4e, 37, b4, 7d, 7e, 0f, a3, 04, 5d, 95, 8d, 40, 09, c7, 45, 47, 5f, 46, 4f, 7e, 8b, ec, c6, 48, ff, 43]] } }
[2m2026-09-14T12:52:20.750314Z[0m [31mERROR[0m codec_extension ThreadId(12) [2mzenoh_codec::common::extension[0m[2m:[0m Unknown Test ext: ZExtUnknown { Id: 2, Mandatory: true, Encoding: "ZBuf", Value: ZBuf { slices: [[67, 34, 60, 07, f8, 95, 5e, 63, 73, 1a, 18, e6, 39, 60, de, f7, fb, 1b, c1, 7a, 95, 78, 84, d2]] } }
[2m2026-09-14T12:52:20.750334Z[0m [31mERROR[0m codec_extension ThreadId(12) [2mzenoh_codec::common::extension[0m[2m:[0m Unknown Test ext: ZExtUnknown { Id: 2, Mandatory: true, Encoding: "ZBuf", Value: ZBuf { slices: [[92, c9, 4e, 05, 05, e5, 2e, 13, ab, 35, 80, 07, ff, f2, ac, aa, 3e, a8, 4d, c0, 4c, d8, 2f, 8c, db, 9a, 8c, cd, 81, 08, 18, 38, 47, 19, 0d, 65, cd, a6, ae]] } }
[2m2026-09-14T12:52:20.750354Z[0m [31mERROR[0m codec_extension ThreadId(12) [2mzenoh_codec::common::extension[0m[2m:[0m Unknown Test ext: ZExtUnknown { Id: 2, Mandatory: true, Encoding: "ZBuf", Value: ZBuf { slices: [[66, 7d, fa, 0e, 05, bd, 26, 8a, 75, e2, 57, ac, 07, a5, ea, 45, 7c, 5d, 2b, 6b, 1f, 32, a9, 58, e6, 61, 00, af, b8, d4, e9, 35, 30]] } }
[2m2026-09-14T12:52:20.750359Z[0m [31mERROR[0m codec_extension ThreadId(12) [2mzenoh_codec::common::extension[0m[2m:[0m Unknown Test ext: ZExtUnknown { Id: 2, Mandatory: true, Encoding: "ZBuf", Value: ZBuf { slices: [[56, d9, 03, 2b, 02, 1f, 46, 3d, de, 7a, de, 1c, c1, 0f, c8, fb, fa, 8e, d8, c9, ec, d5, 75, d6, 24, ab, ff, b3]] } }
[2m2026-09-14T12:52:20.750365Z[0m [31mERROR[0m codec_extension ThreadId(12) [2mzenoh_codec::common::extension[0m[2m:[0m Unknown Test ext: ZExtUnknown { Id: 2, Mandatory: true, Encoding: "ZBuf", Value: ZBuf { slices: [[c1, 5d, 21, ab, d3, bf, dc, 80, 68, 1b, d0, 13, bb, 4e, cc, 87, 11, 51, 21, 90, 06, 73, fc]] } }
[2m2026-09-14T12:52:20.750384Z[0m [31mERROR[0m codec_extension ThreadId(12) [2mzenoh_codec::common::extension[0m[2m:[0m Unknown Test ext: ZExtUnknown { Id: 2, Mandatory: true, Encoding: "ZBuf", Value: ZBuf { slices: [[45, d3, 3a, 9a, 84, 7e, d8, 52, 70, e9, e8, 5a, 1e, 90, 11, f4, 0a, 10, a2, 0b, f6, 5e, a5, 07, ba, c6]] } }
[2m2026-09-14T12:52:20.750404Z[0m [31mERROR[0m codec_extension ThreadId(12) [2mzenoh_codec::common::extension[0m[2m:[0m Unknown Test ext: ZExtUnknown { Id: 2, Mandatory: true, Encoding: "ZBuf", Value: ZBuf { slices: [[80, 1c, 92, 74, 9f, 57, 09, 19, 9c, dd, f3, 9d, b4, db, 2e, fe, 33, 5d, 2a, 40, 64, 21, 16, 6e, ab, 27, 08, 0b, dd, 2d, 18, a0, fb, 78, f0, 5c, 97, 9c, d8, 9b, 57, aa, 0d]] } }
[2m2026-09-14T12:52:20.750423Z[0m [31mERROR[0m codec_extension ThreadId(12) [2mzenoh_codec::common::extension[0m[2m:[0m Unknown Test ext: ZExtUnknown { Id: 2, Mandatory: true, Encoding: "ZBuf", Value: ZBuf { slices: [[2e, 3d, 26, c1, 54, da, 1c, a0, fb, e7, eb, eb, 4b, ca, f6, 16, 71, 38, 94, c1, 9d, e6, 5b, 5d, c9, 4b, 11, 00, b8, 77, 5f, 60, b4, 27, b6, e4, 99, 9a, b2, 64, 8a, 90, 9b, 2c, 9a, 5f, 34, d4, 36, 3b, b8, 99, 40, 32]] } }
[2m2026-09-14T12:52:20.750430Z[0m [31mERROR[0m codec_extension ThreadId(12) [2mzenoh_codec::common::extension[0m[2m:[0m Unknown Test ext: ZExtUnknown { Id: 2, Mandatory: true, Encoding: "ZBuf", Value: ZBuf { slices: [[0a, 09, 10, 3a, ce, 8f, 93, bf, d0, e3, 10, 1b, 14, 28, b7, 34, df, 6c, 35, 6a, 16, d9, 2d, 05, 17, d2, 37, ec, 39, b6, be, d3, b9, be, 39, 17, f1, 17, 1d, 65, 3b, f5, c4, e8, 1d, 7c, 50, 3d, 2d, 6b, 3e]] } }
[2m2026-09-14T12:52:20.750450Z[0m [31mERROR[0m codec_extension ThreadId(12) [2mzenoh_codec::common::extension[0m[2m:[0m Unknown Test ext: ZExtUnknown { Id: 2, Mandatory: true, Encoding: "ZBuf", Value: ZBuf { slices: [[2b, 70, 17, 76, d2, eb, 7f, 04, e6, 6c, 57, 85, be, ec, 45, 38, 51, 2e, ac, 16, dc, 49, de, 6c, ca, 39, 38, 67, c9, 2b, 4b, 14, 9f, d3, 29, d4, 16, 89, 20, fe, 23, 64, d8, f2, 29, 4c, 41, a3, 2f, e5, 57, 36, 72, ba, 07, 24, 61, da, 1e, 91]] } }
[2m2026-09-14T12:52:20.750471Z[0m [31mERROR[0m codec_extension ThreadId(12) [2mzenoh_codec::common::extension[0m[2m:[0m Unknown Test ext: ZExtUnknown { Id: 2, Mandatory: true, Encoding: "ZBuf", Value: ZBuf { slices: [[b4, 89, 13, 58, 9d, 18, 03, d2, e3, 34, cd, 0e, 48, be, 40, 77, 2f, 80, 4b, 07, 98, 8c, be, c1, c7, a5, 31, dc]] } }
[2m2026-09-14T12:52:20.750490Z[0m [31mERROR[0m codec_extension ThreadId(12) [2mzenoh_codec::common::extension[0m[2m:[0m Unknown Test ext: ZExtUnknown { Id: 2, Mandatory: true, Encoding: "ZBuf", Value: ZBuf { slices: [[c4, 26, cc, 3f, bd, 05, 14, 14, de, 05, e1, 27, f2, a6, 73, 0d, c5, a9, 65, 1a, 03, e5, 39, 21, a2, 50, 48, 84, e6, f0, 70, 93, 96, 95, f8, 53, fe, dc, 78, 86, 63, 4c, bf, 4b, ea, 28, bb, 9f, d3, 0e]] } }
[2m2026-09-14T12:52:20.750497Z[0m [31mERROR[0m codec_extension ThreadId(12) [2mzenoh_codec::common::extension[0m[2m:[0m Unknown Test ext: ZExtUnknown { Id: 2, Mandatory: true, Encoding: "ZBuf", Value: ZBuf { slices: [[17, 56, 9a, cd, 3f, 7a, 30, 9f, bd, d1, 0c, 49, e6, f9, c3, 3f, e6, 42, f4, 61, e1, c8, fa, 63, 9f, 06, 50, 78, de, 9f, ca, d3, 0d, f8, ee, e4, 9b, 34, 7a, 5c, 9e, 13, 9f, c3, f9, d5, 1b, 57]] } }
[2m2026-09-14T12:52:20.750517Z[0m [31mERROR[0m codec_extension ThreadId(12) [2mzenoh_codec::common::extension[0m[2m:[0m Unknown Test ext: ZExtUnknown { Id: 2, Mandatory: true, Encoding: "ZBuf", Value: ZBuf { slices: [[6f, 19, a8, e2, ce, 26, c1, fd]] } }
[2m2026-09-14T12:52:20.750522Z[0m [31mERROR[0m codec_extension ThreadId(12) [2mzenoh_codec::common::extension[0m[2m:[0m Unknown Test ext: ZExtUnknown { Id: 2, Mandatory: true, Encoding: "ZBuf", Value: ZBuf { slices: [[99, 2f, 33, 07, a3, 80, 46, 13, 03, 12, 08, 6a, 0e]] } }
[2m2026-09-14T12:52:20.750527Z[0m [31mERROR[0m codec_extension ThreadId(12) [2mzenoh_codec::common::extension[0m[2m:[0m Unknown Test ext: ZExtUnknown { Id: 2, Mandatory: true, Encoding: "ZBuf", Value: ZBuf { slices: [[ff, 27, 45, 4a, f4, 68, 3f, 61, 0f, 73, 91, 60, 82, 3c]] } }
[2m2026-09-14T12:52:20.750546Z[0m [31mERROR[0m codec_extension ThreadId(12) [2mzenoh_codec::common::extension[0m[2m:[0m Unknown Test ext: ZExtUnknown { Id: 2, Mandatory: true, Encoding: "ZBuf", Value: ZBuf { slices: [[84, 67, 72, 16, d5, 4a, a8, ba, 7b, 82, 21, 60, b7, e9, 06, 02, 33, ac, 59, 43]] } }
[2m2026-09-14T12:52:20.750551Z[0m [31mERROR[0m codec_extension ThreadId(12) [2mzenoh_codec::common::extension[0m[2m:[0m Unknown Test ext: ZExtUnknown { Id: 2, Mandatory: true, Encoding: "ZBuf", Value: ZBuf { slices: [[89, b0, 6f, b2, 0c, 31, f7, 8d, 77, d6, 33, 0e, 64, 4d, 43, 87, 44, e9, 55, 03, e1, d3]] } }
[2m2026-09-14T12:52:20.750571Z[0m [31mERROR[0m codec_extension ThreadId(12) [2mzenoh_codec::common::extension[0m[2m:[0m Unknown Test ext: ZExtUnknown { Id: 2, Mandatory: true, Encoding: "ZBuf", Value: ZBuf { slices: [[12, 01, cf, 6e, 93, 05, 52, 99, 68, ec, 39, 3c, 6f, 8e, 24, 2e, cb, fb, 9c, f7, d4, e5, 50, 35, 72, 3c, 70, ee, 93, 84, 63, c9, fb, b3, d3, 48, 99, ab, 9c, 71]] } }
[2m2026-09-14T12:52:20.750577Z[0m [31mERROR[0m codec_extension ThreadId(12) [2mzenoh_codec::common::extension[0m[2m:[0m Unknown Test ext: ZExtUnknown { Id: 2, Mandatory: true, Encoding: "ZBuf", Value: ZBuf { slices: [[f4, a2, f7, af, b7, cf, c9, 81, e1, 35, 7c, af, 0b, 5b, 76, d5, 04, 1d, 86, 50, 76, 24, d8, c7, e1, b7, ee, e1, 7e, 13, 99, 81, 0f, 11, 94, 13, 0b, 89, d6, d6, 08, 71, aa, 42, bb, 5d, 18, d4]] } }
[2m2026-09-14T12:52:20.750597Z[0m [31mERROR[0m codec_extension ThreadId(12) [2mzenoh_codec::common::extension[0m[2m:[0m Unknown Test ext: ZExtUnknown { Id: 2, Mandatory: true, Encoding: "ZBuf", Value: ZBuf { slices: [[11, 30, 64, b4, 52, a2, 6b, d1, 9c, 0d, e0, 36, 42, f2, 58, 5a, 3a, 1f, 99, e5, 65, 13, 4e, 1f, ab, d0, 7e, 50, ef, e9, 72, c2, 78, de, 63, 28, 9c, bf, 97, 45, c7, f5, 53, 56, d4, 18, 29, 35, c8, b5, 37, fe, 52, 6f, 42, 0d, a7, ee]] } }
[2m2026-09-14T12:52:20.750618Z[0m [31mERROR[0m codec_extension ThreadId(12) [2mzenoh_codec::common::extension[0m[2m:[0m Unknown Test ext: ZExtUnknown { Id: 2, Mandatory: true, Encoding: "ZBuf", Value: ZBuf { slices: [[06, 9d, b3, 4f, 7a, b5, fb, 13, ad, 58, 39, 73, f6, 31, fc, a3, 90, 90, d9, 66, 60, 23, e7, f1, 1c, 8c, ec, bf, b5, de, d5, d1, c7, 3c, a7, bc, 97, f2, 49, 62, 3b, f1, a8, 90, ac, 8b, e2, f4, 31, e6, de, 45, 01, fd, a4, 09]] } }
[2m2026-09-14T12:52:20.750640Z[0m [31mERROR[0m codec_extension ThreadId(12) [2mzenoh_codec::common::extension[0m[2m:[0m Unknown Test ext: ZExtUnknown { Id: 2, Mandatory: true, Encoding: "ZBuf", Value: ZBuf { slices: [[d3, ae, 14, 8f, 1e, eb, 0c, 82, a0, d3, 1d, 69, 42, e6, a5, c7, fa, 1f, 4f, 76, 13, ea, 1d, 30, d4, 80]] } }
[2m2026-09-14T12:52:20.750645Z[0m [31mERROR[0m codec_extension ThreadId(12) [2mzenoh_codec::common::extension[0m[2m:[0m Unknown Test ext: ZExtUnknown { Id: 2, Mandatory: true, Encoding: "ZBuf", Value: ZBuf { slices: [[61, 07, 25, e1, fe, 69, 47, 1f, 22, fc, 2b, 06, d8, 84, 8e, 10, 47, df, fe, cc, c7, 6c, 2b, c4, 7b, 4e, 29, 9b, 3f, c5, 26, 52, d9]] } }
[2m2026-09-14T12:52:20.750666Z[0m [31mERROR[0m codec_extension ThreadId(12) [2mzenoh_codec::common::extension[0m[2m:[0m Unknown Test ext: ZExtUnknown { Id: 2, Mandatory: true, Encoding: "ZBuf", Value: ZBuf { slices: [[5d, e6, e3, 7b, 40, ba, d8, c9, 36, ce, 81, 3c, 50, c6, 03, 6d, ee, 7c, cc, cf, 51, 1e, 9f, 0a, 2f, 23, 3c, 77, 94, 5c, fc, 3d, b1, 9c, 4a, 5a, 7b, e0, 87, 6d, 16, aa, 40, 6a, bd, 00, 2c]] } }
[2m2026-09-14T12:52:20.750672Z[0m [31mERROR[0m codec_extension ThreadId(12) [2mzenoh_codec::common::extension[0m[2m:[0m Unknown Test ext: ZExtUnknown { Id: 2, Mandatory: true, Encoding: "ZBuf", Value: ZBuf { slices: [[42, 91, 70, 2f, 98, 30, 4b, a5, 85, 5c, bf, d3, e2, 15, d0, 2e, 8a, 0a, 0f, dd]] } }
[2m2026-09-14T12:52:20.750691Z[0m [31mERROR[0m codec_extension ThreadId(12) [2mzenoh_codec::common::extension[0m[2m:[0m Unknown Test ext: ZExtUnknown { Id: 2, Mandatory: true, Encoding: "ZBuf", Value: ZBuf { slices: [[42, 2f, 5d, 80, 37, ad, 66, 1f, 34, 94, bc, 94, cb, d4, 2d, e6, 42, 99, 5a, 0f, 49, 59, ab, 0f, a8, 58, 01, f5, d3, 71, a7, 93, 23, 4d, b8, 22, 4d, f2, 9d, f8, bb, e3, 68, 51, 19, bb, 60, 3a, a1, f7, 5a, 32, 21, a0]] } }
[2m2026-09-14T12:52:20.750712Z[0m [31mERROR[0m codec_extension ThreadId(12) [2mzenoh_codec::common::extension[0m[2m:[0m Unknown Test ext: ZExtUnknown { Id: 2, Mandatory: true, Encoding: "ZBuf", Value: ZBuf { slices: [[5c, 0b, 39, 60, a0, 0a, 90, bd, 6e, 40, 79, 24, 99, 9f, 39, b1, dd, 3e, 95, 1f, c6, d4, 23, 07, f7, b3, f5, 0d, 55, 70, cd, 3f, 05, 48, e6, 99, 8f, e2, f7, 9c, c9, ea, bc, 11, 4f, a9, 8c, bb, bb, 48, c2, b8, 37, 6d, 44, 0a, da, bb, b8, a3, 00, bf]] } }
[2m2026-09-14T12:52:20.750733Z[0m [31mERROR[0m codec_extension ThreadId(12) [2mzenoh_codec::common::extension[0m[2m:[0m Unknown Test ext: ZExtUnknown { Id: 2, Mandatory: true, Encoding: "ZBuf", Value: ZBuf { slices: [[3c, aa, 23, 93, 98, dc, a4, a0, 02, 62, a5, 81, 49, 54, 4a]] } }
[2m2026-09-14T12:52:20.750737Z[0m [31mERROR[0m codec_extension ThreadId(12) [2mzenoh_codec::common::extension[0m[2m:[0m Unknown Test ext: ZExtUnknown { Id: 2, Mandatory: true, Encoding: "ZBuf", Value: ZBuf { slices: [[26, 70, ec, f4, af, da, 99, 3e, 83, 24, 03, c1, 0b, da, f4, bf, a7, e3, 2d, f3, f4, ea, 64, a2, c8, 24, 24, 3b, 01, f0, 75, 8b, 88, 7e, b4, df, d0]] } }
[2m2026-09-14T12:52:20.750757Z[0m [31mERROR[0m codec_extension ThreadId(12) [2mzenoh_codec::common::extension[0m[2m:[0m Unknown Test ext: ZExtUnknown { Id: 2, Mandatory: true, Encoding: "ZBuf", Value: ZBuf { slices: [[14, b9, cf, bc, 65, db, 9e, 7e, c6, db, 84, 53, e1, e5, 34, 8d, bc, 03, f3]] } }
[2m2026-09-14T12:52:20.750777Z[0m [31mERROR[0m codec_extension ThreadId(12) [2mzenoh_codec::common::extension[0m[2m:[0m Unknown Test ext: ZExtUnknown { Id: 2, Mandatory: true, Encoding: "ZBuf", Value: ZBuf { slices: [[72, 74, e9, 08, 49, 9a, 91, fa, 93, c3, aa, 2b, 0c, 71, 37, 08, 6c, a9, a1, 94, 7d, b5, 5a, 27, 69, a5, 37, 82, 22, d3, 94, c5, df, 13, ab, 54, 2e, 0c, b1, dd, 54, 55, fe, b2, 06, a8, 3e, 52, a4, be, 9f, ed, 5b, 1f, 21]] } }
[2m2026-09-14T12:52:20.750784Z[0m [31mERROR[0m codec_extension ThreadId(12) [2mzenoh_codec::common::extension[0m[2m:[0m Unknown Test ext: ZExtUnknown { Id: 2, Mandatory: true, Encoding: "ZBuf", Value: ZBuf { slices: [[5e, 34, 39, 1f, 42, 29, 76, 14, e7, 7b, fa, 81]] } }
[2m2026-09-14T12:52:20.750790Z[0m [31mERROR[0m codec_extension ThreadId(12) [2mzenoh_codec::common::extension[0m[2m:[0m Unknown Test ext: ZExtUnknown { Id: 2, Mandatory: true, Encoding: "ZBuf", Value: ZBuf { slices: [[b8, a6, 51, f2, 65, 6b, 1a, 78, d0, 46, e1, 92, 62, 4d, 3f, 4e, 3b, f0, a8, 6a, 2d, c8, ee, 9f, ff, f3, 45, 1d, c5, 19, 37, 89, 4f, c1]] } }
[2m2026-09-14T12:52:20.750812Z[0m [31mERROR[0m codec_extension ThreadId(12) [2mzenoh_codec::common::extension[0m[2m:[0m Unknown Test ext: ZExtUnknown { Id: 2, Mandatory: true, Encoding: "ZBuf", Value: ZBuf { slices: [[ac, 02, ee, 46, cd, fc, 79, 1e, 62, ba, 78, b7, f9, b3, 1d, 01, be, e8, e7, 80, 46, ab, 1f, af, 42, e6, bd, 3f, eb, 5e, 47, cf, 70, ee]] } }
[2m2026-09-14T12:52:20.750820Z[0m [31mERROR[0m codec_extension ThreadId(12) [2mzenoh_codec::common::extension[0m[2m:[0m Unknown Test ext: ZExtUnknown { Id: 2, Mandatory: true, Encoding: "ZBuf", Value: ZBuf { slices: [[fd, 24, d1, fb, fa, 79, 67, c1, b4, 07, c8]] } }
[2m2026-09-14T12:52:20.750842Z[0m [31mERROR[0m codec_extension ThreadId(12) [2mzenoh_codec::common::extension[0m[2m:[0m Unknown Test ext: ZExtUnknown { Id: 2, Mandatory: true, Encoding: "ZBuf", Value: ZBuf { slices: [[7c, 2d, ac, 3a, dd, 8d, 97, d6, de, c6, 20, 58, 3d, 7f, 01, b0, 42, 06, 73, 8c, bb, 7f, 0f, fa, b3, f3, 0d, 71, 1d, aa, 3c, 85, 89, 44, e7, d6, 6d, 36, e1, f6, 4a, 71, c3, 55, 78, 8c, ee, fb, 3f, ba, eb, ca, f5, 0c, 33, 7e, 43]] } }
[2m2026-09-14T12:52:20.750862Z[0m [31mERROR[0m codec_extension ThreadId(12) [2mzenoh_codec::common::extension[0m[2m:[0m Unknown Test ext: ZExtUnknown { Id: 2, Mandatory: true, Encoding: "ZBuf", Value: ZBuf { slices: [[d8, 55, c1, f1, 95, 18, ab, 1f, 52, c5, 60, a3, db, 0c, 03, 4e, a0, c8, a2, 42, c9, a8, e2, 56, 6d, 00, d7, 50, d1, 18, 3d, 33, 8f, cf, 48, 4f, 3c, e4, f6, 87, 7c, dc, c7, 6b, 47, ec, 07, 08, b2, 8b, 24, 34, aa, 32, 40]] } }
[2m2026-09-14T12:52:20.750884Z[0m [31mERROR[0m codec_extension ThreadId(12) [2mzenoh_codec::common::extension[0m[2m:[0m Unknown Test ext: ZExtUnknown { Id: 2, Mandatory: true, Encoding: "ZBuf", Value: ZBuf { slices: [[eb, b3, bd, 80, 33, 81, dc, 7f, ec, 23, 97, 7e, 29, b4, 00, f5, ab, 0f, da, 18, b7, e5, e8, 9f, 29, f9, 29, 53, b2, ac, 74, 91, ac, 8d, fa, f6, 55, 8e, 32, 1e, f5, 5d, 68, d5, 54, ca, 7c, 38, 1f, d5, 3a, b9, a6]] } }
[2m2026-09-14T12:52:20.750908Z[0m [31mERROR[0m codec_extension ThreadId(12) [2mzenoh_codec::common::extension[0m[2m:[0m Unknown Test ext: ZExtUnknown { Id: 2, Mandatory: true, Encoding: "ZBuf", Value: ZBuf { slices: [[56, aa, 73, b6, 55, 0f, 43, e5, 5e, 13, 1d, 5d, 62, 54, 58, c5, 6a, c1, 2e, 0a, d8, 62, 8f, 43, 49, a0, b9, 8f, 20, 5a, f8, 96, 3a, d6, c9, 05, a2, 3f, 05, f9, a1, 72]] } }
[2m2026-09-14T12:52:20.750929Z[0m [31mERROR[0m codec_extension ThreadId(12) [2mzenoh_codec::common::extension[0m[2m:[0m Unknown Test ext: ZExtUnknown { Id: 2, Mandatory: true, Encoding: "ZBuf", Value: ZBuf { slices: [[80, e1, 02, 3e, 4e, 4c, 89, ef, af, d5, 47, a6, b8, 81, cf, 22, 26, 94, ef, b8, 43, e5, bc, 77, 23, 7c, 3c, 4f, 1b, ec, b9, 0d, 22, 58, f4, 9e, 34, fb, c1, 31, e1, 82, b1, db, 4f, 8a, 4e, 58, 67, 40, f9, 0b, ef, 6f, 49, fe, de]] } }
[2m2026-09-14T12:52:20.750935Z[0m [31mERROR[0m codec_extension ThreadId(12) [2mzenoh_codec::common::extension[0m[2m:[0m Unknown Test ext: ZExtUnknown { Id: 2, Mandatory: true, Encoding: "ZBuf", Value: ZBuf { slices: [[00, b6, 04, 71, ab, 57, 7b, 99, 7b, 6a, 07, a3, 68, df, 7d, c1, 79, cd, 7c, 39, 27, d5, fe, cc, 8a]] } }
[2m2026-09-14T12:52:20.750941Z[0m [31mERROR[0m codec_extension ThreadId(12) [2mzenoh_codec::common::extension[0m[2m:[0m Unknown Test ext: ZExtUnknown { Id: 2, Mandatory: true, Encoding: "ZBuf", Value: ZBuf { slices: [[b2, ac, 9f, 61, d2, ed, d1, d1, bb, b2, 43, 23, 61]] } }
[2m2026-09-14T12:52:20.750960Z[0m [31mERROR[0m codec_extension ThreadId(12) [2mzenoh_codec::common::extension[0m[2m:[0m Unknown Test ext: ZExtUnknown { Id: 2, Mandatory: true, Encoding: "ZBuf", Value: ZBuf { slices: [[f6, bd, 84, b3, 0f, 5a, ba, fd, 90, 96, 8d, 41, 92, 5a, bf, de, de, 1f, c7, 7e, bc, aa, 09, b6, 2c, 1c, 90, 24, c5, 6d, be, 01, dd, fd, 5e, 5f, 12, d8, 13, f1, 52, 60]] } }
[2m2026-09-14T12:52:20.750983Z[0m [31mERROR[0m codec_extension ThreadId(12) [2mzenoh_codec::common::extension[0m[2m:[0m Unknown Test ext: ZExtUnknown { Id: 2, Mandatory: true, Encoding: "ZBuf", Value: ZBuf { slices: [[9a, 74, e5, 1e, f7, 7f, d7, ef, 4b, cb, f3, 55, bd, 3b, ca, 77, e8, c0, a0, 2f, 4b, f2, 2a, d4, 92]] } }
[2m2026-09-14T12:52:20.750991Z[0m [31mERROR[0m codec_extension ThreadId(12) [2mzenoh_codec::common::extension[0m[2m:[0m Unknown Test ext: ZExtUnknown { Id: 2, Mandatory: true, Encoding: "ZBuf", Value: ZBuf { slices: [[80, 34, 81, 72, c0, e0, 8f, 1d, 22, d8, 3c, 7e, 13, 14, 68, 1e, 1c, be, 3e, 14, cf, 3b, 2b, 8e, 27, 71, fc, 79, 21, bf, d8, 92, 0a, 4e, 99, 9d, b0, cb, ce, e5, e3, a2, 65, fe, 49, af, 22, e0, 6f, 3e, 82, 0d, 9a, 38, 64, 76, 7e, f3]] } }
[2m2026-09-14T12:52:20.751012Z[0m [31mERROR[0m codec_extension ThreadId(12) [2mzenoh_codec::common::extension[0m[2m:[0m Unknown Test ext: ZExtUnknown { Id: 2, Mandatory: true, Encoding: "ZBuf", Value: ZBuf { slices: [[b5, c8, 86, 33, 1a, 5f, 14, 63, f1, f6, 4c, 71, 56, 0c, a5, f1, 3d, bb, 76, ea, 6f, 64, 16, 71, ff, b1, 5e, 8c]] } }
[2m2026-09-14T12:52:20.751044Z[0m [31mERROR[0m codec_extension ThreadId(12) [2mzenoh_codec::common::extension[0m[2m:[0m Unknown Test ext: ZExtUnknown { Id: 2, Mandatory: true, Encoding: "ZBuf", Value: ZBuf { slices: [[8f, 32, 81, ea, 4f, cc, 0f, 27, ab, 98, d1, f9, f8, dd, 2e, f5, a1, 03, a1, e0, d5, cd, 9d, c4, 2b, 3d, 73, 09, b9, 45, 6a, 89, 4a, cf, 8f, c0, ce, c6, 47, 85]] } }
[2m2026-09-14T12:52:20.751051Z[0m [31mERROR[0m codec_extension ThreadId(12) [2mzenoh_codec::common::extension[0m[2m:[0m Unknown Test ext: ZExtUnknown { Id: 2, Mandatory: true, Encoding: "ZBuf", Value: ZBuf { slices: [[64, d4, 91, 32, f5, eb, 7d, a9, d7, 25, 68, d3, 68, ff, 01, 00, 1f, 83, 7d, ec, e2, 53, 3a, 6d, 47, 02, 44, 42, 03, bb, de, e0, 1f, 67, 2d, bd, 28, e4, 9f, ea, a1]] } }
[2m2026-09-14T12:52:20.751071Z[0m [31mERROR[0m codec_extension ThreadId(12) [2mzenoh_codec::common::extension[0m[2m:[0m Unknown Test ext: ZExtUnknown { Id: 2, Mandatory: true, Encoding: "ZBuf", Value: ZBuf { slices: [[b0, 48, c8, 9a, be, 91, 26, 7b, 55, d6, ee, 7a, c1, 97, 92, 11, d5, e1, 23, 3e, ac, 19, b5, 9e, 15, fc, a2, 86, 54, f3, 19, 7f, 49, b1, 31, f3, c3, f7, 81, 03, fb, cd, 80, 34, 28, eb, 3e, d8, 64, c8, 4c, cf, 93, 62, 1d, 34, 89]] } }
[2m2026-09-14T12:52:20.751092Z[0m [31mERROR[0m codec_extension ThreadId(12) [2mzenoh_codec::common::extension[0m[2m:[0m Unknown Test ext: ZExtUnknown { Id: 2, Mandatory: true, Encoding: "ZBuf", Value: ZBuf { slices: [[80, 0b, 0e, b0, 3d, b6, 82, 43, 98, e8, 1f, 96, 55, 76, b2, fb, da, 98, 9a, 45, c5, da, f5, 1b]] } }
[2m2026-09-14T12:52:20.751097Z[0m [31mERROR[0m codec_extension ThreadId(12) [2mzenoh_codec::common::extension[0m[2m:[0m Unknown Test ext: ZExtUnknown { Id: 2, Mandatory: true, Encoding: "ZBuf", Value: ZBuf { slices: [[fb, 6a, 43, 10, 89, ff, b8, 8e, 64, 55, 0e, 82, 53, f1, 9b, 45, 9e, 21, 00, 04, ae, ba, ce, d1, 0a, 5f, 94, d7, cd, 2b, ea, 7f, 5e, 2e, 2f]] } }
[2m2026-09-14T12:52:20.751120Z[0m [31mERROR[0m codec_extension ThreadId(12) [2mzenoh_codec::common::extension[0m[2m:[0m Unknown Test ext: ZExtUnknown { Id: 2, Mandatory: true, Encoding: "ZBuf", Value: ZBuf { slices: [[e2, e9, dd, 6e, 80, 65, be, db, ff, 0a, 9b, ff, 9c, 0e, cd, a0, 97, 03, 02, 25, 6b, 3c, 42, d1, 36, 79, ef, 22, 13, ed, f1, c8, 90, 3f, af, eb, 70, f0]] } }
[2m2026-09-14T12:52:20.751126Z[0m [31mERROR[0m codec_extension ThreadId(12) [2mzenoh_codec::common::extension[0m[2m:[0m Unknown Test ext: ZExtUnknown { Id: 2, Mandatory: true, Encoding: "ZBuf", Value: ZBuf { slices: [[6f, 48, bb, e1, b3, 36, 85, 50, 9e, bc, a7, f5, ba, b9, 1c, fb, 4d, cd, d5, 6b, aa, 7b, a1]] } }
[2m2026-09-14T12:52:20.751146Z[0m [31mERROR[0m codec_extension ThreadId(12) [2mzenoh_codec::common::extension[0m[2m:[0m Unknown Test ext: ZExtUnknown { Id: 2, Mandatory: true, Encoding: "ZBuf", Value: ZBuf { slices: [[c5, c2, a4, f9, c6, f4, 30, fc, 48, bf, 81, 51, 0b, 1b, 4d, 00, 9a, 2e, 2f, 25, 64, 67, 86, 3b, 00, 0c, 67, c9, 03, 2d, 2d, dc, 5d, 95, ec, 6a, 9a, 17, 95, 63]] } }
[2m2026-09-14T12:52:20.751167Z[0m [31mERROR[0m codec_extension ThreadId(12) [2mzenoh_codec::common::extension[0m[2m:[0m Unknown Test ext: ZExtUnknown { Id: 2, Mandatory: true, Encoding: "ZBuf", Value: ZBuf { slices: [[4c, f7, 97, 7c, 7c, 54, 16, fa, 7d, 63, fa, 7b, e6, d3, 24, 2c, e4, 59, 40, a7, 52, 2f, 68, 12, c3, 60, a1, b7, 38, 3e, 89, 60, 4c, 36, 71, 9e, 32, 2b, d6, ac, d0]] } }
[2m2026-09-14T12:52:20.751173Z[0m [31mERROR[0m codec_extension ThreadId(12) [2mzenoh_codec::common::extension[0m[2m:[0m Unknown Test ext: ZExtUnknown { Id: 2, Mandatory: true, Encoding: "ZBuf", Value: ZBuf { slices: [[37, 78, 5e, 0d, 2f, 79, 0a, fd, 9e, be, 6d, 6c, 0f, 71, f5, 46, ef, 3f, 85, aa, 23, de, 46, fe, 73, 4a, 75, a4, a8, d6, e0, b8, 47, b4, 5d, e0, 11, f8, b8, b4, 3f]] } }
[2m2026-09-14T12:52:20.751193Z[0m [31mERROR[0m codec_extension ThreadId(12) [2mzenoh_codec::common::extension[0m[2m:[0m Unknown Test ext: ZExtUnknown { Id: 2, Mandatory: true, Encoding: "ZBuf", Value: ZBuf { slices: [[75, 94, 48, 73, 31, 30, a7, 7b, 1c, ac, 57, 6c, 29, 54, f6, e6, 78, 4a, 27, f7, 2f, c3, e9, 2f, 78, 9e, 05, a8, eb, d4, 1e]] } }
[2m2026-09-14T12:52:20.751213Z[0m [31mERROR[0m codec_extension ThreadId(12) [2mzenoh_codec::common::extension[0m[2m:[0m Unknown Test ext: ZExtUnknown { Id: 2, Mandatory: true, Encoding: "ZBuf", Value: ZBuf { slices: [[f6, ec, 7f, f2, 6d, d8, d8, 99, 75, 4c, 97, 3b, 50, 3e, 5b, c2, 5c, 28, 9d, 20, 1e, 20, fd, 58, 1d, 83, 75, e4, bf, 31, 50, e8, ff, 00, c7, 43, 64, 5d, ae, cc, 4b, 75, d9, cc, da, 38, 1b, 8c]] } }
[2m2026-09-14T12:52:20.751219Z[0m [31mERROR[0m codec_extension ThreadId(12) [2mzenoh_codec::common::extension[0m[2m:[0m Unknown Test ext: ZExtUnknown { Id: 2, Mandatory: true, Encoding: "ZBuf", Value: ZBuf { slices: [[c3, 51, b7, 1f, 00, 3b, d5, 41, 80, 86, cb, 5c, 06, 1a, e5, c7, f6, d5, cf, d2]] } }
[2m2026-09-14T12:52:20.751224Z[0m [31mERROR[0m codec_extension ThreadId(12) [2mzenoh_codec::common::extension[0m[2m:[0m Unknown Test ext: ZExtUnknown { Id: 2, Mandatory: true, Encoding: "ZBuf", Value: ZBuf { slices: [[5a, 0e, aa, ff, af, 81, a2, 87, ef, fb, 2e, 71, a3, 91, 03, a9, 87, ef, f5, 2c, 72]] } }
[2m2026-09-14T12:52:20.751243Z[0m [31mERROR[0m codec_extension ThreadId(12) [2mzenoh_codec::common::extension[0m[2m:[0m Unknown Test ext: ZExtUnknown { Id: 2, Mandatory: true, Encoding: "ZBuf", Value: ZBuf { slices: [[85, 08, 0e, 6c, f3, f1, 6a, cd, 54, 81, 7e, 72, 6e, e0, 64, fe, 79, a5, de, 6c, 72, 68, b4, e6, 33, e9, 05, 51, e1, fe, 72, 1f, 87, 70, 11, cb, ce, d9, 00, 2d, 59, c9, ba, a4, 26, f1]] } }
[2m2026-09-14T12:52:20.751264Z[0m [31mERROR[0m codec_extension ThreadId(12) [2mzenoh_codec::common::extension[0m[2m:[0m Unknown Test ext: ZExtUnknown { Id: 2, Mandatory: true, Encoding: "ZBuf", Value: ZBuf { slices: [[17, e6, 63, e4, ab, 08, 47, 34, 6a, 98, d5, c7, d5, bd, 22, 6e, 90, e8, 74, 46, 60, 85, 9e, d8, 52, ac, 25, 17, ac, 45, 78, 9b, ed, b3, 71, 57, 42, e5, 09, e8]] } }
[2m2026-09-14T12:52:20.751269Z[0m [31mERROR[0m codec_extension ThreadId(12) [2mzenoh_codec::common::extension[0m[2m:[0m Unknown Test ext: ZExtUnknown { Id: 2, Mandatory: true, Encoding: "ZBuf", Value: ZBuf { slices: [[0d, db, be, f6, 3b, 22, a6, 5b]] } }
[2m2026-09-14T12:52:20.751274Z[0m [31mERROR[0m codec_extension ThreadId(12) [2mzenoh_codec::common::extension[0m[2m:[0m Unknown Test ext: ZExtUnknown { Id: 2, Mandatory: true, Encoding: "ZBuf", Value: ZBuf { slices: [[0b, 45, 10, c9, 21, 5d, 09, d9, 05, 2c, 1b, 15, 51, 10, 00, 4e, 40, 54, 26, 4f, 0c, 78, a9, 89]] } }
[2m2026-09-14T12:52:20.751296Z[0m [31mERROR[0m codec_extension ThreadId(12) [2mzenoh_codec::common::extension[0m[2m:[0m Unknown Test ext: ZExtUnknown { Id: 2, Mandatory: true, Encoding: "ZBuf", Value: ZBuf { slices: [[00, e6, 20, c2, 0e, 67, c2, 26, c1, c7, 7d, a2, fd, 37, fc, e8, 62, cd, 08, fd, 8f, 04, bf, 71, 2f, 03, 5e, 29, c0, 45, 63, d9, 38, 68, 19, 9f, 18, 92]] } }
[2m2026-09-14T12:52:20.751320Z[0m [31mERROR[0m codec_extension ThreadId(12) [2mzenoh_codec::common::extension[0m[2m:[0m Unknown Test ext: ZExtUnknown { Id: 2, Mandatory: true, Encoding: "ZBuf", Value: ZBuf { slices: [[00, ae, 56, 98, 14, 71, b6, e2, d3, ca, 96, 01, 20, 31, 50, 3e, b6, df, 58, 3b, 95, bc, 3c, 74, ff, 1d, ed, 64, 34, 40, 9b, 0c, 9c, 4a, 93, f9, c0, 00, fa, 79, 48, c6]] } }
[2m2026-09-14T12:52:20.751329Z[0m [31mERROR[0m codec_extension ThreadId(12) [2mzenoh_codec::common::extension[0m[2m:[0m Unknown Test ext: ZExtUnknown { Id: 2, Mandatory: true, Encoding: "ZBuf", Value: ZBuf { slices: [[43, 0f, 7d, 85, a9, 4e, 93, 1b, 86, 6b, 53, ec, 69, 27, d6, ec, 45, 5a, ae, 26, 6d, 57, 4b, f4, 32, 61, 9f, d1, 7a, 1f, e3, b1, c8, ef, d3]] } }
[2m2026-09-14T12:52:20.751353Z[0m [31mERROR[0m codec_extension ThreadId(12) [2mzenoh_codec::common::extension[0m[2m:[0m Unknown Test ext: ZExtUnknown { Id: 2, Mandatory: true, Encoding: "ZBuf", Value: ZBuf { slices: [[6c, 6b, 66, 1b, bf, 2f, 98, 42, 7e, 2c, 06, bb, 71, 04, 25, 70, 1c, 81, fb, 70, 30, 60, fb, 7c, 42, f8, c4, 4c, e8, b7, 6e, dc, ba, 4c]] } }
[2m2026-09-14T12:52:20.751364Z[0m [31mERROR[0m codec_extension ThreadId(12) [2mzenoh_codec::common::extension[0m[2m:[0m Unknown Test ext: ZExtUnknown { Id: 2, Mandatory: true, Encoding: "ZBuf", Value: ZBuf { slices: [[52, 98, e2, 77, da, 3c, 17, 71, 87, c1, ec, 5e, 6f, 58, 2e, 8c, 53, e3, 57, 5d]] } }
[2m2026-09-14T12:52:20.751385Z[0m [31mERROR[0m codec_extension ThreadId(12) [2mzenoh_codec::common::extension[0m[2m:[0m Unknown Test ext: ZExtUnknown { Id: 2, Mandatory: true, Encoding: "ZBuf", Value: ZBuf { slices: [[55, 16, 7b, f9, 80, c3, a0, 54, b3, fa, 70, 65, e8, 4c, 8f, e3, 8f, 9a, dd, fd, b0, a6, 4f, b6, 3c, 55, 6d, 1b]] } }
[2m2026-09-14T12:52:20.751407Z[0m [31mERROR[0m codec_extension ThreadId(12) [2mzenoh_codec::common::extension[0m[2m:[0m Unknown Test ext: ZExtUnknown { Id: 2, Mandatory: true, Encoding: "ZBuf", Value: ZBuf { slices: [[f5, d7, 32, 7e, bc, 3f, a9, a0, c8, 59, 2f, 63, 2d, bf, c1, 87, cf, b1, aa, 3d, c6, f3, d9, f7, 4d, ba, 96, 32, 4b, 38, 33, 5a, 54, d3, 3e, 44, fa, 2f, 3c, 0c, 01, cd, 69, 1b, 7e, 51, 2a, e2, cb, 0b, 73, 7d, 98]] } }
[2m2026-09-14T12:52:20.751417Z[0m [31mERROR[0m codec_extension ThreadId(12) [2mzenoh_codec::common::extension[0m[2m:[0m Unknown Test ext: ZExtUnknown { Id: 2, Mandatory: true, Encoding: "ZBuf", Value: ZBuf { slices: [[0b, eb, 20, 66, 8c, 24, 64, 6c, f5, ff, ed, ad, e0, cb, 8f, 89, 5c, 23, 3d, d6, 63, b8, 3f, 6d, ce, eb, 4b, cb, f8, 0e, 5c, eb]] } }
[2m2026-09-14T12:52:20.751440Z[0m [31mERROR[0m codec_extension ThreadId(12) [2mzenoh_codec::common::extension[0m[2m:[0m Unknown Test ext: ZExtUnknown { Id: 2, Mandatory: true, Encoding: "ZBuf", Value: ZBuf { slices: [[b8, 7e, 1d, 6f, fb, 36, bc, 56, 18, 66, 87, 6c, 1e, 7f, ea, 49, 0f, 4f, f9, a4, d7]] } }
[2m2026-09-14T12:52:20.751461Z[0m [31mERROR[0m codec_extension ThreadId(12) [2mzenoh_codec::common::extension[0m[2m:[0m Unknown Test ext: ZExtUnknown { Id: 2, Mandatory: true, Encoding: "ZBuf", Value: ZBuf { slices: [[af, 32, 4e, 6f, f6, 98, ff, e9, d1, 89, 6c, 11, de, 79, 56, 3c, 70, a9, 8b, 7d, c2, b5, 80, c2, e4, a1, 59, eb, f4, 92, 13, eb, 35, c4, 4c, db, 08, 43, 3b, 93, dd, 19, ed, 89, 61, b4, 6c, af, 4b, 09, 58, ec, e5, a7, f5, 8f, 9d, 6a, 95, c2, 12]] } }
[2m2026-09-14T12:52:20.751471Z[0m [31mERROR[0m codec_extension ThreadId(12) [2mzenoh_codec::common::extension[0m[2m:[0m Unknown Test ext: ZExtUnknown { Id: 2, Mandatory: true, Encoding: "ZBuf", Value: ZBuf { slices: [[41, 25, 24, 53, 56, f7, 19, dd]] } }
[2m2026-09-14T12:52:20.751476Z[0m [31mERROR[0m codec_extension ThreadId(12) [2mzenoh_codec::common::extension[0m[2m:[0m Unknown Test ext: ZExtUnknown { Id: 2, Mandatory: true, Encoding: "ZBuf", Value: ZBuf { slices: [[50, 8a, 23, 78, e2, 47, ba, 5e, 91, e2, 92, 4e, 12, a4]] } }
[2m2026-09-14T12:52:20.751485Z[0m [31mERROR[0m codec_extension ThreadId(12) [2mzenoh_codec::common::extension[0m[2m:[0m Unknown Test ext: ZExtUnknown { Id: 2, Mandatory: true, Encoding: "ZBuf", Value: ZBuf { slices: [[07, ad, 79, 07, d7, 44, 10, 55, 8b, 43, 09, 11, aa, 7e, 14, 3d, bd, 85, 59, a7, 2c, 60, 5e, ea]] } }
[2m2026-09-14T12:52:20.751504Z[0m [31mERROR[0m codec_extension ThreadId(12) [2mzenoh_codec::common::extension[0m[2m:[0m Unknown Test ext: ZExtUnknown { Id: 2, Mandatory: true, Encoding: "ZBuf", Value: ZBuf { slices: [[75, 10, 9f, 16, 34, ae, 1f, b8, 26, 6a, 67, 87, 79, d4, 24, 78, 78, f0, 22, 4e, 72, 9f, 98, e6, e9, 7c, d4, 90, d1, b2, d3, 64, 10, b9, 06, c2, da, d3, f0, 8b, e8, 71, 10, 97, 1e, 17, 49, 04, 6a]] } }
[2m2026-09-14T12:52:20.751528Z[0m [31mERROR[0m codec_extension ThreadId(12) [2mzenoh_codec::common::extension[0m[2m:[0m Unknown Test ext: ZExtUnknown { Id: 2, Mandatory: true, Encoding: "ZBuf", Value: ZBuf { slices: [[ea, c3, 94, 28, 14, 02, 6f, 4a, 89, cc, 07, 46, 97, 77, ae, a2, be, 96, fd, cb, 85, cf, 0b, 73, 29, 87, 87, 30, 90, ca, 5a, 60, 8c, 9f, f7, d4, 77, 91, 68, c7, ab, 74, 14, d3, 35, 24, 3f, 05, b6, 7a, 3e, 85, ad, b0, 38, 15, 5c, d0]] } }
[2m2026-09-14T12:52:20.751552Z[0m [31mERROR[0m codec_extension ThreadId(12) [2mzenoh_codec::common::extension[0m[2m:[0m Unknown Test ext: ZExtUnknown { Id: 2, Mandatory: true, Encoding: "ZBuf", Value: ZBuf { slices: [[33, 9c, 90, 48, 7f, bd, b9, 1e, ae, fc, b5, e3, 85, 2d, 50, 3d, d0, 04, 79, b7, 9f, b5, bb]] } }
[2m2026-09-14T12:52:20.751561Z[0m [31mERROR[0m codec_extension ThreadId(12) [2mzenoh_codec::common::extension[0m[2m:[0m Unknown Test ext: ZExtUnknown { Id: 2, Mandatory: true, Encoding: "ZBuf", Value: ZBuf { slices: [[b4, d0, 77, 12, 54, 7b, 97, bb, c2, 9c, 7f, c8, be, 3c, 7e, 57, 3d, 3d, ca, 1f, f3, f3, 30, da, 4b, 8e, 0f, 0b]] } }
[2m2026-09-14T12:52:20.751583Z[0m [31mERROR[0m codec_extension ThreadId(12) [2mzenoh_codec::common::extension[0m[2m:[0m Unknown Test ext: ZExtUnknown { Id: 2, Mandatory: true, Encoding: "ZBuf", Value: ZBuf { slices: [[ef, e4, 7b, 3a, 08, 67, ac, e1, 58, 01, 4f, de, e9, 88, 6e, a0, 94, 27, 11, ee, 7e, ff, 88, 48, a3, 72, 9a, 29, 65, 34, 51, 85, cd, e5, 65, 71, b1, f7, d9, b3, ee, 59, d2]] } }
[2m2026-09-14T12:52:20.751590Z[0m [31mERROR[0m codec_extension ThreadId(12) [2mzenoh_codec::common::extension[0m[2m:[0m Unknown Test ext: ZExtUnknown { Id: 2, Mandatory: true, Encoding: "ZBuf", Value: ZBuf { slices: [[84, 48, 34, f5, 40, 04, 0a, 3e, 2c, f5, e7, 97, 4c, 26, 16, 71, 46, 55, 9e, 5a, ab, d8, 5c, 87, 9a, 9c, 7c]] } }
[2m2026-09-14T12:52:20.751611Z[0m [31mERROR[0m codec_extension ThreadId(12) [2mzenoh_codec::common::extension[0m[2m:[0m Unknown Test ext: ZExtUnknown { Id: 2, Mandatory: true, Encoding: "ZBuf", Value: ZBuf { slices: [[19, b8, 19, 3a, aa, 8e, d1, 0e, 34, ab, 42, 3b, 27, e9, bb, 56, 76, f3, b7, 00, 79, f6, 03, 8d, ae, 97, 3a, b9, c7, 49, 2b, a1, fa, 69, ae, fb, b8, 2a, 57, a2, 75, ff, 96, 92, ac, c0, b7, b1, 89, cc, ba, db, ef, be, f9, 45, 40, 38, 82, 5e]] } }
[2m2026-09-14T12:52:20.751633Z[0m [31mERROR[0m codec_extension ThreadId(12) [2mzenoh_codec::common::extension[0m[2m:[0m Unknown Test ext: ZExtUnknown { Id: 2, Mandatory: true, Encoding: "ZBuf", Value: ZBuf { slices: [[72, 55, 04, a4, af, a3, 9b, 01, a2, b3, 6d, 96, 09, 30, 2d, 28, 5b, c6, a5, 87, 38, d2, b7, 97, 77, ef, 28, 91, 27, dd, 9a, a4, 7b, a8, 11, 20, e2, d7, af, 28]] } }
[2m2026-09-14T12:52:20.751656Z[0m [31mERROR[0m codec_extension ThreadId(12) [2mzenoh_codec::common::extension[0m[2m:[0m Unknown Test ext: ZExtUnknown { Id: 2, Mandatory: true, Encoding: "ZBuf", Value: ZBuf { slices: [[db, 1c, 43, 0f, e0, 17, 07, 2e, c2, 5e, b9, 11, 18, 3e, 94, 42, 1d, b3, 3b, 1c, 92, 69, fb, 46, 1b, 9c, 42, 21, c8, bb, 7a, 4c, 1e, e2, cb, a1, 05, 5c, fe, ea, 92, fd, ac, 8d, c8, a2, 2e, 82, 26, ab, 8d, 7b, 8a, 66, f3, 4d, fa, a6]] } }
[2m2026-09-14T12:52:20.751679Z[0m [31mERROR[0m codec_extension ThreadId(12) [2mzenoh_codec::common::extension[0m[2m:[0m Unknown Test ext: ZExtUnknown { Id: 2, Mandatory: true, Encoding: "ZBuf", Value: ZBuf { slices: [[5d, 13, 5e, 2b, 79, 2e, 97, c1, c4, 29, ac, 04, d2, 3d, b3, 1f, fc, b1, 84, 58, 87, 61, d1, 06, d9, bb, ad, 93, 7b, 3e, 97, 5f, c5, d2, 41, 64, dc, 8c, 21, fa, a5]] } }
[2m2026-09-14T12:52:20.751685Z[0m [31mERROR[0m codec_extension ThreadId(12) [2mzenoh_codec::common::extension[0m[2m:[0m Unknown Test ext: ZExtUnknown { Id: 2, Mandatory: true, Encoding: "ZBuf", Value: ZBuf { slices: [[25, cd, ab, a5, c6, 5b, 8b, b4, 05, f6, 28, 92, b0, 7e, ba, 2d, ac, 55, 0f, 92, 13, e3, 30, 53, fe, 92, 23, b2, 38, 90, b2, a4, 78, 1f, 99, 68, 6a, 3f, 5a, 11, 44, 02, b5, 7c, 94, 36, 9d, aa]] } }
[2m2026-09-14T12:52:20.751711Z[0m [31mERROR[0m codec_extension ThreadId(12) [2mzenoh_codec::common::extension[0m[2m:[0m Unknown Test ext: ZExtUnknown { Id: 2, Mandatory: true, Encoding: "ZBuf", Value: ZBuf { slices: [[e3, 23, 26, b1, 7f, ba, 9a, af, 56, 4b, d4, e1, bf, c8, 81, 4f, 86, 48, e3, 2f, 08, 36, 3c, 1a, b8, ab, 34, fd, bc, 86, 7d, e9, 8a, 75, 1e, 28, 2b, fe, 74, b0, c4, 8a, 39, 8c, a3, 2b, d1, d9, 23, 8f, 22, 7f, 2b, 80, e7, d2, 88, 75, b3, 65, 9a]] } }
[2m2026-09-14T12:52:20.751737Z[0m [31mERROR[0m codec_extension ThreadId(12) [2mzenoh_codec::common::extension[0m[2m:[0m Unknown Test ext: ZExtUnknown { Id: 2, Mandatory: true, Encoding: "ZBuf", Value: ZBuf { slices: [[26, d4, 50, f3, 3a, 2f, 5a, dd, e0, 53, bb, bd, e4, de, 28, 9d, 61, 79, 9a]] } }
[2m2026-09-14T12:52:20.751760Z[0m [31mERROR[0m codec_extension ThreadId(12) [2mzenoh_codec::common::extension[0m[2m:[0m Unknown Test ext: ZExtUnknown { Id: 2, Mandatory: true, Encoding: "ZBuf", Value: ZBuf { slices: [[e8, 0a, 6a, a1, b6, 05, 31, 62, 36, b3, 95, 0d, 19, 55, 7d, 73, 98, 3a, ae, 22, 0d, 09, 76, 29, 6f, b8, 7c, c0, 2c, f2, ef, 01, 41, 56, 51, 40, fa, 59, 0a, 33, 1b, 12, 3a, 47, b4, 2c, cc, 08, 1d, a7, 51, e5, 9f]] } }
[2m2026-09-14T12:52:20.751771Z[0m [31mERROR[0m codec_extension ThreadId(12) [2mzenoh_codec::common::extension[0m[2m:[0m Unknown Test ext: ZExtUnknown { Id: 2, Mandatory: true, Encoding: "ZBuf", Value: ZBuf { slices: [[43, 66, b0, 85, b3, 2a, 52, ea, 32, 15, be, 4c, fb, 5a, 22, d7, 10, e6, 60, 8e, 7e, 69, 31, c5, b7, 3f, 4d, 66, 28, b0, 71, c5, 5c, 3a, 57]] } }
[2m2026-09-14T12:52:20.751793Z[0m [31mERROR[0m codec_extension ThreadId(12) [2mzenoh_codec::common::extension[0m[2m:[0m Unknown Test ext: ZExtUnknown { Id: 2, Mandatory: true, Encoding: "ZBuf", Value: ZBuf { slices: [[aa, b3, fe, f1, 90, 4c, 83, 01, 13, ae, 73, 10, 8e, 51, 75, 38, 2a, b1, 59, 17, 9f, 13, 1a, 36, b9, 0d, 89, 34, 8c, fd, ac, ec, 56, ad, b1, dc, 69, 23, 77]] } }
[2m2026-09-14T12:52:20.751802Z[0m [31mERROR[0m codec_extension ThreadId(12) [2mzenoh_codec::common::extension[0m[2m:[0m Unknown Test ext: ZExtUnknown { Id: 2, Mandatory: true, Encoding: "ZBuf", Value: ZBuf { slices: [[89, a4, 1e, 7c, 48, 31, 12, 30, 4b, 79, 2a, be, 8e, 75, af, 8e, d8, 40, 82, 51, b6, 2b, 71]] } }
[2m2026-09-14T12:52:20.751824Z[0m [31mERROR[0m codec_extension ThreadId(12) [2mzenoh_codec::common::extension[0m[2m:[0m Unknown Test ext: ZExtUnknown { Id: 2, Mandatory: true, Encoding: "ZBuf", Value: ZBuf { slices: [[62, be, f5, bb, 53, 38, 52, 22, 9d, 49, be, 98, 44, 53, e0, 90, d0, 56, aa, 43, ea, 61, 25, 18, 29, c5, 13, fb, 1c, 65, 49, d5, 2b, 48, 05, ad, f4, be, 01, d0, e3, 40, 69, 6f, f2, f9, f1, ba, 09, cc, f2, ba, b2, 27, 02, dd, 64, 9c, 66, 2c]] } }
[2m2026-09-14T12:52:20.751846Z[0m [31mERROR[0m codec_extension ThreadId(12) [2mzenoh_codec::common::extension[0m[2m:[0m Unknown Test ext: ZExtUnknown { Id: 2, Mandatory: true, Encoding: "ZBuf", Value: ZBuf { slices: [[74, 5c, 31, ff, 5e, 45, df, d6, 5a, 69, 18, 4e, eb, 9f, ea, 69, 4d, e9, 2c, b1, 57]] } }
[2m2026-09-14T12:52:20.751870Z[0m [31mERROR[0m codec_extension ThreadId(12) [2mzenoh_codec::common::extension[0m[2m:[0m Unknown Test ext: ZExtUnknown { Id: 2, Mandatory: true, Encoding: "ZBuf", Value: ZBuf { slices: [[a7, b6, 09, a3, 2d, 6d, 1c, c2, 43, 20, f5, 6e, b9, db, e7, 40, 2e, ec, 2b, 2d, 14, 31, c1, 58, c4, cc, b1, b0, b8, c3, 70, cb, d0, f0, 93, 8b, 4f, d4, ea, 27, 09, 6a, f8, 52, 9b, 9f, 2d, a7, 52, 36, 0d, 95, 7a, 71, 73, 48, aa, b3, 57, 55, 7e, 52, e5, 43]] } }
[2m2026-09-14T12:52:20.751880Z[0m [31mERROR[0m codec_extension ThreadId(12) [2mzenoh_codec::common::extension[0m[2m:[0m Unknown Test ext: ZExtUnknown { Id: 2, Mandatory: true, Encoding: "ZBuf", Value: ZBuf { slices: [[3f, 4b, 69, ac, fe, 1e, 01, d5, 62, 2c, 93, 9a, 8a, a7, e4, 17, 60, 06, be, cf, 8b, 26, 53, 98, d2, 4a, e9, da, 96, d9, ac, 57]] } }
[2m2026-09-14T12:52:20.751903Z[0m [31mERROR[0m codec_extension ThreadId(12) [2mzenoh_codec::common::extension[0m[2m:[0m Unknown Test ext: ZExtUnknown { Id: 2, Mandatory: true, Encoding: "ZBuf", Value: ZBuf { slices: [[81, cb, f5, fe, 7a, 5b, 57, 47, 9e, 26, c9, 08, 73, 10, d9, a3, b0, 98, 8a, 56, 0c, 41, 7c, 69, e0, ef, 3f, f1, 26, f7, 24, f5, df, 50]] } }
[2m2026-09-14T12:52:20.751911Z[0m [31mERROR[0m codec_extension ThreadId(12) [2mzenoh_codec::common::extension[0m[2m:[0m Unknown Test ext: ZExtUnknown { Id: 2, Mandatory: true, Encoding: "ZBuf", Value: ZBuf { slices: [[6b, 79, 1a, 44, bd, 23, 3b, 24, aa, d9, ee, d9, 56]] } }
[2m2026-09-14T12:52:20.751916Z[0m [31mERROR[0m codec_extension ThreadId(12) [2mzenoh_codec::common::extension[0m[2m:[0m Unknown Test ext: ZExtUnknown { Id: 2, Mandatory: true, Encoding: "ZBuf", Value: ZBuf { slices: [[f9, db, 19, 4b, d3, 47, f3, 00, 45, 55, 36]] } }
[2m2026-09-14T12:52:20.751934Z[0m [31mERROR[0m codec_extension ThreadId(12) [2mzenoh_codec::common::extension[0m[2m:[0m Unknown Test ext: ZExtUnknown { Id: 2, Mandatory: true, Encoding: "ZBuf", Value: ZBuf { slices: [[9d, 79, e4, 42, ed, ee, 28, e8, 74, 56, ac, 13, 72, e6, 9a, 13, 61, 58, 93, 1d, 19, c2, b5]] } }
[2m2026-09-14T12:52:20.751939Z[0m [31mERROR[0m codec_extension ThreadId(12) [2mzenoh_codec::common::extension[0m[2m:[0m Unknown Test ext: ZExtUnknown { Id: 2, Mandatory: true, Encoding: "ZBuf", Value: ZBuf { slices: [[5e, a6, 01, 3d, bb, d9, 95, 39, cb, 30, 1f, 46, cd, 9e, 0d, 76, 47, 06, 51, 32, 28, 97]] } }
[2m2026-09-14T12:52:20.751958Z[0m [31mERROR[0m codec_extension ThreadId(12) [2mzenoh_codec::common::extension[0m[2m:[0m Unknown Test ext: ZExtUnknown { Id: 2, Mandatory: true, Encoding: "ZBuf", Value: ZBuf { slices: [[be, 32, 60, fc, 34, 77, 24, 86, aa, 87, 4a, d8, 2f, ce, af, 31, 26, b7, 9b, ec, 5a, 4e, 22, ad, 80, b4, 86, 78, cf, 68, 93, 3d, ff, 54, 99]] } }
[2m2026-09-14T12:52:20.751964Z[0m [31mERROR[0m codec_extension ThreadId(12) [2mzenoh_codec::common::extension[0m[2m:[0m Unknown Test ext: ZExtUnknown { Id: 2, Mandatory: true, Encoding: "ZBuf", Value: ZBuf { slices: [[0b, c3, 66, 5a, ba, 86, a9, 5f, 40, 2f, 98, 7d, 4f, 1d, d6, e5, ac, c4, b3, 85, 7c, 7d, 67, f1, 6b, 34, 6a, ce, 05, 07, 5f]] } }
[2m2026-09-14T12:52:20.751983Z[0m [31mERROR[0m codec_extension ThreadId(12) [2mzenoh_codec::common::extension[0m[2m:[0m Unknown Test ext: ZExtUnknown { Id: 2, Mandatory: true, Encoding: "ZBuf", Value: ZBuf { slices: [[7a, 76, ca, b0, 5e, 2c, 25, e9, 5d, d0, 24, e9, 11, 1c, ce, 50, 7e, 77, 0e, 7a, db, c3, c6, 66, dc, 40, 3c, 99, a8, 5c, 43, b6, f9, ed, a0, 4f, 17, 34, 4a, 10, b1, 04, d5, e5, 03, 51, b4, 35, b9, 25, e1, 21, e6, 1f, 8c, db, 2d, 19]] } }
[2m2026-09-14T12:52:20.752004Z[0m [31mERROR[0m codec_extension ThreadId(12) [2mzenoh_codec::common::extension[0m[2m:[0m Unknown Test ext: ZExtUnknown { Id: 2, Mandatory: true, Encoding: "ZBuf", Value: ZBuf { slices: [[96, 8a, c1, 76, 09, 7d, 18, 87, 85, 52, 9e, 11, ef, 8d, 35, 66, 95, 01, b2, ca, cc, 8c, 24]] } }
[2m2026-09-14T12:52:20.752024Z[0m [31mERROR[0m codec_extension ThreadId(12) [2mzenoh_codec::common::extension[0m[2m:[0m Unknown Test ext: ZExtUnknown { Id: 2, Mandatory: true, Encoding: "ZBuf", Value: ZBuf { slices: [[57, 91, a9, 90, fa, db, 17, 2f, 5c, a0, 1c, 44, 47, c8, f5, 61, 94, 34, b4, 60, e6, 9d, e8, b3, 59, fa, 6d, 8f, d8, ea, d6, 3b, 32, fb, ff, 39, 8c, 25, 98, 06, 40, 32, 69, fa, e3, ac]] } }
[2m2026-09-14T12:52:20.752041Z[0m [31mERROR[0m codec_extension ThreadId(12) [2mzenoh_codec::common::extension[0m[2m:[0m Unknown Test ext: ZExtUnknown { Id: 2, Mandatory: true, Encoding: "ZBuf", Value: ZBuf { slices: [[f8, c9, 40, 8a, 0e, 22, b3, 90, 65, 0a, c9, 66, 0e, fe, c3, 24, fe, b3, 43, 3d, f8, d2, d0, 04, 17, 84, e1, 41, 8f, 70, 0a, 90, 45, 92, 8a, 07, c4, c8, a4, 8d, 46, d2, c6, df, 3e, 49, d6, 28]] } }
[2m2026-09-14T12:52:20.752062Z[0m [31mERROR[0m codec_extension ThreadId(12) [2mzenoh_codec::common::extension[0m[2m:[0m Unknown Test ext: ZExtUnknown { Id: 2, Mandatory: true, Encoding: "ZBuf", Value: ZBuf { slices: [[c1, eb, d7, fa, e0, a6, a1, 2f, 68, 72, 2c, d3, ae, f0, e0, 97, e0, 87, d0, 0a, ee, 68, 40, 41, 58]] } }
[2m2026-09-14T12:52:20.752071Z[0m [31mERROR[0m codec_extension ThreadId(12) [2mzenoh_codec::common::extension[0m[2m:[0m Unknown Test ext: ZExtUnknown { Id: 2, Mandatory: true, Encoding: "ZBuf", Value: ZBuf { slices: [[5c, 2d, 43, 94, e4, b9, 20, 54, 6b, d2, ed, f2, a9, 15, c1, e3]] } }
[2m2026-09-14T12:52:20.752092Z[0m [31mERROR[0m codec_extension ThreadId(12) [2mzenoh_codec::common::extension[0m[2m:[0m Unknown Test ext: ZExtUnknown { Id: 2, Mandatory: true, Encoding: "ZBuf", Value: ZBuf { slices: [[cd, 57, 17, 86, f6, bb, fd, c1, 5e, 11, f4, 8a, 60, b2, 2b, 10, 51, 3b, d5, 0b, 16, ca, d3, 10, 4f, 83, d4, fb, db, 8b, a7, 83, 0e, 80, 36, c3]] } }
[2m2026-09-14T12:52:20.752098Z[0m [31mERROR[0m codec_extension ThreadId(12) [2mzenoh_codec::common::extension[0m[2m:[0m Unknown Test ext: ZExtUnknown { Id: 2, Mandatory: true, Encoding: "ZBuf", Value: ZBuf { slices: [[dc, 59, aa, 86, ce, cb, c4, e2, 95, 89, 56, f7, c6, e3, 58, ca, ef, 5b, 3f, 65, 68, 93, 43, 6a, b4, d7, d6, b6, 98, aa, 64, 14, 54, dc, d4, f8, 28, ab]] } }
[2m2026-09-14T12:52:20.752118Z[0m [31mERROR[0m codec_extension ThreadId(12) [2mzenoh_codec::common::extension[0m[2m:[0m Unknown Test ext: ZExtUnknown { Id: 2, Mandatory: true, Encoding: "ZBuf", Value: ZBuf { slices: [[75, d6, 5f, f9, 29, 6c, ea, 0b, 0d, fc, 5d, 8f, 3a, e6, 4a, 68, 2c, a4, f3, 76, c6, 40, 71, 11, b1, 42, 1e, 72, 53, 73, 8d, 65, fb, 52, 99, 46, ba, cb, 0d, 21, a8, 14, 77, 78, 26, 42, 91, 52, cd, 7b, 34, 1a, cb, ca, 44, fe, 52, 0d, cc, 1d]] } }
[2m2026-09-14T12:52:20.752139Z[0m [31mERROR[0m codec_extension ThreadId(12) [2mzenoh_codec::common::extension[0m[2m:[0m Unknown Test ext: ZExtUnknown { Id: 2, Mandatory: true, Encoding: "ZBuf", Value: ZBuf { slices: [[e7, 06, 1e, a9, 9f, c4, 52, a9, 4f, d7, d4, 8e, 6d, 5f, 67, 35, 8f, 65, 72, 59, 4a, 63, cf, 2a, 05, 8b, 7c, b4, e0, 9a, 03]] } }
[2m2026-09-14T12:52:20.752158Z[0m [31mERROR[0m codec_extension ThreadId(12) [2mzenoh_codec::common::extension[0m[2m:[0m Unknown Test ext: ZExtUnknown { Id: 2, Mandatory: true, Encoding: "ZBuf", Value: ZBuf { slices: [[9b, 49, 8a, 63, 5a, 8a, f2, cf, 9d, a6, f1, f3, f9, cb, c4, bc, 18, 75, bd, be, 41, e0, 88, de, ce, da, d7, 63, b7, a7, 05, 23, 07, bc, b1, 41, 02, a1, 83, 98, 5b, bc, c4, 97, 12, 1f, 67, 1a, da, 4f, d5, 70, f5, a2, 57]] } }
[2m2026-09-14T12:52:20.752178Z[0m [31mERROR[0m codec_extension ThreadId(12) [2mzenoh_codec::common::extension[0m[2m:[0m Unknown Test ext: ZExtUnknown { Id: 2, Mandatory: true, Encoding: "ZBuf", Value: ZBuf { slices: [[98, ff, 0c, 50, 95, 50, 7d, 64, 1b, 64, fd, ec, 68, 0f, 65, c2, 0f, 6f, 0a, 41, 50, a8, ee, d6, df, 20, aa, 90, 1c, f6, b8, cf, 0d, 80, a5, 2c, cd, 6b, 51, fb, 63, 6b, b5, 9d, 5b, 8d, 4b, eb, 54, 61, 45, bf, 6b, d4, b0, 28, 22, cd, b9, 4a]] } }
[2m2026-09-14T12:52:20.752185Z[0m [31mERROR[0m codec_extension ThreadId(12) [2mzenoh_codec::common::extension[0m[2m:[0m Unknown Test ext: ZExtUnknown { Id: 2, Mandatory: true, Encoding: "ZBuf", Value: ZBuf { slices: [[fc, 61, 55, 8e, 57, 45, f9, 0d, b2, c8, d8, e4]] } }
[2m2026-09-14T12:52:20.752203Z[0m [31mERROR[0m codec_extension ThreadId(12) [2mzenoh_codec::common::extension[0m[2m:[0m Unknown Test ext: ZExtUnknown { Id: 2, Mandatory: true, Encoding: "ZBuf", Value: ZBuf { slices: [[0a, 59, 9d, b4, 49, ab, 94, 68, 60, aa, e3, 41, 0e, 7a, e0, 17, b4, 32, 83, 54, 13, f6, 7f, 62, 7b, 21, 04, bf, b2, 0d, 84, bc, 1e, f0, b0, 34, 0f, c9, 63]] } }
[2m2026-09-14T12:52:20.752224Z[0m [31mERROR[0m codec_extension ThreadId(12) [2mzenoh_codec::common::extension[0m[2m:[0m Unknown Test ext: ZExtUnknown { Id: 2, Mandatory: true, Encoding: "ZBuf", Value: ZBuf { slices: [[6a, b0, 4b, 54, ab, 0c, 30, 56, 54, cc, a1, ff, bc, e6, c7, b9, 65, ac, 56, 50, c1, f9, 9f, cb, 24, a4, a7, 50, 60, 95, ad, 44, 91, 5c, 8a, f9, 03, 0d, 5b, 1e, b3, 08, b7, 65, b8, 18, 61, 3d, 0d, 21, 94, b1, 45, ed, ee, 3d, 23, fd, 29, ad, 98, 8b, 12]] } }
[2m2026-09-14T12:52:20.752232Z[0m [31mERROR[0m codec_extension ThreadId(12) [2mzenoh_codec::common::extension[0m[2m:[0m Unknown Test ext: ZExtUnknown { Id: 2, Mandatory: true, Encoding: "ZBuf", Value: ZBuf { slices: [[85, 84, ea, 00, b5, e6, 74, 61, a4, 32, 15, 97, 47, 37, 12, 06, f8, 20, b8, db, d9, 2e, 5d, 6b, b6, 5b, ca, 9d, e8, 9f, cd]] } }
[2m2026-09-14T12:52:20.752237Z[0m [31mERROR[0m codec_extension ThreadId(12) [2mzenoh_codec::common::extension[0m[2m:[0m Unknown Test ext: ZExtUnknown { Id: 2, Mandatory: true, Encoding: "ZBuf", Value: ZBuf { slices: [[47, 31, 5e, 06, 41, ce, 95, e9, a5, d9, fe]] } }
[2m2026-09-14T12:52:20.752255Z[0m [31mERROR[0m codec_extension ThreadId(12) [2mzenoh_codec::common::extension[0m[2m:[0m Unknown Test ext: ZExtUnknown { Id: 2, Mandatory: true, Encoding: "ZBuf", Value: ZBuf { slices: [[dc, 21, 59, f9, b8, 42, dd, 56, c2, a0, c6, b7, bc, d1, 64, 3a, 3f, 97, c8, b5, de, f2, 21, 81, fb, 19, e8, ab, 1d, 04, 44, 03, 02, e3, fc, b6, 3f, ab, 20, 6e, 62, 91, b6, 5c, d1, e8, 28, 02, 53, 48, a1, 88, 0b, 1d, 1e, 4f, 65, 37, 2d]] } }
[2m2026-09-14T12:52:20.752276Z[0m [31mERROR[0m codec_extension ThreadId(12) [2mzenoh_codec::common::extension[0m[2m:[0m Unknown Test ext: ZExtUnknown { Id: 2, Mandatory: true, Encoding: "ZBuf", Value: ZBuf { slices: [[5e, c5, 63, eb, 01, a8, e7, 71, 3f, 26]] } }
[2m2026-09-14T12:52:20.752294Z[0m [31mERROR[0m codec_extension ThreadId(12) [2mzenoh_codec::common::extension[0m[2m:[0m Unknown Test ext: ZExtUnknown { Id: 2, Mandatory: true, Encoding: "ZBuf", Value: ZBuf { slices: [[be, 83, 4d, 97, 93, df, c3, 68, ed, af, b1, f1, 1d, 91, b9, 56, 56, 96, 63, 57, e5, 15, 77, cc, 47, 45, a6, 0f, c8, 30, b2, 84, 13, d1, 95, 14, 28, 93, 3e, 19, 7d, 10, 8b, 6f, 60, e7, 5d, 4c, 30, 32, ac, 01, 26, de, 37, fd, 10, c4]] } }
[2m2026-09-14T12:52:20.752301Z[0m [31mERROR[0m codec_extension ThreadId(12) [2mzenoh_codec::common::extension[0m[2m:[0m Unknown Test ext: ZExtUnknown { Id: 2, Mandatory: true, Encoding: "ZBuf", Value: ZBuf { slices: [[0a, f7, 62, 0e, da, 59, 33, 40, 9c, e7, 7c, d3, 3b, 38, 47, 30, be, d4, fa, 45, b8, 07, cd, 2f, a3, 3c, 2f, b5]] } }
[2m2026-09-14T12:52:20.752320Z[0m [31mERROR[0m codec_extension ThreadId(12) [2mzenoh_codec::common::extension[0m[2m:[0m Unknown Test ext: ZExtUnknown { Id: 2, Mandatory: true, Encoding: "ZBuf", Value: ZBuf { slices: [[15, ea, 4a, 0f, 62, db, 6a, 95, 95, 06, 0e, e5, 92, f6, c7, e0, 48, e3, 70, c0, 3d, cd, 7b, 78, 15, 97, 55]] } }
[2m2026-09-14T12:52:20.752326Z[0m [31mERROR[0m codec_extension ThreadId(12) [2mzenoh_codec::common::extension[0m[2m:[0m Unknown Test ext: ZExtUnknown { Id: 2, Mandatory: true, Encoding: "ZBuf", Value: ZBuf { slices: [[35, 5b, 3e, fc, 70, 5e, 36, e0, 38, 06, 70, 47, 20, 94, b5, db, 49, 1a, 5d, 60, 1a, 60, 8d, fa, 22, 3c, 24, b1, 7f, 1a, c9, b2]] } }
[2m2026-09-14T12:52:20.752345Z[0m [31mERROR[0m codec_extension ThreadId(12) [2mzenoh_codec::common::extension[0m[2m:[0m Unknown Test ext: ZExtUnknown { Id: 2, Mandatory: true, Encoding: "ZBuf", Value: ZBuf { slices: [[0f, 00, b3, b1, 9e, 35, 80, 6a, ce, b8, c6, a0, 4f, 8f, b6, 12, bb, ce, ff, 1a, 94, 6c, 0e, a8, 35, 50, 60, be, 53, 03, 86, 6b, 8e, 51, 7d, f9, f7, ea, 53, 67, ff, ad, 38, d5, 0a, 32, d0, 88, 6f, 2c, 47, 9c, 37]] } }
[2m2026-09-14T12:52:20.752372Z[0m [31mERROR[0m codec_extension ThreadId(12) [2mzenoh_codec::common::extension[0m[2m:[0m Unknown Test ext: ZExtUnknown { Id: 2, Mandatory: true, Encoding: "ZBuf", Value: ZBuf { slices: [[82, 06, 39, 68, 63, da, a2, 54, 0d, e7, e9, f0, fb, bf, 77, 0a, d1, 86, 52, 48, e2, 77, 4a, a9, 27, bb, f4, be, a3, 48, 12, 02, 4a, 54, 63, a2, b8, b5, b0, 34, a7, 51, e6, 7f, 13, c8, 40, e6, 6c, c4, f7, d8, 59, 1e, 07]] } }
[2m2026-09-14T12:52:20.752392Z[0m [31mERROR[0m codec_extension ThreadId(12) [2mzenoh_codec::common::extension[0m[2m:[0m Unknown Test ext: ZExtUnknown { Id: 2, Mandatory: true, Encoding: "ZBuf", Value: ZBuf { slices: [[2e, 61, a0, 39, 95, e0, 31, 4a, 6c, dd, 17, a2, e3, 33, 47, 39, 09, eb, da, 74, f6, bd, 75, 94, 83, 4d, 0d, 2d, fc, 45, e9, 38, 0a, ce, 03, ba, 6d, bb, eb, 17, 36, ea, 36, 0d, 01, c9, f3, d6, ff, 71, c5, 1b]] } }
[2m2026-09-14T12:52:20.752399Z[0m [31mERROR[0m codec_extension ThreadId(12) [2mzenoh_codec::common::extension[0m[2m:[0m Unknown Test ext: ZExtUnknown { Id: 2, Mandatory: true, Encoding: "ZBuf", Value: ZBuf { slices: [[f6, d1, 1b, e9, 27, 17, 2d, e2, 2a, 42, 7d]] } }
[2m2026-09-14T12:52:20.752418Z[0m [31mERROR[0m codec_extension ThreadId(12) [2mzenoh_codec::common::extension[0m[2m:[0m Unknown Test ext: ZExtUnknown { Id: 2, Mandatory: true, Encoding: "ZBuf", Value: ZBuf { slices: [[23, 44, 11, a0, 78, 06, c5, 36, d9, d5, ef, ba, d2, 85, bb, 85, 13, 43, d3, f4, 7b, 2e, 49, c6, 95, 4b, b0, 9c, 2a, 84, 4f, e9, 50, 77, d0, db, 94, a0, 0a, 6b, 24, c5, c3, 80, f5, 62, c7, 20, 30, 00, 2b, 5a, 6a, 4d, 6f, 0d, 79]] } }
[2m2026-09-14T12:52:20.752424Z[0m [31mERROR[0m codec_extension ThreadId(12) [2mzenoh_codec::common::extension[0m[2m:[0m Unknown Test ext: ZExtUnknown { Id: 2, Mandatory: true, Encoding: "ZBuf", Value: ZBuf { slices: [[0d, 88, 17, cd, 8b, 65, c7, 97, b3, d1, 86, 72, be, 6e, 55, 35, 1d, 8a, 19, c6]] } }
[2m2026-09-14T12:52:20.752443Z[0m [31mERROR[0m codec_extension ThreadId(12) [2mzenoh_codec::common::extension[0m[2m:[0m Unknown Test ext: ZExtUnknown { Id: 2, Mandatory: true, Encoding: "ZBuf", Value: ZBuf { slices: [[d1, 53, f3, 53, 08, 14, 82, fc, 61, 49, e6, 35, 8e, ba, 5c, 97, bc, 7d, 7d]] } }
[2m2026-09-14T12:52:20.752447Z[0m [31mERROR[0m codec_extension ThreadId(12) [2mzenoh_codec::common::extension[0m[2m:[0m Unknown Test ext: ZExtUnknown { Id: 2, Mandatory: true, Encoding: "ZBuf", Value: ZBuf { slices: [[3f, 9d, f5, 47, d0, d3, 3b, 87, 85, fc, 35]] } }
[2m2026-09-14T12:52:20.752466Z[0m [31mERROR[0m codec_extension ThreadId(12) [2mzenoh_codec::common::extension[0m[2m:[0m Unknown Test ext: ZExtUnknown { Id: 2, Mandatory: true, Encoding: "ZBuf", Value: ZBuf { slices: [[c7, 6d, 13, 1d, de, 4a, 86, c6, 4d, d1, 2f, 2b, 66, 2f, 32, ff, a7, ed, aa, 99, 0a, d6, 70, 0e, 8e, 53, 45, a6, 9b, 83, e4, 83, 41, c5, 59, f7, 95, b5, 9b, 19, db, c3, 6d, 7e, be, 49, d5, fb, 0e, a3, 84, aa]] } }
[2m2026-09-14T12:52:20.752472Z[0m [31mERROR[0m codec_extension ThreadId(12) [2mzenoh_codec::common::extension[0m[2m:[0m Unknown Test ext: ZExtUnknown { Id: 2, Mandatory: true, Encoding: "ZBuf", Value: ZBuf { slices: [[a9, 5d, 61, d5, e2, 0d, 99, 8b, a4, bd, de, 9a, 2a, b6, c9, 9e]] } }
[2m2026-09-14T12:52:20.752477Z[0m [31mERROR[0m codec_extension ThreadId(12) [2mzenoh_codec::common::extension[0m[2m:[0m Unknown Test ext: ZExtUnknown { Id: 2, Mandatory: true, Encoding: "ZBuf", Value: ZBuf { slices: [[04, f0, 42, da, d9, 78, 7b, fc, 36, 7c, e4, 68, 53, 10, 45]] } }
[2m2026-09-14T12:52:20.752495Z[0m [31mERROR[0m codec_extension ThreadId(12) [2mzenoh_codec::common::extension[0m[2m:[0m Unknown Test ext: ZExtUnknown { Id: 2, Mandatory: true, Encoding: "ZBuf", Value: ZBuf { slices: [[2b, d4, 2b, 53, 09, 5e, b2, 1b, a4, 13, 0e, 5b, e2, ee, 75]] } }
[2m2026-09-14T12:52:20.752500Z[0m [31mERROR[0m codec_extension ThreadId(12) [2mzenoh_codec::common::extension[0m[2m:[0m Unknown Test ext: ZExtUnknown { Id: 2, Mandatory: true, Encoding: "ZBuf", Value: ZBuf { slices: [[e0, 21, a8, fa, 5e, cb, e6, 30, 0a, bf, fa, a2, 2f, 54, 51, 5e, 86, 57, f4, 7e, 71, be, 56, 30, 93, 07, 3b, ca, 20, 36, 8f, 82, 66, 03, bc, c2, b4, e9, 1d, 60, a0, 4b, d3, 4e, 84, 50, 3c, 33, 08]] } }
[2m2026-09-14T12:52:20.752521Z[0m [31mERROR[0m codec_extension ThreadId(12) [2mzenoh_codec::common::extension[0m[2m:[0m Unknown Test ext: ZExtUnknown { Id: 2, Mandatory: true, Encoding: "ZBuf", Value: ZBuf { slices: [[4a, a0, 4f, da, e3, c8, 82, 5e, 8f, d3, c0, 7e, 03, af, d9, ae, c4, bb, b0, c2, d4, 9c, 16]] } }
[2m2026-09-14T12:52:20.752540Z[0m [31mERROR[0m codec_extension ThreadId(12) [2mzenoh_codec::common::extension[0m[2m:[0m Unknown Test ext: ZExtUnknown { Id: 2, Mandatory: true, Encoding: "ZBuf", Value: ZBuf { slices: [[9d, 49, 44, f0, b3, b9, 9c, 4a, ec, ed, c3, 32, 05, 63, f6, 3a, 0c, 16, 6e, 18, 56, 46, 1c, 3f, e8, 39, e5, 29, de, 4d, 4b, 40, 53, 31, 37, b8, b7, 2f, 4b, 35, 59, 81, ca]] } }
[2m2026-09-14T12:52:20.752546Z[0m [31mERROR[0m codec_extension ThreadId(12) [2mzenoh_codec::common::extension[0m[2m:[0m Unknown Test ext: ZExtUnknown { Id: 2, Mandatory: true, Encoding: "ZBuf", Value: ZBuf { slices: [[21, 8c, 6b, 62, 55, ef, d5, c0, 3d, 92, 45, 32]] } }
[2m2026-09-14T12:52:20.752551Z[0m [31mERROR[0m codec_extension ThreadId(12) [2mzenoh_codec::common::extension[0m[2m:[0m Unknown Test ext: ZExtUnknown { Id: 2, Mandatory: true, Encoding: "ZBuf", Value: ZBuf { slices: [[1c, 72, eb, 23, 04, 38, 12, 2a, d0, 97, c9, dd, 18, 19, 57, 20, a8, 9c, ca, 21, c0, f0, 86, ae, 77, 41, b0, c9, f3, b1, 71]] } }
[2m2026-09-14T12:52:20.752569Z[0m [31mERROR[0m codec_extension ThreadId(12) [2mzenoh_codec::common::extension[0m[2m:[0m Unknown Test ext: ZExtUnknown { Id: 2, Mandatory: true, Encoding: "ZBuf", Value: ZBuf { slices: [[b4, 2a, 1f, 3c, 5b, bd, 8c, 24, ee, 50, 0c, 03, 72]] } }
[2m2026-09-14T12:52:20.752574Z[0m [31mERROR[0m codec_extension ThreadId(12) [2mzenoh_codec::common::extension[0m[2m:[0m Unknown Test ext: ZExtUnknown { Id: 2, Mandatory: true, Encoding: "ZBuf", Value: ZBuf { slices: [[8f, 0d, 73, 61, 08, af, 38, 0a, 13, 2a, fb, 13, 97, cc, 89, c2, 9d, 1f, 55, 8f, 05, 23, e6, 6e, 98, 3d, 34, f1, 5f, 95, 03, ad, 7d, 6b, 35, a0, 65, 95, af, 28, 21]] } }
[2m2026-09-14T12:52:20.752593Z[0m [31mERROR[0m codec_extension ThreadId(12) [2mzenoh_codec::common::extension[0m[2m:[0m Unknown Test ext: ZExtUnknown { Id: 2, Mandatory: true, Encoding: "ZBuf", Value: ZBuf { slices: [[66, 41, a5, f8, b0, 41, 5d, 7e, 94, 78, b6, f7, af, a6, f2, c1, 38, b5, 0b, d5, ba, 9e, 61, 1d, af, d0, 06]] } }
[2m2026-09-14T12:52:20.752598Z[0m [31mERROR[0m codec_extension ThreadId(12) [2mzenoh_codec::common::extension[0m[2m:[0m Unknown Test ext: ZExtUnknown { Id: 2, Mandatory: true, Encoding: "ZBuf", Value: ZBuf { slices: [[ae, b7, ce, 48, 6e, 78, 8c, df, c4, 93, af, 81, d8, d1, 04, 1c, d7, ad, c3, 01, 41, bf, 8e, 5b, f1, 2c, a3, bd, 7d, b3, 87, 1c, bc, 30, 4b, bd, b5, d3, be, a0]] } }
[2m2026-09-14T12:52:20.752618Z[0m [31mERROR[0m codec_extension ThreadId(12) [2mzenoh_codec::common::extension[0m[2m:[0m Unknown Test ext: ZExtUnknown { Id: 2, Mandatory: true, Encoding: "ZBuf", Value: ZBuf { slices: [[3f, 11, 0f, cd, 3f, a7, 6d, 5d, 7c, 72, b2, 15, 3e, 49, 29, 01, 81, 86, fa, 11, 7b, a8, 1b, 46, dd, ad, d8, ae, d6, 4d, 3d, 64, 41, 32, 67, 07, e7, 76, 3d, 15, 2a, c7, 56, d0, 12, 1b, 12]] } }
[2m2026-09-14T12:52:20.752638Z[0m [31mERROR[0m codec_extension ThreadId(12) [2mzenoh_codec::common::extension[0m[2m:[0m Unknown Test ext: ZExtUnknown { Id: 2, Mandatory: true, Encoding: "ZBuf", Value: ZBuf { slices: [[ca, ca, 08, 2f, 77, 15, 53, 88, 5d, e7, 66, a0, 6d, 14, 57, be, 5b, 3e, be, 65, 4f, 7e, 9d, b4]] } }
[2m2026-09-14T12:52:20.752643Z[0m [31mERROR[0m codec_extension ThreadId(12) [2mzenoh_codec::common::extension[0m[2m:[0m Unknown Test ext: ZExtUnknown { Id: 2, Mandatory: true, Encoding: "ZBuf", Value: ZBuf { slices: [[5a, e7, ab, 55, f9, 86, 01, ef, 4e, 07, 60, 94, b2, e7, d6, cb, 43, 57, ef, d7, cb, 5c, 4d, 9f, 73, 27, 91, 3e, d5, c4, 7e, 4c, 0e, 1b, da, 06, 7f]] } }
[2m2026-09-14T12:52:20.752662Z[0m [31mERROR[0m codec_extension ThreadId(12) [2mzenoh_codec::common::extension[0m[2m:[0m Unknown Test ext: ZExtUnknown { Id: 2, Mandatory: true, Encoding: "ZBuf", Value: ZBuf { slices: [[ae, e8, 1a, 1e, 79, 80, 7f, 5b, 02, f5, 2b, 7b, 4e, 90, 0b, 25, 8e, 80, 61, a4, 7a, 75, c1, 08, 7e]] } }
[2m2026-09-14T12:52:20.752672Z[0m [31mERROR[0m codec_extension ThreadId(12) [2mzenoh_codec::common::extension[0m[2m:[0m Unknown Test ext: ZExtUnknown { Id: 2, Mandatory: true, Encoding: "ZBuf", Value: ZBuf { slices: [[e9, fa, 56, 54, 54, 39, 8b, d1, 62, ad, 73, fc, a0, 79, 78, 8d, a6, 50]] } }
[2m2026-09-14T12:52:20.752677Z[0m [31mERROR[0m codec_extension ThreadId(12) [2mzenoh_codec::common::extension[0m[2m:[0m Unknown Test ext: ZExtUnknown { Id: 2, Mandatory: true, Encoding: "ZBuf", Value: ZBuf { slices: [[e1, df, ac, 4b, 2c, 32, e5, 83, 16, 64, 8d, 44, a4, be, 94, 62, 46, 58, 8c, 3f, 5a, 22, 36, d4, c6, 38]] } }
[2m2026-09-14T12:52:20.752696Z[0m [31mERROR[0m codec_extension ThreadId(12) [2mzenoh_codec::common::extension[0m[2m:[0m Unknown Test ext: ZExtUnknown { Id: 2, Mandatory: true, Encoding: "ZBuf", Value: ZBuf { slices: [[0f, 68, d4, bf, 32, ab, 66, 06, 42, a7, 4b, 71, dc, d1, d1, 5e, 38, 4e, ff, c9, 58, 82, 62, 8b, 6e, 46, 1a, e2, 17, 2e, 7d, 79, 08, c6, 2b, 67, 19, f4, ea, 6e, b1, a2, bb, 08, c9, 27, 02, 55, a1]] } }
[2m2026-09-14T12:52:20.752716Z[0m [31mERROR[0m codec_extension ThreadId(12) [2mzenoh_codec::common::extension[0m[2m:[0m Unknown Test ext: ZExtUnknown { Id: 2, Mandatory: true, Encoding: "ZBuf", Value: ZBuf { slices: [[1a, 4d, 66, 9a, 6e, 48, 46, 68, fc, 8d, fc]] } }
[2m2026-09-14T12:52:20.752720Z[0m [31mERROR[0m codec_extension ThreadId(12) [2mzenoh_codec::common::extension[0m[2m:[0m Unknown Test ext: ZExtUnknown { Id: 2, Mandatory: true, Encoding: "ZBuf", Value: ZBuf { slices: [[f9, ca, 83, c4, 63, 36, 86, 6a, 60, ad, 9f, 2d, e9, 11, 33, 3a, a5, 13, b2, 36, 33, ff, f1, f8, 3a, 90, fd, 70, 2b, df, a0, ab, e0, 66, 32]] } }
[2m2026-09-14T12:52:20.752740Z[0m [31mERROR[0m codec_extension ThreadId(12) [2mzenoh_codec::common::extension[0m[2m:[0m Unknown Test ext: ZExtUnknown { Id: 2, Mandatory: true, Encoding: "ZBuf", Value: ZBuf { slices: [[4e, ce, ea, 12, 02, d5, 68, f2, 69, b9, 67, 0d, 84, d8, fa, eb, 5b, 96, c5, d5, 68, 5d, a8, 31, 5f, 2c, 27, 3d, cf, 81, e1, 25, f8, fa, 08, 02, ca, e0, a5]] } }
[2m2026-09-14T12:52:20.752746Z[0m [31mERROR[0m codec_extension ThreadId(12) [2mzenoh_codec::common::extension[0m[2m:[0m Unknown Test ext: ZExtUnknown { Id: 2, Mandatory: true, Encoding: "ZBuf", Value: ZBuf { slices: [[c5, 5e, b1, 13, a0, 38, f3, b3, a4, 3b, 3c, 52, c4, ef]] } }
[2m2026-09-14T12:52:20.752764Z[0m [31mERROR[0m codec_extension ThreadId(12) [2mzenoh_codec::common::extension[0m[2m:[0m Unknown Test ext: ZExtUnknown { Id: 2, Mandatory: true, Encoding: "ZBuf", Value: ZBuf { slices: [[7d, b2, 8c, 0c, cd, 8a, 5d, eb, 31, 99, fa, 2a, 8e, 2f, e5, 17, 0d, 9b, d1, 63, 6b, e5, 12, 76, e2, 65, 4e, e1, c3]] } }
[2m2026-09-14T12:52:20.752769Z[0m [31mERROR[0m codec_extension ThreadId(12) [2mzenoh_codec::common::extension[0m[2m:[0m Unknown Test ext: ZExtUnknown { Id: 2, Mandatory: true, Encoding: "ZBuf", Value: ZBuf { slices: [[53, 99, 6a, 13, ef, 9a, a6, 02, 5f, 0c, 7e, 99, af, 6a, e2, 5c]] } }
[2m2026-09-14T12:52:20.752774Z[0m [31mERROR[0m codec_extension ThreadId(12) [2mzenoh_codec::common::extension[0m[2m:[0m Unknown Test ext: ZExtUnknown { Id: 2, Mandatory: true, Encoding: "ZBuf", Value: ZBuf { slices: [[b8, 75, 15, 33, 6c, c2, ad, 10, fc, 74, 21, 50, 27, 93, 92, d8]] } }
[2m2026-09-14T12:52:20.752792Z[0m [31mERROR[0m codec_extension ThreadId(12) [2mzenoh_codec::common::extension[0m[2m:[0m Unknown Test ext: ZExtUnknown { Id: 2, Mandatory: true, Encoding: "ZBuf", Value: ZBuf { slices: [[a1, c4, 24, d1, 89, cc, 56, 99, fe, d9, e4, 7e, cb, 6a, 97, be, b9, 53, 12, 8c, 88, 3e, de, fd, c4, 35, ab, 72, 82, bc, 36, 7c, 54]] } }
[2m2026-09-14T12:52:20.752811Z[0m [31mERROR[0m codec_extension ThreadId(12) [2mzenoh_codec::common::extension[0m[2m:[0m Unknown Test ext: ZExtUnknown { Id: 2, Mandatory: true, Encoding: "ZBuf", Value: ZBuf { slices: [[e9, 25, ce, 73, ab, 76, 91, ab, 17, dd, 21, 02, 9c, 0d, 29, 59, 97, 63, 0d, 3a, b5, fe, 85, d0, e6, 52, cd, 65, b4, de, f1, 79, a6, 3e, e9, 37, 64, 7e, cb, 89, 8c, 8f, 65, 10, 06, 87, e7, eb, 0b, b1, 67, 01]] } }
[2m2026-09-14T12:52:20.752818Z[0m [31mERROR[0m codec_extension ThreadId(12) [2mzenoh_codec::common::extension[0m[2m:[0m Unknown Test ext: ZExtUnknown { Id: 2, Mandatory: true, Encoding: "ZBuf", Value: ZBuf { slices: [[07, e2, c7, 56, a6, ae, cc, e1, 07, 7b, b9, 4e, 68, dc, fe, fa, 3f, b4, 68, 0c, 16, 54, 44, 86, 05, c3, 16, 19, 20, 66]] } }
[2m2026-09-14T12:52:20.752837Z[0m [31mERROR[0m codec_extension ThreadId(12) [2mzenoh_codec::common::extension[0m[2m:[0m Unknown Test ext: ZExtUnknown { Id: 2, Mandatory: true, Encoding: "ZBuf", Value: ZBuf { slices: [[82, e4, 49, 4f, 89, ea, a1, d1, 54, 5c, a4, c8, d1, 14, af, 10, eb, a1, 2b, 92, d1, 81, e2, 44, 8f, a2, 95, ac, ca, 87, 28, be, a1, f6, 34, 89, e2, 60, 15, 7d, 33, 34, cc, 11, 3c]] } }
[2m2026-09-14T12:52:20.752858Z[0m [31mERROR[0m codec_extension ThreadId(12) [2mzenoh_codec::common::extension[0m[2m:[0m Unknown Test ext: ZExtUnknown { Id: 2, Mandatory: true, Encoding: "ZBuf", Value: ZBuf { slices: [[d9, 37, d2, c0, fb, 91, df, 4e, 69, 8f, 79, b1, 87, cc, 68, 29, 0d, 8d, 3f, e7, 28, 97, 77, 16, 43, 7f, d0, d8, 27, c0, 7b, 3c, 4f, dd, 0a, 03, a0, 9f, c3, 0e, 82, 1e, 4a, c0, 9c, ce, 4a, ab, e6]] } }
[2m2026-09-14T12:52:20.755958Z[0m [31mERROR[0m codec_extension ThreadId(12) [2mzenoh_codec::common::extension[0m[2m:[0m Unknown Test ext: ZExtUnknown { Id: 4, Mandatory: true, Encoding: "Unit" }
[2m2026-09-14T12:52:20.755994Z[0m [31mERROR[0m codec_extension ThreadId(12) [2mzenoh_codec::common::extension[0m[2m:[0m Unknown Test ext: ZExtUnknown { Id: 9, Mandatory: true, Encoding: "ZBuf", Value: ZBuf { slices: [[fa, e8, 3d, 43, a3, 17, b9, a9, 8f, 42, 57, 6b, e8, 2b, 2d, 8f, 19, 47, 7c, 4c, ad, 61, ac, e6, 77, bb, e0, a7, f9, bc, c7, 14, e2, 23, 0e, c2, 7a, f6]] } }
[2m2026-09-14T12:52:20.756017Z[0m [31mERROR[0m codec_extension ThreadId(12) [2mzenoh_codec::common::extension[0m[2m:[0m Unknown Test ext: ZExtUnknown { Id: 14, Mandatory: true, Encoding: "Z64", Value: 3312215027627335529 }
[2m2026-09-14T12:52:20.756047Z[0m [31mERROR[0m codec_extension ThreadId(12) [2mzenoh_codec::common::extension[0m[2m:[0m Unknown Test ext: ZExtUnknown { Id: 12, Mandatory: true, Encoding: "Z64", Value: 12085316989854214593 }
[2m2026-09-14T12:52:20.756111Z[0m [31mERROR[0m codec_extension ThreadId(12) [2mzenoh_codec::common::extension[0m[2m:[0m Unknown Test ext: ZExtUnknown { Id: 15, Mandatory: true, Encoding: "Unit" }
[2m2026-09-14T12:52:20.756129Z[0m [31mERROR[0m codec_extension ThreadId(12) [2mzenoh_codec::common::extension[0m[2m:[0m Unknown Test ext: ZExtUnknown { Id: 11, Mandatory: true, Encoding: "Unit" }
[2m2026-09-14T12:52:20.756148Z[0m [31mERROR[0m codec_extension ThreadId(12) [2mzenoh_codec::common::extension[0m[2m:[0m Unknown Test ext: ZExtUnknown { Id: 4, Mandatory: true, Encoding: "Z64", Value: 8262619465859973884 }
[2m2026-09-14T12:52:20.756151Z[0m [31mERROR[0m codec_extension ThreadId(12) [2mzenoh_codec::common::extension[0m[2m:[0m Unknown Test ext: ZExtUnknown { Id: 8, Mandatory: true, Encoding: "Unit" }
[2m2026-09-14T12:52:20.756169Z[0m [31mERROR[0m codec_extension ThreadId(12) [2mzenoh_codec::common::extension[0m[2m:[0m Unknown Test ext: ZExtUnknown { Id: 0, Mandatory: true, Encoding: "ZBuf", Value: ZBuf { slices: [[d0, 3c, 34, 54, 1e, f1, 8a, 0b, 91, 7f, 36, 45, c4, 4c, d9, c3, ed, 31, 39, 48, 31, cf, d6, 5f, 96, ec, 64, 7b, 16, db, b7, e7, 74, a9, b4, aa, de, 73, b8]] } }
[2m2026-09-14T12:52:20.756205Z[0m [31mERROR[0m codec_extension ThreadId(12) [2mzenoh_codec::common::extension[0m[2m:[0m Unknown Test ext: ZExtUnknown { Id: 4, Mandatory: true, Encoding: "Unit" }
[2m2026-09-14T12:52:20.756240Z[0m [31mERROR[0m codec_extension ThreadId(12) [2mzenoh_codec::common::extension[0m[2m:[0m Unknown Test ext: ZExtUnknown { Id: 14, Mandatory: true, Encoding: "Unit" }
[2m2026-09-14T12:52:20.756276Z[0m [31mERROR[0m codec_extension ThreadId(12) [2mzenoh_codec::common::extension[0m[2m:[0m Unknown Test ext: ZExtUnknown { Id: 11, Mandatory: true, Encoding: "ZBuf", Value: ZBuf { slices: [[3d, e6, b1, 57, 01, 08, f9, b1, 37, 90, 43, cb, 6e, 08, 72, 87, f9, 45, 9b, 0d, 83, 10, 2e, 6e, ed, 9b, 88, 86, c0, 35, df, d5, e2, ef, 91, 38, 8d, 29, 93, 5b, 2d, 87, 2c, 4b, 28]] } }
[2m2026-09-14T12:52:20.756298Z[0m [31mERROR[0m codec_extension ThreadId(12) [2mzenoh_codec::common::extension[0m[2m:[0m Unknown Test ext: ZExtUnknown { Id: 15, Mandatory: true, Encoding: "Z64", Value: 338341273234772638 }
[2m2026-09-14T12:52:20.756361Z[0m [31mERROR[0m codec_extension ThreadId(12) [2mzenoh_codec::common::extension[0m[2m:[0m Unknown Test ext: ZExtUnknown { Id: 1, Mandatory: true, Encoding: "Unit" }
[2m2026-09-14T12:52:20.756393Z[0m [31mERROR[0m codec_extension ThreadId(12) [2mzenoh_codec::common::extension[0m[2m:[0m Unknown Test ext: ZExtUnknown { Id: 5, Mandatory: true, Encoding: "ZBuf", Value: ZBuf { slices: [[51, dd, bc, 9e, 41, bf, 5f, 75, cc, e5, ec, a5, ab, cd, b2, 24, b0, 11, db, 36, b8, c5, c2, b3, 81, 50, 9e, 92, c8, 7e, 7b, 2f, 1a, 57, 12, f1, 28, 22, a0, 98, f9, 65, 89, 90, 26, b6, fa, 13, c0, ba, 29, 8b, 07, e3, 71, 76, ad, a6, 12, 38]] } }
[2m2026-09-14T12:52:20.756460Z[0m [31mERROR[0m codec_extension ThreadId(12) [2mzenoh_codec::common::extension[0m[2m:[0m Unknown Test ext: ZExtUnknown { Id: 15, Mandatory: true, Encoding: "Z64", Value: 7000995454790336092 }
[2m2026-09-14T12:52:20.756493Z[0m [31mERROR[0m codec_extension ThreadId(12) [2mzenoh_codec::common::extension[0m[2m:[0m Unknown Test ext: ZExtUnknown { Id: 4, Mandatory: true, Encoding: "Z64", Value: 1790930326872147303 }
[2m2026-09-14T12:52:20.756528Z[0m [31mERROR[0m codec_extension ThreadId(12) [2mzenoh_codec::common::extension[0m[2m:[0m Unknown Test ext: ZExtUnknown { Id: 5, Mandatory: true, Encoding: "ZBuf", Value: ZBuf { slices: [[44, 93, 0d, 04, 9f, 6e, 46, 85, 65, 62, 54, 03, f6, b5, 4d, d4, 00, b6, 6b, 8d, 17, be, df, 8e, 28, ac, c7, 1a, 4e, 07, 4d, d1, 71, f0, 2f, 28, 0b, d0, 77, e7, d3, 6e, cd, c0, d1, 08, 26, 7d, b4]] } }
[2m2026-09-14T12:52:20.756553Z[0m [31mERROR[0m codec_extension ThreadId(12) [2mzenoh_codec::common::extension[0m[2m:[0m Unknown Test ext: ZExtUnknown { Id: 2, Mandatory: true, Encoding: "ZBuf", Value: ZBuf { slices: [[21, ac, cd, d2, d3, 16, c0, 42, d2, d0, cd, 98, 65, 01, ee, 5a, 7f, e7, da, 4a, 25, 67, d5, d7, 6b, d0, 38, 7d, d8, e6, 63, 2d, d3, 95, 64, f4, d9, 08, 76, 66, df, 28, d2, 0c, 14, e9, fe, 2b, 01, a5, e5, cf, cb, 40, ff, b4, 7a, bb, a9, 5d]] } }
[2m2026-09-14T12:52:20.756593Z[0m [31mERROR[0m codec_extension ThreadId(12) [2mzenoh_codec::common::extension[0m[2m:[0m Unknown Test ext: ZExtUnknown { Id: 2, Mandatory: true, Encoding: "ZBuf", Value: ZBuf { slices: [[4e, 65, ec, 5b, ee, 38, c2, 5f, f8, b3, 0c, 73, b5, 1c, 68, 8c, 3a, d6, 13, ea, f8, c0, 87, 93, df, f2, d1, ea, a9, bb, c4, ab, 03, d9, af, cc, b4, 33, 14, db, 1b, 7b, bf]] } }
[2m2026-09-14T12:52:20.756602Z[0m [31mERROR[0m codec_extension ThreadId(12) [2mzenoh_codec::common::extension[0m[2m:[0m Unknown Test ext: ZExtUnknown { Id: 10, Mandatory: true, Encoding: "ZBuf", Value: ZBuf { slices: [[55, af, f9, 8e, 36, 57, 90, b2, d6, bf, 0d, ea]] } }
[2m2026-09-14T12:52:20.756610Z[0m [31mERROR[0m codec_extension ThreadId(12) [2mzenoh_codec::common::extension[0m[2m:[0m Unknown Test ext: ZExtUnknown { Id: 13, Mandatory: true, Encoding: "Unit" }
[2m2026-09-14T12:52:20.756645Z[0m [31mERROR[0m codec_extension ThreadId(12) [2mzenoh_codec::common::extension[0m[2m:[0m Unknown Test ext: ZExtUnknown { Id: 5, Mandatory: true, Encoding: "Z64", Value: 12759815345182621337 }
[2m2026-09-14T12:52:20.756664Z[0m [31mERROR[0m codec_extension ThreadId(12) [2mzenoh_codec::common::extension[0m[2m:[0m Unknown Test ext: ZExtUnknown { Id: 15, Mandatory: true, Encoding: "ZBuf", Value: ZBuf { slices: [[64, 93, ca, 08, 0f, c8, 31, 3f, 3e, 2c, f1, ad, a8, 4f, ce, d9, 7d, fc, f6, 36, 7e, 50, 1f, e8, b4, 27, b6, 22, 0c, 68, 1c, bb, 86, 6b, b1, 3e, 7b, 7c, 9f, 75, 92, 9d, 41, 7b, b9, 78, 64, bd, d2, c6, 03, ad, 66, 45, e8]] } }
[2m2026-09-14T12:52:20.756690Z[0m [31mERROR[0m codec_extension ThreadId(12) [2mzenoh_codec::common::extension[0m[2m:[0m Unknown Test ext: ZExtUnknown { Id: 11, Mandatory: true, Encoding: "ZBuf", Value: ZBuf { slices: [[ae, 83, 6d, 35, ad, cc, d7, a4, 09, 6c, 0d, 61, d0, cf, 4e, 89, 95, 9a, f0, e7, fe, d2, 6f, 8c, 26, 67, cf, b4, 78, 57, 26, 2d, 7d, 85, 93, dc, 0c, 15, 68, 14, d0, 04, 09, f1, b7, 4a, 05, 22, b4, bc, 86, 72, fa, a8, 02, 70, 3a, 31, 70, 3a, 18, 70, 1f, 52]] } }
[2m2026-09-14T12:52:20.756732Z[0m [31mERROR[0m codec_extension ThreadId(12) [2mzenoh_codec::common::extension[0m[2m:[0m Unknown Test ext: ZExtUnknown { Id: 1, Mandatory: true, Encoding: "Unit" }
[2m2026-09-14T12:52:20.756753Z[0m [31mERROR[0m codec_extension ThreadId(12) [2mzenoh_codec::common::extension[0m[2m:[0m Unknown Test ext: ZExtUnknown { Id: 0, Mandatory: true, Encoding: "ZBuf", Value: ZBuf { slices: [[4b, 21, 93, 88, 1f, 3a, 25, 50, 3c, a3, a7, 71, 83, d6, 02, ad, 15, ce, db, fa, d8, 10, 83, ea, 0a, 21, bc, 24, 29, a5, c0, ba, 7c, 6f, 5e, 4f]] } }
[2m2026-09-14T12:52:20.756779Z[0m [31mERROR[0m codec_extension ThreadId(12) [2mzenoh_codec::common::extension[0m[2m:[0m Unknown Test ext: ZExtUnknown { Id: 9, Mandatory: true, Encoding: "Z64", Value: 5883036793519657436 }
[2m2026-09-14T12:52:20.756784Z[0m [31mERROR[0m codec_extension ThreadId(12) [2mzenoh_codec::common::extension[0m[2m:[0m Unknown Test ext: ZExtUnknown { Id: 11, Mandatory: true, Encoding: "Unit" }
[2m2026-09-14T12:52:20.756803Z[0m [31mERROR[0m codec_extension ThreadId(12) [2mzenoh_codec::common::extension[0m[2m:[0m Unknown Test ext: ZExtUnknown { Id: 3, Mandatory: true, Encoding: "Z64", Value: 12281443143407908835 }
[2m2026-09-14T12:52:20.756840Z[0m [31mERROR[0m codec_extension ThreadId(12) [2mzenoh_codec::common::extension[0m[2m:[0m Unknown Test ext: ZExtUnknown { Id: 11, Mandatory: true, Encoding: "Unit" }
[2m2026-09-14T12:52:20.756845Z[0m [31mERROR[0m codec_extension ThreadId(12) [2mzenoh_codec::common::extension[0m[2m:[0m Unknown Test ext: ZExtUnknown { Id: 14, Mandatory: true, Encoding: "Unit" }
[2m2026-09-14T12:52:20.756866Z[0m [31mERROR[0m codec_extension ThreadId(12) [2mzenoh_codec::common::extension[0m[2m:[0m Unknown Test ext: ZExtUnknown { Id: 15, Mandatory: true, Encoding: "Z64", Value: 13730793593863600432 }
[2m2026-09-14T12:52:20.756888Z[0m [31mERROR[0m codec_extension ThreadId(12) [2mzenoh_codec::common::extension[0m[2m:[0m Unknown Test ext: ZExtUnknown { Id: 7, Mandatory: true, Encoding: "ZBuf", Value: ZBuf { slices: [[d8, bc, 16, 83, 94, 1a, 73, 3a, bd, bb, 8c, 50, 3c, 61, f2, 9c, dc, ef, ac, dd, 9e, d1, ac, f1, a0, d8, 6e, 36, 2e, 94, 24, 4f, 1d, 53, ea, c7, 30, f4, 20, 26, da, 7c, 08, ba, b9, 60, 08, ea, 56, e9, 51, e1, c7, 80, 80, 18, 47, ab, 74, cf]] } }
[2m2026-09-14T12:52:20.756912Z[0m [31mERROR[0m codec_extension ThreadId(12) [2mzenoh_codec::common::extension[0m[2m:[0m Unknown Test ext: ZExtUnknown { Id: 10, Mandatory: true, Encoding: "Z64", Value: 538132747768002871 }
[2m2026-09-14T12:52:20.757011Z[0m [31mERROR[0m codec_extension ThreadId(12) [2mzenoh_codec::common::extension[0m[2m:[0m Unknown Test ext: ZExtUnknown { Id: 13, Mandatory: true, Encoding: "Unit" }
[2m2026-09-14T12:52:20.757018Z[0m [31mERROR[0m codec_extension ThreadId(12) [2mzenoh_codec::common::extension[0m[2m:[0m Unknown Test ext: ZExtUnknown { Id: 14, Mandatory: true, Encoding: "ZBuf", Value: ZBuf { slices: [[a0, 33, 80, 73, 54, 8f, e8, 51, 19, 2a, 7f, 50, f3]] } }
[2m2026-09-14T12:52:20.757049Z[0m [31mERROR[0m codec_extension ThreadId(12) [2mzenoh_codec::common::extension[0m[2m:[0m Unknown Test ext: ZExtUnknown { Id: 2, Mandatory: true, Encoding: "ZBuf", Value: ZBuf { slices: [[e2, 88, 28, 51, c7, 6d, 57, 29, d8, 9d, 7e]] } }
[2m2026-09-14T12:52:20.757069Z[0m [31mERROR[0m codec_extension ThreadId(12) [2mzenoh_codec::common::extension[0m[2m:[0m Unknown Test ext: ZExtUnknown { Id: 0, Mandatory: true, Encoding: "Unit" }
[2m2026-09-14T12:52:20.757134Z[0m [31mERROR[0m codec_extension ThreadId(12) [2mzenoh_codec::common::extension[0m[2m:[0m Unknown Test ext: ZExtUnknown { Id: 15, Mandatory: true, Encoding: "Z64", Value: 4106670803002536428 }
[2m2026-09-14T12:52:20.757152Z[0m [31mERROR[0m codec_extension ThreadId(12) [2mzenoh_codec::common::extension[0m[2m:[0m Unknown Test ext: ZExtUnknown { Id: 7, Mandatory: true, Encoding: "Z64", Value: 6762529720719057634 }
[2m2026-09-14T12:52:20.757157Z[0m [31mERROR[0m codec_extension ThreadId(12) [2mzenoh_codec::common::extension[0m[2m:[0m Unknown Test ext: ZExtUnknown { Id: 14, Mandatory: true, Encoding: "Z64", Value: 11275904463938851058 }
[2m2026-09-14T12:52:20.757205Z[0m [31mERROR[0m codec_extension ThreadId(12) [2mzenoh_codec::common::extension[0m[2m:[0m Unknown Test ext: ZExtUnknown { Id: 6, Mandatory: true, Encoding: "Z64", Value: 16276635870653562969 }
[2m2026-09-14T12:52:20.757209Z[0m [31mERROR[0m codec_extension ThreadId(12) [2mzenoh_codec::common::extension[0m[2m:[0m Unknown Test ext: ZExtUnknown { Id: 6, Mandatory: true, Encoding: "Z64", Value: 12726421897025055119 }
[2m2026-09-14T12:52:20.757227Z[0m [31mERROR[0m codec_extension ThreadId(12) [2mzenoh_codec::common::extension[0m[2m:[0m Unknown Test ext: ZExtUnknown { Id: 3, Mandatory: true, Encoding: "ZBuf", Value: ZBuf { slices: [[74, 06, 74, 66, d2, b4, 05, ef, cc, 60, 81, 98, e3, 03, 05, 27, 6f, b9, e3, 39, c4, fe, ba, 96, a6, 5f, 4f, ae, 53, 38, 04, d9, ef, 0a, 0b, 15, 1d, 2b, bb, 57, 9e, 97, aa, a4, 78, d8, 7b, 2b, 84, 79, 77, b9, ea, 1d, 16, 8a, 4c]] } }
[2m2026-09-14T12:52:20.757322Z[0m [31mERROR[0m codec_extension ThreadId(12) [2mzenoh_codec::common::extension[0m[2m:[0m Unknown Test ext: ZExtUnknown { Id: 12, Mandatory: true, Encoding: "Unit" }
[2m2026-09-14T12:52:20.757340Z[0m [31mERROR[0m codec_extension ThreadId(12) [2mzenoh_codec::common::extension[0m[2m:[0m Unknown Test ext: ZExtUnknown { Id: 10, Mandatory: true, Encoding: "Unit" }
[2m2026-09-14T12:52:20.757359Z[0m [31mERROR[0m codec_extension ThreadId(12) [2mzenoh_codec::common::extension[0m[2m:[0m Unknown Test ext: ZExtUnknown { Id: 7, Mandatory: true, Encoding: "ZBuf", Value: ZBuf { slices: [[50, a3, b4, 6c, c0, 92, 3f, 26, 43, bc, 0a, ff, c9, 3a, 54, 79, 67, 33, ad, e7, dc, 22, 27, 82, 2c, eb, 30, 06, 8b, dd, 22]] } }
[2m2026-09-14T12:52:20.757378Z[0m [31mERROR[0m codec_extension ThreadId(12) [2mzenoh_codec::common::extension[0m[2m:[0m Unknown Test ext: ZExtUnknown { Id: 12, Mandatory: true, Encoding: "Unit" }
[2m2026-09-14T12:52:20.757396Z[0m [31mERROR[0m codec_extension ThreadId(12) [2mzenoh_codec::common::extension[0m[2m:[0m Unknown Test ext: ZExtUnknown { Id: 4, Mandatory: true, Encoding: "Z64", Value: 7092013247202378544 }
[2m2026-09-14T12:52:20.757438Z[0m [31mERROR[0m codec_extension ThreadId(12) [2mzenoh_codec::common::extension[0m[2m:[0m Unknown Test ext: ZExtUnknown { Id: 9, Mandatory: true, Encoding: "Unit" }
[2m2026-09-14T12:52:20.757457Z[0m [31mERROR[0m codec_extension ThreadId(12) [2mzenoh_codec::common::extension[0m[2m:[0m Unknown Test ext: ZExtUnknown { Id: 4, Mandatory: true, Encoding: "Z64", Value: 11689994314184399779 }
[2m2026-09-14T12:52:20.757476Z[0m [31mERROR[0m codec_extension ThreadId(12) [2mzenoh_codec::common::extension[0m[2m:[0m Unknown Test ext: ZExtUnknown { Id: 0, Mandatory: true, Encoding: "ZBuf", Value: ZBuf { slices: [[4e, 8f, d1, a3, 29, 52, b0, 10, cf, 14, 36, e5, 27, 53, 1c, c3, 0c, 60, 7c, 84, ab, a1, 4d, 15, 3b, 99, 75, 73, 67, 52, 95, 55, f2, 2f, dc, 24, d1, 96, 0d, e2, 1d, 68, d7, 4d, f1]] } }
[2m2026-09-14T12:52:20.757496Z[0m [31mERROR[0m codec_extension ThreadId(12) [2mzenoh_codec::common::extension[0m[2m:[0m Unknown Test ext: ZExtUnknown { Id: 3, Mandatory: true, Encoding: "ZBuf", Value: ZBuf { slices: [[ad, 8f, 0a, 75, ae, 8f, 3f, 71, 44, df, 34, d3, dc, d3, cd, 35, 02, ec, 8a, b6, 5d, 90, e5, 4b, 46, 69, 3b, a7, e9, ca, c6, fa, ea, 80, cc, cd, 62, 6c, d5, 56, e8, 67]] } }
[2m2026-09-14T12:52:20.757518Z[0m [31mERROR[0m codec_extension ThreadId(12) [2mzenoh_codec::common::extension[0m[2m:[0m Unknown Test ext: ZExtUnknown { Id: 11, Mandatory: true, Encoding: "Unit" }
[2m2026-09-14T12:52:20.757535Z[0m [31mERROR[0m codec_extension ThreadId(12) [2mzenoh_codec::common::extension[0m[2m:[0m Unknown Test ext: ZExtUnknown { Id: 11, Mandatory: true, Encoding: "Z64", Value: 10265861053563782030 }
[2m2026-09-14T12:52:20.757554Z[0m [31mERROR[0m codec_extension ThreadId(12) [2mzenoh_codec::common::extension[0m[2m:[0m Unknown Test ext: ZExtUnknown { Id: 4, Mandatory: true, Encoding: "Unit" }
[2m2026-09-14T12:52:20.757632Z[0m [31mERROR[0m codec_extension ThreadId(12) [2mzenoh_codec::common::extension[0m[2m:[0m Unknown Test ext: ZExtUnknown { Id: 1, Mandatory: true, Encoding: "Z64", Value: 1507472448509865294 }
[2m2026-09-14T12:52:20.757652Z[0m [31mERROR[0m codec_extension ThreadId(12) [2mzenoh_codec::common::extension[0m[2m:[0m Unknown Test ext: ZExtUnknown { Id: 10, Mandatory: true, Encoding: "Unit" }
[2m2026-09-14T12:52:20.757670Z[0m [31mERROR[0m codec_extension ThreadId(12) [2mzenoh_codec::common::extension[0m[2m:[0m Unknown Test ext: ZExtUnknown { Id: 12, Mandatory: true, Encoding: "ZBuf", Value: ZBuf { slices: [[22, 4d, 4c, 94, 40, 8c, 12, b2, a5, 09, 60, 8c, 67, 94, 48, 02, 75, e3, fc, b2, 6a, f5, f6, 96, 3f, f8, 7d, b6, 46, de, 22, e7, 8f, 50, 91, 68, e4, 3c, 48]] } }
[2m2026-09-14T12:52:20.757677Z[0m [31mERROR[0m codec_extension ThreadId(12) [2mzenoh_codec::common::extension[0m[2m:[0m Unknown Test ext: ZExtUnknown { Id: 6, Mandatory: true, Encoding: "Unit" }
[2m2026-09-14T12:52:20.757743Z[0m [31mERROR[0m codec_extension ThreadId(12) [2mzenoh_codec::common::extension[0m[2m:[0m Unknown Test ext: ZExtUnknown { Id: 1, Mandatory: true, Encoding: "Unit" }
[2m2026-09-14T12:52:20.757767Z[0m [31mERROR[0m codec_extension ThreadId(12) [2mzenoh_codec::common::extension[0m[2m:[0m Unknown Test ext: ZExtUnknown { Id: 8, Mandatory: true, Encoding: "ZBuf", Value: ZBuf { slices: [[b0, a1, 80, a1, 6f, bd, b8, 08, 51, fe, fb, 85, e3, ef, 24, 36, 24, ec, 14, 3f, b6, ef, 6d, 89, 04, 74, 6f, 13, d7, e7, c6, 94, ec, 94, 3e, a7, 42, 41, f3]] } }
[2m2026-09-14T12:52:20.757793Z[0m [31mERROR[0m codec_extension ThreadId(12) [2mzenoh_codec::common::extension[0m[2m:[0m Unknown Test ext: ZExtUnknown { Id: 15, Mandatory: true, Encoding: "Z64", Value: 9171040785046057517 }
[2m2026-09-14T12:52:20.757814Z[0m [31mERROR[0m codec_extension ThreadId(12) [2mzenoh_codec::common::extension[0m[2m:[0m Unknown Test ext: ZExtUnknown { Id: 12, Mandatory: true, Encoding: "ZBuf", Value: ZBuf { slices: [[f8, c6, dd, ad, ea, b4, b8, b4, d7, 62, e1, e9, fb, a2, 19, a4, cb, 73, 73, 31, aa, 58, e8, 48, 7a, b2, df, bd, ed, 71, da, 36, 6a, e3, 37, c7, 94, 17, da, 3e, 70, 9b, 63, 74, 90, 0c, 7c, 1f, 53, d2, d8, ae]] } }
[2m2026-09-14T12:52:20.757837Z[0m [31mERROR[0m codec_extension ThreadId(12) [2mzenoh_codec::common::extension[0m[2m:[0m Unknown Test ext: ZExtUnknown { Id: 3, Mandatory: true, Encoding: "ZBuf", Value: ZBuf { slices: [[1d, 41, 72, 60, 80, ef, 76, 5d, 9b, f8, a1, 32, 13, c0, b2, 40, 29, c9, 29, fe, 7c, 20, 87, d1, dd, 73, dd, 0a]] } }
[2m2026-09-14T12:52:20.757891Z[0m [31mERROR[0m codec_extension ThreadId(12) [2mzenoh_codec::common::extension[0m[2m:[0m Unknown Test ext: ZExtUnknown { Id: 2, Mandatory: true, Encoding: "Z64", Value: 9052199781956357154 }
[2m2026-09-14T12:52:20.757896Z[0m [31mERROR[0m codec_extension ThreadId(12) [2mzenoh_codec::common::extension[0m[2m:[0m Unknown Test ext: ZExtUnknown { Id: 5, Mandatory: true, Encoding: "Unit" }
[2m2026-09-14T12:52:20.757931Z[0m [31mERROR[0m codec_extension ThreadId(12) [2mzenoh_codec::common::extension[0m[2m:[0m Unknown Test ext: ZExtUnknown { Id: 4, Mandatory: true, Encoding: "Z64", Value: 7343505761159253068 }
[2m2026-09-14T12:52:20.757951Z[0m [31mERROR[0m codec_extension ThreadId(12) [2mzenoh_codec::common::extension[0m[2m:[0m Unknown Test ext: ZExtUnknown { Id: 0, Mandatory: true, Encoding: "ZBuf", Value: ZBuf { slices: [[90, 04, be, 9e, 98, e6, 4a, 0a, a0, 3c, 25, b8]] } }
[2m2026-09-14T12:52:20.757957Z[0m [31mERROR[0m codec_extension ThreadId(12) [2mzenoh_codec::common::extension[0m[2m:[0m Unknown Test ext: ZExtUnknown { Id: 15, Mandatory: true, Encoding: "Z64", Value: 7879381407052222627 }
[2m2026-09-14T12:52:20.757975Z[0m [31mERROR[0m codec_extension ThreadId(12) [2mzenoh_codec::common::extension[0m[2m:[0m Unknown Test ext: ZExtUnknown { Id: 8, Mandatory: true, Encoding: "Z64", Value: 8645961735246471069 }
[2m2026-09-14T12:52:20.757993Z[0m [31mERROR[0m codec_extension ThreadId(12) [2mzenoh_codec::common::extension[0m[2m:[0m Unknown Test ext: ZExtUnknown { Id: 4, Mandatory: true, Encoding: "Unit" }
[2m2026-09-14T12:52:20.758013Z[0m [31mERROR[0m codec_extension ThreadId(12) [2mzenoh_codec::common::extension[0m[2m:[0m Unknown Test ext: ZExtUnknown { Id: 9, Mandatory: true, Encoding: "ZBuf", Value: ZBuf { slices: [[9b, 6b, 34, b1, 47, 3f, 27, 6a, dc, fd, b0, 50, f4, 82, 51, e3, 05, aa, d5, cc, 89, a4, a1, d5, 0c, 81, b2, a1, af, ab, 31, 67, 62, 90, 4e, 88, 07, be, d9, 88, aa, bd, db, 28, c2, 0d, be, 9e, 06, 7f, d9]] } }
[2m2026-09-14T12:52:20.758078Z[0m [31mERROR[0m codec_extension ThreadId(12) [2mzenoh_codec::common::extension[0m[2m:[0m Unknown Test ext: ZExtUnknown { Id: 13, Mandatory: true, Encoding: "Unit" }
[2m2026-09-14T12:52:20.758140Z[0m [31mERROR[0m codec_extension ThreadId(12) [2mzenoh_codec::common::extension[0m[2m:[0m Unknown Test ext: ZExtUnknown { Id: 8, Mandatory: true, Encoding: "ZBuf", Value: ZBuf { slices: [[bf, 0c, f4, 5f, 2a, c8, b4, 17, 33, 51, 85, 1a, 2f, 58, 59, 84, 7f, eb, d8, 68, cf]] } }
[2m2026-09-14T12:52:20.758174Z[0m [31mERROR[0m codec_extension ThreadId(12) [2mzenoh_codec::common::extension[0m[2m:[0m Unknown Test ext: ZExtUnknown { Id: 3, Mandatory: true, Encoding: "Unit" }
[2m2026-09-14T12:52:20.758208Z[0m [31mERROR[0m codec_extension ThreadId(12) [2mzenoh_codec::common::extension[0m[2m:[0m Unknown Test ext: ZExtUnknown { Id: 14, Mandatory: true, Encoding: "Unit" }
[2m2026-09-14T12:52:20.758270Z[0m [31mERROR[0m codec_extension ThreadId(12) [2mzenoh_codec::common::extension[0m[2m:[0m Unknown Test ext: ZExtUnknown { Id: 7, Mandatory: true, Encoding: "ZBuf", Value: ZBuf { slices: [[90, c4, 7f, 2f, 46, 74, 84, c7, 1d, 71, ba, 8a, 2f, 84, a3, 52, 1c, 09, b5, e3, 6b, 8e, 3e, b5, 99, f5, df, 06, ac, 2a, 49, 00, 46, 63, 8f, 60, 40, 92, e0, 25, 43, ae, 35, 95, f2, e4, 68, 80, d1, cd, 57, c8, dd, 25, 28, 8b, a4, ec, f6, 79]] } }
[2m2026-09-14T12:52:20.758369Z[0m [31mERROR[0m codec_extension ThreadId(12) [2mzenoh_codec::common::extension[0m[2m:[0m Unknown Test ext: ZExtUnknown { Id: 5, Mandatory: true, Encoding: "ZBuf", Value: ZBuf { slices: [[a3, fa, 65, 88, 4d, db, 02, 2b, 9b, af, 88, e0, e4, 4f, c4, 8a, 26, 94, bb, 3d, 11]] } }
[2m2026-09-14T12:52:20.758374Z[0m [31mERROR[0m codec_extension ThreadId(12) [2mzenoh_codec::common::extension[0m[2m:[0m Unknown Test ext: ZExtUnknown { Id: 9, Mandatory: true, Encoding: "ZBuf", Value: ZBuf { slices: [[fb, 7f, 86, cc, 0f, d5, 4b, 4c, 75, 8a, 6f, 1f, 3a, 56, 53, 33, 2e, b2, 32, cf, 6a, 13, b9, 8f, fe, a4, 00, c2, 5d]] } }
[2m2026-09-14T12:52:20.758440Z[0m [31mERROR[0m codec_extension ThreadId(12) [2mzenoh_codec::common::extension[0m[2m:[0m Unknown Test ext: ZExtUnknown { Id: 4, Mandatory: true, Encoding: "Z64", Value: 17077038203905107595 }
[2m2026-09-14T12:52:20.758474Z[0m [31mERROR[0m codec_extension ThreadId(12) [2mzenoh_codec::common::extension[0m[2m:[0m Unknown Test ext: ZExtUnknown { Id: 9, Mandatory: true, Encoding: "Unit" }
[2m2026-09-14T12:52:20.758492Z[0m [31mERROR[0m codec_extension ThreadId(12) [2mzenoh_codec::common::extension[0m[2m:[0m Unknown Test ext: ZExtUnknown { Id: 12, Mandatory: true, Encoding: "Unit" }
[2m2026-09-14T12:52:20.758526Z[0m [31mERROR[0m codec_extension ThreadId(12) [2mzenoh_codec::common::extension[0m[2m:[0m Unknown Test ext: ZExtUnknown { Id: 5, Mandatory: true, Encoding: "Unit" }
[2m2026-09-14T12:52:20.758545Z[0m [31mERROR[0m codec_extension ThreadId(12) [2mzenoh_codec::common::extension[0m[2m:[0m Unknown Test ext: ZExtUnknown { Id: 12, Mandatory: true, Encoding: "Unit" }
[2m2026-09-14T12:52:20.758578Z[0m [31mERROR[0m codec_extension ThreadId(12) [2mzenoh_codec::common::extension[0m[2m:[0m Unknown Test ext: ZExtUnknown { Id: 7, Mandatory: true, Encoding: "Unit" }
[2m2026-09-14T12:52:20.758626Z[0m [31mERROR[0m codec_extension ThreadId(12) [2mzenoh_codec::common::extension[0m[2m:[0m Unknown Test ext: ZExtUnknown { Id: 5, Mandatory: true, Encoding: "Unit" }
[2m2026-09-14T12:52:20.758630Z[0m [31mERROR[0m codec_extension ThreadId(12) [2mzenoh_codec::common::extension[0m[2m:[0m Unknown Test ext: ZExtUnknown { Id: 5, Mandatory: true, Encoding: "ZBuf", Value: ZBuf { slices: [[63, da, 29, ef, bf, 26, 73, 93, dd, 80, 19, 0d, 9d, 7e, 5c, 66, 51, ca, 36, 6d, 82, 44, a6, e2]] } }
[2m2026-09-14T12:52:20.758651Z[0m [31mERROR[0m codec_extension ThreadId(12) [2mzenoh_codec::common::extension[0m[2m:[0m Unknown Test ext: ZExtUnknown { Id: 2, Mandatory: true, Encoding: "Z64", Value: 5124693172995652699 }
[2m2026-09-14T12:52:20.758684Z[0m [31mERROR[0m codec_extension ThreadId(12) [2mzenoh_codec::common::extension[0m[2m:[0m Unknown Test ext: ZExtUnknown { Id: 5, Mandatory: true, Encoding: "ZBuf", Value: ZBuf { slices: [[5d, 9c, 15, 1d, 5f, f2, d4, 19, 87, 6b, 2b, a2, 8f, 5d, 36, f0, d4, 81, f2, f2, aa, 40, 63, 39, 36]] } }
[2m2026-09-14T12:52:20.758689Z[0m [31mERROR[0m codec_extension ThreadId(12) [2mzenoh_codec::common::extension[0m[2m:[0m Unknown Test ext: ZExtUnknown { Id: 14, Mandatory: true, Encoding: "Unit" }
[2m2026-09-14T12:52:20.758707Z[0m [31mERROR[0m codec_extension ThreadId(12) [2mzenoh_codec::common::extension[0m[2m:[0m Unknown Test ext: ZExtUnknown { Id: 15, Mandatory: true, Encoding: "Unit" }
[2m2026-09-14T12:52:20.758711Z[0m [31mERROR[0m codec_extension ThreadId(12) [2mzenoh_codec::common::extension[0m[2m:[0m Unknown Test ext: ZExtUnknown { Id: 0, Mandatory: true, Encoding: "Z64", Value: 12680400677740223602 }
[2m2026-09-14T12:52:20.758717Z[0m [31mERROR[0m codec_extension ThreadId(12) [2mzenoh_codec::common::extension[0m[2m:[0m Unknown Test ext: ZExtUnknown { Id: 15, Mandatory: true, Encoding: "Z64", Value: 746392770335055287 }
[2m2026-09-14T12:52:20.758765Z[0m [31mERROR[0m codec_extension ThreadId(12) [2mzenoh_codec::common::extension[0m[2m:[0m Unknown Test ext: ZExtUnknown { Id: 8, Mandatory: true, Encoding: "Unit" }
[2m2026-09-14T12:52:20.758768Z[0m [31mERROR[0m codec_extension ThreadId(12) [2mzenoh_codec::common::extension[0m[2m:[0m Unknown Test ext: ZExtUnknown { Id: 13, Mandatory: true, Encoding: "Unit" }
[2m2026-09-14T12:52:20.758786Z[0m [31mERROR[0m codec_extension ThreadId(12) [2mzenoh_codec::common::extension[0m[2m:[0m Unknown Test ext: ZExtUnknown { Id: 0, Mandatory: true, Encoding: "Unit" }
[2m2026-09-14T12:52:20.758805Z[0m [31mERROR[0m codec_extension ThreadId(12) [2mzenoh_codec::common::extension[0m[2m:[0m Unknown Test ext: ZExtUnknown { Id: 8, Mandatory: true, Encoding: "ZBuf", Value: ZBuf { slices: [[8e, ab, eb, c4, b8, 15, f4, f8, 7c, aa, 20, b6, d9, c0, 47, 79, f2, 0a, 7c, f5, 2e, ef, 4a, ac, f2, 2c, b2, 64, 0f, 30, b4, 39, c8, ce, 2d, 9d, 62, 42, 63, dc, 73, 89, 80, 51, 5c, 53, 6b, de, be, 03, 97, ae, 6e, 80, e0, 9c, 65, ad, db]] } }
[2m2026-09-14T12:52:20.758878Z[0m [31mERROR[0m codec_extension ThreadId(12) [2mzenoh_codec::common::extension[0m[2m:[0m Unknown Test ext: ZExtUnknown { Id: 14, Mandatory: true, Encoding: "Z64", Value: 16386423339709212514 }
[2m2026-09-14T12:52:20.758933Z[0m [31mERROR[0m codec_extension ThreadId(12) [2mzenoh_codec::common::extension[0m[2m:[0m Unknown Test ext: ZExtUnknown { Id: 13, Mandatory: true, Encoding: "Z64", Value: 15201674304858185190 }
[2m2026-09-14T12:52:20.758954Z[0m [31mERROR[0m codec_extension ThreadId(12) [2mzenoh_codec::common::extension[0m[2m:[0m Unknown Test ext: ZExtUnknown { Id: 1, Mandatory: true, Encoding: "ZBuf", Value: ZBuf { slices: [[a7, 5f, ce, c7, b4, 00, 9b, 87, fc, ea, 6a, af, 01, 7b, da, 1c, a3, 5a, 1b, d8, 76, 5d, f1, 12, fd]] } }
[2m2026-09-14T12:52:20.758977Z[0m [31mERROR[0m codec_extension ThreadId(12) [2mzenoh_codec::common::extension[0m[2m:[0m Unknown Test ext: ZExtUnknown { Id: 1, Mandatory: true, Encoding: "Z64", Value: 13067527930824237217 }
[2m2026-09-14T12:52:20.758981Z[0m [31mERROR[0m codec_extension ThreadId(12) [2mzenoh_codec::common::extension[0m[2m:[0m Unknown Test ext: ZExtUnknown { Id: 9, Mandatory: true, Encoding: "ZBuf", Value: ZBuf { slices: [[f8, ab, 7b, 83, 13, d1, c2, b1, 63, 8e, 12]] } }
[2m2026-09-14T12:52:20.758999Z[0m [31mERROR[0m codec_extension ThreadId(12) [2mzenoh_codec::common::extension[0m[2m:[0m Unknown Test ext: ZExtUnknown { Id: 0, Mandatory: true, Encoding: "Unit" }
[2m2026-09-14T12:52:20.759054Z[0m [31mERROR[0m codec_extension ThreadId(12) [2mzenoh_codec::common::extension[0m[2m:[0m Unknown Test ext: ZExtUnknown { Id: 15, Mandatory: true, Encoding: "Unit" }
[2m2026-09-14T12:52:20.759088Z[0m [31mERROR[0m codec_extension ThreadId(12) [2mzenoh_codec::common::extension[0m[2m:[0m Unknown Test ext: ZExtUnknown { Id: 14, Mandatory: true, Encoding: "Unit" }
[2m2026-09-14T12:52:20.759109Z[0m [31mERROR[0m codec_extension ThreadId(12) [2mzenoh_codec::common::extension[0m[2m:[0m Unknown Test ext: ZExtUnknown { Id: 12, Mandatory: true, Encoding: "ZBuf", Value: ZBuf { slices: [[39, 32, 86, 03, fa, a5, b6, 5e, 95, 1e, 85, 40, 6d, 8e, 60, 5d, fc, d1, fb, 9c, ed, c9, df, 08, c2, bf, 2c, 54, 19, 77, a1, 1a, b2, 61, 73, e4, 27, b8, 36, b7, d6, a3, 0e, 99, 1a, 7a, c1, f8, f4, e0, db]] } }
[2m2026-09-14T12:52:20.759129Z[0m [31mERROR[0m codec_extension ThreadId(12) [2mzenoh_codec::common::extension[0m[2m:[0m Unknown Test ext: ZExtUnknown { Id: 1, Mandatory: true, Encoding: "Unit" }
[2m2026-09-14T12:52:20.759149Z[0m [31mERROR[0m codec_extension ThreadId(12) [2mzenoh_codec::common::extension[0m[2m:[0m Unknown Test ext: ZExtUnknown { Id: 0, Mandatory: true, Encoding: "Z64", Value: 3328803560362420187 }
[2m2026-09-14T12:52:20.759170Z[0m [31mERROR[0m codec_extension ThreadId(12) [2mzenoh_codec::common::extension[0m[2m:[0m Unknown Test ext: ZExtUnknown { Id: 6, Mandatory: true, Encoding: "Unit" }
[2m2026-09-14T12:52:20.759176Z[0m [31mERROR[0m codec_extension ThreadId(12) [2mzenoh_codec::common::extension[0m[2m:[0m Unknown Test ext: ZExtUnknown { Id: 8, Mandatory: true, Encoding: "ZBuf", Value: ZBuf { slices: [[58, a2, fd, 2a, 69, 76, 31, 00, 8b, 57, c8, c5]] } }
[2m2026-09-14T12:52:20.759200Z[0m [31mERROR[0m codec_extension ThreadId(12) [2mzenoh_codec::common::extension[0m[2m:[0m Unknown Test ext: ZExtUnknown { Id: 14, Mandatory: true, Encoding: "Z64", Value: 7223298754300390623 }
[2m2026-09-14T12:52:20.759252Z[0m [31mERROR[0m codec_extension ThreadId(12) [2mzenoh_codec::common::extension[0m[2m:[0m Unknown Test ext: ZExtUnknown { Id: 11, Mandatory: true, Encoding: "Z64", Value: 6912926093467715697 }
[2m2026-09-14T12:52:20.759291Z[0m [31mERROR[0m codec_extension ThreadId(12) [2mzenoh_codec::common::extension[0m[2m:[0m Unknown Test ext: ZExtUnknown { Id: 11, Mandatory: true, Encoding: "Z64", Value: 2359839924392958090 }
[2m2026-09-14T12:52:20.759349Z[0m [31mERROR[0m codec_extension ThreadId(12) [2mzenoh_codec::common::extension[0m[2m:[0m Unknown Test ext: ZExtUnknown { Id: 4, Mandatory: true, Encoding: "ZBuf", Value: ZBuf { slices: [[30, fd, fd, 26, 3c, 31, e2, 98, b0, 10, 76, 81, a4, 04, 8a, 9d, da, f9, 06, 60, d2, 0b, 8e, 0b, 7e, 40, 30, a5, 9a, d6, 9d, 22, cd, a0, 38, 39, 58, 1a, 2f, 87, 17, d9]] } }
[2m2026-09-14T12:52:20.759374Z[0m [31mERROR[0m codec_extension ThreadId(12) [2mzenoh_codec::common::extension[0m[2m:[0m Unknown Test ext: ZExtUnknown { Id: 5, Mandatory: true, Encoding: "Z64", Value: 12503162841167704629 }
[2m2026-09-14T12:52:20.759446Z[0m [31mERROR[0m codec_extension ThreadId(12) [2mzenoh_codec::common::extension[0m[2m:[0m Unknown Test ext: ZExtUnknown { Id: 6, Mandatory: true, Encoding: "ZBuf", Value: ZBuf { slices: [[d7, 55, 04, cd, bf, e2, c1, 70]] } }
[2m2026-09-14T12:52:20.759468Z[0m [31mERROR[0m codec_extension ThreadId(12) [2mzenoh_codec::common::extension[0m[2m:[0m Unknown Test ext: ZExtUnknown { Id: 14, Mandatory: true, Encoding: "ZBuf", Value: ZBuf { slices: [[01, 56, 49, 03, 74, e0, ea, 9a, a1, b6, 86, 6a, 4b, aa, 03, e3, 29, ae, 87, c1, db, a1, d9, 43, af, c8, 91, 7b, c3, 22, 02, e8, f1, a6, ea, 22, e8, d5, 85, fb, 8e, 21, f4]] } }
[2m2026-09-14T12:52:20.759509Z[0m [31mERROR[0m codec_extension ThreadId(12) [2mzenoh_codec::common::extension[0m[2m:[0m Unknown Test ext: ZExtUnknown { Id: 13, Mandatory: true, Encoding: "Z64", Value: 16963374913305698514 }
[2m2026-09-14T12:52:20.759530Z[0m [31mERROR[0m codec_extension ThreadId(12) [2mzenoh_codec::common::extension[0m[2m:[0m Unknown Test ext: ZExtUnknown { Id: 10, Mandatory: true, Encoding: "Unit" }
[2m2026-09-14T12:52:20.759615Z[0m [31mERROR[0m codec_extension ThreadId(12) [2mzenoh_codec::common::extension[0m[2m:[0m Unknown Test ext: ZExtUnknown { Id: 1, Mandatory: true, Encoding: "Unit" }
[2m2026-09-14T12:52:20.759622Z[0m [31mERROR[0m codec_extension ThreadId(12) [2mzenoh_codec::common::extension[0m[2m:[0m Unknown Test ext: ZExtUnknown { Id: 15, Mandatory: true, Encoding: "Z64", Value: 15730308478049717911 }
[2m2026-09-14T12:52:20.759642Z[0m [31mERROR[0m codec_extension ThreadId(12) [2mzenoh_codec::common::extension[0m[2m:[0m Unknown Test ext: ZExtUnknown { Id: 5, Mandatory: true, Encoding: "Unit" }
[2m2026-09-14T12:52:20.759663Z[0m [31mERROR[0m codec_extension ThreadId(12) [2mzenoh_codec::common::extension[0m[2m:[0m Unknown Test ext: ZExtUnknown { Id: 12, Mandatory: true, Encoding: "Unit" }
[2m2026-09-14T12:52:20.759686Z[0m [31mERROR[0m codec_extension ThreadId(12) [2mzenoh_codec::common::extension[0m[2m:[0m Unknown Test ext: ZExtUnknown { Id: 5, Mandatory: true, Encoding: "ZBuf", Value: ZBuf { slices: [[bd, 9f, 79, 21, 4c, 21, 7d, fa, 38, 7e, b5, 0a, 65, c5, 3d, 36, b5, 4e, bf, e0, b5, 79, 8a, 8b, 32, bb, d2, e1, 59, 54, cf, 3c, 4b, 9b, 2c, d4, c3, 71, 0f, d1, c9]] } }
[2m2026-09-14T12:52:20.759708Z[0m [31mERROR[0m codec_extension ThreadId(12) [2mzenoh_codec::common::extension[0m[2m:[0m Unknown Test ext: ZExtUnknown { Id: 12, Mandatory: true, Encoding: "ZBuf", Value: ZBuf { slices: [[bd, d6, 73, be, ca, 8c, dc, 60, 4d, d4, ab, b9, eb, 13, 0e, f8, 6d, 49, ec, c0, 1d, a8, 89, 76, 02, 10, 20, e3]] } }
[2m2026-09-14T12:52:20.759715Z[0m [31mERROR[0m codec_extension ThreadId(12) [2mzenoh_codec::common::extension[0m[2m:[0m Unknown Test ext: ZExtUnknown { Id: 14, Mandatory: true, Encoding: "Unit" }
[2m2026-09-14T12:52:20.759734Z[0m [31mERROR[0m codec_extension ThreadId(12) [2mzenoh_codec::common::extension[0m[2m:[0m Unknown Test ext: ZExtUnknown { Id: 2, Mandatory: true, Encoding: "Unit" }
[2m2026-09-14T12:52:20.759754Z[0m [31mERROR[0m codec_extension ThreadId(12) [2mzenoh_codec::common::extension[0m[2m:[0m Unknown Test ext: ZExtUnknown { Id: 3, Mandatory: true, Encoding: "Z64", Value: 16895379274052616995 }
[2m2026-09-14T12:52:20.759760Z[0m [31mERROR[0m codec_extension ThreadId(12) [2mzenoh_codec::common::extension[0m[2m:[0m Unknown Test ext: ZExtUnknown { Id: 4, Mandatory: true, Encoding: "Unit" }
[2m2026-09-14T12:52:20.759796Z[0m [31mERROR[0m codec_extension ThreadId(12) [2mzenoh_codec::common::extension[0m[2m:[0m Unknown Test ext: ZExtUnknown { Id: 9, Mandatory: true, Encoding: "ZBuf", Value: ZBuf { slices: [[17, 4c, 97, 43, 46, 06, 58, a1, 21, 2a, 73, 86, 16, 7c, c7, 3a, 92, d1, 0a, 7b, 86, cb, 82, 17, 19, 5f, 62, 9e, 89, 3a, 3d, 7e, a1, 0a, a1, 2a, 03, dd, 43, 87, d6, 1c, ab, c8, b8, 96, 8e]] } }
[2m2026-09-14T12:52:20.759819Z[0m [31mERROR[0m codec_extension ThreadId(12) [2mzenoh_codec::common::extension[0m[2m:[0m Unknown Test ext: ZExtUnknown { Id: 4, Mandatory: true, Encoding: "ZBuf", Value: ZBuf { slices: [[d1, 65, 23, 15, 68, f6, f5, 79, 18, 18, 3c, 4d, a3, bf, 67, b6, 67, 67, ae, ed, d7, 71, a5, 78, f6, 90, 82, e2, 22, 6c, 3b, 5d, e3, b2, bf, 85, bc, 9e, 6e, 53, 88, d1, 94, 42, 36, 62, c0, eb, 5d, 22, e0, e8, c1, c9, cc, b5, 87, f7, 67, 26, ce, 55, 4f]] } }
[2m2026-09-14T12:52:20.759853Z[0m [31mERROR[0m codec_extension ThreadId(12) [2mzenoh_codec::common::extension[0m[2m:[0m Unknown Test ext: ZExtUnknown { Id: 1, Mandatory: true, Encoding: "Unit" }
[2m2026-09-14T12:52:20.759875Z[0m [31mERROR[0m codec_extension ThreadId(12) [2mzenoh_codec::common::extension[0m[2m:[0m Unknown Test ext: ZExtUnknown { Id: 8, Mandatory: true, Encoding: "Z64", Value: 4677239798683390632 }
[2m2026-09-14T12:52:20.759895Z[0m [31mERROR[0m codec_extension ThreadId(12) [2mzenoh_codec::common::extension[0m[2m:[0m Unknown Test ext: ZExtUnknown { Id: 12, Mandatory: true, Encoding: "Z64", Value: 13906227691001988274 }
[2m2026-09-14T12:52:20.759930Z[0m [31mERROR[0m codec_extension ThreadId(12) [2mzenoh_codec::common::extension[0m[2m:[0m Unknown Test ext: ZExtUnknown { Id: 0, Mandatory: true, Encoding: "Unit" }
[2m2026-09-14T12:52:20.759950Z[0m [31mERROR[0m codec_extension ThreadId(12) [2mzenoh_codec::common::extension[0m[2m:[0m Unknown Test ext: ZExtUnknown { Id: 4, Mandatory: true, Encoding: "ZBuf", Value: ZBuf { slices: [[88, 02, 51, b4, dc, fc, 86, 3f, c8, ca, 18, 5d, 4f, 58, 4f, a0, 3b, 8a, fb, 2a, a4, 76, 1e, 4d, b9, c5, 91, dc, db, 54, bc, 71, 0c, 86, fb, 16, 3f, 2b, b9, be, e2, c6, bf, 3b, 1a, 2d, ca]] } }
[2m2026-09-14T12:52:20.760057Z[0m [31mERROR[0m codec_extension ThreadId(12) [2mzenoh_codec::common::extension[0m[2m:[0m Unknown Test ext: ZExtUnknown { Id: 5, Mandatory: true, Encoding: "ZBuf", Value: ZBuf { slices: [[6f, 3d, 9e, 13, c4, 9f, b6, 23, cd, a2, 37, 33, f3, 66, 2e, f9, 61, d8, a5, c2, d7, 0c, b9, 01, bc, 86, bd, 66, f3, 0d, fe, 10, 35, dc, 49, 06, 10, 1e, ea, af, 0a, 46]] } }
[2m2026-09-14T12:52:20.760081Z[0m [31mERROR[0m codec_extension ThreadId(12) [2mzenoh_codec::common::extension[0m[2m:[0m Unknown Test ext: ZExtUnknown { Id: 3, Mandatory: true, Encoding: "Unit" }
[2m2026-09-14T12:52:20.760117Z[0m [31mERROR[0m codec_extension ThreadId(12) [2mzenoh_codec::common::extension[0m[2m:[0m Unknown Test ext: ZExtUnknown { Id: 12, Mandatory: true, Encoding: "Z64", Value: 3022389821491037716 }
[2m2026-09-14T12:52:20.760137Z[0m [31mERROR[0m codec_extension ThreadId(12) [2mzenoh_codec::common::extension[0m[2m:[0m Unknown Test ext: ZExtUnknown { Id: 9, Mandatory: true, Encoding: "ZBuf", Value: ZBuf { slices: [[1d, 58, 9a, f4, 81, 0d, a4, 3a, 2f, 22, 9f, 0e, e0, 6a, 02, aa, fc, 2b, f6]] } }
[2m2026-09-14T12:52:20.760175Z[0m [31mERROR[0m codec_extension ThreadId(12) [2mzenoh_codec::common::extension[0m[2m:[0m Unknown Test ext: ZExtUnknown { Id: 15, Mandatory: true, Encoding: "Z64", Value: 13332914343304942355 }
[2m2026-09-14T12:52:20.760206Z[0m [31mERROR[0m codec_extension ThreadId(12) [2mzenoh_codec::common::extension[0m[2m:[0m Unknown Test ext: ZExtUnknown { Id: 8, Mandatory: true, Encoding: "Unit" }
ok
test codec_fragment ... ok
test codec_fragment_header ... ok
test codec_frame ... ok
test codec_frame_header ... ok
test codec_hello ... ok
test codec_init_ack ... ok
test codec_init_syn ... ok
test codec_interest ... ok
test codec_join ... ok
test codec_keep_alive ... ok
test codec_locator ... ok
test codec_network ... ok
test codec_network_oam ... ok
test codec_open_ack ... ok
test codec_open_syn ... ok
test codec_push ... ok
test codec_put ... ok
test codec_query ... ok
test codec_reply ... ok
test codec_request ... ok
test codec_response ... ok
test codec_response_final ... ok
test codec_scout ... ok
test codec_scouting ... ok
test codec_string ... ok
test codec_string_bounded ... ok
test codec_timestamp ... ok
test codec_transport ... ok
test codec_transport_oam ... ok
test codec_undeclare_keyexpr ... ok
test codec_undeclare_queryable ... ok
test codec_undeclare_subscriber ... ok
test codec_undeclare_token ... ok
test codec_zbuf ... ok
test codec_zbuf_bounded ... ok
test codec_zid ... ok
test codec_zint ... ok
test codec_zint_bounded ... ok
test codec_zint_len ... ok
test codec_zslice ... ok
test codec_zslice_bounded ... ok
test zbuf_test ... ok

test result: ok. 53 passed; 0 failed; 0 ignored; 0 measured; 0 filtered out; finished in 1.03s

