    Finished `test` profile [unoptimized + debuginfo] target(s) in 0.40s
     Running unittests src/lib.rs (target/debug/deps/zenoh-6b58e23279eb4691)

running 101 tests
test api::cancellation::test::concurrent_cancel ... ok
test api::cancellation::test::concurrent_cancel_async ... ok
test api::cancellation::test::concurrent_cancel_with_err ... ok
test api::config::tests::insert_remove_json5_array_item ... ok
test api::config::tests::runtime_try_insert_json5_array_item_rejects_non_plugin_keys ... ok
test api::encoding::tests::hash ... ok
test api::encoding::tests::test_default_encoding ... ok
test api::encoding::tests::test_from_str ... ok
test api::encoding::tests::test_schema ... ok
test api::encoding::tests::test_to_string ... ok
test api::info::tests::test_new_from_fields_equals_new_from_peer ... ok
test api::key_expr::size_of_KeyExpr ... ok
test api::publisher::tests::priority_from ... ok
test api::publisher::tests::sample_kind_integrity_in_publication ... ok
test api::publisher::tests::sample_kind_integrity_in_put_builder ... ok
test api::selector::selector_accessors ... ok
test net::protocol::network::tests::test_gossip_singlehop_linkstate_empty_links_not_overwritten ... ok
test net::routing::dispatcher::local_resources::tests::test_aggregate ... ok
test net::routing::dispatcher::local_resources::tests::test_simple ... ok
test net::routing::dispatcher::region::region_indexes ... ok
test net::tests::regions::adminspace::test_sourced_entities_and_interests::whatami_peer_expects ... ok
test net::tests::regions::adminspace::test_sourced_entities_and_interests::whatami_router_expects ... ok
test net::tests::regions::declare::test_against_invalid_token_propagation_to_source_north_router_region ... ok
test net::tests::regions::declare::test_against_invalid_token_propagation_to_source_south_router_region ... ok
test net::tests::regions::declare::test_client_token_repropagation ... ok
test net::tests::regions::declare::test_duplicate_queryable_undeclaration ... ok
test net::tests::regions::declare::test_multiple_gateways_r2r_token_propagation_downstream ... ok
test net::tests::regions::declare::test_multiple_gateways_r2r_token_propagation_upstream ... ok
test net::tests::regions::forwarding::test_c2c_inter_subregion_data_routing ... ok
test net::tests::regions::forwarding::test_c2c_inter_subregion_query_routing ... ok
test net::tests::regions::forwarding::test_complete_queryable_failover ... ok
test net::tests::regions::forwarding::test_multiple_gateways_data_routing_p2p_downstream ... ok
test net::tests::regions::forwarding::test_multiple_gateways_data_routing_p2p_upstream ... ok
test net::tests::regions::forwarding::test_multiple_gateways_data_routing_p2p_upstream_with_interest ... ok
test net::tests::regions::forwarding::test_multiple_gateways_data_routing_p2r_upstream ... ok
test net::tests::regions::forwarding::test_multiple_gateways_data_routing_p2r_upstream_with_interest ... ok
test net::tests::regions::forwarding::test_multiple_gateways_data_routing_r2p_downstream ... ok
test net::tests::regions::forwarding::test_multiple_gateways_data_routing_r2r_downstream ... ok
test net::tests::regions::forwarding::test_multiple_gateways_data_routing_r2r_upstream ... ok
test net::tests::regions::forwarding::test_multiple_gateways_data_routing_r2r_upstream_gateway_source ... ok
test net::tests::regions::forwarding::test_multiple_gateways_query_routing_p2p_downstream ... ok
test net::tests::regions::forwarding::test_multiple_gateways_query_routing_p2p_upstream ... ok
test net::tests::regions::forwarding::test_multiple_gateways_query_routing_p2p_upstream_with_interest ... ok
test net::tests::regions::forwarding::test_multiple_gateways_query_routing_p2r_upstream ... ok
test net::tests::regions::forwarding::test_multiple_gateways_query_routing_p2r_upstream_with_interest ... ok
test net::tests::regions::forwarding::test_multiple_gateways_query_routing_r2p_downstream ... ok
test net::tests::regions::forwarding::test_multiple_gateways_query_routing_r2r_downstream ... ok
test net::tests::regions::forwarding::test_multiple_gateways_query_routing_r2r_upstream ... ok
test net::tests::regions::forwarding::test_multiple_gateways_query_routing_r2r_upstream_gateway_source ... ok
test net::tests::regions::forwarding::test_p2p_inter_subregion_data_routing ... ok
test net::tests::regions::forwarding::test_p2p_inter_subregion_query_routing ... ok
test net::tests::regions::forwarding::test_push_message_consumption ... ok
test net::tests::regions::forwarding::test_r2r_inter_subregion_data_routing ... ok
test net::tests::regions::forwarding::test_r2r_inter_subregion_query_routing ... ok
test net::tests::regions::interest::test_concurrent_current_future_interests::whatami_client_whatami_client_expects ... ok
test net::tests::regions::interest::test_concurrent_current_future_interests::whatami_client_whatami_peer_expects ... ok
test net::tests::regions::interest::test_concurrent_current_future_interests::whatami_peer_whatami_client_expects ... ok
test net::tests::regions::interest::test_concurrent_current_future_interests::whatami_peer_whatami_peer_expects ... ok
test net::tests::regions::interest::test_current_future_interest_propagation_on_open::whatami_client_whatami_client_expects ... ok
test net::tests::regions::interest::test_current_future_interest_propagation_on_open::whatami_client_whatami_peer_expects ... ok
test net::tests::regions::interest::test_current_future_interest_propagation_on_open::whatami_peer_whatami_client_expects ... ok
test net::tests::regions::interest::test_current_future_interest_propagation_on_open::whatami_peer_whatami_peer_expects ... ok
test net::tests::regions::interest::test_current_interest_finalization::whatami_client_expects ... ok
test net::tests::regions::interest::test_current_interest_finalization::whatami_peer_expects ... ok
test net::tests::regions::interest::test_current_interest_finalization::whatami_router_expects ... ok
test net::tests::regions::interest::test_current_token_repropagation ... ok
test net::tests::regions::interest::test_p2p_interest_routing_with_finalized_initial_interests ... ok
test net::tests::regions::interest::test_p2p_interest_routing_with_unfinalized_initial_interests ... ok
test net::tests::regions::oam::test_peer_singlehop_gossip_linkstate_propagation ... ok
test net::tests::runtime::tests::test_state_weak_alive_with_runtime ... ok
test net::tests::runtime::tests::test_state_weak_dead_after_close_and_drop ... ok
test net::tests::runtime::tests::test_state_weak_dead_after_drop ... ok
test net::tests::runtime::tests::test_state_weak_still_alive_after_close ... ok
test net::tests::tables::base_test ... ok
test net::tests::tables::big_key_expr ... ok
test net::tests::tables::clean_test ... ok
test net::tests::tables::client_test ... ok
test net::tests::tables::get_best_key_test ... ok
test net::tests::tables::match_test ... ok
test net::tests::tables::multisub_test ... ok
test net::tests::tables::test_response_wireexpr ... ok
test tests::interceptor_cache::test_interceptors_cache_update_egress ... ok
test tests::interceptor_cache::test_interceptors_cache_update_egress_then_ingress ... ok
test tests::interceptor_cache::test_interceptors_cache_update_ingress ... ok
test tests::link_weights::test_link_weights_diamond ... [2m2026-09-14T10:23:02.847325Z[0m [31mERROR[0m [2mzenoh_task[0m[2m:[0m Failed to terminate the task
[2m2026-09-14T10:23:02.847323Z[0m [31mERROR[0m [2mzenoh_task[0m[2m:[0m Failed to terminate the task
[2m2026-09-14T10:23:02.847322Z[0m [31mERROR[0m [2mzenoh_task[0m[2m:[0m Failed to terminate the task
[2m2026-09-14T10:23:02.847323Z[0m [31mERROR[0m [2mzenoh_task[0m[2m:[0m Failed to terminate the task
[2m2026-09-14T10:23:08.879254Z[0m [31mERROR[0m [2mzenoh_task[0m[2m:[0m Failed to terminate the task
[2m2026-09-14T10:23:08.879254Z[0m [31mERROR[0m [2mzenoh_task[0m[2m:[0m Failed to terminate the task
[2m2026-09-14T10:23:08.879254Z[0m [31mERROR[0m [2mzenoh_task[0m[2m:[0m Failed to terminate the task
[2m2026-09-14T10:23:08.879410Z[0m [31mERROR[0m [2mzenoh_task[0m[2m:[0m Failed to terminate the task
ok
test tests::link_weights::test_link_weights_hexagon ... [2m2026-09-14T10:23:14.914364Z[0m [31mERROR[0m [2mzenoh_task[0m[2m:[0m Failed to terminate the task
[2m2026-09-14T10:23:14.914364Z[0m [31mERROR[0m [2mzenoh_task[0m[2m:[0m Failed to terminate the task
[2m2026-09-14T10:23:14.914376Z[0m [31mERROR[0m [2mzenoh_task[0m[2m:[0m Failed to terminate the task
[2m2026-09-14T10:23:14.914409Z[0m [31mERROR[0m [2mzenoh_task[0m[2m:[0m Failed to terminate the task
[2m2026-09-14T10:23:20.930563Z[0m [31mERROR[0m [2mzenoh_task[0m[2m:[0m Failed to terminate the task
[2m2026-09-14T10:23:20.930560Z[0m [31mERROR[0m [2mzenoh_task[0m[2m:[0m Failed to terminate the task
[2m2026-09-14T10:23:20.930562Z[0m [31mERROR[0m [2mzenoh_task[0m[2m:[0m Failed to terminate the task
[2m2026-09-14T10:23:20.930561Z[0m [31mERROR[0m [2mzenoh_task[0m[2m:[0m Failed to terminate the task
ok
test tests::link_weights::test_link_weights_info_diamond_routers ... [2m2026-09-14T10:23:28.467319Z[0m [31mERROR[0m [2mzenoh_task[0m[2m:[0m Failed to terminate the task
[2m2026-09-14T10:23:28.467309Z[0m [31mERROR[0m [2mzenoh_task[0m[2m:[0m Failed to terminate the task
[2m2026-09-14T10:23:28.467322Z[0m [31mERROR[0m [2mzenoh_task[0m[2m:[0m Failed to terminate the task
[2m2026-09-14T10:23:28.467330Z[0m [31mERROR[0m [2mzenoh_task[0m[2m:[0m Failed to terminate the task
[2m2026-09-14T10:23:28.467335Z[0m [31mERROR[0m [2mzenoh_task[0m[2m:[0m Failed to terminate the task
[2m2026-09-14T10:23:28.467359Z[0m [31mERROR[0m [2mzenoh_task[0m[2m:[0m Failed to terminate the task
[2m2026-09-14T10:23:28.469470Z[0m [31mERROR[0m [2mzenoh_task[0m[2m:[0m Failed to terminate the task
ok
test tests::link_weights::test_link_weights_triangle ... [2m2026-09-14T10:23:36.046718Z[0m [31mERROR[0m [2mzenoh_task[0m[2m:[0m Failed to terminate the task
[2m2026-09-14T10:23:36.046714Z[0m [31mERROR[0m [2mzenoh_task[0m[2m:[0m Failed to terminate the task
[2m2026-09-14T10:23:36.046714Z[0m [31mERROR[0m [2mzenoh_task[0m[2m:[0m Failed to terminate the task
[2m2026-09-14T10:23:36.046713Z[0m [31mERROR[0m [2mzenoh_task[0m[2m:[0m Failed to terminate the task
[2m2026-09-14T10:23:36.046713Z[0m [31mERROR[0m [2mzenoh_task[0m[2m:[0m Failed to terminate the task
[2m2026-09-14T10:23:36.046720Z[0m [31mERROR[0m [2mzenoh_task[0m[2m:[0m Failed to terminate the task
[2m2026-09-14T10:23:36.046715Z[0m [31mERROR[0m [2mzenoh_task[0m[2m:[0m Failed to terminate the task
[2m2026-09-14T10:23:39.071405Z[0m [31mERROR[0m [2mzenoh_task[0m[2m:[0m Failed to terminate the task
[2m2026-09-14T10:23:39.071399Z[0m [31mERROR[0m [2mzenoh_task[0m[2m:[0m Failed to terminate the task
[2m2026-09-14T10:23:39.071396Z[0m [31mERROR[0m [2mzenoh_task[0m[2m:[0m Failed to terminate the task
[2m2026-09-14T10:23:39.071480Z[0m [31mERROR[0m [2mzenoh_task[0m[2m:[0m Failed to terminate the task
[2m2026-09-14T10:23:44.650357Z[0m [31mERROR[0m [2mzenoh_task[0m[2m:[0m Failed to terminate the task
[2m2026-09-14T10:23:44.650362Z[0m [31mERROR[0m [2mzenoh_task[0m[2m:[0m Failed to terminate the task
[2m2026-09-14T10:23:44.650355Z[0m [31mERROR[0m [2mzenoh_task[0m[2m:[0m Failed to terminate the task
[2m2026-09-14T10:23:50.170583Z[0m [31mERROR[0m [2mzenoh_task[0m[2m:[0m Failed to terminate the task
[2m2026-09-14T10:23:50.170585Z[0m [31mERROR[0m [2mzenoh_task[0m[2m:[0m Failed to terminate the task
[2m2026-09-14T10:23:50.170584Z[0m [31mERROR[0m [2mzenoh_task[0m[2m:[0m Failed to terminate the task
[2m2026-09-14T10:23:55.689773Z[0m [31mERROR[0m [2mzenoh_task[0m[2m:[0m Failed to terminate the task
[2m2026-09-14T10:23:55.689777Z[0m [31mERROR[0m [2mzenoh_task[0m[2m:[0m Failed to terminate the task
[2m2026-09-14T10:23:55.689780Z[0m [31mERROR[0m [2mzenoh_task[0m[2m:[0m Failed to terminate the task
ok
test tests::link_weights::test_link_weights_update_diamond ... [2m2026-09-14T10:24:01.210699Z[0m [31mERROR[0m [2mzenoh_task[0m[2m:[0m Failed to terminate the task
[2m2026-09-14T10:24:01.210698Z[0m [31mERROR[0m [2mzenoh_task[0m[2m:[0m Failed to terminate the task
[2m2026-09-14T10:24:01.212377Z[0m [31mERROR[0m [2mzenoh_task[0m[2m:[0m Failed to terminate the task
[2m2026-09-14T10:24:06.758071Z[0m [31mERROR[0m [2mzenoh_task[0m[2m:[0m Failed to terminate the task
[2m2026-09-14T10:24:06.758071Z[0m [31mERROR[0m [2mzenoh_task[0m[2m:[0m Failed to terminate the task
[2m2026-09-14T10:24:06.758071Z[0m [31mERROR[0m [2mzenoh_task[0m[2m:[0m Failed to terminate the task
ok
test tests::link_weights::test_link_weights_update_hexagon ... [2m2026-09-14T10:24:18.802995Z[0m [31mERROR[0m [2mzenoh_task[0m[2m:[0m Failed to terminate the task
[2m2026-09-14T10:24:18.802995Z[0m [31mERROR[0m [2mzenoh_task[0m[2m:[0m Failed to terminate the task
[2m2026-09-14T10:24:18.802996Z[0m [31mERROR[0m [2mzenoh_task[0m[2m:[0m Failed to terminate the task
[2m2026-09-14T10:24:18.803004Z[0m [31mERROR[0m [2mzenoh_task[0m[2m:[0m Failed to terminate the task
ok
test tests::query_reply::test_reply_preserves_optimized_ke ... ok
test tests::session::runtime_state_weak_tests::alive_before_close::whatami_peer_false_expects ... ok
test tests::session::runtime_state_weak_tests::alive_before_close::whatami_peer_true_expects ... ok
test tests::session::runtime_state_weak_tests::dead_after_drop::whatami_peer_false_expects ... ok
test tests::session::runtime_state_weak_tests::dead_after_drop::whatami_peer_true_expects ... ok
test tests::session::runtime_state_weak_tests::dead_after_drop_many_times::whatami_peer_false_expects ... ok
test tests::session::runtime_state_weak_tests::dead_after_drop_many_times::whatami_peer_true_expects ... ok
test tests::session::runtime_state_weak_tests::multiple_sessions_independent::whatami_peer_false_expects ... ok
test tests::session::runtime_state_weak_tests::multiple_sessions_independent::whatami_peer_true_expects ... ok
test tests::session::runtime_state_weak_tests::still_alive_after_close::whatami_peer_false_expects ... ok
test tests::session::runtime_state_weak_tests::still_alive_after_close::whatami_peer_true_expects ... ok

test result: ok. 101 passed; 0 failed; 0 ignored; 0 measured; 0 filtered out; finished in 133.11s

     Running tests/adminspace.rs (target/debug/deps/adminspace-92b90aac86731471)

running 5 tests
test test_adminspace_ronly ... [2m2026-09-14T10:24:20.441984Z[0m [31mERROR[0m test_adminspace_ronly ThreadId(02) [2mzenoh::net::runtime::adminspace[0m[2m:[0m Received PUT on '@/d899d052f4771fe0c8dcdb3fbf94d577/router/config/zid' but adminspace.permissions.write=false in configuration
[2m2026-09-14T10:24:20.442100Z[0m [31mERROR[0m test_adminspace_ronly ThreadId(02) [2mzenoh::net::runtime::adminspace[0m[2m:[0m Received PUT on '@/d899d052f4771fe0c8dcdb3fbf94d577/router/config/zid' but adminspace.permissions.write=false in configuration
ok
test test_adminspace_transports_and_links ... ok
test test_adminspace_wonly ... [2m2026-09-14T10:24:22.673203Z[0m [31mERROR[0m test_adminspace_wonly ThreadId(20) [2mzenoh::net::runtime::adminspace[0m[2m:[0m Received GET on '@/29c0644da85a66536395eeacd7fb18ce/router' but adminspace.permissions.read=false in configuration
ok
test test_adminspace_write ... [2m2026-09-14T10:24:23.183313Z[0m [31mERROR[0m test_adminspace_write ThreadId(25) [2mzenoh::net::runtime::adminspace[0m[2m:[0m Error inserting conf value @/2fb0070ddff8661b6f2fa6065a3b0bae/router/config/zid : 1 - Error inserting conf value zid : updating config is only supported for keys starting with `plugins/` at zenoh/src/api/config.rs:181.
[2m2026-09-14T10:24:23.183988Z[0m [31mERROR[0m test_adminspace_write ThreadId(25) [2mzenoh::net::runtime::adminspace[0m[2m:[0m Error deleting conf value @/2fb0070ddff8661b6f2fa6065a3b0bae/router/config/zid : Removal of values from Config is only supported for keys starting with `plugins/` at commons/zenoh-config/src/lib.rs:1397.
ok
test test_adminspace_write_with_zid_and_mode_wildcards ... ok

test result: ok. 5 passed; 0 failed; 0 ignored; 0 measured; 1 filtered out; finished in 3.78s

     Running tests/attachments.rs (target/debug/deps/attachments-405fe9918896e09f)

running 2 tests
test attachment_pubsub ... ok
test attachment_queries ... ok

test result: ok. 2 passed; 0 failed; 0 ignored; 0 measured; 0 filtered out; finished in 1.05s

     Running tests/matching.rs (target/debug/deps/matching-8a111b4eaba41156)

running 24 tests
test zenoh_matching_listener_drop_deadlock ... ok
test zenoh_publisher_matching_status ... ok
test zenoh_querier_matching_status::locality_any_testtype_clientpeer_expects ... ok
test zenoh_querier_matching_status::locality_any_testtype_clientrouterclient_expects ... ok
test zenoh_querier_matching_status::locality_any_testtype_peerclient_expects ... ok
test zenoh_querier_matching_status::locality_any_testtype_peerpeer_expects ... ok
test zenoh_querier_matching_status::locality_any_testtype_routerclient_expects ... ok
test zenoh_querier_matching_status::locality_any_testtype_routerrouter_expects ... ok
test zenoh_querier_matching_status::locality_any_testtype_samesession_expects ... ok
test zenoh_querier_matching_status::locality_remote_testtype_clientpeer_expects ... ok
test zenoh_querier_matching_status::locality_remote_testtype_clientrouterclient_expects ... ok
test zenoh_querier_matching_status::locality_remote_testtype_peerclient_expects ... ok
test zenoh_querier_matching_status::locality_remote_testtype_peerpeer_expects ... ok
test zenoh_querier_matching_status::locality_remote_testtype_routerclient_expects ... ok
test zenoh_querier_matching_status::locality_remote_testtype_routerrouter_expects ... ok
test zenoh_querier_matching_status::locality_remote_testtype_samesession_expects ... ok
test zenoh_querier_matching_status::locality_sessionlocal_testtype_clientpeer_expects ... ok
test zenoh_querier_matching_status::locality_sessionlocal_testtype_clientrouterclient_expects ... ok
test zenoh_querier_matching_status::locality_sessionlocal_testtype_peerclient_expects ... ok
test zenoh_querier_matching_status::locality_sessionlocal_testtype_peerpeer_expects ... ok
test zenoh_querier_matching_status::locality_sessionlocal_testtype_routerclient_expects ... ok
test zenoh_querier_matching_status::locality_sessionlocal_testtype_routerrouter_expects ... ok
test zenoh_querier_matching_status::locality_sessionlocal_testtype_samesession_expects ... ok
test zenoh_querier_matching_status_session_drop ... ok

test result: ok. 24 passed; 0 failed; 0 ignored; 0 measured; 0 filtered out; finished in 196.18s

     Running tests/qos.rs (target/debug/deps/qos-b04945ea34ccca1d)

running 0 tests

test result: ok. 0 passed; 0 failed; 0 ignored; 0 measured; 2 filtered out; finished in 0.00s

     Running tests/queryable.rs (target/debug/deps/queryable-93aa6d64b7b6379f)

running 1 test
test test_queryable_same_session ... ok

test result: ok. 1 passed; 0 failed; 0 ignored; 0 measured; 2 filtered out; finished in 1.59s

     Running tests/routing.rs (target/debug/deps/routing-eda43f1265016c2c)

running 8 tests
test gossip_regression_1 ... ok
test gossip_regression_2 ... ok
test gossip_regression_3 ... ok
test router_linkstate ... [2m2026-09-14T10:28:00.722666Z[0m [31mERROR[0m rx-0 ThreadId(13) [2mzenoh::api::session[0m[2m:[0m Received Data for unknown expr_id: 1
[2m2026-09-14T10:28:08.948255Z[0m [31mERROR[0m rx-1 ThreadId(14) [2mzenoh::net::routing::hat::client::token[0m[2m:[0m Unknown token [3mid[0m[2m=[0m0
[2m2026-09-14T10:28:10.828547Z[0m [31mERROR[0m net-2 ThreadId(40) [2mzenoh_task[0m[2m:[0m Failed to terminate the task
[2m2026-09-14T10:28:10.828547Z[0m [31mERROR[0m net-0 ThreadId(08) [2mzenoh_task[0m[2m:[0m Failed to terminate the task
[2m2026-09-14T10:28:13.372210Z[0m [31mERROR[0m net-1 ThreadId(12) [2mzenoh_task[0m[2m:[0m Failed to terminate the task
[2m2026-09-14T10:28:16.541026Z[0m [31mERROR[0m net-3 ThreadId(44) [2mzenoh_task[0m[2m:[0m Failed to terminate the task
[2m2026-09-14T10:28:19.058867Z[0m [31mERROR[0m net-4 ThreadId(45) [2mzenoh_task[0m[2m:[0m Failed to terminate the task
[2m2026-09-14T10:28:26.186880Z[0m [31mERROR[0m net-6 ThreadId(47) [2mzenoh_task[0m[2m:[0m Failed to terminate the task
[2m2026-09-14T10:28:26.186880Z[0m [31mERROR[0m net-5 ThreadId(46) [2mzenoh_task[0m[2m:[0m Failed to terminate the task
[2m2026-09-14T10:28:36.212515Z[0m [31mERROR[0m net-4 ThreadId(45) [2mzenoh_task[0m[2m:[0m Failed to terminate the task
[2m2026-09-14T10:28:36.212520Z[0m [31mERROR[0m net-0 ThreadId(08) [2mzenoh_task[0m[2m:[0m Failed to terminate the task
[2m2026-09-14T10:28:39.735437Z[0m [31mERROR[0m  rx-1 ThreadId(14) [2mzenoh::net::routing::hat::client::token[0m[2m:[0m Unknown token [3mid[0m[2m=[0m0
[2m2026-09-14T10:28:41.624001Z[0m [31mERROR[0m net-2 ThreadId(40) [2mzenoh_task[0m[2m:[0m Failed to terminate the task
[2m2026-09-14T10:28:44.163326Z[0m [31mERROR[0m net-6 ThreadId(47) [2mzenoh_task[0m[2m:[0m Failed to terminate the task
[2m2026-09-14T10:28:47.298089Z[0m [31mERROR[0m net-3 ThreadId(44) [2mzenoh_task[0m[2m:[0m Failed to terminate the task
[2m2026-09-14T10:28:49.845290Z[0m [31mERROR[0m net-4 ThreadId(45) [2mzenoh_task[0m[2m:[0m Failed to terminate the task
[2m2026-09-14T10:28:50.499782Z[0m [31mERROR[0m  rx-0 ThreadId(13) [2mzenoh::net::routing::hat::router::token[0m[2m:[0m Network graph doesn't contain destination node [3mnode_id[0m[2m=[0m1
[2m2026-09-14T10:28:50.499939Z[0m [31mERROR[0m  rx-0 ThreadId(13) [2mzenoh::net::routing::hat::router::token[0m[2m:[0m Network graph doesn't contain destination node [3mnode_id[0m[2m=[0m1
[2m2026-09-14T10:28:50.499978Z[0m [31mERROR[0m  rx-0 ThreadId(13) [2mzenoh::net::routing::hat::router::token[0m[2m:[0m Network graph doesn't contain destination node [3mnode_id[0m[2m=[0m1
[2m2026-09-14T10:28:58.065307Z[0m [31mERROR[0m net-6 ThreadId(47) [2mzenoh_task[0m[2m:[0m Failed to terminate the task
[2m2026-09-14T10:28:58.065300Z[0m [31mERROR[0m net-0 ThreadId(08) [2mzenoh_task[0m[2m:[0m Failed to terminate the task
[2m2026-09-14T10:28:58.065305Z[0m [31mERROR[0m net-2 ThreadId(40) [2mzenoh_task[0m[2m:[0m Failed to terminate the task
[2m2026-09-14T10:29:03.727719Z[0m [31mERROR[0m net-4 ThreadId(45) [2mzenoh_task[0m[2m:[0m Failed to terminate the task
[2m2026-09-14T10:29:03.727738Z[0m [31mERROR[0m net-5 ThreadId(46) [2mzenoh_task[0m[2m:[0m Failed to terminate the task
[2m2026-09-14T10:29:03.727718Z[0m [31mERROR[0m net-3 ThreadId(44) [2mzenoh_task[0m[2m:[0m Failed to terminate the task
ok
test scouting_delay_regression ... ok
test static_failover_brokering ... ignored, https://github.com/eclipse-zenoh/zenoh/issues/2224
test three_node_combination_multicast ... ignored, This is a flaky test
test two_node_combination ... [2m2026-09-14T10:29:06.335473Z[0m [31mERROR[0m tokio-rt-worker ThreadId(67) [2mrouting[0m[2m:[0m Failed to open session [3mnode[0m[2m=[0m"Pub client" [3merr[0m[2m=[0mUnable to connect to any of [Single(tcp/127.0.0.1:36695)]!  at zenoh/src/net/runtime/orchestrator.rs:419.
[2m2026-09-14T10:29:06.335390Z[0m [31mERROR[0m tokio-rt-worker ThreadId(69) [2mrouting[0m[2m:[0m Failed to open session [3mnode[0m[2m=[0m"Sub client" [3merr[0m[2m=[0mUnable to connect to any of [Single(tcp/127.0.0.1:35433)]!  at zenoh/src/net/runtime/orchestrator.rs:419.
[2m2026-09-14T10:29:06.338262Z[0m [31mERROR[0m tokio-rt-worker ThreadId(70) [2mrouting[0m[2m:[0m Failed to open session [3mnode[0m[2m=[0m"Sub client" [3merr[0m[2m=[0mUnable to connect to any of [Single(tcp/127.0.0.1:35661)]!  at zenoh/src/net/runtime/orchestrator.rs:419.
[2m2026-09-14T10:29:06.352977Z[0m [31mERROR[0m tokio-rt-worker ThreadId(64) [2mrouting[0m[2m:[0m Failed to open session [3mnode[0m[2m=[0m"Queryable client" [3merr[0m[2m=[0mUnable to connect to any of [Single(tcp/127.0.0.1:38035)]!  at zenoh/src/net/runtime/orchestrator.rs:419.
[2m2026-09-14T10:29:06.840674Z[0m [31mERROR[0m           net-8 ThreadId(53) [2mzenoh_task[0m[2m:[0m Failed to terminate the task
[2m2026-09-14T10:29:06.840938Z[0m [31mERROR[0m           net-1 ThreadId(12) [2mzenoh_task[0m[2m:[0m Failed to terminate the task
[2m2026-09-14T10:29:06.841469Z[0m [31mERROR[0m           net-7 ThreadId(52) [2mzenoh_task[0m[2m:[0m Failed to terminate the task
[2m2026-09-14T10:29:07.351289Z[0m [31mERROR[0m tokio-rt-worker ThreadId(74) [2mrouting[0m[2m:[0m Failed to open session [3mnode[0m[2m=[0m"Get client" [3merr[0m[2m=[0mUnable to connect to any of [Single(tcp/127.0.0.1:35661)]!  at zenoh/src/net/runtime/orchestrator.rs:419.
[2m2026-09-14T10:29:07.375636Z[0m [31mERROR[0m tokio-rt-worker ThreadId(65) [2mrouting[0m[2m:[0m Failed to open session [3mnode[0m[2m=[0m"Get client" [3merr[0m[2m=[0mUnable to connect to any of [Single(tcp/127.0.0.1:35433)]!  at zenoh/src/net/runtime/orchestrator.rs:419.
[2m2026-09-14T10:29:08.414201Z[0m [31mERROR[0m tokio-rt-worker ThreadId(70) [2mrouting[0m[2m:[0m Failed to open session [3mnode[0m[2m=[0m"LivelinessGet client" [3merr[0m[2m=[0mUnable to connect to any of [Single(tcp/127.0.0.1:35661)]!  at zenoh/src/net/runtime/orchestrator.rs:419.
[2m2026-09-14T10:29:10.044612Z[0m [31mERROR[0m            rx-0 ThreadId(13) [2mzenoh::net::routing::hat::client::token[0m[2m:[0m Unknown token [3mid[0m[2m=[0m0
[2m2026-09-14T10:29:10.061618Z[0m [31mERROR[0m            rx-0 ThreadId(13) [2mzenoh::api::session[0m[2m:[0m Received Data for unknown expr_id: 1
ok

test result: ok. 6 passed; 0 failed; 2 ignored; 0 measured; 2 filtered out; finished in 88.16s

     Running tests/session.rs (target/debug/deps/session-7aa3e77888ea414b)

running 8 tests
test test_querier_drop_pending_query_completion_callback_reentrancy ... ok
test test_session_from_cloned_config ... ok
test test_undeclare_subscribers_same_keyexpr ... ok
test zenoh_2sessions_1runtime_init ... ok
test zenoh_session_close ... ok
test zenoh_session_close_in_background_async ... ok
test zenoh_session_close_in_background_sync ... ok
test zenoh_session_unicast ... ok

test result: ok. 8 passed; 0 failed; 0 ignored; 0 measured; 1 filtered out; finished in 39.74s

     Running tests/source_info.rs (target/debug/deps/source_info-43ba225c0dee72ed)

running 4 tests
test test_source_info_pub_sub ... ok
test test_source_info_pub_sub_no_source_info ... ok
test test_source_info_query_reply ... ok
test test_source_info_query_reply_no_source_info ... ok

test result: ok. 4 passed; 0 failed; 0 ignored; 0 measured; 0 filtered out; finished in 4.45s

     Running tests/unicity.rs (target/debug/deps/unicity-4e640255455bd691)

running 2 tests
test zenoh_unicity_brokered ... ok
test zenoh_unicity_p2p ... ok

test result: ok. 2 passed; 0 failed; 0 ignored; 0 measured; 0 filtered out; finished in 25.30s

     Running unittests src/lib.rs (target/debug/deps/zenoh_codec-3e01f29e98a497b4)

running 0 tests

test result: ok. 0 passed; 0 failed; 0 ignored; 0 measured; 0 filtered out; finished in 0.00s

     Running tests/codec.rs (target/debug/deps/codec-76bfd8dfa56ebfc1)

running 53 tests
test codec_close ... ok
test codec_declare ... ok
test codec_declare_body ... ok
test codec_declare_keyexpr ... ok
test codec_declare_queryable ... ok
test codec_declare_subscriber ... ok
test codec_declare_token ... ok
test codec_del ... ok
test codec_encoding ... ok
test codec_err ... ok
test codec_extension ... [2m2026-09-14T10:30:20.672954Z[0m [31mERROR[0m codec_extension ThreadId(12) [2mzenoh_codec::common::extension[0m[2m:[0m Unknown Test ext: ZExtUnknown { Id: 0, Mandatory: true, Encoding: "Unit" }
[2m2026-09-14T10:30:20.673010Z[0m [31mERROR[0m codec_extension ThreadId(12) [2mzenoh_codec::common::extension[0m[2m:[0m Unknown Test ext: ZExtUnknown { Id: 0, Mandatory: true, Encoding: "Unit" }
[2m2026-09-14T10:30:20.673016Z[0m [31mERROR[0m codec_extension ThreadId(12) [2mzenoh_codec::common::extension[0m[2m:[0m Unknown Test ext: ZExtUnknown { Id: 0, Mandatory: true, Encoding: "Unit" }
[2m2026-09-14T10:30:20.673019Z[0m [31mERROR[0m codec_extension ThreadId(12) [2mzenoh_codec::common::extension[0m[2m:[0m Unknown Test ext: ZExtUnknown { Id: 0, Mandatory: true, Encoding: "Unit" }
[2m2026-09-14T10:30:20.673031Z[0m [31mERROR[0m codec_extension ThreadId(12) [2mzenoh_codec::common::extension[0m[2m:[0m Unknown Test ext: ZExtUnknown { Id: 0, Mandatory: true, Encoding: "Unit" }
[2m2026-09-14T10:30:20.673037Z[0m [31mERROR[0m codec_extension ThreadId(12) [2mzenoh_codec::common::extension[0m[2m:[0m Unknown Test ext: ZExtUnknown { Id: 0, Mandatory: true, Encoding: "Unit" }
[2m2026-09-14T10:30:20.673040Z[0m [31mERROR[0m codec_extension ThreadId(12) [2mzenoh_codec::common::extension[0m[2m:[0m Unknown Test ext: ZExtUnknown { Id: 0, Mandatory: true, Encoding: "Unit" }
[2m2026-09-14T10:30:20.673043Z[0m [31mERROR[0m codec_extension ThreadId(12) [2mzenoh_codec::common::extension[0m[2m:[0m Unknown Test ext: ZExtUnknown { Id: 0, Mandatory: true, Encoding: "Unit" }
[2m2026-09-14T10:30:20.673048Z[0m [31mERROR[0m codec_extension ThreadId(12) [2mzenoh_codec::common::extension[0m[2m:[0m Unknown Test ext: ZExtUnknown { Id: 0, Mandatory: true, Encoding: "Unit" }
[2m2026-09-14T10:30:20.673051Z[0m [31mERROR[0m codec_extension ThreadId(12) [2mzenoh_codec::common::extension[0m[2m:[0m Unknown Test ext: ZExtUnknown { Id: 0, Mandatory: true, Encoding: "Unit" }
[2m2026-09-14T10:30:20.673054Z[0m [31mERROR[0m codec_extension ThreadId(12) [2mzenoh_codec::common::extension[0m[2m:[0m Unknown Test ext: ZExtUnknown { Id: 0, Mandatory: true, Encoding: "Unit" }
[2m2026-09-14T10:30:20.673057Z[0m [31mERROR[0m codec_extension ThreadId(12) [2mzenoh_codec::common::extension[0m[2m:[0m Unknown Test ext: ZExtUnknown { Id: 0, Mandatory: true, Encoding: "Unit" }
[2m2026-09-14T10:30:20.673063Z[0m [31mERROR[0m codec_extension ThreadId(12) [2mzenoh_codec::common::extension[0m[2m:[0m Unknown Test ext: ZExtUnknown { Id: 0, Mandatory: true, Encoding: "Unit" }
[2m2026-09-14T10:30:20.673066Z[0m [31mERROR[0m codec_extension ThreadId(12) [2mzenoh_codec::common::extension[0m[2m:[0m Unknown Test ext: ZExtUnknown { Id: 0, Mandatory: true, Encoding: "Unit" }
[2m2026-09-14T10:30:20.673068Z[0m [31mERROR[0m codec_extension ThreadId(12) [2mzenoh_codec::common::extension[0m[2m:[0m Unknown Test ext: ZExtUnknown { Id: 0, Mandatory: true, Encoding: "Unit" }
[2m2026-09-14T10:30:20.673071Z[0m [31mERROR[0m codec_extension ThreadId(12) [2mzenoh_codec::common::extension[0m[2m:[0m Unknown Test ext: ZExtUnknown { Id: 0, Mandatory: true, Encoding: "Unit" }
[2m2026-09-14T10:30:20.673074Z[0m [31mERROR[0m codec_extension ThreadId(12) [2mzenoh_codec::common::extension[0m[2m:[0m Unknown Test ext: ZExtUnknown { Id: 0, Mandatory: true, Encoding: "Unit" }
[2m2026-09-14T10:30:20.673079Z[0m [31mERROR[0m codec_extension ThreadId(12) [2mzenoh_codec::common::extension[0m[2m:[0m Unknown Test ext: ZExtUnknown { Id: 0, Mandatory: true, Encoding: "Unit" }
[2m2026-09-14T10:30:20.673082Z[0m [31mERROR[0m codec_extension ThreadId(12) [2mzenoh_codec::common::extension[0m[2m:[0m Unknown Test ext: ZExtUnknown { Id: 0, Mandatory: true, Encoding: "Unit" }
[2m2026-09-14T10:30:20.673085Z[0m [31mERROR[0m codec_extension ThreadId(12) [2mzenoh_codec::common::extension[0m[2m:[0m Unknown Test ext: ZExtUnknown { Id: 0, Mandatory: true, Encoding: "Unit" }
[2m2026-09-14T10:30:20.673088Z[0m [31mERROR[0m codec_extension ThreadId(12) [2mzenoh_codec::common::extension[0m[2m:[0m Unknown Test ext: ZExtUnknown { Id: 0, Mandatory: true, Encoding: "Unit" }
[2m2026-09-14T10:30:20.673091Z[0m [31mERROR[0m codec_extension ThreadId(12) [2mzenoh_codec::common::extension[0m[2m:[0m Unknown Test ext: ZExtUnknown { Id: 0, Mandatory: true, Encoding: "Unit" }
[2m2026-09-14T10:30:20.673093Z[0m [31mERROR[0m codec_extension ThreadId(12) [2mzenoh_codec::common::extension[0m[2m:[0m Unknown Test ext: ZExtUnknown { Id: 0, Mandatory: true, Encoding: "Unit" }
[2m2026-09-14T10:30:20.673096Z[0m [31mERROR[0m codec_extension ThreadId(12) [2mzenoh_codec::common::extension[0m[2m:[0m Unknown Test ext: ZExtUnknown { Id: 0, Mandatory: true, Encoding: "Unit" }
[2m2026-09-14T10:30:20.673100Z[0m [31mERROR[0m codec_extension ThreadId(12) [2mzenoh_codec::common::extension[0m[2m:[0m Unknown Test ext: ZExtUnknown { Id: 0, Mandatory: true, Encoding: "Unit" }
[2m2026-09-14T10:30:20.673103Z[0m [31mERROR[0m codec_extension ThreadId(12) [2mzenoh_codec::common::extension[0m[2m:[0m Unknown Test ext: ZExtUnknown { Id: 0, Mandatory: true, Encoding: "Unit" }
[2m2026-09-14T10:30:20.673106Z[0m [31mERROR[0m codec_extension ThreadId(12) [2mzenoh_codec::common::extension[0m[2m:[0m Unknown Test ext: ZExtUnknown { Id: 0, Mandatory: true, Encoding: "Unit" }
[2m2026-09-14T10:30:20.673109Z[0m [31mERROR[0m codec_extension ThreadId(12) [2mzenoh_codec::common::extension[0m[2m:[0m Unknown Test ext: ZExtUnknown { Id: 0, Mandatory: true, Encoding: "Unit" }
[2m2026-09-14T10:30:20.673111Z[0m [31mERROR[0m codec_extension ThreadId(12) [2mzenoh_codec::common::extension[0m[2m:[0m Unknown Test ext: ZExtUnknown { Id: 0, Mandatory: true, Encoding: "Unit" }
[2m2026-09-14T10:30:20.673114Z[0m [31mERROR[0m codec_extension ThreadId(12) [2mzenoh_codec::common::extension[0m[2m:[0m Unknown Test ext: ZExtUnknown { Id: 0, Mandatory: true, Encoding: "Unit" }
[2m2026-09-14T10:30:20.673119Z[0m [31mERROR[0m codec_extension ThreadId(12) [2mzenoh_codec::common::extension[0m[2m:[0m Unknown Test ext: ZExtUnknown { Id: 0, Mandatory: true, Encoding: "Unit" }
[2m2026-09-14T10:30:20.673122Z[0m [31mERROR[0m codec_extension ThreadId(12) [2mzenoh_codec::common::extension[0m[2m:[0m Unknown Test ext: ZExtUnknown { Id: 0, Mandatory: true, Encoding: "Unit" }
[2m2026-09-14T10:30:20.673128Z[0m [31mERROR[0m codec_extension ThreadId(12) [2mzenoh_codec::common::extension[0m[2m:[0m Unknown Test ext: ZExtUnknown { Id: 0, Mandatory: true, Encoding: "Unit" }
[2m2026-09-14T10:30:20.673132Z[0m [31mERROR[0m codec_extension ThreadId(12) [2mzenoh_codec::common::extension[0m[2m:[0m Unknown Test ext: ZExtUnknown { Id: 0, Mandatory: true, Encoding: "Unit" }
[2m2026-09-14T10:30:20.673137Z[0m [31mERROR[0m codec_extension ThreadId(12) [2mzenoh_codec::common::extension[0m[2m:[0m Unknown Test ext: ZExtUnknown { Id: 0, Mandatory: true, Encoding: "Unit" }
[2m2026-09-14T10:30:20.673143Z[0m [31mERROR[0m codec_extension ThreadId(12) [2mzenoh_codec::common::extension[0m[2m:[0m Unknown Test ext: ZExtUnknown { Id: 0, Mandatory: true, Encoding: "Unit" }
[2m2026-09-14T10:30:20.673149Z[0m [31mERROR[0m codec_extension ThreadId(12) [2mzenoh_codec::common::extension[0m[2m:[0m Unknown Test ext: ZExtUnknown { Id: 0, Mandatory: true, Encoding: "Unit" }
[2m2026-09-14T10:30:20.673152Z[0m [31mERROR[0m codec_extension ThreadId(12) [2mzenoh_codec::common::extension[0m[2m:[0m Unknown Test ext: ZExtUnknown { Id: 0, Mandatory: true, Encoding: "Unit" }
[2m2026-09-14T10:30:20.673155Z[0m [31mERROR[0m codec_extension ThreadId(12) [2mzenoh_codec::common::extension[0m[2m:[0m Unknown Test ext: ZExtUnknown { Id: 0, Mandatory: true, Encoding: "Unit" }
[2m2026-09-14T10:30:20.673158Z[0m [31mERROR[0m codec_extension ThreadId(12) [2mzenoh_codec::common::extension[0m[2m:[0m Unknown Test ext: ZExtUnknown { Id: 0, Mandatory: true, Encoding: "Unit" }
[2m2026-09-14T10:30:20.673160Z[0m [31mERROR[0m codec_extension ThreadId(12) [2mzenoh_codec::common::extension[0m[2m:[0m Unknown Test ext: ZExtUnknown { Id: 0, Mandatory: true, Encoding: "Unit" }
[2m2026-09-14T10:30:20.673163Z[0m [31mERROR[0m codec_extension ThreadId(12) [2mzenoh_codec::common::extension[0m[2m:[0m Unknown Test ext: ZExtUnknown { Id: 0, Mandatory: true, Encoding: "Unit" }
[2m2026-09-14T10:30:20.673166Z[0m [31mERROR[0m codec_extension ThreadId(12) [2mzenoh_codec::common::extension[0m[2m:[0m Unknown Test ext: ZExtUnknown { Id: 0, Mandatory: true, Encoding: "Unit" }
[2m2026-09-14T10:30:20.673169Z[0m [31mERROR[0m codec_extension ThreadId(12) [2mzenoh_codec::common::extension[0m[2m:[0m Unknown Test ext: ZExtUnknown { Id: 0, Mandatory: true, Encoding: "Unit" }
[2m2026-09-14T10:30:20.673174Z[0m [31mERROR[0m codec_extension ThreadId(12) [2mzenoh_codec::common::extension[0m[2m:[0m Unknown Test ext: ZExtUnknown { Id: 0, Mandatory: true, Encoding: "Unit" }
[2m2026-09-14T10:30:20.673178Z[0m [31mERROR[0m codec_extension ThreadId(12) [2mzenoh_codec::common::extension[0m[2m:[0m Unknown Test ext: ZExtUnknown { Id: 0, Mandatory: true, Encoding: "Unit" }
[2m2026-09-14T10:30:20.673181Z[0m [31mERROR[0m codec_extension ThreadId(12) [2mzenoh_codec::common::extension[0m[2m:[0m Unknown Test ext: ZExtUnknown { Id: 0, Mandatory: true, Encoding: "Unit" }
[2m2026-09-14T10:30:20.673184Z[0m [31mERROR[0m codec_extension ThreadId(12) [2mzenoh_codec::common::extension[0m[2m:[0m Unknown Test ext: ZExtUnknown { Id: 0, Mandatory: true, Encoding: "Unit" }
[2m2026-09-14T10:30:20.673186Z[0m [31mERROR[0m codec_extension ThreadId(12) [2mzenoh_codec::common::extension[0m[2m:[0m Unknown Test ext: ZExtUnknown { Id: 0, Mandatory: true, Encoding: "Unit" }
[2m2026-09-14T10:30:20.673189Z[0m [31mERROR[0m codec_extension ThreadId(12) [2mzenoh_codec::common::extension[0m[2m:[0m Unknown Test ext: ZExtUnknown { Id: 0, Mandatory: true, Encoding: "Unit" }
[2m2026-09-14T10:30:20.673192Z[0m [31mERROR[0m codec_extension ThreadId(12) [2mzenoh_codec::common::extension[0m[2m:[0m Unknown Test ext: ZExtUnknown { Id: 0, Mandatory: true, Encoding: "Unit" }
[2m2026-09-14T10:30:20.673196Z[0m [31mERROR[0m codec_extension ThreadId(12) [2mzenoh_codec::common::extension[0m[2m:[0m Unknown Test ext: ZExtUnknown { Id: 0, Mandatory: true, Encoding: "Unit" }
[2m2026-09-14T10:30:20.673200Z[0m [31mERROR[0m codec_extension ThreadId(12) [2mzenoh_codec::common::extension[0m[2m:[0m Unknown Test ext: ZExtUnknown { Id: 0, Mandatory: true, Encoding: "Unit" }
[2m2026-09-14T10:30:20.673203Z[0m [31mERROR[0m codec_extension ThreadId(12) [2mzenoh_codec::common::extension[0m[2m:[0m Unknown Test ext: ZExtUnknown { Id: 0, Mandatory: true, Encoding: "Unit" }
[2m2026-09-14T10:30:20.673205Z[0m [31mERROR[0m codec_extension ThreadId(12) [2mzenoh_codec::common::extension[0m[2m:[0m Unknown Test ext: ZExtUnknown { Id: 0, Mandatory: true, Encoding: "Unit" }
[2m2026-09-14T10:30:20.673208Z[0m [31mERROR[0m codec_extension ThreadId(12) [2mzenoh_codec::common::extension[0m[2m:[0m Unknown Test ext: ZExtUnknown { Id: 0, Mandatory: true, Encoding: "Unit" }
[2m2026-09-14T10:30:20.673211Z[0m [31mERROR[0m codec_extension ThreadId(12) [2mzenoh_codec::common::extension[0m[2m:[0m Unknown Test ext: ZExtUnknown { Id: 0, Mandatory: true, Encoding: "Unit" }
[2m2026-09-14T10:30:20.673216Z[0m [31mERROR[0m codec_extension ThreadId(12) [2mzenoh_codec::common::extension[0m[2m:[0m Unknown Test ext: ZExtUnknown { Id: 0, Mandatory: true, Encoding: "Unit" }
[2m2026-09-14T10:30:20.673286Z[0m [31mERROR[0m codec_extension ThreadId(12) [2mzenoh_codec::common::extension[0m[2m:[0m Unknown Test ext: ZExtUnknown { Id: 0, Mandatory: true, Encoding: "Unit" }
[2m2026-09-14T10:30:20.673298Z[0m [31mERROR[0m codec_extension ThreadId(12) [2mzenoh_codec::common::extension[0m[2m:[0m Unknown Test ext: ZExtUnknown { Id: 0, Mandatory: true, Encoding: "Unit" }
[2m2026-09-14T10:30:20.673302Z[0m [31mERROR[0m codec_extension ThreadId(12) [2mzenoh_codec::common::extension[0m[2m:[0m Unknown Test ext: ZExtUnknown { Id: 0, Mandatory: true, Encoding: "Unit" }
[2m2026-09-14T10:30:20.673309Z[0m [31mERROR[0m codec_extension ThreadId(12) [2mzenoh_codec::common::extension[0m[2m:[0m Unknown Test ext: ZExtUnknown { Id: 0, Mandatory: true, Encoding: "Unit" }
[2m2026-09-14T10:30:20.673313Z[0m [31mERROR[0m codec_extension ThreadId(12) [2mzenoh_codec::common::extension[0m[2m:[0m Unknown Test ext: ZExtUnknown { Id: 0, Mandatory: true, Encoding: "Unit" }
[2m2026-09-14T10:30:20.673317Z[0m [31mERROR[0m codec_extension ThreadId(12) [2mzenoh_codec::common::extension[0m[2m:[0m Unknown Test ext: ZExtUnknown { Id: 0, Mandatory: true, Encoding: "Unit" }
[2m2026-09-14T10:30:20.673342Z[0m [31mERROR[0m codec_extension ThreadId(12) [2mzenoh_codec::common::extension[0m[2m:[0m Unknown Test ext: ZExtUnknown { Id: 0, Mandatory: true, Encoding: "Unit" }
[2m2026-09-14T10:30:20.673354Z[0m [31mERROR[0m codec_extension ThreadId(12) [2mzenoh_codec::common::extension[0m[2m:[0m Unknown Test ext: ZExtUnknown { Id: 0, Mandatory: true, Encoding: "Unit" }
[2m2026-09-14T10:30:20.673362Z[0m [31mERROR[0m codec_extension ThreadId(12) [2mzenoh_codec::common::extension[0m[2m:[0m Unknown Test ext: ZExtUnknown { Id: 0, Mandatory: true, Encoding: "Unit" }
[2m2026-09-14T10:30:20.673367Z[0m [31mERROR[0m codec_extension ThreadId(12) [2mzenoh_codec::common::extension[0m[2m:[0m Unknown Test ext: ZExtUnknown { Id: 0, Mandatory: true, Encoding: "Unit" }
[2m2026-09-14T10:30:20.673370Z[0m [31mERROR[0m codec_extension ThreadId(12) [2mzenoh_codec::common::extension[0m[2m:[0m Unknown Test ext: ZExtUnknown { Id: 0, Mandatory: true, Encoding: "Unit" }
[2m2026-09-14T10:30:20.673374Z[0m [31mERROR[0m codec_extension ThreadId(12) [2mzenoh_codec::common::extension[0m[2m:[0m Unknown Test ext: ZExtUnknown { Id: 0, Mandatory: true, Encoding: "Unit" }
[2m2026-09-14T10:30:20.673377Z[0m [31mERROR[0m codec_extension ThreadId(12) [2mzenoh_codec::common::extension[0m[2m:[0m Unknown Test ext: ZExtUnknown { Id: 0, Mandatory: true, Encoding: "Unit" }
[2m2026-09-14T10:30:20.673384Z[0m [31mERROR[0m codec_extension ThreadId(12) [2mzenoh_codec::common::extension[0m[2m:[0m Unknown Test ext: ZExtUnknown { Id: 0, Mandatory: true, Encoding: "Unit" }
[2m2026-09-14T10:30:20.673391Z[0m [31mERROR[0m codec_extension ThreadId(12) [2mzenoh_codec::common::extension[0m[2m:[0m Unknown Test ext: ZExtUnknown { Id: 0, Mandatory: true, Encoding: "Unit" }
[2m2026-09-14T10:30:20.673394Z[0m [31mERROR[0m codec_extension ThreadId(12) [2mzenoh_codec::common::extension[0m[2m:[0m Unknown Test ext: ZExtUnknown { Id: 0, Mandatory: true, Encoding: "Unit" }
[2m2026-09-14T10:30:20.673397Z[0m [31mERROR[0m codec_extension ThreadId(12) [2mzenoh_codec::common::extension[0m[2m:[0m Unknown Test ext: ZExtUnknown { Id: 0, Mandatory: true, Encoding: "Unit" }
[2m2026-09-14T10:30:20.673401Z[0m [31mERROR[0m codec_extension ThreadId(12) [2mzenoh_codec::common::extension[0m[2m:[0m Unknown Test ext: ZExtUnknown { Id: 0, Mandatory: true, Encoding: "Unit" }
[2m2026-09-14T10:30:20.673404Z[0m [31mERROR[0m codec_extension ThreadId(12) [2mzenoh_codec::common::extension[0m[2m:[0m Unknown Test ext: ZExtUnknown { Id: 0, Mandatory: true, Encoding: "Unit" }
[2m2026-09-14T10:30:20.673408Z[0m [31mERROR[0m codec_extension ThreadId(12) [2mzenoh_codec::common::extension[0m[2m:[0m Unknown Test ext: ZExtUnknown { Id: 0, Mandatory: true, Encoding: "Unit" }
[2m2026-09-14T10:30:20.673411Z[0m [31mERROR[0m codec_extension ThreadId(12) [2mzenoh_codec::common::extension[0m[2m:[0m Unknown Test ext: ZExtUnknown { Id: 0, Mandatory: true, Encoding: "Unit" }
[2m2026-09-14T10:30:20.673415Z[0m [31mERROR[0m codec_extension ThreadId(12) [2mzenoh_codec::common::extension[0m[2m:[0m Unknown Test ext: ZExtUnknown { Id: 0, Mandatory: true, Encoding: "Unit" }
[2m2026-09-14T10:30:20.673418Z[0m [31mERROR[0m codec_extension ThreadId(12) [2mzenoh_codec::common::extension[0m[2m:[0m Unknown Test ext: ZExtUnknown { Id: 0, Mandatory: true, Encoding: "Unit" }
[2m2026-09-14T10:30:20.673421Z[0m [31mERROR[0m codec_extension ThreadId(12) [2mzenoh_codec::common::extension[0m[2m:[0m Unknown Test ext: ZExtUnknown { Id: 0, Mandatory: true, Encoding: "Unit" }
[2m2026-09-14T10:30:20.673427Z[0m [31mERROR[0m codec_extension ThreadId(12) [2mzenoh_codec::common::extension[0m[2m:[0m Unknown Test ext: ZExtUnknown { Id: 0, Mandatory: true, Encoding: "Unit" }
[2m2026-09-14T10:30:20.673431Z[0m [31mERROR[0m codec_extension ThreadId(12) [2mzenoh_codec::common::extension[0m[2m:[0m Unknown Test ext: ZExtUnknown { Id: 0, Mandatory: true, Encoding: "Unit" }
[2m2026-09-14T10:30:20.673437Z[0m [31mERROR[0m codec_extension ThreadId(12) [2mzenoh_codec::common::extension[0m[2m:[0m Unknown Test ext: ZExtUnknown { Id: 0, Mandatory: true, Encoding: "Unit" }
[2m2026-09-14T10:30:20.673446Z[0m [31mERROR[0m codec_extension ThreadId(12) [2mzenoh_codec::common::extension[0m[2m:[0m Unknown Test ext: ZExtUnknown { Id: 0, Mandatory: true, Encoding: "Unit" }
[2m2026-09-14T10:30:20.673450Z[0m [31mERROR[0m codec_extension ThreadId(12) [2mzenoh_codec::common::extension[0m[2m:[0m Unknown Test ext: ZExtUnknown { Id: 0, Mandatory: true, Encoding: "Unit" }
[2m2026-09-14T10:30:20.673453Z[0m [31mERROR[0m codec_extension ThreadId(12) [2mzenoh_codec::common::extension[0m[2m:[0m Unknown Test ext: ZExtUnknown { Id: 0, Mandatory: true, Encoding: "Unit" }
[2m2026-09-14T10:30:20.673457Z[0m [31mERROR[0m codec_extension ThreadId(12) [2mzenoh_codec::common::extension[0m[2m:[0m Unknown Test ext: ZExtUnknown { Id: 0, Mandatory: true, Encoding: "Unit" }
[2m2026-09-14T10:30:20.673460Z[0m [31mERROR[0m codec_extension ThreadId(12) [2mzenoh_codec::common::extension[0m[2m:[0m Unknown Test ext: ZExtUnknown { Id: 0, Mandatory: true, Encoding: "Unit" }
[2m2026-09-14T10:30:20.673464Z[0m [31mERROR[0m codec_extension ThreadId(12) [2mzenoh_codec::common::extension[0m[2m:[0m Unknown Test ext: ZExtUnknown { Id: 0, Mandatory: true, Encoding: "Unit" }
[2m2026-09-14T10:30:20.673467Z[0m [31mERROR[0m codec_extension ThreadId(12) [2mzenoh_codec::common::extension[0m[2m:[0m Unknown Test ext: ZExtUnknown { Id: 0, Mandatory: true, Encoding: "Unit" }
[2m2026-09-14T10:30:20.673470Z[0m [31mERROR[0m codec_extension ThreadId(12) [2mzenoh_codec::common::extension[0m[2m:[0m Unknown Test ext: ZExtUnknown { Id: 0, Mandatory: true, Encoding: "Unit" }
[2m2026-09-14T10:30:20.673474Z[0m [31mERROR[0m codec_extension ThreadId(12) [2mzenoh_codec::common::extension[0m[2m:[0m Unknown Test ext: ZExtUnknown { Id: 0, Mandatory: true, Encoding: "Unit" }
[2m2026-09-14T10:30:20.673480Z[0m [31mERROR[0m codec_extension ThreadId(12) [2mzenoh_codec::common::extension[0m[2m:[0m Unknown Test ext: ZExtUnknown { Id: 0, Mandatory: true, Encoding: "Unit" }
[2m2026-09-14T10:30:20.673485Z[0m [31mERROR[0m codec_extension ThreadId(12) [2mzenoh_codec::common::extension[0m[2m:[0m Unknown Test ext: ZExtUnknown { Id: 0, Mandatory: true, Encoding: "Unit" }
[2m2026-09-14T10:30:20.673491Z[0m [31mERROR[0m codec_extension ThreadId(12) [2mzenoh_codec::common::extension[0m[2m:[0m Unknown Test ext: ZExtUnknown { Id: 0, Mandatory: true, Encoding: "Unit" }
[2m2026-09-14T10:30:20.673494Z[0m [31mERROR[0m codec_extension ThreadId(12) [2mzenoh_codec::common::extension[0m[2m:[0m Unknown Test ext: ZExtUnknown { Id: 0, Mandatory: true, Encoding: "Unit" }
[2m2026-09-14T10:30:20.673498Z[0m [31mERROR[0m codec_extension ThreadId(12) [2mzenoh_codec::common::extension[0m[2m:[0m Unknown Test ext: ZExtUnknown { Id: 0, Mandatory: true, Encoding: "Unit" }
[2m2026-09-14T10:30:20.673501Z[0m [31mERROR[0m codec_extension ThreadId(12) [2mzenoh_codec::common::extension[0m[2m:[0m Unknown Test ext: ZExtUnknown { Id: 0, Mandatory: true, Encoding: "Unit" }
[2m2026-09-14T10:30:20.673512Z[0m [31mERROR[0m codec_extension ThreadId(12) [2mzenoh_codec::common::extension[0m[2m:[0m Unknown Test ext: ZExtUnknown { Id: 0, Mandatory: true, Encoding: "Unit" }
[2m2026-09-14T10:30:20.673518Z[0m [31mERROR[0m codec_extension ThreadId(12) [2mzenoh_codec::common::extension[0m[2m:[0m Unknown Test ext: ZExtUnknown { Id: 0, Mandatory: true, Encoding: "Unit" }
[2m2026-09-14T10:30:20.673521Z[0m [31mERROR[0m codec_extension ThreadId(12) [2mzenoh_codec::common::extension[0m[2m:[0m Unknown Test ext: ZExtUnknown { Id: 0, Mandatory: true, Encoding: "Unit" }
[2m2026-09-14T10:30:20.673529Z[0m [31mERROR[0m codec_extension ThreadId(12) [2mzenoh_codec::common::extension[0m[2m:[0m Unknown Test ext: ZExtUnknown { Id: 0, Mandatory: true, Encoding: "Unit" }
[2m2026-09-14T10:30:20.673534Z[0m [31mERROR[0m codec_extension ThreadId(12) [2mzenoh_codec::common::extension[0m[2m:[0m Unknown Test ext: ZExtUnknown { Id: 0, Mandatory: true, Encoding: "Unit" }
[2m2026-09-14T10:30:20.673539Z[0m [31mERROR[0m codec_extension ThreadId(12) [2mzenoh_codec::common::extension[0m[2m:[0m Unknown Test ext: ZExtUnknown { Id: 0, Mandatory: true, Encoding: "Unit" }
[2m2026-09-14T10:30:20.673543Z[0m [31mERROR[0m codec_extension ThreadId(12) [2mzenoh_codec::common::extension[0m[2m:[0m Unknown Test ext: ZExtUnknown { Id: 0, Mandatory: true, Encoding: "Unit" }
[2m2026-09-14T10:30:20.673546Z[0m [31mERROR[0m codec_extension ThreadId(12) [2mzenoh_codec::common::extension[0m[2m:[0m Unknown Test ext: ZExtUnknown { Id: 0, Mandatory: true, Encoding: "Unit" }
[2m2026-09-14T10:30:20.673550Z[0m [31mERROR[0m codec_extension ThreadId(12) [2mzenoh_codec::common::extension[0m[2m:[0m Unknown Test ext: ZExtUnknown { Id: 0, Mandatory: true, Encoding: "Unit" }
[2m2026-09-14T10:30:20.673553Z[0m [31mERROR[0m codec_extension ThreadId(12) [2mzenoh_codec::common::extension[0m[2m:[0m Unknown Test ext: ZExtUnknown { Id: 0, Mandatory: true, Encoding: "Unit" }
[2m2026-09-14T10:30:20.673557Z[0m [31mERROR[0m codec_extension ThreadId(12) [2mzenoh_codec::common::extension[0m[2m:[0m Unknown Test ext: ZExtUnknown { Id: 0, Mandatory: true, Encoding: "Unit" }
[2m2026-09-14T10:30:20.673561Z[0m [31mERROR[0m codec_extension ThreadId(12) [2mzenoh_codec::common::extension[0m[2m:[0m Unknown Test ext: ZExtUnknown { Id: 0, Mandatory: true, Encoding: "Unit" }
[2m2026-09-14T10:30:20.673569Z[0m [31mERROR[0m codec_extension ThreadId(12) [2mzenoh_codec::common::extension[0m[2m:[0m Unknown Test ext: ZExtUnknown { Id: 0, Mandatory: true, Encoding: "Unit" }
[2m2026-09-14T10:30:20.673575Z[0m [31mERROR[0m codec_extension ThreadId(12) [2mzenoh_codec::common::extension[0m[2m:[0m Unknown Test ext: ZExtUnknown { Id: 0, Mandatory: true, Encoding: "Unit" }
[2m2026-09-14T10:30:20.673578Z[0m [31mERROR[0m codec_extension ThreadId(12) [2mzenoh_codec::common::extension[0m[2m:[0m Unknown Test ext: ZExtUnknown { Id: 0, Mandatory: true, Encoding: "Unit" }
[2m2026-09-14T10:30:20.673582Z[0m [31mERROR[0m codec_extension ThreadId(12) [2mzenoh_codec::common::extension[0m[2m:[0m Unknown Test ext: ZExtUnknown { Id: 0, Mandatory: true, Encoding: "Unit" }
[2m2026-09-14T10:30:20.673585Z[0m [31mERROR[0m codec_extension ThreadId(12) [2mzenoh_codec::common::extension[0m[2m:[0m Unknown Test ext: ZExtUnknown { Id: 0, Mandatory: true, Encoding: "Unit" }
[2m2026-09-14T10:30:20.673589Z[0m [31mERROR[0m codec_extension ThreadId(12) [2mzenoh_codec::common::extension[0m[2m:[0m Unknown Test ext: ZExtUnknown { Id: 0, Mandatory: true, Encoding: "Unit" }
[2m2026-09-14T10:30:20.673592Z[0m [31mERROR[0m codec_extension ThreadId(12) [2mzenoh_codec::common::extension[0m[2m:[0m Unknown Test ext: ZExtUnknown { Id: 0, Mandatory: true, Encoding: "Unit" }
[2m2026-09-14T10:30:20.673596Z[0m [31mERROR[0m codec_extension ThreadId(12) [2mzenoh_codec::common::extension[0m[2m:[0m Unknown Test ext: ZExtUnknown { Id: 0, Mandatory: true, Encoding: "Unit" }
[2m2026-09-14T10:30:20.673599Z[0m [31mERROR[0m codec_extension ThreadId(12) [2mzenoh_codec::common::extension[0m[2m:[0m Unknown Test ext: ZExtUnknown { Id: 0, Mandatory: true, Encoding: "Unit" }
[2m2026-09-14T10:30:20.673602Z[0m [31mERROR[0m codec_extension ThreadId(12) [2mzenoh_codec::common::extension[0m[2m:[0m Unknown Test ext: ZExtUnknown { Id: 0, Mandatory: true, Encoding: "Unit" }
[2m2026-09-14T10:30:20.673606Z[0m [31mERROR[0m codec_extension ThreadId(12) [2mzenoh_codec::common::extension[0m[2m:[0m Unknown Test ext: ZExtUnknown { Id: 0, Mandatory: true, Encoding: "Unit" }
[2m2026-09-14T10:30:20.673609Z[0m [31mERROR[0m codec_extension ThreadId(12) [2mzenoh_codec::common::extension[0m[2m:[0m Unknown Test ext: ZExtUnknown { Id: 0, Mandatory: true, Encoding: "Unit" }
[2m2026-09-14T10:30:20.673613Z[0m [31mERROR[0m codec_extension ThreadId(12) [2mzenoh_codec::common::extension[0m[2m:[0m Unknown Test ext: ZExtUnknown { Id: 0, Mandatory: true, Encoding: "Unit" }
[2m2026-09-14T10:30:20.673618Z[0m [31mERROR[0m codec_extension ThreadId(12) [2mzenoh_codec::common::extension[0m[2m:[0m Unknown Test ext: ZExtUnknown { Id: 0, Mandatory: true, Encoding: "Unit" }
[2m2026-09-14T10:30:20.673622Z[0m [31mERROR[0m codec_extension ThreadId(12) [2mzenoh_codec::common::extension[0m[2m:[0m Unknown Test ext: ZExtUnknown { Id: 0, Mandatory: true, Encoding: "Unit" }
[2m2026-09-14T10:30:20.673625Z[0m [31mERROR[0m codec_extension ThreadId(12) [2mzenoh_codec::common::extension[0m[2m:[0m Unknown Test ext: ZExtUnknown { Id: 0, Mandatory: true, Encoding: "Unit" }
[2m2026-09-14T10:30:20.673647Z[0m [31mERROR[0m codec_extension ThreadId(12) [2mzenoh_codec::common::extension[0m[2m:[0m Unknown Test ext: ZExtUnknown { Id: 0, Mandatory: true, Encoding: "Unit" }
[2m2026-09-14T10:30:20.673653Z[0m [31mERROR[0m codec_extension ThreadId(12) [2mzenoh_codec::common::extension[0m[2m:[0m Unknown Test ext: ZExtUnknown { Id: 0, Mandatory: true, Encoding: "Unit" }
[2m2026-09-14T10:30:20.673656Z[0m [31mERROR[0m codec_extension ThreadId(12) [2mzenoh_codec::common::extension[0m[2m:[0m Unknown Test ext: ZExtUnknown { Id: 0, Mandatory: true, Encoding: "Unit" }
[2m2026-09-14T10:30:20.673660Z[0m [31mERROR[0m codec_extension ThreadId(12) [2mzenoh_codec::common::extension[0m[2m:[0m Unknown Test ext: ZExtUnknown { Id: 0, Mandatory: true, Encoding: "Unit" }
[2m2026-09-14T10:30:20.673663Z[0m [31mERROR[0m codec_extension ThreadId(12) [2mzenoh_codec::common::extension[0m[2m:[0m Unknown Test ext: ZExtUnknown { Id: 0, Mandatory: true, Encoding: "Unit" }
[2m2026-09-14T10:30:20.673675Z[0m [31mERROR[0m codec_extension ThreadId(12) [2mzenoh_codec::common::extension[0m[2m:[0m Unknown Test ext: ZExtUnknown { Id: 0, Mandatory: true, Encoding: "Unit" }
[2m2026-09-14T10:30:20.673679Z[0m [31mERROR[0m codec_extension ThreadId(12) [2mzenoh_codec::common::extension[0m[2m:[0m Unknown Test ext: ZExtUnknown { Id: 0, Mandatory: true, Encoding: "Unit" }
[2m2026-09-14T10:30:20.673682Z[0m [31mERROR[0m codec_extension ThreadId(12) [2mzenoh_codec::common::extension[0m[2m:[0m Unknown Test ext: ZExtUnknown { Id: 0, Mandatory: true, Encoding: "Unit" }
[2m2026-09-14T10:30:20.673699Z[0m [31mERROR[0m codec_extension ThreadId(12) [2mzenoh_codec::common::extension[0m[2m:[0m Unknown Test ext: ZExtUnknown { Id: 0, Mandatory: true, Encoding: "Unit" }
[2m2026-09-14T10:30:20.673705Z[0m [31mERROR[0m codec_extension ThreadId(12) [2mzenoh_codec::common::extension[0m[2m:[0m Unknown Test ext: ZExtUnknown { Id: 0, Mandatory: true, Encoding: "Unit" }
[2m2026-09-14T10:30:20.673712Z[0m [31mERROR[0m codec_extension ThreadId(12) [2mzenoh_codec::common::extension[0m[2m:[0m Unknown Test ext: ZExtUnknown { Id: 0, Mandatory: true, Encoding: "Unit" }
[2m2026-09-14T10:30:20.673718Z[0m [31mERROR[0m codec_extension ThreadId(12) [2mzenoh_codec::common::extension[0m[2m:[0m Unknown Test ext: ZExtUnknown { Id: 0, Mandatory: true, Encoding: "Unit" }
[2m2026-09-14T10:30:20.673721Z[0m [31mERROR[0m codec_extension ThreadId(12) [2mzenoh_codec::common::extension[0m[2m:[0m Unknown Test ext: ZExtUnknown { Id: 0, Mandatory: true, Encoding: "Unit" }
[2m2026-09-14T10:30:20.673725Z[0m [31mERROR[0m codec_extension ThreadId(12) [2mzenoh_codec::common::extension[0m[2m:[0m Unknown Test ext: ZExtUnknown { Id: 0, Mandatory: true, Encoding: "Unit" }
[2m2026-09-14T10:30:20.673731Z[0m [31mERROR[0m codec_extension ThreadId(12) [2mzenoh_codec::common::extension[0m[2m:[0m Unknown Test ext: ZExtUnknown { Id: 0, Mandatory: true, Encoding: "Unit" }
[2m2026-09-14T10:30:20.673735Z[0m [31mERROR[0m codec_extension ThreadId(12) [2mzenoh_codec::common::extension[0m[2m:[0m Unknown Test ext: ZExtUnknown { Id: 0, Mandatory: true, Encoding: "Unit" }
[2m2026-09-14T10:30:20.673738Z[0m [31mERROR[0m codec_extension ThreadId(12) [2mzenoh_codec::common::extension[0m[2m:[0m Unknown Test ext: ZExtUnknown { Id: 0, Mandatory: true, Encoding: "Unit" }
[2m2026-09-14T10:30:20.673743Z[0m [31mERROR[0m codec_extension ThreadId(12) [2mzenoh_codec::common::extension[0m[2m:[0m Unknown Test ext: ZExtUnknown { Id: 0, Mandatory: true, Encoding: "Unit" }
[2m2026-09-14T10:30:20.673747Z[0m [31mERROR[0m codec_extension ThreadId(12) [2mzenoh_codec::common::extension[0m[2m:[0m Unknown Test ext: ZExtUnknown { Id: 0, Mandatory: true, Encoding: "Unit" }
[2m2026-09-14T10:30:20.673755Z[0m [31mERROR[0m codec_extension ThreadId(12) [2mzenoh_codec::common::extension[0m[2m:[0m Unknown Test ext: ZExtUnknown { Id: 0, Mandatory: true, Encoding: "Unit" }
[2m2026-09-14T10:30:20.673759Z[0m [31mERROR[0m codec_extension ThreadId(12) [2mzenoh_codec::common::extension[0m[2m:[0m Unknown Test ext: ZExtUnknown { Id: 0, Mandatory: true, Encoding: "Unit" }
[2m2026-09-14T10:30:20.673762Z[0m [31mERROR[0m codec_extension ThreadId(12) [2mzenoh_codec::common::extension[0m[2m:[0m Unknown Test ext: ZExtUnknown { Id: 0, Mandatory: true, Encoding: "Unit" }
[2m2026-09-14T10:30:20.673766Z[0m [31mERROR[0m codec_extension ThreadId(12) [2mzenoh_codec::common::extension[0m[2m:[0m Unknown Test ext: ZExtUnknown { Id: 0, Mandatory: true, Encoding: "Unit" }
[2m2026-09-14T10:30:20.673772Z[0m [31mERROR[0m codec_extension ThreadId(12) [2mzenoh_codec::common::extension[0m[2m:[0m Unknown Test ext: ZExtUnknown { Id: 0, Mandatory: true, Encoding: "Unit" }
[2m2026-09-14T10:30:20.673776Z[0m [31mERROR[0m codec_extension ThreadId(12) [2mzenoh_codec::common::extension[0m[2m:[0m Unknown Test ext: ZExtUnknown { Id: 0, Mandatory: true, Encoding: "Unit" }
[2m2026-09-14T10:30:20.673780Z[0m [31mERROR[0m codec_extension ThreadId(12) [2mzenoh_codec::common::extension[0m[2m:[0m Unknown Test ext: ZExtUnknown { Id: 0, Mandatory: true, Encoding: "Unit" }
[2m2026-09-14T10:30:20.673783Z[0m [31mERROR[0m codec_extension ThreadId(12) [2mzenoh_codec::common::extension[0m[2m:[0m Unknown Test ext: ZExtUnknown { Id: 0, Mandatory: true, Encoding: "Unit" }
[2m2026-09-14T10:30:20.673786Z[0m [31mERROR[0m codec_extension ThreadId(12) [2mzenoh_codec::common::extension[0m[2m:[0m Unknown Test ext: ZExtUnknown { Id: 0, Mandatory: true, Encoding: "Unit" }
[2m2026-09-14T10:30:20.673790Z[0m [31mERROR[0m codec_extension ThreadId(12) [2mzenoh_codec::common::extension[0m[2m:[0m Unknown Test ext: ZExtUnknown { Id: 0, Mandatory: true, Encoding: "Unit" }
[2m2026-09-14T10:30:20.673793Z[0m [31mERROR[0m codec_extension ThreadId(12) [2mzenoh_codec::common::extension[0m[2m:[0m Unknown Test ext: ZExtUnknown { Id: 0, Mandatory: true, Encoding: "Unit" }
[2m2026-09-14T10:30:20.673805Z[0m [31mERROR[0m codec_extension ThreadId(12) [2mzenoh_codec::common::extension[0m[2m:[0m Unknown Test ext: ZExtUnknown { Id: 0, Mandatory: true, Encoding: "Unit" }
[2m2026-09-14T10:30:20.673812Z[0m [31mERROR[0m codec_extension ThreadId(12) [2mzenoh_codec::common::extension[0m[2m:[0m Unknown Test ext: ZExtUnknown { Id: 0, Mandatory: true, Encoding: "Unit" }
[2m2026-09-14T10:30:20.673816Z[0m [31mERROR[0m codec_extension ThreadId(12) [2mzenoh_codec::common::extension[0m[2m:[0m Unknown Test ext: ZExtUnknown { Id: 0, Mandatory: true, Encoding: "Unit" }
[2m2026-09-14T10:30:20.673821Z[0m [31mERROR[0m codec_extension ThreadId(12) [2mzenoh_codec::common::extension[0m[2m:[0m Unknown Test ext: ZExtUnknown { Id: 0, Mandatory: true, Encoding: "Unit" }
[2m2026-09-14T10:30:20.673826Z[0m [31mERROR[0m codec_extension ThreadId(12) [2mzenoh_codec::common::extension[0m[2m:[0m Unknown Test ext: ZExtUnknown { Id: 0, Mandatory: true, Encoding: "Unit" }
[2m2026-09-14T10:30:20.673837Z[0m [31mERROR[0m codec_extension ThreadId(12) [2mzenoh_codec::common::extension[0m[2m:[0m Unknown Test ext: ZExtUnknown { Id: 0, Mandatory: true, Encoding: "Unit" }
[2m2026-09-14T10:30:20.673872Z[0m [31mERROR[0m codec_extension ThreadId(12) [2mzenoh_codec::common::extension[0m[2m:[0m Unknown Test ext: ZExtUnknown { Id: 0, Mandatory: true, Encoding: "Unit" }
[2m2026-09-14T10:30:20.673880Z[0m [31mERROR[0m codec_extension ThreadId(12) [2mzenoh_codec::common::extension[0m[2m:[0m Unknown Test ext: ZExtUnknown { Id: 0, Mandatory: true, Encoding: "Unit" }
[2m2026-09-14T10:30:20.673887Z[0m [31mERROR[0m codec_extension ThreadId(12) [2mzenoh_codec::common::extension[0m[2m:[0m Unknown Test ext: ZExtUnknown { Id: 0, Mandatory: true, Encoding: "Unit" }
[2m2026-09-14T10:30:20.673890Z[0m [31mERROR[0m codec_extension ThreadId(12) [2mzenoh_codec::common::extension[0m[2m:[0m Unknown Test ext: ZExtUnknown { Id: 0, Mandatory: true, Encoding: "Unit" }
[2m2026-09-14T10:30:20.673893Z[0m [31mERROR[0m codec_extension ThreadId(12) [2mzenoh_codec::common::extension[0m[2m:[0m Unknown Test ext: ZExtUnknown { Id: 0, Mandatory: true, Encoding: "Unit" }
[2m2026-09-14T10:30:20.673896Z[0m [31mERROR[0m codec_extension ThreadId(12) [2mzenoh_codec::common::extension[0m[2m:[0m Unknown Test ext: ZExtUnknown { Id: 0, Mandatory: true, Encoding: "Unit" }
[2m2026-09-14T10:30:20.673899Z[0m [31mERROR[0m codec_extension ThreadId(12) [2mzenoh_codec::common::extension[0m[2m:[0m Unknown Test ext: ZExtUnknown { Id: 0, Mandatory: true, Encoding: "Unit" }
[2m2026-09-14T10:30:20.673902Z[0m [31mERROR[0m codec_extension ThreadId(12) [2mzenoh_codec::common::extension[0m[2m:[0m Unknown Test ext: ZExtUnknown { Id: 0, Mandatory: true, Encoding: "Unit" }
[2m2026-09-14T10:30:20.673907Z[0m [31mERROR[0m codec_extension ThreadId(12) [2mzenoh_codec::common::extension[0m[2m:[0m Unknown Test ext: ZExtUnknown { Id: 0, Mandatory: true, Encoding: "Unit" }
[2m2026-09-14T10:30:20.673910Z[0m [31mERROR[0m codec_extension ThreadId(12) [2mzenoh_codec::common::extension[0m[2m:[0m Unknown Test ext: ZExtUnknown { Id: 0, Mandatory: true, Encoding: "Unit" }
[2m2026-09-14T10:30:20.673913Z[0m [31mERROR[0m codec_extension ThreadId(12) [2mzenoh_codec::common::extension[0m[2m:[0m Unknown Test ext: ZExtUnknown { Id: 0, Mandatory: true, Encoding: "Unit" }
[2m2026-09-14T10:30:20.673916Z[0m [31mERROR[0m codec_extension ThreadId(12) [2mzenoh_codec::common::extension[0m[2m:[0m Unknown Test ext: ZExtUnknown { Id: 0, Mandatory: true, Encoding: "Unit" }
[2m2026-09-14T10:30:20.673919Z[0m [31mERROR[0m codec_extension ThreadId(12) [2mzenoh_codec::common::extension[0m[2m:[0m Unknown Test ext: ZExtUnknown { Id: 0, Mandatory: true, Encoding: "Unit" }
[2m2026-09-14T10:30:20.673921Z[0m [31mERROR[0m codec_extension ThreadId(12) [2mzenoh_codec::common::extension[0m[2m:[0m Unknown Test ext: ZExtUnknown { Id: 0, Mandatory: true, Encoding: "Unit" }
[2m2026-09-14T10:30:20.673924Z[0m [31mERROR[0m codec_extension ThreadId(12) [2mzenoh_codec::common::extension[0m[2m:[0m Unknown Test ext: ZExtUnknown { Id: 0, Mandatory: true, Encoding: "Unit" }
[2m2026-09-14T10:30:20.673927Z[0m [31mERROR[0m codec_extension ThreadId(12) [2mzenoh_codec::common::extension[0m[2m:[0m Unknown Test ext: ZExtUnknown { Id: 0, Mandatory: true, Encoding: "Unit" }
[2m2026-09-14T10:30:20.673930Z[0m [31mERROR[0m codec_extension ThreadId(12) [2mzenoh_codec::common::extension[0m[2m:[0m Unknown Test ext: ZExtUnknown { Id: 0, Mandatory: true, Encoding: "Unit" }
[2m2026-09-14T10:30:20.673945Z[0m [31mERROR[0m codec_extension ThreadId(12) [2mzenoh_codec::common::extension[0m[2m:[0m Unknown Test ext: ZExtUnknown { Id: 0, Mandatory: true, Encoding: "Unit" }
[2m2026-09-14T10:30:20.673968Z[0m [31mERROR[0m codec_extension ThreadId(12) [2mzenoh_codec::common::extension[0m[2m:[0m Unknown Test ext: ZExtUnknown { Id: 0, Mandatory: true, Encoding: "Unit" }
[2m2026-09-14T10:30:20.673974Z[0m [31mERROR[0m codec_extension ThreadId(12) [2mzenoh_codec::common::extension[0m[2m:[0m Unknown Test ext: ZExtUnknown { Id: 0, Mandatory: true, Encoding: "Unit" }
[2m2026-09-14T10:30:20.673978Z[0m [31mERROR[0m codec_extension ThreadId(12) [2mzenoh_codec::common::extension[0m[2m:[0m Unknown Test ext: ZExtUnknown { Id: 0, Mandatory: true, Encoding: "Unit" }
[2m2026-09-14T10:30:20.673981Z[0m [31mERROR[0m codec_extension ThreadId(12) [2mzenoh_codec::common::extension[0m[2m:[0m Unknown Test ext: ZExtUnknown { Id: 0, Mandatory: true, Encoding: "Unit" }
[2m2026-09-14T10:30:20.673991Z[0m [31mERROR[0m codec_extension ThreadId(12) [2mzenoh_codec::common::extension[0m[2m:[0m Unknown Test ext: ZExtUnknown { Id: 0, Mandatory: true, Encoding: "Unit" }
[2m2026-09-14T10:30:20.673996Z[0m [31mERROR[0m codec_extension ThreadId(12) [2mzenoh_codec::common::extension[0m[2m:[0m Unknown Test ext: ZExtUnknown { Id: 0, Mandatory: true, Encoding: "Unit" }
[2m2026-09-14T10:30:20.673999Z[0m [31mERROR[0m codec_extension ThreadId(12) [2mzenoh_codec::common::extension[0m[2m:[0m Unknown Test ext: ZExtUnknown { Id: 0, Mandatory: true, Encoding: "Unit" }
[2m2026-09-14T10:30:20.674001Z[0m [31mERROR[0m codec_extension ThreadId(12) [2mzenoh_codec::common::extension[0m[2m:[0m Unknown Test ext: ZExtUnknown { Id: 0, Mandatory: true, Encoding: "Unit" }
[2m2026-09-14T10:30:20.674004Z[0m [31mERROR[0m codec_extension ThreadId(12) [2mzenoh_codec::common::extension[0m[2m:[0m Unknown Test ext: ZExtUnknown { Id: 0, Mandatory: true, Encoding: "Unit" }
[2m2026-09-14T10:30:20.674007Z[0m [31mERROR[0m codec_extension ThreadId(12) [2mzenoh_codec::common::extension[0m[2m:[0m Unknown Test ext: ZExtUnknown { Id: 0, Mandatory: true, Encoding: "Unit" }
[2m2026-09-14T10:30:20.674026Z[0m [31mERROR[0m codec_extension ThreadId(12) [2mzenoh_codec::common::extension[0m[2m:[0m Unknown Test ext: ZExtUnknown { Id: 0, Mandatory: true, Encoding: "Unit" }
[2m2026-09-14T10:30:20.674029Z[0m [31mERROR[0m codec_extension ThreadId(12) [2mzenoh_codec::common::extension[0m[2m:[0m Unknown Test ext: ZExtUnknown { Id: 0, Mandatory: true, Encoding: "Unit" }
[2m2026-09-14T10:30:20.674032Z[0m [31mERROR[0m codec_extension ThreadId(12) [2mzenoh_codec::common::extension[0m[2m:[0m Unknown Test ext: ZExtUnknown { Id: 0, Mandatory: true, Encoding: "Unit" }
[2m2026-09-14T10:30:20.674082Z[0m [31mERROR[0m codec_extension ThreadId(12) [2mzenoh_codec::common::extension[0m[2m:[0m Unknown Test ext: ZExtUnknown { Id: 0, Mandatory: true, Encoding: "Unit" }
[2m2026-09-14T10:30:20.674086Z[0m [31mERROR[0m codec_extension ThreadId(12) [2mzenoh_codec::common::extension[0m[2m:[0m Unknown Test ext: ZExtUnknown { Id: 0, Mandatory: true, Encoding: "Unit" }
[2m2026-09-14T10:30:20.674089Z[0m [31mERROR[0m codec_extension ThreadId(12) [2mzenoh_codec::common::extension[0m[2m:[0m Unknown Test ext: ZExtUnknown { Id: 0, Mandatory: true, Encoding: "Unit" }
[2m2026-09-14T10:30:20.674092Z[0m [31mERROR[0m codec_extension ThreadId(12) [2mzenoh_codec::common::extension[0m[2m:[0m Unknown Test ext: ZExtUnknown { Id: 0, Mandatory: true, Encoding: "Unit" }
[2m2026-09-14T10:30:20.674094Z[0m [31mERROR[0m codec_extension ThreadId(12) [2mzenoh_codec::common::extension[0m[2m:[0m Unknown Test ext: ZExtUnknown { Id: 0, Mandatory: true, Encoding: "Unit" }
[2m2026-09-14T10:30:20.674102Z[0m [31mERROR[0m codec_extension ThreadId(12) [2mzenoh_codec::common::extension[0m[2m:[0m Unknown Test ext: ZExtUnknown { Id: 0, Mandatory: true, Encoding: "Unit" }
[2m2026-09-14T10:30:20.674106Z[0m [31mERROR[0m codec_extension ThreadId(12) [2mzenoh_codec::common::extension[0m[2m:[0m Unknown Test ext: ZExtUnknown { Id: 0, Mandatory: true, Encoding: "Unit" }
[2m2026-09-14T10:30:20.674109Z[0m [31mERROR[0m codec_extension ThreadId(12) [2mzenoh_codec::common::extension[0m[2m:[0m Unknown Test ext: ZExtUnknown { Id: 0, Mandatory: true, Encoding: "Unit" }
[2m2026-09-14T10:30:20.674112Z[0m [31mERROR[0m codec_extension ThreadId(12) [2mzenoh_codec::common::extension[0m[2m:[0m Unknown Test ext: ZExtUnknown { Id: 0, Mandatory: true, Encoding: "Unit" }
[2m2026-09-14T10:30:20.674115Z[0m [31mERROR[0m codec_extension ThreadId(12) [2mzenoh_codec::common::extension[0m[2m:[0m Unknown Test ext: ZExtUnknown { Id: 0, Mandatory: true, Encoding: "Unit" }
[2m2026-09-14T10:30:20.674117Z[0m [31mERROR[0m codec_extension ThreadId(12) [2mzenoh_codec::common::extension[0m[2m:[0m Unknown Test ext: ZExtUnknown { Id: 0, Mandatory: true, Encoding: "Unit" }
[2m2026-09-14T10:30:20.674146Z[0m [31mERROR[0m codec_extension ThreadId(12) [2mzenoh_codec::common::extension[0m[2m:[0m Unknown Test ext: ZExtUnknown { Id: 0, Mandatory: true, Encoding: "Unit" }
[2m2026-09-14T10:30:20.674150Z[0m [31mERROR[0m codec_extension ThreadId(12) [2mzenoh_codec::common::extension[0m[2m:[0m Unknown Test ext: ZExtUnknown { Id: 0, Mandatory: true, Encoding: "Unit" }
[2m2026-09-14T10:30:20.674154Z[0m [31mERROR[0m codec_extension ThreadId(12) [2mzenoh_codec::common::extension[0m[2m:[0m Unknown Test ext: ZExtUnknown { Id: 0, Mandatory: true, Encoding: "Unit" }
[2m2026-09-14T10:30:20.674158Z[0m [31mERROR[0m codec_extension ThreadId(12) [2mzenoh_codec::common::extension[0m[2m:[0m Unknown Test ext: ZExtUnknown { Id: 0, Mandatory: true, Encoding: "Unit" }
[2m2026-09-14T10:30:20.674162Z[0m [31mERROR[0m codec_extension ThreadId(12) [2mzenoh_codec::common::extension[0m[2m:[0m Unknown Test ext: ZExtUnknown { Id: 0, Mandatory: true, Encoding: "Unit" }
[2m2026-09-14T10:30:20.674165Z[0m [31mERROR[0m codec_extension ThreadId(12) [2mzenoh_codec::common::extension[0m[2m:[0m Unknown Test ext: ZExtUnknown { Id: 0, Mandatory: true, Encoding: "Unit" }
[2m2026-09-14T10:30:20.674169Z[0m [31mERROR[0m codec_extension ThreadId(12) [2mzenoh_codec::common::extension[0m[2m:[0m Unknown Test ext: ZExtUnknown { Id: 0, Mandatory: true, Encoding: "Unit" }
[2m2026-09-14T10:30:20.674173Z[0m [31mERROR[0m codec_extension ThreadId(12) [2mzenoh_codec::common::extension[0m[2m:[0m Unknown Test ext: ZExtUnknown { Id: 0, Mandatory: true, Encoding: "Unit" }
[2m2026-09-14T10:30:20.674177Z[0m [31mERROR[0m codec_extension ThreadId(12) [2mzenoh_codec::common::extension[0m[2m:[0m Unknown Test ext: ZExtUnknown { Id: 0, Mandatory: true, Encoding: "Unit" }
[2m2026-09-14T10:30:20.674181Z[0m [31mERROR[0m codec_extension ThreadId(12) [2mzenoh_codec::common::extension[0m[2m:[0m Unknown Test ext: ZExtUnknown { Id: 0, Mandatory: true, Encoding: "Unit" }
[2m2026-09-14T10:30:20.674184Z[0m [31mERROR[0m codec_extension ThreadId(12) [2mzenoh_codec::common::extension[0m[2m:[0m Unknown Test ext: ZExtUnknown { Id: 0, Mandatory: true, Encoding: "Unit" }
[2m2026-09-14T10:30:20.674188Z[0m [31mERROR[0m codec_extension ThreadId(12) [2mzenoh_codec::common::extension[0m[2m:[0m Unknown Test ext: ZExtUnknown { Id: 0, Mandatory: true, Encoding: "Unit" }
[2m2026-09-14T10:30:20.674206Z[0m [31mERROR[0m codec_extension ThreadId(12) [2mzenoh_codec::common::extension[0m[2m:[0m Unknown Test ext: ZExtUnknown { Id: 0, Mandatory: true, Encoding: "Unit" }
[2m2026-09-14T10:30:20.674210Z[0m [31mERROR[0m codec_extension ThreadId(12) [2mzenoh_codec::common::extension[0m[2m:[0m Unknown Test ext: ZExtUnknown { Id: 0, Mandatory: true, Encoding: "Unit" }
[2m2026-09-14T10:30:20.674213Z[0m [31mERROR[0m codec_extension ThreadId(12) [2mzenoh_codec::common::extension[0m[2m:[0m Unknown Test ext: ZExtUnknown { Id: 0, Mandatory: true, Encoding: "Unit" }
[2m2026-09-14T10:30:20.674215Z[0m [31mERROR[0m codec_extension ThreadId(12) [2mzenoh_codec::common::extension[0m[2m:[0m Unknown Test ext: ZExtUnknown { Id: 0, Mandatory: true, Encoding: "Unit" }
[2m2026-09-14T10:30:20.674239Z[0m [31mERROR[0m codec_extension ThreadId(12) [2mzenoh_codec::common::extension[0m[2m:[0m Unknown Test ext: ZExtUnknown { Id: 0, Mandatory: true, Encoding: "Unit" }
[2m2026-09-14T10:30:20.674243Z[0m [31mERROR[0m codec_extension ThreadId(12) [2mzenoh_codec::common::extension[0m[2m:[0m Unknown Test ext: ZExtUnknown { Id: 0, Mandatory: true, Encoding: "Unit" }
[2m2026-09-14T10:30:20.674249Z[0m [31mERROR[0m codec_extension ThreadId(12) [2mzenoh_codec::common::extension[0m[2m:[0m Unknown Test ext: ZExtUnknown { Id: 0, Mandatory: true, Encoding: "Unit" }
[2m2026-09-14T10:30:20.674252Z[0m [31mERROR[0m codec_extension ThreadId(12) [2mzenoh_codec::common::extension[0m[2m:[0m Unknown Test ext: ZExtUnknown { Id: 0, Mandatory: true, Encoding: "Unit" }
[2m2026-09-14T10:30:20.674257Z[0m [31mERROR[0m codec_extension ThreadId(12) [2mzenoh_codec::common::extension[0m[2m:[0m Unknown Test ext: ZExtUnknown { Id: 0, Mandatory: true, Encoding: "Unit" }
[2m2026-09-14T10:30:20.674260Z[0m [31mERROR[0m codec_extension ThreadId(12) [2mzenoh_codec::common::extension[0m[2m:[0m Unknown Test ext: ZExtUnknown { Id: 0, Mandatory: true, Encoding: "Unit" }
[2m2026-09-14T10:30:20.674263Z[0m [31mERROR[0m codec_extension ThreadId(12) [2mzenoh_codec::common::extension[0m[2m:[0m Unknown Test ext: ZExtUnknown { Id: 0, Mandatory: true, Encoding: "Unit" }
[2m2026-09-14T10:30:20.674266Z[0m [31mERROR[0m codec_extension ThreadId(12) [2mzenoh_codec::common::extension[0m[2m:[0m Unknown Test ext: ZExtUnknown { Id: 0, Mandatory: true, Encoding: "Unit" }
[2m2026-09-14T10:30:20.674269Z[0m [31mERROR[0m codec_extension ThreadId(12) [2mzenoh_codec::common::extension[0m[2m:[0m Unknown Test ext: ZExtUnknown { Id: 0, Mandatory: true, Encoding: "Unit" }
[2m2026-09-14T10:30:20.674272Z[0m [31mERROR[0m codec_extension ThreadId(12) [2mzenoh_codec::common::extension[0m[2m:[0m Unknown Test ext: ZExtUnknown { Id: 0, Mandatory: true, Encoding: "Unit" }
[2m2026-09-14T10:30:20.674275Z[0m [31mERROR[0m codec_extension ThreadId(12) [2mzenoh_codec::common::extension[0m[2m:[0m Unknown Test ext: ZExtUnknown { Id: 0, Mandatory: true, Encoding: "Unit" }
[2m2026-09-14T10:30:20.674278Z[0m [31mERROR[0m codec_extension ThreadId(12) [2mzenoh_codec::common::extension[0m[2m:[0m Unknown Test ext: ZExtUnknown { Id: 0, Mandatory: true, Encoding: "Unit" }
[2m2026-09-14T10:30:20.674281Z[0m [31mERROR[0m codec_extension ThreadId(12) [2mzenoh_codec::common::extension[0m[2m:[0m Unknown Test ext: ZExtUnknown { Id: 0, Mandatory: true, Encoding: "Unit" }
[2m2026-09-14T10:30:20.674285Z[0m [31mERROR[0m codec_extension ThreadId(12) [2mzenoh_codec::common::extension[0m[2m:[0m Unknown Test ext: ZExtUnknown { Id: 0, Mandatory: true, Encoding: "Unit" }
[2m2026-09-14T10:30:20.674288Z[0m [31mERROR[0m codec_extension ThreadId(12) [2mzenoh_codec::common::extension[0m[2m:[0m Unknown Test ext: ZExtUnknown { Id: 0, Mandatory: true, Encoding: "Unit" }
[2m2026-09-14T10:30:20.674293Z[0m [31mERROR[0m codec_extension ThreadId(12) [2mzenoh_codec::common::extension[0m[2m:[0m Unknown Test ext: ZExtUnknown { Id: 0, Mandatory: true, Encoding: "Unit" }
[2m2026-09-14T10:30:20.674296Z[0m [31mERROR[0m codec_extension ThreadId(12) [2mzenoh_codec::common::extension[0m[2m:[0m Unknown Test ext: ZExtUnknown { Id: 0, Mandatory: true, Encoding: "Unit" }
[2m2026-09-14T10:30:20.674301Z[0m [31mERROR[0m codec_extension ThreadId(12) [2mzenoh_codec::common::extension[0m[2m:[0m Unknown Test ext: ZExtUnknown { Id: 0, Mandatory: true, Encoding: "Unit" }
[2m2026-09-14T10:30:20.674304Z[0m [31mERROR[0m codec_extension ThreadId(12) [2mzenoh_codec::common::extension[0m[2m:[0m Unknown Test ext: ZExtUnknown { Id: 0, Mandatory: true, Encoding: "Unit" }
[2m2026-09-14T10:30:20.674307Z[0m [31mERROR[0m codec_extension ThreadId(12) [2mzenoh_codec::common::extension[0m[2m:[0m Unknown Test ext: ZExtUnknown { Id: 0, Mandatory: true, Encoding: "Unit" }
[2m2026-09-14T10:30:20.674310Z[0m [31mERROR[0m codec_extension ThreadId(12) [2mzenoh_codec::common::extension[0m[2m:[0m Unknown Test ext: ZExtUnknown { Id: 0, Mandatory: true, Encoding: "Unit" }
[2m2026-09-14T10:30:20.674313Z[0m [31mERROR[0m codec_extension ThreadId(12) [2mzenoh_codec::common::extension[0m[2m:[0m Unknown Test ext: ZExtUnknown { Id: 0, Mandatory: true, Encoding: "Unit" }
[2m2026-09-14T10:30:20.674318Z[0m [31mERROR[0m codec_extension ThreadId(12) [2mzenoh_codec::common::extension[0m[2m:[0m Unknown Test ext: ZExtUnknown { Id: 0, Mandatory: true, Encoding: "Unit" }
[2m2026-09-14T10:30:20.674324Z[0m [31mERROR[0m codec_extension ThreadId(12) [2mzenoh_codec::common::extension[0m[2m:[0m Unknown Test ext: ZExtUnknown { Id: 0, Mandatory: true, Encoding: "Unit" }
[2m2026-09-14T10:30:20.674329Z[0m [31mERROR[0m codec_extension ThreadId(12) [2mzenoh_codec::common::extension[0m[2m:[0m Unknown Test ext: ZExtUnknown { Id: 0, Mandatory: true, Encoding: "Unit" }
[2m2026-09-14T10:30:20.674333Z[0m [31mERROR[0m codec_extension ThreadId(12) [2mzenoh_codec::common::extension[0m[2m:[0m Unknown Test ext: ZExtUnknown { Id: 0, Mandatory: true, Encoding: "Unit" }
[2m2026-09-14T10:30:20.674336Z[0m [31mERROR[0m codec_extension ThreadId(12) [2mzenoh_codec::common::extension[0m[2m:[0m Unknown Test ext: ZExtUnknown { Id: 0, Mandatory: true, Encoding: "Unit" }
[2m2026-09-14T10:30:20.674339Z[0m [31mERROR[0m codec_extension ThreadId(12) [2mzenoh_codec::common::extension[0m[2m:[0m Unknown Test ext: ZExtUnknown { Id: 0, Mandatory: true, Encoding: "Unit" }
[2m2026-09-14T10:30:20.674343Z[0m [31mERROR[0m codec_extension ThreadId(12) [2mzenoh_codec::common::extension[0m[2m:[0m Unknown Test ext: ZExtUnknown { Id: 0, Mandatory: true, Encoding: "Unit" }
[2m2026-09-14T10:30:20.674347Z[0m [31mERROR[0m codec_extension ThreadId(12) [2mzenoh_codec::common::extension[0m[2m:[0m Unknown Test ext: ZExtUnknown { Id: 0, Mandatory: true, Encoding: "Unit" }
[2m2026-09-14T10:30:20.674350Z[0m [31mERROR[0m codec_extension ThreadId(12) [2mzenoh_codec::common::extension[0m[2m:[0m Unknown Test ext: ZExtUnknown { Id: 0, Mandatory: true, Encoding: "Unit" }
[2m2026-09-14T10:30:20.674353Z[0m [31mERROR[0m codec_extension ThreadId(12) [2mzenoh_codec::common::extension[0m[2m:[0m Unknown Test ext: ZExtUnknown { Id: 0, Mandatory: true, Encoding: "Unit" }
[2m2026-09-14T10:30:20.674356Z[0m [31mERROR[0m codec_extension ThreadId(12) [2mzenoh_codec::common::extension[0m[2m:[0m Unknown Test ext: ZExtUnknown { Id: 0, Mandatory: true, Encoding: "Unit" }
[2m2026-09-14T10:30:20.674359Z[0m [31mERROR[0m codec_extension ThreadId(12) [2mzenoh_codec::common::extension[0m[2m:[0m Unknown Test ext: ZExtUnknown { Id: 0, Mandatory: true, Encoding: "Unit" }
[2m2026-09-14T10:30:20.674378Z[0m [31mERROR[0m codec_extension ThreadId(12) [2mzenoh_codec::common::extension[0m[2m:[0m Unknown Test ext: ZExtUnknown { Id: 0, Mandatory: true, Encoding: "Unit" }
[2m2026-09-14T10:30:20.674381Z[0m [31mERROR[0m codec_extension ThreadId(12) [2mzenoh_codec::common::extension[0m[2m:[0m Unknown Test ext: ZExtUnknown { Id: 0, Mandatory: true, Encoding: "Unit" }
[2m2026-09-14T10:30:20.674384Z[0m [31mERROR[0m codec_extension ThreadId(12) [2mzenoh_codec::common::extension[0m[2m:[0m Unknown Test ext: ZExtUnknown { Id: 0, Mandatory: true, Encoding: "Unit" }
[2m2026-09-14T10:30:20.674387Z[0m [31mERROR[0m codec_extension ThreadId(12) [2mzenoh_codec::common::extension[0m[2m:[0m Unknown Test ext: ZExtUnknown { Id: 0, Mandatory: true, Encoding: "Unit" }
[2m2026-09-14T10:30:20.674390Z[0m [31mERROR[0m codec_extension ThreadId(12) [2mzenoh_codec::common::extension[0m[2m:[0m Unknown Test ext: ZExtUnknown { Id: 0, Mandatory: true, Encoding: "Unit" }
[2m2026-09-14T10:30:20.674392Z[0m [31mERROR[0m codec_extension ThreadId(12) [2mzenoh_codec::common::extension[0m[2m:[0m Unknown Test ext: ZExtUnknown { Id: 0, Mandatory: true, Encoding: "Unit" }
[2m2026-09-14T10:30:20.674395Z[0m [31mERROR[0m codec_extension ThreadId(12) [2mzenoh_codec::common::extension[0m[2m:[0m Unknown Test ext: ZExtUnknown { Id: 0, Mandatory: true, Encoding: "Unit" }
[2m2026-09-14T10:30:20.674398Z[0m [31mERROR[0m codec_extension ThreadId(12) [2mzenoh_codec::common::extension[0m[2m:[0m Unknown Test ext: ZExtUnknown { Id: 0, Mandatory: true, Encoding: "Unit" }
[2m2026-09-14T10:30:20.674401Z[0m [31mERROR[0m codec_extension ThreadId(12) [2mzenoh_codec::common::extension[0m[2m:[0m Unknown Test ext: ZExtUnknown { Id: 0, Mandatory: true, Encoding: "Unit" }
[2m2026-09-14T10:30:20.674404Z[0m [31mERROR[0m codec_extension ThreadId(12) [2mzenoh_codec::common::extension[0m[2m:[0m Unknown Test ext: ZExtUnknown { Id: 0, Mandatory: true, Encoding: "Unit" }
[2m2026-09-14T10:30:20.674408Z[0m [31mERROR[0m codec_extension ThreadId(12) [2mzenoh_codec::common::extension[0m[2m:[0m Unknown Test ext: ZExtUnknown { Id: 0, Mandatory: true, Encoding: "Unit" }
[2m2026-09-14T10:30:20.674411Z[0m [31mERROR[0m codec_extension ThreadId(12) [2mzenoh_codec::common::extension[0m[2m:[0m Unknown Test ext: ZExtUnknown { Id: 0, Mandatory: true, Encoding: "Unit" }
[2m2026-09-14T10:30:20.674414Z[0m [31mERROR[0m codec_extension ThreadId(12) [2mzenoh_codec::common::extension[0m[2m:[0m Unknown Test ext: ZExtUnknown { Id: 0, Mandatory: true, Encoding: "Unit" }
[2m2026-09-14T10:30:20.674416Z[0m [31mERROR[0m codec_extension ThreadId(12) [2mzenoh_codec::common::extension[0m[2m:[0m Unknown Test ext: ZExtUnknown { Id: 0, Mandatory: true, Encoding: "Unit" }
[2m2026-09-14T10:30:20.674419Z[0m [31mERROR[0m codec_extension ThreadId(12) [2mzenoh_codec::common::extension[0m[2m:[0m Unknown Test ext: ZExtUnknown { Id: 0, Mandatory: true, Encoding: "Unit" }
[2m2026-09-14T10:30:20.674422Z[0m [31mERROR[0m codec_extension ThreadId(12) [2mzenoh_codec::common::extension[0m[2m:[0m Unknown Test ext: ZExtUnknown { Id: 0, Mandatory: true, Encoding: "Unit" }
[2m2026-09-14T10:30:20.674425Z[0m [31mERROR[0m codec_extension ThreadId(12) [2mzenoh_codec::common::extension[0m[2m:[0m Unknown Test ext: ZExtUnknown { Id: 0, Mandatory: true, Encoding: "Unit" }
[2m2026-09-14T10:30:20.674431Z[0m [31mERROR[0m codec_extension ThreadId(12) [2mzenoh_codec::common::extension[0m[2m:[0m Unknown Test ext: ZExtUnknown { Id: 0, Mandatory: true, Encoding: "Unit" }
[2m2026-09-14T10:30:20.674433Z[0m [31mERROR[0m codec_extension ThreadId(12) [2mzenoh_codec::common::extension[0m[2m:[0m Unknown Test ext: ZExtUnknown { Id: 0, Mandatory: true, Encoding: "Unit" }
[2m2026-09-14T10:30:20.674436Z[0m [31mERROR[0m codec_extension ThreadId(12) [2mzenoh_codec::common::extension[0m[2m:[0m Unknown Test ext: ZExtUnknown { Id: 0, Mandatory: true, Encoding: "Unit" }
[2m2026-09-14T10:30:20.674439Z[0m [31mERROR[0m codec_extension ThreadId(12) [2mzenoh_codec::common::extension[0m[2m:[0m Unknown Test ext: ZExtUnknown { Id: 0, Mandatory: true, Encoding: "Unit" }
[2m2026-09-14T10:30:20.674445Z[0m [31mERROR[0m codec_extension ThreadId(12) [2mzenoh_codec::common::extension[0m[2m:[0m Unknown Test ext: ZExtUnknown { Id: 0, Mandatory: true, Encoding: "Unit" }
[2m2026-09-14T10:30:20.674448Z[0m [31mERROR[0m codec_extension ThreadId(12) [2mzenoh_codec::common::extension[0m[2m:[0m Unknown Test ext: ZExtUnknown { Id: 0, Mandatory: true, Encoding: "Unit" }
[2m2026-09-14T10:30:20.674451Z[0m [31mERROR[0m codec_extension ThreadId(12) [2mzenoh_codec::common::extension[0m[2m:[0m Unknown Test ext: ZExtUnknown { Id: 0, Mandatory: true, Encoding: "Unit" }
[2m2026-09-14T10:30:20.674454Z[0m [31mERROR[0m codec_extension ThreadId(12) [2mzenoh_codec::common::extension[0m[2m:[0m Unknown Test ext: ZExtUnknown { Id: 0, Mandatory: true, Encoding: "Unit" }
[2m2026-09-14T10:30:20.674457Z[0m [31mERROR[0m codec_extension ThreadId(12) [2mzenoh_codec::common::extension[0m[2m:[0m Unknown Test ext: ZExtUnknown { Id: 0, Mandatory: true, Encoding: "Unit" }
[2m2026-09-14T10:30:20.674463Z[0m [31mERROR[0m codec_extension ThreadId(12) [2mzenoh_codec::common::extension[0m[2m:[0m Unknown Test ext: ZExtUnknown { Id: 0, Mandatory: true, Encoding: "Unit" }
[2m2026-09-14T10:30:20.674469Z[0m [31mERROR[0m codec_extension ThreadId(12) [2mzenoh_codec::common::extension[0m[2m:[0m Unknown Test ext: ZExtUnknown { Id: 0, Mandatory: true, Encoding: "Unit" }
[2m2026-09-14T10:30:20.674472Z[0m [31mERROR[0m codec_extension ThreadId(12) [2mzenoh_codec::common::extension[0m[2m:[0m Unknown Test ext: ZExtUnknown { Id: 0, Mandatory: true, Encoding: "Unit" }
[2m2026-09-14T10:30:20.674475Z[0m [31mERROR[0m codec_extension ThreadId(12) [2mzenoh_codec::common::extension[0m[2m:[0m Unknown Test ext: ZExtUnknown { Id: 0, Mandatory: true, Encoding: "Unit" }
[2m2026-09-14T10:30:20.674477Z[0m [31mERROR[0m codec_extension ThreadId(12) [2mzenoh_codec::common::extension[0m[2m:[0m Unknown Test ext: ZExtUnknown { Id: 0, Mandatory: true, Encoding: "Unit" }
[2m2026-09-14T10:30:20.674484Z[0m [31mERROR[0m codec_extension ThreadId(12) [2mzenoh_codec::common::extension[0m[2m:[0m Unknown Test ext: ZExtUnknown { Id: 0, Mandatory: true, Encoding: "Unit" }
[2m2026-09-14T10:30:20.674489Z[0m [31mERROR[0m codec_extension ThreadId(12) [2mzenoh_codec::common::extension[0m[2m:[0m Unknown Test ext: ZExtUnknown { Id: 0, Mandatory: true, Encoding: "Unit" }
[2m2026-09-14T10:30:20.674492Z[0m [31mERROR[0m codec_extension ThreadId(12) [2mzenoh_codec::common::extension[0m[2m:[0m Unknown Test ext: ZExtUnknown { Id: 0, Mandatory: true, Encoding: "Unit" }
[2m2026-09-14T10:30:20.674495Z[0m [31mERROR[0m codec_extension ThreadId(12) [2mzenoh_codec::common::extension[0m[2m:[0m Unknown Test ext: ZExtUnknown { Id: 0, Mandatory: true, Encoding: "Unit" }
[2m2026-09-14T10:30:20.674498Z[0m [31mERROR[0m codec_extension ThreadId(12) [2mzenoh_codec::common::extension[0m[2m:[0m Unknown Test ext: ZExtUnknown { Id: 0, Mandatory: true, Encoding: "Unit" }
[2m2026-09-14T10:30:20.674501Z[0m [31mERROR[0m codec_extension ThreadId(12) [2mzenoh_codec::common::extension[0m[2m:[0m Unknown Test ext: ZExtUnknown { Id: 0, Mandatory: true, Encoding: "Unit" }
[2m2026-09-14T10:30:20.674507Z[0m [31mERROR[0m codec_extension ThreadId(12) [2mzenoh_codec::common::extension[0m[2m:[0m Unknown Test ext: ZExtUnknown { Id: 0, Mandatory: true, Encoding: "Unit" }
[2m2026-09-14T10:30:20.674511Z[0m [31mERROR[0m codec_extension ThreadId(12) [2mzenoh_codec::common::extension[0m[2m:[0m Unknown Test ext: ZExtUnknown { Id: 0, Mandatory: true, Encoding: "Unit" }
[2m2026-09-14T10:30:20.674514Z[0m [31mERROR[0m codec_extension ThreadId(12) [2mzenoh_codec::common::extension[0m[2m:[0m Unknown Test ext: ZExtUnknown { Id: 0, Mandatory: true, Encoding: "Unit" }
[2m2026-09-14T10:30:20.674517Z[0m [31mERROR[0m codec_extension ThreadId(12) [2mzenoh_codec::common::extension[0m[2m:[0m Unknown Test ext: ZExtUnknown { Id: 0, Mandatory: true, Encoding: "Unit" }
[2m2026-09-14T10:30:20.674520Z[0m [31mERROR[0m codec_extension ThreadId(12) [2mzenoh_codec::common::extension[0m[2m:[0m Unknown Test ext: ZExtUnknown { Id: 0, Mandatory: true, Encoding: "Unit" }
[2m2026-09-14T10:30:20.674522Z[0m [31mERROR[0m codec_extension ThreadId(12) [2mzenoh_codec::common::extension[0m[2m:[0m Unknown Test ext: ZExtUnknown { Id: 0, Mandatory: true, Encoding: "Unit" }
[2m2026-09-14T10:30:20.674525Z[0m [31mERROR[0m codec_extension ThreadId(12) [2mzenoh_codec::common::extension[0m[2m:[0m Unknown Test ext: ZExtUnknown { Id: 0, Mandatory: true, Encoding: "Unit" }
[2m2026-09-14T10:30:20.674686Z[0m [31mERROR[0m codec_extension ThreadId(12) [2mzenoh_codec::common::extension[0m[2m:[0m Unknown Test ext: ZExtUnknown { Id: 1, Mandatory: true, Encoding: "Z64", Value: 6984011106242464584 }
[2m2026-09-14T10:30:20.674694Z[0m [31mERROR[0m codec_extension ThreadId(12) [2mzenoh_codec::common::extension[0m[2m:[0m Unknown Test ext: ZExtUnknown { Id: 1, Mandatory: true, Encoding: "Z64", Value: 8802586282816192832 }
[2m2026-09-14T10:30:20.674698Z[0m [31mERROR[0m codec_extension ThreadId(12) [2mzenoh_codec::common::extension[0m[2m:[0m Unknown Test ext: ZExtUnknown { Id: 1, Mandatory: true, Encoding: "Z64", Value: 5872307215331512638 }
[2m2026-09-14T10:30:20.674702Z[0m [31mERROR[0m codec_extension ThreadId(12) [2mzenoh_codec::common::extension[0m[2m:[0m Unknown Test ext: ZExtUnknown { Id: 1, Mandatory: true, Encoding: "Z64", Value: 12591908251974521361 }
[2m2026-09-14T10:30:20.674706Z[0m [31mERROR[0m codec_extension ThreadId(12) [2mzenoh_codec::common::extension[0m[2m:[0m Unknown Test ext: ZExtUnknown { Id: 1, Mandatory: true, Encoding: "Z64", Value: 3934995956851455307 }
[2m2026-09-14T10:30:20.674710Z[0m [31mERROR[0m codec_extension ThreadId(12) [2mzenoh_codec::common::extension[0m[2m:[0m Unknown Test ext: ZExtUnknown { Id: 1, Mandatory: true, Encoding: "Z64", Value: 9822805544205667758 }
[2m2026-09-14T10:30:20.674717Z[0m [31mERROR[0m codec_extension ThreadId(12) [2mzenoh_codec::common::extension[0m[2m:[0m Unknown Test ext: ZExtUnknown { Id: 1, Mandatory: true, Encoding: "Z64", Value: 1810393608302868095 }
[2m2026-09-14T10:30:20.674721Z[0m [31mERROR[0m codec_extension ThreadId(12) [2mzenoh_codec::common::extension[0m[2m:[0m Unknown Test ext: ZExtUnknown { Id: 1, Mandatory: true, Encoding: "Z64", Value: 13686791874581396930 }
[2m2026-09-14T10:30:20.674725Z[0m [31mERROR[0m codec_extension ThreadId(12) [2mzenoh_codec::common::extension[0m[2m:[0m Unknown Test ext: ZExtUnknown { Id: 1, Mandatory: true, Encoding: "Z64", Value: 2746345365119942225 }
[2m2026-09-14T10:30:20.674728Z[0m [31mERROR[0m codec_extension ThreadId(12) [2mzenoh_codec::common::extension[0m[2m:[0m Unknown Test ext: ZExtUnknown { Id: 1, Mandatory: true, Encoding: "Z64", Value: 9206291772438947741 }
[2m2026-09-14T10:30:20.674732Z[0m [31mERROR[0m codec_extension ThreadId(12) [2mzenoh_codec::common::extension[0m[2m:[0m Unknown Test ext: ZExtUnknown { Id: 1, Mandatory: true, Encoding: "Z64", Value: 9764285726226078920 }
[2m2026-09-14T10:30:20.674736Z[0m [31mERROR[0m codec_extension ThreadId(12) [2mzenoh_codec::common::extension[0m[2m:[0m Unknown Test ext: ZExtUnknown { Id: 1, Mandatory: true, Encoding: "Z64", Value: 4058937295483760543 }
[2m2026-09-14T10:30:20.674739Z[0m [31mERROR[0m codec_extension ThreadId(12) [2mzenoh_codec::common::extension[0m[2m:[0m Unknown Test ext: ZExtUnknown { Id: 1, Mandatory: true, Encoding: "Z64", Value: 2487111580958575902 }
[2m2026-09-14T10:30:20.674758Z[0m [31mERROR[0m codec_extension ThreadId(12) [2mzenoh_codec::common::extension[0m[2m:[0m Unknown Test ext: ZExtUnknown { Id: 1, Mandatory: true, Encoding: "Z64", Value: 14468755906513213441 }
[2m2026-09-14T10:30:20.674762Z[0m [31mERROR[0m codec_extension ThreadId(12) [2mzenoh_codec::common::extension[0m[2m:[0m Unknown Test ext: ZExtUnknown { Id: 1, Mandatory: true, Encoding: "Z64", Value: 2548749462598258856 }
[2m2026-09-14T10:30:20.674765Z[0m [31mERROR[0m codec_extension ThreadId(12) [2mzenoh_codec::common::extension[0m[2m:[0m Unknown Test ext: ZExtUnknown { Id: 1, Mandatory: true, Encoding: "Z64", Value: 3580594666305581540 }
[2m2026-09-14T10:30:20.674769Z[0m [31mERROR[0m codec_extension ThreadId(12) [2mzenoh_codec::common::extension[0m[2m:[0m Unknown Test ext: ZExtUnknown { Id: 1, Mandatory: true, Encoding: "Z64", Value: 7018048531953420684 }
[2m2026-09-14T10:30:20.674773Z[0m [31mERROR[0m codec_extension ThreadId(12) [2mzenoh_codec::common::extension[0m[2m:[0m Unknown Test ext: ZExtUnknown { Id: 1, Mandatory: true, Encoding: "Z64", Value: 10546596213250785130 }
[2m2026-09-14T10:30:20.674776Z[0m [31mERROR[0m codec_extension ThreadId(12) [2mzenoh_codec::common::extension[0m[2m:[0m Unknown Test ext: ZExtUnknown { Id: 1, Mandatory: true, Encoding: "Z64", Value: 1144774904969344330 }
[2m2026-09-14T10:30:20.674780Z[0m [31mERROR[0m codec_extension ThreadId(12) [2mzenoh_codec::common::extension[0m[2m:[0m Unknown Test ext: ZExtUnknown { Id: 1, Mandatory: true, Encoding: "Z64", Value: 8190209418586897441 }
[2m2026-09-14T10:30:20.674786Z[0m [31mERROR[0m codec_extension ThreadId(12) [2mzenoh_codec::common::extension[0m[2m:[0m Unknown Test ext: ZExtUnknown { Id: 1, Mandatory: true, Encoding: "Z64", Value: 5248396766582891256 }
[2m2026-09-14T10:30:20.674790Z[0m [31mERROR[0m codec_extension ThreadId(12) [2mzenoh_codec::common::extension[0m[2m:[0m Unknown Test ext: ZExtUnknown { Id: 1, Mandatory: true, Encoding: "Z64", Value: 707281816325582880 }
[2m2026-09-14T10:30:20.674796Z[0m [31mERROR[0m codec_extension ThreadId(12) [2mzenoh_codec::common::extension[0m[2m:[0m Unknown Test ext: ZExtUnknown { Id: 1, Mandatory: true, Encoding: "Z64", Value: 2290895725397801457 }
[2m2026-09-14T10:30:20.674800Z[0m [31mERROR[0m codec_extension ThreadId(12) [2mzenoh_codec::common::extension[0m[2m:[0m Unknown Test ext: ZExtUnknown { Id: 1, Mandatory: true, Encoding: "Z64", Value: 14820020116011271535 }
[2m2026-09-14T10:30:20.674805Z[0m [31mERROR[0m codec_extension ThreadId(12) [2mzenoh_codec::common::extension[0m[2m:[0m Unknown Test ext: ZExtUnknown { Id: 1, Mandatory: true, Encoding: "Z64", Value: 4166525148914375475 }
[2m2026-09-14T10:30:20.674808Z[0m [31mERROR[0m codec_extension ThreadId(12) [2mzenoh_codec::common::extension[0m[2m:[0m Unknown Test ext: ZExtUnknown { Id: 1, Mandatory: true, Encoding: "Z64", Value: 3985339842678775589 }
[2m2026-09-14T10:30:20.674812Z[0m [31mERROR[0m codec_extension ThreadId(12) [2mzenoh_codec::common::extension[0m[2m:[0m Unknown Test ext: ZExtUnknown { Id: 1, Mandatory: true, Encoding: "Z64", Value: 13727154671097399562 }
[2m2026-09-14T10:30:20.674816Z[0m [31mERROR[0m codec_extension ThreadId(12) [2mzenoh_codec::common::extension[0m[2m:[0m Unknown Test ext: ZExtUnknown { Id: 1, Mandatory: true, Encoding: "Z64", Value: 17392049543402400065 }
[2m2026-09-14T10:30:20.674819Z[0m [31mERROR[0m codec_extension ThreadId(12) [2mzenoh_codec::common::extension[0m[2m:[0m Unknown Test ext: ZExtUnknown { Id: 1, Mandatory: true, Encoding: "Z64", Value: 8316386597797342870 }
[2m2026-09-14T10:30:20.674826Z[0m [31mERROR[0m codec_extension ThreadId(12) [2mzenoh_codec::common::extension[0m[2m:[0m Unknown Test ext: ZExtUnknown { Id: 1, Mandatory: true, Encoding: "Z64", Value: 16058294955857258133 }
[2m2026-09-14T10:30:20.674832Z[0m [31mERROR[0m codec_extension ThreadId(12) [2mzenoh_codec::common::extension[0m[2m:[0m Unknown Test ext: ZExtUnknown { Id: 1, Mandatory: true, Encoding: "Z64", Value: 1170820362261839086 }
[2m2026-09-14T10:30:20.674836Z[0m [31mERROR[0m codec_extension ThreadId(12) [2mzenoh_codec::common::extension[0m[2m:[0m Unknown Test ext: ZExtUnknown { Id: 1, Mandatory: true, Encoding: "Z64", Value: 9838515416526053359 }
[2m2026-09-14T10:30:20.674839Z[0m [31mERROR[0m codec_extension ThreadId(12) [2mzenoh_codec::common::extension[0m[2m:[0m Unknown Test ext: ZExtUnknown { Id: 1, Mandatory: true, Encoding: "Z64", Value: 5563806775741743596 }
[2m2026-09-14T10:30:20.674843Z[0m [31mERROR[0m codec_extension ThreadId(12) [2mzenoh_codec::common::extension[0m[2m:[0m Unknown Test ext: ZExtUnknown { Id: 1, Mandatory: true, Encoding: "Z64", Value: 3268796529619419148 }
[2m2026-09-14T10:30:20.674863Z[0m [31mERROR[0m codec_extension ThreadId(12) [2mzenoh_codec::common::extension[0m[2m:[0m Unknown Test ext: ZExtUnknown { Id: 1, Mandatory: true, Encoding: "Z64", Value: 2989974757363031422 }
[2m2026-09-14T10:30:20.674868Z[0m [31mERROR[0m codec_extension ThreadId(12) [2mzenoh_codec::common::extension[0m[2m:[0m Unknown Test ext: ZExtUnknown { Id: 1, Mandatory: true, Encoding: "Z64", Value: 10706266672436074129 }
[2m2026-09-14T10:30:20.674871Z[0m [31mERROR[0m codec_extension ThreadId(12) [2mzenoh_codec::common::extension[0m[2m:[0m Unknown Test ext: ZExtUnknown { Id: 1, Mandatory: true, Encoding: "Z64", Value: 9656404049306652362 }
[2m2026-09-14T10:30:20.674875Z[0m [31mERROR[0m codec_extension ThreadId(12) [2mzenoh_codec::common::extension[0m[2m:[0m Unknown Test ext: ZExtUnknown { Id: 1, Mandatory: true, Encoding: "Z64", Value: 13693782754163520162 }
[2m2026-09-14T10:30:20.674879Z[0m [31mERROR[0m codec_extension ThreadId(12) [2mzenoh_codec::common::extension[0m[2m:[0m Unknown Test ext: ZExtUnknown { Id: 1, Mandatory: true, Encoding: "Z64", Value: 16497645625654711157 }
[2m2026-09-14T10:30:20.674882Z[0m [31mERROR[0m codec_extension ThreadId(12) [2mzenoh_codec::common::extension[0m[2m:[0m Unknown Test ext: ZExtUnknown { Id: 1, Mandatory: true, Encoding: "Z64", Value: 1107736527429211995 }
[2m2026-09-14T10:30:20.674889Z[0m [31mERROR[0m codec_extension ThreadId(12) [2mzenoh_codec::common::extension[0m[2m:[0m Unknown Test ext: ZExtUnknown { Id: 1, Mandatory: true, Encoding: "Z64", Value: 12639500253207774328 }
[2m2026-09-14T10:30:20.674895Z[0m [31mERROR[0m codec_extension ThreadId(12) [2mzenoh_codec::common::extension[0m[2m:[0m Unknown Test ext: ZExtUnknown { Id: 1, Mandatory: true, Encoding: "Z64", Value: 8521003880620200304 }
[2m2026-09-14T10:30:20.674900Z[0m [31mERROR[0m codec_extension ThreadId(12) [2mzenoh_codec::common::extension[0m[2m:[0m Unknown Test ext: ZExtUnknown { Id: 1, Mandatory: true, Encoding: "Z64", Value: 14268650186971588923 }
[2m2026-09-14T10:30:20.674904Z[0m [31mERROR[0m codec_extension ThreadId(12) [2mzenoh_codec::common::extension[0m[2m:[0m Unknown Test ext: ZExtUnknown { Id: 1, Mandatory: true, Encoding: "Z64", Value: 1780068607497729014 }
[2m2026-09-14T10:30:20.674907Z[0m [31mERROR[0m codec_extension ThreadId(12) [2mzenoh_codec::common::extension[0m[2m:[0m Unknown Test ext: ZExtUnknown { Id: 1, Mandatory: true, Encoding: "Z64", Value: 10889652263782847456 }
[2m2026-09-14T10:30:20.674911Z[0m [31mERROR[0m codec_extension ThreadId(12) [2mzenoh_codec::common::extension[0m[2m:[0m Unknown Test ext: ZExtUnknown { Id: 1, Mandatory: true, Encoding: "Z64", Value: 13585861261950528266 }
[2m2026-09-14T10:30:20.674915Z[0m [31mERROR[0m codec_extension ThreadId(12) [2mzenoh_codec::common::extension[0m[2m:[0m Unknown Test ext: ZExtUnknown { Id: 1, Mandatory: true, Encoding: "Z64", Value: 14112935135861629056 }
[2m2026-09-14T10:30:20.674918Z[0m [31mERROR[0m codec_extension ThreadId(12) [2mzenoh_codec::common::extension[0m[2m:[0m Unknown Test ext: ZExtUnknown { Id: 1, Mandatory: true, Encoding: "Z64", Value: 6594969843107996197 }
[2m2026-09-14T10:30:20.674922Z[0m [31mERROR[0m codec_extension ThreadId(12) [2mzenoh_codec::common::extension[0m[2m:[0m Unknown Test ext: ZExtUnknown { Id: 1, Mandatory: true, Encoding: "Z64", Value: 15675075315286218561 }
[2m2026-09-14T10:30:20.674925Z[0m [31mERROR[0m codec_extension ThreadId(12) [2mzenoh_codec::common::extension[0m[2m:[0m Unknown Test ext: ZExtUnknown { Id: 1, Mandatory: true, Encoding: "Z64", Value: 11686858183040678827 }
[2m2026-09-14T10:30:20.674932Z[0m [31mERROR[0m codec_extension ThreadId(12) [2mzenoh_codec::common::extension[0m[2m:[0m Unknown Test ext: ZExtUnknown { Id: 1, Mandatory: true, Encoding: "Z64", Value: 7311486946875987532 }
[2m2026-09-14T10:30:20.674936Z[0m [31mERROR[0m codec_extension ThreadId(12) [2mzenoh_codec::common::extension[0m[2m:[0m Unknown Test ext: ZExtUnknown { Id: 1, Mandatory: true, Encoding: "Z64", Value: 15263494084743246133 }
[2m2026-09-14T10:30:20.674940Z[0m [31mERROR[0m codec_extension ThreadId(12) [2mzenoh_codec::common::extension[0m[2m:[0m Unknown Test ext: ZExtUnknown { Id: 1, Mandatory: true, Encoding: "Z64", Value: 77701070417620906 }
[2m2026-09-14T10:30:20.674943Z[0m [31mERROR[0m codec_extension ThreadId(12) [2mzenoh_codec::common::extension[0m[2m:[0m Unknown Test ext: ZExtUnknown { Id: 1, Mandatory: true, Encoding: "Z64", Value: 16808600414654264928 }
[2m2026-09-14T10:30:20.674947Z[0m [31mERROR[0m codec_extension ThreadId(12) [2mzenoh_codec::common::extension[0m[2m:[0m Unknown Test ext: ZExtUnknown { Id: 1, Mandatory: true, Encoding: "Z64", Value: 8366711948562400327 }
[2m2026-09-14T10:30:20.674950Z[0m [31mERROR[0m codec_extension ThreadId(12) [2mzenoh_codec::common::extension[0m[2m:[0m Unknown Test ext: ZExtUnknown { Id: 1, Mandatory: true, Encoding: "Z64", Value: 2701114342237102017 }
[2m2026-09-14T10:30:20.674969Z[0m [31mERROR[0m codec_extension ThreadId(12) [2mzenoh_codec::common::extension[0m[2m:[0m Unknown Test ext: ZExtUnknown { Id: 1, Mandatory: true, Encoding: "Z64", Value: 7141625770192124069 }
[2m2026-09-14T10:30:20.674972Z[0m [31mERROR[0m codec_extension ThreadId(12) [2mzenoh_codec::common::extension[0m[2m:[0m Unknown Test ext: ZExtUnknown { Id: 1, Mandatory: true, Encoding: "Z64", Value: 9485832456428905852 }
[2m2026-09-14T10:30:20.674976Z[0m [31mERROR[0m codec_extension ThreadId(12) [2mzenoh_codec::common::extension[0m[2m:[0m Unknown Test ext: ZExtUnknown { Id: 1, Mandatory: true, Encoding: "Z64", Value: 3475158082577579968 }
[2m2026-09-14T10:30:20.674982Z[0m [31mERROR[0m codec_extension ThreadId(12) [2mzenoh_codec::common::extension[0m[2m:[0m Unknown Test ext: ZExtUnknown { Id: 1, Mandatory: true, Encoding: "Z64", Value: 11424324637204636992 }
[2m2026-09-14T10:30:20.674985Z[0m [31mERROR[0m codec_extension ThreadId(12) [2mzenoh_codec::common::extension[0m[2m:[0m Unknown Test ext: ZExtUnknown { Id: 1, Mandatory: true, Encoding: "Z64", Value: 3717703875276785915 }
[2m2026-09-14T10:30:20.674989Z[0m [31mERROR[0m codec_extension ThreadId(12) [2mzenoh_codec::common::extension[0m[2m:[0m Unknown Test ext: ZExtUnknown { Id: 1, Mandatory: true, Encoding: "Z64", Value: 643385611772811969 }
[2m2026-09-14T10:30:20.674992Z[0m [31mERROR[0m codec_extension ThreadId(12) [2mzenoh_codec::common::extension[0m[2m:[0m Unknown Test ext: ZExtUnknown { Id: 1, Mandatory: true, Encoding: "Z64", Value: 4770185709348640044 }
[2m2026-09-14T10:30:20.674996Z[0m [31mERROR[0m codec_extension ThreadId(12) [2mzenoh_codec::common::extension[0m[2m:[0m Unknown Test ext: ZExtUnknown { Id: 1, Mandatory: true, Encoding: "Z64", Value: 16431394228613823913 }
[2m2026-09-14T10:30:20.675000Z[0m [31mERROR[0m codec_extension ThreadId(12) [2mzenoh_codec::common::extension[0m[2m:[0m Unknown Test ext: ZExtUnknown { Id: 1, Mandatory: true, Encoding: "Z64", Value: 2893031118184740797 }
[2m2026-09-14T10:30:20.675003Z[0m [31mERROR[0m codec_extension ThreadId(12) [2mzenoh_codec::common::extension[0m[2m:[0m Unknown Test ext: ZExtUnknown { Id: 1, Mandatory: true, Encoding: "Z64", Value: 11120356827046943647 }
[2m2026-09-14T10:30:20.675007Z[0m [31mERROR[0m codec_extension ThreadId(12) [2mzenoh_codec::common::extension[0m[2m:[0m Unknown Test ext: ZExtUnknown { Id: 1, Mandatory: true, Encoding: "Z64", Value: 7864165609015940485 }
[2m2026-09-14T10:30:20.675010Z[0m [31mERROR[0m codec_extension ThreadId(12) [2mzenoh_codec::common::extension[0m[2m:[0m Unknown Test ext: ZExtUnknown { Id: 1, Mandatory: true, Encoding: "Z64", Value: 16904089284304784744 }
[2m2026-09-14T10:30:20.675014Z[0m [31mERROR[0m codec_extension ThreadId(12) [2mzenoh_codec::common::extension[0m[2m:[0m Unknown Test ext: ZExtUnknown { Id: 1, Mandatory: true, Encoding: "Z64", Value: 18060406308211856987 }
[2m2026-09-14T10:30:20.675017Z[0m [31mERROR[0m codec_extension ThreadId(12) [2mzenoh_codec::common::extension[0m[2m:[0m Unknown Test ext: ZExtUnknown { Id: 1, Mandatory: true, Encoding: "Z64", Value: 11208473577529080842 }
[2m2026-09-14T10:30:20.675021Z[0m [31mERROR[0m codec_extension ThreadId(12) [2mzenoh_codec::common::extension[0m[2m:[0m Unknown Test ext: ZExtUnknown { Id: 1, Mandatory: true, Encoding: "Z64", Value: 1620869360520509813 }
[2m2026-09-14T10:30:20.675024Z[0m [31mERROR[0m codec_extension ThreadId(12) [2mzenoh_codec::common::extension[0m[2m:[0m Unknown Test ext: ZExtUnknown { Id: 1, Mandatory: true, Encoding: "Z64", Value: 3698816762699066424 }
[2m2026-09-14T10:30:20.675028Z[0m [31mERROR[0m codec_extension ThreadId(12) [2mzenoh_codec::common::extension[0m[2m:[0m Unknown Test ext: ZExtUnknown { Id: 1, Mandatory: true, Encoding: "Z64", Value: 10334480932671796081 }
[2m2026-09-14T10:30:20.675032Z[0m [31mERROR[0m codec_extension ThreadId(12) [2mzenoh_codec::common::extension[0m[2m:[0m Unknown Test ext: ZExtUnknown { Id: 1, Mandatory: true, Encoding: "Z64", Value: 12143135155523906902 }
[2m2026-09-14T10:30:20.675035Z[0m [31mERROR[0m codec_extension ThreadId(12) [2mzenoh_codec::common::extension[0m[2m:[0m Unknown Test ext: ZExtUnknown { Id: 1, Mandatory: true, Encoding: "Z64", Value: 1185901579707650048 }
[2m2026-09-14T10:30:20.675039Z[0m [31mERROR[0m codec_extension ThreadId(12) [2mzenoh_codec::common::extension[0m[2m:[0m Unknown Test ext: ZExtUnknown { Id: 1, Mandatory: true, Encoding: "Z64", Value: 2207119095214152038 }
[2m2026-09-14T10:30:20.675043Z[0m [31mERROR[0m codec_extension ThreadId(12) [2mzenoh_codec::common::extension[0m[2m:[0m Unknown Test ext: ZExtUnknown { Id: 1, Mandatory: true, Encoding: "Z64", Value: 15201260480985270183 }
[2m2026-09-14T10:30:20.675061Z[0m [31mERROR[0m codec_extension ThreadId(12) [2mzenoh_codec::common::extension[0m[2m:[0m Unknown Test ext: ZExtUnknown { Id: 1, Mandatory: true, Encoding: "Z64", Value: 15650193494850658650 }
[2m2026-09-14T10:30:20.675065Z[0m [31mERROR[0m codec_extension ThreadId(12) [2mzenoh_codec::common::extension[0m[2m:[0m Unknown Test ext: ZExtUnknown { Id: 1, Mandatory: true, Encoding: "Z64", Value: 17195081261345054084 }
[2m2026-09-14T10:30:20.675069Z[0m [31mERROR[0m codec_extension ThreadId(12) [2mzenoh_codec::common::extension[0m[2m:[0m Unknown Test ext: ZExtUnknown { Id: 1, Mandatory: true, Encoding: "Z64", Value: 5338862818084231745 }
[2m2026-09-14T10:30:20.675073Z[0m [31mERROR[0m codec_extension ThreadId(12) [2mzenoh_codec::common::extension[0m[2m:[0m Unknown Test ext: ZExtUnknown { Id: 1, Mandatory: true, Encoding: "Z64", Value: 847412274554981010 }
[2m2026-09-14T10:30:20.675076Z[0m [31mERROR[0m codec_extension ThreadId(12) [2mzenoh_codec::common::extension[0m[2m:[0m Unknown Test ext: ZExtUnknown { Id: 1, Mandatory: true, Encoding: "Z64", Value: 13559368558736831481 }
[2m2026-09-14T10:30:20.675080Z[0m [31mERROR[0m codec_extension ThreadId(12) [2mzenoh_codec::common::extension[0m[2m:[0m Unknown Test ext: ZExtUnknown { Id: 1, Mandatory: true, Encoding: "Z64", Value: 6089922129982661617 }
[2m2026-09-14T10:30:20.675083Z[0m [31mERROR[0m codec_extension ThreadId(12) [2mzenoh_codec::common::extension[0m[2m:[0m Unknown Test ext: ZExtUnknown { Id: 1, Mandatory: true, Encoding: "Z64", Value: 1128308193935950568 }
[2m2026-09-14T10:30:20.675087Z[0m [31mERROR[0m codec_extension ThreadId(12) [2mzenoh_codec::common::extension[0m[2m:[0m Unknown Test ext: ZExtUnknown { Id: 1, Mandatory: true, Encoding: "Z64", Value: 6889639285757344616 }
[2m2026-09-14T10:30:20.675091Z[0m [31mERROR[0m codec_extension ThreadId(12) [2mzenoh_codec::common::extension[0m[2m:[0m Unknown Test ext: ZExtUnknown { Id: 1, Mandatory: true, Encoding: "Z64", Value: 12639818600600455413 }
[2m2026-09-14T10:30:20.675094Z[0m [31mERROR[0m codec_extension ThreadId(12) [2mzenoh_codec::common::extension[0m[2m:[0m Unknown Test ext: ZExtUnknown { Id: 1, Mandatory: true, Encoding: "Z64", Value: 16510487782770816320 }
[2m2026-09-14T10:30:20.675098Z[0m [31mERROR[0m codec_extension ThreadId(12) [2mzenoh_codec::common::extension[0m[2m:[0m Unknown Test ext: ZExtUnknown { Id: 1, Mandatory: true, Encoding: "Z64", Value: 3071564017385939307 }
[2m2026-09-14T10:30:20.675101Z[0m [31mERROR[0m codec_extension ThreadId(12) [2mzenoh_codec::common::extension[0m[2m:[0m Unknown Test ext: ZExtUnknown { Id: 1, Mandatory: true, Encoding: "Z64", Value: 648208001555128488 }
[2m2026-09-14T10:30:20.675105Z[0m [31mERROR[0m codec_extension ThreadId(12) [2mzenoh_codec::common::extension[0m[2m:[0m Unknown Test ext: ZExtUnknown { Id: 1, Mandatory: true, Encoding: "Z64", Value: 14307388535632866047 }
[2m2026-09-14T10:30:20.675109Z[0m [31mERROR[0m codec_extension ThreadId(12) [2mzenoh_codec::common::extension[0m[2m:[0m Unknown Test ext: ZExtUnknown { Id: 1, Mandatory: true, Encoding: "Z64", Value: 14013480242074098297 }
[2m2026-09-14T10:30:20.675112Z[0m [31mERROR[0m codec_extension ThreadId(12) [2mzenoh_codec::common::extension[0m[2m:[0m Unknown Test ext: ZExtUnknown { Id: 1, Mandatory: true, Encoding: "Z64", Value: 7356556764440961439 }
[2m2026-09-14T10:30:20.675116Z[0m [31mERROR[0m codec_extension ThreadId(12) [2mzenoh_codec::common::extension[0m[2m:[0m Unknown Test ext: ZExtUnknown { Id: 1, Mandatory: true, Encoding: "Z64", Value: 8412370929642531484 }
[2m2026-09-14T10:30:20.675119Z[0m [31mERROR[0m codec_extension ThreadId(12) [2mzenoh_codec::common::extension[0m[2m:[0m Unknown Test ext: ZExtUnknown { Id: 1, Mandatory: true, Encoding: "Z64", Value: 16441958241838170403 }
[2m2026-09-14T10:30:20.675123Z[0m [31mERROR[0m codec_extension ThreadId(12) [2mzenoh_codec::common::extension[0m[2m:[0m Unknown Test ext: ZExtUnknown { Id: 1, Mandatory: true, Encoding: "Z64", Value: 10401071587929934974 }
[2m2026-09-14T10:30:20.675127Z[0m [31mERROR[0m codec_extension ThreadId(12) [2mzenoh_codec::common::extension[0m[2m:[0m Unknown Test ext: ZExtUnknown { Id: 1, Mandatory: true, Encoding: "Z64", Value: 3488410906366291345 }
[2m2026-09-14T10:30:20.675131Z[0m [31mERROR[0m codec_extension ThreadId(12) [2mzenoh_codec::common::extension[0m[2m:[0m Unknown Test ext: ZExtUnknown { Id: 1, Mandatory: true, Encoding: "Z64", Value: 428693397189778257 }
[2m2026-09-14T10:30:20.675134Z[0m [31mERROR[0m codec_extension ThreadId(12) [2mzenoh_codec::common::extension[0m[2m:[0m Unknown Test ext: ZExtUnknown { Id: 1, Mandatory: true, Encoding: "Z64", Value: 3714888394651071583 }
[2m2026-09-14T10:30:20.675153Z[0m [31mERROR[0m codec_extension ThreadId(12) [2mzenoh_codec::common::extension[0m[2m:[0m Unknown Test ext: ZExtUnknown { Id: 1, Mandatory: true, Encoding: "Z64", Value: 15708157479381208345 }
[2m2026-09-14T10:30:20.675157Z[0m [31mERROR[0m codec_extension ThreadId(12) [2mzenoh_codec::common::extension[0m[2m:[0m Unknown Test ext: ZExtUnknown { Id: 1, Mandatory: true, Encoding: "Z64", Value: 5029458702807059348 }
[2m2026-09-14T10:30:20.675162Z[0m [31mERROR[0m codec_extension ThreadId(12) [2mzenoh_codec::common::extension[0m[2m:[0m Unknown Test ext: ZExtUnknown { Id: 1, Mandatory: true, Encoding: "Z64", Value: 9389651509745858454 }
[2m2026-09-14T10:30:20.675166Z[0m [31mERROR[0m codec_extension ThreadId(12) [2mzenoh_codec::common::extension[0m[2m:[0m Unknown Test ext: ZExtUnknown { Id: 1, Mandatory: true, Encoding: "Z64", Value: 5399183564143727506 }
[2m2026-09-14T10:30:20.675169Z[0m [31mERROR[0m codec_extension ThreadId(12) [2mzenoh_codec::common::extension[0m[2m:[0m Unknown Test ext: ZExtUnknown { Id: 1, Mandatory: true, Encoding: "Z64", Value: 5238293476414820321 }
[2m2026-09-14T10:30:20.675176Z[0m [31mERROR[0m codec_extension ThreadId(12) [2mzenoh_codec::common::extension[0m[2m:[0m Unknown Test ext: ZExtUnknown { Id: 1, Mandatory: true, Encoding: "Z64", Value: 12227879017863830384 }
[2m2026-09-14T10:30:20.675179Z[0m [31mERROR[0m codec_extension ThreadId(12) [2mzenoh_codec::common::extension[0m[2m:[0m Unknown Test ext: ZExtUnknown { Id: 1, Mandatory: true, Encoding: "Z64", Value: 14238816177018469687 }
[2m2026-09-14T10:30:20.675183Z[0m [31mERROR[0m codec_extension ThreadId(12) [2mzenoh_codec::common::extension[0m[2m:[0m Unknown Test ext: ZExtUnknown { Id: 1, Mandatory: true, Encoding: "Z64", Value: 11941851468067667660 }
[2m2026-09-14T10:30:20.675187Z[0m [31mERROR[0m codec_extension ThreadId(12) [2mzenoh_codec::common::extension[0m[2m:[0m Unknown Test ext: ZExtUnknown { Id: 1, Mandatory: true, Encoding: "Z64", Value: 13593496224491513895 }
[2m2026-09-14T10:30:20.675190Z[0m [31mERROR[0m codec_extension ThreadId(12) [2mzenoh_codec::common::extension[0m[2m:[0m Unknown Test ext: ZExtUnknown { Id: 1, Mandatory: true, Encoding: "Z64", Value: 18104327145211381791 }
[2m2026-09-14T10:30:20.675194Z[0m [31mERROR[0m codec_extension ThreadId(12) [2mzenoh_codec::common::extension[0m[2m:[0m Unknown Test ext: ZExtUnknown { Id: 1, Mandatory: true, Encoding: "Z64", Value: 1719277083262860707 }
[2m2026-09-14T10:30:20.675198Z[0m [31mERROR[0m codec_extension ThreadId(12) [2mzenoh_codec::common::extension[0m[2m:[0m Unknown Test ext: ZExtUnknown { Id: 1, Mandatory: true, Encoding: "Z64", Value: 7076976865662793511 }
[2m2026-09-14T10:30:20.675201Z[0m [31mERROR[0m codec_extension ThreadId(12) [2mzenoh_codec::common::extension[0m[2m:[0m Unknown Test ext: ZExtUnknown { Id: 1, Mandatory: true, Encoding: "Z64", Value: 9892294696862760006 }
[2m2026-09-14T10:30:20.675205Z[0m [31mERROR[0m codec_extension ThreadId(12) [2mzenoh_codec::common::extension[0m[2m:[0m Unknown Test ext: ZExtUnknown { Id: 1, Mandatory: true, Encoding: "Z64", Value: 5205936493515356102 }
[2m2026-09-14T10:30:20.675209Z[0m [31mERROR[0m codec_extension ThreadId(12) [2mzenoh_codec::common::extension[0m[2m:[0m Unknown Test ext: ZExtUnknown { Id: 1, Mandatory: true, Encoding: "Z64", Value: 1351146826017296212 }
[2m2026-09-14T10:30:20.675213Z[0m [31mERROR[0m codec_extension ThreadId(12) [2mzenoh_codec::common::extension[0m[2m:[0m Unknown Test ext: ZExtUnknown { Id: 1, Mandatory: true, Encoding: "Z64", Value: 10339573376508746977 }
[2m2026-09-14T10:30:20.675217Z[0m [31mERROR[0m codec_extension ThreadId(12) [2mzenoh_codec::common::extension[0m[2m:[0m Unknown Test ext: ZExtUnknown { Id: 1, Mandatory: true, Encoding: "Z64", Value: 1996795636763494181 }
[2m2026-09-14T10:30:20.675234Z[0m [31mERROR[0m codec_extension ThreadId(12) [2mzenoh_codec::common::extension[0m[2m:[0m Unknown Test ext: ZExtUnknown { Id: 1, Mandatory: true, Encoding: "Z64", Value: 12736540554889927432 }
[2m2026-09-14T10:30:20.675238Z[0m [31mERROR[0m codec_extension ThreadId(12) [2mzenoh_codec::common::extension[0m[2m:[0m Unknown Test ext: ZExtUnknown { Id: 1, Mandatory: true, Encoding: "Z64", Value: 6024788992571375527 }
[2m2026-09-14T10:30:20.675242Z[0m [31mERROR[0m codec_extension ThreadId(12) [2mzenoh_codec::common::extension[0m[2m:[0m Unknown Test ext: ZExtUnknown { Id: 1, Mandatory: true, Encoding: "Z64", Value: 595681416529599924 }
[2m2026-09-14T10:30:20.675246Z[0m [31mERROR[0m codec_extension ThreadId(12) [2mzenoh_codec::common::extension[0m[2m:[0m Unknown Test ext: ZExtUnknown { Id: 1, Mandatory: true, Encoding: "Z64", Value: 4172069416481629123 }
[2m2026-09-14T10:30:20.675249Z[0m [31mERROR[0m codec_extension ThreadId(12) [2mzenoh_codec::common::extension[0m[2m:[0m Unknown Test ext: ZExtUnknown { Id: 1, Mandatory: true, Encoding: "Z64", Value: 6332178784620454873 }
[2m2026-09-14T10:30:20.675268Z[0m [31mERROR[0m codec_extension ThreadId(12) [2mzenoh_codec::common::extension[0m[2m:[0m Unknown Test ext: ZExtUnknown { Id: 1, Mandatory: true, Encoding: "Z64", Value: 10446989420839359211 }
[2m2026-09-14T10:30:20.675272Z[0m [31mERROR[0m codec_extension ThreadId(12) [2mzenoh_codec::common::extension[0m[2m:[0m Unknown Test ext: ZExtUnknown { Id: 1, Mandatory: true, Encoding: "Z64", Value: 18077465541087980133 }
[2m2026-09-14T10:30:20.675275Z[0m [31mERROR[0m codec_extension ThreadId(12) [2mzenoh_codec::common::extension[0m[2m:[0m Unknown Test ext: ZExtUnknown { Id: 1, Mandatory: true, Encoding: "Z64", Value: 3066190064619477695 }
[2m2026-09-14T10:30:20.675279Z[0m [31mERROR[0m codec_extension ThreadId(12) [2mzenoh_codec::common::extension[0m[2m:[0m Unknown Test ext: ZExtUnknown { Id: 1, Mandatory: true, Encoding: "Z64", Value: 7351996286869737664 }
[2m2026-09-14T10:30:20.675283Z[0m [31mERROR[0m codec_extension ThreadId(12) [2mzenoh_codec::common::extension[0m[2m:[0m Unknown Test ext: ZExtUnknown { Id: 1, Mandatory: true, Encoding: "Z64", Value: 10067315924954342729 }
[2m2026-09-14T10:30:20.675286Z[0m [31mERROR[0m codec_extension ThreadId(12) [2mzenoh_codec::common::extension[0m[2m:[0m Unknown Test ext: ZExtUnknown { Id: 1, Mandatory: true, Encoding: "Z64", Value: 11493352745413662491 }
[2m2026-09-14T10:30:20.675290Z[0m [31mERROR[0m codec_extension ThreadId(12) [2mzenoh_codec::common::extension[0m[2m:[0m Unknown Test ext: ZExtUnknown { Id: 1, Mandatory: true, Encoding: "Z64", Value: 15841952828437165207 }
[2m2026-09-14T10:30:20.675294Z[0m [31mERROR[0m codec_extension ThreadId(12) [2mzenoh_codec::common::extension[0m[2m:[0m Unknown Test ext: ZExtUnknown { Id: 1, Mandatory: true, Encoding: "Z64", Value: 8731322251173446992 }
[2m2026-09-14T10:30:20.675297Z[0m [31mERROR[0m codec_extension ThreadId(12) [2mzenoh_codec::common::extension[0m[2m:[0m Unknown Test ext: ZExtUnknown { Id: 1, Mandatory: true, Encoding: "Z64", Value: 7967660309087757245 }
[2m2026-09-14T10:30:20.675301Z[0m [31mERROR[0m codec_extension ThreadId(12) [2mzenoh_codec::common::extension[0m[2m:[0m Unknown Test ext: ZExtUnknown { Id: 1, Mandatory: true, Encoding: "Z64", Value: 735399428294798118 }
[2m2026-09-14T10:30:20.675305Z[0m [31mERROR[0m codec_extension ThreadId(12) [2mzenoh_codec::common::extension[0m[2m:[0m Unknown Test ext: ZExtUnknown { Id: 1, Mandatory: true, Encoding: "Z64", Value: 15935279197732966942 }
[2m2026-09-14T10:30:20.675309Z[0m [31mERROR[0m codec_extension ThreadId(12) [2mzenoh_codec::common::extension[0m[2m:[0m Unknown Test ext: ZExtUnknown { Id: 1, Mandatory: true, Encoding: "Z64", Value: 7143746784880898184 }
[2m2026-09-14T10:30:20.675312Z[0m [31mERROR[0m codec_extension ThreadId(12) [2mzenoh_codec::common::extension[0m[2m:[0m Unknown Test ext: ZExtUnknown { Id: 1, Mandatory: true, Encoding: "Z64", Value: 1947234632229536660 }
[2m2026-09-14T10:30:20.675316Z[0m [31mERROR[0m codec_extension ThreadId(12) [2mzenoh_codec::common::extension[0m[2m:[0m Unknown Test ext: ZExtUnknown { Id: 1, Mandatory: true, Encoding: "Z64", Value: 2273577461423936732 }
[2m2026-09-14T10:30:20.675323Z[0m [31mERROR[0m codec_extension ThreadId(12) [2mzenoh_codec::common::extension[0m[2m:[0m Unknown Test ext: ZExtUnknown { Id: 1, Mandatory: true, Encoding: "Z64", Value: 10921042678830791314 }
[2m2026-09-14T10:30:20.675329Z[0m [31mERROR[0m codec_extension ThreadId(12) [2mzenoh_codec::common::extension[0m[2m:[0m Unknown Test ext: ZExtUnknown { Id: 1, Mandatory: true, Encoding: "Z64", Value: 1023979543385298742 }
[2m2026-09-14T10:30:20.675333Z[0m [31mERROR[0m codec_extension ThreadId(12) [2mzenoh_codec::common::extension[0m[2m:[0m Unknown Test ext: ZExtUnknown { Id: 1, Mandatory: true, Encoding: "Z64", Value: 2016170016358656205 }
[2m2026-09-14T10:30:20.675336Z[0m [31mERROR[0m codec_extension ThreadId(12) [2mzenoh_codec::common::extension[0m[2m:[0m Unknown Test ext: ZExtUnknown { Id: 1, Mandatory: true, Encoding: "Z64", Value: 1757311529778346072 }
[2m2026-09-14T10:30:20.675340Z[0m [31mERROR[0m codec_extension ThreadId(12) [2mzenoh_codec::common::extension[0m[2m:[0m Unknown Test ext: ZExtUnknown { Id: 1, Mandatory: true, Encoding: "Z64", Value: 2431737008846034176 }
[2m2026-09-14T10:30:20.675344Z[0m [31mERROR[0m codec_extension ThreadId(12) [2mzenoh_codec::common::extension[0m[2m:[0m Unknown Test ext: ZExtUnknown { Id: 1, Mandatory: true, Encoding: "Z64", Value: 13690509397309453988 }
[2m2026-09-14T10:30:20.675347Z[0m [31mERROR[0m codec_extension ThreadId(12) [2mzenoh_codec::common::extension[0m[2m:[0m Unknown Test ext: ZExtUnknown { Id: 1, Mandatory: true, Encoding: "Z64", Value: 12599435897454249963 }
[2m2026-09-14T10:30:20.675366Z[0m [31mERROR[0m codec_extension ThreadId(12) [2mzenoh_codec::common::extension[0m[2m:[0m Unknown Test ext: ZExtUnknown { Id: 1, Mandatory: true, Encoding: "Z64", Value: 10157464788180731541 }
[2m2026-09-14T10:30:20.675369Z[0m [31mERROR[0m codec_extension ThreadId(12) [2mzenoh_codec::common::extension[0m[2m:[0m Unknown Test ext: ZExtUnknown { Id: 1, Mandatory: true, Encoding: "Z64", Value: 5505519914092016964 }
[2m2026-09-14T10:30:20.675373Z[0m [31mERROR[0m codec_extension ThreadId(12) [2mzenoh_codec::common::extension[0m[2m:[0m Unknown Test ext: ZExtUnknown { Id: 1, Mandatory: true, Encoding: "Z64", Value: 10629543290716230674 }
[2m2026-09-14T10:30:20.675377Z[0m [31mERROR[0m codec_extension ThreadId(12) [2mzenoh_codec::common::extension[0m[2m:[0m Unknown Test ext: ZExtUnknown { Id: 1, Mandatory: true, Encoding: "Z64", Value: 10626800455276389246 }
[2m2026-09-14T10:30:20.675380Z[0m [31mERROR[0m codec_extension ThreadId(12) [2mzenoh_codec::common::extension[0m[2m:[0m Unknown Test ext: ZExtUnknown { Id: 1, Mandatory: true, Encoding: "Z64", Value: 9789917528125828526 }
[2m2026-09-14T10:30:20.675384Z[0m [31mERROR[0m codec_extension ThreadId(12) [2mzenoh_codec::common::extension[0m[2m:[0m Unknown Test ext: ZExtUnknown { Id: 1, Mandatory: true, Encoding: "Z64", Value: 15875487132212903193 }
[2m2026-09-14T10:30:20.675388Z[0m [31mERROR[0m codec_extension ThreadId(12) [2mzenoh_codec::common::extension[0m[2m:[0m Unknown Test ext: ZExtUnknown { Id: 1, Mandatory: true, Encoding: "Z64", Value: 16319970759676355203 }
[2m2026-09-14T10:30:20.675392Z[0m [31mERROR[0m codec_extension ThreadId(12) [2mzenoh_codec::common::extension[0m[2m:[0m Unknown Test ext: ZExtUnknown { Id: 1, Mandatory: true, Encoding: "Z64", Value: 13332228485745184944 }
[2m2026-09-14T10:30:20.675396Z[0m [31mERROR[0m codec_extension ThreadId(12) [2mzenoh_codec::common::extension[0m[2m:[0m Unknown Test ext: ZExtUnknown { Id: 1, Mandatory: true, Encoding: "Z64", Value: 10123982134213330837 }
[2m2026-09-14T10:30:20.675399Z[0m [31mERROR[0m codec_extension ThreadId(12) [2mzenoh_codec::common::extension[0m[2m:[0m Unknown Test ext: ZExtUnknown { Id: 1, Mandatory: true, Encoding: "Z64", Value: 11063296851186564594 }
[2m2026-09-14T10:30:20.675403Z[0m [31mERROR[0m codec_extension ThreadId(12) [2mzenoh_codec::common::extension[0m[2m:[0m Unknown Test ext: ZExtUnknown { Id: 1, Mandatory: true, Encoding: "Z64", Value: 4090213787117430610 }
[2m2026-09-14T10:30:20.675407Z[0m [31mERROR[0m codec_extension ThreadId(12) [2mzenoh_codec::common::extension[0m[2m:[0m Unknown Test ext: ZExtUnknown { Id: 1, Mandatory: true, Encoding: "Z64", Value: 6052610666457910773 }
[2m2026-09-14T10:30:20.675410Z[0m [31mERROR[0m codec_extension ThreadId(12) [2mzenoh_codec::common::extension[0m[2m:[0m Unknown Test ext: ZExtUnknown { Id: 1, Mandatory: true, Encoding: "Z64", Value: 17135886255104801998 }
[2m2026-09-14T10:30:20.675414Z[0m [31mERROR[0m codec_extension ThreadId(12) [2mzenoh_codec::common::extension[0m[2m:[0m Unknown Test ext: ZExtUnknown { Id: 1, Mandatory: true, Encoding: "Z64", Value: 3055878252806917245 }
[2m2026-09-14T10:30:20.675418Z[0m [31mERROR[0m codec_extension ThreadId(12) [2mzenoh_codec::common::extension[0m[2m:[0m Unknown Test ext: ZExtUnknown { Id: 1, Mandatory: true, Encoding: "Z64", Value: 9559705903080689343 }
[2m2026-09-14T10:30:20.675421Z[0m [31mERROR[0m codec_extension ThreadId(12) [2mzenoh_codec::common::extension[0m[2m:[0m Unknown Test ext: ZExtUnknown { Id: 1, Mandatory: true, Encoding: "Z64", Value: 9069479398999021029 }
[2m2026-09-14T10:30:20.675425Z[0m [31mERROR[0m codec_extension ThreadId(12) [2mzenoh_codec::common::extension[0m[2m:[0m Unknown Test ext: ZExtUnknown { Id: 1, Mandatory: true, Encoding: "Z64", Value: 9552193959205659175 }
[2m2026-09-14T10:30:20.675428Z[0m [31mERROR[0m codec_extension ThreadId(12) [2mzenoh_codec::common::extension[0m[2m:[0m Unknown Test ext: ZExtUnknown { Id: 1, Mandatory: true, Encoding: "Z64", Value: 8757649808427046450 }
[2m2026-09-14T10:30:20.675432Z[0m [31mERROR[0m codec_extension ThreadId(12) [2mzenoh_codec::common::extension[0m[2m:[0m Unknown Test ext: ZExtUnknown { Id: 1, Mandatory: true, Encoding: "Z64", Value: 537771928207869319 }
[2m2026-09-14T10:30:20.675435Z[0m [31mERROR[0m codec_extension ThreadId(12) [2mzenoh_codec::common::extension[0m[2m:[0m Unknown Test ext: ZExtUnknown { Id: 1, Mandatory: true, Encoding: "Z64", Value: 1996855486508410173 }
[2m2026-09-14T10:30:20.675439Z[0m [31mERROR[0m codec_extension ThreadId(12) [2mzenoh_codec::common::extension[0m[2m:[0m Unknown Test ext: ZExtUnknown { Id: 1, Mandatory: true, Encoding: "Z64", Value: 15106729376202107762 }
[2m2026-09-14T10:30:20.675459Z[0m [31mERROR[0m codec_extension ThreadId(12) [2mzenoh_codec::common::extension[0m[2m:[0m Unknown Test ext: ZExtUnknown { Id: 1, Mandatory: true, Encoding: "Z64", Value: 6211491956638636209 }
[2m2026-09-14T10:30:20.675466Z[0m [31mERROR[0m codec_extension ThreadId(12) [2mzenoh_codec::common::extension[0m[2m:[0m Unknown Test ext: ZExtUnknown { Id: 1, Mandatory: true, Encoding: "Z64", Value: 2281950054470850159 }
[2m2026-09-14T10:30:20.675470Z[0m [31mERROR[0m codec_extension ThreadId(12) [2mzenoh_codec::common::extension[0m[2m:[0m Unknown Test ext: ZExtUnknown { Id: 1, Mandatory: true, Encoding: "Z64", Value: 16768088802763284268 }
[2m2026-09-14T10:30:20.675476Z[0m [31mERROR[0m codec_extension ThreadId(12) [2mzenoh_codec::common::extension[0m[2m:[0m Unknown Test ext: ZExtUnknown { Id: 1, Mandatory: true, Encoding: "Z64", Value: 7651908518220766183 }
[2m2026-09-14T10:30:20.675481Z[0m [31mERROR[0m codec_extension ThreadId(12) [2mzenoh_codec::common::extension[0m[2m:[0m Unknown Test ext: ZExtUnknown { Id: 1, Mandatory: true, Encoding: "Z64", Value: 11056492973809403441 }
[2m2026-09-14T10:30:20.675484Z[0m [31mERROR[0m codec_extension ThreadId(12) [2mzenoh_codec::common::extension[0m[2m:[0m Unknown Test ext: ZExtUnknown { Id: 1, Mandatory: true, Encoding: "Z64", Value: 5656583566984095970 }
[2m2026-09-14T10:30:20.675488Z[0m [31mERROR[0m codec_extension ThreadId(12) [2mzenoh_codec::common::extension[0m[2m:[0m Unknown Test ext: ZExtUnknown { Id: 1, Mandatory: true, Encoding: "Z64", Value: 7824257471541855303 }
[2m2026-09-14T10:30:20.675492Z[0m [31mERROR[0m codec_extension ThreadId(12) [2mzenoh_codec::common::extension[0m[2m:[0m Unknown Test ext: ZExtUnknown { Id: 1, Mandatory: true, Encoding: "Z64", Value: 16199870713975445732 }
[2m2026-09-14T10:30:20.675495Z[0m [31mERROR[0m codec_extension ThreadId(12) [2mzenoh_codec::common::extension[0m[2m:[0m Unknown Test ext: ZExtUnknown { Id: 1, Mandatory: true, Encoding: "Z64", Value: 12161852562438019652 }
[2m2026-09-14T10:30:20.675499Z[0m [31mERROR[0m codec_extension ThreadId(12) [2mzenoh_codec::common::extension[0m[2m:[0m Unknown Test ext: ZExtUnknown { Id: 1, Mandatory: true, Encoding: "Z64", Value: 455627801238426261 }
[2m2026-09-14T10:30:20.675503Z[0m [31mERROR[0m codec_extension ThreadId(12) [2mzenoh_codec::common::extension[0m[2m:[0m Unknown Test ext: ZExtUnknown { Id: 1, Mandatory: true, Encoding: "Z64", Value: 10754916183066043974 }
[2m2026-09-14T10:30:20.675506Z[0m [31mERROR[0m codec_extension ThreadId(12) [2mzenoh_codec::common::extension[0m[2m:[0m Unknown Test ext: ZExtUnknown { Id: 1, Mandatory: true, Encoding: "Z64", Value: 3255246744302217539 }
[2m2026-09-14T10:30:20.675510Z[0m [31mERROR[0m codec_extension ThreadId(12) [2mzenoh_codec::common::extension[0m[2m:[0m Unknown Test ext: ZExtUnknown { Id: 1, Mandatory: true, Encoding: "Z64", Value: 6406402614146658975 }
[2m2026-09-14T10:30:20.675514Z[0m [31mERROR[0m codec_extension ThreadId(12) [2mzenoh_codec::common::extension[0m[2m:[0m Unknown Test ext: ZExtUnknown { Id: 1, Mandatory: true, Encoding: "Z64", Value: 4064067917700162678 }
[2m2026-09-14T10:30:20.675517Z[0m [31mERROR[0m codec_extension ThreadId(12) [2mzenoh_codec::common::extension[0m[2m:[0m Unknown Test ext: ZExtUnknown { Id: 1, Mandatory: true, Encoding: "Z64", Value: 8343612384300285734 }
[2m2026-09-14T10:30:20.675521Z[0m [31mERROR[0m codec_extension ThreadId(12) [2mzenoh_codec::common::extension[0m[2m:[0m Unknown Test ext: ZExtUnknown { Id: 1, Mandatory: true, Encoding: "Z64", Value: 15060901305390979612 }
[2m2026-09-14T10:30:20.675524Z[0m [31mERROR[0m codec_extension ThreadId(12) [2mzenoh_codec::common::extension[0m[2m:[0m Unknown Test ext: ZExtUnknown { Id: 1, Mandatory: true, Encoding: "Z64", Value: 11641505622378929553 }
[2m2026-09-14T10:30:20.675528Z[0m [31mERROR[0m codec_extension ThreadId(12) [2mzenoh_codec::common::extension[0m[2m:[0m Unknown Test ext: ZExtUnknown { Id: 1, Mandatory: true, Encoding: "Z64", Value: 4251143527563299095 }
[2m2026-09-14T10:30:20.675532Z[0m [31mERROR[0m codec_extension ThreadId(12) [2mzenoh_codec::common::extension[0m[2m:[0m Unknown Test ext: ZExtUnknown { Id: 1, Mandatory: true, Encoding: "Z64", Value: 16731303693627203605 }
[2m2026-09-14T10:30:20.675535Z[0m [31mERROR[0m codec_extension ThreadId(12) [2mzenoh_codec::common::extension[0m[2m:[0m Unknown Test ext: ZExtUnknown { Id: 1, Mandatory: true, Encoding: "Z64", Value: 11061248158382729781 }
[2m2026-09-14T10:30:20.675539Z[0m [31mERROR[0m codec_extension ThreadId(12) [2mzenoh_codec::common::extension[0m[2m:[0m Unknown Test ext: ZExtUnknown { Id: 1, Mandatory: true, Encoding: "Z64", Value: 2679653834442806177 }
[2m2026-09-14T10:30:20.675543Z[0m [31mERROR[0m codec_extension ThreadId(12) [2mzenoh_codec::common::extension[0m[2m:[0m Unknown Test ext: ZExtUnknown { Id: 1, Mandatory: true, Encoding: "Z64", Value: 10731398803182977910 }
[2m2026-09-14T10:30:20.675562Z[0m [31mERROR[0m codec_extension ThreadId(12) [2mzenoh_codec::common::extension[0m[2m:[0m Unknown Test ext: ZExtUnknown { Id: 1, Mandatory: true, Encoding: "Z64", Value: 7984356104079722275 }
[2m2026-09-14T10:30:20.675566Z[0m [31mERROR[0m codec_extension ThreadId(12) [2mzenoh_codec::common::extension[0m[2m:[0m Unknown Test ext: ZExtUnknown { Id: 1, Mandatory: true, Encoding: "Z64", Value: 14984639019590554434 }
[2m2026-09-14T10:30:20.675570Z[0m [31mERROR[0m codec_extension ThreadId(12) [2mzenoh_codec::common::extension[0m[2m:[0m Unknown Test ext: ZExtUnknown { Id: 1, Mandatory: true, Encoding: "Z64", Value: 10376268715571326506 }
[2m2026-09-14T10:30:20.675573Z[0m [31mERROR[0m codec_extension ThreadId(12) [2mzenoh_codec::common::extension[0m[2m:[0m Unknown Test ext: ZExtUnknown { Id: 1, Mandatory: true, Encoding: "Z64", Value: 1619154316452751127 }
[2m2026-09-14T10:30:20.675577Z[0m [31mERROR[0m codec_extension ThreadId(12) [2mzenoh_codec::common::extension[0m[2m:[0m Unknown Test ext: ZExtUnknown { Id: 1, Mandatory: true, Encoding: "Z64", Value: 12746591407453601295 }
[2m2026-09-14T10:30:20.675580Z[0m [31mERROR[0m codec_extension ThreadId(12) [2mzenoh_codec::common::extension[0m[2m:[0m Unknown Test ext: ZExtUnknown { Id: 1, Mandatory: true, Encoding: "Z64", Value: 2140493158963335864 }
[2m2026-09-14T10:30:20.675584Z[0m [31mERROR[0m codec_extension ThreadId(12) [2mzenoh_codec::common::extension[0m[2m:[0m Unknown Test ext: ZExtUnknown { Id: 1, Mandatory: true, Encoding: "Z64", Value: 5866954952797473140 }
[2m2026-09-14T10:30:20.675588Z[0m [31mERROR[0m codec_extension ThreadId(12) [2mzenoh_codec::common::extension[0m[2m:[0m Unknown Test ext: ZExtUnknown { Id: 1, Mandatory: true, Encoding: "Z64", Value: 15703899695342227026 }
[2m2026-09-14T10:30:20.675592Z[0m [31mERROR[0m codec_extension ThreadId(12) [2mzenoh_codec::common::extension[0m[2m:[0m Unknown Test ext: ZExtUnknown { Id: 1, Mandatory: true, Encoding: "Z64", Value: 3374406755866233060 }
[2m2026-09-14T10:30:20.675595Z[0m [31mERROR[0m codec_extension ThreadId(12) [2mzenoh_codec::common::extension[0m[2m:[0m Unknown Test ext: ZExtUnknown { Id: 1, Mandatory: true, Encoding: "Z64", Value: 2667106305704279259 }
[2m2026-09-14T10:30:20.675599Z[0m [31mERROR[0m codec_extension ThreadId(12) [2mzenoh_codec::common::extension[0m[2m:[0m Unknown Test ext: ZExtUnknown { Id: 1, Mandatory: true, Encoding: "Z64", Value: 6614504300211623408 }
[2m2026-09-14T10:30:20.675602Z[0m [31mERROR[0m codec_extension ThreadId(12) [2mzenoh_codec::common::extension[0m[2m:[0m Unknown Test ext: ZExtUnknown { Id: 1, Mandatory: true, Encoding: "Z64", Value: 7373532866777360241 }
[2m2026-09-14T10:30:20.675606Z[0m [31mERROR[0m codec_extension ThreadId(12) [2mzenoh_codec::common::extension[0m[2m:[0m Unknown Test ext: ZExtUnknown { Id: 1, Mandatory: true, Encoding: "Z64", Value: 6159505078487715273 }
[2m2026-09-14T10:30:20.675609Z[0m [31mERROR[0m codec_extension ThreadId(12) [2mzenoh_codec::common::extension[0m[2m:[0m Unknown Test ext: ZExtUnknown { Id: 1, Mandatory: true, Encoding: "Z64", Value: 7853744377242222846 }
[2m2026-09-14T10:30:20.675613Z[0m [31mERROR[0m codec_extension ThreadId(12) [2mzenoh_codec::common::extension[0m[2m:[0m Unknown Test ext: ZExtUnknown { Id: 1, Mandatory: true, Encoding: "Z64", Value: 11048648734178754841 }
[2m2026-09-14T10:30:20.675617Z[0m [31mERROR[0m codec_extension ThreadId(12) [2mzenoh_codec::common::extension[0m[2m:[0m Unknown Test ext: ZExtUnknown { Id: 1, Mandatory: true, Encoding: "Z64", Value: 16955604152834431556 }
[2m2026-09-14T10:30:20.675625Z[0m [31mERROR[0m codec_extension ThreadId(12) [2mzenoh_codec::common::extension[0m[2m:[0m Unknown Test ext: ZExtUnknown { Id: 1, Mandatory: true, Encoding: "Z64", Value: 4709177566934778889 }
[2m2026-09-14T10:30:20.675631Z[0m [31mERROR[0m codec_extension ThreadId(12) [2mzenoh_codec::common::extension[0m[2m:[0m Unknown Test ext: ZExtUnknown { Id: 1, Mandatory: true, Encoding: "Z64", Value: 17275996723635369416 }
[2m2026-09-14T10:30:20.675638Z[0m [31mERROR[0m codec_extension ThreadId(12) [2mzenoh_codec::common::extension[0m[2m:[0m Unknown Test ext: ZExtUnknown { Id: 1, Mandatory: true, Encoding: "Z64", Value: 16936157410785653379 }
[2m2026-09-14T10:30:20.675642Z[0m [31mERROR[0m codec_extension ThreadId(12) [2mzenoh_codec::common::extension[0m[2m:[0m Unknown Test ext: ZExtUnknown { Id: 1, Mandatory: true, Encoding: "Z64", Value: 13408017408657192601 }
[2m2026-09-14T10:30:20.675645Z[0m [31mERROR[0m codec_extension ThreadId(12) [2mzenoh_codec::common::extension[0m[2m:[0m Unknown Test ext: ZExtUnknown { Id: 1, Mandatory: true, Encoding: "Z64", Value: 5305639061521447690 }
[2m2026-09-14T10:30:20.675663Z[0m [31mERROR[0m codec_extension ThreadId(12) [2mzenoh_codec::common::extension[0m[2m:[0m Unknown Test ext: ZExtUnknown { Id: 1, Mandatory: true, Encoding: "Z64", Value: 9956630230484237985 }
[2m2026-09-14T10:30:20.675667Z[0m [31mERROR[0m codec_extension ThreadId(12) [2mzenoh_codec::common::extension[0m[2m:[0m Unknown Test ext: ZExtUnknown { Id: 1, Mandatory: true, Encoding: "Z64", Value: 17476859167244566058 }
[2m2026-09-14T10:30:20.675671Z[0m [31mERROR[0m codec_extension ThreadId(12) [2mzenoh_codec::common::extension[0m[2m:[0m Unknown Test ext: ZExtUnknown { Id: 1, Mandatory: true, Encoding: "Z64", Value: 6987651593217892954 }
[2m2026-09-14T10:30:20.675675Z[0m [31mERROR[0m codec_extension ThreadId(12) [2mzenoh_codec::common::extension[0m[2m:[0m Unknown Test ext: ZExtUnknown { Id: 1, Mandatory: true, Encoding: "Z64", Value: 11970001173737883621 }
[2m2026-09-14T10:30:20.675681Z[0m [31mERROR[0m codec_extension ThreadId(12) [2mzenoh_codec::common::extension[0m[2m:[0m Unknown Test ext: ZExtUnknown { Id: 1, Mandatory: true, Encoding: "Z64", Value: 11779428452932230610 }
[2m2026-09-14T10:30:20.675687Z[0m [31mERROR[0m codec_extension ThreadId(12) [2mzenoh_codec::common::extension[0m[2m:[0m Unknown Test ext: ZExtUnknown { Id: 1, Mandatory: true, Encoding: "Z64", Value: 17045946159942049687 }
[2m2026-09-14T10:30:20.675691Z[0m [31mERROR[0m codec_extension ThreadId(12) [2mzenoh_codec::common::extension[0m[2m:[0m Unknown Test ext: ZExtUnknown { Id: 1, Mandatory: true, Encoding: "Z64", Value: 17140516250595774871 }
[2m2026-09-14T10:30:20.675695Z[0m [31mERROR[0m codec_extension ThreadId(12) [2mzenoh_codec::common::extension[0m[2m:[0m Unknown Test ext: ZExtUnknown { Id: 1, Mandatory: true, Encoding: "Z64", Value: 11949622886126491283 }
[2m2026-09-14T10:30:20.675698Z[0m [31mERROR[0m codec_extension ThreadId(12) [2mzenoh_codec::common::extension[0m[2m:[0m Unknown Test ext: ZExtUnknown { Id: 1, Mandatory: true, Encoding: "Z64", Value: 1649313041329762146 }
[2m2026-09-14T10:30:20.675702Z[0m [31mERROR[0m codec_extension ThreadId(12) [2mzenoh_codec::common::extension[0m[2m:[0m Unknown Test ext: ZExtUnknown { Id: 1, Mandatory: true, Encoding: "Z64", Value: 16091060342942033732 }
[2m2026-09-14T10:30:20.675708Z[0m [31mERROR[0m codec_extension ThreadId(12) [2mzenoh_codec::common::extension[0m[2m:[0m Unknown Test ext: ZExtUnknown { Id: 1, Mandatory: true, Encoding: "Z64", Value: 6694191375414137875 }
[2m2026-09-14T10:30:20.675712Z[0m [31mERROR[0m codec_extension ThreadId(12) [2mzenoh_codec::common::extension[0m[2m:[0m Unknown Test ext: ZExtUnknown { Id: 1, Mandatory: true, Encoding: "Z64", Value: 15181191629885241719 }
[2m2026-09-14T10:30:20.675715Z[0m [31mERROR[0m codec_extension ThreadId(12) [2mzenoh_codec::common::extension[0m[2m:[0m Unknown Test ext: ZExtUnknown { Id: 1, Mandatory: true, Encoding: "Z64", Value: 13516083625840077774 }
[2m2026-09-14T10:30:20.675719Z[0m [31mERROR[0m codec_extension ThreadId(12) [2mzenoh_codec::common::extension[0m[2m:[0m Unknown Test ext: ZExtUnknown { Id: 1, Mandatory: true, Encoding: "Z64", Value: 12941443935926676273 }
[2m2026-09-14T10:30:20.675724Z[0m [31mERROR[0m codec_extension ThreadId(12) [2mzenoh_codec::common::extension[0m[2m:[0m Unknown Test ext: ZExtUnknown { Id: 1, Mandatory: true, Encoding: "Z64", Value: 6707581487821615899 }
[2m2026-09-14T10:30:20.675727Z[0m [31mERROR[0m codec_extension ThreadId(12) [2mzenoh_codec::common::extension[0m[2m:[0m Unknown Test ext: ZExtUnknown { Id: 1, Mandatory: true, Encoding: "Z64", Value: 3568505077805881976 }
[2m2026-09-14T10:30:20.675731Z[0m [31mERROR[0m codec_extension ThreadId(12) [2mzenoh_codec::common::extension[0m[2m:[0m Unknown Test ext: ZExtUnknown { Id: 1, Mandatory: true, Encoding: "Z64", Value: 4129453507716528422 }
[2m2026-09-14T10:30:20.675735Z[0m [31mERROR[0m codec_extension ThreadId(12) [2mzenoh_codec::common::extension[0m[2m:[0m Unknown Test ext: ZExtUnknown { Id: 1, Mandatory: true, Encoding: "Z64", Value: 8935317325793025444 }
[2m2026-09-14T10:30:20.675738Z[0m [31mERROR[0m codec_extension ThreadId(12) [2mzenoh_codec::common::extension[0m[2m:[0m Unknown Test ext: ZExtUnknown { Id: 1, Mandatory: true, Encoding: "Z64", Value: 10786001230664665 }
[2m2026-09-14T10:30:20.675742Z[0m [31mERROR[0m codec_extension ThreadId(12) [2mzenoh_codec::common::extension[0m[2m:[0m Unknown Test ext: ZExtUnknown { Id: 1, Mandatory: true, Encoding: "Z64", Value: 18276920063820225298 }
[2m2026-09-14T10:30:20.675745Z[0m [31mERROR[0m codec_extension ThreadId(12) [2mzenoh_codec::common::extension[0m[2m:[0m Unknown Test ext: ZExtUnknown { Id: 1, Mandatory: true, Encoding: "Z64", Value: 1974556810656929628 }
[2m2026-09-14T10:30:20.675765Z[0m [31mERROR[0m codec_extension ThreadId(12) [2mzenoh_codec::common::extension[0m[2m:[0m Unknown Test ext: ZExtUnknown { Id: 1, Mandatory: true, Encoding: "Z64", Value: 6169616890390599433 }
[2m2026-09-14T10:30:20.675770Z[0m [31mERROR[0m codec_extension ThreadId(12) [2mzenoh_codec::common::extension[0m[2m:[0m Unknown Test ext: ZExtUnknown { Id: 1, Mandatory: true, Encoding: "Z64", Value: 9545461750377696136 }
[2m2026-09-14T10:30:20.675774Z[0m [31mERROR[0m codec_extension ThreadId(12) [2mzenoh_codec::common::extension[0m[2m:[0m Unknown Test ext: ZExtUnknown { Id: 1, Mandatory: true, Encoding: "Z64", Value: 3758607493821584175 }
[2m2026-09-14T10:30:20.675777Z[0m [31mERROR[0m codec_extension ThreadId(12) [2mzenoh_codec::common::extension[0m[2m:[0m Unknown Test ext: ZExtUnknown { Id: 1, Mandatory: true, Encoding: "Z64", Value: 4002739907877688431 }
[2m2026-09-14T10:30:20.675781Z[0m [31mERROR[0m codec_extension ThreadId(12) [2mzenoh_codec::common::extension[0m[2m:[0m Unknown Test ext: ZExtUnknown { Id: 1, Mandatory: true, Encoding: "Z64", Value: 17524622471294592618 }
[2m2026-09-14T10:30:20.675785Z[0m [31mERROR[0m codec_extension ThreadId(12) [2mzenoh_codec::common::extension[0m[2m:[0m Unknown Test ext: ZExtUnknown { Id: 1, Mandatory: true, Encoding: "Z64", Value: 6306408158091118781 }
[2m2026-09-14T10:30:20.675788Z[0m [31mERROR[0m codec_extension ThreadId(12) [2mzenoh_codec::common::extension[0m[2m:[0m Unknown Test ext: ZExtUnknown { Id: 1, Mandatory: true, Encoding: "Z64", Value: 1942225634061531010 }
[2m2026-09-14T10:30:20.675792Z[0m [31mERROR[0m codec_extension ThreadId(12) [2mzenoh_codec::common::extension[0m[2m:[0m Unknown Test ext: ZExtUnknown { Id: 1, Mandatory: true, Encoding: "Z64", Value: 4080505142398324173 }
[2m2026-09-14T10:30:20.675795Z[0m [31mERROR[0m codec_extension ThreadId(12) [2mzenoh_codec::common::extension[0m[2m:[0m Unknown Test ext: ZExtUnknown { Id: 1, Mandatory: true, Encoding: "Z64", Value: 4013432091627998400 }
[2m2026-09-14T10:30:20.675799Z[0m [31mERROR[0m codec_extension ThreadId(12) [2mzenoh_codec::common::extension[0m[2m:[0m Unknown Test ext: ZExtUnknown { Id: 1, Mandatory: true, Encoding: "Z64", Value: 10346722947815034268 }
[2m2026-09-14T10:30:20.675802Z[0m [31mERROR[0m codec_extension ThreadId(12) [2mzenoh_codec::common::extension[0m[2m:[0m Unknown Test ext: ZExtUnknown { Id: 1, Mandatory: true, Encoding: "Z64", Value: 424917620240210658 }
[2m2026-09-14T10:30:20.675807Z[0m [31mERROR[0m codec_extension ThreadId(12) [2mzenoh_codec::common::extension[0m[2m:[0m Unknown Test ext: ZExtUnknown { Id: 1, Mandatory: true, Encoding: "Z64", Value: 4616700346903125115 }
[2m2026-09-14T10:30:20.675811Z[0m [31mERROR[0m codec_extension ThreadId(12) [2mzenoh_codec::common::extension[0m[2m:[0m Unknown Test ext: ZExtUnknown { Id: 1, Mandatory: true, Encoding: "Z64", Value: 13917945168405362791 }
[2m2026-09-14T10:30:20.675814Z[0m [31mERROR[0m codec_extension ThreadId(12) [2mzenoh_codec::common::extension[0m[2m:[0m Unknown Test ext: ZExtUnknown { Id: 1, Mandatory: true, Encoding: "Z64", Value: 11120779272934487857 }
[2m2026-09-14T10:30:20.675818Z[0m [31mERROR[0m codec_extension ThreadId(12) [2mzenoh_codec::common::extension[0m[2m:[0m Unknown Test ext: ZExtUnknown { Id: 1, Mandatory: true, Encoding: "Z64", Value: 11442763425126372587 }
[2m2026-09-14T10:30:20.675841Z[0m [31mERROR[0m codec_extension ThreadId(12) [2mzenoh_codec::common::extension[0m[2m:[0m Unknown Test ext: ZExtUnknown { Id: 1, Mandatory: true, Encoding: "Z64", Value: 4688989506300708568 }
[2m2026-09-14T10:30:20.675849Z[0m [31mERROR[0m codec_extension ThreadId(12) [2mzenoh_codec::common::extension[0m[2m:[0m Unknown Test ext: ZExtUnknown { Id: 1, Mandatory: true, Encoding: "Z64", Value: 1276131305997619450 }
[2m2026-09-14T10:30:20.675853Z[0m [31mERROR[0m codec_extension ThreadId(12) [2mzenoh_codec::common::extension[0m[2m:[0m Unknown Test ext: ZExtUnknown { Id: 1, Mandatory: true, Encoding: "Z64", Value: 9961215900319313833 }
[2m2026-09-14T10:30:20.675860Z[0m [31mERROR[0m codec_extension ThreadId(12) [2mzenoh_codec::common::extension[0m[2m:[0m Unknown Test ext: ZExtUnknown { Id: 1, Mandatory: true, Encoding: "Z64", Value: 6887004796016735917 }
[2m2026-09-14T10:30:20.675864Z[0m [31mERROR[0m codec_extension ThreadId(12) [2mzenoh_codec::common::extension[0m[2m:[0m Unknown Test ext: ZExtUnknown { Id: 1, Mandatory: true, Encoding: "Z64", Value: 13446229098205799803 }
[2m2026-09-14T10:30:20.675868Z[0m [31mERROR[0m codec_extension ThreadId(12) [2mzenoh_codec::common::extension[0m[2m:[0m Unknown Test ext: ZExtUnknown { Id: 1, Mandatory: true, Encoding: "Z64", Value: 9035454117020864254 }
[2m2026-09-14T10:30:20.675871Z[0m [31mERROR[0m codec_extension ThreadId(12) [2mzenoh_codec::common::extension[0m[2m:[0m Unknown Test ext: ZExtUnknown { Id: 1, Mandatory: true, Encoding: "Z64", Value: 7478520132971006917 }
[2m2026-09-14T10:30:20.675891Z[0m [31mERROR[0m codec_extension ThreadId(12) [2mzenoh_codec::common::extension[0m[2m:[0m Unknown Test ext: ZExtUnknown { Id: 1, Mandatory: true, Encoding: "Z64", Value: 6486369092791006932 }
[2m2026-09-14T10:30:20.675895Z[0m [31mERROR[0m codec_extension ThreadId(12) [2mzenoh_codec::common::extension[0m[2m:[0m Unknown Test ext: ZExtUnknown { Id: 1, Mandatory: true, Encoding: "Z64", Value: 17866018566689240470 }
[2m2026-09-14T10:30:20.675899Z[0m [31mERROR[0m codec_extension ThreadId(12) [2mzenoh_codec::common::extension[0m[2m:[0m Unknown Test ext: ZExtUnknown { Id: 1, Mandatory: true, Encoding: "Z64", Value: 17408676984120959179 }
[2m2026-09-14T10:30:20.675903Z[0m [31mERROR[0m codec_extension ThreadId(12) [2mzenoh_codec::common::extension[0m[2m:[0m Unknown Test ext: ZExtUnknown { Id: 1, Mandatory: true, Encoding: "Z64", Value: 6454970555829098199 }
[2m2026-09-14T10:30:20.675907Z[0m [31mERROR[0m codec_extension ThreadId(12) [2mzenoh_codec::common::extension[0m[2m:[0m Unknown Test ext: ZExtUnknown { Id: 1, Mandatory: true, Encoding: "Z64", Value: 13890460936745721435 }
[2m2026-09-14T10:30:20.675910Z[0m [31mERROR[0m codec_extension ThreadId(12) [2mzenoh_codec::common::extension[0m[2m:[0m Unknown Test ext: ZExtUnknown { Id: 1, Mandatory: true, Encoding: "Z64", Value: 8952637124880277907 }
[2m2026-09-14T10:30:20.675916Z[0m [31mERROR[0m codec_extension ThreadId(12) [2mzenoh_codec::common::extension[0m[2m:[0m Unknown Test ext: ZExtUnknown { Id: 1, Mandatory: true, Encoding: "Z64", Value: 7364261143546388825 }
[2m2026-09-14T10:30:20.675924Z[0m [31mERROR[0m codec_extension ThreadId(12) [2mzenoh_codec::common::extension[0m[2m:[0m Unknown Test ext: ZExtUnknown { Id: 1, Mandatory: true, Encoding: "Z64", Value: 15757299562000084930 }
[2m2026-09-14T10:30:20.675929Z[0m [31mERROR[0m codec_extension ThreadId(12) [2mzenoh_codec::common::extension[0m[2m:[0m Unknown Test ext: ZExtUnknown { Id: 1, Mandatory: true, Encoding: "Z64", Value: 16997572486845323158 }
[2m2026-09-14T10:30:20.675935Z[0m [31mERROR[0m codec_extension ThreadId(12) [2mzenoh_codec::common::extension[0m[2m:[0m Unknown Test ext: ZExtUnknown { Id: 1, Mandatory: true, Encoding: "Z64", Value: 6757848137480353214 }
[2m2026-09-14T10:30:20.675939Z[0m [31mERROR[0m codec_extension ThreadId(12) [2mzenoh_codec::common::extension[0m[2m:[0m Unknown Test ext: ZExtUnknown { Id: 1, Mandatory: true, Encoding: "Z64", Value: 11297859006889648862 }
[2m2026-09-14T10:30:20.675943Z[0m [31mERROR[0m codec_extension ThreadId(12) [2mzenoh_codec::common::extension[0m[2m:[0m Unknown Test ext: ZExtUnknown { Id: 1, Mandatory: true, Encoding: "Z64", Value: 18020956631934090765 }
[2m2026-09-14T10:30:20.675948Z[0m [31mERROR[0m codec_extension ThreadId(12) [2mzenoh_codec::common::extension[0m[2m:[0m Unknown Test ext: ZExtUnknown { Id: 1, Mandatory: true, Encoding: "Z64", Value: 10606184623631819051 }
[2m2026-09-14T10:30:20.675953Z[0m [31mERROR[0m codec_extension ThreadId(12) [2mzenoh_codec::common::extension[0m[2m:[0m Unknown Test ext: ZExtUnknown { Id: 1, Mandatory: true, Encoding: "Z64", Value: 212104741507816789 }
[2m2026-09-14T10:30:20.675957Z[0m [31mERROR[0m codec_extension ThreadId(12) [2mzenoh_codec::common::extension[0m[2m:[0m Unknown Test ext: ZExtUnknown { Id: 1, Mandatory: true, Encoding: "Z64", Value: 18333906090727345732 }
[2m2026-09-14T10:30:20.675960Z[0m [31mERROR[0m codec_extension ThreadId(12) [2mzenoh_codec::common::extension[0m[2m:[0m Unknown Test ext: ZExtUnknown { Id: 1, Mandatory: true, Encoding: "Z64", Value: 7223243744160176293 }
[2m2026-09-14T10:30:20.675964Z[0m [31mERROR[0m codec_extension ThreadId(12) [2mzenoh_codec::common::extension[0m[2m:[0m Unknown Test ext: ZExtUnknown { Id: 1, Mandatory: true, Encoding: "Z64", Value: 17888655471961610608 }
[2m2026-09-14T10:30:20.675967Z[0m [31mERROR[0m codec_extension ThreadId(12) [2mzenoh_codec::common::extension[0m[2m:[0m Unknown Test ext: ZExtUnknown { Id: 1, Mandatory: true, Encoding: "Z64", Value: 10964498597836225496 }
[2m2026-09-14T10:30:20.675971Z[0m [31mERROR[0m codec_extension ThreadId(12) [2mzenoh_codec::common::extension[0m[2m:[0m Unknown Test ext: ZExtUnknown { Id: 1, Mandatory: true, Encoding: "Z64", Value: 13883715774008103028 }
[2m2026-09-14T10:30:20.675975Z[0m [31mERROR[0m codec_extension ThreadId(12) [2mzenoh_codec::common::extension[0m[2m:[0m Unknown Test ext: ZExtUnknown { Id: 1, Mandatory: true, Encoding: "Z64", Value: 8857135958285969600 }
[2m2026-09-14T10:30:20.675978Z[0m [31mERROR[0m codec_extension ThreadId(12) [2mzenoh_codec::common::extension[0m[2m:[0m Unknown Test ext: ZExtUnknown { Id: 1, Mandatory: true, Encoding: "Z64", Value: 12429315821211974218 }
[2m2026-09-14T10:30:20.675997Z[0m [31mERROR[0m codec_extension ThreadId(12) [2mzenoh_codec::common::extension[0m[2m:[0m Unknown Test ext: ZExtUnknown { Id: 1, Mandatory: true, Encoding: "Z64", Value: 13736435350687714261 }
[2m2026-09-14T10:30:20.676001Z[0m [31mERROR[0m codec_extension ThreadId(12) [2mzenoh_codec::common::extension[0m[2m:[0m Unknown Test ext: ZExtUnknown { Id: 1, Mandatory: true, Encoding: "Z64", Value: 2275896098853385423 }
[2m2026-09-14T10:30:20.676004Z[0m [31mERROR[0m codec_extension ThreadId(12) [2mzenoh_codec::common::extension[0m[2m:[0m Unknown Test ext: ZExtUnknown { Id: 1, Mandatory: true, Encoding: "Z64", Value: 5432371328308444807 }
[2m2026-09-14T10:30:20.676008Z[0m [31mERROR[0m codec_extension ThreadId(12) [2mzenoh_codec::common::extension[0m[2m:[0m Unknown Test ext: ZExtUnknown { Id: 1, Mandatory: true, Encoding: "Z64", Value: 16405289909820612426 }
[2m2026-09-14T10:30:20.676014Z[0m [31mERROR[0m codec_extension ThreadId(12) [2mzenoh_codec::common::extension[0m[2m:[0m Unknown Test ext: ZExtUnknown { Id: 1, Mandatory: true, Encoding: "Z64", Value: 17860457395095414837 }
[2m2026-09-14T10:30:20.676019Z[0m [31mERROR[0m codec_extension ThreadId(12) [2mzenoh_codec::common::extension[0m[2m:[0m Unknown Test ext: ZExtUnknown { Id: 1, Mandatory: true, Encoding: "Z64", Value: 5656451966462642710 }
[2m2026-09-14T10:30:20.676022Z[0m [31mERROR[0m codec_extension ThreadId(12) [2mzenoh_codec::common::extension[0m[2m:[0m Unknown Test ext: ZExtUnknown { Id: 1, Mandatory: true, Encoding: "Z64", Value: 4673555915011152661 }
[2m2026-09-14T10:30:20.676026Z[0m [31mERROR[0m codec_extension ThreadId(12) [2mzenoh_codec::common::extension[0m[2m:[0m Unknown Test ext: ZExtUnknown { Id: 1, Mandatory: true, Encoding: "Z64", Value: 12460372698298791993 }
[2m2026-09-14T10:30:20.676030Z[0m [31mERROR[0m codec_extension ThreadId(12) [2mzenoh_codec::common::extension[0m[2m:[0m Unknown Test ext: ZExtUnknown { Id: 1, Mandatory: true, Encoding: "Z64", Value: 1666787462118628725 }
[2m2026-09-14T10:30:20.676033Z[0m [31mERROR[0m codec_extension ThreadId(12) [2mzenoh_codec::common::extension[0m[2m:[0m Unknown Test ext: ZExtUnknown { Id: 1, Mandatory: true, Encoding: "Z64", Value: 17150910196584599077 }
[2m2026-09-14T10:30:20.676040Z[0m [31mERROR[0m codec_extension ThreadId(12) [2mzenoh_codec::common::extension[0m[2m:[0m Unknown Test ext: ZExtUnknown { Id: 1, Mandatory: true, Encoding: "Z64", Value: 13748412359595195225 }
[2m2026-09-14T10:30:20.676045Z[0m [31mERROR[0m codec_extension ThreadId(12) [2mzenoh_codec::common::extension[0m[2m:[0m Unknown Test ext: ZExtUnknown { Id: 1, Mandatory: true, Encoding: "Z64", Value: 13823724358898157235 }
[2m2026-09-14T10:30:20.676050Z[0m [31mERROR[0m codec_extension ThreadId(12) [2mzenoh_codec::common::extension[0m[2m:[0m Unknown Test ext: ZExtUnknown { Id: 1, Mandatory: true, Encoding: "Z64", Value: 14317601341402179138 }
[2m2026-09-14T10:30:20.676053Z[0m [31mERROR[0m codec_extension ThreadId(12) [2mzenoh_codec::common::extension[0m[2m:[0m Unknown Test ext: ZExtUnknown { Id: 1, Mandatory: true, Encoding: "Z64", Value: 755870579551029427 }
[2m2026-09-14T10:30:20.676057Z[0m [31mERROR[0m codec_extension ThreadId(12) [2mzenoh_codec::common::extension[0m[2m:[0m Unknown Test ext: ZExtUnknown { Id: 1, Mandatory: true, Encoding: "Z64", Value: 8885091295532742199 }
[2m2026-09-14T10:30:20.676061Z[0m [31mERROR[0m codec_extension ThreadId(12) [2mzenoh_codec::common::extension[0m[2m:[0m Unknown Test ext: ZExtUnknown { Id: 1, Mandatory: true, Encoding: "Z64", Value: 14233334825072063010 }
[2m2026-09-14T10:30:20.676067Z[0m [31mERROR[0m codec_extension ThreadId(12) [2mzenoh_codec::common::extension[0m[2m:[0m Unknown Test ext: ZExtUnknown { Id: 1, Mandatory: true, Encoding: "Z64", Value: 15068218755762377009 }
[2m2026-09-14T10:30:20.676071Z[0m [31mERROR[0m codec_extension ThreadId(12) [2mzenoh_codec::common::extension[0m[2m:[0m Unknown Test ext: ZExtUnknown { Id: 1, Mandatory: true, Encoding: "Z64", Value: 9793082681897137420 }
[2m2026-09-14T10:30:20.676074Z[0m [31mERROR[0m codec_extension ThreadId(12) [2mzenoh_codec::common::extension[0m[2m:[0m Unknown Test ext: ZExtUnknown { Id: 1, Mandatory: true, Encoding: "Z64", Value: 2384764764961018 }
[2m2026-09-14T10:30:20.676078Z[0m [31mERROR[0m codec_extension ThreadId(12) [2mzenoh_codec::common::extension[0m[2m:[0m Unknown Test ext: ZExtUnknown { Id: 1, Mandatory: true, Encoding: "Z64", Value: 10045363693840853002 }
[2m2026-09-14T10:30:20.676082Z[0m [31mERROR[0m codec_extension ThreadId(12) [2mzenoh_codec::common::extension[0m[2m:[0m Unknown Test ext: ZExtUnknown { Id: 1, Mandatory: true, Encoding: "Z64", Value: 948406430337658762 }
[2m2026-09-14T10:30:20.676101Z[0m [31mERROR[0m codec_extension ThreadId(12) [2mzenoh_codec::common::extension[0m[2m:[0m Unknown Test ext: ZExtUnknown { Id: 1, Mandatory: true, Encoding: "Z64", Value: 7144990694224535622 }
[2m2026-09-14T10:30:20.676108Z[0m [31mERROR[0m codec_extension ThreadId(12) [2mzenoh_codec::common::extension[0m[2m:[0m Unknown Test ext: ZExtUnknown { Id: 1, Mandatory: true, Encoding: "Z64", Value: 15448579652716066314 }
[2m2026-09-14T10:30:20.676112Z[0m [31mERROR[0m codec_extension ThreadId(12) [2mzenoh_codec::common::extension[0m[2m:[0m Unknown Test ext: ZExtUnknown { Id: 1, Mandatory: true, Encoding: "Z64", Value: 10708362160969855738 }
[2m2026-09-14T10:30:20.676116Z[0m [31mERROR[0m codec_extension ThreadId(12) [2mzenoh_codec::common::extension[0m[2m:[0m Unknown Test ext: ZExtUnknown { Id: 1, Mandatory: true, Encoding: "Z64", Value: 9799291090293339123 }
[2m2026-09-14T10:30:20.676120Z[0m [31mERROR[0m codec_extension ThreadId(12) [2mzenoh_codec::common::extension[0m[2m:[0m Unknown Test ext: ZExtUnknown { Id: 1, Mandatory: true, Encoding: "Z64", Value: 4849550428326072420 }
[2m2026-09-14T10:30:20.676123Z[0m [31mERROR[0m codec_extension ThreadId(12) [2mzenoh_codec::common::extension[0m[2m:[0m Unknown Test ext: ZExtUnknown { Id: 1, Mandatory: true, Encoding: "Z64", Value: 6197886680664527317 }
[2m2026-09-14T10:30:20.676127Z[0m [31mERROR[0m codec_extension ThreadId(12) [2mzenoh_codec::common::extension[0m[2m:[0m Unknown Test ext: ZExtUnknown { Id: 1, Mandatory: true, Encoding: "Z64", Value: 17235143015057151581 }
[2m2026-09-14T10:30:20.676131Z[0m [31mERROR[0m codec_extension ThreadId(12) [2mzenoh_codec::common::extension[0m[2m:[0m Unknown Test ext: ZExtUnknown { Id: 1, Mandatory: true, Encoding: "Z64", Value: 8231890937055384694 }
[2m2026-09-14T10:30:20.676134Z[0m [31mERROR[0m codec_extension ThreadId(12) [2mzenoh_codec::common::extension[0m[2m:[0m Unknown Test ext: ZExtUnknown { Id: 1, Mandatory: true, Encoding: "Z64", Value: 12774254979103075753 }
[2m2026-09-14T10:30:20.676140Z[0m [31mERROR[0m codec_extension ThreadId(12) [2mzenoh_codec::common::extension[0m[2m:[0m Unknown Test ext: ZExtUnknown { Id: 1, Mandatory: true, Encoding: "Z64", Value: 17734485437376403809 }
[2m2026-09-14T10:30:20.676635Z[0m [31mERROR[0m codec_extension ThreadId(12) [2mzenoh_codec::common::extension[0m[2m:[0m Unknown Test ext: ZExtUnknown { Id: 2, Mandatory: true, Encoding: "ZBuf", Value: ZBuf { slices: [[c6, ea, 49, 9f, b3, 0c, 11, ce, e8, bf, 9a, 05, b0]] } }
[2m2026-09-14T10:30:20.676665Z[0m [31mERROR[0m codec_extension ThreadId(12) [2mzenoh_codec::common::extension[0m[2m:[0m Unknown Test ext: ZExtUnknown { Id: 2, Mandatory: true, Encoding: "ZBuf", Value: ZBuf { slices: [[7d, b9, 76, 9c, 26, eb, 73, 1c, 06, 11, 12, 76, 8b, b5, 5a, f3, b4, e7, ca, d5, 6c, 9d, 34, d8, 43, cb, ea, 3b, a9, 48, b3, 9c, 05, 29, 0a, 12, aa, 31, a3, df, d7, b6, 3a, 6b, 69, a1, 21, 16, 0c, 5d, ea, 1c, 4b, 84, f4, 77, a4, 61, ab, be, ab, 7b, 3c, f5]] } }
[2m2026-09-14T10:30:20.676692Z[0m [31mERROR[0m codec_extension ThreadId(12) [2mzenoh_codec::common::extension[0m[2m:[0m Unknown Test ext: ZExtUnknown { Id: 2, Mandatory: true, Encoding: "ZBuf", Value: ZBuf { slices: [[1e, 53, 8b, 25, 9c, 1d, ea, d7, aa, ee, 62, 7c, 43, bf, 42, e2, 6c, ec, 02, 0c, a7, 0e, b2, 52, 77, 78, f9, d0, 4e, eb, a3, 09, 89, fa, da, 2f, 89]] } }
[2m2026-09-14T10:30:20.676716Z[0m [31mERROR[0m codec_extension ThreadId(12) [2mzenoh_codec::common::extension[0m[2m:[0m Unknown Test ext: ZExtUnknown { Id: 2, Mandatory: true, Encoding: "ZBuf", Value: ZBuf { slices: [[cd, bb, b8, a6, 86, 29, 1e, c9, 57, 13, 17, d9, 90, 5b, 5b, ff, d6, 7c, 4a, 40, 66, f3, 8f, a0, 4b, c1, ac, 69, 3a, 75, 99, e8, 98, 2b, 0b, 74, 5e, 4c, 97, 64]] } }
[2m2026-09-14T10:30:20.676726Z[0m [31mERROR[0m codec_extension ThreadId(12) [2mzenoh_codec::common::extension[0m[2m:[0m Unknown Test ext: ZExtUnknown { Id: 2, Mandatory: true, Encoding: "ZBuf", Value: ZBuf { slices: [[45, cb, 76, 4b, a9, f2, c2, 0e, 1f, 29, 8a, d8, 34, a2, c9, 9a, 11, 34, 25, be, 3e, 34, 71, b5, 08, 2f, 57, a6, 54, 2b, 69, 27, 03, f7, 2f, 9d, b2, 63, 83, dc, 80, ef, bb, 7e, 7b, 1b, 6d, 62]] } }
[2m2026-09-14T10:30:20.676751Z[0m [31mERROR[0m codec_extension ThreadId(12) [2mzenoh_codec::common::extension[0m[2m:[0m Unknown Test ext: ZExtUnknown { Id: 2, Mandatory: true, Encoding: "ZBuf", Value: ZBuf { slices: [[9b, 3e, 9f, cb, dd, 6f, b6, 7b, 9c, 5d, a0, 77, 52, fc, 90, ed, 07, 5e, b8, 0d, da, a7, 8d, bd, 33, 50, 62, f5, 69, 0a, eb, e2, ec, b8, c5, 5c, 3a, e3, f5, c9, 2a, 60, b8]] } }
[2m2026-09-14T10:30:20.676776Z[0m [31mERROR[0m codec_extension ThreadId(12) [2mzenoh_codec::common::extension[0m[2m:[0m Unknown Test ext: ZExtUnknown { Id: 2, Mandatory: true, Encoding: "ZBuf", Value: ZBuf { slices: [[b6, 0d, d7, 8a, 0f, 72, 64, ec, d9, fe, 32, c8, 86, 52, f5, 76, 2e, aa, 93, 6d, 16, 8a, 6a, 91, 65, d2, 3b, 57, 6b, d1, df, a5, 35, c5, 38, 38, e5, 29, 5f, 6b, b0, bc, 0f, 0b, 15, ea, 58, b3, 7e, f8, 28, 59, 30, 3b, 2f, 51]] } }
[2m2026-09-14T10:30:20.676801Z[0m [31mERROR[0m codec_extension ThreadId(12) [2mzenoh_codec::common::extension[0m[2m:[0m Unknown Test ext: ZExtUnknown { Id: 2, Mandatory: true, Encoding: "ZBuf", Value: ZBuf { slices: [[9d, 87, aa, 12, 34, ff, e5, fd, e8, 61, 0d, 0e, 8e, 10, 13, 55, 0e, 0b, 81, e5, b2, 26, 89, 3a, 02, e3, 36, 63, 9c, a3, fe, 86, 1b, bb, 46, b1, 29, 7a]] } }
[2m2026-09-14T10:30:20.676826Z[0m [31mERROR[0m codec_extension ThreadId(12) [2mzenoh_codec::common::extension[0m[2m:[0m Unknown Test ext: ZExtUnknown { Id: 2, Mandatory: true, Encoding: "ZBuf", Value: ZBuf { slices: [[7d, ef, 43, 93, 76, 0f, 36, 9c, e3, d8, 5f, e6, 4a, 7d, fa, d2, ec, 82, 19, 32, 8a, 4f, 65, 38, 74, 89, 64, 2a, a6, f0, 76, 8c, 51, 66, 53, 30, fb, 42, 31, 9d, 68, 75, 9f, de, cf, 26, 80, 5c, 57, 00, 01, fe, a1, b5, 22, 24, ce, b8, 1d, d3, 07, 43, ae]] } }
[2m2026-09-14T10:30:20.676836Z[0m [31mERROR[0m codec_extension ThreadId(12) [2mzenoh_codec::common::extension[0m[2m:[0m Unknown Test ext: ZExtUnknown { Id: 2, Mandatory: true, Encoding: "ZBuf", Value: ZBuf { slices: [[e1, 10, e7, ec, c1, a1, 16, 36, 66, 59, f9, 5d, 66, 97, 44, d6, 42, a3, 50, 73, ec, 80, 3a, 64, 7a, 96, 6d, 34, f2, 92, 04, d7, a3, be]] } }
[2m2026-09-14T10:30:20.676857Z[0m [31mERROR[0m codec_extension ThreadId(12) [2mzenoh_codec::common::extension[0m[2m:[0m Unknown Test ext: ZExtUnknown { Id: 2, Mandatory: true, Encoding: "ZBuf", Value: ZBuf { slices: [[d0, 49, db, 28, 9f, e9, 92, 68, 91, dd, 8a, e3, ba, 56, 95, 9c, df, 8d, ea]] } }
[2m2026-09-14T10:30:20.676866Z[0m [31mERROR[0m codec_extension ThreadId(12) [2mzenoh_codec::common::extension[0m[2m:[0m Unknown Test ext: ZExtUnknown { Id: 2, Mandatory: true, Encoding: "ZBuf", Value: ZBuf { slices: [[72, ba, d1, 37, fc, ee, aa, ec, 89, cb, 18, 1f, c3, 7a, b4, 0b, 66, ae, d9, aa, 3d, 62, 8d, e5, 5c, 68, 05, 5c, 45, f2, 8a, cc, f6, d4, 98, cb, 73, 3f, 1e, c7]] } }
[2m2026-09-14T10:30:20.676892Z[0m [31mERROR[0m codec_extension ThreadId(12) [2mzenoh_codec::common::extension[0m[2m:[0m Unknown Test ext: ZExtUnknown { Id: 2, Mandatory: true, Encoding: "ZBuf", Value: ZBuf { slices: [[ad, a8, 9f, 76, 07, 41, 5d, 41, e2, 21, a4, 40, d4, ae, 32, b0, 4f, b8, 49, 22, 62, 2f, cc, 89, 5e, 61, 9c, 7e, a6, ef, c2, f2, 31, 2f, 72, a7, 16, 55, 84, 5b, 3a, 9e, e0, 43, b8, 74, 33, 1f, cf, 21, 09, 4d, 8e]] } }
[2m2026-09-14T10:30:20.676915Z[0m [31mERROR[0m codec_extension ThreadId(12) [2mzenoh_codec::common::extension[0m[2m:[0m Unknown Test ext: ZExtUnknown { Id: 2, Mandatory: true, Encoding: "ZBuf", Value: ZBuf { slices: [[f1, c7, 7a, 27, 26, 85, 64, 1e, 57, 79, 51, a5, 9e, 31, 3f, 71, 99, e0, c1, 6e, f9, 28, ae, 1a, e1, 91, 18, 7a, ad, f9, 8f]] } }
[2m2026-09-14T10:30:20.676921Z[0m [31mERROR[0m codec_extension ThreadId(12) [2mzenoh_codec::common::extension[0m[2m:[0m Unknown Test ext: ZExtUnknown { Id: 2, Mandatory: true, Encoding: "ZBuf", Value: ZBuf { slices: [[b4, de, 85, dd, 2f, 12, d1, 6f, 82, 8d, 60, c4, a1, 68, 5e, ee, f3, f3, f7, 48, 7d, 2e, 36, 84, 9f, d6, e5, 8f, 21, 09, 44, 4d, fa, 7f]] } }
[2m2026-09-14T10:30:20.676942Z[0m [31mERROR[0m codec_extension ThreadId(12) [2mzenoh_codec::common::extension[0m[2m:[0m Unknown Test ext: ZExtUnknown { Id: 2, Mandatory: true, Encoding: "ZBuf", Value: ZBuf { slices: [[67, 73, 04, 14, 6a, f0, f7, 18, 2b, 2a, 91, be, 11, 14, 2e, 8f, 09, 74, 3b, f5, b8, 63]] } }
[2m2026-09-14T10:30:20.676965Z[0m [31mERROR[0m codec_extension ThreadId(12) [2mzenoh_codec::common::extension[0m[2m:[0m Unknown Test ext: ZExtUnknown { Id: 2, Mandatory: true, Encoding: "ZBuf", Value: ZBuf { slices: [[b1, 61, 18, 08, 2d, 5c, 06, 2d, 31, 72, 3c, 99, bb, 36, 29, 6a, ad, 45, 4f, 2d, c4, 4e, ea, 66, 3a, 2b, 6f, ce, 75, 1b, 10, 6d, 78, 09, ec, 53, 77, 3f, e2, 6f, 0e, 8c, e3, 4d, 9f, ad, ac, 0a, 3d, 84]] } }
[2m2026-09-14T10:30:20.676975Z[0m [31mERROR[0m codec_extension ThreadId(12) [2mzenoh_codec::common::extension[0m[2m:[0m Unknown Test ext: ZExtUnknown { Id: 2, Mandatory: true, Encoding: "ZBuf", Value: ZBuf { slices: [[0d, 66, 72, 55, 8a, 77, 78, 7a, 26, f0, 8f, 31, 81, 4d, 5e, a9, 2d, b7, 08, 59, e3, d4, 77, 29, 50, 3a, df, 3b, 20, 8c, d2, 09, 1c, c3, ef, d3, 4e, 72, a1, de, c5, 63, 1b, e6, 5e, 72, 24, be, ee, 96, 70, 98, 91]] } }
[2m2026-09-14T10:30:20.676999Z[0m [31mERROR[0m codec_extension ThreadId(12) [2mzenoh_codec::common::extension[0m[2m:[0m Unknown Test ext: ZExtUnknown { Id: 2, Mandatory: true, Encoding: "ZBuf", Value: ZBuf { slices: [[be, 2f, 6c, 6b, 8f, 97, 4f, 66, da, 11, 3c, 86, 65, a6, f4]] } }
[2m2026-09-14T10:30:20.677005Z[0m [31mERROR[0m codec_extension ThreadId(12) [2mzenoh_codec::common::extension[0m[2m:[0m Unknown Test ext: ZExtUnknown { Id: 2, Mandatory: true, Encoding: "ZBuf", Value: ZBuf { slices: [[1f, 72, 65, 87, 75, 92, f8, 5a, 8c, 8b, 77, bc, 0b, e6, b6, 83, cf, ec, 8a, 98, 71, d0, 5a, 8e, d3]] } }
[2m2026-09-14T10:30:20.677028Z[0m [31mERROR[0m codec_extension ThreadId(12) [2mzenoh_codec::common::extension[0m[2m:[0m Unknown Test ext: ZExtUnknown { Id: 2, Mandatory: true, Encoding: "ZBuf", Value: ZBuf { slices: [[76, f5, b4, 07, 34, 6b, 64, f7, e5, f4, 62, 4c, a0, 07, 16, 6a, bb, 22, 47, 6b, 3b, 6f, dd, d6, c6]] } }
[2m2026-09-14T10:30:20.677037Z[0m [31mERROR[0m codec_extension ThreadId(12) [2mzenoh_codec::common::extension[0m[2m:[0m Unknown Test ext: ZExtUnknown { Id: 2, Mandatory: true, Encoding: "ZBuf", Value: ZBuf { slices: [[ec, ed, b1, a9, 53, 93, 23, d0, e5, bd, d3, 91, b7, ad]] } }
[2m2026-09-14T10:30:20.677044Z[0m [31mERROR[0m codec_extension ThreadId(12) [2mzenoh_codec::common::extension[0m[2m:[0m Unknown Test ext: ZExtUnknown { Id: 2, Mandatory: true, Encoding: "ZBuf", Value: ZBuf { slices: [[ab, a7, 60, c7, 1d, 6c, 8e, 04, 44, bc, 7c, f2, 54]] } }
[2m2026-09-14T10:30:20.677067Z[0m [31mERROR[0m codec_extension ThreadId(12) [2mzenoh_codec::common::extension[0m[2m:[0m Unknown Test ext: ZExtUnknown { Id: 2, Mandatory: true, Encoding: "ZBuf", Value: ZBuf { slices: [[ed, f4, 07, 79, 9b, 60, bf, 61, 6d, 55, 5e, 3b, 2c, 3c, 2d, 30, 1a, 89, e0, 31, 31, fc, 45, 36, 13, 9a, ff, 61, b1, b9, 89, a9, 45, c2]] } }
[2m2026-09-14T10:30:20.677090Z[0m [31mERROR[0m codec_extension ThreadId(12) [2mzenoh_codec::common::extension[0m[2m:[0m Unknown Test ext: ZExtUnknown { Id: 2, Mandatory: true, Encoding: "ZBuf", Value: ZBuf { slices: [[6e, 4b, 3e, b2, 27, a8, b7, 02, 39, 2c, 3e, 70, 70, 7e, 00, 18, c7, b4, cc, 2c, af, c8, b2, 22, b4, 1f, 74, 9c, 00, 80, bd, 01, 57, 1d, 76, 14, 5c, 54, ed, 41, 55, 87, f5, 2b, 54, fa, 0d, 29, 17, 1a, d9, d0, b3, cf, 28, 8c]] } }
[2m2026-09-14T10:30:20.677102Z[0m [31mERROR[0m codec_extension ThreadId(12) [2mzenoh_codec::common::extension[0m[2m:[0m Unknown Test ext: ZExtUnknown { Id: 2, Mandatory: true, Encoding: "ZBuf", Value: ZBuf { slices: [[63, e3, 34, b6, 8b, 5c, 5c, 9f]] } }
[2m2026-09-14T10:30:20.677125Z[0m [31mERROR[0m codec_extension ThreadId(12) [2mzenoh_codec::common::extension[0m[2m:[0m Unknown Test ext: ZExtUnknown { Id: 2, Mandatory: true, Encoding: "ZBuf", Value: ZBuf { slices: [[77, 5d, 96, 21, 7c, 9b, 90, 07, 09, d6, 73, 6c, d2, 64, 82, a6, 9a, 3a, 47, b6, 2d, 60, 5d, 56, a9, 75, 5b, b9, 8a, 02, 0e, d1, 67, dd, 43, b0, f5, 17, 4b, cf, 80, 1a, ce, 33, aa, 6d, a6, ac, be, eb, 02, 14, ab, 31, 75, 8d, 37, 9c, b0, cf, c3, 9e]] } }
[2m2026-09-14T10:30:20.677137Z[0m [31mERROR[0m codec_extension ThreadId(12) [2mzenoh_codec::common::extension[0m[2m:[0m Unknown Test ext: ZExtUnknown { Id: 2, Mandatory: true, Encoding: "ZBuf", Value: ZBuf { slices: [[9b, fb, f6, 38, 72, 7c, 9f, bd]] } }
[2m2026-09-14T10:30:20.677163Z[0m [31mERROR[0m codec_extension ThreadId(12) [2mzenoh_codec::common::extension[0m[2m:[0m Unknown Test ext: ZExtUnknown { Id: 2, Mandatory: true, Encoding: "ZBuf", Value: ZBuf { slices: [[84, bf, 3d, a1, a2, 58, 28, 26, 96, a8, d2, d7, 62, bd, 4f, 29, 08, 17, c0, fc, 30, d0, 71, e7, 69, dc, 3e, 8f, 77, 5f, 88, a6, 91, f2, c1, a3, cc, 81, 5d, 3c, 22, 03, 17, bb, 0c, 6d]] } }
[2m2026-09-14T10:30:20.677173Z[0m [31mERROR[0m codec_extension ThreadId(12) [2mzenoh_codec::common::extension[0m[2m:[0m Unknown Test ext: ZExtUnknown { Id: 2, Mandatory: true, Encoding: "ZBuf", Value: ZBuf { slices: [[37, 4b, c4, fc, 80, ec, 21, 19, 7b, 1d, e5, 7b, 1c, 4c, ea, e7, 8d, 40, 61, c2, aa, 4f, fe, f4, 8e, ea, fd, ed, 31, 06, 19, a0, 34, 43, bb, 1d, 59, ef, a0, b7, ca, d7, d2]] } }
[2m2026-09-14T10:30:20.677197Z[0m [31mERROR[0m codec_extension ThreadId(12) [2mzenoh_codec::common::extension[0m[2m:[0m Unknown Test ext: ZExtUnknown { Id: 2, Mandatory: true, Encoding: "ZBuf", Value: ZBuf { slices: [[a0, eb, 38, 1c, ab, 36, bc, 51, f7, 13, dd, 0b, d9, 0c, 89, 4e, 3b, a4, 98, b9, 5e, 53, 7f, d2, 80, 64, 7b, a2, 76, 54, dc, 98, cf, fe, 35, 86, 88]] } }
[2m2026-09-14T10:30:20.677230Z[0m [31mERROR[0m codec_extension ThreadId(12) [2mzenoh_codec::common::extension[0m[2m:[0m Unknown Test ext: ZExtUnknown { Id: 2, Mandatory: true, Encoding: "ZBuf", Value: ZBuf { slices: [[a2, 47, 1a, c2, 58, 8e, 18, e7, e5, cb, e6, 1f, fc, 91, 3c, 5a, db, be, 2d, 6a, 33, 2b, 4d, af, 7e, 8b, 44, 4c, 17, 0a, 1c, 5c, fd, 22, 80, 10, c9, f1, f4, 88]] } }
[2m2026-09-14T10:30:20.677241Z[0m [31mERROR[0m codec_extension ThreadId(12) [2mzenoh_codec::common::extension[0m[2m:[0m Unknown Test ext: ZExtUnknown { Id: 2, Mandatory: true, Encoding: "ZBuf", Value: ZBuf { slices: [[56, e0, 24, 45, 3b, 62, 8c, ca, 74, 00, fa, b5, 80, 05, 66, e0, 97, 92, 78, 7b, d3, 9c, 1c, 94, 1d, 70, 40, f5]] } }
[2m2026-09-14T10:30:20.677265Z[0m [31mERROR[0m codec_extension ThreadId(12) [2mzenoh_codec::common::extension[0m[2m:[0m Unknown Test ext: ZExtUnknown { Id: 2, Mandatory: true, Encoding: "ZBuf", Value: ZBuf { slices: [[56, 18, 2c, 30, 0f, 3d, ff, 2b, c1, e8, 17, 99, 08, 45, b3, 35, b9, 19, 77, a8, 54, 77, b7]] } }
[2m2026-09-14T10:30:20.677274Z[0m [31mERROR[0m codec_extension ThreadId(12) [2mzenoh_codec::common::extension[0m[2m:[0m Unknown Test ext: ZExtUnknown { Id: 2, Mandatory: true, Encoding: "ZBuf", Value: ZBuf { slices: [[13, 02, e6, bb, 58, c1, cc, e3, 6f, 9f]] } }
[2m2026-09-14T10:30:20.677281Z[0m [31mERROR[0m codec_extension ThreadId(12) [2mzenoh_codec::common::extension[0m[2m:[0m Unknown Test ext: ZExtUnknown { Id: 2, Mandatory: true, Encoding: "ZBuf", Value: ZBuf { slices: [[0a, 2c, 6c, 1b, 0e, 09, e2, 1a, 72, d8, dc, 26, f8, a3, e9, 7f, e2, a1, 85, 74, 2b, 32, b8, 2b, 98, 71, 13, 54, 16, 4f, 66, 24, 4d, 23]] } }
[2m2026-09-14T10:30:20.677343Z[0m [31mERROR[0m codec_extension ThreadId(12) [2mzenoh_codec::common::extension[0m[2m:[0m Unknown Test ext: ZExtUnknown { Id: 2, Mandatory: true, Encoding: "ZBuf", Value: ZBuf { slices: [[a8, cb, e9, 2a, 14, 5d, 97, 7d, 25, 4a, 0c, 90, e3, ba, 18, 37, d8, f9, f7, 67, c9, fd, 3a, 9e, db, 34, 22, d9, ab, 95, 6b, 5b, bb, ba, e4, 54, 9a, bd, 34, 0e, 1b, da, 47, 57, c5, 56, 83, 00, 3a, 61, bc, b9, 94, d3, d0, 54, d9, af, de, f5, fc, f6]] } }
[2m2026-09-14T10:30:20.677390Z[0m [31mERROR[0m codec_extension ThreadId(12) [2mzenoh_codec::common::extension[0m[2m:[0m Unknown Test ext: ZExtUnknown { Id: 2, Mandatory: true, Encoding: "ZBuf", Value: ZBuf { slices: [[a9, 6d, 3e, b6, 8a, 4e, df, 6a, bb, f9, ed, df, c4, 0e, 10, 3f, 76, a1, 83, 11, 3d, d7, 9b, f7, e6, 8d, ce, c9, aa, 70, 32, c5, 26, ec, a3, 89, a4, 53, 27, e4, 8f, 22, 7a, 74, 3e, e1, bd, 09, 2c, a7]] } }
[2m2026-09-14T10:30:20.677425Z[0m [31mERROR[0m codec_extension ThreadId(12) [2mzenoh_codec::common::extension[0m[2m:[0m Unknown Test ext: ZExtUnknown { Id: 2, Mandatory: true, Encoding: "ZBuf", Value: ZBuf { slices: [[2c, 48, 2b, eb, ab, da, 95, 54, 46, c4, 60, 2f, 5f, da, 84, a0, 21, 67, 24, 06, b1, de, b9, 9d, a0, e5, 57, 8e, b4, bd, 03, ca, a0, e2, 44, ed, 42, e6, a3]] } }
[2m2026-09-14T10:30:20.677454Z[0m [31mERROR[0m codec_extension ThreadId(12) [2mzenoh_codec::common::extension[0m[2m:[0m Unknown Test ext: ZExtUnknown { Id: 2, Mandatory: true, Encoding: "ZBuf", Value: ZBuf { slices: [[cb, 91, 33, 87, 09, 19, c2, d8, 7c, ee, d3, b5, 63, 1d, 3d, 05, 36, 0e, d0, 7b, f7, 99, 4f, e8, de, 89, 61, 03, 45, 2b, 5c, f7, cc, ff, a6, 53, 0d, 65, 0b, ab, 8a, e0, b9, cb, ae, 1c, f4, 5d, ae, df, f6, 76, 65]] } }
[2m2026-09-14T10:30:20.677479Z[0m [31mERROR[0m codec_extension ThreadId(12) [2mzenoh_codec::common::extension[0m[2m:[0m Unknown Test ext: ZExtUnknown { Id: 2, Mandatory: true, Encoding: "ZBuf", Value: ZBuf { slices: [[0d, 89, d6, 01, a2, cb, b5, 26, 09, cd, 65, 6c, 15, 35, 38, 47, fe, d3, c7, ee, f5, 6a, 7b, 16, c9, e7, 32, bb]] } }
[2m2026-09-14T10:30:20.677502Z[0m [31mERROR[0m codec_extension ThreadId(12) [2mzenoh_codec::common::extension[0m[2m:[0m Unknown Test ext: ZExtUnknown { Id: 2, Mandatory: true, Encoding: "ZBuf", Value: ZBuf { slices: [[58, c4, ca, 22, 8e, 0e, 1f, 30, 6f, 7c, ab, 04, a1, 81, 44, cb, be, 15, 74, ec, 57, 48, 2d, ac, 89, c0, ef, 6b, c8, c2, 3d, 00, c5, 0b, 85, 1a, e4, df, f6, 63, 75]] } }
[2m2026-09-14T10:30:20.677527Z[0m [31mERROR[0m codec_extension ThreadId(12) [2mzenoh_codec::common::extension[0m[2m:[0m Unknown Test ext: ZExtUnknown { Id: 2, Mandatory: true, Encoding: "ZBuf", Value: ZBuf { slices: [[59, f0, f6, 8d, 5f, 2b, 61, 25, 7d, bf, e8, 15, 5b, 19, 85, 2f, a1, af, 28, 16, 15, fa, 4c, 63, fe, 0b, 4c, 63, b5, 96, bd, 97, 89, e9, a2, 63, d0, 77, cf, b4, 94, b3, ba, aa, 20, 3d, 21, 57, ce, 9a, ed, 14, 31, 89, 83, ef, 83, bc, 7f, 70, 9d, de, c8]] } }
[2m2026-09-14T10:30:20.677554Z[0m [31mERROR[0m codec_extension ThreadId(12) [2mzenoh_codec::common::extension[0m[2m:[0m Unknown Test ext: ZExtUnknown { Id: 2, Mandatory: true, Encoding: "ZBuf", Value: ZBuf { slices: [[0a, 7c, de, 8a, 14, f8, cf, a4, d3, e4, a9, 09, ea, 1e, 13, f8, b5, d0, ac, 92, 14, 55, 40, 6e, d8, e5, 04, 50, b2, be, 77, 6b, 82, d2, 62, f8, f1, 03, 31, 92, 51, 14, 1c, e1]] } }
[2m2026-09-14T10:30:20.677582Z[0m [31mERROR[0m codec_extension ThreadId(12) [2mzenoh_codec::common::extension[0m[2m:[0m Unknown Test ext: ZExtUnknown { Id: 2, Mandatory: true, Encoding: "ZBuf", Value: ZBuf { slices: [[46, 48, 74, 16, 83, 60, 07, 76, fd, fb, 5a, 93, 33, 1d, a9, fd, c1, 86, 81, 28, 05, 16, 92, a7, 75, df, 6a, da, a7, d4, f4, 1e, ec, 6f, 8a, 3b, 2f, 56, 46, 41, 62, 31, 18, b7, 85, 7b]] } }
[2m2026-09-14T10:30:20.677592Z[0m [31mERROR[0m codec_extension ThreadId(12) [2mzenoh_codec::common::extension[0m[2m:[0m Unknown Test ext: ZExtUnknown { Id: 2, Mandatory: true, Encoding: "ZBuf", Value: ZBuf { slices: [[53, 44, 82, 38, 8f, 54, 05, 52, a7, c7, 99, 90, fc, ae, 9b, a6, 39, 7e, 72, ba, da, d3, b6, cc, 4a, 8a, d7, a9, 88, e5, 7c, 18, e9, e4, 89, d8, d9, e1, 22, 3d, bb, bf, 95, 2d, 00, 8e, 26, 1f, 0a, 07, 94, 9c, 87, d0, f0, 6a, 12, 88, c1]] } }
[2m2026-09-14T10:30:20.677618Z[0m [31mERROR[0m codec_extension ThreadId(12) [2mzenoh_codec::common::extension[0m[2m:[0m Unknown Test ext: ZExtUnknown { Id: 2, Mandatory: true, Encoding: "ZBuf", Value: ZBuf { slices: [[dc, 58, 43, 41, 56, 23, d2, b4, 53, e7, be, 01, 37, 88, 8d, 8c, dc, fa, 36, c8, cc, cd, 85, 92, e7, f0, 5a, 41]] } }
[2m2026-09-14T10:30:20.677641Z[0m [31mERROR[0m codec_extension ThreadId(12) [2mzenoh_codec::common::extension[0m[2m:[0m Unknown Test ext: ZExtUnknown { Id: 2, Mandatory: true, Encoding: "ZBuf", Value: ZBuf { slices: [[e8, ae, ce, 02, 7b, 9d, 35, 68, 1c, d3, 9d, 12, 22, fd, ee, 68, c5, 63, 68, 4c, 22, 8c, 66, 5c, 01, 00, 35, 57, 99, 17, 83, d8, 83, 66, 9d, 46, 5d, b1, f1, bb]] } }
[2m2026-09-14T10:30:20.677651Z[0m [31mERROR[0m codec_extension ThreadId(12) [2mzenoh_codec::common::extension[0m[2m:[0m Unknown Test ext: ZExtUnknown { Id: 2, Mandatory: true, Encoding: "ZBuf", Value: ZBuf { slices: [[e0, ab, 1f, e0, 2a, 23, a5, 04, 4a, 6f, e9, 7d, b0, 74, 20, 35, 54, 7c, 5f, 46, 8a, 58, 1c, 70, 87, 28, fb, ab, 9c, fd, 29, 7e, b1, 8b, 25]] } }
[2m2026-09-14T10:30:20.677674Z[0m [31mERROR[0m codec_extension ThreadId(12) [2mzenoh_codec::common::extension[0m[2m:[0m Unknown Test ext: ZExtUnknown { Id: 2, Mandatory: true, Encoding: "ZBuf", Value: ZBuf { slices: [[94, 66, fc, f7, 57, de, 84, 02, 88, 5f, 9b, 52, 25, 38, cd, 95, 03, 17, 5e, 39, b4, a6, 92, 84, 20, 6f, b9, ed, ec, 49, 4b, 1f, da, 9e, b3, ab, 28, 29, 2f, aa, 22, 8d, 51, 66, 5b, 2f, ee, eb, 4b, 7a, 7f, 77, b9, 60, 22, 42, 61, 2f, 76]] } }
[2m2026-09-14T10:30:20.677701Z[0m [31mERROR[0m codec_extension ThreadId(12) [2mzenoh_codec::common::extension[0m[2m:[0m Unknown Test ext: ZExtUnknown { Id: 2, Mandatory: true, Encoding: "ZBuf", Value: ZBuf { slices: [[3c, 14, 54, 97, 46, 67, 71, 1b, df, 84, c2, 1f, 35, 13, 46, 7e, e7, 2a, 00, e0, 44, 38, a1, 24, 5e, e1, 9f, 08, 58, 7a, 16, c1, 0a, ba, 80, a0, fe, 53, 3f, eb, 1c, d9, 07, c5, 1f, 41, b5, c0, 04, d1, 2b, 01, f1, eb, 45, 13, 54, a9, 14, f7]] } }
[2m2026-09-14T10:30:20.677726Z[0m [31mERROR[0m codec_extension ThreadId(12) [2mzenoh_codec::common::extension[0m[2m:[0m Unknown Test ext: ZExtUnknown { Id: 2, Mandatory: true, Encoding: "ZBuf", Value: ZBuf { slices: [[a1, 56, de, 46, 39, e3, 28, 21, 2a, 92, 5f, 1e, e3, 3d, 73, 57, 3c, e4, 7a, 15, 6a, 2e, 79, f2, de, 32, 67, 67, 7c, 86, f2, e5, a6, b5, 04, 15, 0c]] } }
[2m2026-09-14T10:30:20.677749Z[0m [31mERROR[0m codec_extension ThreadId(12) [2mzenoh_codec::common::extension[0m[2m:[0m Unknown Test ext: ZExtUnknown { Id: 2, Mandatory: true, Encoding: "ZBuf", Value: ZBuf { slices: [[52, e3, dd, 52, 29, 20, ed, 6e, d3, 9b, 22, 3d, d5, 4d, cd, 50, 87, 1c, ea, b0, 1e, fb, 84, c4, 20, 8c, 42, 7f, 41, 86, 85, ec, 72, 80, 29, 11, 7f, 18, 8d, 8b, cc, 2d, c4, 07, e3, dd, 59, c6, 95, 89, f7, 97, f4, 82, 6d, 29, 13, cb, 55, 76, 53, 37]] } }
[2m2026-09-14T10:30:20.677760Z[0m [31mERROR[0m codec_extension ThreadId(12) [2mzenoh_codec::common::extension[0m[2m:[0m Unknown Test ext: ZExtUnknown { Id: 2, Mandatory: true, Encoding: "ZBuf", Value: ZBuf { slices: [[dc, cb, 3d, e0, 90, fb, 32, 0a, a2, 9b, 71, 12, e2, 26, 8f, da, 7b, bf, 5b, e3, f2, 05, 11, 4a, 66, 45, a5, 09, db, b0, d3, 5b]] } }
[2m2026-09-14T10:30:20.677784Z[0m [31mERROR[0m codec_extension ThreadId(12) [2mzenoh_codec::common::extension[0m[2m:[0m Unknown Test ext: ZExtUnknown { Id: 2, Mandatory: true, Encoding: "ZBuf", Value: ZBuf { slices: [[9f, 19, b2, 55, 84, 88, 83, 60, 03, 97, 0f, 26, bc, f9, 54, 34, 88, 0e, 66, 2e, 6a, ca, 0d, 23, 1c]] } }
[2m2026-09-14T10:30:20.677792Z[0m [31mERROR[0m codec_extension ThreadId(12) [2mzenoh_codec::common::extension[0m[2m:[0m Unknown Test ext: ZExtUnknown { Id: 2, Mandatory: true, Encoding: "ZBuf", Value: ZBuf { slices: [[fc, bf, e0, c5, 15, 90, 90, 75, 2b, 1a, b9, 67, 01, aa, 36, 18, 70, c4, 36, 0f, 1e, b7, 1f, 69, 7d, 6b, 47, b4, 51, c1, 17, 35, c2, 97, 66, b6, 10]] } }
[2m2026-09-14T10:30:20.677815Z[0m [31mERROR[0m codec_extension ThreadId(12) [2mzenoh_codec::common::extension[0m[2m:[0m Unknown Test ext: ZExtUnknown { Id: 2, Mandatory: true, Encoding: "ZBuf", Value: ZBuf { slices: [[0b, 3e, 0b, 56, ed, 41, 95, 56, ec, 5f, 79, f6, 2b, eb, 7e, 05, 6c, a4, e6, 91, b6, 7c, 1f, 68, a4, 4d, a4, 98, 02, 65, 02, e9]] } }
[2m2026-09-14T10:30:20.677823Z[0m [31mERROR[0m codec_extension ThreadId(12) [2mzenoh_codec::common::extension[0m[2m:[0m Unknown Test ext: ZExtUnknown { Id: 2, Mandatory: true, Encoding: "ZBuf", Value: ZBuf { slices: [[50, 7f, dd, 8e, f9, 9c, 7e, e4, 28, 81, ce, 91, fb, 61, b4, 69, e8, 44]] } }
[2m2026-09-14T10:30:20.677845Z[0m [31mERROR[0m codec_extension ThreadId(12) [2mzenoh_codec::common::extension[0m[2m:[0m Unknown Test ext: ZExtUnknown { Id: 2, Mandatory: true, Encoding: "ZBuf", Value: ZBuf { slices: [[87, bc, 99, 39, f9, eb, 54, 79, fe, 88, 05, df, 48, c0, 04, d3, a3, 65, 49, 60, 12, f9, 15, 43, 73, ce, 6e, 0f, d3, 94, a2, 33, b1, 0e, cf, ee, e3, 2a, fd, 72, 0a, 70, 16, 27, d3, c7, b3, 05, 15, 56, 7f, c8, 72, 17, 7e]] } }
[2m2026-09-14T10:30:20.677871Z[0m [31mERROR[0m codec_extension ThreadId(12) [2mzenoh_codec::common::extension[0m[2m:[0m Unknown Test ext: ZExtUnknown { Id: 2, Mandatory: true, Encoding: "ZBuf", Value: ZBuf { slices: [[c1, 65, d5, 95, 89, 4d, 5e, 39, 86, 2d, 17, e9, 45, 33, 4a, 3d, 13, e4, de, 27, 2c, c3, 3a, a9, 4b, 77, b1, 23, a7, 70, 2b, 3c, c9, a4, 9b, 2e, 08, 2d]] } }
[2m2026-09-14T10:30:20.677894Z[0m [31mERROR[0m codec_extension ThreadId(12) [2mzenoh_codec::common::extension[0m[2m:[0m Unknown Test ext: ZExtUnknown { Id: 2, Mandatory: true, Encoding: "ZBuf", Value: ZBuf { slices: [[1b, 0b, da, c1, 63, b6, 5d, c6, 81, 3c, 51, e9, a1, 47, a9, 15, 04, 00, af, cc, bc, 0b, 92, ea, c6, 0d, cb, 26, 4c, ad, 86, de, 80, fe, f7, 9b, 89, 8e, dc, 10, 36, cf, 9e, 33, a6, e7, f0, 42, 74]] } }
[2m2026-09-14T10:30:20.677919Z[0m [31mERROR[0m codec_extension ThreadId(12) [2mzenoh_codec::common::extension[0m[2m:[0m Unknown Test ext: ZExtUnknown { Id: 2, Mandatory: true, Encoding: "ZBuf", Value: ZBuf { slices: [[65, fc, 7f, 7d, 70, 3a, f7, 98, a0, 22, fb, 74, 6b, cd, 6d, 07, b9, f2, ac, 90, 2b, a5, 06, a4, 48, c1, e4, e1, b5, 69, 25, bd, e6, 6a, af, 34, 6f, 41, 6d, d6, 20, fe, 99, 68, 21, 92, c1, 54, 8d, 89, 3f]] } }
[2m2026-09-14T10:30:20.677926Z[0m [31mERROR[0m codec_extension ThreadId(12) [2mzenoh_codec::common::extension[0m[2m:[0m Unknown Test ext: ZExtUnknown { Id: 2, Mandatory: true, Encoding: "ZBuf", Value: ZBuf { slices: [[b1, 55, f0, f0, 99, b9, e3, 79, 8b, c6, 6a, 76, 11, 6e, 87, 6e, de, a1, 5b, 29, e5, c0, aa, 52, 1d, 3a, b9, cf, 5c, 30, ea, 6d, 96, de, bd, eb, 56, 07, 26, b1, 66, f8]] } }
[2m2026-09-14T10:30:20.677948Z[0m [31mERROR[0m codec_extension ThreadId(12) [2mzenoh_codec::common::extension[0m[2m:[0m Unknown Test ext: ZExtUnknown { Id: 2, Mandatory: true, Encoding: "ZBuf", Value: ZBuf { slices: [[1e, 56, 6f, b8, cf, 64, fe, f8, 21, 96, 2c, ab, 50, 73, b2, 03]] } }
[2m2026-09-14T10:30:20.677956Z[0m [31mERROR[0m codec_extension ThreadId(12) [2mzenoh_codec::common::extension[0m[2m:[0m Unknown Test ext: ZExtUnknown { Id: 2, Mandatory: true, Encoding: "ZBuf", Value: ZBuf { slices: [[9b, 4d, e3, 15, 91, fa, db, 41, 1c, 24, 05, c9, 86, b5, 93, c0, 42, ee, 39, e6, 06, 98, cb, b8]] } }
[2m2026-09-14T10:30:20.677961Z[0m [31mERROR[0m codec_extension ThreadId(12) [2mzenoh_codec::common::extension[0m[2m:[0m Unknown Test ext: ZExtUnknown { Id: 2, Mandatory: true, Encoding: "ZBuf", Value: ZBuf { slices: [[f0, 91, 54, 00, 23, cd, bb, 56, 95]] } }
[2m2026-09-14T10:30:20.677965Z[0m [31mERROR[0m codec_extension ThreadId(12) [2mzenoh_codec::common::extension[0m[2m:[0m Unknown Test ext: ZExtUnknown { Id: 2, Mandatory: true, Encoding: "ZBuf", Value: ZBuf { slices: [[9a, 01, bb, 6a, 1e, b5, f4, 73, aa]] } }
[2m2026-09-14T10:30:20.677986Z[0m [31mERROR[0m codec_extension ThreadId(12) [2mzenoh_codec::common::extension[0m[2m:[0m Unknown Test ext: ZExtUnknown { Id: 2, Mandatory: true, Encoding: "ZBuf", Value: ZBuf { slices: [[a6, e5, c2, 4d, e9, 06, 3b, 41, d5, 93, f5, 38, 7f, 1f, d2, 39, 19, cb, d2, 71, 81, 88, ad, ce, 78, 82, cc, f0, 2c, 93, fb, 28, 23, 7d, 33, e7, e5, c0, df, ea, 78, 5c, 22, ad, ab, f0, 2e, 72, 99, 6b, 66, 60, 8b, 8a, 19, 9f]] } }
[2m2026-09-14T10:30:20.678010Z[0m [31mERROR[0m codec_extension ThreadId(12) [2mzenoh_codec::common::extension[0m[2m:[0m Unknown Test ext: ZExtUnknown { Id: 2, Mandatory: true, Encoding: "ZBuf", Value: ZBuf { slices: [[77, 0d, ca, a9, 2f, 09, 91, 26, 73, 36, 44, 38, 1b, 32, 98, 62, 41, 66, 63, ef, 97, 36, 92, 5c, ab, 53, c7, 67, b7, b1, 6a, e7]] } }
[2m2026-09-14T10:30:20.678017Z[0m [31mERROR[0m codec_extension ThreadId(12) [2mzenoh_codec::common::extension[0m[2m:[0m Unknown Test ext: ZExtUnknown { Id: 2, Mandatory: true, Encoding: "ZBuf", Value: ZBuf { slices: [[1f, 01, c6, 53, 54, 1a, 86, e3, 17, 88, 50, 2f, 95, c1, 35, 64, 74, f7]] } }
[2m2026-09-14T10:30:20.678038Z[0m [31mERROR[0m codec_extension ThreadId(12) [2mzenoh_codec::common::extension[0m[2m:[0m Unknown Test ext: ZExtUnknown { Id: 2, Mandatory: true, Encoding: "ZBuf", Value: ZBuf { slices: [[1b, 8c, 66, a5, 1b, 29, c5, b2, e2, 38, d2, 4d, f9, 4b, 11, 7b, 30, 83, 99, 65, 9c, c2, 57, 93, cf, 3d, aa, 68, 6d, 05, 29, b6, 1a, 2c, 5b, e5]] } }
[2m2026-09-14T10:30:20.678047Z[0m [31mERROR[0m codec_extension ThreadId(12) [2mzenoh_codec::common::extension[0m[2m:[0m Unknown Test ext: ZExtUnknown { Id: 2, Mandatory: true, Encoding: "ZBuf", Value: ZBuf { slices: [[ee, 0c, e2, 4f, a5, b8, b6, da, 2f, 25, ec, 8f, b8, 59, e3, 50, 38, 4f, 73, 45, 1f, aa, bf, e0]] } }
[2m2026-09-14T10:30:20.678069Z[0m [31mERROR[0m codec_extension ThreadId(12) [2mzenoh_codec::common::extension[0m[2m:[0m Unknown Test ext: ZExtUnknown { Id: 2, Mandatory: true, Encoding: "ZBuf", Value: ZBuf { slices: [[d5, 98, 87, 3f, e3, 64, 9d, 95, cc, 81, 5e, f1, 33, a5, f9, e0, 35, 36, 9c, ac, 75, cb, 51, 89, 74, 9b]] } }
[2m2026-09-14T10:30:20.678075Z[0m [31mERROR[0m codec_extension ThreadId(12) [2mzenoh_codec::common::extension[0m[2m:[0m Unknown Test ext: ZExtUnknown { Id: 2, Mandatory: true, Encoding: "ZBuf", Value: ZBuf { slices: [[53, 9c, 2e, af, 46, ed, 7a, dd]] } }
[2m2026-09-14T10:30:20.678080Z[0m [31mERROR[0m codec_extension ThreadId(12) [2mzenoh_codec::common::extension[0m[2m:[0m Unknown Test ext: ZExtUnknown { Id: 2, Mandatory: true, Encoding: "ZBuf", Value: ZBuf { slices: [[56, 28, eb, 9b, 31, 87, 13, 3f, 20, c0, 5f]] } }
[2m2026-09-14T10:30:20.678084Z[0m [31mERROR[0m codec_extension ThreadId(12) [2mzenoh_codec::common::extension[0m[2m:[0m Unknown Test ext: ZExtUnknown { Id: 2, Mandatory: true, Encoding: "ZBuf", Value: ZBuf { slices: [[46, ad, 1b, 1d, 56, e6, f0, 31, 9b, 32]] } }
[2m2026-09-14T10:30:20.678105Z[0m [31mERROR[0m codec_extension ThreadId(12) [2mzenoh_codec::common::extension[0m[2m:[0m Unknown Test ext: ZExtUnknown { Id: 2, Mandatory: true, Encoding: "ZBuf", Value: ZBuf { slices: [[86, 81, 8d, ae, 4e, 40, d8, 5e, 11, 33, dc, 88, 50, 1e, 53, 7e, b6, 3f, a4, 27, 4d, 6a, 01, 67, 4e, 98, 69, 47, 67, 12, ce, 0c, 07, 1b, 26]] } }
[2m2026-09-14T10:30:20.678114Z[0m [31mERROR[0m codec_extension ThreadId(12) [2mzenoh_codec::common::extension[0m[2m:[0m Unknown Test ext: ZExtUnknown { Id: 2, Mandatory: true, Encoding: "ZBuf", Value: ZBuf { slices: [[15, 51, 8a, ac, 5a, c5, 68, 57, 1f, 18, 9b, 87, 6a, c4, f8, 2e, dd, 16, 3e, c8, 9f, 59, 7d, 1e, bb, 9d, 4e, 2a]] } }
[2m2026-09-14T10:30:20.678134Z[0m [31mERROR[0m codec_extension ThreadId(12) [2mzenoh_codec::common::extension[0m[2m:[0m Unknown Test ext: ZExtUnknown { Id: 2, Mandatory: true, Encoding: "ZBuf", Value: ZBuf { slices: [[10, 59, 34, 09, 6b, a2, 51, b6, 0a, 3f, 84, 8d, 94, bb, dc, c9, 92, 8b, cc, 4c, c9, 9d, bb, 21, da, 62, 84, 13, e8, 7b]] } }
[2m2026-09-14T10:30:20.678139Z[0m [31mERROR[0m codec_extension ThreadId(12) [2mzenoh_codec::common::extension[0m[2m:[0m Unknown Test ext: ZExtUnknown { Id: 2, Mandatory: true, Encoding: "ZBuf", Value: ZBuf { slices: [[58, 97, 7b, 9e, e1, 47, 45, 83, 33, 1a, 0a, 38, 31, c7, 81, 49, 10, 40, 54, 10, 32, 9f, bc, a3, c3, b5, a0, 9d, 5d, c5, dc, 8d, 54]] } }
[2m2026-09-14T10:30:20.678161Z[0m [31mERROR[0m codec_extension ThreadId(12) [2mzenoh_codec::common::extension[0m[2m:[0m Unknown Test ext: ZExtUnknown { Id: 2, Mandatory: true, Encoding: "ZBuf", Value: ZBuf { slices: [[38, 14, 98, b3, 0a, 6a, 07, b7, 4d, bc, 89, 12, b8, eb, cb, 2c, 35, b2, 66, da, 7a, 44, a5, 4a, ee, a5, 19]] } }
[2m2026-09-14T10:30:20.678184Z[0m [31mERROR[0m codec_extension ThreadId(12) [2mzenoh_codec::common::extension[0m[2m:[0m Unknown Test ext: ZExtUnknown { Id: 2, Mandatory: true, Encoding: "ZBuf", Value: ZBuf { slices: [[eb, 2d, 8c, 4a, 79, 38, 85, 0d, cf, 60, 42, d8, 48, d5, 67, 14, ea, 84, ee, 1b, 15, b4, dc, f1, 4c, 02, f6, b4, 2b, ea, 4a, 53, a7, d8, 68, 47, af, 4d, 00, 91, e4, 2b, 38, 79, 7f, a2, 19, 75, 0e, 92, 25, c5, 53, 05, cc, a3, 2a, 87, b0, f7, 96, 76, fa, d2]] } }
[2m2026-09-14T10:30:20.678211Z[0m [31mERROR[0m codec_extension ThreadId(12) [2mzenoh_codec::common::extension[0m[2m:[0m Unknown Test ext: ZExtUnknown { Id: 2, Mandatory: true, Encoding: "ZBuf", Value: ZBuf { slices: [[8d, 96, 22, 2b, 06, 95, ca, 0c, 0d, 9b, fd, 5d, 11, f9, fc, df, bb, 05, 08, 68, ee, 7d, d2, 7e, a6, 9c, a3, ab, e9, 01, c2, 7b, f0, da, ce, bb, 60, 11, e1, 05, a2, 49, 3b, 01, 8a, 30, 25, 85, 7f, fb, d2, bf, ee, f7, 7e, a6, ac, d6, a2, 78, 1d, 82]] } }
[2m2026-09-14T10:30:20.678235Z[0m [31mERROR[0m codec_extension ThreadId(12) [2mzenoh_codec::common::extension[0m[2m:[0m Unknown Test ext: ZExtUnknown { Id: 2, Mandatory: true, Encoding: "ZBuf", Value: ZBuf { slices: [[b8, dc, 9f, 5a, cf, 2b, 93, b2, 35, 33, 28, a2, 4a, ba, da, 65, ba, 47, 84, 3f]] } }
[2m2026-09-14T10:30:20.678256Z[0m [31mERROR[0m codec_extension ThreadId(12) [2mzenoh_codec::common::extension[0m[2m:[0m Unknown Test ext: ZExtUnknown { Id: 2, Mandatory: true, Encoding: "ZBuf", Value: ZBuf { slices: [[06, 63, f3, 46, 92, d5, 18, 3e, f9, f0, 70, 1a, a0, 42, 74, 6a, ac, c3, ba, d4, ff, ed, c8, 08, 60, 13, 67, 38, 6b, 85, d9, 56, 36, b9, fc, a4, 12, 73, ae, a6, 7c, 44, a8, 01, bd, ae, d1, 96, 26, 29, 2c, 02, f6, 74, 2d, 6e]] } }
[2m2026-09-14T10:30:20.678278Z[0m [31mERROR[0m codec_extension ThreadId(12) [2mzenoh_codec::common::extension[0m[2m:[0m Unknown Test ext: ZExtUnknown { Id: 2, Mandatory: true, Encoding: "ZBuf", Value: ZBuf { slices: [[1d, 32, f6, 75, 08, be, 0d, 56, 57, 40, 8b, 6d, 6b, c0, f8, 50, 97, 9b, ee, 68, 42, d0, e7, bd]] } }
[2m2026-09-14T10:30:20.678285Z[0m [31mERROR[0m codec_extension ThreadId(12) [2mzenoh_codec::common::extension[0m[2m:[0m Unknown Test ext: ZExtUnknown { Id: 2, Mandatory: true, Encoding: "ZBuf", Value: ZBuf { slices: [[3a, 28, 74, 65, 77, 05, 1b, 74, f0, ee, 82, e9, 29, 1a, ef, 81, c1, 96, ee, 60, 62, 51, c3, 4a, 94, b3, 2b, c0, 0a, 9e, 9d, 54, fc, 59, 10, a0, 4e, 01, e2, c6, 80, 6a]] } }
[2m2026-09-14T10:30:20.678308Z[0m [31mERROR[0m codec_extension ThreadId(12) [2mzenoh_codec::common::extension[0m[2m:[0m Unknown Test ext: ZExtUnknown { Id: 2, Mandatory: true, Encoding: "ZBuf", Value: ZBuf { slices: [[c2, cc, 8f, 92, c1, 30, 4a, 49, 46, f8, b5, 3a, 2b, 60, cd, fe, 1a, 33, 33, d2, a0, 85, 12, de, 76, a2, 11, ac, 3f, a9, e9, 83, 7c, 1a, d4]] } }
[2m2026-09-14T10:30:20.678317Z[0m [31mERROR[0m codec_extension ThreadId(12) [2mzenoh_codec::common::extension[0m[2m:[0m Unknown Test ext: ZExtUnknown { Id: 2, Mandatory: true, Encoding: "ZBuf", Value: ZBuf { slices: [[ae, 6d, 7f, 73, 65, 1e, 8c, b5, fe, 8b, 07, 3c, 4a, 9b, 2b, 15, aa, c4, d7, ca, 59, f7, f8, 11, 86, c2]] } }
[2m2026-09-14T10:30:20.678338Z[0m [31mERROR[0m codec_extension ThreadId(12) [2mzenoh_codec::common::extension[0m[2m:[0m Unknown Test ext: ZExtUnknown { Id: 2, Mandatory: true, Encoding: "ZBuf", Value: ZBuf { slices: [[39, 9f, 20, a9, 18, d1, 1c, 1d, d1, 6b, 32, de, ab, 8f, 9e, 6c, b5, 2a, 8d, e4, 9e, d4, dc, 6e, e1, 90, 52, 9e, f4, c4, cb, e7, 8f, 4b, f7, 2f, fb, c8, d0, 35, c3, 4e, d0, 89, 80, 47, 85, da, 75, 2a]] } }
[2m2026-09-14T10:30:20.678365Z[0m [31mERROR[0m codec_extension ThreadId(12) [2mzenoh_codec::common::extension[0m[2m:[0m Unknown Test ext: ZExtUnknown { Id: 2, Mandatory: true, Encoding: "ZBuf", Value: ZBuf { slices: [[b3, df, fd, d0, b6, 23, e7, d7, c0, 71, c2, 18, 25, a9, 6c, ab, bc, e0, a2, c6, d0, 20, ea, 40, b8, 6f, bf, 26, 7e, d5, 85, bd, cc, 3e, ba, 67, 87, 0c, 72, 8e, f5, f9, 78, 1d, 94, 9f, 20, da, cf, 02, 28, 8c, 07, ec, f3, 09, 8c, ae, 0c, 06, 25, 64, 24, 0f]] } }
[2m2026-09-14T10:30:20.678388Z[0m [31mERROR[0m codec_extension ThreadId(12) [2mzenoh_codec::common::extension[0m[2m:[0m Unknown Test ext: ZExtUnknown { Id: 2, Mandatory: true, Encoding: "ZBuf", Value: ZBuf { slices: [[a5, 5e, af, 56, 96, 30, d0, 87, 69, 31, 78, 06, 12, 50, bc, 71, 4c, 5b, 81, 18, bf, b3]] } }
[2m2026-09-14T10:30:20.678396Z[0m [31mERROR[0m codec_extension ThreadId(12) [2mzenoh_codec::common::extension[0m[2m:[0m Unknown Test ext: ZExtUnknown { Id: 2, Mandatory: true, Encoding: "ZBuf", Value: ZBuf { slices: [[a6, f6, ab, cc, 52, 57, df, 5e, 27, a6]] } }
[2m2026-09-14T10:30:20.678414Z[0m [31mERROR[0m codec_extension ThreadId(12) [2mzenoh_codec::common::extension[0m[2m:[0m Unknown Test ext: ZExtUnknown { Id: 2, Mandatory: true, Encoding: "ZBuf", Value: ZBuf { slices: [[3b, 56, a3, 5b, 39, e6, 96, ed, 61, 0f, 60, 58, e2, 5c, 14, 48, 9f, d6, be, 11, ea, cb, d8, 1f, d6, 0c, d6, 19, f3, c4, eb, e8, 75, 0a, 3b]] } }
[2m2026-09-14T10:30:20.678420Z[0m [31mERROR[0m codec_extension ThreadId(12) [2mzenoh_codec::common::extension[0m[2m:[0m Unknown Test ext: ZExtUnknown { Id: 2, Mandatory: true, Encoding: "ZBuf", Value: ZBuf { slices: [[92, 81, 98, 8f, cb, 83, f6, 70, b6, 38, ec, eb, 78, 80, d8, 6e, 8b, 83, 47, 1b, e0, cc, ee, 8a, 27, 79, 53, 58, 5b, 2f, 46, b0]] } }
[2m2026-09-14T10:30:20.678425Z[0m [31mERROR[0m codec_extension ThreadId(12) [2mzenoh_codec::common::extension[0m[2m:[0m Unknown Test ext: ZExtUnknown { Id: 2, Mandatory: true, Encoding: "ZBuf", Value: ZBuf { slices: [[71, d4, 87, 7e, 6e, a9, 70, 35, 64, fc, 4a, 29, 7e, 17]] } }
[2m2026-09-14T10:30:20.678444Z[0m [31mERROR[0m codec_extension ThreadId(12) [2mzenoh_codec::common::extension[0m[2m:[0m Unknown Test ext: ZExtUnknown { Id: 2, Mandatory: true, Encoding: "ZBuf", Value: ZBuf { slices: [[f5, 45, f5, cd, 10, f8, bd, aa, 43]] } }
[2m2026-09-14T10:30:20.678449Z[0m [31mERROR[0m codec_extension ThreadId(12) [2mzenoh_codec::common::extension[0m[2m:[0m Unknown Test ext: ZExtUnknown { Id: 2, Mandatory: true, Encoding: "ZBuf", Value: ZBuf { slices: [[83, b4, 32, af, 99, 39, 93, e4, 8d, ee, 98, 23, 4a, ea, bb, 9c, 1e, cf, 2e, d6, 49, d0, a2, 1a, 23, 12, 7a, cb, 49, 2d, 42, 81, cf, 37, 95, aa, 17, 39, 6f]] } }
[2m2026-09-14T10:30:20.678469Z[0m [31mERROR[0m codec_extension ThreadId(12) [2mzenoh_codec::common::extension[0m[2m:[0m Unknown Test ext: ZExtUnknown { Id: 2, Mandatory: true, Encoding: "ZBuf", Value: ZBuf { slices: [[4b, 01, d1, 32, e9, bf, 4c, 6e, e5, e2, d0, 64, c3, a7, 68, 70, 5b, b0, 9a, cc, 80, 55, 23, d4, 80, 5a, 79, 15, d4, 23, 01, 4f, 6d, a4, ed, 4f, da, 7b, 7d, 03, 39, 44, f7, 07, 7f, f5, 77, 19, 0e, 0f, 4f, ec, 39]] } }
[2m2026-09-14T10:30:20.678490Z[0m [31mERROR[0m codec_extension ThreadId(12) [2mzenoh_codec::common::extension[0m[2m:[0m Unknown Test ext: ZExtUnknown { Id: 2, Mandatory: true, Encoding: "ZBuf", Value: ZBuf { slices: [[e7, 7d, e8, 15, f4, 21, 39, c5, fb, 5a, 94, 54, ad, 24, d9, af, 9a, 9b, a4, 81, f8, 72, 4f, 56, 4d, f3, cb, aa, 53, 83, 85, ae, 93, c1, 81, 39, dc]] } }
[2m2026-09-14T10:30:20.678503Z[0m [31mERROR[0m codec_extension ThreadId(12) [2mzenoh_codec::common::extension[0m[2m:[0m Unknown Test ext: ZExtUnknown { Id: 2, Mandatory: true, Encoding: "ZBuf", Value: ZBuf { slices: [[64, 33, e4, 2d, 25, 73, 6a, ec, 03, 1a, da, c7, e1, 50, 56, 4f, 15, 86, cf, 28, 79, 0d, 33, cf, 3e, 72, 1e, 13, cd, e2, 16, 64, d9, 73, b9]] } }
[2m2026-09-14T10:30:20.678525Z[0m [31mERROR[0m codec_extension ThreadId(12) [2mzenoh_codec::common::extension[0m[2m:[0m Unknown Test ext: ZExtUnknown { Id: 2, Mandatory: true, Encoding: "ZBuf", Value: ZBuf { slices: [[2e, c5, 26, fd, 2c, 6e, 29, 3f, b5, 0f, c5, ec, d5, b3, 6a, 94, 07, 57, f1, 0a, 26, 0b, 05, 31, 11, 14, 47, df, 1c, e8, 0d, 49, 5f]] } }
[2m2026-09-14T10:30:20.678548Z[0m [31mERROR[0m codec_extension ThreadId(12) [2mzenoh_codec::common::extension[0m[2m:[0m Unknown Test ext: ZExtUnknown { Id: 2, Mandatory: true, Encoding: "ZBuf", Value: ZBuf { slices: [[56, f1, 66, 9d, 58, e4, 2a, a2, d5, 89, 2b, 3f, a6, 55, ee, d8, 77, 2b, 68, 12, 17, ed, f3, ab, eb, b4, 2b, 9c, 8e, dc, 88, f7, d9, f8, ea, 69, f0, db, 92, de, cc, 8a, 19, e4, df, c6, 59, e7, 6e, 58, f0, a4, 8e, 83, 4b, 9f, ec, 09, 94]] } }
[2m2026-09-14T10:30:20.678558Z[0m [31mERROR[0m codec_extension ThreadId(12) [2mzenoh_codec::common::extension[0m[2m:[0m Unknown Test ext: ZExtUnknown { Id: 2, Mandatory: true, Encoding: "ZBuf", Value: ZBuf { slices: [[c4, b8, be, da, 14, ce, db, bf, 2c, 10]] } }
[2m2026-09-14T10:30:20.678567Z[0m [31mERROR[0m codec_extension ThreadId(12) [2mzenoh_codec::common::extension[0m[2m:[0m Unknown Test ext: ZExtUnknown { Id: 2, Mandatory: true, Encoding: "ZBuf", Value: ZBuf { slices: [[54, 19, 50, 2b, 8c, 3b, 15, f1, 63]] } }
[2m2026-09-14T10:30:20.678593Z[0m [31mERROR[0m codec_extension ThreadId(12) [2mzenoh_codec::common::extension[0m[2m:[0m Unknown Test ext: ZExtUnknown { Id: 2, Mandatory: true, Encoding: "ZBuf", Value: ZBuf { slices: [[38, ab, 0d, 1d, 69, 19, 70, 88, 56, 7e, b0, 57, 30, 36, e8, 74, ba, cf, d9, ef, 56, 0c, b5, ee, 86, 6a, 3c, a1, c8, 64, 53, 72, ae, 3e, 7d, 8b, 1c, 8a, 76, 3d, 3f]] } }
[2m2026-09-14T10:30:20.678602Z[0m [31mERROR[0m codec_extension ThreadId(12) [2mzenoh_codec::common::extension[0m[2m:[0m Unknown Test ext: ZExtUnknown { Id: 2, Mandatory: true, Encoding: "ZBuf", Value: ZBuf { slices: [[db, 74, bb, 77, aa, dc, a1, 9f, 08, d7, fc, 3a, 79, 1d, 60, 0d, 6b, 98, 07, 59, 9b, 3f, ea, f4, bc]] } }
[2m2026-09-14T10:30:20.678622Z[0m [31mERROR[0m codec_extension ThreadId(12) [2mzenoh_codec::common::extension[0m[2m:[0m Unknown Test ext: ZExtUnknown { Id: 2, Mandatory: true, Encoding: "ZBuf", Value: ZBuf { slices: [[0d, 99, b7, 26, eb, 1b, 2f, e7, 68, 27, 38, 18, 38, d1, 24, 6a, 0c, f6, 5c, 6e, 47, 5e, 6d, 89, bc, 77, 1e, 64, 4c, 75, 2f, bd, 0c, c8, 91, a7, 31, 34, 46, 4e, 8d, 27, 1a, 08, de, c6]] } }
[2m2026-09-14T10:30:20.678644Z[0m [31mERROR[0m codec_extension ThreadId(12) [2mzenoh_codec::common::extension[0m[2m:[0m Unknown Test ext: ZExtUnknown { Id: 2, Mandatory: true, Encoding: "ZBuf", Value: ZBuf { slices: [[e8, 84, d8, 24, ba, df, 59, 85, 49, fb, 6d, 79, 76, 12, 14, 75, 9f, b8, ee, d1, b5]] } }
[2m2026-09-14T10:30:20.678650Z[0m [31mERROR[0m codec_extension ThreadId(12) [2mzenoh_codec::common::extension[0m[2m:[0m Unknown Test ext: ZExtUnknown { Id: 2, Mandatory: true, Encoding: "ZBuf", Value: ZBuf { slices: [[54, 93, 56, b8, 46, eb, 0f, ec, eb, 46, 72, 60, 4b, 49, 4d, 02]] } }
[2m2026-09-14T10:30:20.678658Z[0m [31mERROR[0m codec_extension ThreadId(12) [2mzenoh_codec::common::extension[0m[2m:[0m Unknown Test ext: ZExtUnknown { Id: 2, Mandatory: true, Encoding: "ZBuf", Value: ZBuf { slices: [[53, 6c, ad, 95, db, 5b, 22, b7, a5, 0a, 0c, c3, 39, 2e, 27, fb]] } }
[2m2026-09-14T10:30:20.678681Z[0m [31mERROR[0m codec_extension ThreadId(12) [2mzenoh_codec::common::extension[0m[2m:[0m Unknown Test ext: ZExtUnknown { Id: 2, Mandatory: true, Encoding: "ZBuf", Value: ZBuf { slices: [[b8, e7, ca, c7, ad, fd, c5, 95, 6c, b3, 1f, ac, 40, e2, 89, 9c, d4, 28, 57, cf, b8]] } }
[2m2026-09-14T10:30:20.678689Z[0m [31mERROR[0m codec_extension ThreadId(12) [2mzenoh_codec::common::extension[0m[2m:[0m Unknown Test ext: ZExtUnknown { Id: 2, Mandatory: true, Encoding: "ZBuf", Value: ZBuf { slices: [[77, 9e, 9e, d4, 10, cf, 49, 23, 25, de, 40, 55, 6d, 9e, 64, 6e, ce, b8, 8a, e3, d9, 18]] } }
[2m2026-09-14T10:30:20.678711Z[0m [31mERROR[0m codec_extension ThreadId(12) [2mzenoh_codec::common::extension[0m[2m:[0m Unknown Test ext: ZExtUnknown { Id: 2, Mandatory: true, Encoding: "ZBuf", Value: ZBuf { slices: [[e0, ac, 37, ea, 77, 4e, ea, 90, 10, 10, 0f, 76, 80, 39, a2, fa, 79, 2d, b6, 89, 04, 8b, 61, 1d, 7f, 9f, 1b, df, 55, 91, 71, e6, d2, 41, 6f, 52, 2e, ac, 43, b7, 19, 01, db, db, 67, 4b, 35, 0d, 94, 18, 96, 6b, 2b]] } }
[2m2026-09-14T10:30:20.678734Z[0m [31mERROR[0m codec_extension ThreadId(12) [2mzenoh_codec::common::extension[0m[2m:[0m Unknown Test ext: ZExtUnknown { Id: 2, Mandatory: true, Encoding: "ZBuf", Value: ZBuf { slices: [[99, 91, 74, 66, 8f, 59, 64, 1a, a4, 76, ac, 21, b2, 72, 0f, f0, bd, 6b, 3d, cc, df, 41, c7, e2, e5, b0, 93, 97, 99, 63, 58, 6b, 30, 18, 2e, a8, 98, 13, 82, d5, ff, 53, 2a, 78]] } }
[2m2026-09-14T10:30:20.678741Z[0m [31mERROR[0m codec_extension ThreadId(12) [2mzenoh_codec::common::extension[0m[2m:[0m Unknown Test ext: ZExtUnknown { Id: 2, Mandatory: true, Encoding: "ZBuf", Value: ZBuf { slices: [[df, d4, d4, af, b8, 3e, 56, 18]] } }
[2m2026-09-14T10:30:20.678748Z[0m [31mERROR[0m codec_extension ThreadId(12) [2mzenoh_codec::common::extension[0m[2m:[0m Unknown Test ext: ZExtUnknown { Id: 2, Mandatory: true, Encoding: "ZBuf", Value: ZBuf { slices: [[8e, 09, 7a, 8f, 25, 5b, 6a, 5a, 7e, 8b, e4, c0, ee, 1f, b8, 5b, 28, a8, b3, 12, 62, 1b, 9d, 73, b4, 7e, 60, b2, 7a, 8f, 11, c2, 85, 20, 0b, c6, 1b]] } }
[2m2026-09-14T10:30:20.678773Z[0m [31mERROR[0m codec_extension ThreadId(12) [2mzenoh_codec::common::extension[0m[2m:[0m Unknown Test ext: ZExtUnknown { Id: 2, Mandatory: true, Encoding: "ZBuf", Value: ZBuf { slices: [[a3, 90, 61, 8c, b9, 06, e4, b0, ba, 85, c7, 9c, da, fc, 90, 56, 3d, 16, e5, 59, c8, f7, 44, 1a]] } }
[2m2026-09-14T10:30:20.678795Z[0m [31mERROR[0m codec_extension ThreadId(12) [2mzenoh_codec::common::extension[0m[2m:[0m Unknown Test ext: ZExtUnknown { Id: 2, Mandatory: true, Encoding: "ZBuf", Value: ZBuf { slices: [[59, d5, 6e, 76, 70, 7b, 4c, c2, 48, d4, 53, f1, 27, 6c, 25, 23, cd, f3, ff, 0a, 4a, 2d, 76, e6, da, 19, 1c, f5, 6a, 04, df, 88, 1d, 73, 30, 84, b3, b2, 65, 21, ff, e1, 2c]] } }
[2m2026-09-14T10:30:20.678806Z[0m [31mERROR[0m codec_extension ThreadId(12) [2mzenoh_codec::common::extension[0m[2m:[0m Unknown Test ext: ZExtUnknown { Id: 2, Mandatory: true, Encoding: "ZBuf", Value: ZBuf { slices: [[e1, f7, 0a, 04, bf, 0b, c0, d3, 31, 9e, 65, 62, 43, bf, e5, 37, 88, 05, 38, dd, d9, 96, 04, f5, 54, d8, cb, 12, e8, 41, 64, a1, 5a, 07, ba, 75, e4, f3, 2f, d3, ec, 12, 12, 3a, 97, c3]] } }
[2m2026-09-14T10:30:20.678831Z[0m [31mERROR[0m codec_extension ThreadId(12) [2mzenoh_codec::common::extension[0m[2m:[0m Unknown Test ext: ZExtUnknown { Id: 2, Mandatory: true, Encoding: "ZBuf", Value: ZBuf { slices: [[aa, 4f, 0c, 1b, 27, c8, 61, c0, e9, 84, c9, 93, 87, 00, ae, 9c, 42, 86, f6, cf, aa, ad, 89, 78, 5e, b2, 5a, fe, 89, bc, 65, d8, 59, 12, ce, 3a, 48, f2, 04, 3b, 3d, b6, 3e, f0, 2c, 9b, ad, a1, 4a, 5b, 58, d0, a4, 68, 1d, fa, 53, 3e, 75, d0, d8, a3, de]] } }
[2m2026-09-14T10:30:20.678853Z[0m [31mERROR[0m codec_extension ThreadId(12) [2mzenoh_codec::common::extension[0m[2m:[0m Unknown Test ext: ZExtUnknown { Id: 2, Mandatory: true, Encoding: "ZBuf", Value: ZBuf { slices: [[ba, 57, 10, 82, b4, c4, ba, d6, 82, ae, 2c, e2, 7d, 84, 87, 32, 6d, 65, c5, 01, f9, df, 31, cd, ae, 1e, de, fc, fd, 9d, 89, e9, ec, 10, f6, d8, 6d, f2, a9, e9, 42, ba]] } }
[2m2026-09-14T10:30:20.678875Z[0m [31mERROR[0m codec_extension ThreadId(12) [2mzenoh_codec::common::extension[0m[2m:[0m Unknown Test ext: ZExtUnknown { Id: 2, Mandatory: true, Encoding: "ZBuf", Value: ZBuf { slices: [[28, 45, 36, fb, f1, 07, f4, 4f, 83, 57, 0c, 48, 20, 5e, 36, 98, af, b8, c6, c4, 50, ec, 80, 42, 41, b8, 2e, b5, af, 60, 6e, 0d, d4, 8b, aa, 92, 6e, a0, ea, d6, 86, d1]] } }
[2m2026-09-14T10:30:20.678899Z[0m [31mERROR[0m codec_extension ThreadId(12) [2mzenoh_codec::common::extension[0m[2m:[0m Unknown Test ext: ZExtUnknown { Id: 2, Mandatory: true, Encoding: "ZBuf", Value: ZBuf { slices: [[e7, 4e, 20, 5d, 98, 10, 23, 2a, e3, f9, b2, 6a, 04, de, 48, de, 4a, af, 3b, 9f, c2, 05, 05, dd, bc, 27, 51, 5a, 23, 06, 7e, 17, c6, ac, 55, 8d, 1a, ea, 73, bd, 16, 3b, 0a, bb, b4, 17, ae, 7a, bb]] } }
[2m2026-09-14T10:30:20.678907Z[0m [31mERROR[0m codec_extension ThreadId(12) [2mzenoh_codec::common::extension[0m[2m:[0m Unknown Test ext: ZExtUnknown { Id: 2, Mandatory: true, Encoding: "ZBuf", Value: ZBuf { slices: [[33, 6f, d3, 0e, 23, 99, b8, 60, ff, 0e, 75, 5d, 02, 16, aa, 0e, aa, cc, c5, 54, d1, f2, ea, d5, b1, 39, 78]] } }
[2m2026-09-14T10:30:20.678928Z[0m [31mERROR[0m codec_extension ThreadId(12) [2mzenoh_codec::common::extension[0m[2m:[0m Unknown Test ext: ZExtUnknown { Id: 2, Mandatory: true, Encoding: "ZBuf", Value: ZBuf { slices: [[89, d2, 18, a4, 58, c6, e4, 91, 49, 76, 42, bf, fe, 71, 94, fc, 77, da, e1, 6c, 36, 5c, 67, d8, 80, 9a, 97, 41, c9, 72, a2, 6b, 31, f1, cf, ba, 7d, 7a, b4, 67, cf, 46, 3e, ab, 90, 1e, ef, 88, 78, 75, 14, 85]] } }
[2m2026-09-14T10:30:20.678937Z[0m [31mERROR[0m codec_extension ThreadId(12) [2mzenoh_codec::common::extension[0m[2m:[0m Unknown Test ext: ZExtUnknown { Id: 2, Mandatory: true, Encoding: "ZBuf", Value: ZBuf { slices: [[43, be, f1, 9a, 1b, 5a, ed, 43, 39, 60, db, b1, b8, 4f, af, 56, 96, 0b, dd, 5e]] } }
[2m2026-09-14T10:30:20.678960Z[0m [31mERROR[0m codec_extension ThreadId(12) [2mzenoh_codec::common::extension[0m[2m:[0m Unknown Test ext: ZExtUnknown { Id: 2, Mandatory: true, Encoding: "ZBuf", Value: ZBuf { slices: [[f9, f9, f2, 9c, f0, c8, 99, ee, 83, d1, 34, 1e, ca, 0d, db, b5, 8d, d5, 78, d6, 9a, bc, b4, 4b, a8, ad, 8b, 0c, 36, f2]] } }
[2m2026-09-14T10:30:20.678969Z[0m [31mERROR[0m codec_extension ThreadId(12) [2mzenoh_codec::common::extension[0m[2m:[0m Unknown Test ext: ZExtUnknown { Id: 2, Mandatory: true, Encoding: "ZBuf", Value: ZBuf { slices: [[4f, cf, 4b, e3, f2, b9, 6b, 9e, 38, 68, 31, f7, 2b, 28, e0, 13, c7, 49, e4, 0f, 2e, 56, cc, c9, 5a, 7e, 96]] } }
[2m2026-09-14T10:30:20.678992Z[0m [31mERROR[0m codec_extension ThreadId(12) [2mzenoh_codec::common::extension[0m[2m:[0m Unknown Test ext: ZExtUnknown { Id: 2, Mandatory: true, Encoding: "ZBuf", Value: ZBuf { slices: [[4e, a3, 57, f5, ac, 51, ca, 22, 96, 4c, 77, 14, a3, 30, c7, 15, 34, 33, b7, c5, a7, bd, 26, 7e, f2, 6d, ff, a6, 12, db, 9d, 20, 9c, 2d, 63, 6c, fa, b7, 69, 51, de, bf, 9a, 6b, d5, f9, 9c, f6, ae, 95, 66, e5, 7a, 64, 96, 5a, 75, 60, c1, 0c, ef, 90]] } }
[2m2026-09-14T10:30:20.679017Z[0m [31mERROR[0m codec_extension ThreadId(12) [2mzenoh_codec::common::extension[0m[2m:[0m Unknown Test ext: ZExtUnknown { Id: 2, Mandatory: true, Encoding: "ZBuf", Value: ZBuf { slices: [[de, 43, 7b, 92, 27, 07, e3, 07, 88, 9b, 1f, dc, a3, 5f, 5c, 01, d9, d1, c1, 66, 8f, c8, 3e, 80, f5, 0e, e2, a4, 1c, f0, bc, 86, 01, b2, d2, 21, 96, 5d, b6, ad, 56, ae, 18, 7b, 0d, a1, b0, 06, f6, 2e, 09, a5, 31, 8d, 46, 4c, 12, 5c, 46, d3]] } }
[2m2026-09-14T10:30:20.679041Z[0m [31mERROR[0m codec_extension ThreadId(12) [2mzenoh_codec::common::extension[0m[2m:[0m Unknown Test ext: ZExtUnknown { Id: 2, Mandatory: true, Encoding: "ZBuf", Value: ZBuf { slices: [[bc, c4, f7, bc, e0, 56, dd, 7f, 8e, 2d, 78, 1a, ea, c5, 3e, bf, 59, 5c, de, cf, 9d, 5e, 6d, 3a, 55, 1c, 04, 77, 83, a8, c4, 3b, d8, 06, 0c, e7, 56, 49, 19, 08, 19, 36, 1a, 3c, 90, b4, 11, 22]] } }
[2m2026-09-14T10:30:20.679064Z[0m [31mERROR[0m codec_extension ThreadId(12) [2mzenoh_codec::common::extension[0m[2m:[0m Unknown Test ext: ZExtUnknown { Id: 2, Mandatory: true, Encoding: "ZBuf", Value: ZBuf { slices: [[66, 50, 82, 92, da, 84, 7b, 61, a4, 89, 28, d3, 7e, 1e, ef, 68, 2a, ce, 67, 57, d8, 49, 7f, b6, 43, 04, 63, 0f, c7, 87, 6a, 01, e1, 70, 86, c6, 06, 76, 64, 97, af, 8d, ba, 26, 77, 62, be, 59]] } }
[2m2026-09-14T10:30:20.679086Z[0m [31mERROR[0m codec_extension ThreadId(12) [2mzenoh_codec::common::extension[0m[2m:[0m Unknown Test ext: ZExtUnknown { Id: 2, Mandatory: true, Encoding: "ZBuf", Value: ZBuf { slices: [[5a, ae, cd, b0, 3c, 41, 25, 2f, 4b, ea, 3b, 8a, 50, a6, ef, 79, 2c, 78, 3f, 83, e2, ba, d5, c4, 67, 36, 64, fc, a4, 5e, e7, dc, cd, 69, fb, 4c]] } }
[2m2026-09-14T10:30:20.679094Z[0m [31mERROR[0m codec_extension ThreadId(12) [2mzenoh_codec::common::extension[0m[2m:[0m Unknown Test ext: ZExtUnknown { Id: 2, Mandatory: true, Encoding: "ZBuf", Value: ZBuf { slices: [[7a, 32, f8, 3c, ff, d7, ae, 33, 19, 08, 35, be, 0a, c9, 33, 67]] } }
[2m2026-09-14T10:30:20.679099Z[0m [31mERROR[0m codec_extension ThreadId(12) [2mzenoh_codec::common::extension[0m[2m:[0m Unknown Test ext: ZExtUnknown { Id: 2, Mandatory: true, Encoding: "ZBuf", Value: ZBuf { slices: [[31, f4, 47, 1f, e7, 14, 1d, f6, 5f, 5e, 2a, 29, dc, e0, aa, 7c, c6, a9, 04, b3, 94, b9, 1e, 31, 39]] } }
[2m2026-09-14T10:30:20.679120Z[0m [31mERROR[0m codec_extension ThreadId(12) [2mzenoh_codec::common::extension[0m[2m:[0m Unknown Test ext: ZExtUnknown { Id: 2, Mandatory: true, Encoding: "ZBuf", Value: ZBuf { slices: [[ed, 22, 7b, 01, 26, 56, df, 42, 56, f4, 28, 7a, f2, d1, 37, cb, ed, d6, 4a, 7e, 3f, e6, 66, 49, b1, a1, 1b, 40, 01, 34, b7, 96, 3e, fc, d3, 28, d6, e5, 85, c0, 40, 76, 78, e3, e0, f2, fd]] } }
[2m2026-09-14T10:30:20.679145Z[0m [31mERROR[0m codec_extension ThreadId(12) [2mzenoh_codec::common::extension[0m[2m:[0m Unknown Test ext: ZExtUnknown { Id: 2, Mandatory: true, Encoding: "ZBuf", Value: ZBuf { slices: [[6f, 61, 18, ee, 63, b6, f2, b8, ae, 3b, 88, ed, 59, f6, 34, 0d, 65, 87, 5a, 80, a0, b6, e0, a2, 89, c2, 5c, c6, 36, 8a, 1b, 9d, 25, 4e, 77, 85, ba, d2, 9d, b0]] } }
[2m2026-09-14T10:30:20.679155Z[0m [31mERROR[0m codec_extension ThreadId(12) [2mzenoh_codec::common::extension[0m[2m:[0m Unknown Test ext: ZExtUnknown { Id: 2, Mandatory: true, Encoding: "ZBuf", Value: ZBuf { slices: [[dd, b0, a1, 00, 65, 14, 89, bb, 1f, b6, 76, f2, 0d, f0, f0, a4, 86, 28, c7, fe, 65, 5d, bc, cb, 2d, fd, 72, e0]] } }
[2m2026-09-14T10:30:20.679160Z[0m [31mERROR[0m codec_extension ThreadId(12) [2mzenoh_codec::common::extension[0m[2m:[0m Unknown Test ext: ZExtUnknown { Id: 2, Mandatory: true, Encoding: "ZBuf", Value: ZBuf { slices: [[c6, 21, ca, 0b, 28, ca, 4e, 07, 35, 7b, 81, b5, 1a]] } }
[2m2026-09-14T10:30:20.679183Z[0m [31mERROR[0m codec_extension ThreadId(12) [2mzenoh_codec::common::extension[0m[2m:[0m Unknown Test ext: ZExtUnknown { Id: 2, Mandatory: true, Encoding: "ZBuf", Value: ZBuf { slices: [[fa, 23, 9e, 27, 8d, 94, aa, 88, fe, 87, 63, f2, 4c, 30, c0, 92, a8, 49, d3, 88, 32, 32, 95, 9c, f5, 85, 91, e6, 6d, 76, a5, d4, f5, 84, a7, 3f, 68, 35, a9, 45, b8, ff, 76, 64, c5, 19, a3, fb, 8a, 63, 50, 21]] } }
[2m2026-09-14T10:30:20.679206Z[0m [31mERROR[0m codec_extension ThreadId(12) [2mzenoh_codec::common::extension[0m[2m:[0m Unknown Test ext: ZExtUnknown { Id: 2, Mandatory: true, Encoding: "ZBuf", Value: ZBuf { slices: [[e6, 34, a7, 4e, ef, f2, 9d, 5b, e2, b5, 29, 1e]] } }
[2m2026-09-14T10:30:20.679213Z[0m [31mERROR[0m codec_extension ThreadId(12) [2mzenoh_codec::common::extension[0m[2m:[0m Unknown Test ext: ZExtUnknown { Id: 2, Mandatory: true, Encoding: "ZBuf", Value: ZBuf { slices: [[db, 5e, 96, 18, 81, 0a, ee, 8d, d8, 75, f5, 24, 8f, f5, d1, a3, 5c, 1e, 7f, 01, 39, 1f, 81, 9e, 2b, 78, 56, 85, 7a, 3e, 16, 9b, e6, 19, 57, 1d, ad, 71, da, 71, 76, f0, 48, 73, 4b, 17, 1f, d0, 64, ff, 75, af, 92, 17, 2f, 0e, 44, 1a]] } }
[2m2026-09-14T10:30:20.679248Z[0m [31mERROR[0m codec_extension ThreadId(12) [2mzenoh_codec::common::extension[0m[2m:[0m Unknown Test ext: ZExtUnknown { Id: 2, Mandatory: true, Encoding: "ZBuf", Value: ZBuf { slices: [[e5, 01, c5, 8e, f0, c1, 39, a1, 7e, 45, da, ae, a5, 35, bb, 91, 8d, 7b, b4, f3, 35, 2b, 1b, 94, 85, 23, 25, 39, 0f, 12, 87, fe, cb, 8f, 6e, 45, a2, 08, 7a, 39, e5, 42]] } }
[2m2026-09-14T10:30:20.679254Z[0m [31mERROR[0m codec_extension ThreadId(12) [2mzenoh_codec::common::extension[0m[2m:[0m Unknown Test ext: ZExtUnknown { Id: 2, Mandatory: true, Encoding: "ZBuf", Value: ZBuf { slices: [[58, 88, ef, cf, 2e, bb, ed, 49, 41, 86]] } }
[2m2026-09-14T10:30:20.679274Z[0m [31mERROR[0m codec_extension ThreadId(12) [2mzenoh_codec::common::extension[0m[2m:[0m Unknown Test ext: ZExtUnknown { Id: 2, Mandatory: true, Encoding: "ZBuf", Value: ZBuf { slices: [[bd, 06, 94, f8, 27, 3b, 38, 6e, 25, 39, 15, 2d, 15, d1, 95, cd, c2, e6, 23, 58, 91, 66, ed, 49, 92, 6b, 5e, 6b, 2f, 53, 7b, 5b, 04, 58, eb, e3, 01]] } }
[2m2026-09-14T10:30:20.679297Z[0m [31mERROR[0m codec_extension ThreadId(12) [2mzenoh_codec::common::extension[0m[2m:[0m Unknown Test ext: ZExtUnknown { Id: 2, Mandatory: true, Encoding: "ZBuf", Value: ZBuf { slices: [[6d, a7, af, 93, e7, b0, b0, c4, 0e, 43, 94, e6, e0, 29, e4, 94, 0d, ce, 7a, 29, fa, 4c, 81, 2a, 04, 35, 0e, 6c, 64, 4f, 6f, cf, 18, e7, 1d, ea, 93, 5e]] } }
[2m2026-09-14T10:30:20.679304Z[0m [31mERROR[0m codec_extension ThreadId(12) [2mzenoh_codec::common::extension[0m[2m:[0m Unknown Test ext: ZExtUnknown { Id: 2, Mandatory: true, Encoding: "ZBuf", Value: ZBuf { slices: [[df, 50, bd, 52, 1c, f1, 9a, 98, d8, 20, 0b, 8a, 10, 6c, 6b, d5, 55, 17, 98, 55, a8, 2d, 7b, 15, e7, 61, 29, 1b]] } }
[2m2026-09-14T10:30:20.679313Z[0m [31mERROR[0m codec_extension ThreadId(12) [2mzenoh_codec::common::extension[0m[2m:[0m Unknown Test ext: ZExtUnknown { Id: 2, Mandatory: true, Encoding: "ZBuf", Value: ZBuf { slices: [[f7, d9, c2, e9, ec, f7, 08, 36, 3c]] } }
[2m2026-09-14T10:30:20.679333Z[0m [31mERROR[0m codec_extension ThreadId(12) [2mzenoh_codec::common::extension[0m[2m:[0m Unknown Test ext: ZExtUnknown { Id: 2, Mandatory: true, Encoding: "ZBuf", Value: ZBuf { slices: [[c0, cf, b2, 26, 22, dd, 74, 32, 81, 14, 9d, 40, ee, ff, 38, 56, d6, 17, 81, b6, f9, 99, df, e7, 77, 08, 1a, 4e, 6d, 03, bc, c8, 4f, 89, c3, 87, 12, 14, 51, 9f, ba, dc, f7]] } }
[2m2026-09-14T10:30:20.679356Z[0m [31mERROR[0m codec_extension ThreadId(12) [2mzenoh_codec::common::extension[0m[2m:[0m Unknown Test ext: ZExtUnknown { Id: 2, Mandatory: true, Encoding: "ZBuf", Value: ZBuf { slices: [[85, cd, 30, 4f, e1, 4d, 66, 77, 72, d6, 4f, 1b, f9, 63, fa, f2, 84, 24, 88, 0a, 27, 08, 7c, 31, 73, 97, 7f, 73, 20, fe, 46, df, 29, 1d, 2d, 46, fe, 26, cc, 06, d1, 0e, 4a, a3, 9b, 5b, ef, 08, 79, 0e, c4, d6, 66, c1]] } }
[2m2026-09-14T10:30:20.679380Z[0m [31mERROR[0m codec_extension ThreadId(12) [2mzenoh_codec::common::extension[0m[2m:[0m Unknown Test ext: ZExtUnknown { Id: 2, Mandatory: true, Encoding: "ZBuf", Value: ZBuf { slices: [[6f, b6, 11, 7d, fb, 68, 91, 9e, 12, 74, 7d, 9d, 4a, 4e, cd, 06, 11, 21, 5e, c5, 1b, d9, 89, 96, 5c, 1e, 09, 5e, 3d, 7d, 21, 7b, f1, 5f, f5, da, ef, bf, 3c, bd, 9b, e1, 6a, ee, 83, bc, 07, 84, 8e, 05, 71, 85]] } }
[2m2026-09-14T10:30:20.679390Z[0m [31mERROR[0m codec_extension ThreadId(12) [2mzenoh_codec::common::extension[0m[2m:[0m Unknown Test ext: ZExtUnknown { Id: 2, Mandatory: true, Encoding: "ZBuf", Value: ZBuf { slices: [[46, a8, e8, a7, 4a, 93, 8a, 6d, 08, b8, dc, bf, 92, 2d, 44, c9, 09, 6d, 23, 69, 40, c2, 9e, 83, f6, 15, 32, 9f, f1, b7, c6]] } }
[2m2026-09-14T10:30:20.679411Z[0m [31mERROR[0m codec_extension ThreadId(12) [2mzenoh_codec::common::extension[0m[2m:[0m Unknown Test ext: ZExtUnknown { Id: 2, Mandatory: true, Encoding: "ZBuf", Value: ZBuf { slices: [[6d, 75, 79, f1, 38, 98, d4, a2, 1a]] } }
[2m2026-09-14T10:30:20.679417Z[0m [31mERROR[0m codec_extension ThreadId(12) [2mzenoh_codec::common::extension[0m[2m:[0m Unknown Test ext: ZExtUnknown { Id: 2, Mandatory: true, Encoding: "ZBuf", Value: ZBuf { slices: [[4c, 9d, 06, b2, a6, 1b, e6, 25, 88, 2f, ad, 13]] } }
[2m2026-09-14T10:30:20.679422Z[0m [31mERROR[0m codec_extension ThreadId(12) [2mzenoh_codec::common::extension[0m[2m:[0m Unknown Test ext: ZExtUnknown { Id: 2, Mandatory: true, Encoding: "ZBuf", Value: ZBuf { slices: [[5f, a6, 29, 7d, 4b, 05, 3c, 1a, 8b, 81, 5e, 6b, 26, 98, b6, 08, 48, 3f, c1, 58, 38, 57, a2, 24, 27, 92, f7]] } }
[2m2026-09-14T10:30:20.679443Z[0m [31mERROR[0m codec_extension ThreadId(12) [2mzenoh_codec::common::extension[0m[2m:[0m Unknown Test ext: ZExtUnknown { Id: 2, Mandatory: true, Encoding: "ZBuf", Value: ZBuf { slices: [[93, 74, 55, 49, 6e, 70, c2, ab, 1c, 0b, 35, 6f, 9e, b7, 5e, 56, 6c, 06, 14, c3, 4b, a4, ed, 01, 38, c2, 1d, 9e, 4b, b8, d3, 44, e8, 6a, 0f, 90, 15, f0, 5c, 17, 17, dd, ab, 94, 4f, 79, 7e, da, bc]] } }
[2m2026-09-14T10:30:20.679468Z[0m [31mERROR[0m codec_extension ThreadId(12) [2mzenoh_codec::common::extension[0m[2m:[0m Unknown Test ext: ZExtUnknown { Id: 2, Mandatory: true, Encoding: "ZBuf", Value: ZBuf { slices: [[39, 15, da, 9e, 66, 88, 4d, 09, 66, cb, 4d, 09, 67, 83, 45, 1a, e2, 62, 7f, 08, af, 58, 97, 1f, 45, 98, 72, 2f, b7, 17, 96, 5f, 31]] } }
[2m2026-09-14T10:30:20.679476Z[0m [31mERROR[0m codec_extension ThreadId(12) [2mzenoh_codec::common::extension[0m[2m:[0m Unknown Test ext: ZExtUnknown { Id: 2, Mandatory: true, Encoding: "ZBuf", Value: ZBuf { slices: [[d3, e2, 16, e6, 55, 27, 57, f5, 5d, 7d, 51, d4, 51, ea, 08, 5c, 85, 4c, ec, aa, 21, a7, 6f, 78, e1, 04, 84, f7, 4a, c1, c3, f7, df, 16, 9b, 1c, 85, 58, 69, 19, 3e, 25, 8a, f9]] } }
[2m2026-09-14T10:30:20.679501Z[0m [31mERROR[0m codec_extension ThreadId(12) [2mzenoh_codec::common::extension[0m[2m:[0m Unknown Test ext: ZExtUnknown { Id: 2, Mandatory: true, Encoding: "ZBuf", Value: ZBuf { slices: [[9f, 61, a6, e8, 02, 58, 1f, ec, c6, 0f, e6, a9, 80, 1a, 0a, ce, af, 74, 85, 7d, fc, ec, 6b, c8, 27, f3, d5, 73, 85, 96, a8, 03, a4, 10, 65, f7, ad, b0, 57, 39, 6a, 97, 8b, 80, 26, 28, 82]] } }
[2m2026-09-14T10:30:20.679508Z[0m [31mERROR[0m codec_extension ThreadId(12) [2mzenoh_codec::common::extension[0m[2m:[0m Unknown Test ext: ZExtUnknown { Id: 2, Mandatory: true, Encoding: "ZBuf", Value: ZBuf { slices: [[a2, e2, 2a, e4, 00, 05, 29, 13, 6a, 3a, e1]] } }
[2m2026-09-14T10:30:20.679527Z[0m [31mERROR[0m codec_extension ThreadId(12) [2mzenoh_codec::common::extension[0m[2m:[0m Unknown Test ext: ZExtUnknown { Id: 2, Mandatory: true, Encoding: "ZBuf", Value: ZBuf { slices: [[7e, 42, 03, 9e, b4, d1, 1e, da, 3e, 1a, 42, 3a, 28, 8c, 09, 8a, 38, 7e, d6, a8, 72, 0d, d1, af, d9, 51, 7b]] } }
[2m2026-09-14T10:30:20.679551Z[0m [31mERROR[0m codec_extension ThreadId(12) [2mzenoh_codec::common::extension[0m[2m:[0m Unknown Test ext: ZExtUnknown { Id: 2, Mandatory: true, Encoding: "ZBuf", Value: ZBuf { slices: [[13, fa, 25, ba, fc, 2c, 38, ab, 25, 5b, 3d, 25, 9c, da, 3c, c8, 2e, de, 3b, d5, a8, 48, 98, 8e, aa, e1, 87, 7a, b8, d2, 71, d9, e8, 94, 4f, 81, f7, e1, f0, 6b, d2, f8]] } }
[2m2026-09-14T10:30:20.679560Z[0m [31mERROR[0m codec_extension ThreadId(12) [2mzenoh_codec::common::extension[0m[2m:[0m Unknown Test ext: ZExtUnknown { Id: 2, Mandatory: true, Encoding: "ZBuf", Value: ZBuf { slices: [[09, b7, 78, f4, 8a, d5, 25, 76]] } }
[2m2026-09-14T10:30:20.679578Z[0m [31mERROR[0m codec_extension ThreadId(12) [2mzenoh_codec::common::extension[0m[2m:[0m Unknown Test ext: ZExtUnknown { Id: 2, Mandatory: true, Encoding: "ZBuf", Value: ZBuf { slices: [[4e, 99, 3b, c9, 10, c3, d4, 52, 74, d3, 58, 42, 29, b1, 8e, 69, fa, 02, 07, 87, 05, f8, f6, 84, 01, d7, 58, cb, ad, 96, 08, 9e, b5, 9c, 66, f0, 16, 39, 65, 21, 8a, 8d, 31, 85, 26, c6, 7d, 61, b9, 62, 4a, a8]] } }
[2m2026-09-14T10:30:20.679588Z[0m [31mERROR[0m codec_extension ThreadId(12) [2mzenoh_codec::common::extension[0m[2m:[0m Unknown Test ext: ZExtUnknown { Id: 2, Mandatory: true, Encoding: "ZBuf", Value: ZBuf { slices: [[0c, b9, 5e, 8d, cb, 83, 81, 25, 0b, 9b, 17, be, 3d, 48, ff, 68, 99, 09, f5, a4, 34, 7a, d4, 55, 6f, bb, d2, 74, f8, 1e, a4, 4f, 91]] } }
[2m2026-09-14T10:30:20.679609Z[0m [31mERROR[0m codec_extension ThreadId(12) [2mzenoh_codec::common::extension[0m[2m:[0m Unknown Test ext: ZExtUnknown { Id: 2, Mandatory: true, Encoding: "ZBuf", Value: ZBuf { slices: [[1b, c2, 15, 0b, 46, 67, e1, 53, 9b, 4f, 6a, c0, 6c, 3d, a5, 6a, 52, 68, 45, 95, 1a, 17, 76, 5a, db, 08, 73, 0c, 3a, 8a, f4, 4e, 30, 6d, 19, 57, f3, 9b, f2, ca, 80, 0e, 28, 67, 5a, 4e, 6e, 61, 41, 15, 46, 96, 98, c3, 3d, ec, 94, 0b, 68]] } }
[2m2026-09-14T10:30:20.679617Z[0m [31mERROR[0m codec_extension ThreadId(12) [2mzenoh_codec::common::extension[0m[2m:[0m Unknown Test ext: ZExtUnknown { Id: 2, Mandatory: true, Encoding: "ZBuf", Value: ZBuf { slices: [[46, 64, 99, a1, ee, c3, 86, b2, 5c, 74]] } }
[2m2026-09-14T10:30:20.679622Z[0m [31mERROR[0m codec_extension ThreadId(12) [2mzenoh_codec::common::extension[0m[2m:[0m Unknown Test ext: ZExtUnknown { Id: 2, Mandatory: true, Encoding: "ZBuf", Value: ZBuf { slices: [[4b, 02, 77, 76, 5e, 6e, 12, 81]] } }
[2m2026-09-14T10:30:20.679642Z[0m [31mERROR[0m codec_extension ThreadId(12) [2mzenoh_codec::common::extension[0m[2m:[0m Unknown Test ext: ZExtUnknown { Id: 2, Mandatory: true, Encoding: "ZBuf", Value: ZBuf { slices: [[51, de, d7, 71, 7b, 74, 4f, 7f]] } }
[2m2026-09-14T10:30:20.679651Z[0m [31mERROR[0m codec_extension ThreadId(12) [2mzenoh_codec::common::extension[0m[2m:[0m Unknown Test ext: ZExtUnknown { Id: 2, Mandatory: true, Encoding: "ZBuf", Value: ZBuf { slices: [[56, c9, 7a, 5f, 50, 7e, 22, bb, dc, 80, d3, f9, ba, 20, ec, 05, 19, 05, db, 75, a9, f8, 13, 73, a4, ec, 56, d4, 57, c1, 6e]] } }
[2m2026-09-14T10:30:20.679657Z[0m [31mERROR[0m codec_extension ThreadId(12) [2mzenoh_codec::common::extension[0m[2m:[0m Unknown Test ext: ZExtUnknown { Id: 2, Mandatory: true, Encoding: "ZBuf", Value: ZBuf { slices: [[c9, 14, 3d, e3, e6, 14, 27, 95, b2, c3, 6f, 1f]] } }
[2m2026-09-14T10:30:20.679681Z[0m [31mERROR[0m codec_extension ThreadId(12) [2mzenoh_codec::common::extension[0m[2m:[0m Unknown Test ext: ZExtUnknown { Id: 2, Mandatory: true, Encoding: "ZBuf", Value: ZBuf { slices: [[9c, bf, 37, 60, 19, e4, 34, 8b, 95, cf, 7f, f8, d5, b1, af, 68, 60, dd, ef, c4, e1, 8d]] } }
[2m2026-09-14T10:30:20.679703Z[0m [31mERROR[0m codec_extension ThreadId(12) [2mzenoh_codec::common::extension[0m[2m:[0m Unknown Test ext: ZExtUnknown { Id: 2, Mandatory: true, Encoding: "ZBuf", Value: ZBuf { slices: [[a3, e4, a1, 14, 5d, 4a, d5, 70, 6e, d1, 17, 82, 5c, 00, a8, d1, dd, 1e, 2f, 50, 70, af, 59, 71, e5, 21, 88, fa, 6f, ba, 20, a1, e4, 0f, 33, b2, 31, a6, fd, e1, d1, 8d, 69, 34, 38, 75, 48, e0, 18, 8e, 65, e8]] } }
[2m2026-09-14T10:30:20.679711Z[0m [31mERROR[0m codec_extension ThreadId(12) [2mzenoh_codec::common::extension[0m[2m:[0m Unknown Test ext: ZExtUnknown { Id: 2, Mandatory: true, Encoding: "ZBuf", Value: ZBuf { slices: [[00, 7e, 0a, 87, d1, 64, 71, 0b, 6c, a2, d7, 59, 4e, d2, 61, 75, ce, 81, cc, f1, 71, b5, 57, 07, 24, 8d, cf, 69, 60, 5c, 44, 4a, 96, a9, b9, 57, 3a, 27]] } }
[2m2026-09-14T10:30:20.679733Z[0m [31mERROR[0m codec_extension ThreadId(12) [2mzenoh_codec::common::extension[0m[2m:[0m Unknown Test ext: ZExtUnknown { Id: 2, Mandatory: true, Encoding: "ZBuf", Value: ZBuf { slices: [[f3, c8, f1, ca, 04, 4f, b6, 84, 60, b0, 18, be]] } }
[2m2026-09-14T10:30:20.679738Z[0m [31mERROR[0m codec_extension ThreadId(12) [2mzenoh_codec::common::extension[0m[2m:[0m Unknown Test ext: ZExtUnknown { Id: 2, Mandatory: true, Encoding: "ZBuf", Value: ZBuf { slices: [[0c, dc, a2, 81, 94, af, 5c, e6, ed, 14, 23, f2, 3a, 0a, 90, 09, ac, 0e, 32, 86, 9f, 06, 1c, f1, 4d, b0, b4, f1]] } }
[2m2026-09-14T10:30:20.679757Z[0m [31mERROR[0m codec_extension ThreadId(12) [2mzenoh_codec::common::extension[0m[2m:[0m Unknown Test ext: ZExtUnknown { Id: 2, Mandatory: true, Encoding: "ZBuf", Value: ZBuf { slices: [[4b, e7, f3, d6, 60, f6, 0e, 20, d7, 88, 75, 8e, 2f, c3, 5f, 53, 45, 80, 04, 95, cc, 70, 1c, 0c, b5, 2a, a4, b3, f9, c0, 67, db, eb, da, 34, 60, 4f, db, 7e, c5, 04, 62, db, ca, 27, 98, 08, eb, 57, 29]] } }
[2m2026-09-14T10:30:20.679764Z[0m [31mERROR[0m codec_extension ThreadId(12) [2mzenoh_codec::common::extension[0m[2m:[0m Unknown Test ext: ZExtUnknown { Id: 2, Mandatory: true, Encoding: "ZBuf", Value: ZBuf { slices: [[f2, 97, 0c, 4e, a3, 0f, fe, 9b, 70, 3b, a7, f2, 92, fe, 25, 4c, 18, 58, c1, d4, f2, 97, 6b, 0d]] } }
[2m2026-09-14T10:30:20.679784Z[0m [31mERROR[0m codec_extension ThreadId(12) [2mzenoh_codec::common::extension[0m[2m:[0m Unknown Test ext: ZExtUnknown { Id: 2, Mandatory: true, Encoding: "ZBuf", Value: ZBuf { slices: [[ee, 9f, d0, ef, 1e, 9f, 16, 01, f9, 07, 77, 56, d9, c0, 6f, 98, ae, 3b, 92, 93, 23, d1, 2a, ae, 4f, 45, 96, c4, cd, bc, 98, d3, 45, 86]] } }
[2m2026-09-14T10:30:20.679792Z[0m [31mERROR[0m codec_extension ThreadId(12) [2mzenoh_codec::common::extension[0m[2m:[0m Unknown Test ext: ZExtUnknown { Id: 2, Mandatory: true, Encoding: "ZBuf", Value: ZBuf { slices: [[f2, 5a, 0b, a6, b1, 01, 54, 7a, f5, a0, 21, 67, 64, 1f, 61, 6a, c9, d6, 40, f7, 91, 91, 1c, 33, d0, 81, c9, 1d]] } }
[2m2026-09-14T10:30:20.679811Z[0m [31mERROR[0m codec_extension ThreadId(12) [2mzenoh_codec::common::extension[0m[2m:[0m Unknown Test ext: ZExtUnknown { Id: 2, Mandatory: true, Encoding: "ZBuf", Value: ZBuf { slices: [[17, e2, 69, c1, 6e, a2, 1e, 1e, b1, 2c, 7f, ea, 03, 48, 94, 01, 7a, 42, bc, e8, 14, 11, 01, af, 4b, 03, 09, 1a, 42, 2b, 53, d2, a3, ec, 1e, 72, 11, 33, 34, ea, 72, 44, ba, 36, 60, a9, 43, 43, 25, 8c, 05]] } }
[2m2026-09-14T10:30:20.679818Z[0m [31mERROR[0m codec_extension ThreadId(12) [2mzenoh_codec::common::extension[0m[2m:[0m Unknown Test ext: ZExtUnknown { Id: 2, Mandatory: true, Encoding: "ZBuf", Value: ZBuf { slices: [[bd, 68, 2c, 1c, 9d, c1, 5f, d1, ab, f9, 6c, d6, 4b, 97, 2a, 03]] } }
[2m2026-09-14T10:30:20.679837Z[0m [31mERROR[0m codec_extension ThreadId(12) [2mzenoh_codec::common::extension[0m[2m:[0m Unknown Test ext: ZExtUnknown { Id: 2, Mandatory: true, Encoding: "ZBuf", Value: ZBuf { slices: [[11, f7, 33, ac, 77, fa, c4, 3f, aa, 32, 72, d6, ba, 66]] } }
[2m2026-09-14T10:30:20.679845Z[0m [31mERROR[0m codec_extension ThreadId(12) [2mzenoh_codec::common::extension[0m[2m:[0m Unknown Test ext: ZExtUnknown { Id: 2, Mandatory: true, Encoding: "ZBuf", Value: ZBuf { slices: [[c3, 24, a2, b3, a5, 9e, 95, 1f, f2, 67, dd, 4b, ed, e7, 0a, 30, b3, 3b, b4, 16, e5, 6d, c2, 47, ba, 6b, aa, f4, 43, 3f, 0a, f6, 68, 3d, 66, 54, f1]] } }
[2m2026-09-14T10:30:20.679866Z[0m [31mERROR[0m codec_extension ThreadId(12) [2mzenoh_codec::common::extension[0m[2m:[0m Unknown Test ext: ZExtUnknown { Id: 2, Mandatory: true, Encoding: "ZBuf", Value: ZBuf { slices: [[7c, be, 92, 4b, e3, 0f, 12, ae, 81, 6c, 8a]] } }
[2m2026-09-14T10:30:20.679871Z[0m [31mERROR[0m codec_extension ThreadId(12) [2mzenoh_codec::common::extension[0m[2m:[0m Unknown Test ext: ZExtUnknown { Id: 2, Mandatory: true, Encoding: "ZBuf", Value: ZBuf { slices: [[ea, 2c, b8, 2d, 67, 3e, f3, 5f, c6, 7a, 8e, 63, 20, 62, 9d, 06, a0, 8e, 2f, d5]] } }
[2m2026-09-14T10:30:20.679876Z[0m [31mERROR[0m codec_extension ThreadId(12) [2mzenoh_codec::common::extension[0m[2m:[0m Unknown Test ext: ZExtUnknown { Id: 2, Mandatory: true, Encoding: "ZBuf", Value: ZBuf { slices: [[ff, 9d, d3, 18, ca, a1, a8, b7, 17]] } }
[2m2026-09-14T10:30:20.679896Z[0m [31mERROR[0m codec_extension ThreadId(12) [2mzenoh_codec::common::extension[0m[2m:[0m Unknown Test ext: ZExtUnknown { Id: 2, Mandatory: true, Encoding: "ZBuf", Value: ZBuf { slices: [[02, 70, 33, 01, 86, 86, 3c, 17, 07, 4d, a9, a2, f3, 82, 6c, 14, 1f, d9, 3f, 61, 59, ac, 50]] } }
[2m2026-09-14T10:30:20.679903Z[0m [31mERROR[0m codec_extension ThreadId(12) [2mzenoh_codec::common::extension[0m[2m:[0m Unknown Test ext: ZExtUnknown { Id: 2, Mandatory: true, Encoding: "ZBuf", Value: ZBuf { slices: [[88, ef, 86, 17, 66, 12, 58, aa, 67, 7f, f9, 6e, 6a, e8, c3, 38, 3c, a0, bd, 82, c4, 02, 92, 12, 4c, b8, 8e, e6, bf, 12, ee, 54, a5, 00, 27, 86, f3, 08, e4, 5a, dc, 8f, 43]] } }
[2m2026-09-14T10:30:20.679923Z[0m [31mERROR[0m codec_extension ThreadId(12) [2mzenoh_codec::common::extension[0m[2m:[0m Unknown Test ext: ZExtUnknown { Id: 2, Mandatory: true, Encoding: "ZBuf", Value: ZBuf { slices: [[8d, d9, 86, 63, 1c, 0b, 6b, 02, 62, 13, d1, 02, 63, 49, 32, f4, ea, 9b, d0, 6e, a3, ed, e1, 38, 83]] } }
[2m2026-09-14T10:30:20.679942Z[0m [31mERROR[0m codec_extension ThreadId(12) [2mzenoh_codec::common::extension[0m[2m:[0m Unknown Test ext: ZExtUnknown { Id: 2, Mandatory: true, Encoding: "ZBuf", Value: ZBuf { slices: [[72, 70, 9d, ac, ff, 09, 4f, f1, 38, 06, 28, bd, f5, 35, 30, 25, 6d, 01, da, eb, 13, 9f, 37, 15, 7c, e0, 95, 2c, 3a, b2, 5c, f6, b2, 91, e5, ee, 8f, 66, aa, 73, 85, eb, 89, 12, 1e, 93, 3e, 85, 2e]] } }
[2m2026-09-14T10:30:20.679951Z[0m [31mERROR[0m codec_extension ThreadId(12) [2mzenoh_codec::common::extension[0m[2m:[0m Unknown Test ext: ZExtUnknown { Id: 2, Mandatory: true, Encoding: "ZBuf", Value: ZBuf { slices: [[bc, dd, 9f, 17, 91, 96, 00, 3f, 66, a6, b9, 7b, 97, 14, e8, ea, b3, af, 76, ae, 82, 5e, ca, db, c9, 35, 30, 24, 5d, 67, d3, 91, d0, bb, 21, b9, 67, 53, 3f, 3d, 73, 7b, 02]] } }
[2m2026-09-14T10:30:20.679957Z[0m [31mERROR[0m codec_extension ThreadId(12) [2mzenoh_codec::common::extension[0m[2m:[0m Unknown Test ext: ZExtUnknown { Id: 2, Mandatory: true, Encoding: "ZBuf", Value: ZBuf { slices: [[69, e0, a2, 90, a4, 7a, 80, e0, 2d, e3, 20]] } }
[2m2026-09-14T10:30:20.679977Z[0m [31mERROR[0m codec_extension ThreadId(12) [2mzenoh_codec::common::extension[0m[2m:[0m Unknown Test ext: ZExtUnknown { Id: 2, Mandatory: true, Encoding: "ZBuf", Value: ZBuf { slices: [[ce, e5, 76, 7d, eb, 79, da, 4e, de, 8f]] } }
[2m2026-09-14T10:30:20.679998Z[0m [31mERROR[0m codec_extension ThreadId(12) [2mzenoh_codec::common::extension[0m[2m:[0m Unknown Test ext: ZExtUnknown { Id: 2, Mandatory: true, Encoding: "ZBuf", Value: ZBuf { slices: [[3b, de, b1, 8a, 8d, f3, 14, ca, 73, b9, 37, e0, 64, a6, db, 68, 2b, ca, 21, 66, 03, ee, 26, 35, 23, 6b, 3b, a1, b3, b8, 99, 6f, dc, 03, 71, 0f, 07, 7c, 61, 22, ad, a3, d5, b9, 82, 89, 74, 27, 15, 30, 5d, 61]] } }
[2m2026-09-14T10:30:20.680009Z[0m [31mERROR[0m codec_extension ThreadId(12) [2mzenoh_codec::common::extension[0m[2m:[0m Unknown Test ext: ZExtUnknown { Id: 2, Mandatory: true, Encoding: "ZBuf", Value: ZBuf { slices: [[21, 9a, cf, 3a, 31, 49, b1, 13, a2, 93, 60, b8, d3, 50, a8, 2f, 64, 4c, b9, 69, 92, 4e, ba, 57, 3a, ee, 17, 80, 77, 16, 90, 30, db, 40, bd, 7d, b9]] } }
[2m2026-09-14T10:30:20.680031Z[0m [31mERROR[0m codec_extension ThreadId(12) [2mzenoh_codec::common::extension[0m[2m:[0m Unknown Test ext: ZExtUnknown { Id: 2, Mandatory: true, Encoding: "ZBuf", Value: ZBuf { slices: [[10, 75, 47, a1, 0c, 08, 0d, b1, 71, 88, 55, 11, 26, ec, 45, db, d8, e9, ad, 4a, e2, f8, 62, 64, d6, a7, a1, 25, 27, 5b, 31, 3b, 3e, 0c, b9, 52, fe, 98, 40, ed, 2b, e3, 43, f3]] } }
[2m2026-09-14T10:30:20.680039Z[0m [31mERROR[0m codec_extension ThreadId(12) [2mzenoh_codec::common::extension[0m[2m:[0m Unknown Test ext: ZExtUnknown { Id: 2, Mandatory: true, Encoding: "ZBuf", Value: ZBuf { slices: [[99, 85, 40, b8, 45, a8, d5, 77, 36, 90, 97, d6, bd, 17, 9e, 7a, 0f, 9b, c5, db, f4, 4b, 6c, 46, 29, 72]] } }
[2m2026-09-14T10:30:20.680058Z[0m [31mERROR[0m codec_extension ThreadId(12) [2mzenoh_codec::common::extension[0m[2m:[0m Unknown Test ext: ZExtUnknown { Id: 2, Mandatory: true, Encoding: "ZBuf", Value: ZBuf { slices: [[c0, 2d, bc, d3, 48, 44, 9a, fa, a4, 96, a6, 66, 30, 26, 27, fc, 14, 72, 72, a4, 45, a9, 0d, 2a, 91, 46, ca, b2, f8, 9e, 8f, b0, d0, 9c, 23]] } }
[2m2026-09-14T10:30:20.680083Z[0m [31mERROR[0m codec_extension ThreadId(12) [2mzenoh_codec::common::extension[0m[2m:[0m Unknown Test ext: ZExtUnknown { Id: 2, Mandatory: true, Encoding: "ZBuf", Value: ZBuf { slices: [[1a, 06, ae, dd, 37, db, e3, 50, b2, 6c, d6, d6, da, 6a, 39, 96, 0d, 4c, 8e, 6d, f5, 27, 78, 5e, dd, c5, a0, 09, f0, b7, b2, 92, 23, 7f, 93, 5a]] } }
[2m2026-09-14T10:30:20.680106Z[0m [31mERROR[0m codec_extension ThreadId(12) [2mzenoh_codec::common::extension[0m[2m:[0m Unknown Test ext: ZExtUnknown { Id: 2, Mandatory: true, Encoding: "ZBuf", Value: ZBuf { slices: [[32, a6, 29, b8, 6b, 7f, 73, cd, 51, 47, 71, e4, f6, 1a, 3a, 2f, dd, b3, 76, ba, 9d, e9, d6, d1, 90, 14, 66, 59, 89, 6e, 65, 6a, 99, fb, bd, aa, 9c, 39, 0f, 8e, 8a, 3f, fe, 93, 0d, c3, 51, b7, 11, 51, de, 70, 35, 08, cd, aa, fe, a4, cd, a4, de, 4f]] } }
[2m2026-09-14T10:30:20.680116Z[0m [31mERROR[0m codec_extension ThreadId(12) [2mzenoh_codec::common::extension[0m[2m:[0m Unknown Test ext: ZExtUnknown { Id: 2, Mandatory: true, Encoding: "ZBuf", Value: ZBuf { slices: [[f6, 90, 96, 0d, 86, d4, 7f, 24, 5f, 7f, 71, 25, 55, d2, 06, 04, 6e]] } }
[2m2026-09-14T10:30:20.680137Z[0m [31mERROR[0m codec_extension ThreadId(12) [2mzenoh_codec::common::extension[0m[2m:[0m Unknown Test ext: ZExtUnknown { Id: 2, Mandatory: true, Encoding: "ZBuf", Value: ZBuf { slices: [[1f, 6f, 16, 70, 02, 2d, 70, af, 8a, 77, fb, e9, cc, 9a, 2d, 34, cc, 45, fb, ce, 7e, 15, de, dd, 39, cc, 3a, 6a, 8f, d2, 3d, a0, 63, fe, 73, 99, 57, 07, 28, 94, 01, e9, 04, 78, 92, ec, 05, 65, 33, e8, c9]] } }
[2m2026-09-14T10:30:20.680146Z[0m [31mERROR[0m codec_extension ThreadId(12) [2mzenoh_codec::common::extension[0m[2m:[0m Unknown Test ext: ZExtUnknown { Id: 2, Mandatory: true, Encoding: "ZBuf", Value: ZBuf { slices: [[f8, 37, 84, be, ca, a5, ed, 4e, cd, 5b, 99, eb, 96, 2a, 9d, 9b, fa, 97, 58, e6, ea, bb, 94, b7, 4d, 0c, c7, c1, d8, 99, 72, 5f, b1, 30, c7, 77, 00, 10, 0c, 58, 79]] } }
[2m2026-09-14T10:30:20.680167Z[0m [31mERROR[0m codec_extension ThreadId(12) [2mzenoh_codec::common::extension[0m[2m:[0m Unknown Test ext: ZExtUnknown { Id: 2, Mandatory: true, Encoding: "ZBuf", Value: ZBuf { slices: [[a4, d9, 9a, 93, 46, 96, fa, 74, b8, 93, bd, 36, cb, 4e, a1, e4, 1e, 84, 1e, 75, 02, 52, d9, b6, 2f, b4, 82, ed, ed, 4e, 73, d4, ef, 45, a0, f6, ae, 6c, ad, 42, fe, 7d, e0, 89]] } }
[2m2026-09-14T10:30:20.680192Z[0m [31mERROR[0m codec_extension ThreadId(12) [2mzenoh_codec::common::extension[0m[2m:[0m Unknown Test ext: ZExtUnknown { Id: 2, Mandatory: true, Encoding: "ZBuf", Value: ZBuf { slices: [[73, ea, 99, 39, b2, 7f, a9, 8a, 67, 29, e5, b0, 65, 0a, d9, 9b, d7, 88, 38, 77, c1, 21, d6, b0, ab]] } }
[2m2026-09-14T10:30:20.680200Z[0m [31mERROR[0m codec_extension ThreadId(12) [2mzenoh_codec::common::extension[0m[2m:[0m Unknown Test ext: ZExtUnknown { Id: 2, Mandatory: true, Encoding: "ZBuf", Value: ZBuf { slices: [[a7, f7, 7e, 8a, ce, 7d, 77, 30, 7d, 9b, d2, c7, 57, c1, 43, c6, a2, 93, a9, 59, 20, a4, bb, 48, 80, e2, 29, a2, a0, 4e]] } }
[2m2026-09-14T10:30:20.680240Z[0m [31mERROR[0m codec_extension ThreadId(12) [2mzenoh_codec::common::extension[0m[2m:[0m Unknown Test ext: ZExtUnknown { Id: 2, Mandatory: true, Encoding: "ZBuf", Value: ZBuf { slices: [[c6, 76, 98, eb, 14, d7, 99, 77, df, 37, 4d, a6, 14, 6a, 81, 8c, 33, 9c, ca, 3c, 87, 0d, 0b, 24, 46, c1, e9, 2a, a2, ee, 5e, 68, 16, cd, 01]] } }
[2m2026-09-14T10:30:20.680264Z[0m [31mERROR[0m codec_extension ThreadId(12) [2mzenoh_codec::common::extension[0m[2m:[0m Unknown Test ext: ZExtUnknown { Id: 2, Mandatory: true, Encoding: "ZBuf", Value: ZBuf { slices: [[21, 08, c7, 0a, cd, 16, 14, 90, 80, 90, 0e, f3, 87, 1d, d6, 8d, 0b, 85, 9c, 76, 9f, b2, 17, 76, 08, d7, ef, 8b, 5e, b0, 02, 93, 8d, 1d, 97, be, d0, 9b, 59, 9b, 26, 6b, 59, 25, 75, da, c7, 6a, ad, 4e, 94, 9c, bc, b2, 17, fe, 20, 83, 27]] } }
[2m2026-09-14T10:30:20.680273Z[0m [31mERROR[0m codec_extension ThreadId(12) [2mzenoh_codec::common::extension[0m[2m:[0m Unknown Test ext: ZExtUnknown { Id: 2, Mandatory: true, Encoding: "ZBuf", Value: ZBuf { slices: [[aa, 39, 11, 56, 5f, 16, 8d, ac, 6b, 4e, 6b, 7d, bb, 41, 85, 4c, a3, 22, a7, 18, c0, 16]] } }
[2m2026-09-14T10:30:20.680293Z[0m [31mERROR[0m codec_extension ThreadId(12) [2mzenoh_codec::common::extension[0m[2m:[0m Unknown Test ext: ZExtUnknown { Id: 2, Mandatory: true, Encoding: "ZBuf", Value: ZBuf { slices: [[0c, 9f, 93, 15, 64, b1, b9, 69, 69, 1a, 3b, 08, eb, 91, c3, 1e, 37, b7, 4c, 0e, d1, bb, 65, 90, cf, 30, 28, 0c, 50, be, 45, bd, fc, 38, 54, 99, d5, 82]] } }
[2m2026-09-14T10:30:20.680316Z[0m [31mERROR[0m codec_extension ThreadId(12) [2mzenoh_codec::common::extension[0m[2m:[0m Unknown Test ext: ZExtUnknown { Id: 2, Mandatory: true, Encoding: "ZBuf", Value: ZBuf { slices: [[3f, 95, 6c, e9, 34, 07, 94, 19, 3f, c2, c7, 75, 7a, 31, 47, 36, 39, b9, c3, 1d, b7, 76, aa, 11, 0c, a0, 1e, cb, 6c, 2a, 99, 3c, 08, 2a, 21, 17, 04, c4, a2, 4d, c4, ec, 89, 6b, 35, bd]] } }
[2m2026-09-14T10:30:20.680322Z[0m [31mERROR[0m codec_extension ThreadId(12) [2mzenoh_codec::common::extension[0m[2m:[0m Unknown Test ext: ZExtUnknown { Id: 2, Mandatory: true, Encoding: "ZBuf", Value: ZBuf { slices: [[0b, 20, 17, 71, 3c, f2, 0a, 3e, 80, 73, 93, bd, 65, 9b, bf, 4c, b8, be, 21, 84, dc, 8d, 21, 01, ab, 35, 4d, 65, 6b, 85, 78, 13, 56, 9e, d8, aa, 0b, 70, 71, db, 53, 75, cd, f7, ef, 3b, 0d, 5e, 97, 28, 8a, 00, 74]] } }
[2m2026-09-14T10:30:20.680345Z[0m [31mERROR[0m codec_extension ThreadId(12) [2mzenoh_codec::common::extension[0m[2m:[0m Unknown Test ext: ZExtUnknown { Id: 2, Mandatory: true, Encoding: "ZBuf", Value: ZBuf { slices: [[e3, 86, a4, d3, 8d, d8, 92, ec, c6, e5, 26, 39, 4c, 01, cb, d2, 57]] } }
[2m2026-09-14T10:30:20.680353Z[0m [31mERROR[0m codec_extension ThreadId(12) [2mzenoh_codec::common::extension[0m[2m:[0m Unknown Test ext: ZExtUnknown { Id: 2, Mandatory: true, Encoding: "ZBuf", Value: ZBuf { slices: [[aa, 2b, fd, 44, 54, 13, dc, dc, 80, ab, 7d, 2e, 50, e5, 96, bb, 55, 8b, 71]] } }
[2m2026-09-14T10:30:20.680374Z[0m [31mERROR[0m codec_extension ThreadId(12) [2mzenoh_codec::common::extension[0m[2m:[0m Unknown Test ext: ZExtUnknown { Id: 2, Mandatory: true, Encoding: "ZBuf", Value: ZBuf { slices: [[ec, e1, 24, 3b, a7, fb, 31, 9a, 06, 6c, 9a, 69, d2, 00, 9f, 11, b1, a0, 02, ff, d7, cb, 72, 9a, 27, 0e, dd, f5, de, 1b, 65, 3b, 16, a2, 76, dd, ca, 93, 93, ad, 9a, 26, 0a, 96, 01, dd]] } }
[2m2026-09-14T10:30:20.680397Z[0m [31mERROR[0m codec_extension ThreadId(12) [2mzenoh_codec::common::extension[0m[2m:[0m Unknown Test ext: ZExtUnknown { Id: 2, Mandatory: true, Encoding: "ZBuf", Value: ZBuf { slices: [[ec, 45, 79, 34, 05, b6, 51, 28, 46, be, d7, de, e3, c4, 9d, cb, d1, 9e, 4f, d6, af, c3, e9, c2, 49, 3e, 1e, f9, 51, 43, 3b, 95, 16, c4, 1b, c2, 87, 28, a1, dc, 3e, 40, c6, 02, 50, 16, d8, 26, f3, 38, 18, 96, 09, 9e, 51, e5, 79, 72]] } }
[2m2026-09-14T10:30:20.680404Z[0m [31mERROR[0m codec_extension ThreadId(12) [2mzenoh_codec::common::extension[0m[2m:[0m Unknown Test ext: ZExtUnknown { Id: 2, Mandatory: true, Encoding: "ZBuf", Value: ZBuf { slices: [[f6, d5, d1, 93, 34, cc, ad, df, 4e, f8, 40, fb, f3, ea, 55, 29, 10, 4d, c3, 00, 67, a8, fa, ce, ed, c0, b8, 18, 9f, c2, 15]] } }
[2m2026-09-14T10:30:20.680425Z[0m [31mERROR[0m codec_extension ThreadId(12) [2mzenoh_codec::common::extension[0m[2m:[0m Unknown Test ext: ZExtUnknown { Id: 2, Mandatory: true, Encoding: "ZBuf", Value: ZBuf { slices: [[27, 8d, 34, 39, 58, 35, f4, 81, f0, 8e, 30, ea, a1, 65, 87, 4c, 24, 89, 00, 60, ef, 33, 4b, 80, 57, 20, ab, 41, 88, 56, 9c, e3, 08, 8f, ee, ce, dc, 36, e1, a5, 12, d5, 9b, d4, 70, 67, 92, 55, c3, 37, 8a, fa, a5, 22, b5, 47, e8, d1, e2, 53, b3]] } }
[2m2026-09-14T10:30:20.680447Z[0m [31mERROR[0m codec_extension ThreadId(12) [2mzenoh_codec::common::extension[0m[2m:[0m Unknown Test ext: ZExtUnknown { Id: 2, Mandatory: true, Encoding: "ZBuf", Value: ZBuf { slices: [[b5, 3f, b9, 84, fe, 98, 6a, de, a4, d9, c1, ff, b1, 95, cc, 1f, 22, 01, 7a, 40]] } }
[2m2026-09-14T10:30:20.680453Z[0m [31mERROR[0m codec_extension ThreadId(12) [2mzenoh_codec::common::extension[0m[2m:[0m Unknown Test ext: ZExtUnknown { Id: 2, Mandatory: true, Encoding: "ZBuf", Value: ZBuf { slices: [[f2, e9, f8, f4, 63, 18, ef, db, 37, 2b, 2c, 6f, ef, 89, 12, 58, 67, d2, a4, c1, d1, a5, 7f, 45, 81, 0a, 03, 8e, a4, 16, ef]] } }
[2m2026-09-14T10:30:20.680473Z[0m [31mERROR[0m codec_extension ThreadId(12) [2mzenoh_codec::common::extension[0m[2m:[0m Unknown Test ext: ZExtUnknown { Id: 2, Mandatory: true, Encoding: "ZBuf", Value: ZBuf { slices: [[e4, d3, 71, 61, fb, fb, 35, e8, 5b, e6, 33, 9e, ab, 28, 7f, 46, 25, 4d, be, ac, 8f, 7a, a4, 57, 05, 42, 96, 3b, d5, 63, 3e, 11, e8, e4, 85, 29, 4a, b0, eb, b5, bb, f9, b5]] } }
[2m2026-09-14T10:30:20.680479Z[0m [31mERROR[0m codec_extension ThreadId(12) [2mzenoh_codec::common::extension[0m[2m:[0m Unknown Test ext: ZExtUnknown { Id: 2, Mandatory: true, Encoding: "ZBuf", Value: ZBuf { slices: [[c9, 70, d2, ff, ec, d6, 54, 8d, 0f, 8a, 1f, 2e, 3f, 31, 03, ff, 47, db, 59, 29, 6d, f6, 84, 03, 8c, ed]] } }
[2m2026-09-14T10:30:20.680498Z[0m [31mERROR[0m codec_extension ThreadId(12) [2mzenoh_codec::common::extension[0m[2m:[0m Unknown Test ext: ZExtUnknown { Id: 2, Mandatory: true, Encoding: "ZBuf", Value: ZBuf { slices: [[2a, 5c, 8d, 27, 32, 11, 0f, a4, ac, 95, 9f, 54, d0]] } }
[2m2026-09-14T10:30:20.680503Z[0m [31mERROR[0m codec_extension ThreadId(12) [2mzenoh_codec::common::extension[0m[2m:[0m Unknown Test ext: ZExtUnknown { Id: 2, Mandatory: true, Encoding: "ZBuf", Value: ZBuf { slices: [[bb, 77, 46, c9, 4e, 40, 28, df, 43, d6, 60, b6, 14, d2, 96, 86, d4, db, 7f, 81, 3b, b6]] } }
[2m2026-09-14T10:30:20.680522Z[0m [31mERROR[0m codec_extension ThreadId(12) [2mzenoh_codec::common::extension[0m[2m:[0m Unknown Test ext: ZExtUnknown { Id: 2, Mandatory: true, Encoding: "ZBuf", Value: ZBuf { slices: [[fe, 3f, bc, 31, 35, 8a, 25, be, f4, 33, 9b, c9, 62, 65, 37, c4, 3b, 4b, 92, 0a, fd, a3, 46, 63, c5, 71, a4, 6c, 01, 3e, 7b, 54, dd, f5, b1, 75, f3, 0a, 88, a2, 49, 69, d2, 21, bd, af, d5, 8b, 59, 6a, d5, d7, fe, c2, 72, c0, 58, 4c, b0]] } }
[2m2026-09-14T10:30:20.680529Z[0m [31mERROR[0m codec_extension ThreadId(12) [2mzenoh_codec::common::extension[0m[2m:[0m Unknown Test ext: ZExtUnknown { Id: 2, Mandatory: true, Encoding: "ZBuf", Value: ZBuf { slices: [[74, d3, ff, 1a, d3, cb, c9, 00, 29, 57, 3b]] } }
[2m2026-09-14T10:30:20.680549Z[0m [31mERROR[0m codec_extension ThreadId(12) [2mzenoh_codec::common::extension[0m[2m:[0m Unknown Test ext: ZExtUnknown { Id: 2, Mandatory: true, Encoding: "ZBuf", Value: ZBuf { slices: [[c8, c6, 4c, ff, c6, 10, d6, 1d, 04, a0, 9d, 9d, 39, 05, 8b, ff, b6, b8, 82, f1, a4, 62, 13, 40, 82, 38, c0, 20, 6e, 28, f4, a8, 08, 2d, 2c, f9, 55, 95, 99, a0, 7c, bf, ad, d4, 11, b9, 38, 0e, 9d, 16]] } }
[2m2026-09-14T10:30:20.680556Z[0m [31mERROR[0m codec_extension ThreadId(12) [2mzenoh_codec::common::extension[0m[2m:[0m Unknown Test ext: ZExtUnknown { Id: 2, Mandatory: true, Encoding: "ZBuf", Value: ZBuf { slices: [[be, a9, 31, 5b, b9, 16, 2e, 95, 36, 3e]] } }
[2m2026-09-14T10:30:20.680574Z[0m [31mERROR[0m codec_extension ThreadId(12) [2mzenoh_codec::common::extension[0m[2m:[0m Unknown Test ext: ZExtUnknown { Id: 2, Mandatory: true, Encoding: "ZBuf", Value: ZBuf { slices: [[a8, 63, d9, f5, 83, 03, d5, 40, d1, 30, 0c, 89, b0]] } }
[2m2026-09-14T10:30:20.680579Z[0m [31mERROR[0m codec_extension ThreadId(12) [2mzenoh_codec::common::extension[0m[2m:[0m Unknown Test ext: ZExtUnknown { Id: 2, Mandatory: true, Encoding: "ZBuf", Value: ZBuf { slices: [[9d, c7, d5, f2, fa, 98, 34, 24, 8e, d6, 54, c8, 57, 9f, 6f, 30, 4b, 79, 31, 42, 57, f0, c5, 19, c2, 0c, 66, 30, 33, 82, 3d, 2a, b1, 6d, b9, 76, d5, 8d, 54, e9, f0, 3e, 98, 0f, c6, fa]] } }
[2m2026-09-14T10:30:20.680600Z[0m [31mERROR[0m codec_extension ThreadId(12) [2mzenoh_codec::common::extension[0m[2m:[0m Unknown Test ext: ZExtUnknown { Id: 2, Mandatory: true, Encoding: "ZBuf", Value: ZBuf { slices: [[31, 4c, 1a, 73, 72, 99, cf, d2, 00, 76, a1]] } }
[2m2026-09-14T10:30:20.680605Z[0m [31mERROR[0m codec_extension ThreadId(12) [2mzenoh_codec::common::extension[0m[2m:[0m Unknown Test ext: ZExtUnknown { Id: 2, Mandatory: true, Encoding: "ZBuf", Value: ZBuf { slices: [[32, 31, cf, a9, e2, d0, d4, 33]] } }
[2m2026-09-14T10:30:20.680609Z[0m [31mERROR[0m codec_extension ThreadId(12) [2mzenoh_codec::common::extension[0m[2m:[0m Unknown Test ext: ZExtUnknown { Id: 2, Mandatory: true, Encoding: "ZBuf", Value: ZBuf { slices: [[11, 11, 82, 74, 57, f8, 3a, 71, 08, 2c, 7f, fa, d3, de, 2b, ed, 95, 16, 2e, d8, bb, 9a, c9, e0, be, 4c, b2, 1d, 72, 6b, 11, c9, 5c, e0]] } }
[2m2026-09-14T10:30:20.680629Z[0m [31mERROR[0m codec_extension ThreadId(12) [2mzenoh_codec::common::extension[0m[2m:[0m Unknown Test ext: ZExtUnknown { Id: 2, Mandatory: true, Encoding: "ZBuf", Value: ZBuf { slices: [[67, c0, e8, 66, b0, d9, 2d, 89, cf, 95, 61, 31, 63, 80, e7, c7, 31, 53, e6, 63, b7, 75, 02, 2b, 1d, ad, 7b, 4b, 4b, 28, d4, bb, 7d, e0, 80]] } }
[2m2026-09-14T10:30:20.680635Z[0m [31mERROR[0m codec_extension ThreadId(12) [2mzenoh_codec::common::extension[0m[2m:[0m Unknown Test ext: ZExtUnknown { Id: 2, Mandatory: true, Encoding: "ZBuf", Value: ZBuf { slices: [[64, 81, 48, 23, 16, c3, 51, 9b, 9a, b3, 62, 9a, 96, 97, 77, 48, 7a, 43, 93, 98, af, f5, b4, 28, 30]] } }
[2m2026-09-14T10:30:20.680655Z[0m [31mERROR[0m codec_extension ThreadId(12) [2mzenoh_codec::common::extension[0m[2m:[0m Unknown Test ext: ZExtUnknown { Id: 2, Mandatory: true, Encoding: "ZBuf", Value: ZBuf { slices: [[7e, ec, dd, 0e, 61, 40, bd, 7f, cc, 8c, 7a, ca, 25, 3c, f4, 29, 82, c3, 51, 05, f0, 6a, 4f, 4b, 80, e2, d9, f4, 7f, a8, ab, 74, 04, 06, a3, 98, c4, c2, da, 38, d5, 81, 5c, 04, d0, e6, 59, 71, 44, f7, 5c, 5b, 82, a0, 08]] } }
[2m2026-09-14T10:30:20.680677Z[0m [31mERROR[0m codec_extension ThreadId(12) [2mzenoh_codec::common::extension[0m[2m:[0m Unknown Test ext: ZExtUnknown { Id: 2, Mandatory: true, Encoding: "ZBuf", Value: ZBuf { slices: [[61, 87, 2f, 6b, b0, a8, 2c, 0d, 5e, 4b, ac, 18, db, b5, a3, 22, fc, 4c, 25, c2, 28, 77, b6, 9f, 15, 60, fa, 34, dc, b5, 0d, c6, b8, c9, 50, 9f, 59, ee, 43, dd, cd, 3f, 5f, 2f, 91, 20, 01, c4, 3d, 9d, b8, cc, 78, 93, 13, 92, 68]] } }
[2m2026-09-14T10:30:20.680700Z[0m [31mERROR[0m codec_extension ThreadId(12) [2mzenoh_codec::common::extension[0m[2m:[0m Unknown Test ext: ZExtUnknown { Id: 2, Mandatory: true, Encoding: "ZBuf", Value: ZBuf { slices: [[07, 42, 69, 6a, c0, ef, 90, f4, cc, 1a, a0, 57, cf, a7, 40, 38, b4, 48, 89, c7, ab, 67, 12, f8, 1a, 5d, 9a]] } }
[2m2026-09-14T10:30:20.680706Z[0m [31mERROR[0m codec_extension ThreadId(12) [2mzenoh_codec::common::extension[0m[2m:[0m Unknown Test ext: ZExtUnknown { Id: 2, Mandatory: true, Encoding: "ZBuf", Value: ZBuf { slices: [[39, 64, e7, 84, e7, 38, b1, 83, d3, 40, 8e, c5, 0c, 23, 33, 99, 97, 32, 1e, a7, 47, 7d, e2, 33, 2b, ed, d4, 7e, 86, 1d, c2]] } }
[2m2026-09-14T10:30:20.680726Z[0m [31mERROR[0m codec_extension ThreadId(12) [2mzenoh_codec::common::extension[0m[2m:[0m Unknown Test ext: ZExtUnknown { Id: 2, Mandatory: true, Encoding: "ZBuf", Value: ZBuf { slices: [[dc, 02, 6a, 51, b5, 1d, f9, e0, d8, eb, cf, 00, 1c, 07, 6b, 53, 83, 91, 07, d6, 39, 13, 9f, 27]] } }
[2m2026-09-14T10:30:20.680732Z[0m [31mERROR[0m codec_extension ThreadId(12) [2mzenoh_codec::common::extension[0m[2m:[0m Unknown Test ext: ZExtUnknown { Id: 2, Mandatory: true, Encoding: "ZBuf", Value: ZBuf { slices: [[d6, 5f, 0a, cb, 4d, eb, 40, 97, bf, 56, ce, 02, d3, 1c, 7f, 49, 3e, fe, 5a, 56, 06, 33, c4, ff, 5b, 19, ee, 2d, 27, 76, a5, de, 14, d0, e3, a9, 14, 9f, 85, 07, 6d, 6d, 5a, 23, 70, 23, e9, b8, 41, da, 88, 61, 8e, 19]] } }
[2m2026-09-14T10:30:20.680756Z[0m [31mERROR[0m codec_extension ThreadId(12) [2mzenoh_codec::common::extension[0m[2m:[0m Unknown Test ext: ZExtUnknown { Id: 2, Mandatory: true, Encoding: "ZBuf", Value: ZBuf { slices: [[3e, 56, fe, 68, 14, 46, a7, b6, 3d, 56, 85, 70, 85, 30, b8, ad, 8a, 87, b5, f8, 85, 55, 86, a8, 57, 31, 5c, 88, 9b, 19, 93, b9, 8c, 5e, bd, b2, f8, 56, e6, 35, bd, a4, a6, c2, 28, 36, 36, 7c, 3a, 0a, b6, 80, 73, ef, ce, f1, 41, 6e]] } }
[2m2026-09-14T10:30:20.680778Z[0m [31mERROR[0m codec_extension ThreadId(12) [2mzenoh_codec::common::extension[0m[2m:[0m Unknown Test ext: ZExtUnknown { Id: 2, Mandatory: true, Encoding: "ZBuf", Value: ZBuf { slices: [[e5, 8a, 18, 0e, f5, 11, ce, 31, cc, b1, e4, 4f, 29, c3, 59, 91, c3, 92, eb, d0, 16, 61, 6e, 83, 06, c2, f2, ea, 6b, e2, 6a, 78, 14, ae, cf, 89, 3c, 63, 16, 33, 6f, ff, da, c4, 97, 5c, 2d, fa, 30, f1, c8, 16, 6a, 20, b8, 1d, c5, b7, 11, 6e]] } }
[2m2026-09-14T10:30:20.680800Z[0m [31mERROR[0m codec_extension ThreadId(12) [2mzenoh_codec::common::extension[0m[2m:[0m Unknown Test ext: ZExtUnknown { Id: 2, Mandatory: true, Encoding: "ZBuf", Value: ZBuf { slices: [[17, 51, 3d, 09, 9c, 32, 43, 79, 8b, 1b, 37, 35, 03]] } }
[2m2026-09-14T10:30:20.680805Z[0m [31mERROR[0m codec_extension ThreadId(12) [2mzenoh_codec::common::extension[0m[2m:[0m Unknown Test ext: ZExtUnknown { Id: 2, Mandatory: true, Encoding: "ZBuf", Value: ZBuf { slices: [[0d, 2d, b7, 5c, a8, a6, 3a, 95, 9e, 2e, bf, fe, 3c, 4d, af, 00, c6, 63, 5d, e7, f8, 5a, 8d, c8, d9, 04, c8, 89, c4, 49, cf, 0a, 8e, 69, 78, df, c3, e4, 4d, a3, be, be, 56, 1e, 76, 59, bf]] } }
[2m2026-09-14T10:30:20.680827Z[0m [31mERROR[0m codec_extension ThreadId(12) [2mzenoh_codec::common::extension[0m[2m:[0m Unknown Test ext: ZExtUnknown { Id: 2, Mandatory: true, Encoding: "ZBuf", Value: ZBuf { slices: [[37, 30, 04, f0, 21, 5f, fa, db, 22, c1, 73]] } }
[2m2026-09-14T10:30:20.680851Z[0m [31mERROR[0m codec_extension ThreadId(12) [2mzenoh_codec::common::extension[0m[2m:[0m Unknown Test ext: ZExtUnknown { Id: 2, Mandatory: true, Encoding: "ZBuf", Value: ZBuf { slices: [[d9, eb, 1c, 01, 92, 72, 70, 67, cf, b6, 97, 3f, c8, 65, 27, e2, 64, c9, 15, 91, d3, d0, ad, 0d, 84, 02, c8, 5b, 9f, 98, ba, df, f1, 40, c0, a6, 33, fb, 66, d9, 51, e3, d3, 0f, 4f, 83, 32, d6, c8, 34, 6e, cb, e5, 72, e3, a2]] } }
[2m2026-09-14T10:30:20.680858Z[0m [31mERROR[0m codec_extension ThreadId(12) [2mzenoh_codec::common::extension[0m[2m:[0m Unknown Test ext: ZExtUnknown { Id: 2, Mandatory: true, Encoding: "ZBuf", Value: ZBuf { slices: [[3c, bf, 8e, a4, e2, c7, 44, 42, c6, 25, d0, b6, 77, fd, a0, bc, e9, 04, 78, 54, aa, 56, a6, 8c, 68, 0a, bf, 62, 49, 44, 5e, 90, e4, 67, 18, ee, bc, 8f, 39, 02, 7a, df, ff, 59, ce, 0b, 6e, d4]] } }
[2m2026-09-14T10:30:20.680880Z[0m [31mERROR[0m codec_extension ThreadId(12) [2mzenoh_codec::common::extension[0m[2m:[0m Unknown Test ext: ZExtUnknown { Id: 2, Mandatory: true, Encoding: "ZBuf", Value: ZBuf { slices: [[80, eb, b4, af, d0, d1, ea, d2, 7e, 39, ff, ba, 2f, 2b, 4d, 6e, 3d, ef, c2, cc, d6]] } }
[2m2026-09-14T10:30:20.680903Z[0m [31mERROR[0m codec_extension ThreadId(12) [2mzenoh_codec::common::extension[0m[2m:[0m Unknown Test ext: ZExtUnknown { Id: 2, Mandatory: true, Encoding: "ZBuf", Value: ZBuf { slices: [[ff, 9e, cb, 28, 98, af, 2b, c7, e2, 78, ff, e1, 71, 39, 0b, 80, 14, 3e, 44, b1, 4d, b3, 58, cf, fe, 9e, c9, b4, f7, 9e, 80, 24, da, e5, 40, f1, 0c, 94, 12, b4, a2, 3c, fa, 4c, 76, 5b, 45, 67, 77, 96, 85, d7, 77, 28, 88, f9]] } }
[2m2026-09-14T10:30:20.680913Z[0m [31mERROR[0m codec_extension ThreadId(12) [2mzenoh_codec::common::extension[0m[2m:[0m Unknown Test ext: ZExtUnknown { Id: 2, Mandatory: true, Encoding: "ZBuf", Value: ZBuf { slices: [[92, 0d, cf, 6e, 47, c8, 04, 7f, 49, 5b, ae, 26, be, 29, 87, 1e, 7d, 0f, 0d, a0, 01, 39, 65, 3b, 26, 99, 37, 50, 36, cf, b3, d7]] } }
[2m2026-09-14T10:30:20.680932Z[0m [31mERROR[0m codec_extension ThreadId(12) [2mzenoh_codec::common::extension[0m[2m:[0m Unknown Test ext: ZExtUnknown { Id: 2, Mandatory: true, Encoding: "ZBuf", Value: ZBuf { slices: [[9f, 8e, 55, 47, 9e, b8, 12, aa, f5, 3a, 0a, 1a, af, b4, 46, 6f, b5, 41, 60, 5c, bf, 20, 72, fc, 05, ff, 53, 20, 43, 9c, 8b, 18, 01, b4, a2, 93, 07, 7d, d6, 9a, 84, 4d, e4, 9b]] } }
[2m2026-09-14T10:30:20.680941Z[0m [31mERROR[0m codec_extension ThreadId(12) [2mzenoh_codec::common::extension[0m[2m:[0m Unknown Test ext: ZExtUnknown { Id: 2, Mandatory: true, Encoding: "ZBuf", Value: ZBuf { slices: [[b9, 5e, 4f, 68, 4b, 8f, ee, 04, 05, 4a, d6, f2, 6f, 8c, 28, 5a, fc, 4c, 0a, 88, 61, 03, c1, 26, 5e, a6, b3, ff, 0b]] } }
[2m2026-09-14T10:30:20.680961Z[0m [31mERROR[0m codec_extension ThreadId(12) [2mzenoh_codec::common::extension[0m[2m:[0m Unknown Test ext: ZExtUnknown { Id: 2, Mandatory: true, Encoding: "ZBuf", Value: ZBuf { slices: [[ac, 7d, 83, 02, a7, b4, 66, 7d, 3e, 06, 40, 2a, ea, 3b, 57, 41, 1d, 3b, 1c, 6c, 48, 0e, 1b, b3]] } }
[2m2026-09-14T10:30:20.680966Z[0m [31mERROR[0m codec_extension ThreadId(12) [2mzenoh_codec::common::extension[0m[2m:[0m Unknown Test ext: ZExtUnknown { Id: 2, Mandatory: true, Encoding: "ZBuf", Value: ZBuf { slices: [[1f, 4c, b8, 9f, e5, a4, bd, 9f, 70, 3a, 32, 64, 97, 17, dc, 8b, 46]] } }
[2m2026-09-14T10:30:20.680985Z[0m [31mERROR[0m codec_extension ThreadId(12) [2mzenoh_codec::common::extension[0m[2m:[0m Unknown Test ext: ZExtUnknown { Id: 2, Mandatory: true, Encoding: "ZBuf", Value: ZBuf { slices: [[1d, 25, 2b, ac, 1e, 1b, 34, 93, b5, 13, 89, f3, f4, fb, b4, d0, 1b, a8, d8, ff, 33, f7, 5f, 9b, 55, ff, a2, 93, b4, 8e, 4d, d4, 14, 89, 63, c5, 79, 5b, d4, 05, ef, 54, ab, cf, 10, f6, 17, dd, ee, bd, 44, ff, 5a, b5]] } }
[2m2026-09-14T10:30:20.681006Z[0m [31mERROR[0m codec_extension ThreadId(12) [2mzenoh_codec::common::extension[0m[2m:[0m Unknown Test ext: ZExtUnknown { Id: 2, Mandatory: true, Encoding: "ZBuf", Value: ZBuf { slices: [[7c, e2, d4, 53, 6f, 53, 44, c1, 15, 5c, 45, c6, 58, d5, f4, 85, c5, 39, 49, bf, dc, 15, 92, b2, ac, 32, 34, eb, 54, 28, dd, 4d, 15, e1, 07, 0e, f1, e3, 7e, cc, 1a, 55, b5, 1a, 2e, 8e, 78]] } }
[2m2026-09-14T10:30:20.681012Z[0m [31mERROR[0m codec_extension ThreadId(12) [2mzenoh_codec::common::extension[0m[2m:[0m Unknown Test ext: ZExtUnknown { Id: 2, Mandatory: true, Encoding: "ZBuf", Value: ZBuf { slices: [[ff, 38, e0, 3e, 8a, ba, 2f, a2, 03, 99]] } }
[2m2026-09-14T10:30:20.681035Z[0m [31mERROR[0m codec_extension ThreadId(12) [2mzenoh_codec::common::extension[0m[2m:[0m Unknown Test ext: ZExtUnknown { Id: 2, Mandatory: true, Encoding: "ZBuf", Value: ZBuf { slices: [[bb, 97, bd, 2b, 00, 1a, 1c, 7b, a2, 04, 98, 5f, 24, e3, a4, 16, 06, 5e, 5f, 8e, d6, 21, f9, b3, a9, 1f, f8, 3c, ad, e9, 65, a6, 91, c5, 68, d9, b5, cc, f4]] } }
[2m2026-09-14T10:30:20.681045Z[0m [31mERROR[0m codec_extension ThreadId(12) [2mzenoh_codec::common::extension[0m[2m:[0m Unknown Test ext: ZExtUnknown { Id: 2, Mandatory: true, Encoding: "ZBuf", Value: ZBuf { slices: [[2c, 8f, e9, 76, 95, fb, 7d, c4, b1, c6, 39, 13, 38, 94, 57, cd, a6, ae, 09, ef, 23]] } }
[2m2026-09-14T10:30:20.681066Z[0m [31mERROR[0m codec_extension ThreadId(12) [2mzenoh_codec::common::extension[0m[2m:[0m Unknown Test ext: ZExtUnknown { Id: 2, Mandatory: true, Encoding: "ZBuf", Value: ZBuf { slices: [[f1, 30, d0, 6c, 6b, 1b, a1, 63, d5, d6, cd, 5e, 77, 62, 0e, f0, 68, 94, c2, 63, 5d, 08, 4b, 7a, 54, d0, 47, 22, 59, 46, 43, 44, fc, 7f, 46, 57, 7a, 60, cd, ad, 52, 7d, 82, d8, 87, 97, 72, 99, 21, 32, 76, 99, e0, a6, fd, b1, 2a]] } }
[2m2026-09-14T10:30:20.681090Z[0m [31mERROR[0m codec_extension ThreadId(12) [2mzenoh_codec::common::extension[0m[2m:[0m Unknown Test ext: ZExtUnknown { Id: 2, Mandatory: true, Encoding: "ZBuf", Value: ZBuf { slices: [[22, 17, 33, 95, 8a, a9, c7, 6e, 56, 89, c3, 2c, 15, 54, 81, 4d, 6d, 61, d2, ad, 1d, 45, f7, 9b, 10, 63, 8b, 65, 6a, ed, ce, a3, ad, b9, 69, a1, a7, b2, 2e, 10, 39, 1f]] } }
[2m2026-09-14T10:30:20.681099Z[0m [31mERROR[0m codec_extension ThreadId(12) [2mzenoh_codec::common::extension[0m[2m:[0m Unknown Test ext: ZExtUnknown { Id: 2, Mandatory: true, Encoding: "ZBuf", Value: ZBuf { slices: [[86, df, 03, ef, a7, 7e, 7c, c1, 37, 32, 9a, 6a, c4, a2, 61, 7f, dd, 72, d6, 9b, 3a, 33, c1, bc, d5, 35, e6, 00, 19, d2, 1b, 74, 9b, 10, 10, e1, 19, ee, d3]] } }
[2m2026-09-14T10:30:20.681122Z[0m [31mERROR[0m codec_extension ThreadId(12) [2mzenoh_codec::common::extension[0m[2m:[0m Unknown Test ext: ZExtUnknown { Id: 2, Mandatory: true, Encoding: "ZBuf", Value: ZBuf { slices: [[db, 6e, bd, f1, 04, be, 39, 99, 25, 35, 04]] } }
[2m2026-09-14T10:30:20.681128Z[0m [31mERROR[0m codec_extension ThreadId(12) [2mzenoh_codec::common::extension[0m[2m:[0m Unknown Test ext: ZExtUnknown { Id: 2, Mandatory: true, Encoding: "ZBuf", Value: ZBuf { slices: [[ef, cc, 74, cc, 2a, 35, 52, 07, 87, 0a, e6, d6, 96, 1b, 60, 5d, a5, b1, 91, ae, 0a, e2, 9e, 32, 24, c9, 0e, 69]] } }
[2m2026-09-14T10:30:20.681189Z[0m [31mERROR[0m codec_extension ThreadId(12) [2mzenoh_codec::common::extension[0m[2m:[0m Unknown Test ext: ZExtUnknown { Id: 2, Mandatory: true, Encoding: "ZBuf", Value: ZBuf { slices: [[62, 7f, 3f, c2, d7, 1b, 7d, bf, 0b, 0a, 70, 71, 12, 64, de, 51, dd, 0b, 65, 7b, 87, c5, c8, 57, 69, dc, 51, 61, cf, 73, d2, 67, bf, 35, bc]] } }
[2m2026-09-14T10:30:20.681249Z[0m [31mERROR[0m codec_extension ThreadId(12) [2mzenoh_codec::common::extension[0m[2m:[0m Unknown Test ext: ZExtUnknown { Id: 2, Mandatory: true, Encoding: "ZBuf", Value: ZBuf { slices: [[74, de, 60, 0c, 9b, 45, 0f, f7, 34, a5]] } }
[2m2026-09-14T10:30:20.681259Z[0m [31mERROR[0m codec_extension ThreadId(12) [2mzenoh_codec::common::extension[0m[2m:[0m Unknown Test ext: ZExtUnknown { Id: 2, Mandatory: true, Encoding: "ZBuf", Value: ZBuf { slices: [[ed, f7, 83, 68, 73, 67, 2a, 60, dc, 5e, 75, c4, 98, a1, 7e, 91, f6, 8d, a2, f9, f2, d1, da, c0, e4, 62, d8, 4a, 52]] } }
[2m2026-09-14T10:30:20.681282Z[0m [31mERROR[0m codec_extension ThreadId(12) [2mzenoh_codec::common::extension[0m[2m:[0m Unknown Test ext: ZExtUnknown { Id: 2, Mandatory: true, Encoding: "ZBuf", Value: ZBuf { slices: [[8f, 88, b0, 82, 96, e8, b4, 1c, 24, 2b, 5c, f1, ea, f8, 78, 4c, 43, 00, e2, 2d]] } }
[2m2026-09-14T10:30:20.681305Z[0m [31mERROR[0m codec_extension ThreadId(12) [2mzenoh_codec::common::extension[0m[2m:[0m Unknown Test ext: ZExtUnknown { Id: 2, Mandatory: true, Encoding: "ZBuf", Value: ZBuf { slices: [[6d, e4, 5b, 77, 61, cf, c5, 45, 6c, 09, 3f, be, 63, d2, ae, 30, 87, 47, 02, 1e, b9, fe, a4, 6c, 39, 89, d6, 79, 3e, c3, 93, 8d, cb, e9, 31, 0c, 69, dd, e5, 49, b4]] } }
[2m2026-09-14T10:30:20.681329Z[0m [31mERROR[0m codec_extension ThreadId(12) [2mzenoh_codec::common::extension[0m[2m:[0m Unknown Test ext: ZExtUnknown { Id: 2, Mandatory: true, Encoding: "ZBuf", Value: ZBuf { slices: [[b3, 9e, 8d, 02, c4, f0, 3f, d8, a5, cf, f8, 90, 58, 03, 8a, da, 7d, f4, f0, 80, 54, 3e, 6f, 8e, 1f, b1, 98, 34, 73, c2, d3, ef, 52, c8, fc, e8, 7b, 3b, c3, 4e, 85, fa, b7, 57, 6c, 67, 6a, 72, af, d4, 47, 5e, 6d, 17, 77, bc, 2b, be, 0d, 3b]] } }
[2m2026-09-14T10:30:20.681338Z[0m [31mERROR[0m codec_extension ThreadId(12) [2mzenoh_codec::common::extension[0m[2m:[0m Unknown Test ext: ZExtUnknown { Id: 2, Mandatory: true, Encoding: "ZBuf", Value: ZBuf { slices: [[bd, 09, 4e, b3, 72, ca, 68, 8b, fc, bc, 14, 9e, ce, e8, 93, ff, 9a, 57, 48, b6, a5, 44, e4, 9d, c1, ce, d4, 9a, 64, 20, 6d, 3b, ed, a8, 5d, 58, f0, e9, 66, dc, 76, 1c, 4e, 9e, 07, 83, ab, 9d, 34, 64, 33, bf, af, 6e, 12, c2, d3, 10, f7]] } }
[2m2026-09-14T10:30:20.681363Z[0m [31mERROR[0m codec_extension ThreadId(12) [2mzenoh_codec::common::extension[0m[2m:[0m Unknown Test ext: ZExtUnknown { Id: 2, Mandatory: true, Encoding: "ZBuf", Value: ZBuf { slices: [[60, 60, 83, 55, f5, c0, 05, 36, f9, df, 66, b8, 7a, e4, c6, be, 38, f2, f6, 6a, 6e, 3e, 79, 09, 36, 4b, 11, 5d, de, 29, f7, da, 6a, 82, b8, 9f, 60, bc, a9, 42, 6f, e6, 42, 69, 43, 57, b0, 62]] } }
[2m2026-09-14T10:30:20.681386Z[0m [31mERROR[0m codec_extension ThreadId(12) [2mzenoh_codec::common::extension[0m[2m:[0m Unknown Test ext: ZExtUnknown { Id: 2, Mandatory: true, Encoding: "ZBuf", Value: ZBuf { slices: [[05, e4, 30, e5, f9, b2, 1a, 80, 21, 93, 06, 8d, 48, 4e, e1, e4, 93, 19, 81, e6, 30, 94, 31, 0a, be, e7, 1c, 6d, 71]] } }
[2m2026-09-14T10:30:20.681393Z[0m [31mERROR[0m codec_extension ThreadId(12) [2mzenoh_codec::common::extension[0m[2m:[0m Unknown Test ext: ZExtUnknown { Id: 2, Mandatory: true, Encoding: "ZBuf", Value: ZBuf { slices: [[fc, 35, ec, a1, c1, 20, 51, 42, 4e, 2c, 54, d1, e0, 98, fc, 99, 01, a9, 40, 7d, 3a, 85, 3e]] } }
[2m2026-09-14T10:30:20.681415Z[0m [31mERROR[0m codec_extension ThreadId(12) [2mzenoh_codec::common::extension[0m[2m:[0m Unknown Test ext: ZExtUnknown { Id: 2, Mandatory: true, Encoding: "ZBuf", Value: ZBuf { slices: [[ed, 67, 6a, e6, 9f, 94, e0, 28, 37, 0f, e6, 38, e8, d3, 3c, 6a, f1, da, 75, 2f, 33, ce, ef, 57, 0f, 64, ec, f6, c3, b8, bc, 45, b5, df, dc, a3, 84, 28, 2d, 73, 39, e3, 3f, e8, 4b, 02, c1, 2c, 52, 2b, 74, ea, 14, 01, 52]] } }
[2m2026-09-14T10:30:20.681438Z[0m [31mERROR[0m codec_extension ThreadId(12) [2mzenoh_codec::common::extension[0m[2m:[0m Unknown Test ext: ZExtUnknown { Id: 2, Mandatory: true, Encoding: "ZBuf", Value: ZBuf { slices: [[7b, ad, 30, 67, 69, 3d, fc, 59, 68, bf, e3, 14, 1a, 9f, 8d, 18, cf, 89, 6a, 33, 2a, a5, db, e8, ec, 1f, c1, d1, af, 5b, d6, 0c, 08, d8, 78, 14, e8, b6, 55, fb, d0, 85, c6, 26, 44, cf, d5, b5, 29, 1e, c1, ab, d9, d6, ee, 25, 9e, b4, b3, cb, ef, d1, 39]] } }
[2m2026-09-14T10:30:20.681463Z[0m [31mERROR[0m codec_extension ThreadId(12) [2mzenoh_codec::common::extension[0m[2m:[0m Unknown Test ext: ZExtUnknown { Id: 2, Mandatory: true, Encoding: "ZBuf", Value: ZBuf { slices: [[15, ab, a7, 9b, 1a, 70, 64, bc, bd, 3f, cd, f6, 48, 82, 9a, 85, 3c, d7, 37, db, fa, 2b, c0, 0a, b1, 24, 5e, 63, 3a, 00, c3, 62, ee, de, 98, c1, 88, fe, 4d, 80, 4c, a7, fb, 52, cc, 34, f0, 24, fc, e9, 04, bd]] } }
[2m2026-09-14T10:30:20.681485Z[0m [31mERROR[0m codec_extension ThreadId(12) [2mzenoh_codec::common::extension[0m[2m:[0m Unknown Test ext: ZExtUnknown { Id: 2, Mandatory: true, Encoding: "ZBuf", Value: ZBuf { slices: [[2a, 7a, b5, 17, 49, 74, 0b, fa, f5, f6, c9, a1, 77, 90, 89, 24, 92, 48, 59, c6, 46, ff, 92, b2, 6d, 6b, 5f, 01, 26, b7, 5f, e3, ed, 6d, b2, 6d, 8a, e8, 63, 03, ef, 31, 47, 8c, 45, e4, ee, 28, c6, 38, 2d, ce, d9, c3, aa]] } }
[2m2026-09-14T10:30:20.681493Z[0m [31mERROR[0m codec_extension ThreadId(12) [2mzenoh_codec::common::extension[0m[2m:[0m Unknown Test ext: ZExtUnknown { Id: 2, Mandatory: true, Encoding: "ZBuf", Value: ZBuf { slices: [[62, d7, 48, 08, 8d, 62, 61, 5f, fc, d2, 50, 91, 97, 63, 49, 07, 8d, 83, d9, 34, 73, 6f, a7, e0, b8, 4f, aa, 0b, 70, 80, 58, a6, 4b]] } }
[2m2026-09-14T10:30:20.681514Z[0m [31mERROR[0m codec_extension ThreadId(12) [2mzenoh_codec::common::extension[0m[2m:[0m Unknown Test ext: ZExtUnknown { Id: 2, Mandatory: true, Encoding: "ZBuf", Value: ZBuf { slices: [[95, 89, 0f, e3, 2e, 87, db, 47, 25, 47, fa, 30, 82, 3d, a1, d8, de, 7e, e7, 31, 8f, 6b, 70, 2c, 10, e1, c3, bf, a1, c0, 56, 2e, 8f, ad, 09, 82, c8, 7d, ce, 2b, 1d, 1c, 1a, 3c]] } }
[2m2026-09-14T10:30:20.681538Z[0m [31mERROR[0m codec_extension ThreadId(12) [2mzenoh_codec::common::extension[0m[2m:[0m Unknown Test ext: ZExtUnknown { Id: 2, Mandatory: true, Encoding: "ZBuf", Value: ZBuf { slices: [[7c, d8, 43, 46, 0b, 31, 69, 56, b5, aa, ee, f0, 10, 79, fe, 7f, 7e, d6, 27, aa, 64, af, 01, ad, a3, bc, cd, cf, 01, 92, 82, c4, 48, a6, 71, ca, 29, 41, 2c, e3, 8f, 1d, 7b, 97, 47, 58, 02, 44, e5, 66, 39, 45, 63, 72, ed, 3b, fa, 3d]] } }
[2m2026-09-14T10:30:20.681559Z[0m [31mERROR[0m codec_extension ThreadId(12) [2mzenoh_codec::common::extension[0m[2m:[0m Unknown Test ext: ZExtUnknown { Id: 2, Mandatory: true, Encoding: "ZBuf", Value: ZBuf { slices: [[ff, b6, 7f, 89, 95, 15, ab, 49, 40, f9, 76, dc, 8c, e0, d2, 81, b4, d1, be, db, a5, 61, 03, 22, f1, 4c, ab, 0b, 6f, 11, f0, 37, 54, c5, a2, 3b, 7f, 04, 0f, 4b, f6, ea, 12, 41, aa, b3, a3, 49, dd]] } }
[2m2026-09-14T10:30:20.681580Z[0m [31mERROR[0m codec_extension ThreadId(12) [2mzenoh_codec::common::extension[0m[2m:[0m Unknown Test ext: ZExtUnknown { Id: 2, Mandatory: true, Encoding: "ZBuf", Value: ZBuf { slices: [[bc, f8, 20, cf, a2, 56, eb, 6b, 57, 87, c1, cb, 0e, 52, 75, 51, f5, 9e, 56, f7, be, ad, 29, b5, f7, 0d, 54, 99, 86, 2d, 59, 8c, f2, 26, d6, 2c, 3f, 2a, b0, e0, 11, c8, c3, 58, e1, 76, cb, 14, 98, 85, 90, 20, d1, 59, 8b, ed, 80, f7, 4d, 78, 22, 85]] } }
[2m2026-09-14T10:30:20.681587Z[0m [31mERROR[0m codec_extension ThreadId(12) [2mzenoh_codec::common::extension[0m[2m:[0m Unknown Test ext: ZExtUnknown { Id: 2, Mandatory: true, Encoding: "ZBuf", Value: ZBuf { slices: [[95, 9e, b7, 9a, 64, 2c, 6d, bb, 3d, c4, 18, d2]] } }
[2m2026-09-14T10:30:20.681605Z[0m [31mERROR[0m codec_extension ThreadId(12) [2mzenoh_codec::common::extension[0m[2m:[0m Unknown Test ext: ZExtUnknown { Id: 2, Mandatory: true, Encoding: "ZBuf", Value: ZBuf { slices: [[88, 31, d6, 14, 44, e0, 11, 2b, 9d, 29, d8, 68, c1, a9, 3d, 16, 01, 89]] } }
[2m2026-09-14T10:30:20.681611Z[0m [31mERROR[0m codec_extension ThreadId(12) [2mzenoh_codec::common::extension[0m[2m:[0m Unknown Test ext: ZExtUnknown { Id: 2, Mandatory: true, Encoding: "ZBuf", Value: ZBuf { slices: [[a9, 6b, e4, 02, d2, 3d, d3, 47, 09, 96, 43, ae, 59, 56, 81, 25, 1b, 40, db, f5, 13, 7e, d9, 3d, 65, 09, 46, d3, 3c, 1c, 2d, c6, 8c, a0, c5, c9, 1f, 84, 45, 11]] } }
[2m2026-09-14T10:30:20.681631Z[0m [31mERROR[0m codec_extension ThreadId(12) [2mzenoh_codec::common::extension[0m[2m:[0m Unknown Test ext: ZExtUnknown { Id: 2, Mandatory: true, Encoding: "ZBuf", Value: ZBuf { slices: [[58, ad, 7c, 1b, a2, 8f, 19, be, e1, 1c, 12, fa, 45, c9, bb, de, 05, 19, 04, 9c, d9, 77, 2e, 5e, be, 9f, af, b8, 53, dc, 68, 46, 16, 9c, b4, 94, bb, 12, f7, 47, ae, df, 97, 8d, f9, 84, cb, 3c, a5, f9, 3e, bb, 0b, ed]] } }
[2m2026-09-14T10:30:20.681653Z[0m [31mERROR[0m codec_extension ThreadId(12) [2mzenoh_codec::common::extension[0m[2m:[0m Unknown Test ext: ZExtUnknown { Id: 2, Mandatory: true, Encoding: "ZBuf", Value: ZBuf { slices: [[05, 53, f1, 7c, 28, 77, 86, ea, 98, 2a, c3, 57, 90, f8, 91, 16, 70, c8, 1a, 50, 9b, 63, 13, 97, 36, 90, b4, c2, 66, 75, c2, da, 91, 64, d4, 38, 83, 5c, 92, ad]] } }
[2m2026-09-14T10:30:20.681675Z[0m [31mERROR[0m codec_extension ThreadId(12) [2mzenoh_codec::common::extension[0m[2m:[0m Unknown Test ext: ZExtUnknown { Id: 2, Mandatory: true, Encoding: "ZBuf", Value: ZBuf { slices: [[4d, 32, 5c, 42, 59, 15, 6b, 89, f0, 99, b8, da, e0, 48, 0b, 3e, ec, c7, 68, 74, 25, 2b, 99, 3b, 3d, be, 36, 11, be, 69, 7a, 33, a5, 71, 18, 6a, 8e, 3f, 66, e6, 7e, 21, 9a, 3d, 40, 41, c4, d9, ce, 97, 96, be, a7, ee, 44, 92, 41, d6, 00, 72]] } }
[2m2026-09-14T10:30:20.681697Z[0m [31mERROR[0m codec_extension ThreadId(12) [2mzenoh_codec::common::extension[0m[2m:[0m Unknown Test ext: ZExtUnknown { Id: 2, Mandatory: true, Encoding: "ZBuf", Value: ZBuf { slices: [[ae, 01, c2, b9, 12, 2a, df, c7, 04, 34, 15, b6, f0, 75, f9, ea, 32, 8a, ee, bd, d1, a7, 2b, 14, 93, 7d, 2c, a5, 1b, 02, 3c, 9a, 3a, 2d, 23, 1c, 6b, db, 39, 58, 8e, 62, d1, b2, d5, dc, 3f, 09, 7c, a6, 97, 53, 63, 4c, a9, 13, 19, 70, 82, 1c, 84]] } }
[2m2026-09-14T10:30:20.681706Z[0m [31mERROR[0m codec_extension ThreadId(12) [2mzenoh_codec::common::extension[0m[2m:[0m Unknown Test ext: ZExtUnknown { Id: 2, Mandatory: true, Encoding: "ZBuf", Value: ZBuf { slices: [[8e, 93, 62, 17, 42, a5, f6, 53, be, b2]] } }
[2m2026-09-14T10:30:20.681711Z[0m [31mERROR[0m codec_extension ThreadId(12) [2mzenoh_codec::common::extension[0m[2m:[0m Unknown Test ext: ZExtUnknown { Id: 2, Mandatory: true, Encoding: "ZBuf", Value: ZBuf { slices: [[4e, 32, c4, 7d, 48, 51, 40, 9e, 44, 72, 1a, 2b]] } }
[2m2026-09-14T10:30:20.681731Z[0m [31mERROR[0m codec_extension ThreadId(12) [2mzenoh_codec::common::extension[0m[2m:[0m Unknown Test ext: ZExtUnknown { Id: 2, Mandatory: true, Encoding: "ZBuf", Value: ZBuf { slices: [[7b, 13, 58, d2, 27, 6d, 65, 1d, 47, 9f, 90, 6d, fe, 17, 23, d0, 7e, 00, 64, 1e, 2b, ab, 78, 51, 16, 8e, 61, 4a, 10, 12, bf, fc, 2c, 9f, c0, e4, a4, 55, 64, a3, 82, 38, 5b, e4, b6, c0, 90, c1, 27, f7, 3a, 33, 03]] } }
[2m2026-09-14T10:30:20.681754Z[0m [31mERROR[0m codec_extension ThreadId(12) [2mzenoh_codec::common::extension[0m[2m:[0m Unknown Test ext: ZExtUnknown { Id: 2, Mandatory: true, Encoding: "ZBuf", Value: ZBuf { slices: [[c8, 0a, 3b, 5e, ff, bc, 02, 9b, 24, c0, 60, 38, 09, d2, eb, 05, 19, de, ad, 91, 62, 83, 29, b5, f9, 90, 94, 4d, 22, 4a, a4, 9f, 54, 46, 65, 9a, b9, 48, d5, 20, 33, c7, c8, a3, e9, 78, 84, 50, be, d3, 06, 5e, 14, a0, b5, c4, c8, 34, 2a]] } }
[2m2026-09-14T10:30:20.681778Z[0m [31mERROR[0m codec_extension ThreadId(12) [2mzenoh_codec::common::extension[0m[2m:[0m Unknown Test ext: ZExtUnknown { Id: 2, Mandatory: true, Encoding: "ZBuf", Value: ZBuf { slices: [[fc, f5, 07, 22, 10, 7e, 85, 16, 31, 94, 96, a9, 21, ea, 41, 49, 8e, b5, 08, e8, 3b, 61, 77, 22, d5, 82, 0f, 89, 18, da, a4, 4d, aa, 1b, 6e, 71, 7a, fe, 4f, 8e, 9b, f4, bb, 90, 8f, a4, 84, 38, 2e, d6, ca, 67, 5e, 5e, da, 24, d5, f5, 6c, 62, 52, 4c]] } }
[2m2026-09-14T10:30:20.681801Z[0m [31mERROR[0m codec_extension ThreadId(12) [2mzenoh_codec::common::extension[0m[2m:[0m Unknown Test ext: ZExtUnknown { Id: 2, Mandatory: true, Encoding: "ZBuf", Value: ZBuf { slices: [[83, 67, 59, eb, ca, e0, e7, eb, 30, 3f, 6e, 8d, 02, fd, 0d, 3a, 5a, c3, 7f, ca, 70, e2, da, c1, 9d, b3, fe]] } }
[2m2026-09-14T10:30:20.681808Z[0m [31mERROR[0m codec_extension ThreadId(12) [2mzenoh_codec::common::extension[0m[2m:[0m Unknown Test ext: ZExtUnknown { Id: 2, Mandatory: true, Encoding: "ZBuf", Value: ZBuf { slices: [[5b, 20, dd, a3, 12, 21, a1, 82, 8b, 6b, 98, 43, 60, 44, e1, 76, e5, ba, c4, 01, 0b, 9f, f0, b8, 90, 7e, c6, f9, 15, 17, d4, fe, df, 21, 61, 83, 4f, a5, 57, f2, d3, a8, 62, 36, e0, a2]] } }
[2m2026-09-14T10:30:20.685797Z[0m [31mERROR[0m codec_extension ThreadId(12) [2mzenoh_codec::common::extension[0m[2m:[0m Unknown Test ext: ZExtUnknown { Id: 13, Mandatory: true, Encoding: "Z64", Value: 4856751296821015433 }
[2m2026-09-14T10:30:20.685880Z[0m [31mERROR[0m codec_extension ThreadId(12) [2mzenoh_codec::common::extension[0m[2m:[0m Unknown Test ext: ZExtUnknown { Id: 6, Mandatory: true, Encoding: "Unit" }
[2m2026-09-14T10:30:20.685889Z[0m [31mERROR[0m codec_extension ThreadId(12) [2mzenoh_codec::common::extension[0m[2m:[0m Unknown Test ext: ZExtUnknown { Id: 7, Mandatory: true, Encoding: "Unit" }
[2m2026-09-14T10:30:20.685954Z[0m [31mERROR[0m codec_extension ThreadId(12) [2mzenoh_codec::common::extension[0m[2m:[0m Unknown Test ext: ZExtUnknown { Id: 1, Mandatory: true, Encoding: "Unit" }
[2m2026-09-14T10:30:20.685980Z[0m [31mERROR[0m codec_extension ThreadId(12) [2mzenoh_codec::common::extension[0m[2m:[0m Unknown Test ext: ZExtUnknown { Id: 2, Mandatory: true, Encoding: "Unit" }
[2m2026-09-14T10:30:20.686020Z[0m [31mERROR[0m codec_extension ThreadId(12) [2mzenoh_codec::common::extension[0m[2m:[0m Unknown Test ext: ZExtUnknown { Id: 9, Mandatory: true, Encoding: "ZBuf", Value: ZBuf { slices: [[92, 93, 12, 1a, bf, 32, 85, f0, 99, b1, e9, b3, 7e, 58, 74, d1, c4, 22, 85, 1d]] } }
[2m2026-09-14T10:30:20.686032Z[0m [31mERROR[0m codec_extension ThreadId(12) [2mzenoh_codec::common::extension[0m[2m:[0m Unknown Test ext: ZExtUnknown { Id: 11, Mandatory: true, Encoding: "Unit" }
[2m2026-09-14T10:30:20.686055Z[0m [31mERROR[0m codec_extension ThreadId(12) [2mzenoh_codec::common::extension[0m[2m:[0m Unknown Test ext: ZExtUnknown { Id: 12, Mandatory: true, Encoding: "Unit" }
[2m2026-09-14T10:30:20.686118Z[0m [31mERROR[0m codec_extension ThreadId(12) [2mzenoh_codec::common::extension[0m[2m:[0m Unknown Test ext: ZExtUnknown { Id: 1, Mandatory: true, Encoding: "ZBuf", Value: ZBuf { slices: [[c8, ba, 11, fd, 49, 32, 96, 26, 48, 7c, 5d, c5, 60, 47, bf, b1, b7, e8, be, 0b, 43, 79, 74, 5a, 3c, b2, 6f, 01, cd, f8, 17, c0, 56, 99, df, 7d, 77, c2, 20, ea, bb, 22, 98, c5, 13, 30, 90, ed, e3, b2, bf, 4a, 2f, 70, 1c, 85, d4, 04, 27, b9]] } }
[2m2026-09-14T10:30:20.686151Z[0m [31mERROR[0m codec_extension ThreadId(12) [2mzenoh_codec::common::extension[0m[2m:[0m Unknown Test ext: ZExtUnknown { Id: 11, Mandatory: true, Encoding: "Unit" }
[2m2026-09-14T10:30:20.686181Z[0m [31mERROR[0m codec_extension ThreadId(12) [2mzenoh_codec::common::extension[0m[2m:[0m Unknown Test ext: ZExtUnknown { Id: 8, Mandatory: true, Encoding: "Unit" }
[2m2026-09-14T10:30:20.686205Z[0m [31mERROR[0m codec_extension ThreadId(12) [2mzenoh_codec::common::extension[0m[2m:[0m Unknown Test ext: ZExtUnknown { Id: 5, Mandatory: true, Encoding: "Unit" }
[2m2026-09-14T10:30:20.686249Z[0m [31mERROR[0m codec_extension ThreadId(12) [2mzenoh_codec::common::extension[0m[2m:[0m Unknown Test ext: ZExtUnknown { Id: 3, Mandatory: true, Encoding: "Z64", Value: 1719081302353892166 }
[2m2026-09-14T10:30:20.686262Z[0m [31mERROR[0m codec_extension ThreadId(12) [2mzenoh_codec::common::extension[0m[2m:[0m Unknown Test ext: ZExtUnknown { Id: 10, Mandatory: true, Encoding: "Z64", Value: 1718381241105480649 }
[2m2026-09-14T10:30:20.686285Z[0m [31mERROR[0m codec_extension ThreadId(12) [2mzenoh_codec::common::extension[0m[2m:[0m Unknown Test ext: ZExtUnknown { Id: 3, Mandatory: true, Encoding: "Z64", Value: 17282339074941185449 }
[2m2026-09-14T10:30:20.686299Z[0m [31mERROR[0m codec_extension ThreadId(12) [2mzenoh_codec::common::extension[0m[2m:[0m Unknown Test ext: ZExtUnknown { Id: 4, Mandatory: true, Encoding: "Z64", Value: 6986462097459730872 }
[2m2026-09-14T10:30:20.686323Z[0m [31mERROR[0m codec_extension ThreadId(12) [2mzenoh_codec::common::extension[0m[2m:[0m Unknown Test ext: ZExtUnknown { Id: 3, Mandatory: true, Encoding: "Unit" }
[2m2026-09-14T10:30:20.686353Z[0m [31mERROR[0m codec_extension ThreadId(12) [2mzenoh_codec::common::extension[0m[2m:[0m Unknown Test ext: ZExtUnknown { Id: 1, Mandatory: true, Encoding: "ZBuf", Value: ZBuf { slices: [[af, 80, ac, 3c, c8, e6, 3e, b5, 12, 02, 4a, fc, 0d, b1, df, 66, 01, b5, f1, a5, cc, 50, 59, 86, e7, 45, af, 46, 56, 5a, c7, 97, 3d, d1, 2c, ad, 39, 09, f4, 69, 5d]] } }
[2m2026-09-14T10:30:20.686385Z[0m [31mERROR[0m codec_extension ThreadId(12) [2mzenoh_codec::common::extension[0m[2m:[0m Unknown Test ext: ZExtUnknown { Id: 7, Mandatory: true, Encoding: "ZBuf", Value: ZBuf { slices: [[ee, a4, 1b, b4, 0f, 38, 6d, 08, 16, 5d, 01, 9b, fc, 63, ac, 7c, 67, ea, e6, 88]] } }
[2m2026-09-14T10:30:20.686434Z[0m [31mERROR[0m codec_extension ThreadId(12) [2mzenoh_codec::common::extension[0m[2m:[0m Unknown Test ext: ZExtUnknown { Id: 6, Mandatory: true, Encoding: "Z64", Value: 4070920264244863918 }
[2m2026-09-14T10:30:20.686445Z[0m [31mERROR[0m codec_extension ThreadId(12) [2mzenoh_codec::common::extension[0m[2m:[0m Unknown Test ext: ZExtUnknown { Id: 11, Mandatory: true, Encoding: "Unit" }
[2m2026-09-14T10:30:20.686513Z[0m [31mERROR[0m codec_extension ThreadId(12) [2mzenoh_codec::common::extension[0m[2m:[0m Unknown Test ext: ZExtUnknown { Id: 6, Mandatory: true, Encoding: "ZBuf", Value: ZBuf { slices: [[22, b7, 95, 89, 32, 9c, 6d, d5, a4, 86, 42, 5d, 85, 8c, 93, af, 5b, a8, 27, da, 45, 41, d8, 1b, 68, c8, 84, b1, 12, 53]] } }
[2m2026-09-14T10:30:20.686528Z[0m [31mERROR[0m codec_extension ThreadId(12) [2mzenoh_codec::common::extension[0m[2m:[0m Unknown Test ext: ZExtUnknown { Id: 5, Mandatory: true, Encoding: "Z64", Value: 3122652071027945287 }
[2m2026-09-14T10:30:20.686553Z[0m [31mERROR[0m codec_extension ThreadId(12) [2mzenoh_codec::common::extension[0m[2m:[0m Unknown Test ext: ZExtUnknown { Id: 12, Mandatory: true, Encoding: "ZBuf", Value: ZBuf { slices: [[f9, e3, 70, 78, 73, d3, 07, 4e, e1, a6, f1, c3, 64, 6e, 40, 9e]] } }
[2m2026-09-14T10:30:20.686600Z[0m [31mERROR[0m codec_extension ThreadId(12) [2mzenoh_codec::common::extension[0m[2m:[0m Unknown Test ext: ZExtUnknown { Id: 11, Mandatory: true, Encoding: "Z64", Value: 2024387398034686537 }
[2m2026-09-14T10:30:20.686628Z[0m [31mERROR[0m codec_extension ThreadId(12) [2mzenoh_codec::common::extension[0m[2m:[0m Unknown Test ext: ZExtUnknown { Id: 15, Mandatory: true, Encoding: "ZBuf", Value: ZBuf { slices: [[1b, 46, 83, 53, d2, c4, 88, 01, 0b, a5, db, 2d, 50, 7d, e7, 28, eb, 83, 26, 64, 2f, 69, ae, 90, ca, 82, 7b, 6d, d4, fe, 06, 50, 80, 92]] } }
[2m2026-09-14T10:30:20.686655Z[0m [31mERROR[0m codec_extension ThreadId(12) [2mzenoh_codec::common::extension[0m[2m:[0m Unknown Test ext: ZExtUnknown { Id: 1, Mandatory: true, Encoding: "Z64", Value: 3430998310904058827 }
[2m2026-09-14T10:30:20.686696Z[0m [31mERROR[0m codec_extension ThreadId(12) [2mzenoh_codec::common::extension[0m[2m:[0m Unknown Test ext: ZExtUnknown { Id: 15, Mandatory: true, Encoding: "Unit" }
[2m2026-09-14T10:30:20.686706Z[0m [31mERROR[0m codec_extension ThreadId(12) [2mzenoh_codec::common::extension[0m[2m:[0m Unknown Test ext: ZExtUnknown { Id: 14, Mandatory: true, Encoding: "ZBuf", Value: ZBuf { slices: [[bd, af, 38, 37, de, 81, ed, 82, 0d, 1a]] } }
[2m2026-09-14T10:30:20.686730Z[0m [31mERROR[0m codec_extension ThreadId(12) [2mzenoh_codec::common::extension[0m[2m:[0m Unknown Test ext: ZExtUnknown { Id: 13, Mandatory: true, Encoding: "Unit" }
[2m2026-09-14T10:30:20.686771Z[0m [31mERROR[0m codec_extension ThreadId(12) [2mzenoh_codec::common::extension[0m[2m:[0m Unknown Test ext: ZExtUnknown { Id: 5, Mandatory: true, Encoding: "ZBuf", Value: ZBuf { slices: [[97, 40, f0, c4, 61, 16, ea, 43, e4, 4c, 23, 3a, 25, f6, 5f, a0, 10, d1, b4, 19, c7, 6f, 8f, 58, 71, 86, ed, 8e, fa, 7a, 4c, 17, b9, ef, 65, 0c, 95, 3e, 6b, 4b, 47, 3b, 2a, d4, a9, 6a, 0c, 06, b0, c6, 0a, fe, f9, 8e, 67, 92, 75, 2e, c5, 06]] } }
[2m2026-09-14T10:30:20.686874Z[0m [31mERROR[0m codec_extension ThreadId(12) [2mzenoh_codec::common::extension[0m[2m:[0m Unknown Test ext: ZExtUnknown { Id: 8, Mandatory: true, Encoding: "Unit" }
[2m2026-09-14T10:30:20.686930Z[0m [31mERROR[0m codec_extension ThreadId(12) [2mzenoh_codec::common::extension[0m[2m:[0m Unknown Test ext: ZExtUnknown { Id: 10, Mandatory: true, Encoding: "Z64", Value: 285661295821400633 }
[2m2026-09-14T10:30:20.687003Z[0m [31mERROR[0m codec_extension ThreadId(12) [2mzenoh_codec::common::extension[0m[2m:[0m Unknown Test ext: ZExtUnknown { Id: 1, Mandatory: true, Encoding: "Z64", Value: 10080924822114551096 }
[2m2026-09-14T10:30:20.687028Z[0m [31mERROR[0m codec_extension ThreadId(12) [2mzenoh_codec::common::extension[0m[2m:[0m Unknown Test ext: ZExtUnknown { Id: 12, Mandatory: true, Encoding: "Unit" }
[2m2026-09-14T10:30:20.687034Z[0m [31mERROR[0m codec_extension ThreadId(12) [2mzenoh_codec::common::extension[0m[2m:[0m Unknown Test ext: ZExtUnknown { Id: 6, Mandatory: true, Encoding: "Z64", Value: 7973388328621898720 }
[2m2026-09-14T10:30:20.687056Z[0m [31mERROR[0m codec_extension ThreadId(12) [2mzenoh_codec::common::extension[0m[2m:[0m Unknown Test ext: ZExtUnknown { Id: 10, Mandatory: true, Encoding: "Unit" }
[2m2026-09-14T10:30:20.687080Z[0m [31mERROR[0m codec_extension ThreadId(12) [2mzenoh_codec::common::extension[0m[2m:[0m Unknown Test ext: ZExtUnknown { Id: 3, Mandatory: true, Encoding: "Unit" }
[2m2026-09-14T10:30:20.687133Z[0m [31mERROR[0m codec_extension ThreadId(12) [2mzenoh_codec::common::extension[0m[2m:[0m Unknown Test ext: ZExtUnknown { Id: 5, Mandatory: true, Encoding: "Z64", Value: 17629502536034433872 }
[2m2026-09-14T10:30:20.687207Z[0m [31mERROR[0m codec_extension ThreadId(12) [2mzenoh_codec::common::extension[0m[2m:[0m Unknown Test ext: ZExtUnknown { Id: 8, Mandatory: true, Encoding: "Z64", Value: 3667722276531750559 }
[2m2026-09-14T10:30:20.687314Z[0m [31mERROR[0m codec_extension ThreadId(12) [2mzenoh_codec::common::extension[0m[2m:[0m Unknown Test ext: ZExtUnknown { Id: 11, Mandatory: true, Encoding: "ZBuf", Value: ZBuf { slices: [[b5, 2a, cb, 91, 63, b6, 92, 26, 3f, a2, 70, 57, f0, ae, 0f, 6a, 75, 71, c3, 41, b0, 0c, 90, 3f, 78, fc, 4a, e1, 97, c2, a0]] } }
[2m2026-09-14T10:30:20.687344Z[0m [31mERROR[0m codec_extension ThreadId(12) [2mzenoh_codec::common::extension[0m[2m:[0m Unknown Test ext: ZExtUnknown { Id: 1, Mandatory: true, Encoding: "ZBuf", Value: ZBuf { slices: [[0d, e2, 92, 7e, 54, ab, f9, 97, 4b, 04, 8e, 30, f9, de, 3d, b1, 2e, 05, 64, c6, 8c]] } }
[2m2026-09-14T10:30:20.687536Z[0m [31mERROR[0m codec_extension ThreadId(12) [2mzenoh_codec::common::extension[0m[2m:[0m Unknown Test ext: ZExtUnknown { Id: 10, Mandatory: true, Encoding: "ZBuf", Value: ZBuf { slices: [[9e, b7, 83, af, c8, 05, 21, c6, 0a, 34, ae, 12, 19, e5, 0a, 6e, b9, 14, f4, 17, df, cf, 42, 62, 70, b7, fe, f3, cd, 6d, a6, 15, fc, ab, ef, 54, b4, bb]] } }
[2m2026-09-14T10:30:20.687603Z[0m [31mERROR[0m codec_extension ThreadId(12) [2mzenoh_codec::common::extension[0m[2m:[0m Unknown Test ext: ZExtUnknown { Id: 3, Mandatory: true, Encoding: "Z64", Value: 12469736222741625602 }
[2m2026-09-14T10:30:20.687691Z[0m [31mERROR[0m codec_extension ThreadId(12) [2mzenoh_codec::common::extension[0m[2m:[0m Unknown Test ext: ZExtUnknown { Id: 6, Mandatory: true, Encoding: "ZBuf", Value: ZBuf { slices: [[ef, 0a, 39, 05, 07, cf, 79, ff, 88, c9, 1a, 6d, 47, e4, 56, ea, 41, 94, 14, 42, 45, 4e, 8d, c0, 01, 84, 1b, a6, 4a, fe, e8, 23, 4e, 2b, 63, 23, 8a, 3d, b5, 10, 07]] } }
[2m2026-09-14T10:30:20.687727Z[0m [31mERROR[0m codec_extension ThreadId(12) [2mzenoh_codec::common::extension[0m[2m:[0m Unknown Test ext: ZExtUnknown { Id: 0, Mandatory: true, Encoding: "Unit" }
[2m2026-09-14T10:30:20.687733Z[0m [31mERROR[0m codec_extension ThreadId(12) [2mzenoh_codec::common::extension[0m[2m:[0m Unknown Test ext: ZExtUnknown { Id: 14, Mandatory: true, Encoding: "Unit" }
[2m2026-09-14T10:30:20.687797Z[0m [31mERROR[0m codec_extension ThreadId(12) [2mzenoh_codec::common::extension[0m[2m:[0m Unknown Test ext: ZExtUnknown { Id: 6, Mandatory: true, Encoding: "Z64", Value: 12283778527446363111 }
[2m2026-09-14T10:30:20.687865Z[0m [31mERROR[0m codec_extension ThreadId(12) [2mzenoh_codec::common::extension[0m[2m:[0m Unknown Test ext: ZExtUnknown { Id: 14, Mandatory: true, Encoding: "ZBuf", Value: ZBuf { slices: [[c5, 65, fc, a8, 19, 6b, b9, 1c, 36, 76, 90, f7, 41, d4, 85, 74, a8, b8, 25, 76, 78, fe, 6d, 02, dc, 0d, ca, 5c, 55, 5c, 6e, 5a, 66, 65, 75, 37, 73, 56, b1, b4, 20, 11, 4f, 80, 06, be, c7, 9d, 45, 41, 43, 62, b5, ea, 5d, 28]] } }
[2m2026-09-14T10:30:20.687956Z[0m [31mERROR[0m codec_extension ThreadId(12) [2mzenoh_codec::common::extension[0m[2m:[0m Unknown Test ext: ZExtUnknown { Id: 7, Mandatory: true, Encoding: "Z64", Value: 8201772609819563139 }
[2m2026-09-14T10:30:20.687976Z[0m [31mERROR[0m codec_extension ThreadId(12) [2mzenoh_codec::common::extension[0m[2m:[0m Unknown Test ext: ZExtUnknown { Id: 9, Mandatory: true, Encoding: "Unit" }
[2m2026-09-14T10:30:20.687981Z[0m [31mERROR[0m codec_extension ThreadId(12) [2mzenoh_codec::common::extension[0m[2m:[0m Unknown Test ext: ZExtUnknown { Id: 9, Mandatory: true, Encoding: "Z64", Value: 11997381890998244731 }
[2m2026-09-14T10:30:20.688002Z[0m [31mERROR[0m codec_extension ThreadId(12) [2mzenoh_codec::common::extension[0m[2m:[0m Unknown Test ext: ZExtUnknown { Id: 0, Mandatory: true, Encoding: "Z64", Value: 17090024516778146137 }
[2m2026-09-14T10:30:20.688056Z[0m [31mERROR[0m codec_extension ThreadId(12) [2mzenoh_codec::common::extension[0m[2m:[0m Unknown Test ext: ZExtUnknown { Id: 15, Mandatory: true, Encoding: "Unit" }
[2m2026-09-14T10:30:20.688062Z[0m [31mERROR[0m codec_extension ThreadId(12) [2mzenoh_codec::common::extension[0m[2m:[0m Unknown Test ext: ZExtUnknown { Id: 3, Mandatory: true, Encoding: "Z64", Value: 12019277272745250098 }
[2m2026-09-14T10:30:20.688082Z[0m [31mERROR[0m codec_extension ThreadId(12) [2mzenoh_codec::common::extension[0m[2m:[0m Unknown Test ext: ZExtUnknown { Id: 1, Mandatory: true, Encoding: "Unit" }
[2m2026-09-14T10:30:20.688104Z[0m [31mERROR[0m codec_extension ThreadId(12) [2mzenoh_codec::common::extension[0m[2m:[0m Unknown Test ext: ZExtUnknown { Id: 12, Mandatory: true, Encoding: "Unit" }
[2m2026-09-14T10:30:20.688125Z[0m [31mERROR[0m codec_extension ThreadId(12) [2mzenoh_codec::common::extension[0m[2m:[0m Unknown Test ext: ZExtUnknown { Id: 7, Mandatory: true, Encoding: "Unit" }
[2m2026-09-14T10:30:20.688148Z[0m [31mERROR[0m codec_extension ThreadId(12) [2mzenoh_codec::common::extension[0m[2m:[0m Unknown Test ext: ZExtUnknown { Id: 4, Mandatory: true, Encoding: "ZBuf", Value: ZBuf { slices: [[1e, 60, c4, ea, 19, 23, d0, 3f, fd, 47, e4, 42, 37, b2, 12, f8, ff, b3, 11, 6e, 81, 29, 18, 23, f4, 54, 08, 29, 0f, 79, 2d, 33, 95, fa]] } }
[2m2026-09-14T10:30:20.688175Z[0m [31mERROR[0m codec_extension ThreadId(12) [2mzenoh_codec::common::extension[0m[2m:[0m Unknown Test ext: ZExtUnknown { Id: 7, Mandatory: true, Encoding: "Z64", Value: 7187282729201987264 }
[2m2026-09-14T10:30:20.688268Z[0m [31mERROR[0m codec_extension ThreadId(12) [2mzenoh_codec::common::extension[0m[2m:[0m Unknown Test ext: ZExtUnknown { Id: 12, Mandatory: true, Encoding: "ZBuf", Value: ZBuf { slices: [[b3, 12, 5d, 71, c8, a0, 5b, c5, 8e, 7b, 21, aa, c2, 5c, 9d, b5, 0c, 3b, 18, e1, 89, 4e, bd, 37, 87, 59, d2, b5, 0d, 54, 03, 53, 98, bd, e6, 33, be, 1c, af, 63]] } }
[2m2026-09-14T10:30:20.688281Z[0m [31mERROR[0m codec_extension ThreadId(12) [2mzenoh_codec::common::extension[0m[2m:[0m Unknown Test ext: ZExtUnknown { Id: 10, Mandatory: true, Encoding: "Unit" }
[2m2026-09-14T10:30:20.688307Z[0m [31mERROR[0m codec_extension ThreadId(12) [2mzenoh_codec::common::extension[0m[2m:[0m Unknown Test ext: ZExtUnknown { Id: 2, Mandatory: true, Encoding: "ZBuf", Value: ZBuf { slices: [[b9, 53, 3a, 37, 1c, f1, 0c, 43, 90, 07, 58, 17, 34, ab, b5, 3b, 59, 75, 55, ec, f8, 0b, 1f, 0f, ca, d3, 48, 43, c1, a7, f2, 89, 67, a5, 3b, aa, 53, 20, 48, e1, 9b, fd, 67, 54, 47, 14, 97, 52, b3, 1b, 91, 61, 52, 5f, c2, 97, 34, 0e, 8a, a7, 10, 0a]] } }
[2m2026-09-14T10:30:20.688357Z[0m [31mERROR[0m codec_extension ThreadId(12) [2mzenoh_codec::common::extension[0m[2m:[0m Unknown Test ext: ZExtUnknown { Id: 11, Mandatory: true, Encoding: "Z64", Value: 13265463791683222944 }
[2m2026-09-14T10:30:20.688402Z[0m [31mERROR[0m codec_extension ThreadId(12) [2mzenoh_codec::common::extension[0m[2m:[0m Unknown Test ext: ZExtUnknown { Id: 8, Mandatory: true, Encoding: "Unit" }
[2m2026-09-14T10:30:20.688458Z[0m [31mERROR[0m codec_extension ThreadId(12) [2mzenoh_codec::common::extension[0m[2m:[0m Unknown Test ext: ZExtUnknown { Id: 2, Mandatory: true, Encoding: "ZBuf", Value: ZBuf { slices: [[a8, 64, d0, 50, 15, 89, d4, 55, 2d, 8f, 58, e6, 3a, 2f, 8d, 8b, 51, f9, 29, 93, 5e, a2, fb, 10, a3, 10, 97, 47, 88, 0b, 61, cb, a3]] } }
[2m2026-09-14T10:30:20.688466Z[0m [31mERROR[0m codec_extension ThreadId(12) [2mzenoh_codec::common::extension[0m[2m:[0m Unknown Test ext: ZExtUnknown { Id: 8, Mandatory: true, Encoding: "ZBuf", Value: ZBuf { slices: [[7c, 08, 0d, 18, 6c, 7c, 28, 2d, 87, 23, a6, d2, ca, 27, 3f, a9, 68, 73, 24, ab]] } }
[2m2026-09-14T10:30:20.688521Z[0m [31mERROR[0m codec_extension ThreadId(12) [2mzenoh_codec::common::extension[0m[2m:[0m Unknown Test ext: ZExtUnknown { Id: 12, Mandatory: true, Encoding: "Z64", Value: 13650118334014319277 }
[2m2026-09-14T10:30:20.688544Z[0m [31mERROR[0m codec_extension ThreadId(12) [2mzenoh_codec::common::extension[0m[2m:[0m Unknown Test ext: ZExtUnknown { Id: 12, Mandatory: true, Encoding: "Z64", Value: 10278151643010537320 }
[2m2026-09-14T10:30:20.688566Z[0m [31mERROR[0m codec_extension ThreadId(12) [2mzenoh_codec::common::extension[0m[2m:[0m Unknown Test ext: ZExtUnknown { Id: 9, Mandatory: true, Encoding: "ZBuf", Value: ZBuf { slices: [[35, ce, 76, d5, 1c, ce, c8, eb, 40, 4c]] } }
[2m2026-09-14T10:30:20.688586Z[0m [31mERROR[0m codec_extension ThreadId(12) [2mzenoh_codec::common::extension[0m[2m:[0m Unknown Test ext: ZExtUnknown { Id: 12, Mandatory: true, Encoding: "ZBuf", Value: ZBuf { slices: [[fd, 93, 7e, 6f, c1, a3, 4a, 76, b9, cb, 50, e5, c4, a7, 59, 76, dc, 71, 3e, fd, 6e, 2e, 40, d7, 39, d7, 90, 94, 93, f9, 4a, 8a, fa, 14, ad, 23, 9a, 81, f3, 2e, 67, b4, a2, 73, 2f, de, 6b, 6a, 43, 61, 36, 24, e4, 08, d2, 31, a1, 21, be, 8f, ec]] } }
[2m2026-09-14T10:30:20.688607Z[0m [31mERROR[0m codec_extension ThreadId(12) [2mzenoh_codec::common::extension[0m[2m:[0m Unknown Test ext: ZExtUnknown { Id: 15, Mandatory: true, Encoding: "Z64", Value: 14765891990068639456 }
[2m2026-09-14T10:30:20.688656Z[0m [31mERROR[0m codec_extension ThreadId(12) [2mzenoh_codec::common::extension[0m[2m:[0m Unknown Test ext: ZExtUnknown { Id: 14, Mandatory: true, Encoding: "Z64", Value: 11635182034640017903 }
[2m2026-09-14T10:30:20.688724Z[0m [31mERROR[0m codec_extension ThreadId(12) [2mzenoh_codec::common::extension[0m[2m:[0m Unknown Test ext: ZExtUnknown { Id: 15, Mandatory: true, Encoding: "ZBuf", Value: ZBuf { slices: [[c3, 82, 0d, 8b, a5, 64, 84, 6a, 32, 1f, 5a, a1, 64, 43, 28, 9c, 9f, e7, fc, c9, e3, b1, ca, a8, 69, 5e, 3a, 04, c8, 44, 19, bc, 49, e3, 76, 1a, 85, a0, 12, 48, aa, 3e, 21, 17, 08, 2c, eb, 2b, 07, 51, 7b, 84, b2, 00]] } }
[2m2026-09-14T10:30:20.688748Z[0m [31mERROR[0m codec_extension ThreadId(12) [2mzenoh_codec::common::extension[0m[2m:[0m Unknown Test ext: ZExtUnknown { Id: 11, Mandatory: true, Encoding: "ZBuf", Value: ZBuf { slices: [[a8, 1b, 98, b8, 27, ff, 57, e9, 6d, f7, 3a, 7e, 08, ff, 89, 18, a6, 80, fa, e0, d8, cc, d4, 9a, 03, b3, 5e, 28, f5, f7, d4, 68, f8, 59, a9, ec, 2e, a7, 46, 6d, ba, 96, ff, 89, 98, 5d, a3, 02, e7, 5a, 72, d5]] } }
[2m2026-09-14T10:30:20.688770Z[0m [31mERROR[0m codec_extension ThreadId(12) [2mzenoh_codec::common::extension[0m[2m:[0m Unknown Test ext: ZExtUnknown { Id: 11, Mandatory: true, Encoding: "Z64", Value: 7290305028502669677 }
[2m2026-09-14T10:30:20.688775Z[0m [31mERROR[0m codec_extension ThreadId(12) [2mzenoh_codec::common::extension[0m[2m:[0m Unknown Test ext: ZExtUnknown { Id: 7, Mandatory: true, Encoding: "Z64", Value: 10528051053988289157 }
[2m2026-09-14T10:30:20.688793Z[0m [31mERROR[0m codec_extension ThreadId(12) [2mzenoh_codec::common::extension[0m[2m:[0m Unknown Test ext: ZExtUnknown { Id: 7, Mandatory: true, Encoding: "Unit" }
[2m2026-09-14T10:30:20.688814Z[0m [31mERROR[0m codec_extension ThreadId(12) [2mzenoh_codec::common::extension[0m[2m:[0m Unknown Test ext: ZExtUnknown { Id: 5, Mandatory: true, Encoding: "Unit" }
[2m2026-09-14T10:30:20.688851Z[0m [31mERROR[0m codec_extension ThreadId(12) [2mzenoh_codec::common::extension[0m[2m:[0m Unknown Test ext: ZExtUnknown { Id: 15, Mandatory: true, Encoding: "ZBuf", Value: ZBuf { slices: [[f9, c8, 73, f1, 1b, d6, 28, 67]] } }
[2m2026-09-14T10:30:20.688872Z[0m [31mERROR[0m codec_extension ThreadId(12) [2mzenoh_codec::common::extension[0m[2m:[0m Unknown Test ext: ZExtUnknown { Id: 8, Mandatory: true, Encoding: "Z64", Value: 11780559448635528333 }
[2m2026-09-14T10:30:20.688922Z[0m [31mERROR[0m codec_extension ThreadId(12) [2mzenoh_codec::common::extension[0m[2m:[0m Unknown Test ext: ZExtUnknown { Id: 10, Mandatory: true, Encoding: "Z64", Value: 10901293596387169597 }
[2m2026-09-14T10:30:20.688980Z[0m [31mERROR[0m codec_extension ThreadId(12) [2mzenoh_codec::common::extension[0m[2m:[0m Unknown Test ext: ZExtUnknown { Id: 2, Mandatory: true, Encoding: "Unit" }
[2m2026-09-14T10:30:20.689017Z[0m [31mERROR[0m codec_extension ThreadId(12) [2mzenoh_codec::common::extension[0m[2m:[0m Unknown Test ext: ZExtUnknown { Id: 8, Mandatory: true, Encoding: "ZBuf", Value: ZBuf { slices: [[3b, 47, cf, 98, 54, 85, 2a, 45, 57, a8, 64]] } }
[2m2026-09-14T10:30:20.689041Z[0m [31mERROR[0m codec_extension ThreadId(12) [2mzenoh_codec::common::extension[0m[2m:[0m Unknown Test ext: ZExtUnknown { Id: 0, Mandatory: true, Encoding: "ZBuf", Value: ZBuf { slices: [[44, f3, d3, ad, 33, 26, dd, 0f, 79, c5, 90, 9b, a3, 6b, fe, 91, 33, 42, f3, 35, ab, d4, b2, 44, 28, 23, 56, 3f, 57, 67, 0d, 31, eb, 6b, 04, b8, 57, 10, be, 59, 78, 14, fa, 58, 6a, 5b, c2]] } }
[2m2026-09-14T10:30:20.689066Z[0m [31mERROR[0m codec_extension ThreadId(12) [2mzenoh_codec::common::extension[0m[2m:[0m Unknown Test ext: ZExtUnknown { Id: 14, Mandatory: true, Encoding: "Unit" }
[2m2026-09-14T10:30:20.689106Z[0m [31mERROR[0m codec_extension ThreadId(12) [2mzenoh_codec::common::extension[0m[2m:[0m Unknown Test ext: ZExtUnknown { Id: 2, Mandatory: true, Encoding: "ZBuf", Value: ZBuf { slices: [[c7, 2f, d7, 55, 04, 30, e5, ed, 98, 99, 5f, fd, 29, fe, 26, 17]] } }
[2m2026-09-14T10:30:20.689126Z[0m [31mERROR[0m codec_extension ThreadId(12) [2mzenoh_codec::common::extension[0m[2m:[0m Unknown Test ext: ZExtUnknown { Id: 2, Mandatory: true, Encoding: "ZBuf", Value: ZBuf { slices: [[98, a9, c3, 31, 0d, 7b, a0, 4c, 66, 05, 2c, e9, 07, 6f, 4f, 92, ac, 9e, b6, 2c, d4, 59, 80, 4d, 28, 6b, 3b, b7, b3, e8, dc, be, 0f, 6b, 70, 8f, fb, 0d, be, e4, 85]] } }
[2m2026-09-14T10:30:20.689148Z[0m [31mERROR[0m codec_extension ThreadId(12) [2mzenoh_codec::common::extension[0m[2m:[0m Unknown Test ext: ZExtUnknown { Id: 2, Mandatory: true, Encoding: "Unit" }
[2m2026-09-14T10:30:20.689242Z[0m [31mERROR[0m codec_extension ThreadId(12) [2mzenoh_codec::common::extension[0m[2m:[0m Unknown Test ext: ZExtUnknown { Id: 3, Mandatory: true, Encoding: "ZBuf", Value: ZBuf { slices: [[7f, 76, 23, 88, 5e, 53, 7d, 42, f2, fe, fc, 46, f9, f1, b3, 3f, 3c, 8f, 2a, 70, 2a, 5a, b3, 3d, 9b, fb, 3f, 9e, 56, ab, 4d, 58, 98, 2b, cb, 0e, c4, 41, 36, 7c, cd, a9]] } }
[2m2026-09-14T10:30:20.689317Z[0m [31mERROR[0m codec_extension ThreadId(12) [2mzenoh_codec::common::extension[0m[2m:[0m Unknown Test ext: ZExtUnknown { Id: 4, Mandatory: true, Encoding: "Unit" }
[2m2026-09-14T10:30:20.689342Z[0m [31mERROR[0m codec_extension ThreadId(12) [2mzenoh_codec::common::extension[0m[2m:[0m Unknown Test ext: ZExtUnknown { Id: 5, Mandatory: true, Encoding: "Z64", Value: 17436859109485821424 }
[2m2026-09-14T10:30:20.689364Z[0m [31mERROR[0m codec_extension ThreadId(12) [2mzenoh_codec::common::extension[0m[2m:[0m Unknown Test ext: ZExtUnknown { Id: 5, Mandatory: true, Encoding: "Unit" }
[2m2026-09-14T10:30:20.689406Z[0m [31mERROR[0m codec_extension ThreadId(12) [2mzenoh_codec::common::extension[0m[2m:[0m Unknown Test ext: ZExtUnknown { Id: 10, Mandatory: true, Encoding: "ZBuf", Value: ZBuf { slices: [[0b, 6a, f7, 47, 07, a5, 1d, ea, ae, d2, f2, 77, 2d, 1e, 43, ca, ab, d1, 8e, 65, 0a, bc, 26, 56, 19, be, 02, d6, 70, b2, 9d, bc, 31, 16, ad, 92, fa, 40, d9, b7, d9, 13, af, 1f, b1, e0, 99, 6a, b2, 45, d1, 5b, 16, ba, 66, 3c, e4, f9, 43, a4]] } }
[2m2026-09-14T10:30:20.689430Z[0m [31mERROR[0m codec_extension ThreadId(12) [2mzenoh_codec::common::extension[0m[2m:[0m Unknown Test ext: ZExtUnknown { Id: 11, Mandatory: true, Encoding: "Unit" }
[2m2026-09-14T10:30:20.689452Z[0m [31mERROR[0m codec_extension ThreadId(12) [2mzenoh_codec::common::extension[0m[2m:[0m Unknown Test ext: ZExtUnknown { Id: 13, Mandatory: true, Encoding: "Unit" }
[2m2026-09-14T10:30:20.689457Z[0m [31mERROR[0m codec_extension ThreadId(12) [2mzenoh_codec::common::extension[0m[2m:[0m Unknown Test ext: ZExtUnknown { Id: 4, Mandatory: true, Encoding: "Unit" }
[2m2026-09-14T10:30:20.689499Z[0m [31mERROR[0m codec_extension ThreadId(12) [2mzenoh_codec::common::extension[0m[2m:[0m Unknown Test ext: ZExtUnknown { Id: 10, Mandatory: true, Encoding: "Unit" }
[2m2026-09-14T10:30:20.689522Z[0m [31mERROR[0m codec_extension ThreadId(12) [2mzenoh_codec::common::extension[0m[2m:[0m Unknown Test ext: ZExtUnknown { Id: 10, Mandatory: true, Encoding: "Unit" }
[2m2026-09-14T10:30:20.689545Z[0m [31mERROR[0m codec_extension ThreadId(12) [2mzenoh_codec::common::extension[0m[2m:[0m Unknown Test ext: ZExtUnknown { Id: 11, Mandatory: true, Encoding: "Z64", Value: 4445630004546007420 }
[2m2026-09-14T10:30:20.689617Z[0m [31mERROR[0m codec_extension ThreadId(12) [2mzenoh_codec::common::extension[0m[2m:[0m Unknown Test ext: ZExtUnknown { Id: 9, Mandatory: true, Encoding: "Unit" }
[2m2026-09-14T10:30:20.689693Z[0m [31mERROR[0m codec_extension ThreadId(12) [2mzenoh_codec::common::extension[0m[2m:[0m Unknown Test ext: ZExtUnknown { Id: 4, Mandatory: true, Encoding: "Unit" }
[2m2026-09-14T10:30:20.689715Z[0m [31mERROR[0m codec_extension ThreadId(12) [2mzenoh_codec::common::extension[0m[2m:[0m Unknown Test ext: ZExtUnknown { Id: 5, Mandatory: true, Encoding: "Z64", Value: 12070430340128926581 }
[2m2026-09-14T10:30:20.689772Z[0m [31mERROR[0m codec_extension ThreadId(12) [2mzenoh_codec::common::extension[0m[2m:[0m Unknown Test ext: ZExtUnknown { Id: 7, Mandatory: true, Encoding: "Unit" }
[2m2026-09-14T10:30:20.689793Z[0m [31mERROR[0m codec_extension ThreadId(12) [2mzenoh_codec::common::extension[0m[2m:[0m Unknown Test ext: ZExtUnknown { Id: 8, Mandatory: true, Encoding: "Z64", Value: 4441728276307709890 }
[2m2026-09-14T10:30:20.689869Z[0m [31mERROR[0m codec_extension ThreadId(12) [2mzenoh_codec::common::extension[0m[2m:[0m Unknown Test ext: ZExtUnknown { Id: 2, Mandatory: true, Encoding: "ZBuf", Value: ZBuf { slices: [[c5, 2f, e3, 36, e6, 10, 36, a8, d5, 2c, 97, 58, 06, b5, 46, b5, 47, bd, 30, 3c, bb, b4, 1e, 56, 54, 0a, f9, b3, 74, 62, 85, 5e, aa, ad, 4e, 6e, 5f, ab, 40, 7e, 5b, 69, c5, 30, 77, 15, e3, ef, f9, 3e, e2, 2d, e6, e4, e3, d7]] } }
[2m2026-09-14T10:30:20.689896Z[0m [31mERROR[0m codec_extension ThreadId(12) [2mzenoh_codec::common::extension[0m[2m:[0m Unknown Test ext: ZExtUnknown { Id: 11, Mandatory: true, Encoding: "ZBuf", Value: ZBuf { slices: [[4a, 59, af, c7, b0, 1a, 91, 46, f2, 20, aa, 01, dd, 19, 19, b8, 8c, 24, 58, ba, 90, c1, ce, 31, d8, df, 41, d3, 72, 0b, f3, c1, a0, 7c, 64, 75, 0f, 8f, d1, 0e, 14, da, 2f, b4, e8, 22, af, 3d, 83, 08, c2, 61]] } }
[2m2026-09-14T10:30:20.689939Z[0m [31mERROR[0m codec_extension ThreadId(12) [2mzenoh_codec::common::extension[0m[2m:[0m Unknown Test ext: ZExtUnknown { Id: 15, Mandatory: true, Encoding: "ZBuf", Value: ZBuf { slices: [[9b, 9d, 80, 4d, 10, 77, 45, f1, f6, 7d, bd, b6, 08, 97, 31, 98, 3e, 92, 83, 05, e8, 83, 17, 20, 9a, 74, 43]] } }
[2m2026-09-14T10:30:20.689963Z[0m [31mERROR[0m codec_extension ThreadId(12) [2mzenoh_codec::common::extension[0m[2m:[0m Unknown Test ext: ZExtUnknown { Id: 15, Mandatory: true, Encoding: "Unit" }
[2m2026-09-14T10:30:20.689986Z[0m [31mERROR[0m codec_extension ThreadId(12) [2mzenoh_codec::common::extension[0m[2m:[0m Unknown Test ext: ZExtUnknown { Id: 7, Mandatory: true, Encoding: "Z64", Value: 3103429510444396687 }
[2m2026-09-14T10:30:20.690009Z[0m [31mERROR[0m codec_extension ThreadId(12) [2mzenoh_codec::common::extension[0m[2m:[0m Unknown Test ext: ZExtUnknown { Id: 9, Mandatory: true, Encoding: "ZBuf", Value: ZBuf { slices: [[09, c8, 4a, 2a, b3, d7, 8f, f1, d3, d6, 99, 11, e2, f0, 0e, 09, 8c, a7, 0c, 2a, 40, 89, 6b, 57, ab, 22, 3d, 2f, 0c, cb, ef, 89, 50, 44, a1, 1e]] } }
[2m2026-09-14T10:30:20.690020Z[0m [31mERROR[0m codec_extension ThreadId(12) [2mzenoh_codec::common::extension[0m[2m:[0m Unknown Test ext: ZExtUnknown { Id: 12, Mandatory: true, Encoding: "ZBuf", Value: ZBuf { slices: [[d0, af, 11, f8, 97, b6, 2f, fa, f2, 9c, 03, c2, 8e, 59]] } }
[2m2026-09-14T10:30:20.690045Z[0m [31mERROR[0m codec_extension ThreadId(12) [2mzenoh_codec::common::extension[0m[2m:[0m Unknown Test ext: ZExtUnknown { Id: 2, Mandatory: true, Encoding: "ZBuf", Value: ZBuf { slices: [[6b, b5, 86, 8f, 12, 5c, c6, 6b, a4, 35, 6a, 2f, 14, ee, 48, b1, ea, 1d, 2f, f1, 3a, f1, 4e, 69, 95, db, 26, 75, de, ea, 00, 03, 2a, 5b, 7b, 25, e6, 68, 02, 39, 22]] } }
[2m2026-09-14T10:30:20.690071Z[0m [31mERROR[0m codec_extension ThreadId(12) [2mzenoh_codec::common::extension[0m[2m:[0m Unknown Test ext: ZExtUnknown { Id: 5, Mandatory: true, Encoding: "Unit" }
[2m2026-09-14T10:30:20.690092Z[0m [31mERROR[0m codec_extension ThreadId(12) [2mzenoh_codec::common::extension[0m[2m:[0m Unknown Test ext: ZExtUnknown { Id: 14, Mandatory: true, Encoding: "Unit" }
[2m2026-09-14T10:30:20.690100Z[0m [31mERROR[0m codec_extension ThreadId(12) [2mzenoh_codec::common::extension[0m[2m:[0m Unknown Test ext: ZExtUnknown { Id: 13, Mandatory: true, Encoding: "ZBuf", Value: ZBuf { slices: [[8e, 73, 65, 5d, 89, ed, 80, 10, 5e, 2f, 8d, d8, da, f5, 28, 45, 7d, 2e, fc, 4f, fd, 3f, 8c]] } }
[2m2026-09-14T10:30:20.690141Z[0m [31mERROR[0m codec_extension ThreadId(12) [2mzenoh_codec::common::extension[0m[2m:[0m Unknown Test ext: ZExtUnknown { Id: 2, Mandatory: true, Encoding: "ZBuf", Value: ZBuf { slices: [[d3, f7, 83, c2, 97, c8, 52, 1d, a5, 0a, d6, fa, 53, ea, e3, 92, de, 28, 78, 87, b3, 6b, 58, 7c, f6, f1, 74, 98, ff, a4, dd, bc, 74, 11, 71, d5, bf, fa, 52, e7, 32, 05, 4f, d6, 7c, 34, 88, 03, f2, a8, eb]] } }
[2m2026-09-14T10:30:20.690187Z[0m [31mERROR[0m codec_extension ThreadId(12) [2mzenoh_codec::common::extension[0m[2m:[0m Unknown Test ext: ZExtUnknown { Id: 3, Mandatory: true, Encoding: "Z64", Value: 4244180024054594298 }
[2m2026-09-14T10:30:20.690210Z[0m [31mERROR[0m codec_extension ThreadId(12) [2mzenoh_codec::common::extension[0m[2m:[0m Unknown Test ext: ZExtUnknown { Id: 0, Mandatory: true, Encoding: "ZBuf", Value: ZBuf { slices: [[64, 32, 65, 33, 33, 04, 51, d6, bd, d8, 69, 44, 3b, 48, b2, 0a, 9f, 0b, 97, e6, 0b, 32, e5, b8, ad, 31, 0d, f6, 65, 81, e1, ad, 2e, 6a, bf, 68, 21, a8, 29, cf, b2, 82, 9c, 7e, 9e]] } }
[2m2026-09-14T10:30:20.690282Z[0m [31mERROR[0m codec_extension ThreadId(12) [2mzenoh_codec::common::extension[0m[2m:[0m Unknown Test ext: ZExtUnknown { Id: 11, Mandatory: true, Encoding: "ZBuf", Value: ZBuf { slices: [[30, 22, 33, 80, f5, e6, 2e, c9, da, 8c, ad, 4f, 7f, 71, ba, 7c, b7, 0e]] } }
[2m2026-09-14T10:30:20.690323Z[0m [31mERROR[0m codec_extension ThreadId(12) [2mzenoh_codec::common::extension[0m[2m:[0m Unknown Test ext: ZExtUnknown { Id: 9, Mandatory: true, Encoding: "Unit" }
[2m2026-09-14T10:30:20.690362Z[0m [31mERROR[0m codec_extension ThreadId(12) [2mzenoh_codec::common::extension[0m[2m:[0m Unknown Test ext: ZExtUnknown { Id: 4, Mandatory: true, Encoding: "Z64", Value: 11854655563265688826 }
[2m2026-09-14T10:30:20.690402Z[0m [31mERROR[0m codec_extension ThreadId(12) [2mzenoh_codec::common::extension[0m[2m:[0m Unknown Test ext: ZExtUnknown { Id: 4, Mandatory: true, Encoding: "ZBuf", Value: ZBuf { slices: [[bd, d7, d4, 63, 94, 09, 30, 56, bf, c2, 50, 68, b0, 25, 19, 0d, 01, 30, 8c, ad, 6f, d8, 89, b9, bb, d4, b6, 9c, 0d, 42, 2f, af, b2, 44, de, bc, f0, c8, 4c, a8, ca, df, a3, fd, b5, a3, 56, d2, 29, 45, 00, 18, 20, 82, 1a, 68, ce, d3, c9, 10, ed, b8]] } }
[2m2026-09-14T10:30:20.690411Z[0m [31mERROR[0m codec_extension ThreadId(12) [2mzenoh_codec::common::extension[0m[2m:[0m Unknown Test ext: ZExtUnknown { Id: 12, Mandatory: true, Encoding: "ZBuf", Value: ZBuf { slices: [[91, 64, f7, 12, c1, a3, 38, af, f5, 2d, fd]] } }
[2m2026-09-14T10:30:20.690452Z[0m [31mERROR[0m codec_extension ThreadId(12) [2mzenoh_codec::common::extension[0m[2m:[0m Unknown Test ext: ZExtUnknown { Id: 11, Mandatory: true, Encoding: "ZBuf", Value: ZBuf { slices: [[d2, 64, e0, d1, 47, 2d, e3, 62, 79, 72, ed, 98, 8f, 26, 29, cd, b0, 44, 4a, cd, 7e, 2b, 39, 70, 8b, 15, a3, cb, 6a, f6, a8, 99, ac, 8a, 2f, 62, 2e, f4, 23, 60, 1a, 24, 56, cd, 59, 2b, cf, f9, 9b, d6, 65]] } }
[2m2026-09-14T10:30:20.690463Z[0m [31mERROR[0m codec_extension ThreadId(12) [2mzenoh_codec::common::extension[0m[2m:[0m Unknown Test ext: ZExtUnknown { Id: 3, Mandatory: true, Encoding: "ZBuf", Value: ZBuf { slices: [[c2, 4b, 5e, 40, a5, e2, f8, b5]] } }
[2m2026-09-14T10:30:20.690519Z[0m [31mERROR[0m codec_extension ThreadId(12) [2mzenoh_codec::common::extension[0m[2m:[0m Unknown Test ext: ZExtUnknown { Id: 3, Mandatory: true, Encoding: "ZBuf", Value: ZBuf { slices: [[b7, 46, 62, b2, af, 05, 2e, 02, 5b, b4, 64, 95, 73, b0, d7, 94, d6, 44, b0, 16, 84, 0d, 40, ad, 88, 6b, 9c, cc, 90, e8, df, eb, 5c, 49, 83, 8e, b2, 0d, 48, 97, 1d, 2d, 31, 43, b0, a5, 35, cb, d6, a0, 20, 90, 7e, 64]] } }
[2m2026-09-14T10:30:20.690530Z[0m [31mERROR[0m codec_extension ThreadId(12) [2mzenoh_codec::common::extension[0m[2m:[0m Unknown Test ext: ZExtUnknown { Id: 13, Mandatory: true, Encoding: "ZBuf", Value: ZBuf { slices: [[0b, 70, 7f, f2, 9a, 12, f4, f8, bb, ef, e2, 7f, 9d, d4, 14, 7e, f1, 27, bc, b5, 44, 63, 77, 25, b8, 71, 58, 84, 30, 84]] } }
[2m2026-09-14T10:30:20.690555Z[0m [31mERROR[0m codec_extension ThreadId(12) [2mzenoh_codec::common::extension[0m[2m:[0m Unknown Test ext: ZExtUnknown { Id: 10, Mandatory: true, Encoding: "Z64", Value: 10639700556793472165 }
[2m2026-09-14T10:30:20.690610Z[0m [31mERROR[0m codec_extension ThreadId(12) [2mzenoh_codec::common::extension[0m[2m:[0m Unknown Test ext: ZExtUnknown { Id: 11, Mandatory: true, Encoding: "Z64", Value: 967170876119621128 }
[2m2026-09-14T10:30:20.690634Z[0m [31mERROR[0m codec_extension ThreadId(12) [2mzenoh_codec::common::extension[0m[2m:[0m Unknown Test ext: ZExtUnknown { Id: 13, Mandatory: true, Encoding: "Z64", Value: 13364650103381255224 }
[2m2026-09-14T10:30:20.690657Z[0m [31mERROR[0m codec_extension ThreadId(12) [2mzenoh_codec::common::extension[0m[2m:[0m Unknown Test ext: ZExtUnknown { Id: 1, Mandatory: true, Encoding: "ZBuf", Value: ZBuf { slices: [[cc, 6b, 82, 75, 86, 49, a2, 17, 11, d6, 65, bd, 60, 39, 49, b0, 7e, 4f, d8, 14, 20, b5, 56, 1e, 22, 93, 8c, e8, 04, e3, 59, bd, 55, cf, 20, 1b, c5, 9e, ec, 6b, b2, 17, 9d, c8, de, c4, e9, 4a, 4d, 0e, b4, c5, 3f, be, f5, d9, f4, ec, 4d, 88, d4, a0, 5a, c1]] } }
[2m2026-09-14T10:30:20.690684Z[0m [31mERROR[0m codec_extension ThreadId(12) [2mzenoh_codec::common::extension[0m[2m:[0m Unknown Test ext: ZExtUnknown { Id: 6, Mandatory: true, Encoding: "Z64", Value: 1923294646537337945 }
[2m2026-09-14T10:30:20.690706Z[0m [31mERROR[0m codec_extension ThreadId(12) [2mzenoh_codec::common::extension[0m[2m:[0m Unknown Test ext: ZExtUnknown { Id: 7, Mandatory: true, Encoding: "ZBuf", Value: ZBuf { slices: [[2d, 24, f5, ee, e2, 47, c8, a0, cd, ce, 9b, e5, 94, 04, e3, b2, 9b, ee, 41, c0, c9, 48]] } }
[2m2026-09-14T10:30:20.690747Z[0m [31mERROR[0m codec_extension ThreadId(12) [2mzenoh_codec::common::extension[0m[2m:[0m Unknown Test ext: ZExtUnknown { Id: 6, Mandatory: true, Encoding: "Z64", Value: 5135910642155258263 }
[2m2026-09-14T10:30:20.690769Z[0m [31mERROR[0m codec_extension ThreadId(12) [2mzenoh_codec::common::extension[0m[2m:[0m Unknown Test ext: ZExtUnknown { Id: 4, Mandatory: true, Encoding: "Z64", Value: 10799614366997345633 }
[2m2026-09-14T10:30:20.690775Z[0m [31mERROR[0m codec_extension ThreadId(12) [2mzenoh_codec::common::extension[0m[2m:[0m Unknown Test ext: ZExtUnknown { Id: 8, Mandatory: true, Encoding: "Z64", Value: 16366096134588342297 }
[2m2026-09-14T10:30:20.690813Z[0m [31mERROR[0m codec_extension ThreadId(12) [2mzenoh_codec::common::extension[0m[2m:[0m Unknown Test ext: ZExtUnknown { Id: 9, Mandatory: true, Encoding: "Unit" }
[2m2026-09-14T10:30:20.690853Z[0m [31mERROR[0m codec_extension ThreadId(12) [2mzenoh_codec::common::extension[0m[2m:[0m Unknown Test ext: ZExtUnknown { Id: 14, Mandatory: true, Encoding: "Z64", Value: 6857909371817192118 }
[2m2026-09-14T10:30:20.690924Z[0m [31mERROR[0m codec_extension ThreadId(12) [2mzenoh_codec::common::extension[0m[2m:[0m Unknown Test ext: ZExtUnknown { Id: 5, Mandatory: true, Encoding: "Unit" }
[2m2026-09-14T10:30:20.690979Z[0m [31mERROR[0m codec_extension ThreadId(12) [2mzenoh_codec::common::extension[0m[2m:[0m Unknown Test ext: ZExtUnknown { Id: 7, Mandatory: true, Encoding: "ZBuf", Value: ZBuf { slices: [[f0, 5d, 39, f8, 63, e6, 46, 60, 89, 3b, 7a, df, e5, c3, 5f, e0, 5c, c2, c3, 0d, 8b, e6, b4, c7, 54, 27, d7, 24, 43, d5, ed, c9, c4, 1e, 68, b1, f2, 86, 13, c0, fd, c3, 59, 69, 8d, a0, f0, 82, 7d, 3e, bf, bb, 81, fc, e8, c0, 16, 05, e7, 3b, e6]] } }
ok
test codec_fragment ... ok
test codec_fragment_header ... ok
test codec_frame ... ok
test codec_frame_header ... ok
test codec_hello ... ok
test codec_init_ack ... ok
test codec_init_syn ... ok
test codec_interest ... ok
test codec_join ... ok
test codec_keep_alive ... ok
test codec_locator ... ok
test codec_network ... ok
test codec_network_oam ... ok
test codec_open_ack ... ok
test codec_open_syn ... ok
test codec_push ... ok
test codec_put ... ok
test codec_query ... ok
test codec_reply ... ok
test codec_request ... ok
test codec_response ... ok
test codec_response_final ... ok
test codec_scout ... ok
test codec_scouting ... ok
test codec_string ... ok
test codec_string_bounded ... ok
test codec_timestamp ... ok
test codec_transport ... ok
test codec_transport_oam ... ok
test codec_undeclare_keyexpr ... ok
test codec_undeclare_queryable ... ok
test codec_undeclare_subscriber ... ok
test codec_undeclare_token ... ok
test codec_zbuf ... ok
test codec_zbuf_bounded ... ok
test codec_zid ... ok
test codec_zint ... ok
test codec_zint_bounded ... ok
test codec_zint_len ... ok
test codec_zslice ... ok
test codec_zslice_bounded ... ok
test zbuf_test ... ok

test result: ok. 53 passed; 0 failed; 0 ignored; 0 measured; 0 filtered out; finished in 1.36s

